index,predicted,target,abs_error
0,-13521.213867,-13498.684570,22.529297
1,-12564.836914,-12553.394531,11.442383
2,-10564.855469,-10565.196289,0.340820
3,-11524.913086,-11511.768555,13.144531
4,-10934.728516,-10936.218750,1.490234
5,-10597.852539,-10564.536133,33.316406
6,-11961.534180,-11978.977539,17.443359
7,-11394.952148,-11420.879883,25.927734
8,-10547.665039,-10533.431641,14.233398
9,-10011.878906,-9933.640625,78.238281
10,-10480.373047,-10469.112305,11.260742
11,-11511.244141,-11508.370117,2.874023
12,-13855.873047,-13937.166992,81.293945
13,-9590.274414,-9554.845703,35.428711
14,-10144.004883,-10003.875977,140.128906
15,-11356.812500,-11375.015625,18.203125
16,-10909.736328,-10905.177734,4.558594
17,-11918.080078,-11913.840820,4.239258
18,-11531.895508,-11543.761719,11.866211
19,-10830.259766,-10911.668945,81.409180
20,-11823.041016,-11811.770508,11.270508
21,-11820.314453,-11844.586914,24.272461
22,-12673.562500,-12757.309570,83.747070
23,-10569.853516,-10566.061523,3.791992
24,-10390.864258,-10340.071289,50.792969
25,-9572.647461,-9554.411133,18.236328
26,-12488.255859,-12488.501953,0.246094
27,-9537.681641,-9620.880859,83.199219
28,-10333.066406,-10329.749023,3.317383
29,-10975.545898,-10969.043945,6.501953
30,-10566.182617,-10566.407227,0.224609
31,-11880.583984,-11914.469727,33.885742
32,-12532.748047,-12553.772461,21.024414
33,-10870.502930,-10834.231445,36.271484
34,-11584.387695,-11575.876953,8.510742
35,-11541.713867,-11544.002930,2.289062
36,-10495.904297,-10499.958008,4.053711
37,-14157.748047,-14089.933594,67.814453
38,-12352.548828,-12354.044922,1.496094
39,-10931.056641,-10937.226562,6.169922
40,-12251.712891,-12246.777344,4.935547
41,-11300.509766,-11303.146484,2.636719
42,-11008.568359,-11001.580078,6.988281
43,-11389.030273,-11374.910156,14.120117
44,-11549.317383,-11542.752930,6.564453
45,-10985.702148,-10967.206055,18.496094
46,-10998.152344,-10968.337891,29.814453
47,-10530.462891,-10532.243164,1.780273
48,-12837.343750,-12823.902344,13.441406
49,-8829.025391,-8865.435547,36.410156
50,-10603.679688,-10598.396484,5.283203
51,-10019.021484,-9989.923828,29.097656
52,-12432.912109,-12415.283203,17.628906
53,-10991.773438,-10971.535156,20.238281
54,-11551.872070,-11543.732422,8.139648
55,-10867.039062,-10869.083984,2.044922
56,-9939.564453,-9934.561523,5.002930
57,-12825.384766,-12861.800781,36.416016
58,-10320.215820,-10339.115234,18.899414
59,-10381.658203,-10339.620117,42.038086
60,-10540.918945,-10531.671875,9.247070
61,-11347.263672,-11337.657227,9.606445
62,-11475.460938,-11512.333984,36.873047
63,-12924.604492,-12924.502930,0.101562
64,-10461.839844,-10466.745117,4.905273
65,-12475.800781,-12490.454102,14.653320
66,-11549.436523,-11542.567383,6.869141
67,-11901.846680,-11916.375000,14.528320
68,-11341.985352,-11374.641602,32.656250
69,-10929.965820,-10937.666992,7.701172
70,-11514.958008,-11510.581055,4.376953
71,-11926.287109,-11979.778320,53.491211
72,-12784.764648,-12790.191406,5.426758
73,-9538.929688,-9464.125000,74.804688
74,-10975.511719,-10971.105469,4.406250
75,-12422.221680,-12351.949219,70.272461
76,-10986.440430,-10911.768555,74.671875
77,-12458.914062,-12455.587891,3.326172
78,-11480.422852,-11477.454102,2.968750
79,-12932.794922,-12926.005859,6.789062
80,-12362.100586,-12431.525391,69.424805
81,-12693.592773,-12373.346680,320.246094
82,-11020.098633,-11001.740234,18.358398
83,-11549.021484,-11542.741211,6.280273
84,-11575.007812,-11576.146484,1.138672
85,-10500.620117,-10499.601562,1.018555
86,-8782.357422,-8858.500977,76.143555
87,-12338.896484,-12319.694336,19.202148
88,-11357.436523,-11374.217773,16.781250
89,-10403.221680,-10330.314453,72.907227
90,-10533.579102,-10531.974609,1.604492
91,-12508.072266,-12522.051758,13.979492
92,-12310.008789,-12352.669922,42.661133
93,-14194.683594,-14202.872070,8.188477
94,-10561.268555,-10565.432617,4.164062
95,-9943.440430,-9990.643555,47.203125
96,-9958.744141,-9957.859375,0.884766
97,-10572.581055,-10566.213867,6.367188
98,-11496.729492,-11477.249023,19.480469
99,-11936.566406,-11946.578125,10.011719
100,-11960.986328,-11945.985352,15.000977
101,-12716.721680,-12789.951172,73.229492
102,-10193.213867,-10272.914062,79.700195
103,-9766.318359,-9797.851562,31.533203
104,-11928.371094,-11948.402344,20.031250
105,-9374.552734,-9393.004883,18.452148
106,-11338.299805,-11341.975586,3.675781
107,-11857.444336,-11844.517578,12.926758
108,-6544.097168,-6413.638184,130.458984
109,-11940.057617,-11915.433594,24.624023
110,-10916.932617,-10902.692383,14.240234
111,-10639.878906,-10631.538086,8.340820
112,-11925.900391,-11914.928711,10.971680
113,-10956.371094,-10935.870117,20.500977
114,-11807.473633,-11915.978516,108.504883
115,-10974.349609,-10968.888672,5.460938
116,-11550.774414,-11542.441406,8.333008
117,-11948.708008,-11947.549805,1.158203
118,-12506.589844,-12521.248047,14.658203
119,-11459.655273,-11444.850586,14.804688
120,-10533.344727,-10533.569336,0.224609
121,-10516.620117,-10533.243164,16.623047
122,-12288.621094,-12352.593750,63.972656
123,-10969.332031,-10968.888672,0.443359
124,-10476.083008,-10464.478516,11.604492
125,-11959.953125,-11980.868164,20.915039
126,-12124.335938,-12111.850586,12.485352
127,-10529.467773,-10533.057617,3.589844
128,-10867.928711,-10870.758789,2.830078
129,-11342.971680,-11341.973633,0.998047
130,-12308.927734,-12250.300781,58.626953
131,-11000.375977,-11002.237305,1.861328
132,-11486.035156,-11479.807617,6.227539
133,-11494.444336,-11511.004883,16.560547
134,-11495.688477,-11511.188477,15.500000
135,-9518.441406,-9522.361328,3.919922
136,-11483.597656,-11476.503906,7.093750
137,-10855.742188,-10834.408203,21.333984
138,-11427.720703,-11407.258789,20.461914
139,-13187.644531,-13226.476562,38.832031
140,-11991.914062,-11946.218750,45.695312
141,-11540.142578,-11510.857422,29.285156
142,-10563.949219,-10566.059570,2.110352
143,-11851.613281,-11812.869141,38.744141
144,-12429.515625,-12386.082031,43.433594
145,-11407.494141,-11405.760742,1.733398
146,-9455.926758,-9437.475586,18.451172
147,-10969.702148,-10967.454102,2.248047
148,-11000.797852,-11001.651367,0.853516
149,-11387.408203,-11406.745117,19.336914
150,-11400.701172,-11407.640625,6.939453
151,-12339.841797,-12353.238281,13.396484
152,-10977.718750,-10969.220703,8.498047
153,-11928.071289,-11915.239258,12.832031
154,-10654.645508,-10273.270508,381.375000
155,-10916.413086,-10935.821289,19.408203
156,-12373.501953,-12353.587891,19.914062
157,-11936.992188,-11948.673828,11.681641
158,-11373.500977,-11373.148438,0.352539
159,-11910.752930,-11916.332031,5.579102
160,-11301.793945,-11283.283203,18.510742
161,-10597.595703,-10599.689453,2.093750
162,-10535.893555,-10534.330078,1.563477
163,-10579.426758,-10565.091797,14.334961
164,-11884.937500,-11914.689453,29.751953
165,-11490.860352,-11478.558594,12.301758
166,-10547.453125,-10532.727539,14.725586
167,-11530.897461,-11541.607422,10.709961
168,-11411.848633,-11408.954102,2.894531
169,-8901.730469,-8832.089844,69.640625
170,-10857.645508,-10866.784180,9.138672
171,-11595.134766,-11609.236328,14.101562
172,-11317.542969,-11342.840820,25.297852
173,-11800.389648,-11776.840820,23.548828
174,-10031.121094,-9900.498047,130.623047
175,-10551.775391,-10531.018555,20.756836
176,-10496.371094,-10501.610352,5.239258
177,-11924.925781,-11916.420898,8.504883
178,-11465.559570,-11476.269531,10.709961
179,-12465.420898,-12456.193359,9.227539
180,-10468.250977,-10499.897461,31.646484
181,-9547.218750,-9496.232422,50.986328
182,-11197.618164,-11316.409180,118.791016
183,-6355.178223,-6381.682617,26.504395
184,-12521.366211,-12521.106445,0.259766
185,-10533.625000,-10531.911133,1.713867
186,-9810.472656,-9868.079102,57.606445
187,-12345.075195,-12351.472656,6.397461
188,-11520.361328,-11511.301758,9.059570
189,-11931.942383,-11946.583984,14.641602
190,-10526.923828,-10441.358398,85.565430
191,-11372.131836,-11308.295898,63.835938
192,-12455.631836,-12454.038086,1.593750
193,-9991.420898,-9991.027344,0.393555
194,-11897.038086,-11848.615234,48.422852
195,-10841.810547,-10800.943359,40.867188
196,-10968.419922,-10969.740234,1.320312
197,-12707.080078,-12787.853516,80.773438
198,-10579.583984,-10566.928711,12.655273
199,-10953.255859,-10937.490234,15.765625
200,-10858.551758,-10838.405273,20.146484
201,-9857.754883,-9837.361328,20.393555
202,-8516.691406,-8519.438477,2.747070
203,-11895.358398,-11914.277344,18.918945
204,-9567.458984,-9588.096680,20.637695
205,-11540.425781,-11543.677734,3.251953
206,-10583.532227,-10566.449219,17.083008
207,-11530.275391,-11543.645508,13.370117
208,-10507.925781,-10499.347656,8.578125
209,-12561.729492,-12554.077148,7.652344
210,-11405.957031,-11406.921875,0.964844
211,-11466.915039,-11478.509766,11.594727
212,-9944.992188,-9960.317383,15.325195
213,-12331.315430,-12385.833008,54.517578
214,-9864.472656,-9899.817383,35.344727
215,-9460.871094,-9463.702148,2.831055
216,-12377.489258,-12354.606445,22.882812
217,-12878.726562,-12894.528320,15.801758
218,-11021.059570,-11002.842773,18.216797
219,-10439.631836,-10441.290039,1.658203
220,-10692.098633,-10880.791992,188.693359
221,-11518.269531,-11511.022461,7.247070
222,-12899.351562,-12924.450195,25.098633
223,-10438.483398,-10426.010742,12.472656
224,-9586.604492,-9552.243164,34.361328
225,-11467.066406,-11478.140625,11.074219
226,-11918.293945,-11913.915039,4.378906
227,-10493.544922,-10498.988281,5.443359
228,-11522.755859,-11510.583008,12.172852
229,-10971.470703,-10970.231445,1.239258
230,-11026.438477,-11034.735352,8.296875
231,-10950.717773,-10937.887695,12.830078
232,-9430.746094,-9522.030273,91.284180
233,-13451.829102,-13467.668945,15.839844
234,-11957.958984,-11947.890625,10.068359
235,-9427.408203,-9521.739258,94.331055
236,-10500.890625,-10429.400391,71.490234
237,-11566.195312,-11576.194336,9.999023
238,-10302.199219,-10408.854492,106.655273
239,-11345.769531,-11373.472656,27.703125
240,-10252.886719,-10304.251953,51.365234
241,-11925.076172,-11948.479492,23.403320
242,-10573.903320,-10566.514648,7.388672
243,-9789.131836,-9866.088867,76.957031
244,-10562.205078,-10565.408203,3.203125
245,-11301.162109,-11340.927734,39.765625
246,-10486.414062,-10501.295898,14.881836
247,-9157.721680,-8485.269531,672.452148
248,-11250.306641,-11375.903320,125.596680
249,-11420.236328,-11373.913086,46.323242
250,-12404.817383,-12425.038086,20.220703
251,-11481.310547,-11477.542969,3.767578
252,-12902.546875,-12927.091797,24.544922
253,-10393.865234,-10395.939453,2.074219
254,-11494.476562,-11479.095703,15.380859
255,-8794.107422,-8924.677734,130.570312
256,-9988.969727,-9958.392578,30.577148
257,-9561.335938,-9555.601562,5.734375
258,-11925.035156,-11916.341797,8.693359
259,-10521.596680,-10531.988281,10.391602
260,-9422.295898,-8452.689453,969.606445
261,-11906.042969,-11945.949219,39.906250
262,-10945.674805,-10935.984375,9.690430
263,-13280.800781,-13330.035156,49.234375
264,-10967.327148,-10970.596680,3.269531
265,-10510.429688,-10407.875977,102.553711
266,-10505.655273,-10498.956055,6.699219
267,-11492.025391,-11477.142578,14.882812
268,-11916.730469,-11884.930664,31.799805
269,-11482.914062,-11476.231445,6.682617
270,-11453.210938,-11445.089844,8.121094
271,-11000.304688,-11001.897461,1.592773
272,-10944.282227,-10937.544922,6.737305
273,-13348.242188,-13363.359375,15.117188
274,-10470.363281,-10465.111328,5.251953
275,-8620.939453,-8551.990234,68.949219
276,-12325.909180,-12321.399414,4.509766
277,-10569.211914,-10566.445312,2.766602
278,-10992.929688,-10970.824219,22.105469
279,-10888.883789,-10945.304688,56.420898
280,-10493.722656,-10497.916016,4.193359
281,-13582.948242,-13905.029297,322.081055
282,-12953.354492,-12924.894531,28.459961
283,-12501.123047,-12521.003906,19.880859
284,-8812.680664,-8798.003906,14.676758
285,-10310.021484,-10306.114258,3.907227
286,-12285.412109,-12283.141602,2.270508
287,-8569.569336,-8259.398438,310.170898
288,-11955.408203,-11947.580078,7.828125
289,-11554.195312,-11543.821289,10.374023
290,-10349.254883,-10328.772461,20.482422
291,-11677.515625,-11675.176758,2.338867
292,-9410.666992,-9463.276367,52.609375
293,-10980.644531,-11001.612305,20.967773
294,-9429.485352,-9521.494141,92.008789
295,-11523.257812,-11511.387695,11.870117
296,-8807.952148,-9554.298828,746.346680
297,-11609.344727,-11576.951172,32.393555
298,-11928.822266,-11948.176758,19.354492
299,-12403.199219,-12385.495117,17.704102
300,-11525.862305,-11510.320312,15.541992
301,-11575.473633,-11576.220703,0.747070
302,-11392.566406,-11406.876953,14.310547
303,-10589.768555,-10565.299805,24.468750
304,-12010.544922,-11981.275391,29.269531
305,-12530.803711,-12553.662109,22.858398
306,-10940.726562,-10936.375977,4.350586
307,-10513.850586,-10498.850586,15.000000
308,-11514.558594,-11511.674805,2.883789
309,-9573.984375,-9554.922852,19.061523
310,-10825.332031,-10834.426758,9.094727
311,-11968.176758,-11948.156250,20.020508
312,-11467.327148,-11477.575195,10.248047
313,-11939.617188,-11948.941406,9.324219
314,-10504.841797,-10498.708008,6.133789
315,-12392.776367,-12386.484375,6.291992
316,-11543.172852,-11543.395508,0.222656
317,-12704.624023,-12757.315430,52.691406
318,-13088.007812,-13122.995117,34.987305
319,-9852.875977,-9901.152344,48.276367
320,-9853.332031,-9899.161133,45.829102
321,-12436.958984,-12386.866211,50.092773
322,-11911.396484,-11946.568359,35.171875
323,-11805.373047,-11779.550781,25.822266
324,-11802.349609,-11812.072266,9.722656
325,-12440.572266,-12415.602539,24.969727
326,-10563.321289,-10565.130859,1.809570
327,-11975.095703,-11980.053711,4.958008
328,-10972.628906,-10968.589844,4.039062
329,-9938.799805,-9900.097656,38.702148
330,-10433.714844,-10426.318359,7.396484
331,-10952.527344,-10936.499023,16.028320
332,-9207.537109,-8888.487305,319.049805
333,-10972.464844,-10970.094727,2.370117
334,-11878.662109,-11812.013672,66.648438
335,-11549.926758,-11576.324219,26.397461
336,-10557.368164,-10532.875000,24.493164
337,-10947.777344,-10969.038086,21.260742
338,-12954.808594,-12957.711914,2.903320
339,-9778.327148,-9836.131836,57.804688
340,-12482.906250,-12486.986328,4.080078
341,-10544.142578,-10533.437500,10.705078
342,-12172.269531,-12285.872070,113.602539
343,-8891.239258,-8891.828125,0.588867
344,-10954.407227,-10938.022461,16.384766
345,-11905.423828,-11948.373047,42.949219
346,-11860.429688,-11843.418945,17.010742
347,-10377.965820,-10363.073242,14.892578
348,-11353.393555,-11303.894531,49.499023
349,-12382.363281,-12385.622070,3.258789
350,-10290.955078,-10337.533203,46.578125
351,-11514.252930,-11510.134766,4.118164
352,-11824.676758,-11844.141602,19.464844
353,-10894.902344,-10878.721680,16.180664
354,-11857.573242,-11884.611328,27.038086
355,-9978.845703,-9958.732422,20.113281
356,-9633.720703,-9589.267578,44.453125
357,-11945.357422,-11980.787109,35.429688
358,-9884.766602,-9900.881836,16.115234
359,-11500.526367,-11509.678711,9.152344
360,-11011.412109,-11002.281250,9.130859
361,-9943.207031,-9958.738281,15.531250
362,-11882.259766,-11844.211914,38.047852
363,-11938.474609,-11948.875977,10.401367
364,-11877.867188,-11813.000000,64.867188
365,-11011.831055,-11003.915039,7.916016
366,-11513.605469,-11509.713867,3.891602
367,-11866.367188,-11881.531250,15.164062
368,-12508.068359,-12554.611328,46.542969
369,-8473.251953,-8551.812500,78.560547
370,-12379.023438,-12353.338867,25.684570
371,-9558.834961,-9529.467773,29.367188
372,-10473.940430,-10507.832031,33.891602
373,-10027.033203,-9899.425781,127.607422
374,-11533.846680,-11542.270508,8.423828
375,-10952.457031,-10970.139648,17.682617
376,-10927.167969,-10937.270508,10.102539
377,-11582.079102,-11575.712891,6.366211
378,-12021.946289,-12014.625977,7.320312
379,-9537.916016,-9521.320312,16.595703
380,-11317.910156,-11342.052734,24.142578
381,-11321.348633,-11341.646484,20.297852
382,-12521.289062,-12522.758789,1.469727
383,-11962.252930,-11949.000000,13.252930
384,-10412.036133,-10393.131836,18.904297
385,-13719.186523,-13905.529297,186.342773
386,-9553.689453,-9554.618164,0.928711
387,-12909.862305,-12893.791992,16.070312
388,-11959.173828,-11947.460938,11.712891
389,-11442.961914,-11439.832031,3.129883
390,-12913.798828,-12926.743164,12.944336
391,-10543.711914,-10533.506836,10.205078
392,-12243.697266,-12249.118164,5.420898
393,-10892.902344,-10905.270508,12.368164
394,-11994.737305,-12156.314453,161.577148
395,-10552.376953,-10507.024414,45.352539
396,-10898.752930,-10904.828125,6.075195
397,-9982.052734,-9958.418945,23.633789
398,-12375.320312,-12353.389648,21.930664
399,-10565.175781,-10565.212891,0.037109
400,-12930.240234,-12894.116211,36.124023
401,-10962.902344,-10968.677734,5.775391
402,-11967.553711,-11979.612305,12.058594
403,-12547.448242,-12553.404297,5.956055
404,-11978.373047,-11981.179688,2.806641
405,-9960.352539,-9925.521484,34.831055
406,-9960.907227,-9956.794922,4.112305
407,-9940.407227,-9957.438477,17.031250
408,-10956.490234,-10938.566406,17.923828
409,-11530.560547,-11511.636719,18.923828
410,-12499.944336,-12554.804688,54.860352
411,-13038.855469,-13007.827148,31.028320
412,-10887.079102,-10901.385742,14.306641
413,-10975.098633,-10969.004883,6.093750
414,-10851.589844,-10872.269531,20.679688
415,-12021.159180,-11947.281250,73.877930
416,-9942.310547,-9811.785156,130.525391
417,-10840.106445,-10865.519531,25.413086
418,-10974.074219,-10967.965820,6.108398
419,-10527.183594,-10498.638672,28.544922
420,-11412.728516,-11403.731445,8.997070
421,-10266.741211,-10233.808594,32.932617
422,-12342.034180,-12385.437500,43.403320
423,-11330.930664,-11340.177734,9.247070
424,-10490.041016,-10499.203125,9.162109
425,-12835.810547,-12927.125977,91.315430
426,-13168.112305,-13228.088867,59.976562
427,-10928.448242,-10937.374023,8.925781
428,-12501.628906,-12487.666992,13.961914
429,-11364.789062,-11406.515625,41.726562
430,-11492.841797,-11511.041016,18.199219
431,-10936.663086,-10936.421875,0.241211
432,-10897.481445,-10905.961914,8.480469
433,-11016.447266,-11002.399414,14.047852
434,-11520.775391,-11510.977539,9.797852
435,-9904.905273,-9932.246094,27.340820
436,-11896.636719,-11947.133789,50.497070
437,-11507.321289,-11543.380859,36.059570
438,-15646.187500,-15930.724609,284.537109
439,-10452.332031,-10363.933594,88.398438
440,-12935.808594,-12923.398438,12.410156
441,-11384.935547,-11371.608398,13.327148
442,-9873.521484,-9931.501953,57.980469
443,-11494.625000,-11510.325195,15.700195
444,-10844.398438,-10833.143555,11.254883
445,-13256.309570,-13332.208008,75.898438
446,-11357.784180,-11373.690430,15.906250
447,-9310.644531,-9268.807617,41.836914
448,-10484.686523,-10499.641602,14.955078
449,-9935.287109,-9960.943359,25.656250
450,-11920.344727,-11914.126953,6.217773
451,-11841.633789,-11811.609375,30.024414
452,-11506.270508,-11510.260742,3.990234
453,-11513.545898,-11512.141602,1.404297
454,-10444.839844,-10442.702148,2.137695
455,-11838.335938,-11813.614258,24.721680
456,-9527.509766,-9492.637695,34.872070
457,-10980.294922,-10970.096680,10.198242
458,-10516.454102,-10506.791992,9.662109
459,-11518.979492,-11509.474609,9.504883
460,-9899.894531,-9925.022461,25.127930
461,-11762.136719,-11777.748047,15.611328
462,-9554.087891,-9554.907227,0.819336
463,-9933.807617,-9868.125000,65.682617
464,-10541.971680,-10531.848633,10.123047
465,-11952.708008,-11945.510742,7.197266
466,-11834.728516,-11845.142578,10.414062
467,-11932.954102,-11948.614258,15.660156
468,-9391.284180,-9358.317383,32.966797
469,-11289.094727,-11311.598633,22.503906
470,-11881.103516,-11882.555664,1.452148
471,-12708.958008,-12788.775391,79.817383
472,-10935.167969,-10938.045898,2.877930
473,-11994.753906,-12012.601562,17.847656
474,-9450.501953,-9399.690430,50.811523
475,-11939.651367,-11948.084961,8.433594
476,-13036.244141,-13007.868164,28.375977
477,-11705.355469,-11718.796875,13.441406
478,-11844.256836,-11843.401367,0.855469
479,-11956.097656,-11981.406250,25.308594
480,-9413.252930,-9488.181641,74.928711
481,-10472.089844,-10466.417969,5.671875
482,-10525.359375,-10531.215820,5.856445
483,-10985.202148,-10970.628906,14.573242
484,-12384.300781,-12351.925781,32.375000
485,-11533.681641,-11543.141602,9.459961
486,-10494.136719,-10498.814453,4.677734
487,-11454.757812,-11404.826172,49.931641
488,-10421.128906,-10427.248047,6.119141
489,-11520.359375,-11510.354492,10.004883
490,-11436.110352,-11406.655273,29.455078
491,-11861.842773,-11880.005859,18.163086
492,-11020.099609,-11001.923828,18.175781
493,-12333.429688,-12450.703125,117.273438
494,-12513.187500,-12521.280273,8.092773
495,-11961.135742,-11915.139648,45.996094
496,-11976.604492,-11979.129883,2.525391
497,-10562.712891,-10533.269531,29.443359
498,-9773.806641,-9924.355469,150.548828
499,-10985.246094,-10968.504883,16.741211
500,-10496.351562,-10499.622070,3.270508
501,-8821.526367,-8801.067383,20.458984
502,-9005.114258,-8921.100586,84.013672
503,-11004.540039,-10971.175781,33.364258
504,-10146.847656,-10272.185547,125.337891
505,-11470.887695,-11476.225586,5.337891
506,-11486.656250,-11478.658203,7.998047
507,-10905.645508,-10934.016602,28.371094
508,-12927.080078,-12925.981445,1.098633
509,-9860.173828,-9932.818359,72.644531
510,-10943.393555,-10938.574219,4.819336
511,-11508.900391,-11510.656250,1.755859
512,-12787.587891,-12822.050781,34.462891
513,-10924.382812,-10937.945312,13.562500
514,-9930.846680,-9959.411133,28.564453
515,-12572.982422,-12555.344727,17.637695
516,-11415.968750,-11408.152344,7.816406
517,-9927.459961,-9932.546875,5.086914
518,-9540.585938,-9496.049805,44.536133
519,-11356.713867,-11372.738281,16.024414
520,-12415.716797,-12488.493164,72.776367
521,-12464.016602,-12456.610352,7.406250
522,-11323.899414,-11338.798828,14.899414
523,-10924.007812,-10937.444336,13.436523
524,-12446.702148,-11857.872070,588.830078
525,-10942.722656,-10905.308594,37.414062
526,-11492.553711,-11510.508789,17.955078
527,-11950.006836,-11948.898438,1.108398
528,-11408.772461,-11478.458984,69.686523
529,-10524.482422,-10533.769531,9.287109
530,-10543.186523,-10532.219727,10.966797
531,-11453.207031,-11478.696289,25.489258
532,-11499.087891,-11478.064453,21.023438
533,-9382.445312,-9430.081055,47.635742
534,-10310.654297,-10305.170898,5.483398
535,-10969.142578,-10970.476562,1.333984
536,-11408.769531,-11406.974609,1.794922
537,-11908.188477,-11811.155273,97.033203
538,-11579.027344,-11576.529297,2.498047
539,-12402.093750,-12385.457031,16.636719
540,-15425.278320,-15494.766602,69.488281
541,-11653.515625,-11890.765625,237.250000
542,-10927.399414,-10937.767578,10.368164
543,-12822.459961,-12789.845703,32.614258
544,-11784.461914,-11776.574219,7.887695
545,-11359.566406,-11373.199219,13.632812
546,-11518.444336,-11508.694336,9.750000
547,-9962.831055,-9764.291992,198.539062
548,-9925.638672,-9926.296875,0.658203
549,-11936.878906,-11947.734375,10.855469
550,-12499.208984,-12488.838867,10.370117
551,-10961.666992,-10967.678711,6.011719
552,-12958.351562,-12959.859375,1.507812
553,-11535.429688,-11544.371094,8.941406
554,-11456.061523,-11476.867188,20.805664
555,-10494.699219,-10500.836914,6.137695
556,-10799.229492,-10809.052734,9.823242
557,-10498.904297,-10499.857422,0.953125
558,-11515.093750,-11509.145508,5.948242
559,-11418.078125,-11407.963867,10.114258
560,-8451.651367,-8428.347656,23.303711
561,-11956.690430,-11946.854492,9.835938
562,-10429.888672,-10430.757812,0.869141
563,-9845.487305,-9924.402344,78.915039
564,-10967.972656,-10938.647461,29.325195
565,-11797.886719,-11810.879883,12.993164
566,-11517.308594,-11512.867188,4.441406
567,-11276.541992,-11343.040039,66.498047
568,-11751.345703,-11811.361328,60.015625
569,-11860.809570,-11810.788086,50.021484
570,-10437.208008,-10442.050781,4.842773
571,-11960.544922,-11948.041016,12.503906
572,-10365.413086,-10462.424805,97.011719
573,-11955.758789,-11947.917969,7.840820
574,-10867.877930,-10970.747070,102.869141
575,-11577.255859,-11543.453125,33.802734
576,-11501.971680,-11509.801758,7.830078
577,-10924.708984,-10970.649414,45.940430
578,-11920.324219,-11946.120117,25.795898
579,-11963.569336,-11980.123047,16.553711
580,-12753.236328,-12860.288086,107.051758
581,-11947.916992,-11947.137695,0.779297
582,-11415.830078,-11374.681641,41.148438
583,-11882.913086,-11876.485352,6.427734
584,-11913.576172,-11947.030273,33.454102
585,-9538.603516,-9497.461914,41.141602
586,-9240.646484,-9523.314453,282.667969
587,-9937.931641,-9926.965820,10.965820
588,-8425.050781,-8428.019531,2.968750
589,-11575.656250,-11577.054688,1.398438
590,-12826.795898,-12821.078125,5.717773
591,-6314.429199,-6322.972168,8.542969
592,-11546.549805,-11543.547852,3.001953
593,-11931.050781,-11948.591797,17.541016
594,-10534.854492,-10532.998047,1.856445
595,-11516.166992,-11512.228516,3.938477
596,-11897.725586,-11914.195312,16.469727
597,-12699.546875,-12756.151367,56.604492
598,-10872.523438,-10913.313477,40.790039
599,-10994.151367,-11001.587891,7.436523
600,-8998.441406,-8201.402344,797.039062
601,-10976.598633,-10969.226562,7.372070
602,-12937.669922,-12927.022461,10.647461
603,-10909.127930,-10904.622070,4.505859
604,-11535.091797,-11512.452148,22.639648
605,-11923.881836,-11915.759766,8.122070
606,-12899.618164,-12891.358398,8.259766
607,-12360.357422,-12354.109375,6.248047
608,-10545.700195,-10534.184570,11.515625
609,-11810.725586,-11777.203125,33.522461
610,-10552.687500,-10565.539062,12.851562
611,-7904.486816,-7762.208008,142.278809
612,-10410.718750,-10362.531250,48.187500
613,-12281.715820,-12320.797852,39.082031
614,-10305.393555,-10409.248047,103.854492
615,-9404.008789,-9303.206055,100.802734
616,-10902.047852,-10904.315430,2.267578
617,-9411.804688,-9461.547852,49.743164
618,-10803.487305,-10833.701172,30.213867
619,-11944.006836,-11947.344727,3.337891
620,-11945.818359,-11948.057617,2.239258
621,-11376.101562,-11373.691406,2.410156
622,-11912.886719,-11947.801758,34.915039
623,-12809.725586,-12788.855469,20.870117
624,-9420.694336,-9463.814453,43.120117
625,-12477.496094,-12488.934570,11.438477
626,-11368.011719,-11375.660156,7.648438
627,-10983.980469,-10938.835938,45.144531
628,-10814.329102,-10833.012695,18.683594
629,-9703.307617,-9990.623047,287.315430
630,-12465.851562,-12456.758789,9.092773
631,-11997.675781,-11948.753906,48.921875
632,-11401.349609,-11373.351562,27.998047
633,-12001.002930,-11980.041016,20.961914
634,-10936.509766,-10970.344727,33.834961
635,-11538.164062,-11542.831055,4.666992
636,-10540.129883,-10530.978516,9.151367
637,-11510.337891,-11510.436523,0.098633
638,-12865.468750,-12893.290039,27.821289
639,-12702.017578,-12791.440430,89.422852
640,-10503.585938,-10500.633789,2.952148
641,-9145.896484,-8584.876953,561.019531
642,-10366.926758,-10361.540039,5.386719
643,-7852.171387,-7566.379395,285.791992
644,-10955.754883,-10935.073242,20.681641
645,-11458.988281,-11444.916016,14.072266
646,-11002.029297,-11003.083984,1.054688
647,-11406.304688,-11407.017578,0.712891
648,-11503.423828,-11510.929688,7.505859
649,-9907.392578,-9902.072266,5.320312
650,-11858.489258,-11809.925781,48.563477
651,-11393.342773,-11373.197266,20.145508
652,-10917.184570,-10879.431641,37.752930
653,-11987.320312,-11945.975586,41.344727
654,-11426.207031,-11444.761719,18.554688
655,-10035.703125,-9933.475586,102.227539
656,-10650.956055,-10775.513672,124.557617
657,-11920.491211,-11946.858398,26.367188
658,-11433.138672,-11407.414062,25.724609
659,-8026.518555,-7763.420410,263.098145
660,-11000.402344,-11001.852539,1.450195
661,-12504.552734,-12520.776367,16.223633
662,-10247.785156,-9766.366211,481.418945
663,-10954.826172,-10971.281250,16.455078
664,-10976.541016,-10967.459961,9.081055
665,-12442.564453,-12383.799805,58.764648
666,-10454.501953,-10469.331055,14.829102
667,-11390.570312,-11373.417969,17.152344
668,-9984.621094,-9992.689453,8.068359
669,-11258.360352,-11206.767578,51.592773
670,-11484.854492,-11479.462891,5.391602
671,-11498.587891,-11509.121094,10.533203
672,-12012.208984,-12011.967773,0.241211
673,-11565.845703,-11543.954102,21.891602
674,-10021.219727,-9990.678711,30.541016
675,-12225.369141,-12249.831055,24.461914
676,-10571.866211,-10566.033203,5.833008
677,-9565.288086,-9521.677734,43.610352
678,-11909.138672,-11915.233398,6.094727
679,-11802.582031,-11844.472656,41.890625
680,-11392.216797,-11375.391602,16.825195
681,-10474.043945,-10464.765625,9.278320
682,-11333.118164,-11342.777344,9.659180
683,-11951.492188,-11948.484375,3.007812
684,-11568.493164,-11577.000977,8.507812
685,-12819.342773,-12791.077148,28.265625
686,-13178.361328,-13191.540039,13.178711
687,-11523.342773,-11543.026367,19.683594
688,-11522.844727,-11511.630859,11.213867
689,-9890.177734,-9895.438477,5.260742
690,-12491.936523,-12489.057617,2.878906
691,-10951.504883,-10935.954102,15.550781
692,-11521.763672,-11510.681641,11.082031
693,-11895.827148,-11913.883789,18.056641
694,-10962.988281,-10938.697266,24.291016
695,-10939.019531,-10935.579102,3.440430
696,-9941.316406,-9965.822266,24.505859
697,-12837.501953,-12892.448242,54.946289
698,-9943.691406,-9899.731445,43.959961
699,-11520.246094,-11509.839844,10.406250
700,-9514.689453,-9496.002930,18.686523
701,-12509.122070,-12521.144531,12.022461
702,-8248.827148,-7659.539062,589.288086
703,-12505.546875,-12489.550781,15.996094
704,-11952.512695,-11947.740234,4.772461
705,-10937.604492,-10935.983398,1.621094
706,-11514.805664,-11511.839844,2.965820
707,-10361.287109,-10337.875977,23.411133
708,-12546.008789,-12554.242188,8.233398
709,-9519.782227,-9496.262695,23.519531
710,-11562.180664,-11575.633789,13.453125
711,-7378.367188,-7359.023926,19.343262
712,-10578.149414,-10565.446289,12.703125
713,-11340.105469,-11374.459961,34.354492
714,-11550.756836,-11543.630859,7.125977
715,-9524.157227,-9522.009766,2.147461
716,-10585.875977,-10566.085938,19.790039
717,-9944.280273,-9901.942383,42.337891
718,-10867.533203,-10776.077148,91.456055
719,-12458.668945,-12489.591797,30.922852
720,-11355.839844,-11375.084961,19.245117
721,-11376.006836,-11374.804688,1.202148
722,-10972.486328,-10968.534180,3.952148
723,-11497.345703,-11509.550781,12.205078
724,-12480.009766,-12488.830078,8.820312
725,-11473.772461,-11477.717773,3.945312
726,-11383.912109,-11406.316406,22.404297
727,-11435.612305,-11452.275391,16.663086
728,-11379.117188,-11375.099609,4.017578
729,-11083.947266,-11237.453125,153.505859
730,-8403.954102,-8427.591797,23.637695
731,-11505.297852,-11509.553711,4.255859
732,-10975.366211,-10968.601562,6.764648
733,-11702.166016,-11745.933594,43.767578
734,-11282.393555,-11237.213867,45.179688
735,-10539.750977,-10532.944336,6.806641
736,-10935.149414,-10904.065430,31.083984
737,-8459.004883,-8460.489258,1.484375
738,-12729.026367,-12788.594727,59.568359
739,-9571.167969,-9437.826172,133.341797
740,-10514.454102,-10499.370117,15.083984
741,-8411.380859,-8426.961914,15.581055
742,-10408.372070,-10394.412109,13.959961
743,-12492.358398,-12487.714844,4.643555
744,-11454.512695,-11478.546875,24.034180
745,-10486.587891,-10499.777344,13.189453
746,-11563.139648,-11542.505859,20.633789
747,-12477.320312,-12455.501953,21.818359
748,-9943.995117,-9923.334961,20.660156
749,-11539.019531,-11542.721680,3.702148
750,-11542.056641,-11543.069336,1.012695
751,-12937.077148,-12925.539062,11.538086
752,-11934.746094,-11947.725586,12.979492
753,-9313.490234,-9326.698242,13.208008
754,-11366.940430,-11374.048828,7.108398
755,-12295.418945,-12286.147461,9.271484
756,-11955.397461,-11948.628906,6.768555
757,-11412.365234,-11374.810547,37.554688
758,-10860.682617,-10866.760742,6.078125
759,-13001.718750,-12959.628906,42.089844
760,-11805.383789,-11812.757812,7.374023
761,-12912.331055,-12926.000977,13.669922
762,-12528.196289,-12520.592773,7.603516
763,-8289.668945,-8395.823242,106.154297
764,-10509.576172,-10500.444336,9.131836
765,-11928.247070,-11949.562500,21.315430
766,-12368.334961,-12385.957031,17.622070
767,-11468.786133,-11508.356445,39.570312
768,-11556.346680,-11543.790039,12.556641
769,-11414.557617,-11375.314453,39.243164
770,-10975.020508,-10936.697266,38.323242
771,-10522.294922,-10531.617188,9.322266
772,-11370.313477,-11406.755859,36.442383
773,-10862.737305,-10904.060547,41.323242
774,-11482.097656,-11477.654297,4.443359
775,-10964.061523,-10969.492188,5.430664
776,-10943.348633,-10971.346680,27.998047
777,-11463.725586,-11443.836914,19.888672
778,-10940.234375,-10970.310547,30.076172
779,-11892.458008,-11948.971680,56.513672
780,-12458.052734,-12455.283203,2.769531
781,-10591.553711,-10598.513672,6.959961
782,-11279.833008,-11238.940430,40.892578
783,-10431.850586,-10393.088867,38.761719
784,-11514.460938,-11510.226562,4.234375
785,-10629.903320,-10506.788086,123.115234
786,-10796.309570,-10835.456055,39.146484
787,-12252.666992,-12247.723633,4.943359
788,-11021.048828,-11002.406250,18.642578
789,-12934.807617,-12958.740234,23.932617
790,-12036.258789,-12012.397461,23.861328
791,-9027.015625,-8922.295898,104.719727
792,-11415.914062,-11406.916992,8.997070
793,-10954.000977,-10968.123047,14.122070
794,-11547.513672,-11542.796875,4.716797
795,-12814.953125,-12790.190430,24.762695
796,-10376.453125,-10442.561523,66.108398
797,-10874.694336,-10899.000977,24.306641
798,-10566.846680,-10566.115234,0.731445
799,-11521.340820,-11510.844727,10.496094
800,-10031.617188,-9990.708008,40.909180
801,-11869.658203,-11810.813477,58.844727
802,-11447.415039,-11445.234375,2.180664
803,-12196.523438,-12248.637695,52.114258
804,-11480.352539,-11478.172852,2.179688
805,-11493.354492,-11512.101562,18.747070
806,-11473.224609,-11478.649414,5.424805
807,-11880.986328,-11850.301758,30.684570
808,-10060.618164,-9293.840820,766.777344
809,-11510.478516,-11479.714844,30.763672
810,-11935.166016,-11947.349609,12.183594
811,-10995.962891,-11002.591797,6.628906
812,-9764.628906,-8923.171875,841.457031
813,-11950.818359,-11948.464844,2.353516
814,-11459.273438,-11406.594727,52.678711
815,-9959.654297,-9923.778320,35.875977
816,-11645.834961,-11674.757812,28.922852
817,-12489.128906,-12488.177734,0.951172
818,-9203.996094,-9328.300781,124.304688
819,-10798.425781,-10879.417969,80.992188
820,-12304.223633,-12353.770508,49.546875
821,-11923.543945,-11914.766602,8.777344
822,-10951.414062,-10936.007812,15.406250
823,-11487.019531,-11476.059570,10.959961
824,-10961.063477,-10969.574219,8.510742
825,-11385.818359,-11407.247070,21.428711
826,-10909.165039,-10905.046875,4.118164
827,-10499.027344,-10499.732422,0.705078
828,-10491.566406,-10501.414062,9.847656
829,-12912.953125,-12893.440430,19.512695
830,-11508.964844,-11510.540039,1.575195
831,-10603.734375,-10598.208984,5.525391
832,-10976.245117,-10969.364258,6.880859
833,-12287.343750,-12319.499023,32.155273
834,-12503.571289,-12521.818359,18.247070
835,-10888.148438,-10969.457031,81.308594
836,-11435.041992,-11375.876953,59.165039
837,-11403.045898,-11419.094727,16.048828
838,-13288.781250,-13330.207031,41.425781
839,-11530.288086,-11543.585938,13.297852
840,-12325.951172,-12319.790039,6.161133
841,-11511.928711,-11479.066406,32.862305
842,-11361.590820,-11342.979492,18.611328
843,-12394.295898,-12385.100586,9.195312
844,-10957.586914,-10938.275391,19.311523
845,-13417.750000,-13433.984375,16.234375
846,-12533.100586,-12521.851562,11.249023
847,-11939.948242,-11948.672852,8.724609
848,-11363.085938,-11341.141602,21.944336
849,-10007.449219,-9990.006836,17.442383
850,-10993.782227,-10968.252930,25.529297
851,-10924.704102,-10901.868164,22.835938
852,-9541.434570,-9496.960938,44.473633
853,-9909.400391,-9901.004883,8.395508
854,-10446.089844,-10467.169922,21.080078
855,-11007.850586,-11001.806641,6.043945
856,-9567.227539,-9554.539062,12.688477
857,-11925.561523,-11916.139648,9.421875
858,-9518.850586,-9487.931641,30.918945
859,-11865.889648,-11914.826172,48.936523
860,-10998.148438,-11004.592773,6.444336
861,-10427.426758,-10473.759766,46.333008
862,-11925.170898,-11916.872070,8.298828
863,-11468.421875,-11478.882812,10.460938
864,-10741.982422,-10800.390625,58.408203
865,-12624.665039,-12570.751953,53.913086
866,-9880.732422,-9927.512695,46.780273
867,-8423.621094,-8427.803711,4.182617
868,-9589.324219,-9554.485352,34.838867
869,-10907.235352,-10905.211914,2.023438
870,-10344.732422,-10460.486328,115.753906
871,-10351.057617,-10393.259766,42.202148
872,-11003.558594,-11002.287109,1.271484
873,-10974.566406,-10968.481445,6.084961
874,-12869.536133,-12895.031250,25.495117
875,-10775.635742,-10865.787109,90.151367
876,-10394.711914,-10394.170898,0.541016
877,-12527.395508,-12519.885742,7.509766
878,-11503.790039,-11509.809570,6.019531
879,-12485.916016,-12487.885742,1.969727
880,-12481.353516,-12486.697266,5.343750
881,-11456.293945,-11406.698242,49.595703
882,-10506.372070,-10499.581055,6.791016
883,-12494.042969,-12488.382812,5.660156
884,-10796.618164,-10912.168945,115.550781
885,-14661.778320,-14639.417969,22.360352
886,-10530.444336,-10532.649414,2.205078
887,-11562.429688,-11543.854492,18.575195
888,-7718.794922,-8485.719727,766.924805
889,-13495.699219,-13466.482422,29.216797
890,-11896.598633,-11914.438477,17.839844
891,-12376.817383,-12352.465820,24.351562
892,-11296.776367,-11270.760742,26.015625
893,-12520.706055,-12520.631836,0.074219
894,-11580.566406,-11575.686523,4.879883
895,-11966.649414,-11949.021484,17.627930
896,-11458.755859,-11477.104492,18.348633
897,-11417.427734,-11544.599609,127.171875
898,-11528.425781,-11511.122070,17.303711
899,-10973.857422,-10967.181641,6.675781
900,-9458.233398,-9489.197266,30.963867
901,-11534.039062,-11543.368164,9.329102
902,-11955.136719,-11915.245117,39.891602
903,-10566.133789,-10565.163086,0.970703
904,-13525.257812,-13532.427734,7.169922
905,-10505.391602,-10473.702148,31.689453
906,-11949.850586,-11948.214844,1.635742
907,-13451.708984,-13434.662109,17.046875
908,-10987.228516,-10970.508789,16.719727
909,-11543.703125,-11510.930664,32.772461
910,-10877.496094,-10776.912109,100.583984
911,-10605.270508,-10833.277344,228.006836
912,-10542.305664,-10532.825195,9.480469
913,-10543.736328,-10531.958984,11.777344
914,-9411.149414,-9463.504883,52.355469
915,-12572.836914,-12554.196289,18.640625
916,-9576.199219,-9555.725586,20.473633
917,-12296.576172,-12281.531250,15.044922
918,-12545.843750,-12553.749023,7.905273
919,-12378.700195,-12385.958984,7.258789
920,-11516.649414,-11511.024414,5.625000
921,-10543.077148,-10531.785156,11.291992
922,-7034.812988,-5625.188477,1409.624512
923,-12970.188477,-12959.790039,10.398438
924,-12397.692383,-12353.993164,43.699219
925,-10846.976562,-10878.649414,31.672852
926,-12959.335938,-12958.865234,0.470703
927,-9908.347656,-9934.833008,26.485352
928,-9987.190430,-9957.752930,29.437500
929,-10783.709961,-10801.984375,18.274414
930,-10273.250977,-10273.036133,0.214844
931,-11634.371094,-11609.059570,25.311523
932,-12394.882812,-12418.951172,24.068359
933,-10813.134766,-10878.794922,65.660156
934,-9955.821289,-9991.553711,35.732422
935,-11513.951172,-11484.373047,29.578125
936,-11010.124023,-10970.838867,39.285156
937,-10956.484375,-10970.716797,14.232422
938,-9957.961914,-9898.178711,59.783203
939,-10762.539062,-10708.287109,54.251953
940,-11383.966797,-11375.152344,8.814453
941,-11404.508789,-11439.706055,35.197266
942,-11376.665039,-11374.865234,1.799805
943,-7723.840820,-7797.215332,73.374512
944,-10233.251953,-10274.349609,41.097656
945,-9008.697266,-8923.276367,85.420898
946,-9865.335938,-9932.602539,67.266602
947,-11927.166992,-11947.883789,20.716797
948,-11528.246094,-11512.097656,16.148438
949,-9506.531250,-9521.061523,14.530273
950,-12474.971680,-12456.982422,17.989258
951,-10083.326172,-10057.116211,26.209961
952,-8010.285645,-7821.249512,189.036133
953,-11550.219727,-11576.693359,26.473633
954,-10930.649414,-10935.502930,4.853516
955,-10942.689453,-10968.144531,25.455078
956,-11834.604492,-11878.021484,43.416992
957,-12568.034180,-12430.715820,137.318359
958,-10359.566406,-10362.776367,3.209961
959,-12913.988281,-12925.898438,11.910156
960,-11486.067383,-11510.368164,24.300781
961,-11508.886719,-11510.187500,1.300781
962,-11856.683594,-11882.367188,25.683594
963,-10431.194336,-10473.750000,42.555664
964,-11447.194336,-11477.193359,29.999023
965,-11881.676758,-11915.829102,34.152344
966,-11243.683594,-11273.552734,29.869141
967,-10866.547852,-10878.626953,12.079102
968,-11996.884766,-11980.282227,16.602539
969,-10906.941406,-10902.917969,4.023438
970,-13348.679688,-13332.231445,16.448242
971,-11541.482422,-11510.595703,30.886719
972,-11889.016602,-11914.643555,25.626953
973,-11482.645508,-11475.031250,7.614258
974,-10540.766602,-10565.390625,24.624023
975,-10506.452148,-10499.083008,7.369141
976,-10820.196289,-10879.182617,58.986328
977,-11485.333008,-11476.222656,9.110352
978,-11524.267578,-11576.684570,52.416992
979,-10499.357422,-10507.574219,8.216797
980,-11512.623047,-11510.715820,1.907227
981,-9413.563477,-9495.964844,82.401367
982,-10527.301758,-10534.163086,6.861328
983,-11409.770508,-11406.791992,2.978516
984,-11522.455078,-11576.463867,54.008789
985,-10580.912109,-10566.259766,14.652344
986,-11959.940430,-11946.659180,13.281250
987,-12826.817383,-11888.626953,938.190430
988,-13427.060547,-13466.880859,39.820312
989,-11794.516602,-11917.136719,122.620117
990,-9873.392578,-9893.699219,20.306641
991,-10292.803711,-10339.565430,46.761719
992,-9348.625000,-9554.468750,205.843750
993,-11454.145508,-11480.242188,26.096680
994,-10890.641602,-10905.130859,14.489258
995,-11562.021484,-11543.897461,18.124023
996,-12492.883789,-12487.000000,5.883789
997,-12360.069336,-12385.979492,25.910156
998,-12831.519531,-12788.378906,43.140625
999,-12391.391602,-12384.940430,6.451172
1000,-11845.699219,-11844.150391,1.548828
1001,-8743.638672,-8858.437500,114.798828
1002,-12496.970703,-12520.044922,23.074219
1003,-10875.761719,-10900.929688,25.167969
1004,-10468.807617,-10466.165039,2.642578
1005,-10558.151367,-10565.199219,7.047852
1006,-10315.639648,-10304.708008,10.931641
1007,-12540.107422,-12553.816406,13.708984
1008,-11431.854492,-11419.511719,12.342773
1009,-9597.195312,-9495.952148,101.243164
1010,-12929.097656,-12925.525391,3.572266
1011,-12479.413086,-12487.685547,8.272461
1012,-11959.613281,-11979.692383,20.079102
1013,-11503.949219,-11511.083984,7.134766
1014,-12308.591797,-12248.100586,60.491211
1015,-11324.908203,-11342.028320,17.120117
1016,-10512.299805,-10500.740234,11.559570
1017,-10961.640625,-10970.645508,9.004883
1018,-11977.186523,-11980.231445,3.044922
1019,-10011.533203,-9990.875977,20.657227
1020,-12638.769531,-12684.015625,45.246094
1021,-10718.862305,-10813.398438,94.536133
1022,-10478.702148,-10464.406250,14.295898
1023,-10951.926758,-10938.031250,13.895508
1024,-8524.302734,-8518.734375,5.568359
1025,-10920.680664,-10876.716797,43.963867
1026,-11334.733398,-11309.980469,24.752930
1027,-11497.527344,-11478.100586,19.426758
1028,-11904.041016,-11912.783203,8.742188
1029,-7234.696289,-7327.246094,92.549805
1030,-11437.573242,-11452.673828,15.100586
1031,-10556.132812,-10565.172852,9.040039
1032,-11553.268555,-11543.976562,9.291992
1033,-10572.584961,-10565.728516,6.856445
1034,-10550.542969,-10531.968750,18.574219
1035,-10979.346680,-10969.742188,9.604492
1036,-10924.946289,-10934.254883,9.308594
1037,-11956.273438,-11947.841797,8.431641
1038,-11162.071289,-10776.870117,385.201172
1039,-10998.932617,-11003.905273,4.972656
1040,-11428.100586,-11406.532227,21.568359
1041,-9414.224609,-9429.763672,15.539062
1042,-10569.246094,-10533.303711,35.942383
1043,-11463.442383,-11444.806641,18.635742
1044,-10519.750977,-9438.547852,1081.203125
1045,-11011.390625,-11001.902344,9.488281
1046,-11562.278320,-11575.861328,13.583008
1047,-11963.503906,-11949.765625,13.738281
1048,-11949.416016,-11980.078125,30.662109
1049,-10538.701172,-10534.811523,3.889648
1050,-10935.372070,-10936.720703,1.348633
1051,-10601.210938,-10598.125000,3.085938
1052,-12457.109375,-12489.411133,32.301758
1053,-11370.782227,-11374.704102,3.921875
1054,-11534.167969,-11544.192383,10.024414
1055,-9864.089844,-9900.200195,36.110352
1056,-10985.037109,-10969.748047,15.289062
1057,-10617.549805,-10506.695312,110.854492
1058,-11343.691406,-11374.154297,30.462891
1059,-10503.745117,-10500.214844,3.530273
1060,-10988.909180,-10970.453125,18.456055
1061,-11951.453125,-11948.300781,3.152344
1062,-12414.224609,-12386.025391,28.199219
1063,-10582.325195,-10565.537109,16.788086
1064,-12498.543945,-12486.829102,11.714844
1065,-10546.903320,-10532.080078,14.823242
1066,-10844.740234,-10902.797852,58.057617
1067,-10586.630859,-10599.135742,12.504883
1068,-11578.083008,-11350.366211,227.716797
1069,-9944.015625,-10024.008789,79.993164
1070,-12017.756836,-12012.351562,5.405273
1071,-10217.948242,-10304.391602,86.443359
1072,-10528.066406,-10531.999023,3.932617
1073,-10998.756836,-11001.717773,2.960938
1074,-10488.063477,-10498.911133,10.847656
1075,-9491.219727,-9437.604492,53.615234
1076,-10993.613281,-10967.900391,25.712891
1077,-10449.014648,-10498.837891,49.823242
1078,-10638.873047,-10598.337891,40.535156
1079,-10446.322266,-10506.844727,60.522461
1080,-10825.080078,-10838.430664,13.350586
1081,-10374.374023,-10474.775391,100.401367
1082,-12371.542969,-12352.950195,18.592773
1083,-10984.031250,-10968.405273,15.625977
1084,-10451.786133,-10465.557617,13.771484
1085,-12532.596680,-12522.734375,9.862305
1086,-12751.741211,-12684.752930,66.988281
1087,-10894.840820,-10938.209961,43.369141
1088,-11952.800781,-11948.711914,4.088867
1089,-11986.599609,-11981.625000,4.974609
1090,-12479.625977,-12385.316406,94.309570
1091,-10965.935547,-10970.727539,4.791992
1092,-12954.776367,-12957.028320,2.251953
1093,-11963.242188,-11948.339844,14.902344
1094,-11971.777344,-11945.037109,26.740234
1095,-10503.816406,-10499.542969,4.273438
1096,-10771.749023,-10800.805664,29.056641
1097,-10686.264648,-10709.035156,22.770508
1098,-9523.375000,-9554.630859,31.255859
1099,-10900.237305,-10936.163086,35.925781
1100,-9915.013672,-9926.386719,11.373047
1101,-11952.162109,-11981.394531,29.232422
1102,-10973.062500,-10969.627930,3.434570
1103,-11414.080078,-11406.868164,7.211914
1104,-12439.398438,-12455.267578,15.869141
1105,-10328.125000,-10365.076172,36.951172
1106,-11977.588867,-11949.375000,28.213867
1107,-10890.999023,-10866.596680,24.402344
1108,-9952.269531,-9934.596680,17.672852
1109,-10887.832031,-10937.259766,49.427734
1110,-8663.705078,-6727.351562,1936.353516
1111,-11206.292969,-11237.989258,31.696289
1112,-14915.280273,-14919.209961,3.929688
1113,-12870.386719,-12903.519531,33.132812
1114,-12345.174805,-12351.045898,5.871094
1115,-10571.016602,-10565.440430,5.576172
1116,-10592.648438,-10598.481445,5.833008
1117,-11423.567383,-11407.716797,15.850586
1118,-12901.806641,-12958.298828,56.492188
1119,-12003.297852,-11947.834961,55.462891
1120,-11977.535156,-11948.810547,28.724609
1121,-10493.259766,-10499.400391,6.140625
1122,-11555.456055,-11576.943359,21.487305
1123,-11504.912109,-11512.166016,7.253906
1124,-9720.570312,-9925.658203,205.087891
1125,-12012.425781,-12014.711914,2.286133
1126,-10543.525391,-10565.229492,21.704102
1127,-9782.782227,-9867.598633,84.816406
1128,-12446.608398,-12385.965820,60.642578
1129,-9810.326172,-9897.159180,86.833008
1130,-11820.598633,-11778.361328,42.237305
1131,-12400.464844,-12454.824219,54.359375
1132,-10542.702148,-10565.463867,22.761719
1133,-10493.003906,-10499.757812,6.753906
1134,-11347.688477,-11407.510742,59.822266
1135,-11515.966797,-11510.783203,5.183594
1136,-12449.194336,-12454.505859,5.311523
1137,-11929.428711,-11948.751953,19.323242
1138,-10569.731445,-10566.549805,3.181641
1139,-10919.632812,-10937.856445,18.223633
1140,-11525.093750,-11510.128906,14.964844
1141,-11464.828125,-11512.063477,47.235352
1142,-12597.958008,-12521.587891,76.370117
1143,-12502.464844,-12555.059570,52.594727
1144,-13433.140625,-13466.393555,33.252930
1145,-12454.287109,-12455.580078,1.292969
1146,-10876.199219,-10911.362305,35.163086
1147,-10368.243164,-10332.670898,35.572266
1148,-12483.216797,-12489.342773,6.125977
1149,-9492.426758,-9487.315430,5.111328
1150,-9919.738281,-9866.296875,53.441406
1151,-12307.454102,-12321.337891,13.883789
1152,-10519.421875,-10473.354492,46.067383
1153,-10934.351562,-10937.140625,2.789062
1154,-11807.470703,-11316.609375,490.861328
1155,-12496.691406,-12488.859375,7.832031
1156,-10506.682617,-10441.500000,65.182617
1157,-10240.286133,-10273.735352,33.449219
1158,-10761.838867,-10767.538086,5.699219
1159,-11417.707031,-11406.740234,10.966797
1160,-10335.278320,-10329.443359,5.834961
1161,-10844.466797,-10832.113281,12.353516
1162,-12443.517578,-12385.166992,58.350586
1163,-12399.000977,-12386.157227,12.843750
1164,-11001.984375,-10968.550781,33.433594
1165,-12914.231445,-12924.890625,10.659180
1166,-11966.215820,-11980.487305,14.271484
1167,-11420.964844,-11476.132812,55.167969
1168,-11557.777344,-11542.683594,15.093750
1169,-11922.857422,-11915.533203,7.324219
1170,-11513.046875,-11510.405273,2.641602
1171,-9446.595703,-9495.692383,49.096680
1172,-10407.184570,-10372.552734,34.631836
1173,-10469.272461,-10466.823242,2.449219
1174,-12331.891602,-12398.154297,66.262695
1175,-10580.065430,-10566.000977,14.064453
1176,-12398.266602,-12466.822266,68.555664
1177,-9925.575195,-9926.540039,0.964844
1178,-9941.632812,-9835.652344,105.980469
1179,-11912.345703,-11948.779297,36.433594
1180,-11557.640625,-11396.724609,160.916016
1181,-10608.898438,-10598.464844,10.433594
1182,-12651.396484,-12519.974609,131.421875
1183,-11908.961914,-11914.706055,5.744141
1184,-11848.290039,-11812.266602,36.023438
1185,-12304.800781,-12320.102539,15.301758
1186,-9692.554688,-9730.769531,38.214844
1187,-9552.323242,-9521.591797,30.731445
1188,-9856.268555,-9933.324219,77.055664
1189,-11501.787109,-11510.080078,8.292969
1190,-12354.044922,-12353.735352,0.309570
1191,-10981.546875,-10969.101562,12.445312
1192,-12533.791992,-12521.225586,12.566406
1193,-11553.167969,-11542.470703,10.697266
1194,-10391.559570,-10364.191406,27.368164
1195,-12928.369141,-12927.330078,1.039062
1196,-11503.954102,-11509.393555,5.439453
1197,-11540.217773,-11543.424805,3.207031
1198,-11388.374023,-11477.587891,89.213867
1199,-8429.160156,-8393.809570,35.350586
1200,-11429.195312,-11477.842773,48.647461
1201,-11562.074219,-11544.425781,17.648438
1202,-11512.667969,-11510.697266,1.970703
1203,-10861.111328,-11207.387695,346.276367
1204,-10549.347656,-10533.753906,15.593750
1205,-10325.238281,-10466.549805,141.311523
1206,-7886.278809,-7852.896973,33.381836
1207,-11949.257812,-11948.056641,1.201172
1208,-11951.055664,-11949.261719,1.793945
1209,-11368.450195,-11372.469727,4.019531
1210,-5297.594727,-5344.570312,46.975586
1211,-11991.956055,-11980.823242,11.132812
1212,-10892.167969,-10847.933594,44.234375
1213,-9890.935547,-9898.262695,7.327148
1214,-9058.470703,-8889.248047,169.222656
1215,-10460.839844,-10466.780273,5.940430
1216,-10925.321289,-10935.120117,9.798828
1217,-10463.506836,-10428.085938,35.420898
1218,-8823.110352,-8831.656250,8.545898
1219,-7694.634277,-6726.451172,968.183105
1220,-11422.816406,-11447.074219,24.257812
1221,-10535.805664,-10531.965820,3.839844
1222,-10565.165039,-10565.430664,0.265625
1223,-12424.628906,-12386.713867,37.915039
1224,-9852.776367,-9901.275391,48.499023
1225,-10924.363281,-10935.768555,11.405273
1226,-10724.381836,-10741.524414,17.142578
1227,-10936.513672,-10935.458984,1.054688
1228,-11522.849609,-11511.762695,11.086914
1229,-12332.647461,-12385.390625,52.743164
1230,-10554.864258,-10565.230469,10.366211
1231,-11408.030273,-11406.791992,1.238281
1232,-10493.314453,-10500.916016,7.601562
1233,-11323.408203,-10877.211914,446.196289
1234,-11376.485352,-11374.244141,2.241211
1235,-9933.888672,-9924.857422,9.031250
1236,-10533.161133,-10531.327148,1.833984
1237,-9635.699219,-9359.615234,276.083984
1238,-11153.528320,-10878.594727,274.933594
1239,-12465.122070,-12457.330078,7.791992
1240,-11392.775391,-11408.005859,15.230469
1241,-11551.403320,-11542.417969,8.985352
1242,-11977.888672,-11981.923828,4.035156
1243,-10562.571289,-10565.279297,2.708008
1244,-9450.802734,-9462.933594,12.130859
1245,-10537.382812,-10533.437500,3.945312
1246,-12425.658203,-12422.224609,3.433594
1247,-9648.951172,-9587.701172,61.250000
1248,-10369.410156,-10364.854492,4.555664
1249,-10681.558594,-10812.885742,131.327148
1250,-11495.620117,-11508.979492,13.359375
1251,-11430.794922,-11407.928711,22.866211
1252,-9449.956055,-9455.811523,5.855469
1253,-11431.485352,-11441.174805,9.689453
1254,-10972.446289,-10970.427734,2.018555
1255,-9553.338867,-9555.716797,2.377930
1256,-11782.459961,-11778.096680,4.363281
1257,-11695.285156,-11720.666992,25.381836
1258,-10983.007812,-10969.868164,13.139648
1259,-10810.486328,-10902.804688,92.318359
1260,-10952.794922,-10971.393555,18.598633
1261,-12500.572266,-12519.797852,19.225586
1262,-10598.390625,-10598.324219,0.066406
1263,-10490.254883,-10499.410156,9.155273
1264,-10885.988281,-10904.821289,18.833008
1265,-10503.220703,-10499.446289,3.774414
1266,-11796.211914,-11812.548828,16.336914
1267,-11520.054688,-11510.492188,9.562500
1268,-10575.984375,-10565.908203,10.076172
1269,-11936.294922,-11947.373047,11.078125
1270,-11848.349609,-11914.567383,66.217773
1271,-11348.842773,-11406.447266,57.604492
1272,-11890.242188,-11881.056641,9.185547
1273,-9991.347656,-9933.648438,57.699219
1274,-10420.445312,-10395.823242,24.622070
1275,-11377.113281,-11372.560547,4.552734
1276,-10634.380859,-10813.390625,179.009766
1277,-11556.622070,-11512.062500,44.559570
1278,-9905.764648,-9923.937500,18.172852
1279,-12348.337891,-12488.159180,139.821289
1280,-9889.750000,-9868.195312,21.554688
1281,-11546.890625,-11543.654297,3.236328
1282,-12200.387695,-12354.133789,153.746094
1283,-10530.609375,-10534.054688,3.445312
1284,-10992.349609,-11001.340820,8.991211
1285,-11489.171875,-11475.841797,13.330078
1286,-7790.833008,-7852.793945,61.960938
1287,-12340.978516,-12352.816406,11.837891
1288,-11971.292969,-11981.238281,9.945312
1289,-12858.860352,-12894.035156,35.174805
1290,-11352.724609,-11342.751953,9.972656
1291,-12511.486328,-12520.904297,9.417969
1292,-11947.564453,-11949.053711,1.489258
1293,-11943.179688,-11948.372070,5.192383
1294,-11279.949219,-11286.252930,6.303711
1295,-10601.300781,-10598.346680,2.954102
1296,-11541.446289,-11542.799805,1.353516
1297,-10599.992188,-10598.458008,1.534180
1298,-11516.345703,-11542.832031,26.486328
1299,-10827.828125,-10800.737305,27.090820
1300,-10452.246094,-10440.633789,11.612305
1301,-9551.452148,-9495.903320,55.548828
1302,-11012.377930,-10880.966797,131.411133
1303,-12895.879883,-12895.554688,0.325195
1304,-10713.638672,-10742.898438,29.259766
1305,-10549.916992,-10532.896484,17.020508
1306,-11507.992188,-11510.125977,2.133789
1307,-11964.979492,-11948.268555,16.710938
1308,-10833.351562,-10802.830078,30.521484
1309,-11883.408203,-11948.833984,65.425781
1310,-11926.753906,-11947.883789,21.129883
1311,-10951.773438,-10936.420898,15.352539
1312,-12400.932617,-12456.825195,55.892578
1313,-10862.076172,-10871.527344,9.451172
1314,-9948.767578,-9956.468750,7.701172
1315,-9465.904297,-9554.735352,88.831055
1316,-10895.602539,-10971.773438,76.170898
1317,-11015.337891,-11004.395508,10.942383
1318,-10466.386719,-10533.636719,67.250000
1319,-8917.090820,-8920.917969,3.827148
1320,-12337.105469,-12384.543945,47.438477
1321,-10550.214844,-10533.454102,16.760742
1322,-10380.137695,-10364.125000,16.012695
1323,-11944.971680,-11948.362305,3.390625
1324,-12246.271484,-12249.946289,3.674805
1325,-10031.807617,-9991.675781,40.131836
1326,-12352.239258,-12418.292969,66.053711
1327,-11961.582031,-11980.365234,18.783203
1328,-9641.685547,-9587.654297,54.031250
1329,-10927.734375,-10935.037109,7.302734
1330,-10497.817383,-10498.831055,1.013672
1331,-13250.880859,-13226.498047,24.382812
1332,-10993.963867,-10970.437500,23.526367
1333,-11569.253906,-11543.432617,25.821289
1334,-12237.624023,-12248.320312,10.696289
1335,-11053.085938,-10879.450195,173.635742
1336,-9460.031250,-9497.043945,37.012695
1337,-10467.331055,-10463.684570,3.646484
1338,-10985.025391,-10970.183594,14.841797
1339,-10543.287109,-10533.340820,9.946289
1340,-11508.412109,-11509.542969,1.130859
1341,-9625.422852,-9588.474609,36.948242
1342,-10920.222656,-10937.899414,17.676758
1343,-9102.904297,-8921.810547,181.093750
1344,-11860.429688,-11915.517578,55.087891
1345,-11522.334961,-11544.581055,22.246094
1346,-10615.391602,-10599.228516,16.163086
1347,-8539.043945,-8393.664062,145.379883
1348,-10814.415039,-10801.544922,12.870117
1349,-10341.926758,-10364.875977,22.949219
1350,-11561.376953,-11544.177734,17.199219
1351,-10976.043945,-10971.767578,4.276367
1352,-10966.715820,-10970.036133,3.320312
1353,-10950.206055,-10936.451172,13.754883
1354,-13873.562500,-13765.717773,107.844727
1355,-11384.601562,-11373.816406,10.785156
1356,-11986.310547,-11938.018555,48.291992
1357,-10573.030273,-10566.417969,6.612305
1358,-12522.037109,-11858.447266,663.589844
1359,-10509.816406,-9404.955078,1104.861328
1360,-9979.264648,-9933.895508,45.369141
1361,-10514.724609,-10473.482422,41.242188
1362,-9964.457031,-9956.544922,7.912109
1363,-11941.084961,-11949.342773,8.257812
1364,-11921.552734,-11945.065430,23.512695
1365,-10819.602539,-10832.353516,12.750977
1366,-10548.222656,-10532.056641,16.166016
1367,-11009.943359,-11001.333984,8.609375
1368,-11876.704102,-11881.459961,4.755859
1369,-10466.051758,-10466.218750,0.166992
1370,-11958.651367,-11947.362305,11.289062
1371,-10537.826172,-10532.735352,5.090820
1372,-11496.341797,-11510.933594,14.591797
1373,-9915.247070,-9925.761719,10.514648
1374,-9901.639648,-9926.309570,24.669922
1375,-10975.525391,-10969.663086,5.862305
1376,-11534.338867,-11484.170898,50.167969
1377,-10943.278320,-10936.777344,6.500977
1378,-10537.776367,-10533.673828,4.102539
1379,-9832.212891,-9900.920898,68.708008
1380,-10454.715820,-10465.955078,11.239258
1381,-11409.271484,-11408.774414,0.497070
1382,-10152.641602,-10169.004883,16.363281
1383,-10919.151367,-10935.325195,16.173828
1384,-11397.881836,-11406.617188,8.735352
1385,-11505.333984,-11510.561523,5.227539
1386,-10569.720703,-10565.200195,4.520508
1387,-9955.185547,-9927.344727,27.840820
1388,-10528.825195,-10533.470703,4.645508
1389,-11314.591797,-11307.571289,7.020508
1390,-10640.043945,-10599.685547,40.358398
1391,-12366.558594,-12385.205078,18.646484
1392,-10970.288086,-10938.560547,31.727539
1393,-9574.412109,-9587.779297,13.367188
1394,-10430.079102,-10363.583984,66.495117
1395,-11951.534180,-11945.530273,6.003906
1396,-10455.626953,-10473.096680,17.469727
1397,-11537.616211,-11510.944336,26.671875
1398,-10581.950195,-10565.116211,16.833984
1399,-9895.353516,-9957.794922,62.441406
1400,-13158.944336,-12398.551758,760.392578
1401,-12191.763672,-12353.259766,161.496094
1402,-9744.616211,-9902.083984,157.467773
1403,-9857.203125,-9860.064453,2.861328
1404,-11509.110352,-11509.784180,0.673828
1405,-10951.398438,-10934.512695,16.885742
1406,-9924.837891,-9901.308594,23.529297
1407,-11394.660156,-11408.101562,13.441406
1408,-11735.085938,-11707.648438,27.437500
1409,-12418.404297,-12386.525391,31.878906
1410,-12365.650391,-12350.460938,15.189453
1411,-10386.036133,-10371.005859,15.030273
1412,-11508.370117,-11510.773438,2.403320
1413,-11958.279297,-11981.256836,22.977539
1414,-10500.725586,-10507.144531,6.418945
1415,-9526.253906,-9463.096680,63.157227
1416,-10506.361328,-10500.047852,6.313477
1417,-12631.499023,-12554.968750,76.530273
1418,-12530.631836,-12522.146484,8.485352
1419,-11343.423828,-11341.806641,1.617188
1420,-12817.874023,-12823.771484,5.897461
1421,-9476.876953,-9488.458984,11.582031
1422,-11985.449219,-12013.708008,28.258789
1423,-11940.822266,-11948.269531,7.447266
1424,-10532.590820,-10565.199219,32.608398
1425,-7808.703125,-7852.171387,43.468262
1426,-9955.829102,-9925.391602,30.437500
1427,-11784.604492,-11778.695312,5.909180
1428,-8729.441406,-8829.703125,100.261719
1429,-10935.260742,-10939.842773,4.582031
1430,-11900.878906,-11915.454102,14.575195
1431,-10529.845703,-10532.299805,2.454102
1432,-10480.659180,-10499.354492,18.695312
1433,-11954.569336,-11948.616211,5.953125
1434,-10506.469727,-10498.053711,8.416016
1435,-10782.810547,-10880.187500,97.376953
1436,-11957.287109,-11978.534180,21.247070
1437,-10529.421875,-10533.542969,4.121094
1438,-12212.562500,-12279.995117,67.432617
1439,-6502.973145,-6413.632812,89.340332
1440,-11422.747070,-11406.518555,16.228516
1441,-10614.877930,-10598.744141,16.133789
1442,-11954.926758,-11980.764648,25.837891
1443,-11993.357422,-12012.534180,19.176758
1444,-11925.786133,-11947.629883,21.843750
1445,-9494.757812,-8484.656250,1010.101562
1446,-13347.065430,-13329.452148,17.613281
1447,-12510.059570,-12522.014648,11.955078
1448,-9892.257812,-9868.929688,23.328125
1449,-12332.516602,-12353.723633,21.207031
1450,-10255.135742,-10304.250000,49.114258
1451,-10912.488281,-10935.577148,23.088867
1452,-13473.424805,-13388.602539,84.822266
1453,-9513.269531,-9522.898438,9.628906
1454,-11920.246094,-11914.611328,5.634766
1455,-10999.633789,-10970.647461,28.986328
1456,-9965.814453,-9956.678711,9.135742
1457,-9969.610352,-9958.639648,10.970703
1458,-10046.273438,-9991.982422,54.291016
1459,-11000.022461,-11002.098633,2.076172
1460,-8679.082031,-8420.912109,258.169922
1461,-10545.978516,-10533.326172,12.652344
1462,-11576.904297,-11576.029297,0.875000
1463,-11933.527344,-11945.011719,11.484375
1464,-11979.587891,-11981.355469,1.767578
1465,-11547.486328,-11544.340820,3.145508
1466,-11442.674805,-11445.992188,3.317383
1467,-10983.916992,-10969.668945,14.248047
1468,-11395.072266,-11407.168945,12.096680
1469,-10969.882812,-10968.617188,1.265625
1470,-8811.555664,-8484.567383,326.988281
1471,-10459.901367,-10363.583008,96.318359
1472,-10461.022461,-10465.939453,4.916992
1473,-11547.285156,-11543.415039,3.870117
1474,-11768.812500,-11849.284180,80.471680
1475,-10959.480469,-10937.126953,22.353516
1476,-10475.791016,-10473.837891,1.953125
1477,-11000.563477,-11003.812500,3.249023
1478,-10419.964844,-10429.126953,9.162109
1479,-10976.277344,-10969.079102,7.198242
1480,-8481.982422,-8427.346680,54.635742
1481,-12392.842773,-12386.582031,6.260742
1482,-11396.012695,-11373.750977,22.261719
1483,-11367.598633,-11374.502930,6.904297
1484,-11505.708984,-11510.951172,5.242188
1485,-10607.744141,-10598.598633,9.145508
1486,-10296.108398,-10272.150391,23.958008
1487,-10930.532227,-10935.325195,4.792969
1488,-11400.457031,-11408.273438,7.816406
1489,-10485.379883,-10499.415039,14.035156
1490,-11856.896484,-11811.720703,45.175781
1491,-11355.665039,-11341.395508,14.269531
1492,-11534.913086,-11510.079102,24.833984
1493,-11949.972656,-11947.782227,2.190430
1494,-11361.390625,-11373.383789,11.993164
1495,-11376.185547,-11373.973633,2.211914
1496,-10368.388672,-10361.674805,6.713867
1497,-11373.033203,-11342.835938,30.197266
1498,-11418.467773,-11406.321289,12.146484
1499,-11911.672852,-11914.994141,3.321289
1500,-10936.834961,-10938.059570,1.224609
1501,-9958.441406,-9926.280273,32.161133
1502,-11494.532227,-11542.698242,48.166016
1503,-11965.482422,-11949.059570,16.422852
1504,-11542.728516,-11542.594727,0.133789
1505,-10347.560547,-10333.328125,14.232422
1506,-11311.380859,-11340.508789,29.127930
1507,-11939.236328,-11947.980469,8.744141
1508,-9484.545898,-9463.096680,21.449219
1509,-10565.587891,-10565.765625,0.177734
1510,-9077.232422,-8856.162109,221.070312
1511,-12554.258789,-12554.110352,0.148438
1512,-11511.429688,-11511.454102,0.024414
1513,-11367.843750,-11374.045898,6.202148
1514,-10725.385742,-10305.645508,419.740234
1515,-9481.055664,-9456.421875,24.633789
1516,-11363.028320,-11373.682617,10.654297
1517,-11512.656250,-11511.870117,0.786133
1518,-9466.466797,-9496.896484,30.429688
1519,-11601.951172,-11543.416016,58.535156
1520,-11813.491211,-11844.701172,31.209961
1521,-9886.765625,-9867.168945,19.596680
1522,-10505.852539,-10507.854492,2.001953
1523,-10424.326172,-10429.204102,4.877930
1524,-11934.446289,-11949.194336,14.748047
1525,-12434.732422,-12457.381836,22.649414
1526,-11888.442383,-11880.913086,7.529297
1527,-10857.602539,-10866.757812,9.155273
1528,-11960.115234,-11948.753906,11.361328
1529,-11984.112305,-11948.306641,35.805664
1530,-12007.060547,-12013.377930,6.317383
1531,-11005.441406,-11001.695312,3.746094
1532,-12257.042969,-12248.969727,8.073242
1533,-11955.013672,-11947.884766,7.128906
1534,-12506.219727,-13498.459961,992.240234
1535,-10430.291016,-10397.312500,32.978516
1536,-12407.947266,-12382.351562,25.595703
1537,-10897.266602,-10906.353516,9.086914
1538,-13768.265625,-13661.620117,106.645508
1539,-10954.708008,-10932.347656,22.360352
1540,-9775.843750,-9926.730469,150.886719
1541,-12559.018555,-12554.166016,4.852539
1542,-9929.940430,-9935.528320,5.587891
1543,-9925.913086,-9900.902344,25.010742
1544,-10867.811523,-10880.246094,12.434570
1545,-11038.291992,-10968.242188,70.049805
1546,-11897.500977,-11915.370117,17.869141
1547,-10528.012695,-10533.692383,5.679688
1548,-9422.082031,-9405.990234,16.091797
1549,-10925.080078,-10936.051758,10.971680
1550,-10538.153320,-10532.605469,5.547852
1551,-10198.810547,-10274.039062,75.228516
1552,-14480.310547,-14526.299805,45.989258
1553,-10400.157227,-10429.004883,28.847656
1554,-11824.475586,-11844.616211,20.140625
1555,-9378.024414,-9496.375000,118.350586
1556,-12942.094727,-12959.142578,17.047852
1557,-10529.991211,-10534.034180,4.042969
1558,-11881.337891,-11882.502930,1.165039
1559,-10505.461914,-10498.767578,6.694336
1560,-11575.634766,-11576.569336,0.934570
1561,-10704.870117,-10742.688477,37.818359
1562,-8859.416992,-8920.833984,61.416992
1563,-11476.872070,-11476.151367,0.720703
1564,-12308.347656,-12249.258789,59.088867
1565,-11033.771484,-11036.105469,2.333984
1566,-10953.168945,-10936.915039,16.253906
1567,-9316.486328,-9360.098633,43.612305
1568,-10989.710938,-10968.558594,21.152344
1569,-10430.790039,-10338.438477,92.351562
1570,-11918.050781,-11948.763672,30.712891
1571,-9869.834961,-9899.198242,29.363281
1572,-11347.268555,-11341.297852,5.970703
1573,-11532.987305,-11512.459961,20.527344
1574,-12416.519531,-12384.571289,31.948242
1575,-12462.818359,-12455.076172,7.742188
1576,-9182.725586,-9327.651367,144.925781
1577,-10977.065430,-10968.956055,8.109375
1578,-12324.945312,-12320.492188,4.453125
1579,-9934.914062,-9923.798828,11.115234
1580,-12546.619141,-12553.817383,7.198242
1581,-10550.396484,-10532.871094,17.525391
1582,-11510.229492,-11510.393555,0.164062
1583,-11801.466797,-11779.915039,21.551758
1584,-10480.369141,-10506.370117,26.000977
1585,-12394.092773,-12385.087891,9.004883
1586,-11506.139648,-11512.346680,6.207031
1587,-10973.238281,-10968.676758,4.561523
1588,-11472.947266,-11477.845703,4.898438
1589,-11946.707031,-11947.750977,1.043945
1590,-11896.701172,-11914.231445,17.530273
1591,-10379.219727,-10394.372070,15.152344
1592,-9600.979492,-9589.240234,11.739258
1593,-10914.925781,-10903.823242,11.102539
1594,-10545.358398,-10534.111328,11.247070
1595,-11947.519531,-11944.236328,3.283203
1596,-10984.789062,-10968.260742,16.528320
1597,-11936.832031,-11914.666992,22.165039
1598,-10879.430664,-10878.633789,0.796875
1599,-9606.095703,-9733.481445,127.385742
1600,-11367.458008,-11444.499023,77.041016
1601,-10912.103516,-10937.025391,24.921875
1602,-8780.705078,-8832.022461,51.317383
1603,-10996.629883,-11002.217773,5.587891
1604,-11501.590820,-11509.791992,8.201172
1605,-11512.160156,-11512.094727,0.065430
1606,-11016.470703,-11002.656250,13.814453
1607,-11397.041016,-11408.285156,11.244141
1608,-11402.179688,-11376.306641,25.873047
1609,-7397.655762,-7482.745117,85.089355
1610,-13544.783203,-13548.634766,3.851562
1611,-10901.517578,-10905.362305,3.844727
1612,-10971.017578,-10968.243164,2.774414
1613,-9456.530273,-9405.533203,50.997070
1614,-12497.087891,-12488.378906,8.708984
1615,-11544.035156,-11543.841797,0.193359
1616,-10479.855469,-10498.398438,18.542969
1617,-10910.505859,-10902.934570,7.571289
1618,-11550.141602,-11543.838867,6.302734
1619,-10533.775391,-10532.902344,0.873047
1620,-10503.092773,-10500.840820,2.251953
1621,-12789.746094,-12959.056641,169.310547
1622,-10865.134766,-10904.701172,39.566406
1623,-11515.908203,-11510.787109,5.121094
1624,-10964.300781,-10970.500977,6.200195
1625,-9506.873047,-9488.211914,18.661133
1626,-10933.138672,-10936.142578,3.003906
1627,-11782.973633,-11779.490234,3.483398
1628,-11990.194336,-11981.920898,8.273438
1629,-12856.780273,-12958.606445,101.826172
1630,-10986.717773,-10969.221680,17.496094
1631,-6254.716797,-6380.364746,125.647949
1632,-10615.249023,-10599.567383,15.681641
1633,-11467.875000,-11477.505859,9.630859
1634,-10509.593750,-10497.908203,11.685547
1635,-9990.502930,-9959.131836,31.371094
1636,-10593.408203,-10566.805664,26.602539
1637,-9752.179688,-8889.327148,862.852539
1638,-11517.671875,-11509.714844,7.957031
1639,-11770.017578,-11778.708008,8.690430
1640,-12456.113281,-12489.055664,32.942383
1641,-12475.964844,-12489.061523,13.096680
1642,-10436.389648,-10393.744141,42.645508
1643,-11538.344727,-11544.098633,5.753906
1644,-11907.978516,-11948.247070,40.268555
1645,-10987.892578,-10968.061523,19.831055
1646,-11497.164062,-11544.542969,47.378906
1647,-12511.860352,-12488.580078,23.280273
1648,-9487.431641,-9497.099609,9.667969
1649,-12532.627930,-12521.291992,11.335938
1650,-11554.479492,-11542.416992,12.062500
1651,-12348.083008,-12353.753906,5.670898
1652,-11894.745117,-11945.493164,50.748047
1653,-12358.437500,-12319.508789,38.928711
1654,-11960.612305,-11982.193359,21.581055
1655,-10993.488281,-11002.677734,9.189453
1656,-11336.243164,-11407.482422,71.239258
1657,-14443.337891,-14526.499023,83.161133
1658,-12491.494141,-12486.695312,4.798828
1659,-9503.334961,-9620.860352,117.525391
1660,-10343.785156,-10374.816406,31.031250
1661,-10288.631836,-10531.924805,243.292969
1662,-12483.616211,-12456.248047,27.368164
1663,-11372.209961,-11376.470703,4.260742
1664,-12521.523438,-12570.816406,49.292969
1665,-10305.093750,-10274.197266,30.896484
1666,-11532.525391,-11510.112305,22.413086
1667,-10951.836914,-10937.892578,13.944336
1668,-11294.707031,-11270.301758,24.405273
1669,-9624.123047,-9429.209961,194.913086
1670,-11529.969727,-11544.026367,14.056641
1671,-9880.919922,-9835.265625,45.654297
1672,-12513.771484,-12520.023438,6.251953
1673,-12316.733398,-12351.671875,34.938477
1674,-9661.978516,-9588.993164,72.985352
1675,-10358.334961,-10203.339844,154.995117
1676,-9783.710938,-9867.422852,83.711914
1677,-10918.484375,-10937.065430,18.581055
1678,-11408.222656,-11477.908203,69.685547
1679,-10011.606445,-10024.117188,12.510742
1680,-11978.421875,-11981.008789,2.586914
1681,-11373.926758,-11371.675781,2.250977
1682,-9457.660156,-9522.078125,64.417969
1683,-13409.922852,-13443.424805,33.501953
1684,-10347.233398,-10306.760742,40.472656
1685,-12483.524414,-12488.853516,5.329102
1686,-11600.434570,-11812.304688,211.870117
1687,-11538.516602,-11543.669922,5.153320
1688,-10936.467773,-10938.771484,2.303711
1689,-11935.581055,-11915.500977,20.080078
1690,-12355.095703,-12352.694336,2.401367
1691,-11503.057617,-11509.302734,6.245117
1692,-11912.807617,-11916.727539,3.919922
1693,-10476.675781,-10499.545898,22.870117
1694,-10933.538086,-10937.077148,3.539062
1695,-10541.193359,-10533.267578,7.925781
1696,-9906.292969,-9925.796875,19.503906
1697,-8833.322266,-8456.002930,377.319336
1698,-11643.001953,-11453.630859,189.371094
1699,-10514.077148,-10531.977539,17.900391
1700,-11020.600586,-11001.382812,19.217773
1701,-9606.235352,-9555.825195,50.410156
1702,-12980.225586,-12958.645508,21.580078
1703,-10800.406250,-10832.356445,31.950195
1704,-7283.904297,-7359.244629,75.340332
1705,-11502.513672,-11509.602539,7.088867
1706,-10419.246094,-10433.851562,14.605469
1707,-11601.889648,-11609.114258,7.224609
1708,-10394.097656,-10362.804688,31.292969
1709,-11996.388672,-11981.347656,15.041016
1710,-10938.308594,-10937.094727,1.213867
1711,-11352.367188,-11372.765625,20.398438
1712,-9927.613281,-9933.394531,5.781250
1713,-11512.088867,-11510.245117,1.843750
1714,-9549.450195,-9497.318359,52.131836
1715,-10923.864258,-10880.870117,42.994141
1716,-11439.316406,-11443.633789,4.317383
1717,-11947.976562,-12012.285156,64.308594
1718,-10341.062500,-10361.011719,19.949219
1719,-11357.591797,-11375.639648,18.047852
1720,-11405.099609,-11408.651367,3.551758
1721,-11516.947266,-11510.746094,6.201172
1722,-10481.976562,-10467.108398,14.868164
1723,-9922.575195,-9933.941406,11.366211
1724,-9949.046875,-9927.597656,21.449219
1725,-9914.601562,-9927.708984,13.107422
1726,-11528.519531,-11542.680664,14.161133
1727,-10032.574219,-10023.865234,8.708984
1728,-11349.458984,-11374.150391,24.691406
1729,-10414.301758,-10406.722656,7.579102
1730,-11515.405273,-11511.241211,4.164062
1731,-11944.000977,-11946.929688,2.928711
1732,-11905.561523,-11916.051758,10.490234
1733,-11397.944336,-11373.997070,23.947266
1734,-9962.121094,-9869.940430,92.180664
1735,-11493.786133,-11517.341797,23.555664
1736,-9499.030273,-9489.121094,9.909180
1737,-11339.871094,-11342.336914,2.465820
1738,-9921.464844,-9875.010742,46.454102
1739,-11972.903320,-11979.735352,6.832031
1740,-10289.324219,-10298.118164,8.793945
1741,-11352.680664,-11408.309570,55.628906
1742,-10976.276367,-10910.891602,65.384766
1743,-10020.216797,-9960.041016,60.175781
1744,-10924.301758,-10904.032227,20.269531
1745,-9941.474609,-9927.549805,13.924805
1746,-11867.045898,-11844.695312,22.350586
1747,-10427.418945,-10473.370117,45.951172
1748,-11971.063477,-11979.102539,8.039062
1749,-11994.130859,-11979.863281,14.267578
1750,-11562.714844,-11543.614258,19.100586
1751,-10043.921875,-9934.951172,108.970703
1752,-12496.336914,-12486.831055,9.505859
1753,-12440.628906,-12454.726562,14.097656
1754,-11251.249023,-11412.337891,161.088867
1755,-11731.462891,-11753.652344,22.189453
1756,-12489.108398,-12489.425781,0.317383
1757,-11512.750977,-11511.607422,1.143555
1758,-10532.369141,-10532.729492,0.360352
1759,-11848.775391,-11845.120117,3.655273
1760,-11505.250000,-11510.790039,5.540039
1761,-12479.645508,-12487.355469,7.709961
1762,-8768.325195,-8832.221680,63.896484
1763,-11553.294922,-11576.748047,23.453125
1764,-11444.433594,-11408.028320,36.405273
1765,-11958.160156,-11981.783203,23.623047
1766,-10835.132812,-10865.321289,30.188477
1767,-9975.312500,-9925.732422,49.580078
1768,-11930.759766,-11916.445312,14.314453
1769,-11393.363281,-11406.713867,13.350586
1770,-11531.077148,-11543.510742,12.433594
1771,-12565.568359,-12586.905273,21.336914
1772,-11508.772461,-11510.445312,1.672852
1773,-12734.490234,-12789.417969,54.927734
1774,-10452.679688,-10539.900391,87.220703
1775,-11807.702148,-11812.979492,5.277344
1776,-10894.197266,-10904.919922,10.722656
1777,-9085.022461,-8987.992188,97.030273
1778,-11495.822266,-11510.389648,14.567383
1779,-8332.293945,-8453.079102,120.785156
1780,-10965.078125,-10971.490234,6.412109
1781,-9144.398438,-9132.916016,11.482422
1782,-12474.308594,-12489.370117,15.061523
1783,-11983.470703,-11979.302734,4.167969
1784,-11501.161133,-11512.281250,11.120117
1785,-10405.413086,-10473.720703,68.307617
1786,-11898.862305,-11914.151367,15.289062
1787,-9876.113281,-9797.816406,78.296875
1788,-10419.765625,-10338.941406,80.824219
1789,-10551.581055,-10531.807617,19.773438
1790,-12552.064453,-12553.324219,1.259766
1791,-11610.467773,-11609.103516,1.364258
1792,-10469.796875,-10502.727539,32.930664
1793,-11946.592773,-11949.638672,3.045898
1794,-11150.998047,-10878.575195,272.422852
1795,-11519.273438,-11510.092773,9.180664
1796,-10960.407227,-10937.924805,22.482422
1797,-11346.849609,-11374.479492,27.629883
1798,-10533.081055,-10532.866211,0.214844
1799,-10822.620117,-10743.595703,79.024414
1800,-9817.474609,-9959.519531,142.044922
1801,-12388.199219,-12353.073242,35.125977
1802,-11488.126953,-11511.891602,23.764648
1803,-11944.367188,-11946.751953,2.384766
1804,-10941.461914,-10936.713867,4.748047
1805,-10574.640625,-10565.798828,8.841797
1806,-10549.272461,-10534.071289,15.201172
1807,-10003.653320,-9991.861328,11.791992
1808,-12544.172852,-12520.586914,23.585938
1809,-11925.328125,-11914.778320,10.549805
1810,-11913.760742,-11916.570312,2.809570
1811,-10913.126953,-10935.221680,22.094727
1812,-11403.774414,-11408.362305,4.587891
1813,-11408.066406,-11407.477539,0.588867
1814,-10802.380859,-10802.526367,0.145508
1815,-11391.724609,-11375.431641,16.292969
1816,-11005.206055,-10969.246094,35.959961
1817,-9927.211914,-9960.275391,33.063477
1818,-10111.110352,-9796.390625,314.719727
1819,-10574.861328,-10474.215820,100.645508
1820,-13956.105469,-13938.203125,17.902344
1821,-11319.703125,-11342.159180,22.456055
1822,-10496.828125,-10499.899414,3.071289
1823,-10379.205078,-10473.901367,94.696289
1824,-9999.593750,-9992.465820,7.127930
1825,-10958.901367,-10971.243164,12.341797
1826,-12654.236328,-12685.056641,30.820312
1827,-11491.764648,-11477.524414,14.240234
1828,-9913.805664,-9923.547852,9.742188
1829,-11349.436523,-11340.625000,8.811523
1830,-10399.498047,-10392.967773,6.530273
1831,-12496.069336,-12488.631836,7.437500
1832,-12353.818359,-12317.808594,36.009766
1833,-12542.643555,-12554.233398,11.589844
1834,-11516.152344,-11509.792969,6.359375
1835,-12471.779297,-12489.416016,17.636719
1836,-10540.316406,-10532.061523,8.254883
1837,-10561.016602,-10532.766602,28.250000
1838,-12553.227539,-12520.804688,32.422852
1839,-12315.185547,-12352.801758,37.616211
1840,-9541.277344,-9521.220703,20.056641
1841,-11484.527344,-11510.965820,26.438477
1842,-9430.764648,-9464.121094,33.356445
1843,-11355.717773,-11340.782227,14.935547
1844,-11992.142578,-11980.031250,12.111328
1845,-11973.639648,-11946.559570,27.080078
1846,-11950.264648,-11946.144531,4.120117
1847,-12535.816406,-12522.021484,13.794922
1848,-10892.771484,-10867.413086,25.358398
1849,-10384.201172,-10430.042969,45.841797
1850,-10380.350586,-10441.862305,61.511719
1851,-10530.201172,-10533.070312,2.869141
1852,-10927.364258,-10938.606445,11.242188
1853,-11916.364258,-11947.135742,30.771484
1854,-11914.601562,-11914.508789,0.092773
1855,-11501.990234,-11510.572266,8.582031
1856,-9914.709961,-9891.656250,23.053711
1857,-11385.129883,-11376.009766,9.120117
1858,-12411.962891,-12456.500977,44.538086
1859,-11399.344727,-11376.056641,23.288086
1860,-10898.427734,-10904.203125,5.775391
1861,-10937.179688,-10902.047852,35.131836
1862,-11500.697266,-11478.828125,21.869141
1863,-12262.778320,-12248.431641,14.346680
1864,-11315.798828,-11341.948242,26.149414
1865,-10452.750977,-10428.098633,24.652344
1866,-11924.787109,-11917.063477,7.723633
1867,-11883.924805,-11947.113281,63.188477
1868,-11497.708984,-11510.988281,13.279297
1869,-11938.720703,-11949.538086,10.817383
1870,-12931.330078,-12927.376953,3.953125
1871,-10524.503906,-10531.970703,7.466797
1872,-11520.135742,-11509.576172,10.559570
1873,-11930.906250,-11912.768555,18.137695
1874,-9999.249023,-9958.926758,40.322266
1875,-9951.339844,-9707.074219,244.265625
1876,-9482.023438,-9488.369141,6.345703
1877,-11961.783203,-11948.118164,13.665039
1878,-12290.976562,-12134.333984,156.642578
1879,-10974.117188,-10970.189453,3.927734
1880,-14965.198242,-14887.848633,77.349609
1881,-12257.216797,-12319.609375,62.392578
1882,-11510.919922,-11510.417969,0.501953
1883,-11364.714844,-11341.392578,23.322266
1884,-11549.477539,-11543.794922,5.682617
1885,-12346.264648,-12384.366211,38.101562
1886,-11959.214844,-11947.685547,11.529297
1887,-12317.985352,-12354.191406,36.206055
1888,-12102.428711,-8335.795898,3766.632812
1889,-11360.008789,-11374.282227,14.273438
1890,-10322.806641,-10397.226562,74.419922
1891,-11969.005859,-11948.736328,20.269531
1892,-13519.484375,-12344.596680,1174.887695
1893,-11459.620117,-11484.723633,25.103516
1894,-10538.362305,-10533.332031,5.030273
1895,-10968.258789,-10971.041016,2.782227
1896,-11378.839844,-11408.464844,29.625000
1897,-10872.619141,-10869.821289,2.797852
1898,-9602.795898,-9588.406250,14.389648
1899,-11532.834961,-11543.315430,10.480469
1900,-11972.701172,-11948.852539,23.848633
1901,-11543.232422,-11544.116211,0.883789
1902,-12477.127930,-12488.462891,11.334961
1903,-11513.363281,-11510.974609,2.388672
1904,-10025.756836,-9797.746094,228.010742
1905,-9476.401367,-9529.222656,52.821289
1906,-11540.924805,-11543.385742,2.460938
1907,-12345.789062,-12352.947266,7.158203
1908,-13167.030273,-13224.622070,57.591797
1909,-12448.529297,-12384.336914,64.192383
1910,-9889.022461,-9902.394531,13.372070
1911,-11972.951172,-12015.138672,42.187500
1912,-10538.454102,-10533.744141,4.709961
1913,-10544.244141,-10474.518555,69.725586
1914,-8562.966797,-8393.703125,169.263672
1915,-12998.290039,-13005.789062,7.499023
1916,-10946.548828,-10938.752930,7.795898
1917,-10914.414062,-10968.325195,53.911133
1918,-13234.284180,-13331.618164,97.333984
1919,-9365.189453,-9488.846680,123.657227
1920,-10937.680664,-10937.549805,0.130859
1921,-10900.469727,-10944.792969,44.323242
1922,-12535.213867,-12522.615234,12.598633
1923,-9509.645508,-9521.442383,11.796875
1924,-12923.072266,-12927.455078,4.382812
1925,-10571.816406,-10566.351562,5.464844
1926,-10499.575195,-10499.916016,0.340820
1927,-11936.355469,-11948.029297,11.673828
1928,-12958.040039,-12927.908203,30.131836
1929,-8827.132812,-8486.669922,340.462891
1930,-11520.100586,-11510.619141,9.481445
1931,-10410.198242,-10394.354492,15.843750
1932,-11565.614258,-11543.130859,22.483398
1933,-11223.156250,-11310.137695,86.981445
1934,-11499.701172,-11510.070312,10.369141
1935,-10771.037109,-10768.902344,2.134766
1936,-10871.138672,-10903.927734,32.789062
1937,-9870.681641,-9957.427734,86.746094
1938,-12528.730469,-12521.313477,7.416992
1939,-11018.386719,-11001.773438,16.613281
1940,-12351.183594,-12385.065430,33.881836
1941,-11507.492188,-11509.233398,1.741211
1942,-10970.180664,-10969.798828,0.381836
1943,-12518.724609,-12521.302734,2.578125
1944,-13442.734375,-13467.028320,24.293945
1945,-10940.597656,-10936.651367,3.946289
1946,-9923.305664,-9958.672852,35.367188
1947,-11986.033203,-11949.207031,36.826172
1948,-11629.781250,-11608.833984,20.947266
1949,-12940.361328,-12925.765625,14.595703
1950,-9646.753906,-9588.895508,57.858398
1951,-10071.815430,-9867.576172,204.239258
1952,-12336.761719,-12384.405273,47.643555
1953,-9503.455078,-9497.618164,5.836914
1954,-12521.968750,-12520.892578,1.076172
1955,-10718.194336,-10809.159180,90.964844
1956,-10915.585938,-10939.598633,24.012695
1957,-11026.457031,-11002.460938,23.996094
1958,-9476.328125,-9895.382812,419.054688
1959,-10851.916992,-10866.477539,14.560547
1960,-10953.288086,-10936.510742,16.777344
1961,-10549.118164,-10533.297852,15.820312
1962,-10969.507812,-10970.030273,0.522461
1963,-12003.546875,-11980.723633,22.823242
1964,-12460.179688,-12456.547852,3.631836
1965,-11019.810547,-11034.473633,14.663086
1966,-9989.723633,-9992.695312,2.971680
1967,-9598.654297,-9555.615234,43.039062
1968,-11374.775391,-11315.403320,59.372070
1969,-12798.989258,-12790.835938,8.153320
1970,-11883.897461,-11917.377930,33.480469
1971,-11883.063477,-11915.285156,32.221680
1972,-15042.949219,-14952.520508,90.428711
1973,-11538.416992,-11510.138672,28.278320
1974,-11521.031250,-11509.375977,11.655273
1975,-10967.486328,-11001.750977,34.264648
1976,-11990.041016,-11979.154297,10.886719
1977,-8848.787109,-8833.221680,15.565430
1978,-10975.705078,-10969.107422,6.597656
1979,-11931.086914,-11948.072266,16.985352
1980,-9902.061523,-9967.932617,65.871094
1981,-10993.073242,-10970.005859,23.067383
1982,-11317.808594,-11269.807617,48.000977
1983,-11910.775391,-11917.185547,6.410156
1984,-7343.337402,-7755.075195,411.737793
1985,-11026.322266,-10911.619141,114.703125
1986,-10574.352539,-10565.318359,9.034180
1987,-9943.894531,-9923.555664,20.338867
1988,-11974.079102,-11981.559570,7.480469
1989,-12463.306641,-12489.921875,26.615234
1990,-11797.580078,-11844.405273,46.825195
1991,-11380.933594,-11406.892578,25.958984
1992,-8562.736328,-8323.909180,238.827148
1993,-10944.607422,-10937.087891,7.519531
1994,-12327.443359,-12319.595703,7.847656
1995,-11320.924805,-11371.718750,50.793945
1996,-11857.826172,-11917.401367,59.575195
1997,-6183.986328,-6347.202148,163.215820
1998,-12812.521484,-12823.426758,10.905273
1999,-11917.222656,-11917.094727,0.127930
2000,-11387.036133,-11408.027344,20.991211
2001,-12940.846680,-12957.535156,16.688477
2002,-11272.180664,-11238.078125,34.102539
2003,-13931.375977,-13985.773438,54.397461
2004,-8443.818359,-8427.910156,15.908203
2005,-11580.697266,-11575.574219,5.123047
2006,-8169.479492,-8328.596680,159.117188
2007,-11490.605469,-11316.370117,174.235352
2008,-12344.737305,-12353.083008,8.345703
2009,-8252.371094,-8292.090820,39.719727
2010,-10568.324219,-10565.424805,2.899414
2011,-11544.861328,-11542.677734,2.183594
2012,-12550.683594,-12456.251953,94.431641
2013,-11951.522461,-11947.734375,3.788086
2014,-10402.862305,-10371.209961,31.652344
2015,-11471.012695,-11441.829102,29.183594
2016,-11513.836914,-11510.512695,3.324219
2017,-10021.174805,-9957.445312,63.729492
2018,-11967.025391,-11982.262695,15.237305
2019,-12688.990234,-12686.108398,2.881836
2020,-11602.885742,-11609.474609,6.588867
2021,-11532.093750,-11542.968750,10.875000
2022,-11543.032227,-11543.775391,0.743164
2023,-11814.706055,-11746.207031,68.499023
2024,-9817.117188,-9900.877930,83.760742
2025,-10895.883789,-10911.631836,15.748047
2026,-10561.336914,-10532.024414,29.312500
2027,-10860.944336,-10801.467773,59.476562
2028,-12537.169922,-12522.418945,14.750977
2029,-11455.594727,-11608.742188,153.147461
2030,-12456.172852,-12456.416992,0.244141
2031,-11948.807617,-11947.880859,0.926758
2032,-9354.832031,-9471.249023,116.416992
2033,-11520.514648,-11511.622070,8.892578
2034,-11949.166992,-11949.129883,0.037109
2035,-11309.063477,-11270.621094,38.442383
2036,-11343.643555,-11341.598633,2.044922
2037,-9816.923828,-9934.163086,117.239258
2038,-11347.696289,-11340.144531,7.551758
2039,-9591.454102,-9588.692383,2.761719
2040,-11880.766602,-11843.492188,37.274414
2041,-10577.405273,-10565.348633,12.056641
2042,-9810.074219,-9797.931641,12.142578
2043,-9462.075195,-9487.538086,25.462891
2044,-10402.606445,-10337.748047,64.858398
2045,-9510.558594,-9521.382812,10.824219
2046,-11183.564453,-9811.765625,1371.798828
2047,-9471.592773,-9462.221680,9.371094
2048,-10553.633789,-10565.427734,11.793945
2049,-9528.147461,-9523.721680,4.425781
2050,-12837.591797,-12789.515625,48.076172
2051,-7907.723633,-8454.473633,546.750000
2052,-9295.723633,-8887.542969,408.180664
2053,-10459.433594,-10531.188477,71.754883
2054,-10989.494141,-11003.985352,14.491211
2055,-11545.875000,-11542.939453,2.935547
2056,-11824.479492,-11813.382812,11.096680
2057,-12493.560547,-12486.883789,6.676758
2058,-11906.221680,-11913.925781,7.704102
2059,-11901.014648,-11917.250977,16.236328
2060,-11523.503906,-11543.674805,20.170898
2061,-9466.088867,-9463.588867,2.500000
2062,-10544.300781,-10534.555664,9.745117
2063,-12350.293945,-12354.312500,4.018555
2064,-10541.192383,-10531.433594,9.758789
2065,-11831.586914,-11845.174805,13.587891
2066,-11938.697266,-11947.885742,9.188477
2067,-8878.828125,-8896.418945,17.590820
2068,-9946.032227,-9992.893555,46.861328
2069,-11852.996094,-11811.112305,41.883789
2070,-10075.613281,-9797.037109,278.576172
2071,-11514.571289,-11510.530273,4.041016
2072,-9564.749023,-9553.963867,10.785156
2073,-8876.286133,-8924.947266,48.661133
2074,-10363.176758,-10338.658203,24.518555
2075,-11474.102539,-11476.100586,1.998047
2076,-10410.408203,-10426.618164,16.209961
2077,-12154.665039,-12352.773438,198.108398
2078,-10995.090820,-10968.516602,26.574219
2079,-10537.965820,-10531.350586,6.615234
2080,-11932.307617,-11914.755859,17.551758
2081,-10881.401367,-10865.890625,15.510742
2082,-12721.778320,-12790.834961,69.056641
2083,-10964.060547,-10971.185547,7.125000
2084,-11959.274414,-11948.167969,11.106445
2085,-10970.704102,-10965.666992,5.037109
2086,-11339.421875,-11371.102539,31.680664
2087,-11782.050781,-11810.966797,28.916016
2088,-12012.737305,-11948.359375,64.377930
2089,-9944.508789,-9901.074219,43.434570
2090,-11264.624023,-11270.172852,5.548828
2091,-9496.585938,-9488.546875,8.039062
2092,-9554.238281,-9555.855469,1.617188
2093,-11544.157227,-11543.088867,1.068359
2094,-12950.799805,-12926.280273,24.519531
2095,-10884.750977,-10912.064453,27.313477
2096,-11907.326172,-11883.020508,24.305664
2097,-10992.042969,-11003.173828,11.130859
2098,-10462.096680,-10465.750000,3.653320
2099,-12410.510742,-12386.736328,23.774414
2100,-10425.831055,-10396.655273,29.175781
2101,-9494.502930,-9462.900391,31.602539
2102,-10973.830078,-10971.537109,2.292969
2103,-10448.679688,-10409.647461,39.032227
2104,-11545.904297,-11545.072266,0.832031
2105,-10512.360352,-10500.058594,12.301758
2106,-11943.720703,-11948.279297,4.558594
2107,-11008.487305,-10971.882812,36.604492
2108,-10591.898438,-10565.401367,26.497070
2109,-10509.626953,-10532.829102,23.202148
2110,-11910.988281,-11912.875977,1.887695
2111,-10535.694336,-10532.713867,2.980469
2112,-10904.062500,-10903.050781,1.011719
2113,-10937.149414,-10935.318359,1.831055
2114,-11983.537109,-11979.413086,4.124023
2115,-11551.842773,-11543.298828,8.543945
2116,-11462.596680,-11476.954102,14.357422
2117,-11363.355469,-11341.425781,21.929688
2118,-10367.421875,-10371.112305,3.690430
2119,-10530.025391,-10534.015625,3.990234
2120,-10425.588867,-10271.285156,154.303711
2121,-9947.596680,-9927.605469,19.991211
2122,-11494.768555,-11476.963867,17.804688
2123,-11959.337891,-11948.208984,11.128906
2124,-12405.540039,-12384.201172,21.338867
2125,-10276.860352,-10305.467773,28.607422
2126,-12547.521484,-12823.547852,276.026367
2127,-9594.709961,-9588.454102,6.255859
2128,-8778.357422,-8921.338867,142.981445
2129,-10987.750977,-10970.203125,17.547852
2130,-10398.203125,-10474.725586,76.522461
2131,-11542.607422,-11543.715820,1.108398
2132,-12839.605469,-12791.017578,48.587891
2133,-11503.334961,-11508.797852,5.462891
2134,-10533.599609,-10532.368164,1.231445
2135,-11329.174805,-11309.162109,20.012695
2136,-11270.463867,-11239.162109,31.301758
2137,-11463.362305,-11476.500977,13.138672
2138,-12565.273438,-12554.363281,10.910156
2139,-11866.313477,-11915.590820,49.277344
2140,-11762.882812,-11775.661133,12.778320
2141,-10942.872070,-10936.073242,6.798828
2142,-10816.937500,-10801.625000,15.312500
2143,-11552.389648,-11485.142578,67.247070
2144,-11419.784180,-11407.083008,12.701172
2145,-11020.540039,-10879.960938,140.579102
2146,-10975.860352,-10905.007812,70.852539
2147,-10823.189453,-11001.551758,178.362305
2148,-11946.772461,-11947.536133,0.763672
2149,-11429.666992,-11444.287109,14.620117
2150,-13020.226562,-13007.501953,12.724609
2151,-10960.052734,-10970.451172,10.398438
2152,-12492.564453,-12521.306641,28.742188
2153,-10935.421875,-10938.110352,2.688477
2154,-9526.853516,-9521.993164,4.860352
2155,-10565.341797,-10565.185547,0.156250
2156,-11559.183594,-11542.933594,16.250000
2157,-12018.006836,-11982.132812,35.874023
2158,-12014.319336,-11979.434570,34.884766
2159,-10540.352539,-10531.589844,8.762695
2160,-11421.800781,-11476.365234,54.564453
2161,-10937.211914,-10933.541992,3.669922
2162,-11905.397461,-11914.859375,9.461914
2163,-11418.151367,-11407.700195,10.451172
2164,-11926.807617,-11948.137695,21.330078
2165,-11383.058594,-11374.216797,8.841797
2166,-11907.697266,-11914.109375,6.412109
2167,-10813.412109,-10833.109375,19.697266
2168,-10457.933594,-11376.210938,918.277344
2169,-11515.557617,-11511.376953,4.180664
2170,-10904.618164,-10905.566406,0.948242
2171,-10882.949219,-10878.650391,4.298828
2172,-12858.406250,-12822.663086,35.743164
2173,-12349.961914,-12384.429688,34.467773
2174,-10429.886719,-10432.125977,2.239258
2175,-12350.520508,-12353.385742,2.865234
2176,-11016.056641,-10968.363281,47.693359
2177,-12537.419922,-12488.233398,49.186523
2178,-10451.105469,-10429.285156,21.820312
2179,-11771.071289,-11778.149414,7.078125
2180,-12496.925781,-12488.849609,8.076172
2181,-10377.087891,-10442.288086,65.200195
2182,-10867.992188,-10879.257812,11.265625
2183,-10495.035156,-10497.597656,2.562500
2184,-11978.684570,-11980.568359,1.883789
2185,-10945.037109,-10937.136719,7.900391
2186,-11578.813477,-11543.432617,35.380859
2187,-11937.860352,-11916.553711,21.306641
2188,-10434.666016,-10395.944336,38.721680
2189,-11505.710938,-11508.591797,2.880859
2190,-11075.324219,-10846.825195,228.499023
2191,-11383.139648,-11375.458984,7.680664
2192,-9410.333984,-9268.558594,141.775391
2193,-11756.082031,-11811.913086,55.831055
2194,-12536.668945,-12553.127930,16.458984
2195,-10837.472656,-10835.334961,2.137695
2196,-11772.332031,-11914.720703,142.388672
2197,-11555.458008,-11543.612305,11.845703
2198,-10984.993164,-11003.392578,18.399414
2199,-10944.911133,-10937.604492,7.306641
2200,-12885.731445,-12926.010742,40.279297
2201,-12128.865234,-12112.265625,16.599609
2202,-10939.779297,-10967.899414,28.120117
2203,-11453.765625,-11477.013672,23.248047
2204,-11941.326172,-11948.785156,7.458984
2205,-9913.729492,-9899.891602,13.837891
2206,-11385.093750,-11372.916992,12.176758
2207,-10462.661133,-10466.544922,3.883789
2208,-9415.165039,-9462.653320,47.488281
2209,-10877.107422,-10910.237305,33.129883
2210,-11920.949219,-11915.991211,4.958008
2211,-11617.511719,-11576.939453,40.572266
2212,-9498.427734,-9521.714844,23.287109
2213,-9511.041992,-9463.361328,47.680664
2214,-11504.541016,-11511.035156,6.494141
2215,-10901.621094,-10903.565430,1.944336
2216,-10528.564453,-10532.860352,4.295898
2217,-11434.078125,-11478.145508,44.067383
2218,-12756.158203,-12823.496094,67.337891
2219,-10957.394531,-10968.081055,10.686523
2220,-11361.690430,-11374.363281,12.672852
2221,-10928.723633,-10904.570312,24.153320
2222,-11777.468750,-11778.885742,1.416992
2223,-10974.966797,-10968.210938,6.755859
2224,-10971.299805,-10971.818359,0.518555
2225,-10982.251953,-10971.096680,11.155273
2226,-12528.411133,-12519.787109,8.624023
2227,-11508.875000,-11510.782227,1.907227
2228,-10575.671875,-10598.619141,22.947266
2229,-11228.826172,-11239.000000,10.173828
2230,-11796.718750,-11778.923828,17.794922
2231,-9954.073242,-9923.573242,30.500000
2232,-10124.607422,-10833.006836,708.399414
2233,-10425.544922,-10395.952148,29.592773
2234,-10410.219727,-10442.307617,32.087891
2235,-10942.457031,-10935.458984,6.998047
2236,-11006.608398,-10968.210938,38.397461
2237,-11498.996094,-11512.204102,13.208008
2238,-9533.690430,-9522.424805,11.265625
2239,-11035.334961,-11034.948242,0.386719
2240,-11978.332031,-11948.642578,29.689453
2241,-10420.193359,-10363.021484,57.171875
2242,-11326.951172,-11374.547852,47.596680
2243,-11988.927734,-11981.399414,7.528320
2244,-9932.468750,-9933.287109,0.818359
2245,-12496.263672,-12489.194336,7.069336
2246,-10603.967773,-10598.080078,5.887695
2247,-9613.435547,-9620.638672,7.203125
2248,-11792.606445,-11811.321289,18.714844
2249,-10976.101562,-10970.109375,5.992188
2250,-10445.760742,-10467.672852,21.912109
2251,-11988.625000,-11980.917969,7.707031
2252,-10715.701172,-10776.550781,60.849609
2253,-10440.573242,-10432.190430,8.382812
2254,-11497.695312,-11479.031250,18.664062
2255,-10952.104492,-10938.027344,14.077148
2256,-10945.991211,-10970.633789,24.642578
2257,-11887.445312,-11881.426758,6.018555
2258,-10629.724609,-10774.666992,144.942383
2259,-11361.489258,-11372.823242,11.333984
2260,-11842.305664,-11812.117188,30.188477
2261,-10985.456055,-10967.461914,17.994141
2262,-9555.535156,-9523.152344,32.382812
2263,-12350.564453,-12320.089844,30.474609
2264,-10435.251953,-10395.828125,39.423828
2265,-11929.158203,-11914.730469,14.427734
2266,-10929.665039,-10934.931641,5.266602
2267,-9929.771484,-9933.201172,3.429688
2268,-12935.253906,-12926.381836,8.872070
2269,-11965.455078,-11947.766602,17.688477
2270,-11533.681641,-11542.397461,8.715820
2271,-11956.466797,-11948.336914,8.129883
2272,-11547.628906,-11542.353516,5.275391
2273,-12921.445312,-12894.824219,26.621094
2274,-10573.422852,-10565.617188,7.805664
2275,-11575.401367,-11576.084961,0.683594
2276,-12793.609375,-12820.156250,26.546875
2277,-11383.498047,-11372.411133,11.086914
2278,-10445.125000,-10532.934570,87.809570
2279,-9984.310547,-9957.411133,26.899414
2280,-9974.613281,-9959.261719,15.351562
2281,-11516.975586,-11510.463867,6.511719
2282,-10935.054688,-10936.551758,1.497070
2283,-10562.609375,-10565.410156,2.800781
2284,-10958.958984,-10969.914062,10.955078
2285,-11983.296875,-11981.503906,1.792969
2286,-10920.481445,-10905.354492,15.126953
2287,-10989.334961,-10968.549805,20.785156
2288,-9938.693359,-9934.694336,3.999023
2289,-11960.285156,-11948.158203,12.126953
2290,-9927.784180,-9932.553711,4.769531
2291,-10875.658203,-10904.781250,29.123047
2292,-11593.173828,-11575.925781,17.248047
2293,-9652.486328,-9620.973633,31.512695
2294,-10383.274414,-10438.641602,55.367188
2295,-11388.712891,-11372.499023,16.213867
2296,-12388.359375,-12385.576172,2.783203
2297,-13267.575195,-13332.687500,65.112305
2298,-11868.020508,-11915.854492,47.833984
2299,-10574.419922,-10566.747070,7.672852
2300,-7402.535645,-7449.371094,46.835449
2301,-10614.397461,-10599.304688,15.092773
2302,-12358.181641,-12350.504883,7.676758
2303,-10539.976562,-10540.129883,0.153320
2304,-13357.587891,-13395.397461,37.809570
2305,-9932.693359,-9925.364258,7.329102
2306,-7854.787109,-8452.739258,597.952148
2307,-9400.383789,-9431.106445,30.722656
2308,-11951.939453,-11947.402344,4.537109
2309,-10503.461914,-10500.369141,3.092773
2310,-12154.388672,-11316.956055,837.432617
2311,-11861.892578,-11849.132812,12.759766
2312,-10007.489258,-9990.997070,16.492188
2313,-12821.997070,-12863.036133,41.039062
2314,-12483.687500,-12489.636719,5.949219
2315,-11818.222656,-11850.197266,31.974609
2316,-12798.544922,-12790.422852,8.122070
2317,-11974.931641,-11948.230469,26.701172
2318,-11520.752930,-11510.437500,10.315430
2319,-11525.166992,-11510.712891,14.454102
2320,-11594.572266,-11577.092773,17.479492
2321,-12222.640625,-12279.113281,56.472656
2322,-9403.242188,-9496.009766,92.767578
2323,-11360.103516,-11376.694336,16.590820
2324,-9877.772461,-9900.189453,22.416992
2325,-11061.029297,-11271.348633,210.319336
2326,-10937.964844,-10879.531250,58.433594
2327,-10408.482422,-10466.175781,57.693359
2328,-10951.588867,-10970.886719,19.297852
2329,-10915.341797,-10905.148438,10.193359
2330,-10557.490234,-10564.963867,7.473633
2331,-11437.547852,-11408.486328,29.061523
2332,-9432.908203,-9360.313477,72.594727
2333,-12455.568359,-12456.560547,0.992188
2334,-10252.503906,-10338.694336,86.190430
2335,-11595.131836,-11577.198242,17.933594
2336,-12042.287109,-12521.589844,479.302734
2337,-10817.557617,-10775.706055,41.851562
2338,-11889.057617,-11915.500977,26.443359
2339,-11551.747070,-11543.011719,8.735352
2340,-11511.032227,-11510.980469,0.051758
2341,-11344.222656,-11374.799805,30.577148
2342,-10964.996094,-10969.683594,4.687500
2343,-12210.533203,-12212.937500,2.404297
2344,-10436.417969,-10396.128906,40.289062
2345,-12481.406250,-12488.414062,7.007812
2346,-12329.307617,-12321.639648,7.667969
2347,-10986.913086,-11002.265625,15.352539
2348,-10891.418945,-10904.353516,12.934570
2349,-11481.950195,-11477.329102,4.621094
2350,-12407.394531,-12384.028320,23.366211
2351,-10504.422852,-10500.247070,4.175781
2352,-9553.923828,-9430.901367,123.022461
2353,-10917.400391,-10961.196289,43.795898
2354,-11379.898438,-11339.361328,40.537109
2355,-11845.402344,-11946.513672,101.111328
2356,-11005.858398,-11001.582031,4.276367
2357,-10847.502930,-10877.700195,30.197266
2358,-10928.376953,-10938.229492,9.852539
2359,-11019.104492,-11002.408203,16.696289
2360,-12353.569336,-12353.086914,0.482422
2361,-11420.604492,-11439.260742,18.656250
2362,-11313.924805,-11342.180664,28.255859
2363,-11364.392578,-11373.987305,9.594727
2364,-11202.600586,-11285.538086,82.937500
2365,-10404.043945,-10359.668945,44.375000
2366,-10981.362305,-10970.684570,10.677734
2367,-10896.150391,-10901.631836,5.481445
2368,-10897.269531,-10903.516602,6.247070
2369,-11019.950195,-11004.581055,15.369141
2370,-8223.623047,-8232.683594,9.060547
2371,-10543.210938,-10532.524414,10.686523
2372,-10995.177734,-10813.263672,181.914062
2373,-12567.593750,-12554.533203,13.060547
2374,-11551.448242,-11544.851562,6.596680
2375,-10497.887695,-10500.391602,2.503906
2376,-11439.660156,-11445.133789,5.473633
2377,-12499.266602,-12489.737305,9.529297
2378,-10308.875977,-10304.574219,4.301758
2379,-10950.737305,-10971.163086,20.425781
2380,-10551.903320,-10474.406250,77.497070
2381,-9328.541016,-9429.571289,101.030273
2382,-10551.500977,-10532.894531,18.606445
2383,-11396.885742,-11403.658203,6.772461
2384,-11469.540039,-11443.554688,25.985352
2385,-10997.844727,-10969.791992,28.052734
2386,-11825.746094,-11811.979492,13.766602
2387,-12596.505859,-12790.126953,193.621094
2388,-10801.365234,-10832.241211,30.875977
2389,-13971.573242,-13937.680664,33.892578
2390,-8535.382812,-8460.155273,75.227539
2391,-12032.937500,-11981.416016,51.521484
2392,-11954.171875,-11946.910156,7.261719
2393,-11938.624023,-11947.379883,8.755859
2394,-10951.418945,-10939.823242,11.595703
2395,-10568.463867,-10565.841797,2.622070
2396,-11371.727539,-11374.257812,2.530273
2397,-11012.040039,-11002.711914,9.328125
2398,-11518.726562,-11511.318359,7.408203
2399,-11537.682617,-11542.755859,5.073242
2400,-11399.190430,-11375.156250,24.034180
2401,-10489.876953,-10499.800781,9.923828
2402,-10620.023438,-10507.328125,112.695312
2403,-11891.458008,-11947.461914,56.003906
2404,-10877.533203,-10912.175781,34.642578
2405,-10456.582031,-10441.629883,14.952148
2406,-11402.604492,-11372.772461,29.832031
2407,-10505.888672,-10500.026367,5.862305
2408,-11494.929688,-11510.875000,15.945312
2409,-11587.400391,-11543.832031,43.568359
2410,-11904.091797,-11881.402344,22.689453
2411,-9855.665039,-9901.576172,45.911133
2412,-10472.539062,-10464.879883,7.659180
2413,-11969.986328,-11978.383789,8.397461
2414,-11953.734375,-11949.155273,4.579102
2415,-10506.150391,-10499.147461,7.002930
2416,-10920.871094,-10937.190430,16.319336
2417,-10941.045898,-10935.197266,5.848633
2418,-12383.374023,-12353.458984,29.915039
2419,-11956.377930,-11947.825195,8.552734
2420,-8149.085449,-9521.471680,1372.386230
2421,-11956.846680,-11915.925781,40.920898
2422,-11854.613281,-11881.683594,27.070312
2423,-10498.126953,-10499.850586,1.723633
2424,-12384.674805,-12353.316406,31.358398
2425,-9961.434570,-9931.530273,29.904297
2426,-9961.632812,-9958.879883,2.752930
2427,-11486.795898,-11478.644531,8.151367
2428,-12900.301758,-12904.213867,3.912109
2429,-11930.730469,-11914.866211,15.864258
2430,-11784.918945,-11812.029297,27.110352
2431,-12414.088867,-12417.335938,3.247070
2432,-10986.389648,-11001.312500,14.922852
2433,-11953.678711,-11947.876953,5.801758
2434,-10938.158203,-10935.464844,2.693359
2435,-9844.275391,-9892.883789,48.608398
2436,-11938.013672,-11915.108398,22.905273
2437,-11532.450195,-11512.256836,20.193359
2438,-9520.526367,-9521.178711,0.652344
2439,-10940.253906,-10934.988281,5.265625
2440,-12885.698242,-12926.534180,40.835938
2441,-11343.547852,-11374.331055,30.783203
2442,-10998.585938,-11000.957031,2.371094
2443,-12485.340820,-12486.655273,1.314453
2444,-9981.206055,-9993.665039,12.458984
2445,-11521.786133,-11510.375000,11.411133
2446,-12197.782227,-12248.125977,50.343750
2447,-10569.207031,-10565.451172,3.755859
2448,-11944.426758,-11947.840820,3.414062
2449,-10848.405273,-10839.861328,8.543945
2450,-9947.537109,-9959.505859,11.968750
2451,-10546.580078,-10532.255859,14.324219
2452,-11048.744141,-11036.745117,11.999023
2453,-12474.320312,-12455.194336,19.125977
2454,-10908.882812,-10937.593750,28.710938
2455,-11676.064453,-11675.609375,0.455078
2456,-10990.824219,-10970.502930,20.321289
2457,-9502.444336,-9489.267578,13.176758
2458,-12520.041992,-12488.641602,31.400391
2459,-10413.816406,-10364.093750,49.722656
2460,-12461.953125,-12454.799805,7.153320
2461,-12221.941406,-12215.931641,6.009766
2462,-10352.882812,-10339.065430,13.817383
2463,-11934.618164,-11915.990234,18.627930
2464,-9450.587891,-9429.721680,20.866211
2465,-11561.504883,-11542.636719,18.868164
2466,-13353.184570,-13364.418945,11.234375
2467,-10469.857422,-10466.097656,3.759766
2468,-10098.462891,-10362.972656,264.509766
2469,-11917.216797,-11914.286133,2.930664
2470,-11381.960938,-11374.872070,7.088867
2471,-11006.656250,-11001.701172,4.955078
2472,-12488.035156,-12486.094727,1.940430
2473,-11558.526367,-11544.869141,13.657227
2474,-10606.906250,-10566.538086,40.368164
2475,-10947.308594,-10935.897461,11.411133
2476,-11936.259766,-11915.436523,20.823242
2477,-12567.002930,-12554.194336,12.808594
2478,-12329.074219,-12353.844727,24.770508
2479,-12524.220703,-12520.623047,3.597656
2480,-13180.593750,-13223.509766,42.916016
2481,-12889.738281,-12926.954102,37.215820
2482,-11150.638672,-10879.588867,271.049805
2483,-11928.520508,-11944.385742,15.865234
2484,-11965.026367,-11948.231445,16.794922
2485,-12858.312500,-12902.931641,44.619141
2486,-11648.776367,-11609.138672,39.637695
2487,-12492.448242,-12486.765625,5.682617
2488,-9948.820312,-9924.172852,24.647461
2489,-11806.769531,-11811.325195,4.555664
2490,-9168.016602,-8584.940430,583.076172
2491,-10616.092773,-10598.397461,17.695312
2492,-12929.917969,-12960.485352,30.567383
2493,-10002.085938,-9989.996094,12.089844
2494,-11866.702148,-11845.147461,21.554688
2495,-10520.645508,-10500.174805,20.470703
2496,-10442.672852,-10397.375977,45.296875
2497,-10959.356445,-10970.786133,11.429688
2498,-11342.986328,-11374.403320,31.416992
2499,-10609.339844,-10599.455078,9.884766
2500,-9542.619141,-9522.070312,20.548828
2501,-7348.666016,-7483.472168,134.806152
2502,-10574.374023,-10565.705078,8.668945
2503,-9542.597656,-9496.667969,45.929688
2504,-11446.483398,-11407.578125,38.905273
2505,-12356.509766,-12384.819336,28.309570
2506,-8054.468750,-7349.719727,704.749023
2507,-11988.447266,-11980.038086,8.409180
2508,-9571.420898,-9587.621094,16.200195
2509,-9425.498047,-9236.274414,189.223633
2510,-11957.583984,-11949.125977,8.458008
2511,-9558.650391,-9556.389648,2.260742
2512,-11471.517578,-11477.909180,6.391602
2513,-7886.694824,-7754.269043,132.425781
2514,-11511.469727,-11511.163086,0.306641
2515,-9973.784180,-9959.220703,14.563477
2516,-10996.839844,-10968.416992,28.422852
2517,-11675.781250,-11675.631836,0.149414
2518,-9530.705078,-9496.276367,34.428711
2519,-10544.552734,-10534.521484,10.031250
2520,-10947.484375,-10934.221680,13.262695
2521,-12551.556641,-12553.428711,1.872070
2522,-11532.521484,-11477.901367,54.620117
2523,-11479.832031,-11478.750977,1.081055
2524,-11478.871094,-11478.527344,0.343750
2525,-9996.424805,-9958.570312,37.854492
2526,-10539.336914,-10533.592773,5.744141
2527,-11534.146484,-11510.884766,23.261719
2528,-10502.185547,-10499.851562,2.333984
2529,-12346.518555,-12354.417969,7.899414
2530,-10979.849609,-10968.948242,10.901367
2531,-11228.516602,-10847.523438,380.993164
2532,-11544.146484,-11512.750000,31.396484
2533,-11027.135742,-11036.695312,9.559570
2534,-10916.438477,-10972.034180,55.595703
2535,-11506.950195,-11512.167969,5.217773
2536,-11379.503906,-11371.098633,8.405273
2537,-11030.430664,-11001.892578,28.538086
2538,-11426.898438,-11406.940430,19.958008
2539,-12391.796875,-12352.037109,39.759766
2540,-10592.903320,-10566.096680,26.806641
2541,-11498.985352,-11510.701172,11.715820
2542,-10517.976562,-10532.845703,14.869141
2543,-10350.843750,-10409.791992,58.948242
2544,-9870.991211,-9901.312500,30.321289
2545,-10963.489258,-10938.122070,25.367188
2546,-12479.500000,-12486.626953,7.126953
2547,-10945.540039,-10936.823242,8.716797
2548,-11532.460938,-11541.853516,9.392578
2549,-11868.181641,-11812.856445,55.325195
2550,-10375.433594,-10395.044922,19.611328
2551,-11936.894531,-11947.811523,10.916992
2552,-9506.326172,-9497.500977,8.825195
2553,-10954.558594,-10970.258789,15.700195
2554,-11944.238281,-11948.672852,4.434570
2555,-10931.344727,-10971.669922,40.325195
2556,-10985.506836,-11001.345703,15.838867
2557,-13514.207031,-13532.414062,18.207031
2558,-11945.374023,-11948.310547,2.936523
2559,-11337.978516,-11272.888672,65.089844
2560,-9894.675781,-9901.346680,6.670898
2561,-11555.693359,-11543.428711,12.264648
2562,-11930.623047,-11946.155273,15.532227
2563,-10978.408203,-10909.718750,68.689453
2564,-11959.270508,-11945.014648,14.255859
2565,-11021.366211,-11001.608398,19.757812
2566,-9586.126953,-8519.828125,1066.298828
2567,-11796.924805,-11810.470703,13.545898
2568,-11410.910156,-11407.579102,3.331055
2569,-12016.707031,-12014.435547,2.271484
2570,-11549.419922,-11542.666992,6.752930
2571,-10860.851562,-10879.876953,19.025391
2572,-10519.361328,-10339.197266,180.164062
2573,-9763.609375,-9810.709961,47.100586
2574,-10932.966797,-10938.671875,5.705078
2575,-11284.186523,-11341.179688,56.993164
2576,-10938.445312,-10937.246094,1.199219
2577,-10561.772461,-10566.155273,4.382812
2578,-12649.607422,-12791.043945,141.436523
2579,-11836.191406,-11844.722656,8.531250
2580,-10385.165039,-10398.310547,13.145508
2581,-10516.559570,-10498.677734,17.881836
2582,-10445.932617,-10427.431641,18.500977
2583,-10323.291992,-10329.421875,6.129883
2584,-10580.258789,-10565.175781,15.083008
2585,-9949.625000,-9809.716797,139.908203
2586,-10984.891602,-10971.854492,13.037109
2587,-11337.461914,-11238.709961,98.751953
2588,-9551.644531,-9555.001953,3.357422
2589,-10806.971680,-10802.456055,4.515625
2590,-10849.753906,-10832.729492,17.024414
2591,-10547.819336,-10564.779297,16.959961
2592,-10966.696289,-10969.698242,3.001953
2593,-11540.782227,-11542.615234,1.833008
2594,-10873.246094,-10834.426758,38.819336
2595,-11938.356445,-11948.336914,9.980469
2596,-11381.461914,-11406.837891,25.375977
2597,-11691.712891,-11675.570312,16.142578
2598,-11998.643555,-11980.929688,17.713867
2599,-10032.670898,-9990.791016,41.879883
2600,-10330.236328,-10370.868164,40.631836
2601,-10086.240234,-9568.295898,517.944336
2602,-10924.429688,-10902.416016,22.013672
2603,-11566.768555,-11576.318359,9.549805
2604,-12593.742188,-12571.439453,22.302734
2605,-10946.496094,-10936.758789,9.737305
2606,-10937.043945,-10936.599609,0.444336
2607,-11875.377930,-11915.214844,39.836914
2608,-9925.552734,-9924.485352,1.067383
2609,-10944.750977,-10938.435547,6.315430
2610,-12805.203125,-12792.165039,13.038086
2611,-10421.426758,-10429.019531,7.592773
2612,-11928.339844,-11948.189453,19.849609
2613,-10986.953125,-11003.709961,16.756836
2614,-10886.339844,-10902.911133,16.571289
2615,-10991.116211,-11001.743164,10.626953
2616,-11987.701172,-12014.888672,27.187500
2617,-12469.802734,-12488.013672,18.210938
2618,-11361.005859,-11373.157227,12.151367
2619,-9489.885742,-9327.505859,162.379883
2620,-11918.223633,-11915.594727,2.628906
2621,-11032.360352,-11001.357422,31.002930
2622,-11310.046875,-11341.348633,31.301758
2623,-10985.108398,-10969.271484,15.836914
2624,-11603.884766,-11609.086914,5.202148
2625,-11941.272461,-11915.471680,25.800781
2626,-11986.524414,-12013.265625,26.741211
2627,-9971.466797,-9958.766602,12.700195
2628,-11368.624023,-11375.157227,6.533203
2629,-12353.153320,-12386.372070,33.218750
2630,-10959.370117,-10969.498047,10.127930
2631,-11969.926758,-11980.112305,10.185547
2632,-9932.265625,-9958.272461,26.006836
2633,-11342.505859,-11341.533203,0.972656
2634,-11916.753906,-11948.339844,31.585938
2635,-10783.668945,-10768.805664,14.863281
2636,-8444.278320,-8337.114258,107.164062
2637,-10941.351562,-10936.128906,5.222656
2638,-12484.218750,-12489.255859,5.037109
2639,-9340.597656,-9290.865234,49.732422
2640,-10376.377930,-10330.998047,45.379883
2641,-11886.817383,-11914.133789,27.316406
2642,-11925.395508,-11947.794922,22.399414
2643,-10384.347656,-10365.102539,19.245117
2644,-11937.177734,-11947.686523,10.508789
2645,-10429.217773,-10427.965820,1.251953
2646,-11812.275391,-11811.720703,0.554688
2647,-12936.989258,-12958.249023,21.259766
2648,-9983.030273,-9958.052734,24.977539
2649,-12477.420898,-12488.220703,10.799805
2650,-10969.978516,-10967.916016,2.062500
2651,-12496.063477,-12488.665039,7.398438
2652,-11947.828125,-11947.957031,0.128906
2653,-11370.168945,-11374.211914,4.042969
2654,-12635.702148,-12570.833008,64.869141
2655,-11518.301758,-11510.641602,7.660156
2656,-11005.182617,-11004.553711,0.628906
2657,-9574.566406,-9554.599609,19.966797
2658,-11412.569336,-11406.416016,6.153320
2659,-10516.776367,-10502.383789,14.392578
2660,-10973.458984,-10969.358398,4.100586
2661,-11278.217773,-11237.407227,40.810547
2662,-10952.922852,-11001.886719,48.963867
2663,-11884.210938,-11877.676758,6.534180
2664,-10939.699219,-10936.256836,3.442383
2665,-11912.421875,-11916.010742,3.588867
2666,-11932.196289,-11915.137695,17.058594
2667,-10968.932617,-10912.479492,56.453125
2668,-11554.791992,-11510.545898,44.246094
2669,-10539.611328,-10534.180664,5.430664
2670,-10533.736328,-10531.755859,1.980469
2671,-11923.467773,-11913.068359,10.399414
2672,-9616.615234,-9554.628906,61.986328
2673,-11850.354492,-11811.255859,39.098633
2674,-11772.966797,-11810.709961,37.743164
2675,-11976.379883,-11982.087891,5.708008
2676,-11010.554688,-10970.331055,40.223633
2677,-11537.843750,-11544.549805,6.706055
2678,-11584.248047,-11576.285156,7.962891
2679,-11942.997070,-11914.082031,28.915039
2680,-9251.486328,-9236.907227,14.579102
2681,-13041.966797,-12958.590820,83.375977
2682,-10604.972656,-10599.089844,5.882812
2683,-10966.384766,-10968.976562,2.591797
2684,-11360.631836,-11410.593750,49.961914
2685,-10943.991211,-10938.364258,5.626953
2686,-10937.427734,-10903.578125,33.849609
2687,-10429.128906,-10473.639648,44.510742
2688,-12916.556641,-12925.684570,9.127930
2689,-11378.537109,-11405.535156,26.998047
2690,-11928.668945,-11913.861328,14.807617
2691,-11410.899414,-11407.232422,3.666992
2692,-11563.073242,-11576.140625,13.067383
2693,-12423.458984,-12384.614258,38.844727
2694,-11770.483398,-10910.073242,860.410156
2695,-11529.958984,-11543.717773,13.758789
2696,-11508.883789,-11511.653320,2.769531
2697,-9567.020508,-9554.788086,12.232422
2698,-9566.638672,-9554.279297,12.359375
2699,-10824.537109,-10800.330078,24.207031
2700,-10449.643555,-10408.250000,41.393555
2701,-10367.448242,-10441.150391,73.702148
2702,-9966.719727,-9991.850586,25.130859
2703,-9984.610352,-9956.471680,28.138672
2704,-11441.319336,-11407.058594,34.260742
2705,-10377.950195,-10474.880859,96.930664
2706,-10522.154297,-10532.541016,10.386719
2707,-10948.080078,-10945.375000,2.705078
2708,-12931.438477,-12925.813477,5.625000
2709,-11965.744141,-11948.579102,17.165039
2710,-8932.588867,-8922.132812,10.456055
2711,-10935.716797,-10938.265625,2.548828
2712,-11441.134766,-11440.572266,0.562500
2713,-11350.346680,-11341.529297,8.817383
2714,-12884.565430,-12925.106445,40.541016
2715,-11868.560547,-11915.114258,46.553711
2716,-12541.345703,-12553.177734,11.832031
2717,-10952.779297,-10935.582031,17.197266
2718,-10978.665039,-10939.249023,39.416016
2719,-11468.625977,-11476.301758,7.675781
2720,-11400.182617,-11406.968750,6.786133
2721,-12042.829102,-11981.989258,60.839844
2722,-10975.987305,-10968.576172,7.411133
2723,-12383.181641,-12353.995117,29.186523
2724,-10540.273438,-10533.064453,7.208984
2725,-11555.638672,-11542.560547,13.078125
2726,-10326.065430,-10332.175781,6.110352
2727,-11816.206055,-11844.945312,28.739258
2728,-11436.610352,-11440.491211,3.880859
2729,-8359.812500,-8427.693359,67.880859
2730,-11476.805664,-11478.152344,1.346680
2731,-11508.710938,-11510.474609,1.763672
2732,-10502.357422,-10499.763672,2.593750
2733,-11919.000000,-11916.392578,2.607422
2734,-11530.149414,-11542.347656,12.198242
2735,-10971.537109,-10935.825195,35.711914
2736,-7953.829102,-8324.150391,370.321289
2737,-11542.951172,-11543.552734,0.601562
2738,-9371.087891,-9463.000000,91.912109
2739,-10509.007812,-10498.835938,10.171875
2740,-10547.340820,-10533.024414,14.316406
2741,-7510.452148,-7448.638672,61.813477
2742,-10961.352539,-10967.751953,6.399414
2743,-11464.757812,-11511.616211,46.858398
2744,-10887.083008,-10872.981445,14.101562
2745,-10561.255859,-10566.262695,5.006836
2746,-10598.210938,-10598.192383,0.018555
2747,-11971.258789,-11948.221680,23.037109
2748,-10502.808594,-10498.048828,4.759766
2749,-11953.673828,-11948.149414,5.524414
2750,-10810.979492,-10879.572266,68.592773
2751,-10314.734375,-10305.143555,9.590820
2752,-10952.756836,-10935.322266,17.434570
2753,-10946.769531,-10936.218750,10.550781
2754,-11543.832031,-11543.459961,0.372070
2755,-11792.666016,-11813.788086,21.122070
2756,-11002.534180,-11001.048828,1.485352
2757,-10359.961914,-10364.329102,4.367188
2758,-12742.850586,-12787.984375,45.133789
2759,-10562.567383,-10564.529297,1.961914
2760,-11954.176758,-11978.204102,24.027344
2761,-9869.750000,-9958.431641,88.681641
2762,-11505.281250,-11510.899414,5.618164
2763,-12367.627930,-12385.119141,17.491211
2764,-8986.171875,-8921.989258,64.182617
2765,-10552.589844,-10532.086914,20.502930
2766,-10982.421875,-11000.495117,18.073242
2767,-10562.183594,-10566.431641,4.248047
2768,-12202.685547,-12354.295898,151.610352
2769,-10842.680664,-10835.442383,7.238281
2770,-11948.635742,-11948.994141,0.358398
2771,-10550.020508,-10533.487305,16.533203
2772,-11996.143555,-11981.993164,14.150391
2773,-9472.650391,-8452.380859,1020.269531
2774,-11529.193359,-11576.906250,47.712891
2775,-11013.628906,-11001.488281,12.140625
2776,-9211.967773,-9302.630859,90.663086
2777,-10402.560547,-10498.810547,96.250000
2778,-12142.111328,-12145.211914,3.100586
2779,-12415.317383,-12386.193359,29.124023
2780,-12965.375977,-12958.605469,6.770508
2781,-11501.905273,-11508.862305,6.957031
2782,-11571.429688,-11577.538086,6.108398
2783,-10490.979492,-10499.833008,8.853516
2784,-9387.776367,-8519.961914,867.814453
2785,-12522.460938,-12521.450195,1.010742
2786,-12504.654297,-12521.199219,16.544922
2787,-11193.308594,-11238.838867,45.530273
2788,-12329.659180,-12351.662109,22.002930
2789,-13278.233398,-13364.036133,85.802734
2790,-10819.181641,-10845.142578,25.960938
2791,-11878.021484,-11844.460938,33.560547
2792,-11142.006836,-11236.973633,94.966797
2793,-11801.489258,-11810.208984,8.719727
2794,-11439.760742,-11445.554688,5.793945
2795,-11494.609375,-11510.106445,15.497070
2796,-9481.873047,-9455.760742,26.112305
2797,-10476.284180,-10468.632812,7.651367
2798,-10791.520508,-10764.996094,26.524414
2799,-12642.375000,-12789.243164,146.868164
2800,-12892.582031,-12894.006836,1.424805
2801,-10792.298828,-10844.802734,52.503906
2802,-10546.392578,-10533.298828,13.093750
2803,-10832.369141,-10744.290039,88.079102
2804,-12469.567383,-12490.327148,20.759766
2805,-9572.783203,-9522.442383,50.340820
2806,-9955.117188,-9960.405273,5.288086
2807,-10925.469727,-10938.010742,12.541016
2808,-10577.128906,-10566.193359,10.935547
2809,-10892.231445,-10912.230469,19.999023
2810,-12340.739258,-12386.504883,45.765625
2811,-9572.016602,-9326.137695,245.878906
2812,-11339.308594,-11339.896484,0.587891
2813,-11864.073242,-11948.684570,84.611328
2814,-11531.095703,-11541.672852,10.577148
2815,-11544.027344,-11542.490234,1.537109
2816,-10952.730469,-10936.791992,15.938477
2817,-8901.732422,-8863.562500,38.169922
2818,-11483.692383,-11479.407227,4.285156
2819,-11895.607422,-11949.103516,53.496094
2820,-11944.698242,-11946.691406,1.993164
2821,-10946.250977,-10935.455078,10.795898
2822,-10924.637695,-11270.176758,345.539062
2823,-11535.898438,-11543.782227,7.883789
2824,-9778.816406,-9901.092773,122.276367
2825,-11897.461914,-11915.687500,18.225586
2826,-10999.196289,-11002.922852,3.726562
2827,-11585.460938,-11576.900391,8.560547
2828,-10600.745117,-10598.807617,1.937500
2829,-11949.583008,-11947.970703,1.612305
2830,-10505.215820,-10500.141602,5.074219
2831,-12542.773438,-12520.515625,22.257812
2832,-9226.478516,-9429.597656,203.119141
2833,-10571.575195,-10565.151367,6.423828
2834,-10433.765625,-10427.132812,6.632812
2835,-11499.064453,-11509.410156,10.345703
2836,-10968.945312,-10968.081055,0.864258
2837,-10851.958984,-10911.329102,59.370117
2838,-12778.073242,-12860.526367,82.453125
2839,-11969.666992,-11948.882812,20.784180
2840,-13474.632812,-13444.412109,30.220703
2841,-11920.296875,-11947.728516,27.431641
2842,-11017.005859,-11003.862305,13.143555
2843,-9468.202148,-9496.829102,28.626953
2844,-11930.960938,-11947.264648,16.303711
2845,-11797.898438,-11812.428711,14.530273
2846,-11384.856445,-11373.357422,11.499023
2847,-12393.835938,-12350.261719,43.574219
2848,-9600.367188,-9555.833008,44.534180
2849,-9291.178711,-9269.726562,21.452148
2850,-11596.940430,-11575.642578,21.297852
2851,-10496.094727,-10474.351562,21.743164
2852,-11913.389648,-11948.270508,34.880859
2853,-12515.771484,-12522.085938,6.314453
2854,-11518.496094,-11508.931641,9.564453
2855,-10756.967773,-10800.663086,43.695312
2856,-10718.425781,-11270.925781,552.500000
2857,-10386.053711,-10364.164062,21.889648
2858,-10391.257812,-10337.833984,53.423828
2859,-9563.530273,-9490.370117,73.160156
2860,-11915.746094,-11949.505859,33.759766
2861,-11509.743164,-11543.411133,33.667969
2862,-9472.309570,-9495.478516,23.168945
2863,-10472.276367,-10440.688477,31.587891
2864,-12061.236328,-12014.753906,46.482422
2865,-11513.015625,-11510.707031,2.308594
2866,-12521.174805,-12521.375000,0.200195
2867,-9509.642578,-9521.303711,11.661133
2868,-12313.664062,-12321.250000,7.585938
2869,-11497.033203,-11486.424805,10.608398
2870,-11633.382812,-11608.865234,24.517578
2871,-11249.777344,-11270.232422,20.455078
2872,-8504.610352,-8427.523438,77.086914
2873,-9395.708984,-9371.063477,24.645508
2874,-11512.678711,-11510.826172,1.852539
2875,-10939.160156,-10775.057617,164.102539
2876,-10524.405273,-10532.969727,8.564453
2877,-11939.530273,-11913.796875,25.733398
2878,-11561.726562,-11544.527344,17.199219
2879,-10946.386719,-10903.208984,43.177734
2880,-11882.384766,-11949.945312,67.560547
2881,-11333.375000,-11269.706055,63.668945
2882,-11495.026367,-11511.657227,16.630859
2883,-10925.774414,-10933.847656,8.073242
2884,-11584.842773,-11575.809570,9.033203
2885,-10959.226562,-10937.764648,21.461914
2886,-10977.991211,-10969.071289,8.919922
2887,-15551.203125,-15613.668945,62.465820
2888,-10988.033203,-10970.714844,17.318359
2889,-11509.633789,-11511.693359,2.059570
2890,-10493.636719,-10506.800781,13.164062
2891,-11926.557617,-11916.541016,10.016602
2892,-11367.360352,-11341.862305,25.498047
2893,-11543.611328,-11541.708984,1.902344
2894,-10465.358398,-10498.885742,33.527344
2895,-10495.497070,-10501.182617,5.685547
2896,-10479.165039,-10465.562500,13.602539
2897,-8695.877930,-8485.222656,210.655273
2898,-10583.275391,-10564.348633,18.926758
2899,-11465.670898,-11477.375977,11.705078
2900,-11952.752930,-11947.947266,4.805664
2901,-11361.487305,-11342.660156,18.827148
2902,-12981.757812,-12958.905273,22.852539
2903,-10916.091797,-10935.162109,19.070312
2904,-12513.697266,-12520.847656,7.150391
2905,-10828.894531,-10865.594727,36.700195
2906,-11419.153320,-11440.236328,21.083008
2907,-10964.000000,-10970.075195,6.075195
2908,-8614.228516,-8697.049805,82.821289
2909,-11575.341797,-11544.893555,30.448242
2910,-10975.604492,-10910.264648,65.339844
2911,-9688.148438,-9462.851562,225.296875
2912,-10555.150391,-10533.200195,21.950195
2913,-9931.330078,-9923.602539,7.727539
2914,-11834.811523,-11811.161133,23.650391
2915,-10506.781250,-10499.478516,7.302734
2916,-12779.217773,-12790.225586,11.007812
2917,-9497.322266,-9487.587891,9.734375
2918,-11924.217773,-11949.040039,24.822266
2919,-11547.740234,-11544.310547,3.429688
2920,-9666.399414,-9301.640625,364.758789
2921,-10515.810547,-10532.795898,16.985352
2922,-10917.017578,-10903.553711,13.463867
2923,-9571.671875,-9521.189453,50.482422
2924,-12499.567383,-12521.075195,21.507812
2925,-12215.840820,-12247.117188,31.276367
2926,-12395.500000,-12353.929688,41.570312
2927,-10962.449219,-10968.550781,6.101562
2928,-11611.963867,-11609.325195,2.638672
2929,-10889.833008,-10903.367188,13.534180
2930,-10935.698242,-10938.738281,3.040039
2931,-10543.849609,-10534.166992,9.682617
2932,-12312.743164,-12352.888672,40.145508
2933,-11515.932617,-11508.547852,7.384766
2934,-10545.464844,-10532.965820,12.499023
2935,-10997.305664,-10971.380859,25.924805
2936,-11401.923828,-11407.868164,5.944336
2937,-12447.836914,-12457.311523,9.474609
2938,-8361.063477,-9523.727539,1162.664062
2939,-10586.531250,-10566.557617,19.973633
2940,-10456.710938,-10467.026367,10.315430
2941,-11195.982422,-11146.181641,49.800781
2942,-12313.831055,-12353.931641,40.100586
2943,-10784.465820,-10833.190430,48.724609
2944,-11352.560547,-11342.403320,10.157227
2945,-13494.083008,-13499.001953,4.918945
2946,-11502.618164,-11511.235352,8.617188
2947,-11000.985352,-11001.703125,0.717773
2948,-10893.479492,-10906.108398,12.628906
2949,-10501.008789,-10500.023438,0.985352
2950,-11967.449219,-11947.239258,20.209961
2951,-9515.698242,-8805.140625,710.557617
2952,-10874.933594,-10912.249023,37.315430
2953,-11973.816406,-11948.849609,24.966797
2954,-10606.728516,-10598.330078,8.398438
2955,-10972.606445,-10934.100586,38.505859
2956,-11407.005859,-11407.655273,0.649414
2957,-11530.543945,-11543.438477,12.894531
2958,-12489.510742,-12488.346680,1.164062
2959,-11504.878906,-11511.170898,6.291992
2960,-11345.606445,-11339.593750,6.012695
2961,-11337.817383,-11372.411133,34.593750
2962,-11409.295898,-11372.496094,36.799805
2963,-11931.839844,-11947.979492,16.139648
2964,-11469.838867,-11477.134766,7.295898
2965,-9992.201172,-9991.114258,1.086914
2966,-10970.062500,-10969.298828,0.763672
2967,-11272.160156,-11374.344727,102.184570
2968,-11327.422852,-11342.761719,15.338867
2969,-9379.711914,-9588.979492,209.267578
2970,-10989.338867,-10970.376953,18.961914
2971,-11282.999023,-11270.906250,12.092773
2972,-10961.284180,-10970.486328,9.202148
2973,-7909.964844,-7887.831543,22.133301
2974,-9550.571289,-9554.535156,3.963867
2975,-10467.189453,-10466.537109,0.652344
2976,-9786.825195,-9901.107422,114.282227
2977,-10996.430664,-11001.705078,5.274414
2978,-11337.739258,-11398.339844,60.600586
2979,-9413.008789,-9397.755859,15.252930
2980,-10538.743164,-10532.665039,6.078125
2981,-9902.173828,-9923.458008,21.284180
2982,-10486.726562,-10506.659180,19.932617
2983,-10559.916016,-10565.463867,5.547852
2984,-10093.981445,-9933.260742,160.720703
2985,-10928.016602,-10937.039062,9.022461
2986,-8439.677734,-8395.803711,43.874023
2987,-10968.438477,-10969.345703,0.907227
2988,-11502.048828,-11510.240234,8.191406
2989,-10378.585938,-10362.656250,15.929688
2990,-11894.674805,-11915.879883,21.205078
2991,-9075.216797,-8889.427734,185.789062
2992,-11501.053711,-11478.638672,22.415039
2993,-11534.985352,-11544.131836,9.146484
2994,-11435.287109,-11420.391602,14.895508
2995,-12367.185547,-12350.880859,16.304688
2996,-10828.951172,-10833.494141,4.542969
2997,-12973.294922,-12957.332031,15.962891
2998,-12499.844727,-12489.931641,9.913086
2999,-9521.175781,-9521.440430,0.264648
3000,-11325.330078,-11339.906250,14.576172
3001,-11342.756836,-11373.945312,31.188477
3002,-10958.761719,-10938.025391,20.736328
3003,-10594.576172,-10598.626953,4.050781
3004,-10923.475586,-10936.490234,13.014648
3005,-10561.478516,-10565.173828,3.695312
3006,-11927.950195,-11913.258789,14.691406
3007,-10999.135742,-11002.708984,3.573242
3008,-11947.206055,-11945.103516,2.102539
3009,-11518.937500,-11477.455078,41.482422
3010,-11940.468750,-11947.472656,7.003906
3011,-10493.268555,-10499.772461,6.503906
3012,-8299.915039,-8924.485352,624.570312
3013,-11546.094727,-11543.620117,2.474609
3014,-11949.811523,-11947.577148,2.234375
3015,-11922.634766,-11915.753906,6.880859
3016,-12013.527344,-11948.578125,64.949219
3017,-10304.469727,-10327.459961,22.990234
3018,-12356.788086,-12386.438477,29.650391
3019,-11536.531250,-11542.905273,6.374023
3020,-11496.824219,-11509.487305,12.663086
3021,-8436.970703,-7853.954102,583.016602
3022,-10056.337891,-10025.998047,30.339844
3023,-11548.415039,-11543.851562,4.563477
3024,-11515.340820,-11510.508789,4.832031
3025,-10935.852539,-10937.120117,1.267578
3026,-10534.861328,-10534.629883,0.231445
3027,-11433.027344,-11509.125000,76.097656
3028,-11971.627930,-11981.385742,9.757812
3029,-10945.980469,-10936.909180,9.071289
3030,-11442.605469,-11451.983398,9.377930
3031,-11520.639648,-11511.454102,9.185547
3032,-11522.210938,-11542.007812,19.796875
3033,-11537.956055,-11544.038086,6.082031
3034,-9572.354492,-9554.343750,18.010742
3035,-11414.455078,-11406.440430,8.014648
3036,-9453.359375,-9488.488281,35.128906
3037,-8724.007812,-6346.170898,2377.836914
3038,-12443.191406,-12373.375977,69.815430
3039,-11537.730469,-11543.408203,5.677734
3040,-11574.032227,-11576.104492,2.072266
3041,-11369.343750,-11374.332031,4.988281
3042,-10951.845703,-10968.807617,16.961914
3043,-12221.781250,-11825.421875,396.359375
3044,-12536.009766,-12522.467773,13.541992
3045,-11985.318359,-11979.639648,5.678711
3046,-10499.904297,-10473.879883,26.024414
3047,-10921.958984,-10904.172852,17.786133
3048,-10895.024414,-10906.572266,11.547852
3049,-14202.311523,-14202.466797,0.155273
3050,-9649.272461,-9620.889648,28.382812
3051,-11373.341797,-11373.306641,0.035156
3052,-11362.517578,-11373.623047,11.105469
3053,-11416.906250,-11453.245117,36.338867
3054,-12771.376953,-12787.973633,16.596680
3055,-11527.431641,-11542.203125,14.771484
3056,-10531.632812,-10532.293945,0.661133
3057,-12469.932617,-12488.051758,18.119141
3058,-11499.813477,-11439.494141,60.319336
3059,-10587.574219,-10566.044922,21.529297
3060,-10997.212891,-10847.927734,149.285156
3061,-8368.384766,-8486.578125,118.193359
3062,-14616.921875,-14637.000000,20.078125
3063,-10539.060547,-10533.236328,5.824219
3064,-10398.587891,-10396.145508,2.442383
3065,-10785.005859,-10837.929688,52.923828
3066,-12144.872070,-12215.741211,70.869141
3067,-9518.384766,-9464.926758,53.458008
3068,-10490.851562,-10498.686523,7.834961
3069,-10953.963867,-10936.976562,16.987305
3070,-11538.002930,-11544.626953,6.624023
3071,-15118.739258,-15460.208008,341.468750
3072,-10541.138672,-10532.886719,8.251953
3073,-11010.586914,-11001.138672,9.448242
3074,-11952.662109,-11914.182617,38.479492
3075,-12331.522461,-12351.909180,20.386719
3076,-9478.789062,-9553.881836,75.092773
3077,-12857.160156,-12855.876953,1.283203
3078,-12824.221680,-12820.302734,3.918945
3079,-12366.838867,-12382.445312,15.606445
3080,-10838.100586,-10832.524414,5.576172
3081,-11471.295898,-11475.940430,4.644531
3082,-10346.857422,-10395.965820,49.108398
3083,-11009.974609,-11003.745117,6.229492
3084,-9328.733398,-9438.955078,110.221680
3085,-11475.435547,-11478.600586,3.165039
3086,-13043.677734,-12991.558594,52.119141
3087,-11402.649414,-11408.972656,6.323242
3088,-7839.125000,-7449.341797,389.783203
3089,-10649.394531,-10631.789062,17.605469
3090,-12825.574219,-12891.790039,66.215820
3091,-11552.022461,-11543.666992,8.355469
3092,-11498.542969,-11479.819336,18.723633
3093,-9810.155273,-9869.153320,58.998047
3094,-10527.650391,-10532.771484,5.121094
3095,-9380.790039,-9405.003906,24.213867
3096,-12887.015625,-12891.301758,4.286133
3097,-12927.785156,-12891.820312,35.964844
3098,-12466.318359,-12457.319336,8.999023
3099,-10967.424805,-10936.852539,30.572266
3100,-10537.738281,-10533.439453,4.298828
3101,-11964.744141,-11947.305664,17.438477
3102,-7745.924805,-7821.307617,75.382812
3103,-10415.857422,-10475.792969,59.935547
3104,-13565.011719,-13871.909180,306.897461
3105,-11229.687500,-12150.783203,921.095703
3106,-11512.064453,-11510.409180,1.655273
3107,-11544.947266,-11542.605469,2.341797
3108,-11554.806641,-11543.416016,11.390625
3109,-13597.869141,-13548.284180,49.584961
3110,-12370.770508,-12385.767578,14.997070
3111,-10975.202148,-10968.478516,6.723633
3112,-11499.375000,-11478.652344,20.722656
3113,-13837.001953,-13880.080078,43.078125
3114,-11512.627930,-11511.614258,1.013672
3115,-10569.119141,-10565.092773,4.026367
3116,-10920.174805,-10905.237305,14.937500
3117,-10276.993164,-10329.163086,52.169922
3118,-11274.740234,-11269.852539,4.887695
3119,-11354.812500,-11373.967773,19.155273
3120,-10834.124023,-10832.535156,1.588867
3121,-12703.188477,-12823.488281,120.299805
3122,-9381.233398,-9358.476562,22.756836
3123,-11290.149414,-11341.880859,51.731445
3124,-11532.215820,-11542.694336,10.478516
3125,-11762.088867,-11810.633789,48.544922
3126,-10503.875000,-10499.179688,4.695312
3127,-10484.194336,-10473.741211,10.453125
3128,-11976.167969,-11883.256836,92.911133
3129,-11958.306641,-11948.207031,10.099609
3130,-9983.316406,-9837.028320,146.288086
3131,-9452.595703,-9430.254883,22.340820
3132,-10990.760742,-10970.410156,20.350586
3133,-11291.356445,-11211.561523,79.794922
3134,-11017.753906,-10878.625977,139.127930
3135,-10974.965820,-10936.471680,38.494141
3136,-11514.421875,-11512.026367,2.395508
3137,-8535.113281,-8393.020508,142.092773
3138,-11568.759766,-11544.601562,24.158203
3139,-11882.006836,-11915.393555,33.386719
3140,-10876.465820,-10912.095703,35.629883
3141,-12295.277344,-12385.321289,90.043945
3142,-11491.123047,-11511.583008,20.459961
3143,-11813.834961,-11779.292969,34.541992
3144,-11527.480469,-11510.482422,16.998047
3145,-12418.741211,-12385.861328,32.879883
3146,-11037.650391,-11001.611328,36.039062
3147,-10954.245117,-10935.732422,18.512695
3148,-11943.567383,-11916.093750,27.473633
3149,-12385.567383,-12431.176758,45.609375
3150,-10503.933594,-10499.296875,4.636719
3151,-10917.882812,-10938.344727,20.461914
3152,-10882.531250,-10832.158203,50.373047
3153,-11522.767578,-11509.644531,13.123047
3154,-11429.296875,-11374.810547,54.486328
3155,-9255.588867,-8857.155273,398.433594
3156,-10510.207031,-10499.554688,10.652344
3157,-12487.259766,-12488.584961,1.325195
3158,-10968.076172,-10968.635742,0.559570
3159,-12826.044922,-12821.394531,4.650391
3160,-11883.364258,-11946.899414,63.535156
3161,-11359.372070,-11373.926758,14.554688
3162,-12214.046875,-12247.368164,33.321289
3163,-10013.176758,-9990.849609,22.327148
3164,-10896.256836,-10934.299805,38.042969
3165,-11515.791016,-11509.571289,6.219727
3166,-11516.955078,-11509.179688,7.775391
3167,-9457.761719,-9407.237305,50.524414
3168,-9545.708008,-9529.518555,16.189453
3169,-10561.290039,-10566.106445,4.816406
3170,-12202.986328,-12215.947266,12.960938
3171,-10911.568359,-10937.966797,26.398438
3172,-12168.274414,-12216.496094,48.221680
3173,-12950.680664,-12894.268555,56.412109
3174,-11239.616211,-11270.442383,30.826172
3175,-8834.209961,-8519.372070,314.837891
3176,-9507.658203,-9496.247070,11.411133
3177,-12362.317383,-12385.352539,23.035156
3178,-10965.266602,-10970.263672,4.997070
3179,-10452.125977,-10434.992188,17.133789
3180,-9072.279297,-9379.471680,307.192383
3181,-11023.691406,-11002.872070,20.819336
3182,-10544.911133,-10532.140625,12.770508
3183,-12421.343750,-12431.206055,9.862305
3184,-10540.153320,-10532.048828,8.104492
3185,-10519.375977,-10474.125977,45.250000
3186,-11214.189453,-11203.635742,10.553711
3187,-12307.206055,-12353.023438,45.817383
3188,-9868.424805,-9867.916016,0.508789
3189,-10527.389648,-10532.970703,5.581055
3190,-11694.555664,-11746.172852,51.617188
3191,-11393.736328,-11374.644531,19.091797
3192,-10938.572266,-10937.224609,1.347656
3193,-12091.542969,-11825.672852,265.870117
3194,-9374.873047,-7416.485352,1958.387695
3195,-10575.475586,-10566.166992,9.308594
3196,-10951.027344,-10934.571289,16.456055
3197,-11728.221680,-11744.565430,16.343750
3198,-10542.919922,-10533.099609,9.820312
3199,-9939.590820,-9959.442383,19.851562
3200,-10931.712891,-10936.452148,4.739258
3201,-11506.832031,-11510.513672,3.681641
3202,-10433.534180,-10440.435547,6.901367
3203,-10500.447266,-10498.708984,1.738281
3204,-12740.425781,-12791.923828,51.498047
3205,-10489.173828,-10499.010742,9.836914
3206,-10890.385742,-10903.013672,12.627930
3207,-11000.120117,-10969.608398,30.511719
3208,-9579.858398,-9555.124023,24.734375
3209,-9227.763672,-9294.646484,66.882812
3210,-12404.096680,-12417.072266,12.975586
3211,-10862.651367,-10870.935547,8.284180
3212,-11849.406250,-11845.144531,4.261719
3213,-11529.095703,-11545.228516,16.132812
3214,-10993.961914,-11238.027344,244.065430
3215,-12384.052734,-12352.475586,31.577148
3216,-10946.847656,-10937.324219,9.523438
3217,-10903.924805,-10903.575195,0.349609
3218,-11680.254883,-11675.022461,5.232422
3219,-10468.359375,-10464.512695,3.846680
3220,-7628.941895,-7221.797852,407.144043
3221,-9850.816406,-9866.013672,15.197266
3222,-10511.470703,-10531.916992,20.446289
3223,-10506.956055,-10500.505859,6.450195
3224,-11429.479492,-11440.340820,10.861328
3225,-12599.506836,-12586.296875,13.209961
3226,-9871.854492,-9898.475586,26.621094
3227,-7887.677734,-6693.548340,1194.129395
3228,-9639.682617,-9587.520508,52.162109
3229,-14141.118164,-14482.785156,341.666992
3230,-12207.315430,-12249.875977,42.560547
3231,-11392.420898,-11373.916992,18.503906
3232,-11937.067383,-11946.541016,9.473633
3233,-10950.107422,-10935.619141,14.488281
3234,-10585.666992,-10565.119141,20.547852
3235,-11372.181641,-11376.763672,4.582031
3236,-9370.548828,-9238.302734,132.246094
3237,-14512.987305,-14421.514648,91.472656
3238,-11909.976562,-11915.412109,5.435547
3239,-10469.640625,-10466.445312,3.195312
3240,-9410.035156,-9455.688477,45.653320
3241,-11877.246094,-11845.213867,32.032227
3242,-10379.937500,-10362.351562,17.585938
3243,-8981.950195,-8923.808594,58.141602
3244,-11400.249023,-11284.950195,115.298828
3245,-11525.859375,-11511.427734,14.431641
3246,-11381.889648,-11373.806641,8.083008
3247,-10615.753906,-11335.437500,719.683594
3248,-11923.835938,-11945.076172,21.240234
3249,-11068.259766,-10846.658203,221.601562
3250,-11532.811523,-11543.174805,10.363281
3251,-8875.184570,-8896.908203,21.723633
3252,-11794.226562,-11813.416992,19.190430
3253,-10961.313477,-10968.494141,7.180664
3254,-11821.077148,-11811.028320,10.048828
3255,-10947.580078,-10969.033203,21.453125
3256,-11556.866211,-11544.880859,11.985352
3257,-10374.051758,-10362.576172,11.475586
3258,-6803.746094,-6785.388672,18.357422
3259,-11516.025391,-11509.851562,6.173828
3260,-10411.501953,-10365.186523,46.315430
3261,-10942.288086,-10936.955078,5.333008
3262,-8141.743652,-6815.876465,1325.867188
3263,-11298.202148,-11303.475586,5.273438
3264,-12327.046875,-12320.987305,6.059570
3265,-9465.357422,-9488.447266,23.089844
3266,-10397.418945,-10365.501953,31.916992
3267,-11378.697266,-11374.270508,4.426758
3268,-10598.372070,-10598.320312,0.051758
3269,-10468.636719,-10466.740234,1.896484
3270,-9498.323242,-9463.679688,34.643555
3271,-12281.502930,-12349.999023,68.496094
3272,-9971.248047,-9934.324219,36.923828
3273,-13834.263672,-13873.048828,38.785156
3274,-10405.256836,-10395.930664,9.326172
3275,-10780.369141,-10802.272461,21.903320
3276,-11570.542969,-11576.854492,6.311523
3277,-10956.752930,-10971.190430,14.437500
3278,-11010.394531,-11001.500977,8.893555
3279,-11933.660156,-11949.188477,15.528320
3280,-9931.402344,-9895.558594,35.843750
3281,-9321.014648,-9438.704102,117.689453
3282,-10423.943359,-10396.114258,27.829102
3283,-10363.717773,-10338.106445,25.611328
3284,-11375.078125,-11374.911133,0.166992
3285,-11393.943359,-11439.707031,45.763672
3286,-11542.174805,-11542.969727,0.794922
3287,-11552.412109,-11543.534180,8.877930
3288,-9592.597656,-9588.968750,3.628906
3289,-11560.664062,-11543.930664,16.733398
3290,-12511.536133,-12455.891602,55.644531
3291,-9613.327148,-9588.377930,24.949219
3292,-11355.125000,-11374.638672,19.513672
3293,-10605.630859,-10598.986328,6.644531
3294,-10400.077148,-10410.887695,10.810547
3295,-13362.594727,-13401.913086,39.318359
3296,-10466.513672,-10498.936523,32.422852
3297,-12247.029297,-12249.358398,2.329102
3298,-10382.534180,-10364.315430,18.218750
3299,-10959.211914,-10970.583008,11.371094
3300,-10562.745117,-10566.457031,3.711914
3301,-7674.096680,-7763.599121,89.502441
3302,-11886.806641,-11844.013672,42.792969
3303,-11583.473633,-11576.136719,7.336914
3304,-12457.322266,-12456.398438,0.923828
3305,-12377.088867,-12419.684570,42.595703
3306,-12348.897461,-12350.866211,1.968750
3307,-10324.910156,-10360.210938,35.300781
3308,-11862.183594,-11882.321289,20.137695
3309,-12500.544922,-12489.336914,11.208008
3310,-10970.243164,-10968.536133,1.707031
3311,-10816.506836,-10878.560547,62.053711
3312,-10346.904297,-10339.534180,7.370117
3313,-10959.624023,-10936.968750,22.655273
3314,-11346.925781,-11341.549805,5.375977
3315,-10542.569336,-10531.838867,10.730469
3316,-11509.631836,-11511.358398,1.726562
3317,-10474.016602,-10464.942383,9.074219
3318,-11468.104492,-11477.118164,9.013672
3319,-12932.519531,-12926.897461,5.622070
3320,-11512.437500,-11509.446289,2.991211
3321,-11383.895508,-11376.278320,7.617188
3322,-8951.223633,-9555.877930,604.654297
3323,-11389.443359,-11406.537109,17.093750
3324,-12906.958008,-12926.235352,19.277344
3325,-10975.045898,-10971.813477,3.232422
3326,-11816.301758,-11945.833008,129.531250
3327,-10365.483398,-10393.076172,27.592773
3328,-9539.663086,-9497.288086,42.375000
3329,-11917.753906,-11914.212891,3.541016
3330,-9877.254883,-9960.629883,83.375000
3331,-11912.578125,-11916.176758,3.598633
3332,-11943.840820,-11948.418945,4.578125
3333,-9740.018555,-9990.939453,250.920898
3334,-11886.760742,-11916.532227,29.771484
3335,-13311.777344,-13468.125977,156.348633
3336,-11333.660156,-11337.957031,4.296875
3337,-11521.208984,-11510.824219,10.384766
3338,-13458.740234,-13434.762695,23.977539
3339,-10942.315430,-10938.144531,4.170898
3340,-10294.584961,-10363.666016,69.081055
3341,-10818.253906,-10833.671875,15.417969
3342,-9375.055664,-9202.767578,172.288086
3343,-11529.913086,-11542.750000,12.836914
3344,-12543.387695,-12520.362305,23.025391
3345,-11524.773438,-11575.789062,51.015625
3346,-10244.567383,-10396.270508,151.703125
3347,-11907.043945,-11945.754883,38.710938
3348,-11991.152344,-11980.155273,10.997070
3349,-10422.322266,-10430.916016,8.593750
3350,-11539.867188,-11543.604492,3.737305
3351,-10822.588867,-10832.185547,9.596680
3352,-13532.388672,-13531.694336,0.694336
3353,-9585.299805,-9555.706055,29.593750
3354,-10463.035156,-10469.167969,6.132812
3355,-10607.362305,-10599.134766,8.227539
3356,-10950.348633,-10934.250977,16.097656
3357,-12211.990234,-12248.634766,36.644531
3358,-11868.268555,-11882.258789,13.990234
3359,-9417.566406,-9462.959961,45.393555
3360,-10414.474609,-10395.054688,19.419922
3361,-11388.629883,-11342.884766,45.745117
3362,-11013.082031,-11001.579102,11.502930
3363,-10564.121094,-10566.433594,2.312500
3364,-10037.131836,-10023.858398,13.273438
3365,-11504.462891,-11510.688477,6.225586
3366,-11572.911133,-11575.791016,2.879883
3367,-12509.012695,-12521.970703,12.958008
3368,-11274.839844,-11420.844727,146.004883
3369,-8249.481445,-8359.979492,110.498047
3370,-10489.456055,-10500.408203,10.952148
3371,-11352.371094,-11372.750000,20.378906
3372,-11826.526367,-11844.494141,17.967773
3373,-11514.145508,-11476.501953,37.643555
3374,-12531.123047,-12553.967773,22.844727
3375,-10565.085938,-10566.069336,0.983398
3376,-10587.149414,-10565.148438,22.000977
3377,-10364.312500,-10274.172852,90.139648
3378,-12245.521484,-12353.777344,108.255859
3379,-10577.291992,-10565.020508,12.271484
3380,-12508.964844,-12489.774414,19.190430
3381,-11908.166016,-11916.377930,8.211914
3382,-10966.038086,-10968.509766,2.471680
3383,-9279.322266,-9588.360352,309.038086
3384,-12942.378906,-12926.399414,15.979492
3385,-12466.058594,-12417.601562,48.457031
3386,-10457.992188,-10395.697266,62.294922
3387,-9351.819336,-9428.725586,76.906250
3388,-11485.593750,-11476.884766,8.708984
3389,-10946.220703,-10936.184570,10.036133
3390,-10384.964844,-10365.125977,19.838867
3391,-11948.397461,-11947.197266,1.200195
3392,-11981.772461,-11948.821289,32.951172
3393,-10512.119141,-10499.930664,12.188477
3394,-11401.943359,-11375.630859,26.312500
3395,-11526.866211,-11509.954102,16.912109
3396,-11615.725586,-11542.766602,72.958984
3397,-10935.448242,-10934.009766,1.438477
3398,-11963.953125,-11980.890625,16.937500
3399,-11319.084961,-11340.935547,21.850586
3400,-11352.871094,-11338.207031,14.664062
3401,-11491.619141,-11478.505859,13.113281
3402,-12919.294922,-12925.236328,5.941406
3403,-11503.214844,-11511.209961,7.995117
3404,-10540.052734,-10531.144531,8.908203
3405,-11931.392578,-11981.103516,49.710938
3406,-11891.956055,-11883.321289,8.634766
3407,-10518.372070,-10440.297852,78.074219
3408,-10634.336914,-10599.153320,35.183594
3409,-10350.619141,-10397.606445,46.987305
3410,-9876.987305,-9899.452148,22.464844
3411,-9918.467773,-9932.578125,14.110352
3412,-10959.132812,-10969.855469,10.722656
3413,-10955.388672,-10969.658203,14.269531
3414,-9921.132812,-9898.236328,22.896484
3415,-10474.661133,-10467.124023,7.537109
3416,-10534.802734,-10531.875977,2.926758
3417,-10359.197266,-10499.921875,140.724609
3418,-9881.443359,-9934.143555,52.700195
3419,-12464.478516,-12466.693359,2.214844
3420,-12484.232422,-12489.076172,4.843750
3421,-9827.881836,-9859.731445,31.849609
3422,-9779.565430,-8890.333984,889.231445
3423,-11023.635742,-11034.626953,10.991211
3424,-11786.646484,-11780.300781,6.345703
3425,-12406.126953,-12354.071289,52.055664
3426,-8321.260742,-8361.621094,40.360352
3427,-9348.082031,-9521.518555,173.436523
3428,-10940.066406,-10938.583984,1.482422
3429,-11407.169922,-11419.324219,12.154297
3430,-9593.498047,-9555.754883,37.743164
3431,-10944.725586,-10936.391602,8.333984
3432,-11546.144531,-11543.866211,2.278320
3433,-10289.406250,-10360.204102,70.797852
3434,-10539.755859,-10500.371094,39.384766
3435,-11544.199219,-11544.095703,0.103516
3436,-10555.064453,-10566.056641,10.992188
3437,-10982.998047,-10971.268555,11.729492
3438,-11476.849609,-11477.244141,0.394531
3439,-11952.888672,-11946.791016,6.097656
3440,-11485.336914,-11477.298828,8.038086
3441,-10367.699219,-10362.589844,5.109375
3442,-9520.440430,-9522.439453,1.999023
3443,-10009.355469,-9991.675781,17.679688
3444,-11577.296875,-11576.884766,0.412109
3445,-11013.836914,-11001.674805,12.162109
3446,-11498.148438,-11511.221680,13.073242
3447,-10951.789062,-10913.083984,38.705078
3448,-10581.912109,-10565.129883,16.782227
3449,-10993.824219,-10972.108398,21.715820
3450,-9934.762695,-9923.544922,11.217773
3451,-11087.514648,-11036.541016,50.973633
3452,-12317.669922,-12354.916992,37.247070
3453,-9070.328125,-8922.012695,148.315430
3454,-11888.627930,-11947.708984,59.081055
3455,-10850.857422,-10866.989258,16.131836
3456,-10575.552734,-10508.692383,66.860352
3457,-12330.556641,-12319.560547,10.996094
3458,-9516.218750,-9520.611328,4.392578
3459,-11390.414062,-11373.281250,17.132812
3460,-11517.717773,-11510.633789,7.083984
3461,-10534.048828,-10531.850586,2.198242
3462,-12297.126953,-12386.709961,89.583008
3463,-11956.874023,-11915.834961,41.039062
3464,-11544.187500,-11511.485352,32.702148
3465,-12350.238281,-12350.329102,0.090820
3466,-11403.610352,-11406.873047,3.262695
3467,-11926.700195,-11883.223633,43.476562
3468,-12633.480469,-12683.987305,50.506836
3469,-12379.274414,-12385.322266,6.047852
3470,-10887.509766,-10904.706055,17.196289
3471,-10532.934570,-10532.728516,0.206055
3472,-11511.402344,-11509.647461,1.754883
3473,-10934.201172,-10938.621094,4.419922
3474,-11385.686523,-11374.292969,11.393555
3475,-10022.791016,-10025.999023,3.208008
3476,-11923.108398,-11916.272461,6.835938
3477,-11516.783203,-11512.226562,4.556641
3478,-11941.223633,-11882.031250,59.192383
3479,-10434.129883,-10473.900391,39.770508
3480,-11905.431641,-11917.639648,12.208008
3481,-10541.875000,-10565.228516,23.353516
3482,-10311.197266,-10330.554688,19.357422
3483,-11964.458008,-11980.909180,16.451172
3484,-12540.072266,-12553.461914,13.389648
3485,-8667.915039,-9521.166016,853.250977
3486,-10965.630859,-10968.607422,2.976562
3487,-11507.858398,-11510.185547,2.327148
3488,-12367.253906,-12384.870117,17.616211
3489,-10359.714844,-10800.382812,440.667969
3490,-11014.075195,-11001.752930,12.322266
3491,-11211.511719,-11317.814453,106.302734
3492,-11157.112305,-11179.325195,22.212891
3493,-11955.763672,-11947.763672,8.000000
3494,-10445.512695,-10439.958984,5.553711
3495,-9560.640625,-9497.354492,63.286133
3496,-12250.215820,-12250.678711,0.462891
3497,-12425.540039,-12455.132812,29.592773
3498,-11060.989258,-11034.441406,26.547852
3499,-11606.282227,-11542.494141,63.788086
3500,-12450.291992,-12456.114258,5.822266
3501,-9619.134766,-9554.571289,64.563477
3502,-11507.539062,-11478.762695,28.776367
3503,-15518.606445,-15459.993164,58.613281
3504,-11364.844727,-11374.803711,9.958984
3505,-12017.776367,-12014.776367,3.000000
3506,-11828.328125,-11809.821289,18.506836
3507,-9375.093750,-9329.276367,45.817383
3508,-11940.822266,-11914.494141,26.328125
3509,-11827.972656,-11809.827148,18.145508
3510,-11385.141602,-11408.838867,23.697266
3511,-12482.230469,-12522.754883,40.524414
3512,-10920.488281,-10904.161133,16.327148
3513,-10441.649414,-10431.027344,10.622070
3514,-11976.555664,-11980.737305,4.181641
3515,-11939.071289,-11948.208984,9.137695
3516,-10921.377930,-10936.323242,14.945312
3517,-11586.337891,-11721.577148,135.239258
3518,-10542.572266,-10473.183594,69.388672
3519,-11963.328125,-11980.179688,16.851562
3520,-11328.972656,-11282.958008,46.014648
3521,-11557.286133,-11543.825195,13.460938
3522,-6481.004883,-6256.387207,224.617676
3523,-9960.974609,-9959.509766,1.464844
3524,-12362.454102,-12353.109375,9.344727
3525,-9494.165039,-9462.876953,31.288086
3526,-12514.602539,-12521.308594,6.706055
3527,-11024.397461,-11237.847656,213.450195
3528,-10975.233398,-10969.874023,5.359375
3529,-9996.211914,-9956.718750,39.493164
3530,-12487.482422,-12488.486328,1.003906
3531,-9598.153320,-9555.696289,42.457031
3532,-10953.565430,-10968.183594,14.618164
3533,-12497.555664,-12521.004883,23.449219
3534,-9372.285156,-9407.334961,35.049805
3535,-9901.430664,-9957.541992,56.111328
3536,-11485.113281,-11477.750977,7.362305
3537,-10622.024414,-10507.852539,114.171875
3538,-11818.395508,-11813.402344,4.993164
3539,-11458.092773,-11420.662109,37.430664
3540,-11577.201172,-11575.920898,1.280273
3541,-11365.046875,-11373.861328,8.814453
3542,-12928.312500,-12925.556641,2.755859
3543,-11914.949219,-11916.008789,1.059570
3544,-11753.575195,-11813.215820,59.640625
3545,-12948.442383,-12956.766602,8.324219
3546,-10545.212891,-10533.698242,11.514648
3547,-10960.157227,-10969.891602,9.734375
3548,-9156.956055,-9166.297852,9.341797
3549,-10541.871094,-10532.585938,9.285156
3550,-11801.036133,-11780.605469,20.430664
3551,-11839.074219,-11812.995117,26.079102
3552,-11899.754883,-11914.854492,15.099609
3553,-10544.623047,-10565.172852,20.549805
3554,-11579.856445,-11576.074219,3.782227
3555,-11561.396484,-11543.358398,18.038086
3556,-10982.148438,-10911.145508,71.002930
3557,-10950.704102,-10969.781250,19.077148
3558,-9872.001953,-9934.483398,62.481445
3559,-10526.762695,-10530.960938,4.198242
3560,-10950.092773,-10879.791992,70.300781
3561,-11917.841797,-11914.808594,3.033203
3562,-10462.884766,-10465.552734,2.667969
3563,-10361.265625,-10397.564453,36.298828
3564,-11946.929688,-11945.750000,1.179688
3565,-11570.130859,-11576.771484,6.640625
3566,-10832.131836,-10802.178711,29.953125
3567,-12447.799805,-12522.739258,74.939453
3568,-12041.625977,-12012.163086,29.462891
3569,-9850.914062,-9867.356445,16.442383
3570,-11376.289062,-11373.411133,2.877930
3571,-12861.387695,-12894.807617,33.419922
3572,-11476.913086,-11478.752930,1.839844
3573,-12336.427734,-12352.292969,15.865234
3574,-10581.368164,-10566.589844,14.778320
3575,-11539.184570,-11542.167969,2.983398
3576,-12629.039062,-12592.184570,36.854492
3577,-11839.293945,-11812.007812,27.286133
3578,-10464.954102,-10468.003906,3.049805
3579,-9985.971680,-9965.813477,20.158203
3580,-10504.671875,-10497.963867,6.708008
3581,-11938.708008,-11913.763672,24.944336
3582,-9991.813477,-9992.283203,0.469727
3583,-10381.275391,-10399.692383,18.416992
3584,-13046.161133,-13007.571289,38.589844
3585,-10531.723633,-10532.431641,0.708008
3586,-11963.510742,-11979.042969,15.532227
3587,-10938.081055,-10935.958984,2.122070
3588,-11216.070312,-11206.099609,9.970703
3589,-10478.228516,-10498.003906,19.775391
3590,-11935.710938,-11947.506836,11.795898
3591,-12384.571289,-12385.682617,1.111328
3592,-10980.240234,-11003.257812,23.017578
3593,-9984.027344,-9836.970703,147.056641
3594,-13350.236328,-13329.762695,20.473633
3595,-10587.846680,-10598.554688,10.708008
3596,-10506.844727,-10498.544922,8.299805
3597,-11545.420898,-11543.388672,2.032227
3598,-10514.339844,-10533.007812,18.667969
3599,-10552.125000,-10566.443359,14.318359
3600,-11967.954102,-11948.589844,19.364258
3601,-11481.590820,-11474.071289,7.519531
3602,-11127.475586,-11180.401367,52.925781
3603,-10387.509766,-10365.484375,22.025391
3604,-11520.492188,-11511.083984,9.408203
3605,-12242.308594,-12248.732422,6.423828
3606,-10338.069336,-10306.320312,31.749023
3607,-9380.020508,-8486.562500,893.458008
3608,-10428.674805,-10474.431641,45.756836
3609,-13417.629883,-13434.243164,16.613281
3610,-10556.110352,-10474.269531,81.840820
3611,-10487.655273,-10498.708008,11.052734
3612,-10458.700195,-10430.279297,28.420898
3613,-10548.497070,-10532.157227,16.339844
3614,-11516.219727,-11509.080078,7.139648
3615,-10906.663086,-10906.071289,0.591797
3616,-10508.606445,-10498.878906,9.727539
3617,-11576.285156,-11576.213867,0.071289
3618,-11909.500977,-11947.241211,37.740234
3619,-12352.186523,-12353.184570,0.998047
3620,-10572.600586,-10566.572266,6.028320
3621,-12472.197266,-12451.613281,20.583984
3622,-12569.458984,-12586.902344,17.443359
3623,-10823.375977,-10801.608398,21.767578
3624,-12480.921875,-12487.896484,6.974609
3625,-11369.410156,-11311.686523,57.723633
3626,-11896.424805,-11914.992188,18.567383
3627,-10530.858398,-10405.894531,124.963867
3628,-11438.457031,-11444.199219,5.742188
3629,-10818.690430,-10878.732422,60.041992
3630,-11526.440430,-11510.719727,15.720703
3631,-10898.372070,-10903.199219,4.827148
3632,-11261.612305,-11239.602539,22.009766
3633,-10964.897461,-11003.185547,38.288086
3634,-10570.012695,-10564.736328,5.276367
3635,-10498.505859,-10498.670898,0.165039
3636,-11406.095703,-11406.863281,0.767578
3637,-12881.310547,-12956.908203,75.597656
3638,-10564.068359,-10566.183594,2.115234
3639,-9559.804688,-9521.096680,38.708008
3640,-10948.204102,-10937.637695,10.566406
3641,-11463.723633,-11437.892578,25.831055
3642,-11937.112305,-11917.047852,20.064453
3643,-9475.601562,-9489.400391,13.798828
3644,-11444.512695,-11476.805664,32.292969
3645,-9964.985352,-9901.217773,63.767578
3646,-11584.403320,-11576.753906,7.649414
3647,-10802.849609,-10834.127930,31.278320
3648,-12894.410156,-12893.497070,0.913086
3649,-11942.717773,-11947.055664,4.337891
3650,-12994.257812,-12926.635742,67.622070
3651,-10992.668945,-10968.745117,23.923828
3652,-10942.437500,-10937.297852,5.139648
3653,-9926.845703,-10087.437500,160.591797
3654,-8634.970703,-8728.505859,93.535156
3655,-8374.437500,-8394.277344,19.839844
3656,-10542.999023,-10533.276367,9.722656
3657,-12494.071289,-12488.731445,5.339844
3658,-10937.827148,-10938.314453,0.487305
3659,-11501.890625,-11510.889648,8.999023
3660,-11842.032227,-11845.826172,3.793945
3661,-10950.533203,-10938.039062,12.494141
3662,-10535.462891,-10531.965820,3.497070
3663,-9371.250000,-9463.283203,92.033203
3664,-10918.596680,-10935.634766,17.038086
3665,-11900.076172,-11913.556641,13.480469
3666,-11811.281250,-11811.318359,0.037109
3667,-11339.671875,-11373.552734,33.880859
3668,-11526.912109,-11509.158203,17.753906
3669,-11043.317383,-10943.041016,100.276367
3670,-11075.362305,-10912.176758,163.185547
3671,-9912.337891,-9926.308594,13.970703
3672,-11987.771484,-11981.447266,6.324219
3673,-12468.275391,-12489.264648,20.989258
3674,-9445.906250,-9361.113281,84.792969
3675,-10374.599609,-10363.972656,10.626953
3676,-12459.351562,-12417.985352,41.366211
3677,-11236.376953,-11239.544922,3.167969
3678,-7596.037109,-7416.551758,179.485352
3679,-13400.906250,-13330.866211,70.040039
3680,-10416.283203,-10395.902344,20.380859
3681,-8992.542969,-8922.104492,70.438477
3682,-9918.064453,-9927.772461,9.708008
3683,-11935.036133,-11981.787109,46.750977
3684,-9990.159180,-9990.284180,0.125000
3685,-10980.641602,-10968.890625,11.750977
3686,-11815.401367,-11812.159180,3.242188
3687,-10514.618164,-10500.697266,13.920898
3688,-10996.746094,-10971.436523,25.309570
3689,-11528.064453,-11746.149414,218.084961
3690,-11537.973633,-11544.472656,6.499023
3691,-11914.876953,-11914.013672,0.863281
3692,-10582.944336,-10566.110352,16.833984
3693,-10915.492188,-10903.662109,11.830078
3694,-12360.512695,-12354.568359,5.944336
3695,-10922.478516,-10937.268555,14.790039
3696,-10557.202148,-10532.154297,25.047852
3697,-10985.466797,-10968.975586,16.491211
3698,-12505.393555,-12488.330078,17.063477
3699,-11991.646484,-11980.651367,10.995117
3700,-10544.021484,-10565.880859,21.859375
3701,-11007.299805,-11003.501953,3.797852
3702,-10523.098633,-10533.126953,10.028320
3703,-10977.037109,-10969.374023,7.663086
3704,-11563.358398,-11576.860352,13.501953
3705,-11496.332031,-11510.246094,13.914062
3706,-12564.206055,-12553.920898,10.285156
3707,-10379.797852,-10364.430664,15.367188
3708,-11859.322266,-11844.911133,14.411133
3709,-10401.622070,-10472.511719,70.889648
3710,-11915.999023,-11914.127930,1.871094
3711,-11955.812500,-11916.303711,39.508789
3712,-11101.118164,-10880.137695,220.980469
3713,-9359.321289,-8485.907227,873.414062
3714,-12496.443359,-12487.838867,8.604492
3715,-8391.146484,-8426.653320,35.506836
3716,-11412.834961,-11407.722656,5.112305
3717,-12472.485352,-12489.816406,17.331055
3718,-10967.445312,-10968.566406,1.121094
3719,-11610.749023,-11609.475586,1.273438
3720,-13309.300781,-13329.545898,20.245117
3721,-11939.028320,-11948.234375,9.206055
3722,-11355.655273,-11341.303711,14.351562
3723,-10919.187500,-11036.129883,116.942383
3724,-9414.240234,-9465.331055,51.090820
3725,-9541.584961,-9327.051758,214.533203
3726,-10730.841797,-10773.764648,42.922852
3727,-11845.631836,-11844.486328,1.145508
3728,-11505.519531,-11511.138672,5.619141
3729,-9822.724609,-9902.249023,79.524414
3730,-11505.148438,-11511.756836,6.608398
3731,-9992.651367,-9992.351562,0.299805
3732,-11913.452148,-11915.658203,2.206055
3733,-9433.522461,-9555.775391,122.252930
3734,-9478.104492,-9521.791992,43.687500
3735,-10362.381836,-10337.450195,24.931641
3736,-10527.052734,-10533.606445,6.553711
3737,-9923.800781,-9811.729492,112.071289
3738,-9932.872070,-9993.801758,60.929688
3739,-10000.693359,-9992.439453,8.253906
3740,-10607.359375,-10598.101562,9.257812
3741,-12922.117188,-12927.796875,5.679688
3742,-10504.905273,-10440.799805,64.105469
3743,-10329.164062,-10474.188477,145.024414
3744,-9313.147461,-9587.252930,274.105469
3745,-11921.632812,-11917.297852,4.334961
3746,-11379.571289,-11375.875977,3.695312
3747,-10910.865234,-10879.765625,31.099609
3748,-11536.804688,-11543.866211,7.061523
3749,-12496.174805,-12522.140625,25.965820
3750,-10488.009766,-10501.168945,13.159180
3751,-12240.277344,-12320.278320,80.000977
3752,-10578.575195,-10833.701172,255.125977
3753,-11484.040039,-11451.769531,32.270508
3754,-9848.214844,-10142.412109,294.197266
3755,-10149.943359,-10393.747070,243.803711
3756,-12025.011719,-12014.357422,10.654297
3757,-11388.108398,-11404.771484,16.663086
3758,-10971.691406,-10971.019531,0.671875
3759,-10903.867188,-10905.163086,1.295898
3760,-11511.816406,-11511.876953,0.060547
3761,-10332.004883,-10393.905273,61.900391
3762,-11483.769531,-11477.579102,6.190430
3763,-9064.532227,-8863.133789,201.398438
3764,-10535.417969,-10532.917969,2.500000
3765,-12949.827148,-12926.125977,23.701172
3766,-9187.926758,-9269.698242,81.771484
3767,-11646.781250,-11616.233398,30.547852
3768,-10973.668945,-10969.860352,3.808594
3769,-9469.796875,-9454.896484,14.900391
3770,-11586.619141,-11575.819336,10.799805
3771,-9445.618164,-9495.431641,49.813477
3772,-12521.020508,-12488.416992,32.603516
3773,-12266.947266,-12280.834961,13.887695
3774,-11495.914062,-11511.793945,15.879883
3775,-11371.245117,-11441.774414,70.529297
3776,-9958.742188,-9959.858398,1.116211
3777,-11784.706055,-11778.925781,5.780273
3778,-12781.449219,-12788.588867,7.139648
3779,-10640.183594,-10631.299805,8.883789
3780,-11953.563477,-11948.413086,5.150391
3781,-11377.831055,-11407.684570,29.853516
3782,-11905.885742,-11914.625977,8.740234
3783,-10576.170898,-10565.209961,10.960938
3784,-12607.342773,-12586.943359,20.399414
3785,-12925.258789,-12925.178711,0.080078
3786,-10495.535156,-10498.833008,3.297852
3787,-10401.732422,-10396.018555,5.713867
3788,-11889.289062,-11914.584961,25.295898
3789,-10411.494141,-10396.686523,14.807617
3790,-11487.255859,-11511.629883,24.374023
3791,-10542.307617,-10531.672852,10.634766
3792,-11305.170898,-11342.870117,37.699219
3793,-9956.879883,-9956.777344,0.102539
3794,-9877.537109,-9901.078125,23.541016
3795,-10626.632812,-10565.231445,61.401367
3796,-10991.955078,-10969.015625,22.939453
3797,-10977.637695,-10971.350586,6.287109
3798,-11505.346680,-11510.266602,4.919922
3799,-12921.491211,-12894.972656,26.518555
3800,-10511.538086,-10498.687500,12.850586
3801,-11360.215820,-11339.300781,20.915039
3802,-10590.741211,-10565.477539,25.263672
3803,-11346.197266,-11375.226562,29.029297
3804,-12561.475586,-12554.576172,6.899414
3805,-9746.315430,-9832.737305,86.421875
3806,-12931.532227,-12894.757812,36.774414
3807,-10391.033203,-10365.644531,25.388672
3808,-11349.363281,-11374.078125,24.714844
3809,-12436.025391,-12384.724609,51.300781
3810,-12460.455078,-12456.277344,4.177734
3811,-10982.859375,-10970.609375,12.250000
3812,-11540.471680,-11543.749023,3.277344
3813,-9536.496094,-9554.353516,17.857422
3814,-10963.511719,-10970.096680,6.584961
3815,-10501.056641,-10534.380859,33.324219
3816,-9421.127930,-9495.995117,74.867188
3817,-11492.126953,-11542.445312,50.318359
3818,-11947.708008,-11945.954102,1.753906
3819,-10353.496094,-10363.306641,9.810547
3820,-11353.997070,-11374.229492,20.232422
3821,-10490.423828,-10500.340820,9.916992
3822,-10529.658203,-10532.693359,3.035156
3823,-9375.132812,-9269.954102,105.178711
3824,-9923.329102,-9866.156250,57.172852
3825,-9897.598633,-9989.689453,92.090820
3826,-12549.523438,-12552.984375,3.460938
3827,-12460.304688,-12417.885742,42.418945
3828,-8062.237305,-4613.901367,3448.335938
3829,-11492.753906,-11510.847656,18.093750
3830,-10532.743164,-10533.216797,0.473633
3831,-13248.024414,-13467.519531,219.495117
3832,-11619.172852,-11608.871094,10.301758
3833,-12957.838867,-12959.397461,1.558594
3834,-11374.030273,-11341.882812,32.147461
3835,-10919.509766,-10935.326172,15.816406
3836,-11904.396484,-11911.701172,7.304688
3837,-11016.793945,-11004.385742,12.408203
3838,-11957.218750,-11947.545898,9.672852
3839,-12382.080078,-12383.974609,1.894531
3840,-11356.462891,-11420.062500,63.599609
3841,-11528.227539,-11542.906250,14.678711
3842,-11604.321289,-11849.767578,245.446289
3843,-10826.242188,-10801.472656,24.769531
3844,-10900.634766,-10905.809570,5.174805
3845,-11706.211914,-11711.594727,5.382812
3846,-10760.566406,-10801.342773,40.776367
3847,-9629.941406,-9621.531250,8.410156
3848,-12506.880859,-12520.970703,14.089844
3849,-11408.289062,-11406.831055,1.458008
3850,-9771.769531,-9705.899414,65.870117
3851,-12404.273438,-12385.275391,18.998047
3852,-11541.177734,-11542.940430,1.762695
3853,-10538.142578,-10530.520508,7.622070
3854,-9488.686523,-9463.511719,25.174805
3855,-10962.771484,-10968.237305,5.465820
3856,-13661.611328,-13661.609375,0.001953
3857,-11567.082031,-11575.724609,8.642578
3858,-12487.561523,-12490.477539,2.916016
3859,-12911.534180,-12926.592773,15.058594
3860,-10775.024414,-10801.189453,26.165039
3861,-11896.705078,-11913.791016,17.085938
3862,-9500.762695,-9556.015625,55.252930
3863,-13313.488281,-13361.752930,48.264648
3864,-12492.511719,-12487.213867,5.297852
3865,-8460.527344,-8426.673828,33.853516
3866,-10988.864258,-10970.427734,18.436523
3867,-11813.034180,-11811.544922,1.489258
3868,-11883.138672,-11916.129883,32.991211
3869,-10567.406250,-10566.072266,1.333984
3870,-11556.633789,-11542.454102,14.179688
3871,-9488.556641,-9490.278320,1.721680
3872,-11504.900391,-11510.786133,5.885742
3873,-10365.676758,-10396.944336,31.267578
3874,-10844.926758,-10846.458984,1.532227
3875,-10756.796875,-10765.051758,8.254883
3876,-11892.886719,-11914.728516,21.841797
3877,-11400.045898,-11339.973633,60.072266
3878,-9827.191406,-9899.357422,72.166016
3879,-9447.337891,-9463.238281,15.900391
3880,-10554.063477,-10533.101562,20.961914
3881,-11008.676758,-11002.309570,6.367188
3882,-9658.495117,-9706.628906,48.133789
3883,-11417.688477,-11406.720703,10.967773
3884,-11466.705078,-11349.511719,117.193359
3885,-9631.212891,-10395.370117,764.157227
3886,-10841.807617,-10833.305664,8.501953
3887,-9586.918945,-9587.725586,0.806641
3888,-9468.418945,-9463.098633,5.320312
3889,-11488.105469,-11476.916016,11.189453
3890,-11878.784180,-11844.994141,33.790039
3891,-11304.266602,-11309.424805,5.158203
3892,-9534.680664,-9555.407227,20.726562
3893,-10561.006836,-10565.074219,4.067383
3894,-13512.003906,-13531.731445,19.727539
3895,-12721.521484,-12789.712891,68.191406
3896,-10976.636719,-10968.429688,8.207031
3897,-11907.761719,-11882.676758,25.084961
3898,-11487.483398,-10384.205078,1103.278320
3899,-9604.353516,-9555.491211,48.862305
3900,-11577.861328,-11577.030273,0.831055
3901,-11760.018555,-11945.260742,185.242188
3902,-11037.157227,-11034.848633,2.308594
3903,-10983.883789,-11003.282227,19.398438
3904,-10357.866211,-10474.868164,117.001953
3905,-10828.780273,-10833.310547,4.530273
3906,-10510.138672,-10498.583984,11.554688
3907,-11062.824219,-11034.338867,28.485352
3908,-10404.301758,-10396.072266,8.229492
3909,-9921.917969,-9992.251953,70.333984
3910,-11771.811523,-11779.001953,7.190430
3911,-11900.422852,-11948.127930,47.705078
3912,-10942.688477,-10937.706055,4.982422
3913,-10894.456055,-10903.886719,9.430664
3914,-10944.735352,-10945.759766,1.024414
3915,-8337.402344,-8395.014648,57.612305
3916,-10451.018555,-10507.286133,56.267578
3917,-12329.593750,-12354.306641,24.712891
3918,-10968.783203,-10967.250000,1.533203
3919,-12457.467773,-12457.282227,0.185547
3920,-11506.902344,-11509.652344,2.750000
3921,-11813.860352,-11915.493164,101.632812
3922,-13756.162109,-13660.667969,95.494141
3923,-11503.917969,-11508.948242,5.030273
3924,-13325.683594,-13329.863281,4.179688
3925,-11793.076172,-11777.976562,15.099609
3926,-10957.918945,-10971.655273,13.736328
3927,-11006.796875,-11002.488281,4.308594
3928,-9140.716797,-8520.131836,620.584961
3929,-14355.141602,-14419.575195,64.433594
3930,-10992.988281,-10970.055664,22.932617
3931,-11151.336914,-11303.750000,152.413086
3932,-12667.335938,-12685.375000,18.039062
3933,-10438.194336,-10466.024414,27.830078
3934,-11381.497070,-11376.271484,5.225586
3935,-11180.836914,-10383.397461,797.439453
3936,-10900.339844,-10878.745117,21.594727
3937,-9942.139648,-9923.603516,18.536133
3938,-8402.609375,-8493.579102,90.969727
3939,-10450.861328,-10468.484375,17.623047
3940,-8882.488281,-8865.399414,17.088867
3941,-10455.499023,-10430.422852,25.076172
3942,-11514.780273,-11510.674805,4.105469
3943,-13551.905273,-13548.599609,3.305664
3944,-11908.503906,-11844.280273,64.223633
3945,-10955.552734,-10971.271484,15.718750
3946,-11375.808594,-11406.776367,30.967773
3947,-11724.387695,-11712.424805,11.962891
3948,-11595.282227,-11576.705078,18.577148
3949,-10961.064453,-10934.921875,26.142578
3950,-13495.154297,-13467.775391,27.378906
3951,-10340.533203,-10408.343750,67.810547
3952,-12494.355469,-12487.083008,7.272461
3953,-10578.707031,-10565.317383,13.389648
3954,-9758.536133,-9841.633789,83.097656
3955,-12505.306641,-12488.772461,16.534180
3956,-12416.693359,-12456.457031,39.763672
3957,-9995.242188,-9958.463867,36.778320
3958,-11542.118164,-11542.234375,0.116211
3959,-11941.277344,-11915.708984,25.568359
3960,-10539.326172,-10533.866211,5.459961
3961,-10566.853516,-10565.916016,0.937500
3962,-12164.548828,-11889.935547,274.613281
3963,-10931.551758,-10903.383789,28.167969
3964,-9179.068359,-9522.277344,343.208984
3965,-10996.662109,-11002.200195,5.538086
3966,-11920.119141,-11917.089844,3.029297
3967,-9597.799805,-9588.585938,9.213867
3968,-11402.793945,-11405.653320,2.859375
3969,-10949.091797,-10937.938477,11.153320
3970,-11793.243164,-11812.451172,19.208008
3971,-9262.466797,-9338.822266,76.355469
3972,-9449.019531,-9431.774414,17.245117
3973,-11553.676758,-11543.679688,9.997070
3974,-11620.836914,-11609.104492,11.732422
3975,-11948.223633,-11946.373047,1.850586
3976,-10521.083984,-10534.155273,13.071289
3977,-10895.937500,-10935.747070,39.809570
3978,-10487.286133,-10497.202148,9.916016
3979,-11397.677734,-11407.829102,10.151367
3980,-10404.029297,-10363.766602,40.262695
3981,-9051.445312,-8551.949219,499.496094
3982,-10003.549805,-9992.695312,10.854492
3983,-12383.903320,-12385.573242,1.669922
3984,-11435.705078,-11480.320312,44.615234
3985,-10409.116211,-10396.812500,12.303711
3986,-11543.566406,-11544.525391,0.958984
3987,-9368.946289,-8923.059570,445.886719
3988,-11518.316406,-11510.275391,8.041016
3989,-10976.472656,-10969.431641,7.041016
3990,-11336.343750,-11343.631836,7.288086
3991,-12277.192383,-12249.236328,27.956055
3992,-10575.519531,-10566.145508,9.374023
3993,-9999.599609,-9992.393555,7.206055
3994,-8521.037109,-8459.945312,61.091797
3995,-10563.849609,-10564.554688,0.705078
3996,-10476.542969,-10498.970703,22.427734
3997,-10526.329102,-10531.528320,5.199219
3998,-10471.849609,-10466.089844,5.759766
3999,-11501.274414,-11509.535156,8.260742
4000,-10415.384766,-10834.199219,418.814453
4001,-10289.411133,-10337.828125,48.416992
4002,-10471.609375,-10440.848633,30.760742
4003,-11410.167969,-11510.284180,100.116211
4004,-10375.575195,-10363.921875,11.653320
4005,-11944.098633,-11946.622070,2.523438
4006,-9611.464844,-9554.916016,56.548828
4007,-10478.041992,-10474.740234,3.301758
4008,-9528.386719,-9431.963867,96.422852
4009,-12485.966797,-12487.848633,1.881836
4010,-13069.029297,-13005.947266,63.082031
4011,-11511.955078,-11511.256836,0.698242
4012,-12493.921875,-12486.447266,7.474609
4013,-11552.656250,-11542.509766,10.146484
4014,-11349.445312,-11341.565430,7.879883
4015,-11559.573242,-11542.263672,17.309570
4016,-9507.754883,-9523.573242,15.818359
4017,-11665.368164,-11675.132812,9.764648
4018,-10488.895508,-10466.755859,22.139648
4019,-11464.102539,-11408.346680,55.755859
4020,-11467.069336,-11477.498047,10.428711
4021,-10918.052734,-10934.893555,16.840820
4022,-10505.746094,-10499.920898,5.825195
4023,-11325.025391,-11343.144531,18.119141
4024,-8396.638672,-8427.949219,31.310547
4025,-9524.054688,-9496.367188,27.687500
4026,-12249.828125,-12385.832031,136.003906
4027,-9976.275391,-9958.886719,17.388672
4028,-11299.854492,-11307.720703,7.866211
4029,-9927.007812,-9869.688477,57.319336
4030,-12408.820312,-12386.081055,22.739258
4031,-11965.829102,-11948.472656,17.356445
4032,-10562.114258,-10565.858398,3.744141
4033,-10427.609375,-10462.109375,34.500000
4034,-13480.122070,-13499.866211,19.744141
4035,-10470.743164,-10507.810547,37.067383
4036,-10867.782227,-10867.024414,0.757812
4037,-12787.069336,-12790.811523,3.742188
4038,-11445.392578,-11446.051758,0.659180
4039,-9293.284180,-6288.608887,3004.675293
4040,-10588.087891,-10566.568359,21.519531
4041,-11795.429688,-11780.791016,14.638672
4042,-11567.544922,-11542.909180,24.635742
4043,-11904.291016,-11914.506836,10.215820
4044,-11945.616211,-11947.729492,2.113281
4045,-10597.724609,-10599.560547,1.835938
4046,-11567.401367,-11543.335938,24.065430
4047,-11518.837891,-11510.330078,8.507812
4048,-9870.961914,-9868.188477,2.773438
4049,-10562.859375,-10565.176758,2.317383
4050,-10069.664062,-10057.077148,12.586914
4051,-10825.047852,-10838.682617,13.634766
4052,-10925.367188,-10936.099609,10.732422
4053,-11923.775391,-11982.323242,58.547852
4054,-11525.219727,-11510.475586,14.744141
4055,-12201.468750,-12215.793945,14.325195
4056,-11488.029297,-11510.662109,22.632812
4057,-10498.925781,-10303.556641,195.369141
4058,-11912.763672,-11913.641602,0.877930
4059,-11883.958008,-11916.013672,32.055664
4060,-10935.618164,-10935.947266,0.329102
4061,-12491.833008,-12490.127930,1.705078
4062,-11016.611328,-11001.512695,15.098633
4063,-11397.754883,-11343.330078,54.424805
4064,-6675.117676,-6786.392578,111.274902
4065,-10374.539062,-10395.747070,21.208008
4066,-10991.570312,-11003.666016,12.095703
4067,-11993.079102,-11980.082031,12.997070
4068,-12342.617188,-12321.026367,21.590820
4069,-10977.281250,-10968.263672,9.017578
4070,-11981.375000,-11981.371094,0.003906
4071,-11529.873047,-11485.381836,44.491211
4072,-11558.823242,-11577.897461,19.074219
4073,-12689.607422,-12854.854492,165.247070
4074,-10545.787109,-10566.539062,20.751953
4075,-11332.355469,-11338.252930,5.897461
4076,-11370.183594,-11303.516602,66.666992
4077,-9794.014648,-9763.905273,30.109375
4078,-9541.978516,-9588.990234,47.011719
4079,-10960.916992,-10936.180664,24.736328
4080,-11940.473633,-11946.637695,6.164062
4081,-11776.689453,-11778.581055,1.891602
4082,-12516.370117,-12521.951172,5.581055
4083,-10419.779297,-10398.512695,21.266602
4084,-10538.124023,-10500.587891,37.536133
4085,-9809.294922,-9236.079102,573.215820
4086,-9007.885742,-8922.132812,85.752930
4087,-10595.015625,-10598.583984,3.568359
4088,-12004.281250,-11981.134766,23.146484
4089,-10562.778320,-10566.094727,3.316406
4090,-12396.524414,-12385.276367,11.248047
4091,-10950.791016,-10970.033203,19.242188
4092,-10765.657227,-10774.743164,9.085938
4093,-11343.877930,-11372.762695,28.884766
4094,-10579.644531,-10564.596680,15.047852
4095,-10965.511719,-10970.073242,4.561523
4096,-12857.958008,-12822.414062,35.543945
4097,-11531.174805,-11507.760742,23.414062
4098,-11552.855469,-11544.318359,8.537109
4099,-8357.583008,-8395.389648,37.806641
4100,-10557.668945,-10566.787109,9.118164
4101,-10489.741211,-10533.043945,43.302734
4102,-10578.258789,-10566.095703,12.163086
4103,-10932.191406,-10937.286133,5.094727
4104,-12368.114258,-12352.925781,15.188477
4105,-12268.550781,-12250.166992,18.383789
4106,-11884.484375,-11913.315430,28.831055
4107,-10559.690430,-10565.000000,5.309570
4108,-9634.209961,-9588.875977,45.333984
4109,-12602.132812,-12586.797852,15.334961
4110,-10925.187500,-10903.442383,21.745117
4111,-9939.865234,-9924.558594,15.306641
4112,-11379.647461,-11408.481445,28.833984
4113,-10927.095703,-10934.393555,7.297852
4114,-11290.018555,-11309.795898,19.777344
4115,-9718.508789,-9733.731445,15.222656
4116,-9527.728516,-9589.274414,61.545898
4117,-11814.973633,-11845.229492,30.255859
4118,-11580.006836,-11509.120117,70.886719
4119,-11823.372070,-11844.328125,20.956055
4120,-9458.387695,-9462.792969,4.405273
4121,-10284.235352,-10342.885742,58.650391
4122,-10923.950195,-10971.241211,47.291016
4123,-11410.669922,-11373.003906,37.666016
4124,-10998.282227,-10970.492188,27.790039
4125,-13532.542969,-13532.008789,0.534180
4126,-11425.375000,-11375.381836,49.993164
4127,-10259.626953,-10306.005859,46.378906
4128,-11473.301758,-11479.715820,6.414062
4129,-10839.291992,-10867.500000,28.208008
4130,-11361.905273,-11341.476562,20.428711
4131,-11977.041992,-11980.139648,3.097656
4132,-12951.037109,-12925.651367,25.385742
4133,-11549.134766,-11511.761719,37.373047
4134,-13307.078125,-13395.818359,88.740234
4135,-12346.414062,-12351.954102,5.540039
4136,-12319.132812,-12318.885742,0.247070
4137,-11369.684570,-11376.326172,6.641602
4138,-11492.821289,-11477.604492,15.216797
4139,-10911.095703,-10847.759766,63.335938
4140,-10854.099609,-10846.155273,7.944336
4141,-11523.107422,-11544.085938,20.978516
4142,-10763.951172,-10800.605469,36.654297
4143,-10923.634766,-10970.502930,46.868164
4144,-10533.727539,-10532.319336,1.408203
4145,-10521.517578,-10501.802734,19.714844
4146,-11811.674805,-11813.019531,1.344727
4147,-10457.280273,-10506.833984,49.553711
4148,-10907.529297,-10906.330078,1.199219
4149,-10502.718750,-10534.273438,31.554688
4150,-10835.887695,-10800.154297,35.733398
4151,-10978.672852,-10969.627930,9.044922
4152,-11436.266602,-11485.890625,49.624023
4153,-10549.101562,-10442.912109,106.189453
4154,-11928.600586,-11912.815430,15.785156
4155,-11936.451172,-11948.753906,12.302734
4156,-9373.360352,-9405.345703,31.985352
4157,-11460.638672,-11479.543945,18.905273
4158,-10810.233398,-10833.247070,23.013672
4159,-9897.142578,-9894.467773,2.674805
4160,-10473.433594,-10465.596680,7.836914
4161,-11913.623047,-11913.500977,0.122070
4162,-11824.995117,-11845.095703,20.100586
4163,-10824.907227,-10833.531250,8.624023
4164,-11437.069336,-11407.573242,29.496094
4165,-9440.835938,-9429.451172,11.384766
4166,-10920.216797,-10937.913086,17.696289
4167,-11955.477539,-11948.449219,7.028320
4168,-11450.606445,-11477.291016,26.684570
4169,-9615.867188,-9587.916992,27.950195
4170,-9625.360352,-9991.639648,366.279297
4171,-10993.907227,-10969.115234,24.791992
4172,-10987.081055,-11001.625977,14.544922
4173,-11920.083984,-11915.646484,4.437500
4174,-9780.013672,-9960.687500,180.673828
4175,-12423.151367,-12456.288086,33.136719
4176,-9935.895508,-9923.653320,12.242188
4177,-9538.424805,-9529.583008,8.841797
4178,-9996.125977,-9992.163086,3.962891
4179,-10558.585938,-10566.262695,7.676758
4180,-11411.108398,-11405.976562,5.131836
4181,-10527.116211,-10533.259766,6.143555
4182,-10537.886719,-10532.500000,5.386719
4183,-11925.563477,-11914.590820,10.972656
4184,-10633.450195,-10507.755859,125.694336
4185,-11437.262695,-11441.845703,4.583008
4186,-11516.567383,-11510.196289,6.371094
4187,-11818.862305,-11813.206055,5.656250
4188,-10573.688477,-10565.457031,8.231445
4189,-11843.018555,-11811.596680,31.421875
4190,-8891.542969,-8864.812500,26.730469
4191,-11919.094727,-11946.362305,27.267578
4192,-8162.422852,-8260.203125,97.780273
4193,-9568.560547,-9489.375000,79.185547
4194,-11623.450195,-11575.789062,47.661133
4195,-11493.550781,-11477.306641,16.244141
4196,-12397.471680,-12386.748047,10.723633
4197,-10980.064453,-10938.689453,41.375000
4198,-9487.392578,-9464.257812,23.134766
4199,-10408.385742,-10362.829102,45.556641
4200,-12822.759766,-12821.899414,0.860352
4201,-12490.200195,-12488.541992,1.658203
4202,-11783.308594,-11722.206055,61.102539
4203,-10607.069336,-10506.883789,100.185547
4204,-8707.927734,-8518.589844,189.337891
4205,-11510.234375,-11510.781250,0.546875
4206,-9534.539062,-9522.552734,11.986328
4207,-10234.803711,-10332.030273,97.226562
4208,-9520.800781,-9464.486328,56.314453
4209,-11493.151367,-11508.777344,15.625977
4210,-12231.823242,-12319.045898,87.222656
4211,-10948.019531,-10938.303711,9.715820
4212,-10585.093750,-10566.275391,18.818359
4213,-11417.612305,-11406.991211,10.621094
4214,-11492.750000,-11512.540039,19.790039
4215,-11947.331055,-11915.551758,31.779297
4216,-9914.357422,-9902.294922,12.062500
4217,-11340.398438,-11373.822266,33.423828
4218,-10571.416992,-10532.041992,39.375000
4219,-7666.083984,-7764.229492,98.145508
4220,-10312.241211,-10370.446289,58.205078
4221,-12062.771484,-12012.411133,50.360352
4222,-11915.476562,-11915.437500,0.039062
4223,-11414.907227,-11406.635742,8.271484
4224,-9991.042969,-9958.919922,32.123047
4225,-11916.785156,-11915.454102,1.331055
4226,-10340.677734,-10428.879883,88.202148
4227,-11917.216797,-11916.160156,1.056641
4228,-11816.244141,-11285.245117,530.999023
4229,-11820.857422,-11813.516602,7.340820
4230,-10278.002930,-10307.340820,29.337891
4231,-11520.678711,-11511.537109,9.141602
4232,-10651.318359,-10631.522461,19.795898
4233,-10910.012695,-10934.407227,24.394531
4234,-11391.575195,-11372.338867,19.236328
4235,-11966.654297,-11947.551758,19.102539
4236,-10436.898438,-10439.437500,2.539062
4237,-10602.023438,-10599.147461,2.875977
4238,-10447.490234,-10473.651367,26.161133
4239,-10996.084961,-11001.464844,5.379883
4240,-13361.091797,-13332.066406,29.025391
4241,-10990.412109,-10970.852539,19.559570
4242,-10921.324219,-10937.860352,16.536133
4243,-9581.573242,-9496.491211,85.082031
4244,-10522.532227,-10532.897461,10.365234
4245,-11456.179688,-11412.162109,44.017578
4246,-10540.648438,-10531.977539,8.670898
4247,-9827.250000,-9764.538086,62.711914
4248,-10300.041016,-10362.552734,62.511719
4249,-9822.224609,-9866.006836,43.782227
4250,-8184.543945,-8200.674805,16.130859
4251,-11515.600586,-11510.336914,5.263672
4252,-12556.257812,-12554.382812,1.875000
4253,-12409.271484,-12457.525391,48.253906
4254,-10937.093750,-10971.061523,33.967773
4255,-10421.688477,-10360.077148,61.611328
4256,-10931.171875,-10935.886719,4.714844
4257,-11361.173828,-11375.250977,14.077148
4258,-9257.878906,-9302.253906,44.375000
4259,-10468.819336,-10507.148438,38.329102
4260,-10539.446289,-10441.182617,98.263672
4261,-10354.578125,-10339.078125,15.500000
4262,-12003.718750,-12012.262695,8.543945
4263,-10479.166016,-10425.942383,53.223633
4264,-11440.412109,-11445.892578,5.480469
4265,-10530.166992,-10533.432617,3.265625
4266,-10958.915039,-10968.980469,10.065430
4267,-11971.015625,-11979.923828,8.908203
4268,-12433.285156,-12455.325195,22.040039
4269,-11526.653320,-11509.542969,17.110352
4270,-10956.213867,-10938.383789,17.830078
4271,-11518.652344,-11511.803711,6.848633
4272,-10689.315430,-10801.013672,111.698242
4273,-10939.484375,-10936.746094,2.738281
4274,-15678.652344,-15898.483398,219.831055
4275,-12533.948242,-12520.483398,13.464844
4276,-12676.791016,-12685.061523,8.270508
4277,-10563.590820,-10565.937500,2.346680
4278,-11938.261719,-11948.606445,10.344727
4279,-11435.081055,-11442.918945,7.837891
4280,-12347.790039,-12353.112305,5.322266
4281,-11935.816406,-11949.291016,13.474609
4282,-11229.161133,-11270.091797,40.930664
4283,-12394.962891,-12384.462891,10.500000
4284,-11598.931641,-11576.016602,22.915039
4285,-10504.139648,-10500.226562,3.913086
4286,-10881.469727,-10945.645508,64.175781
4287,-10914.189453,-10904.941406,9.248047
4288,-11423.563477,-11438.279297,14.715820
4289,-12256.613281,-12249.977539,6.635742
4290,-12911.772461,-12957.147461,45.375000
4291,-11933.154297,-11948.851562,15.697266
4292,-9739.127930,-9868.083984,128.956055
4293,-9410.976562,-9461.888672,50.912109
4294,-11578.879883,-11576.033203,2.846680
4295,-11554.393555,-11577.204102,22.810547
4296,-10263.535156,-10362.820312,99.285156
4297,-10523.072266,-10500.789062,22.283203
4298,-12885.964844,-12895.416016,9.451172
4299,-11512.617188,-11509.476562,3.140625
4300,-11604.978516,-11593.467773,11.510742
4301,-11493.548828,-11510.399414,16.850586
4302,-12734.696289,-12791.506836,56.810547
4303,-12478.624023,-12487.373047,8.749023
4304,-10541.042969,-10532.158203,8.884766
4305,-10307.341797,-10297.942383,9.399414
4306,-10805.856445,-10799.934570,5.921875
4307,-10929.410156,-10937.772461,8.362305
4308,-10510.212891,-10474.108398,36.104492
4309,-10914.212891,-10935.064453,20.851562
4310,-11503.634766,-11478.149414,25.485352
4311,-13446.427734,-13443.854492,2.573242
4312,-10528.654297,-10533.292969,4.638672
4313,-12374.076172,-12320.173828,53.902344
4314,-11435.301758,-11443.089844,7.788086
4315,-10339.064453,-10362.507812,23.443359
4316,-10484.289062,-10499.153320,14.864258
4317,-11359.961914,-11338.692383,21.269531
4318,-11419.956055,-11406.280273,13.675781
4319,-11198.569336,-10775.305664,423.263672
4320,-10969.386719,-10969.668945,0.282227
4321,-11816.856445,-11812.501953,4.354492
4322,-11884.528320,-11883.461914,1.066406
4323,-11249.175781,-11236.591797,12.583984
4324,-11512.584961,-11510.059570,2.525391
4325,-11769.521484,-11778.918945,9.397461
4326,-10865.120117,-10835.449219,29.670898
4327,-11537.351562,-11543.905273,6.553711
4328,-10866.903320,-10905.993164,39.089844
4329,-10793.733398,-10742.090820,51.642578
4330,-10548.226562,-10508.026367,40.200195
4331,-12917.888672,-12960.313477,42.424805
4332,-12319.519531,-12456.537109,137.017578
4333,-12177.199219,-12260.850586,83.651367
4334,-11036.172852,-11034.601562,1.571289
4335,-11506.024414,-11512.056641,6.032227
4336,-11566.357422,-11576.477539,10.120117
4337,-10444.880859,-10429.488281,15.392578
4338,-9858.738281,-9866.986328,8.248047
4339,-12464.994141,-12488.662109,23.667969
4340,-12443.779297,-12455.959961,12.180664
4341,-10563.024414,-10566.152344,3.127930
4342,-11894.101562,-12295.785156,401.683594
4343,-11960.401367,-11947.079102,13.322266
4344,-12051.234375,-11981.083008,70.151367
4345,-10917.037109,-10904.748047,12.289062
4346,-11962.137695,-11979.372070,17.234375
4347,-12290.774414,-12280.692383,10.082031
4348,-11331.963867,-11311.233398,20.730469
4349,-10480.171875,-10468.205078,11.966797
4350,-9996.257812,-9958.479492,37.778320
4351,-11528.239258,-11575.897461,47.658203
4352,-12912.974609,-12960.072266,47.097656
4353,-10298.820312,-10365.144531,66.324219
4354,-9576.638672,-9555.873047,20.765625
4355,-11922.005859,-11915.557617,6.448242
4356,-12497.592773,-12487.971680,9.621094
4357,-13429.410156,-13444.111328,14.701172
4358,-9894.175781,-9901.983398,7.807617
4359,-10542.459961,-10532.155273,10.304688
4360,-10493.699219,-10409.268555,84.430664
4361,-11857.517578,-11844.510742,13.006836
4362,-10548.074219,-10533.154297,14.919922
4363,-9723.509766,-9959.181641,235.671875
4364,-9918.389648,-9899.098633,19.291016
4365,-11410.688477,-11407.795898,2.892578
4366,-12469.329102,-12486.013672,16.684570
4367,-10830.145508,-10866.971680,36.826172
4368,-11348.504883,-11342.402344,6.102539
4369,-10309.551758,-10305.576172,3.975586
4370,-10904.673828,-10870.337891,34.335938
4371,-12032.958984,-12013.434570,19.524414
4372,-11962.184570,-11948.356445,13.828125
4373,-11955.540039,-11948.445312,7.094727
4374,-10965.716797,-10968.510742,2.793945
4375,-12475.237305,-12488.273438,13.036133
4376,-13459.867188,-13466.639648,6.772461
4377,-11025.820312,-11001.652344,24.167969
4378,-10978.636719,-10969.592773,9.043945
4379,-11361.849609,-11376.006836,14.157227
4380,-10558.314453,-10565.288086,6.973633
4381,-11558.491211,-11543.579102,14.912109
4382,-11443.827148,-11407.174805,36.652344
4383,-12491.546875,-12489.041016,2.505859
4384,-11541.081055,-11542.875000,1.793945
4385,-13365.321289,-12431.767578,933.553711
4386,-13255.972656,-13331.032227,75.059570
4387,-9506.833008,-9529.375977,22.542969
4388,-11927.036133,-11914.540039,12.496094
4389,-11626.361328,-11675.435547,49.074219
4390,-12553.729492,-12554.322266,0.592773
4391,-11490.545898,-11510.771484,20.225586
4392,-11012.026367,-11003.765625,8.260742
4393,-11510.366211,-11509.397461,0.968750
4394,-10344.560547,-10338.832031,5.728516
4395,-13462.361328,-13443.520508,18.840820
4396,-13437.436523,-13362.637695,74.798828
4397,-11381.149414,-11342.110352,39.039062
4398,-11507.871094,-11510.205078,2.333984
4399,-10497.653320,-10499.829102,2.175781
4400,-11530.379883,-11543.384766,13.004883
4401,-10541.779297,-10531.658203,10.121094
4402,-9414.745117,-9463.380859,48.635742
4403,-10618.755859,-10833.655273,214.899414
4404,-9239.309570,-9522.958984,283.649414
4405,-9234.381836,-8857.273438,377.108398
4406,-11491.366211,-11510.429688,19.063477
4407,-9296.383789,-9488.248047,191.864258
4408,-11556.836914,-11543.306641,13.530273
4409,-10011.875977,-9990.338867,21.537109
4410,-11522.650391,-11511.301758,11.348633
4411,-10311.927734,-10304.940430,6.987305
4412,-11586.535156,-11576.878906,9.656250
4413,-12457.097656,-12455.266602,1.831055
4414,-11324.748047,-11343.297852,18.549805
4415,-9536.003906,-9520.396484,15.607422
4416,-12917.649414,-12925.521484,7.872070
4417,-10506.012695,-10507.715820,1.703125
4418,-9481.056641,-9463.986328,17.070312
4419,-9593.238281,-9587.824219,5.414062
4420,-11571.642578,-11576.831055,5.188477
4421,-9954.477539,-9958.958008,4.480469
4422,-11524.942383,-11542.583984,17.641602
4423,-10588.453125,-10507.647461,80.805664
4424,-11920.361328,-11914.551758,5.809570
4425,-11946.501953,-11946.514648,0.012695
4426,-11951.242188,-11947.572266,3.669922
4427,-11001.627930,-11001.833008,0.205078
4428,-11405.977539,-11406.983398,1.005859
4429,-11312.813477,-11373.887695,61.074219
4430,-7898.158691,-7819.281738,78.876953
4431,-9772.611328,-9901.410156,128.798828
4432,-10839.451172,-10832.235352,7.215820
4433,-9996.323242,-9992.788086,3.535156
4434,-12816.193359,-12821.864258,5.670898
4435,-11505.932617,-11510.997070,5.064453
4436,-11949.152344,-11948.456055,0.696289
4437,-9903.867188,-9835.664062,68.203125
4438,-12370.175781,-12401.545898,31.370117
4439,-11448.762695,-11350.872070,97.890625
4440,-11371.375000,-11375.149414,3.774414
4441,-12936.420898,-12926.482422,9.938477
4442,-11481.900391,-11476.022461,5.877930
4443,-12488.868164,-12467.196289,21.671875
4444,-12361.903320,-12353.214844,8.688477
4445,-12527.870117,-12554.866211,26.996094
4446,-11378.234375,-11405.243164,27.008789
4447,-10953.813477,-10935.050781,18.762695
4448,-9387.986328,-9361.507812,26.478516
4449,-11510.050781,-11544.188477,34.137695
4450,-10642.459961,-9765.308594,877.151367
4451,-11533.064453,-11510.142578,22.921875
4452,-9577.331055,-8485.165039,1092.166016
4453,-11405.511719,-11408.418945,2.907227
4454,-9893.915039,-9864.631836,29.283203
4455,-11327.109375,-11340.381836,13.272461
4456,-11483.730469,-11477.197266,6.533203
4457,-9563.745117,-9554.390625,9.354492
4458,-10944.853516,-10935.852539,9.000977
4459,-11950.475586,-11949.136719,1.338867
4460,-11019.460938,-11003.619141,15.841797
4461,-12522.914062,-12554.586914,31.672852
4462,-10838.125977,-10775.333008,62.792969
4463,-10958.460938,-10970.579102,12.118164
4464,-11925.813477,-11948.571289,22.757812
4465,-12547.469727,-12554.228516,6.758789
4466,-10970.916016,-10967.172852,3.743164
4467,-8522.513672,-8393.545898,128.967773
4468,-11950.542969,-11945.326172,5.216797
4469,-11374.334961,-11374.816406,0.481445
4470,-10865.098633,-10867.077148,1.978516
4471,-13927.185547,-13984.116211,56.930664
4472,-10766.505859,-10913.111328,146.605469
4473,-15310.469727,-14390.896484,919.573242
4474,-11492.839844,-11479.451172,13.388672
4475,-11851.543945,-11844.286133,7.257812
4476,-10716.507812,-10847.610352,131.102539
4477,-11489.375000,-11476.690430,12.684570
4478,-10054.903320,-10023.849609,31.053711
4479,-11375.957031,-11373.622070,2.334961
4480,-10499.437500,-10499.930664,0.493164
4481,-10820.022461,-10800.811523,19.210938
4482,-10432.973633,-10383.688477,49.285156
4483,-11381.828125,-11370.583008,11.245117
4484,-11546.596680,-11544.264648,2.332031
4485,-10817.223633,-10833.697266,16.473633
4486,-10579.790039,-10566.283203,13.506836
4487,-12533.115234,-12522.244141,10.871094
4488,-11949.282227,-11948.567383,0.714844
4489,-10903.499023,-10903.945312,0.446289
4490,-11042.083008,-11002.331055,39.751953
4491,-11469.863281,-11478.579102,8.715820
4492,-8464.877930,-8394.916992,69.960938
4493,-10940.656250,-10935.153320,5.502930
4494,-11997.022461,-12012.982422,15.959961
4495,-11774.910156,-11779.882812,4.972656
4496,-12700.386719,-12684.719727,15.666992
4497,-10917.534180,-10902.484375,15.049805
4498,-10906.943359,-10902.774414,4.168945
4499,-11995.693359,-11982.041016,13.652344
4500,-10576.172852,-10564.428711,11.744141
4501,-9172.783203,-9178.463867,5.680664
4502,-12531.847656,-12522.642578,9.205078
4503,-10456.192383,-10463.647461,7.455078
4504,-9789.185547,-9834.312500,45.126953
4505,-11325.508789,-11375.662109,50.153320
4506,-9960.349609,-9926.384766,33.964844
4507,-12485.566406,-12489.154297,3.587891
4508,-10221.286133,-10362.750000,141.463867
4509,-11393.190430,-11374.157227,19.033203
4510,-10546.989258,-10532.883789,14.105469
4511,-10509.906250,-10500.880859,9.025391
4512,-9647.111328,-9587.636719,59.474609
4513,-10528.363281,-10532.616211,4.252930
4514,-11801.147461,-11949.765625,148.618164
4515,-11429.813477,-11408.292969,21.520508
4516,-10034.180664,-9991.520508,42.660156
4517,-10535.326172,-10500.296875,35.029297
4518,-11867.967773,-11881.131836,13.164062
4519,-10606.623047,-10598.929688,7.693359
4520,-11490.129883,-11511.242188,21.112305
4521,-12335.123047,-12349.919922,14.796875
4522,-12482.716797,-12486.499023,3.782227
4523,-9529.656250,-9456.681641,72.974609
4524,-12376.494141,-12384.975586,8.481445
4525,-11697.648438,-11675.446289,22.202148
4526,-10980.487305,-10968.841797,11.645508
4527,-12949.411133,-12926.666992,22.744141
4528,-12222.260742,-12353.510742,131.250000
4529,-12449.231445,-12452.760742,3.529297
4530,-12458.432617,-12457.803711,0.628906
4531,-10482.740234,-10430.031250,52.708984
4532,-11947.221680,-11913.597656,33.624023
4533,-10398.110352,-10395.868164,2.242188
4534,-10785.980469,-10846.877930,60.897461
4535,-10536.269531,-10532.139648,4.129883
4536,-11013.583984,-11002.657227,10.926758
4537,-11952.360352,-11980.302734,27.942383
4538,-11374.990234,-11375.601562,0.611328
4539,-11740.627930,-11825.828125,85.200195
4540,-9476.268555,-9465.760742,10.507812
4541,-10503.752930,-10498.577148,5.175781
4542,-11544.102539,-11544.432617,0.330078
4543,-9609.397461,-9586.754883,22.642578
4544,-11685.504883,-11778.500000,92.995117
4545,-12497.864258,-12376.164062,121.700195
4546,-11534.246094,-11451.082031,83.164062
4547,-9075.377930,-8890.545898,184.832031
4548,-11518.041016,-11509.409180,8.631836
4549,-10356.328125,-10364.121094,7.792969
4550,-11528.666016,-11543.799805,15.133789
4551,-11435.881836,-11439.598633,3.716797
4552,-12521.612305,-12521.228516,0.383789
4553,-11976.674805,-11979.048828,2.374023
4554,-10535.533203,-10532.280273,3.252930
4555,-10456.687500,-10540.050781,83.363281
4556,-11468.921875,-11509.637695,40.715820
4557,-11521.876953,-11542.666992,20.790039
4558,-9462.870117,-9496.872070,34.001953
4559,-11318.608398,-11340.252930,21.644531
4560,-12542.469727,-12521.122070,21.347656
4561,-10812.097656,-10685.172852,126.924805
4562,-10450.112305,-10443.912109,6.200195
4563,-12439.595703,-12418.615234,20.980469
4564,-11002.112305,-10969.520508,32.591797
4565,-12751.117188,-12894.333008,143.215820
4566,-10483.813477,-10441.627930,42.185547
4567,-12192.312500,-12216.250977,23.938477
4568,-10969.065430,-10937.048828,32.016602
4569,-10847.804688,-10801.415039,46.389648
4570,-10575.792969,-10566.268555,9.524414
4571,-10576.320312,-10565.521484,10.798828
4572,-9804.393555,-9766.246094,38.147461
4573,-11556.508789,-11542.601562,13.907227
4574,-11008.325195,-11001.750977,6.574219
4575,-11926.818359,-11916.575195,10.243164
4576,-9802.178711,-9933.444336,131.265625
4577,-11450.873047,-11440.230469,10.642578
4578,-10316.581055,-10328.824219,12.243164
4579,-10927.594727,-10904.625000,22.969727
4580,-11480.135742,-11511.555664,31.419922
4581,-9507.465820,-9464.487305,42.978516
4582,-13443.829102,-13433.758789,10.070312
4583,-12938.931641,-12925.836914,13.094727
4584,-9643.805664,-9588.986328,54.819336
4585,-11967.418945,-11979.166992,11.748047
4586,-11937.134766,-11948.106445,10.971680
4587,-12487.796875,-12489.197266,1.400391
4588,-10363.317383,-10363.438477,0.121094
4589,-11951.277344,-11948.110352,3.166992
4590,-9882.491211,-9924.977539,42.486328
4591,-11962.898438,-11981.144531,18.246094
4592,-12922.900391,-12926.698242,3.797852
4593,-12292.105469,-12385.839844,93.734375
4594,-9969.291992,-9958.981445,10.310547
4595,-12454.705078,-12425.072266,29.632812
4596,-12433.286133,-12454.919922,21.633789
4597,-11346.825195,-11375.010742,28.185547
4598,-9840.732422,-9956.211914,115.479492
4599,-10234.338867,-10235.180664,0.841797
4600,-12939.129883,-12894.894531,44.235352
4601,-11410.292969,-11406.834961,3.458008
4602,-11956.271484,-11948.048828,8.222656
4603,-10938.159180,-11003.455078,65.295898
4604,-12743.541992,-12755.651367,12.109375
4605,-12905.303711,-12926.904297,21.600586
4606,-10948.441406,-10937.539062,10.902344
4607,-11748.656250,-11780.618164,31.961914
4608,-12493.925781,-12488.153320,5.772461
4609,-12515.464844,-12521.081055,5.616211
4610,-11045.233398,-11002.958984,42.274414
4611,-10891.993164,-10904.124023,12.130859
4612,-11244.765625,-11238.977539,5.788086
4613,-12536.396484,-12522.807617,13.588867
4614,-10389.602539,-10396.241211,6.638672
4615,-11000.078125,-10970.320312,29.757812
4616,-11510.292969,-11509.330078,0.962891
4617,-10221.635742,-11218.356445,996.720703
4618,-10500.666992,-10499.800781,0.866211
4619,-12486.749023,-12416.482422,70.266602
4620,-11594.373047,-11577.226562,17.146484
4621,-11866.204102,-11284.019531,582.184570
4622,-10015.021484,-9990.691406,24.330078
4623,-10963.367188,-10936.942383,26.424805
4624,-10973.654297,-10969.662109,3.992188
4625,-11347.262695,-11375.529297,28.266602
4626,-11504.012695,-11510.914062,6.901367
4627,-11532.009766,-11543.935547,11.925781
4628,-12963.666016,-13007.155273,43.489258
4629,-9476.298828,-9488.419922,12.121094
4630,-11903.458984,-11916.309570,12.850586
4631,-11488.967773,-11508.724609,19.756836
4632,-12550.158203,-12521.992188,28.166016
4633,-11367.177734,-11405.891602,38.713867
4634,-11505.083008,-11508.155273,3.072266
4635,-9852.556641,-9901.937500,49.380859
4636,-10962.364258,-10969.061523,6.697266
4637,-11892.695312,-11947.759766,55.064453
4638,-11508.873047,-11509.470703,0.597656
4639,-12475.658203,-12456.674805,18.983398
4640,-12457.806641,-12486.819336,29.012695
4641,-11897.226562,-11912.364258,15.137695
4642,-11790.793945,-11811.856445,21.062500
4643,-10981.305664,-10968.978516,12.327148
4644,-12421.184570,-12353.194336,67.990234
4645,-9964.151367,-9990.713867,26.562500
4646,-10868.856445,-10846.295898,22.560547
4647,-11485.023438,-11512.293945,27.270508
4648,-11425.344727,-11440.379883,15.035156
4649,-10568.731445,-10566.055664,2.675781
4650,-11956.969727,-11948.495117,8.474609
4651,-10534.490234,-10534.022461,0.467773
4652,-9886.275391,-9935.468750,49.193359
4653,-10392.283203,-10395.187500,2.904297
4654,-10256.264648,-10396.062500,139.797852
4655,-11870.123047,-11914.000000,43.876953
4656,-10528.744141,-10532.241211,3.497070
4657,-10956.150391,-10937.103516,19.046875
4658,-14500.884766,-14358.611328,142.273438
4659,-12929.751953,-12924.090820,5.661133
4660,-11936.595703,-11978.782227,42.186523
4661,-12830.896484,-12893.134766,62.238281
4662,-10420.847656,-10441.875977,21.028320
4663,-10599.552734,-10598.497070,1.055664
4664,-11541.758789,-11543.491211,1.732422
4665,-11505.240234,-11509.491211,4.250977
4666,-12030.022461,-12014.295898,15.726562
4667,-9491.311523,-9490.328125,0.983398
4668,-10983.710938,-10972.215820,11.495117
4669,-13841.189453,-13767.142578,74.046875
4670,-13522.328125,-13500.380859,21.947266
4671,-11979.571289,-11946.970703,32.600586
4672,-11941.848633,-11948.402344,6.553711
4673,-10527.541016,-10533.542969,6.001953
4674,-10366.662109,-10361.654297,5.007812
4675,-9540.991211,-9522.808594,18.182617
4676,-10522.887695,-10532.899414,10.011719
4677,-9518.114258,-9429.552734,88.561523
4678,-11944.968750,-11915.625000,29.343750
4679,-11834.836914,-11844.333008,9.496094
4680,-12351.569336,-12386.767578,35.198242
4681,-11994.524414,-11947.996094,46.528320
4682,-11930.891602,-11917.119141,13.772461
4683,-11738.515625,-11780.290039,41.774414
4684,-11422.359375,-11407.096680,15.262695
4685,-12492.941406,-12487.632812,5.308594
4686,-10550.359375,-10565.169922,14.810547
4687,-9549.625977,-9522.083008,27.542969
4688,-10950.445312,-10935.498047,14.947266
4689,-11791.081055,-11811.202148,20.121094
4690,-10399.646484,-10430.310547,30.664062
4691,-11386.550781,-11374.763672,11.787109
4692,-10921.521484,-10878.887695,42.633789
4693,-11974.156250,-11947.813477,26.342773
4694,-11552.965820,-11544.250977,8.714844
4695,-10581.366211,-10565.134766,16.231445
4696,-10571.304688,-10474.364258,96.940430
4697,-10638.682617,-10631.695312,6.987305
4698,-10541.135742,-10533.282227,7.853516
4699,-12577.815430,-12587.094727,9.279297
4700,-10564.371094,-10566.006836,1.635742
4701,-12536.281250,-12519.649414,16.631836
4702,-10565.158203,-10564.066406,1.091797
4703,-11530.455078,-11543.598633,13.143555
4704,-12028.370117,-11981.031250,47.338867
4705,-11792.079102,-11812.198242,20.119141
4706,-10494.358398,-10498.403320,4.044922
4707,-9607.294922,-9555.833984,51.460938
4708,-8444.292969,-8266.701172,177.591797
4709,-10484.866211,-10500.022461,15.156250
4710,-11031.726562,-11034.829102,3.102539
4711,-12474.033203,-12489.283203,15.250000
4712,-9514.670898,-9522.046875,7.375977
4713,-12506.438477,-12521.819336,15.380859
4714,-13240.038086,-13228.400391,11.637695
4715,-10596.052734,-10598.225586,2.172852
4716,-10535.255859,-10532.079102,3.176758
4717,-10288.291016,-10274.082031,14.208984
4718,-10545.259766,-10531.176758,14.083008
4719,-11337.047852,-11340.621094,3.573242
4720,-11352.107422,-11374.142578,22.035156
4721,-10539.743164,-10532.149414,7.593750
4722,-10550.033203,-10565.383789,15.350586
4723,-10983.039062,-10971.993164,11.045898
4724,-11905.503906,-11912.932617,7.428711
4725,-11460.974609,-11452.165039,8.809570
4726,-10843.185547,-10878.970703,35.785156
4727,-11529.452148,-11542.204102,12.751953
4728,-10974.356445,-10969.115234,5.241211
4729,-10500.868164,-10498.727539,2.140625
4730,-11337.464844,-11375.935547,38.470703
4731,-12466.978516,-12457.827148,9.151367
4732,-11787.722656,-11810.543945,22.821289
4733,-9609.791016,-9587.643555,22.147461
4734,-11510.351562,-11508.802734,1.548828
4735,-10894.178711,-10775.146484,119.032227
4736,-10498.841797,-10499.927734,1.085938
4737,-11510.740234,-11509.434570,1.305664
4738,-10761.356445,-10741.676758,19.679688
4739,-11525.577148,-11543.767578,18.190430
4740,-11918.115234,-11916.692383,1.422852
4741,-11253.205078,-11238.830078,14.375000
4742,-12488.475586,-12490.001953,1.526367
4743,-9548.062500,-9554.666992,6.604492
4744,-11510.709961,-11513.143555,2.433594
4745,-9570.367188,-9523.167969,47.199219
4746,-11339.646484,-11341.413086,1.766602
4747,-11535.443359,-11512.424805,23.018555
4748,-9949.972656,-9924.873047,25.099609
4749,-10384.484375,-10337.007812,47.476562
4750,-12228.296875,-12281.513672,53.216797
4751,-11755.973633,-11284.725586,471.248047
4752,-14015.586914,-14089.716797,74.129883
4753,-10772.113281,-10801.891602,29.778320
4754,-12517.509766,-12521.626953,4.117188
4755,-12188.512695,-12250.157227,61.644531
4756,-10937.147461,-10937.125977,0.021484
4757,-12314.251953,-12318.031250,3.779297
4758,-10017.842773,-9991.198242,26.644531
4759,-9962.749023,-9955.348633,7.400391
4760,-10486.194336,-10498.649414,12.455078
4761,-10571.345703,-10565.225586,6.120117
4762,-12677.128906,-12822.833008,145.704102
4763,-11849.056641,-11845.173828,3.882812
4764,-11947.643555,-11946.608398,1.035156
4765,-9507.575195,-9520.311523,12.736328
4766,-10967.659180,-10968.971680,1.312500
4767,-11505.084961,-11511.112305,6.027344
4768,-9430.631836,-9360.571289,70.060547
4769,-10984.559570,-10968.300781,16.258789
4770,-11569.316406,-11576.051758,6.735352
4771,-9055.711914,-9329.426758,273.714844
4772,-11357.600586,-11444.588867,86.988281
4773,-7269.416016,-7391.067383,121.651367
4774,-11329.570312,-11339.944336,10.374023
4775,-11901.082031,-11948.476562,47.394531
4776,-11784.073242,-11779.581055,4.492188
4777,-11931.805664,-11916.409180,15.396484
4778,-10528.063477,-10533.243164,5.179688
4779,-10545.355469,-10532.471680,12.883789
4780,-10546.094727,-10532.246094,13.848633
4781,-10547.173828,-10532.226562,14.947266
4782,-11957.449219,-11949.711914,7.737305
4783,-9087.000977,-8485.388672,601.612305
4784,-10547.315430,-10533.718750,13.596680
4785,-12508.402344,-12487.069336,21.333008
4786,-11897.929688,-11845.434570,52.495117
4787,-11682.112305,-11708.627930,26.515625
4788,-9408.245117,-9430.678711,22.433594
4789,-12047.336914,-12014.148438,33.188477
4790,-11511.523438,-11510.624023,0.899414
4791,-9744.863281,-9927.039062,182.175781
4792,-12938.345703,-12892.348633,45.997070
4793,-10520.288086,-10498.035156,22.252930
4794,-10296.053711,-10365.661133,69.607422
4795,-10857.402344,-10867.161133,9.758789
4796,-9404.136719,-9471.088867,66.952148
4797,-11818.336914,-11811.419922,6.916992
4798,-11413.772461,-11407.263672,6.508789
4799,-11408.614258,-11373.462891,35.151367
4800,-10515.000000,-10532.676758,17.676758
4801,-12496.162109,-12488.617188,7.544922
4802,-10289.793945,-10370.599609,80.805664
4803,-12502.894531,-12487.162109,15.732422
4804,-11536.436523,-11509.538086,26.898438
4805,-12944.358398,-12959.789062,15.430664
4806,-10993.164062,-11003.813477,10.649414
4807,-11946.245117,-11945.854492,0.390625
4808,-12860.087891,-12894.259766,34.171875
4809,-10403.484375,-10395.981445,7.502930
4810,-12475.465820,-12486.950195,11.484375
4811,-10457.798828,-10466.107422,8.308594
4812,-12264.120117,-12249.500000,14.620117
4813,-11502.904297,-11508.130859,5.226562
4814,-11723.485352,-11675.521484,47.963867
4815,-11950.933594,-11913.734375,37.199219
4816,-9557.728516,-9587.342773,29.614258
4817,-10523.628906,-10499.996094,23.632812
4818,-11535.911133,-11509.896484,26.014648
4819,-10491.185547,-10499.564453,8.378906
4820,-10548.704102,-10532.729492,15.974609
4821,-11525.404297,-11510.484375,14.919922
4822,-11551.066406,-11543.655273,7.411133
4823,-8569.446289,-8453.207031,116.239258
4824,-11568.082031,-11575.781250,7.699219
4825,-10379.374023,-10362.971680,16.402344
4826,-11352.291016,-11340.473633,11.817383
4827,-11928.540039,-11914.751953,13.788086
4828,-10535.886719,-10533.576172,2.310547
4829,-13561.949219,-13532.068359,29.880859
4830,-12362.644531,-12353.418945,9.225586
4831,-11514.004883,-11509.539062,4.465820
4832,-10913.913086,-10903.972656,9.940430
4833,-9483.333008,-9488.175781,4.842773
4834,-10966.549805,-10968.520508,1.970703
4835,-9892.006836,-9901.152344,9.145508
4836,-12377.808594,-12353.316406,24.492188
4837,-9984.625977,-9991.286133,6.660156
4838,-11944.019531,-11948.302734,4.283203
4839,-10028.406250,-9834.036133,194.370117
4840,-10935.076172,-10934.111328,0.964844
4841,-12418.004883,-12489.572266,71.567383
4842,-10983.759766,-10968.180664,15.579102
4843,-11992.608398,-11979.399414,13.208984
4844,-10387.454102,-10474.639648,87.185547
4845,-9533.689453,-9521.036133,12.653320
4846,-10576.560547,-10566.062500,10.498047
4847,-10622.555664,-10599.081055,23.474609
4848,-10566.314453,-10565.185547,1.128906
4849,-11723.250000,-11779.135742,55.885742
4850,-10500.051758,-10499.281250,0.770508
4851,-12456.326172,-12418.497070,37.829102
4852,-12522.214844,-12522.150391,0.064453
4853,-11409.106445,-11407.917969,1.188477
4854,-11506.616211,-11511.002930,4.386719
4855,-9571.155273,-9555.726562,15.428711
4856,-8534.580078,-8493.654297,40.925781
4857,-9776.473633,-9867.935547,91.461914
4858,-10505.414062,-10508.016602,2.602539
4859,-10227.803711,-10304.464844,76.661133
4860,-8430.038086,-8226.105469,203.932617
4861,-11516.855469,-11510.241211,6.614258
4862,-10970.224609,-10969.228516,0.996094
4863,-11377.362305,-11374.973633,2.388672
4864,-10987.515625,-10969.651367,17.864258
4865,-11662.198242,-11675.040039,12.841797
4866,-11509.848633,-11509.284180,0.564453
4867,-8871.712891,-8518.458008,353.254883
4868,-10041.526367,-10024.699219,16.827148
4869,-10603.114258,-10598.300781,4.813477
4870,-10524.179688,-10532.849609,8.669922
4871,-12789.603516,-12787.151367,2.452148
4872,-11553.173828,-11512.472656,40.701172
4873,-11875.134766,-11845.221680,29.913086
4874,-9631.777344,-9586.898438,44.878906
4875,-11397.372070,-11419.260742,21.888672
4876,-11876.062500,-11844.762695,31.299805
4877,-12353.763672,-12352.970703,0.792969
4878,-10956.976562,-11004.708984,47.732422
4879,-10979.189453,-10971.183594,8.005859
4880,-9921.656250,-9924.163086,2.506836
4881,-13009.694336,-12926.516602,83.177734
4882,-10052.390625,-9992.329102,60.061523
4883,-10468.152344,-10429.504883,38.647461
4884,-11566.733398,-11542.342773,24.390625
4885,-11934.631836,-11915.166016,19.465820
4886,-11952.044922,-11949.258789,2.786133
4887,-9894.725586,-9928.061523,33.335938
4888,-10569.896484,-10565.903320,3.993164
4889,-9551.159180,-9529.684570,21.474609
4890,-10965.747070,-10968.150391,2.403320
4891,-12266.062500,-12249.061523,17.000977
4892,-9568.240234,-8888.224609,680.015625
4893,-12499.239258,-12522.030273,22.791016
4894,-11958.875000,-11947.780273,11.094727
4895,-11898.560547,-11916.712891,18.152344
4896,-12529.547852,-12488.542969,41.004883
4897,-10531.625977,-10532.916992,1.291016
4898,-11338.313477,-11374.596680,36.283203
4899,-10358.907227,-10363.377930,4.470703
4900,-11496.629883,-11510.209961,13.580078
4901,-9920.088867,-9808.843750,111.245117
4902,-11480.078125,-11475.397461,4.680664
4903,-10605.670898,-10598.549805,7.121094
4904,-11575.187500,-11576.568359,1.380859
4905,-11937.889648,-11948.240234,10.350586
4906,-12932.011719,-12894.973633,37.038086
4907,-10791.806641,-10801.894531,10.087891
4908,-10514.213867,-10531.905273,17.691406
4909,-10556.760742,-10564.946289,8.185547
4910,-12395.144531,-12384.290039,10.854492
4911,-11469.625977,-11439.900391,29.725586
4912,-11819.853516,-11882.335938,62.482422
4913,-10502.434570,-10497.860352,4.574219
4914,-11483.602539,-11478.877930,4.724609
4915,-9961.634766,-9965.413086,3.778320
4916,-10925.316406,-10937.000000,11.683594
4917,-10911.218750,-10880.109375,31.109375
4918,-10987.817383,-10968.895508,18.921875
4919,-8519.160156,-8266.433594,252.726562
4920,-10996.337891,-11001.873047,5.535156
4921,-9394.511719,-9487.651367,93.139648
4922,-11882.300781,-11845.281250,37.019531
4923,-10979.444336,-10970.272461,9.171875
4924,-11827.702148,-11812.249023,15.453125
4925,-10553.833984,-10532.535156,21.298828
4926,-12926.407227,-12894.430664,31.976562
4927,-11931.466797,-11980.893555,49.426758
4928,-10809.304688,-10960.991211,151.686523
4929,-9628.138672,-9463.992188,164.146484
4930,-11942.705078,-11912.646484,30.058594
4931,-11518.654297,-11510.551758,8.102539
4932,-11538.121094,-11542.455078,4.333984
4933,-10581.971680,-10711.137695,129.166016
4934,-11504.973633,-11510.478516,5.504883
4935,-11970.710938,-11979.094727,8.383789
4936,-11965.749023,-11948.784180,16.964844
4937,-10796.471680,-10829.525391,33.053711
4938,-10594.050781,-10631.576172,37.525391
4939,-10618.127930,-10598.344727,19.783203
4940,-11371.503906,-11405.171875,33.667969
4941,-10904.766602,-10904.988281,0.221680
4942,-11378.105469,-11373.756836,4.348633
4943,-11960.543945,-11948.836914,11.707031
4944,-11700.093750,-11707.787109,7.693359
4945,-10584.163086,-10939.214844,355.051758
4946,-12032.482422,-12281.980469,249.498047
4947,-12870.658203,-12893.541992,22.883789
4948,-10435.637695,-10395.835938,39.801758
4949,-11313.641602,-11339.274414,25.632812
4950,-11444.918945,-11443.651367,1.267578
4951,-10393.437500,-10506.825195,113.387695
4952,-10496.874023,-10499.953125,3.079102
4953,-12377.645508,-12354.823242,22.822266
4954,-12011.974609,-12012.353516,0.378906
4955,-11955.901367,-11948.835938,7.065430
4956,-11397.045898,-11440.383789,43.337891
4957,-9634.166016,-9588.092773,46.073242
4958,-10970.607422,-10969.753906,0.853516
4959,-11516.404297,-11510.583984,5.820312
4960,-11516.371094,-11511.390625,4.980469
4961,-10792.014648,-10801.023438,9.008789
4962,-10929.977539,-10936.257812,6.280273
4963,-12429.468750,-12489.618164,60.149414
4964,-10775.732422,-10802.232422,26.500000
4965,-10522.634766,-10533.426758,10.791992
4966,-11522.295898,-11509.909180,12.386719
4967,-11956.619141,-11948.649414,7.969727
4968,-10973.999023,-10969.515625,4.483398
4969,-11408.214844,-11374.188477,34.026367
4970,-9343.309570,-9327.344727,15.964844
4971,-12280.319336,-12352.459961,72.140625
4972,-10858.536133,-10801.364258,57.171875
4973,-12309.793945,-12352.600586,42.806641
4974,-12931.242188,-12925.167969,6.074219
4975,-9432.255859,-9437.602539,5.346680
4976,-9171.597656,-8485.613281,685.984375
4977,-12305.555664,-12320.271484,14.715820
4978,-12513.272461,-12487.096680,26.175781
4979,-11922.913086,-11915.779297,7.133789
4980,-10776.111328,-10802.748047,26.636719
4981,-12316.148438,-12351.540039,35.391602
4982,-9734.564453,-9797.707031,63.142578
4983,-10977.108398,-10944.021484,33.086914
4984,-11382.626953,-11373.463867,9.163086
4985,-13458.742188,-13500.599609,41.857422
4986,-11921.977539,-11947.629883,25.652344
4987,-12433.898438,-12424.944336,8.954102
4988,-13510.745117,-13364.739258,146.005859
4989,-13344.171875,-13330.165039,14.006836
4990,-11508.742188,-11511.607422,2.865234
4991,-11420.632812,-11440.067383,19.434570
4992,-10052.842773,-9867.019531,185.823242
4993,-9578.482422,-9587.640625,9.158203
4994,-13687.478516,-13797.671875,110.193359
4995,-10980.181641,-10968.752930,11.428711
4996,-11789.475586,-11720.831055,68.644531
4997,-8353.103516,-8426.903320,73.799805
4998,-10534.543945,-10533.348633,1.195312
4999,-11583.497070,-11576.767578,6.729492
5000,-11527.070312,-11511.490234,15.580078
5001,-11427.006836,-11406.163086,20.843750
5002,-9516.916016,-9520.903320,3.987305
5003,-10981.803711,-11001.553711,19.750000
5004,-9384.338867,-9464.552734,80.213867
5005,-10944.094727,-10937.229492,6.865234
5006,-11518.619141,-11509.446289,9.172852
5007,-11497.621094,-11420.998047,76.623047
5008,-10948.235352,-10938.039062,10.196289
5009,-10426.894531,-10475.353516,48.458984
5010,-11540.242188,-11543.723633,3.481445
5011,-13022.927734,-12958.598633,64.329102
5012,-10932.813477,-10935.159180,2.345703
5013,-11407.297852,-11407.115234,0.182617
5014,-11385.843750,-11373.806641,12.037109
5015,-10576.847656,-10566.045898,10.801758
5016,-11939.616211,-11946.796875,7.180664
5017,-11491.313477,-11474.013672,17.299805
5018,-11000.859375,-10968.687500,32.171875
5019,-12383.176758,-12321.088867,62.087891
5020,-11947.350586,-11981.252930,33.902344
5021,-10960.459961,-10969.354492,8.894531
5022,-11583.992188,-11576.432617,7.559570
5023,-11556.881836,-11544.083984,12.797852
5024,-12268.345703,-12319.199219,50.853516
5025,-9483.529297,-9464.091797,19.437500
5026,-11914.891602,-11945.875000,30.983398
5027,-10934.227539,-10935.763672,1.536133
5028,-11393.823242,-11404.915039,11.091797
5029,-11853.886719,-11845.172852,8.713867
5030,-11903.153320,-11917.369141,14.215820
5031,-12501.870117,-12521.490234,19.620117
5032,-10827.074219,-10788.648438,38.425781
5033,-10510.416016,-10500.301758,10.114258
5034,-11675.951172,-11915.499023,239.547852
5035,-10979.256836,-10970.220703,9.036133
5036,-10879.077148,-10869.868164,9.208984
5037,-12953.025391,-12959.367188,6.341797
5038,-10415.371094,-10396.759766,18.611328
5039,-10504.948242,-10498.958008,5.990234
5040,-12774.678711,-12926.989258,152.310547
5041,-11426.521484,-11406.724609,19.796875
5042,-10911.427734,-10935.012695,23.584961
5043,-11463.816406,-11480.031250,16.214844
5044,-10361.746094,-10362.660156,0.914062
5045,-11006.565430,-11002.500977,4.064453
5046,-11686.194336,-11708.711914,22.517578
5047,-11558.989258,-11542.616211,16.373047
5048,-10534.870117,-10532.166992,2.703125
5049,-11330.658203,-11342.121094,11.462891
5050,-11351.198242,-11375.423828,24.225586
5051,-10541.023438,-10533.593750,7.429688
5052,-9547.024414,-9588.119141,41.094727
5053,-11562.666016,-11576.114258,13.448242
5054,-9891.584961,-9924.711914,33.126953
5055,-10908.992188,-10913.146484,4.154297
5056,-9971.143555,-9958.621094,12.522461
5057,-11256.334961,-11239.529297,16.805664
5058,-9778.495117,-9894.085938,115.590820
5059,-10945.300781,-10935.503906,9.796875
5060,-11516.002930,-11511.213867,4.789062
5061,-10982.312500,-10971.797852,10.514648
5062,-10008.307617,-9990.364258,17.943359
5063,-12516.125000,-12521.428711,5.303711
5064,-11529.642578,-11510.769531,18.873047
5065,-12394.872070,-12386.352539,8.519531
5066,-10548.587891,-10532.858398,15.729492
5067,-11930.619141,-11947.509766,16.890625
5068,-12517.291992,-12521.047852,3.755859
5069,-11053.998047,-11035.152344,18.845703
5070,-12561.514648,-12554.340820,7.173828
5071,-11372.531250,-11373.500977,0.969727
5072,-11844.650391,-11812.637695,32.012695
5073,-11984.883789,-11947.664062,37.219727
5074,-11358.266602,-11376.123047,17.856445
5075,-10587.076172,-10598.591797,11.515625
5076,-11377.300781,-11374.347656,2.953125
5077,-10928.097656,-10943.230469,15.132812
5078,-10572.067383,-10565.213867,6.853516
5079,-11950.167969,-11945.746094,4.421875
5080,-11490.521484,-11508.632812,18.111328
5081,-8354.572266,-8427.238281,72.666016
5082,-11954.403320,-11947.086914,7.316406
5083,-11449.205078,-11316.380859,132.824219
5084,-10379.377930,-10338.528320,40.849609
5085,992.416016,-1101.487305,2093.903320
5086,-10491.286133,-10498.827148,7.541016
5087,-10540.640625,-10533.301758,7.338867
5088,-11875.569336,-11948.221680,72.652344
5089,-11519.527344,-11509.535156,9.992188
5090,-10011.652344,-9991.178711,20.473633
5091,-12433.202148,-12456.457031,23.254883
5092,-11392.122070,-11407.436523,15.314453
5093,-12452.914062,-12456.021484,3.107422
5094,-12292.885742,-12319.190430,26.304688
5095,-10930.748047,-10937.767578,7.019531
5096,-10519.955078,-10533.214844,13.259766
5097,-10973.384766,-10970.481445,2.903320
5098,-11466.248047,-11476.996094,10.748047
5099,-12897.745117,-12959.743164,61.998047
5100,-10339.248047,-10333.333008,5.915039
5101,-11898.936523,-11915.762695,16.826172
5102,-9471.708984,-9429.517578,42.191406
5103,-10927.080078,-10939.677734,12.597656
5104,-12937.966797,-12926.279297,11.687500
5105,-8715.841797,-8486.407227,229.434570
5106,-11361.763672,-11375.101562,13.337891
5107,-12891.853516,-12894.134766,2.281250
5108,-11591.450195,-11543.738281,47.711914
5109,-11929.681641,-11948.263672,18.582031
5110,-10932.078125,-10936.483398,4.405273
5111,-10386.522461,-10441.309570,54.787109
5112,-10978.146484,-11003.349609,25.203125
5113,-11916.902344,-11915.486328,1.416016
5114,-12520.833984,-12521.312500,0.478516
5115,-12522.135742,-12554.499023,32.363281
5116,-11520.246094,-11510.371094,9.875000
5117,-11483.406250,-11475.755859,7.650391
5118,-10538.086914,-10532.202148,5.884766
5119,-10411.646484,-10427.341797,15.695312
5120,-11008.078125,-11001.509766,6.568359
5121,-10527.811523,-10533.104492,5.292969
5122,-11342.669922,-11374.541992,31.872070
5123,-9940.860352,-9927.818359,13.041992
5124,-10551.245117,-10533.084961,18.160156
5125,-11495.590820,-11508.858398,13.267578
5126,-11330.707031,-11342.388672,11.681641
5127,-7533.966797,-7820.763672,286.796875
5128,-11386.459961,-11376.422852,10.037109
5129,-10394.526367,-10498.615234,104.088867
5130,-10959.210938,-10970.587891,11.376953
5131,-10609.958984,-10598.526367,11.432617
5132,-12904.031250,-12925.806641,21.775391
5133,-11878.355469,-11882.506836,4.151367
5134,-11445.680664,-11407.327148,38.353516
5135,-12497.139648,-12488.109375,9.030273
5136,-9479.735352,-9437.893555,41.841797
5137,-9554.727539,-9555.266602,0.539062
5138,-11599.347656,-11609.230469,9.882812
5139,-10575.334961,-10566.599609,8.735352
5140,-10574.182617,-10565.045898,9.136719
5141,-11544.991211,-11544.271484,0.719727
5142,-9571.959961,-9432.283203,139.676758
5143,-12591.642578,-12586.629883,5.012695
5144,-12009.620117,-12012.502930,2.882812
5145,-9430.254883,-9464.346680,34.091797
5146,-11521.562500,-11510.088867,11.473633
5147,-12474.980469,-12487.099609,12.119141
5148,-12345.488281,-12353.630859,8.142578
5149,-9879.053711,-9900.815430,21.761719
5150,-12719.413086,-12894.537109,175.124023
5151,-10395.363281,-10475.923828,80.560547
5152,-10961.664062,-10879.727539,81.936523
5153,-9519.746094,-9490.262695,29.483398
5154,-11503.227539,-11509.069336,5.841797
5155,-10498.654297,-10500.418945,1.764648
5156,-10891.850586,-10903.262695,11.412109
5157,-11835.630859,-11850.266602,14.635742
5158,-11951.141602,-11916.314453,34.827148
5159,-12920.458008,-12894.159180,26.298828
5160,-11394.516602,-11371.548828,22.967773
5161,-9991.189453,-9959.569336,31.620117
5162,-10532.736328,-10532.676758,0.059570
5163,-11547.978516,-11542.612305,5.366211
5164,-11592.752930,-11484.166992,108.585938
5165,-10463.387695,-10507.555664,44.167969
5166,-10920.962891,-10938.510742,17.547852
5167,-10022.835938,-9990.792969,32.042969
5168,-11394.533203,-11375.386719,19.146484
5169,-11937.547852,-11916.192383,21.355469
5170,-12690.908203,-12685.976562,4.931641
5171,-11553.339844,-11543.840820,9.499023
5172,-11975.440430,-11981.837891,6.397461
5173,-11706.602539,-11849.689453,143.086914
5174,-10875.348633,-10912.046875,36.698242
5175,-11363.514648,-11372.471680,8.957031
5176,-10945.432617,-10936.280273,9.152344
5177,-11382.494141,-11374.614258,7.879883
5178,-9572.234375,-9554.683594,17.550781
5179,-10561.157227,-10565.515625,4.358398
5180,-10542.139648,-10531.151367,10.988281
5181,-9432.601562,-9462.601562,30.000000
5182,-12456.487305,-12455.957031,0.530273
5183,-11388.833008,-11340.138672,48.694336
5184,-11551.484375,-11543.606445,7.877930
5185,-11371.165039,-11374.280273,3.115234
5186,-10970.763672,-10969.755859,1.007812
5187,-10316.251953,-10307.264648,8.987305
5188,-12443.929688,-12456.698242,12.768555
5189,-11377.970703,-11350.753906,27.216797
5190,-10050.097656,-9992.245117,57.852539
5191,-10950.999023,-10875.506836,75.492188
5192,-10999.119141,-11001.788086,2.668945
5193,-11973.971680,-11948.796875,25.174805
5194,-9265.293945,-8487.303711,777.990234
5195,-10547.917969,-10532.791992,15.125977
5196,-11457.762695,-11475.693359,17.930664
5197,-12489.104492,-12487.304688,1.799805
5198,-9924.302734,-9868.137695,56.165039
5199,-10940.969727,-10937.045898,3.923828
5200,-9331.666016,-9556.104492,224.438477
5201,-9575.389648,-9554.044922,21.344727
5202,-12959.771484,-12926.964844,32.806641
5203,-10502.694336,-10465.624023,37.070312
5204,-10969.659180,-10970.891602,1.232422
5205,-10410.566406,-10428.112305,17.545898
5206,-10590.914062,-10598.151367,7.237305
5207,-9952.595703,-9901.311523,51.284180
5208,-11970.692383,-11948.645508,22.046875
5209,-11946.344727,-11945.362305,0.982422
5210,-9608.520508,-9398.365234,210.155273
5211,-9532.804688,-9487.907227,44.897461
5212,-12810.595703,-12790.945312,19.650391
5213,-11467.696289,-11477.562500,9.866211
5214,-10473.300781,-10468.833984,4.466797
5215,-9953.040039,-9925.201172,27.838867
5216,-10574.918945,-10566.605469,8.313477
5217,-11489.682617,-11510.995117,21.312500
5218,-10792.241211,-10743.431641,48.809570
5219,-10358.512695,-10395.845703,37.333008
5220,-10931.839844,-10935.617188,3.777344
5221,-8325.734375,-8427.405273,101.670898
5222,-11303.066406,-11308.778320,5.711914
5223,-12646.125977,-12617.747070,28.378906
5224,-11533.288086,-11543.735352,10.447266
5225,-11504.369141,-11510.047852,5.678711
5226,-6421.635254,-6314.031250,107.604004
5227,-10543.184570,-10533.403320,9.781250
5228,-11014.458008,-11001.676758,12.781250
5229,-10422.022461,-10371.995117,50.027344
5230,-9879.068359,-9899.442383,20.374023
5231,-9860.850586,-9900.258789,39.408203
5232,-12040.131836,-11979.731445,60.400391
5233,-10186.767578,-10371.410156,184.642578
5234,-10876.225586,-10902.833984,26.608398
5235,-11486.386719,-11478.083984,8.302734
5236,-10996.153320,-11003.640625,7.487305
5237,-10970.514648,-11000.369141,29.854492
5238,-12932.096680,-12925.031250,7.065430
5239,-12907.183594,-12926.714844,19.531250
5240,-10355.483398,-10364.175781,8.692383
5241,-11514.869141,-11510.934570,3.934570
5242,-12523.985352,-12520.775391,3.209961
5243,-11548.414062,-11542.721680,5.692383
5244,-11802.210938,-11780.003906,22.207031
5245,-13396.808594,-13330.383789,66.424805
5246,-12489.747070,-12487.742188,2.004883
5247,-12000.163086,-11891.575195,108.587891
5248,-13321.097656,-13363.947266,42.849609
5249,-10993.115234,-10967.360352,25.754883
5250,-12239.209961,-12248.729492,9.519531
5251,-9719.812500,-9653.911133,65.901367
5252,-11354.458008,-11374.283203,19.825195
5253,-11981.000977,-11980.790039,0.210938
5254,-11387.499023,-11371.577148,15.921875
5255,-10941.107422,-10935.050781,6.056641
5256,-10965.315430,-11001.401367,36.085938
5257,-12487.349609,-12488.045898,0.696289
5258,-12370.349609,-12385.986328,15.636719
5259,-10536.566406,-10532.246094,4.320312
5260,-9446.848633,-9496.761719,49.913086
5261,-8332.576172,-8485.263672,152.687500
5262,-11615.618164,-11608.861328,6.756836
5263,-10006.285156,-9992.344727,13.940430
5264,-12781.556641,-12757.251953,24.304688
5265,-12473.930664,-12489.206055,15.275391
5266,-12151.827148,-12216.737305,64.910156
5267,-10904.444336,-10901.077148,3.367188
5268,-10448.488281,-10429.858398,18.629883
5269,-9558.679688,-9587.510742,28.831055
5270,-10267.889648,-10305.508789,37.619141
5271,-9995.814453,-9991.015625,4.798828
5272,-11773.228516,-11779.743164,6.514648
5273,-12320.623047,-12287.254883,33.368164
5274,-10881.578125,-10906.065430,24.487305
5275,-11330.010742,-11342.497070,12.486328
5276,-11481.981445,-11477.804688,4.176758
5277,-12539.933594,-12553.583008,13.649414
5278,-11535.726562,-11509.491211,26.235352
5279,-10523.360352,-10531.927734,8.567383
5280,-11507.708008,-11509.806641,2.098633
5281,-11928.716797,-11947.678711,18.961914
5282,-10858.329102,-10934.837891,76.508789
5283,-11458.930664,-11510.423828,51.493164
5284,-11584.576172,-11577.157227,7.418945
5285,-11004.753906,-10971.513672,33.240234
5286,-9999.119141,-9990.644531,8.474609
5287,-10959.740234,-10970.286133,10.545898
5288,-12911.114258,-12926.881836,15.767578
5289,-11944.974609,-11947.211914,2.237305
5290,-8584.856445,-8459.888672,124.967773
5291,-10462.458008,-10440.480469,21.977539
5292,-9940.318359,-9960.525391,20.207031
5293,-10555.488281,-10566.202148,10.713867
5294,-10010.143555,-9958.538086,51.605469
5295,-10413.673828,-10439.928711,26.254883
5296,-11735.763672,-11878.401367,142.637695
5297,-10333.913086,-10338.587891,4.674805
5298,-12840.474609,-12790.140625,50.333984
5299,-10502.728516,-10497.859375,4.869141
5300,-10967.436523,-10968.996094,1.559570
5301,-7977.237305,-7918.998047,58.239258
5302,-9420.401367,-9463.589844,43.188477
5303,-9394.412109,-9302.746094,91.666016
5304,-12799.686523,-12822.591797,22.905273
5305,-11355.755859,-11407.625000,51.869141
5306,-11937.303711,-11946.557617,9.253906
5307,-10866.598633,-10878.723633,12.125000
5308,-10967.151367,-10970.449219,3.297852
5309,-11454.232422,-11444.421875,9.810547
5310,-10527.335938,-10532.904297,5.568359
5311,-12814.382812,-12822.119141,7.736328
5312,-12500.501953,-12486.845703,13.656250
5313,-12367.199219,-12384.623047,17.423828
5314,-11818.209961,-11811.160156,7.049805
5315,-9413.902344,-8887.340820,526.561523
5316,-11530.797852,-11541.968750,11.170898
5317,-9892.248047,-9867.967773,24.280273
5318,-8889.707031,-8519.398438,370.308594
5319,-11521.400391,-11510.570312,10.830078
5320,-12345.792969,-12354.374023,8.581055
5321,-11926.276367,-11948.212891,21.936523
5322,-11391.512695,-11405.960938,14.448242
5323,-9623.339844,-8923.596680,699.743164
5324,-10986.325195,-10967.295898,19.029297
5325,-11480.715820,-11478.718750,1.997070
5326,-11008.733398,-11002.937500,5.795898
5327,-12362.903320,-12351.788086,11.115234
5328,-12505.044922,-12490.602539,14.442383
5329,-11383.064453,-11374.420898,8.643555
5330,-11971.145508,-11947.568359,23.577148
5331,-11395.431641,-11375.532227,19.899414
5332,-12944.650391,-12924.391602,20.258789
5333,-11810.549805,-11844.708008,34.158203
5334,-11331.585938,-11374.916016,43.330078
5335,-12488.006836,-12488.633789,0.626953
5336,-11910.067383,-11914.945312,4.877930
5337,-10978.111328,-10968.749023,9.362305
5338,-15603.841797,-15493.771484,110.070312
5339,-11900.622070,-11917.375977,16.753906
5340,-11044.711914,-10878.996094,165.715820
5341,-9969.561523,-9927.730469,41.831055
5342,-12557.775391,-12553.333984,4.441406
5343,-10371.005859,-10362.983398,8.022461
5344,-11885.725586,-11915.044922,29.319336
5345,-11013.172852,-11004.642578,8.530273
5346,-9260.223633,-8486.145508,774.078125
5347,-10458.384766,-10406.872070,51.512695
5348,-11372.355469,-11404.832031,32.476562
5349,-11533.050781,-11544.350586,11.299805
5350,-11275.815430,-11238.913086,36.902344
5351,-10570.882812,-10565.261719,5.621094
5352,-11831.842773,-11845.417969,13.575195
5353,-9958.500977,-9959.709961,1.208984
5354,-11925.823242,-11913.630859,12.192383
5355,-11944.548828,-11949.029297,4.480469
5356,-10520.976562,-10532.361328,11.384766
5357,-10593.539062,-10565.130859,28.408203
5358,-11937.657227,-11916.878906,20.778320
5359,-11851.544922,-11846.048828,5.496094
5360,-13863.816406,-13878.572266,14.755859
5361,-11471.738281,-11477.768555,6.030273
5362,-11378.361328,-11374.416992,3.944336
5363,-11364.727539,-11376.689453,11.961914
5364,-12474.646484,-12490.032227,15.385742
5365,-11365.284180,-11408.621094,43.336914
5366,-12309.875000,-12385.793945,75.918945
5367,-11541.019531,-11544.020508,3.000977
5368,-11914.947266,-11915.465820,0.518555
5369,-11936.525391,-11947.193359,10.667969
5370,-11536.282227,-11542.960938,6.678711
5371,-9973.893555,-9959.583984,14.309570
5372,-9902.583984,-9902.195312,0.388672
5373,-10895.801758,-10904.749023,8.947266
5374,-11381.779297,-11407.052734,25.273438
5375,-10871.034180,-10911.725586,40.691406
5376,-11922.185547,-11947.712891,25.527344
5377,-11497.894531,-11474.054688,23.839844
5378,-11938.886719,-11948.268555,9.381836
5379,-10920.509766,-10971.607422,51.097656
5380,-12430.740234,-12386.647461,44.092773
5381,-10989.650391,-10937.339844,52.310547
5382,-11005.556641,-11004.066406,1.490234
5383,-11827.211914,-11945.924805,118.712891
5384,-10329.229492,-10363.010742,33.781250
5385,-11378.209961,-11374.741211,3.468750
5386,-9409.610352,-9462.696289,53.085938
5387,-10510.140625,-10507.976562,2.164062
5388,-12700.125000,-12685.130859,14.994141
5389,-11018.021484,-11003.892578,14.128906
5390,-11895.815430,-11914.316406,18.500977
5391,-10797.227539,-10802.309570,5.082031
5392,-10894.270508,-10878.750000,15.520508
5393,-10951.270508,-10937.698242,13.572266
5394,-12257.156250,-12353.148438,95.992188
5395,-12272.640625,-12353.482422,80.841797
5396,-11915.028320,-11917.389648,2.361328
5397,-10956.269531,-10912.351562,43.917969
5398,-9286.981445,-9357.533203,70.551758
5399,-10556.704102,-10533.191406,23.512695
5400,-10962.865234,-10968.636719,5.771484
5401,-13748.768555,-13764.675781,15.907227
5402,-9993.247070,-9956.892578,36.354492
5403,-11935.378906,-11947.251953,11.873047
5404,-10584.149414,-10304.064453,280.084961
5405,-11895.295898,-11915.689453,20.393555
5406,-11510.219727,-11510.564453,0.344727
5407,-10537.484375,-10532.288086,5.196289
5408,-9856.914062,-9894.105469,37.191406
5409,-10985.931641,-11238.699219,252.767578
5410,-11516.995117,-11510.389648,6.605469
5411,-11958.046875,-11946.195312,11.851562
5412,-10634.667969,-10631.683594,2.984375
5413,-10978.640625,-10970.364258,8.276367
5414,-10405.125977,-10398.261719,6.864258
5415,-12035.772461,-12013.329102,22.443359
5416,-11011.350586,-11002.578125,8.772461
5417,-9490.595703,-9464.130859,26.464844
5418,-10463.611328,-10469.331055,5.719727
5419,-11478.522461,-11474.139648,4.382812
5420,-12469.204102,-12488.366211,19.162109
5421,-11006.281250,-11002.297852,3.983398
5422,-11541.419922,-11543.333008,1.913086
5423,-12501.996094,-12521.718750,19.722656
5424,-10840.740234,-10834.122070,6.618164
5425,-11553.851562,-11509.398438,44.453125
5426,-10835.806641,-10834.088867,1.717773
5427,-11513.946289,-11511.339844,2.606445
5428,-11874.995117,-11883.317383,8.322266
5429,-11481.231445,-11477.163086,4.068359
5430,-11466.134766,-11479.673828,13.539062
5431,-11810.771484,-11813.249023,2.477539
5432,-11540.870117,-11544.501953,3.631836
5433,-10207.020508,-10201.670898,5.349609
5434,-12015.096680,-12014.403320,0.693359
5435,-10931.491211,-10967.775391,36.284180
5436,-12945.570312,-12895.743164,49.827148
5437,-10938.072266,-10936.146484,1.925781
5438,-9979.704102,-9990.217773,10.513672
5439,-11536.478516,-11511.822266,24.656250
5440,-9422.804688,-9488.855469,66.050781
5441,-11487.763672,-11509.760742,21.997070
5442,-10940.536133,-10934.012695,6.523438
5443,-9408.241211,-9462.432617,54.191406
5444,-11976.233398,-11947.803711,28.429688
5445,-10775.771484,-10800.571289,24.799805
5446,-12325.161133,-12319.544922,5.616211
5447,-11952.991211,-11949.145508,3.845703
5448,-12501.131836,-12519.871094,18.739258
5449,-11471.461914,-11475.200195,3.738281
5450,-12215.416016,-12215.736328,0.320312
5451,-9468.124023,-9497.499023,29.375000
5452,-11304.055664,-11309.045898,4.990234
5453,-10524.234375,-10272.891602,251.342773
5454,-11957.693359,-11948.590820,9.102539
5455,-11488.321289,-11477.262695,11.058594
5456,-11569.059570,-11575.746094,6.686523
5457,-11510.345703,-11479.764648,30.581055
5458,-9982.326172,-9957.316406,25.009766
5459,-7225.386719,-7450.650879,225.264160
5460,-10373.760742,-10364.319336,9.441406
5461,-12504.134766,-12520.318359,16.183594
5462,-12550.815430,-12489.199219,61.616211
5463,-10536.008789,-10532.171875,3.836914
5464,-10911.778320,-10903.699219,8.079102
5465,-10916.914062,-10912.322266,4.591797
5466,-10359.554688,-10330.581055,28.973633
5467,-12024.630859,-11981.837891,42.792969
5468,-10528.904297,-10533.015625,4.111328
5469,-9475.525391,-9465.342773,10.182617
5470,-11564.947266,-11543.564453,21.382812
5471,-9482.427734,-9522.193359,39.765625
5472,-10979.719727,-10969.682617,10.037109
5473,-10375.514648,-10473.969727,98.455078
5474,-12371.348633,-12354.520508,16.828125
5475,-9354.410156,-9520.233398,165.823242
5476,-9908.979492,-9924.424805,15.445312
5477,-10976.090820,-10970.890625,5.200195
5478,-12684.194336,-12721.651367,37.457031
5479,-12532.308594,-12455.861328,76.447266
5480,-11539.725586,-11542.959961,3.234375
5481,-11486.600586,-11511.983398,25.382812
5482,-11469.750977,-11477.245117,7.494141
5483,-10491.484375,-10500.069336,8.584961
5484,-11527.931641,-11510.644531,17.287109
5485,-12120.104492,-11891.261719,228.842773
5486,-11536.444336,-11542.607422,6.163086
5487,-11527.675781,-11543.250000,15.574219
5488,-11896.359375,-11882.881836,13.477539
5489,-10917.250977,-10870.422852,46.828125
5490,-11498.935547,-11509.689453,10.753906
5491,-10465.669922,-10467.823242,2.153320
5492,-8888.796875,-8865.042969,23.753906
5493,-11413.563477,-11407.990234,5.573242
5494,-11959.017578,-11946.994141,12.023438
5495,-10490.887695,-10496.457031,5.569336
5496,-10506.983398,-10499.674805,7.308594
5497,-12395.193359,-12352.788086,42.405273
5498,-12486.210938,-12488.339844,2.128906
5499,-9590.905273,-9489.468750,101.436523
5500,-11432.869141,-11407.813477,25.055664
5501,-11018.552734,-11002.080078,16.472656
5502,-10568.609375,-10506.623047,61.986328
5503,-11915.237305,-11912.475586,2.761719
5504,-10534.310547,-10532.625977,1.684570
5505,-11591.092773,-11575.830078,15.262695
5506,-10414.143555,-10396.653320,17.490234
5507,-9782.892578,-9925.333008,142.440430
5508,-10333.780273,-10364.410156,30.629883
5509,-11432.889648,-11406.916016,25.973633
5510,-8432.972656,-8258.594727,174.377930
5511,-10343.473633,-10396.979492,53.505859
5512,-10986.047852,-10969.245117,16.802734
5513,-10392.031250,-10396.023438,3.992188
5514,-11544.680664,-11576.515625,31.834961
5515,-11448.201172,-11609.126953,160.925781
5516,-9618.889648,-9586.699219,32.190430
5517,-11405.034180,-11406.728516,1.694336
5518,-11541.252930,-11511.081055,30.171875
5519,-11937.708008,-11948.278320,10.570312
5520,-10938.353516,-10938.031250,0.322266
5521,-11399.927734,-11374.562500,25.365234
5522,-10502.584961,-10499.384766,3.200195
5523,-10552.960938,-10507.856445,45.104492
5524,-12557.072266,-12553.528320,3.543945
5525,-11905.171875,-11914.327148,9.155273
5526,-12685.691406,-12620.086914,65.604492
5527,-10281.471680,-10298.109375,16.637695
5528,-10534.705078,-10532.555664,2.149414
5529,-12418.328125,-12385.731445,32.596680
5530,-11349.529297,-11374.750000,25.220703
5531,-10953.882812,-10935.253906,18.628906
5532,-11954.689453,-12012.429688,57.740234
5533,-13033.521484,-12960.729492,72.791992
5534,-10569.918945,-10566.161133,3.757812
5535,-10462.112305,-10466.642578,4.530273
5536,-12790.566406,-12894.784180,104.217773
5537,-9395.356445,-9429.569336,34.212891
5538,-12885.888672,-12922.902344,37.013672
5539,-9991.069336,-9957.788086,33.281250
5540,-10538.647461,-10531.705078,6.942383
5541,-10513.024414,-10500.155273,12.869141
5542,-11523.990234,-11510.208008,13.782227
5543,-10531.559570,-10532.762695,1.203125
5544,-9449.686523,-9562.519531,112.833008
5545,-13361.433594,-13363.461914,2.028320
5546,-12284.718750,-11858.807617,425.911133
5547,-10606.328125,-10599.359375,6.968750
5548,-11513.184570,-11510.750977,2.433594
5549,-12025.291016,-11979.051758,46.239258
5550,-9547.121094,-9520.329102,26.791992
5551,-11355.930664,-11343.452148,12.478516
5552,-12278.743164,-12247.642578,31.100586
5553,-11360.411133,-11375.257812,14.846680
5554,-12532.706055,-12520.193359,12.512695
5555,-9577.433594,-9555.285156,22.148438
5556,-11920.282227,-11949.275391,28.993164
5557,-11808.069336,-11812.295898,4.226562
5558,-8442.197266,-8485.391602,43.194336
5559,-11907.694336,-11915.645508,7.951172
5560,-11907.161133,-11948.838867,41.677734
5561,-11954.326172,-11947.452148,6.874023
5562,-10718.822266,-10775.070312,56.248047
5563,-12361.755859,-12386.054688,24.298828
5564,-12386.649414,-12386.144531,0.504883
5565,-9746.338867,-9562.274414,184.064453
5566,-9920.227539,-9834.320312,85.907227
5567,-11531.841797,-11543.076172,11.234375
5568,-9212.726562,-8853.774414,358.952148
5569,-11429.474609,-11317.228516,112.246094
5570,-11751.128906,-11779.676758,28.547852
5571,-11956.916016,-11947.793945,9.122070
5572,-11496.995117,-11452.934570,44.060547
5573,-11995.094727,-12012.544922,17.450195
5574,-11240.333984,-11236.597656,3.736328
5575,-9722.943359,-9327.775391,395.167969
5576,-10536.421875,-10532.468750,3.953125
5577,-10524.486328,-10566.810547,42.324219
5578,-11186.443359,-11238.816406,52.373047
5579,-11577.095703,-11576.171875,0.923828
5580,-12372.636719,-12418.967773,46.331055
5581,-11006.589844,-10971.906250,34.683594
5582,-10561.714844,-10564.918945,3.204102
5583,-10918.906250,-10905.064453,13.841797
5584,-12514.865234,-12488.933594,25.931641
5585,-11870.860352,-11917.123047,46.262695
5586,-12388.535156,-12354.770508,33.764648
5587,-10795.078125,-10800.826172,5.748047
5588,-12380.942383,-12354.279297,26.663086
5589,-11340.287109,-11341.864258,1.577148
5590,-9430.757812,-9360.860352,69.897461
5591,-10913.069336,-10905.154297,7.915039
5592,-11560.947266,-11544.432617,16.514648
5593,-12438.421875,-12454.937500,16.515625
5594,-10988.834961,-11003.398438,14.563477
5595,-10547.455078,-10533.272461,14.182617
5596,-11513.531250,-11509.489258,4.041992
5597,-11537.673828,-11542.933594,5.259766
5598,-10474.249023,-10475.762695,1.513672
5599,-10506.575195,-10497.930664,8.644531
5600,-11522.117188,-11509.922852,12.194336
5601,-13635.424805,-13873.469727,238.044922
5602,-11826.002930,-11812.674805,13.328125
5603,-11906.516602,-11913.646484,7.129883
5604,-10941.299805,-10936.719727,4.580078
5605,-8446.629883,-8428.208984,18.420898
5606,-9976.839844,-9957.675781,19.164062
5607,-11779.926758,-11719.721680,60.205078
5608,-11444.474609,-11441.575195,2.899414
5609,-10952.360352,-10936.308594,16.051758
5610,-10629.054688,-10598.425781,30.628906
5611,-11892.640625,-11914.225586,21.584961
5612,-9951.792969,-9958.768555,6.975586
5613,-11988.193359,-12012.453125,24.259766
5614,-10978.172852,-10970.605469,7.567383
5615,-11015.663086,-11001.686523,13.976562
5616,-10882.804688,-10900.680664,17.875977
5617,-11794.666016,-11811.790039,17.124023
5618,-11828.556641,-11844.330078,15.773438
5619,-11445.277344,-11439.496094,5.781250
5620,-11452.145508,-11477.388672,25.243164
5621,-9417.441406,-9327.017578,90.423828
5622,-10945.165039,-10936.367188,8.797852
5623,-10005.574219,-9988.654297,16.919922
5624,-10593.878906,-10473.862305,120.016602
5625,-10906.070312,-10904.422852,1.647461
5626,-10914.591797,-10904.578125,10.013672
5627,-11006.617188,-11004.136719,2.480469
5628,-11472.159180,-11478.933594,6.774414
5629,-11505.235352,-11510.557617,5.322266
5630,-10941.012695,-10968.427734,27.415039
5631,-9825.058594,-9867.050781,41.992188
5632,-11302.708984,-11282.952148,19.756836
5633,-12655.896484,-12837.196289,181.299805
5634,-12365.142578,-12386.377930,21.235352
5635,-11968.374023,-11948.297852,20.076172
5636,-11305.062500,-11309.107422,4.044922
5637,-11975.790039,-11946.160156,29.629883
5638,-12340.109375,-12353.036133,12.926758
5639,-11225.905273,-11238.934570,13.029297
5640,-11293.027344,-11317.707031,24.679688
5641,-12357.892578,-12385.409180,27.516602
5642,-9335.404297,-9556.255859,220.851562
5643,-10860.828125,-10911.607422,50.779297
5644,-12935.163086,-12894.182617,40.980469
5645,-9327.847656,-8518.667969,809.179688
5646,-11842.815430,-11845.031250,2.215820
5647,-9889.209961,-9860.214844,28.995117
5648,-12486.105469,-12489.380859,3.275391
5649,-11462.817383,-11317.817383,145.000000
5650,-7299.304688,-7301.028809,1.724121
5651,-10434.859375,-10398.640625,36.218750
5652,-10023.013672,-9866.945312,156.068359
5653,-12433.325195,-12385.434570,47.890625
5654,-10433.318359,-10474.549805,41.231445
5655,-10472.238281,-10465.607422,6.630859
5656,-12449.329102,-12456.560547,7.231445
5657,-10804.167969,-10799.502930,4.665039
5658,-12329.517578,-12280.722656,48.794922
5659,-12751.516602,-12823.321289,71.804688
5660,-11495.087891,-11475.727539,19.360352
5661,-16498.500000,-16439.890625,58.609375
5662,-12471.913086,-12489.221680,17.308594
5663,-10522.252930,-10531.988281,9.735352
5664,-10876.132812,-10903.619141,27.486328
5665,-10924.759766,-10938.169922,13.410156
5666,-11596.633789,-11780.409180,183.775391
5667,-11472.240234,-11476.836914,4.596680
5668,-11353.627930,-11373.916016,20.288086
5669,-12822.488281,-12791.189453,31.298828
5670,-12327.013672,-12353.263672,26.250000
5671,-10942.916016,-10934.857422,8.058594
5672,-11479.185547,-11480.239258,1.053711
5673,-12355.769531,-12353.721680,2.047852
5674,-11354.221680,-11341.786133,12.435547
5675,-9617.891602,-9587.661133,30.230469
5676,-10543.827148,-10532.625000,11.202148
5677,-12700.638672,-12791.543945,90.905273
5678,-9959.617188,-9924.583008,35.034180
5679,-10456.388672,-10466.573242,10.184570
5680,-11936.887695,-11946.973633,10.085938
5681,-11967.487305,-11948.623047,18.864258
5682,-12247.878906,-12248.625000,0.746094
5683,-11838.955078,-11843.418945,4.463867
5684,-10506.098633,-10499.950195,6.148438
5685,-12541.724609,-12554.870117,13.145508
5686,-12788.438477,-12823.520508,35.082031
5687,-11409.191406,-11407.880859,1.310547
5688,-10939.822266,-10934.110352,5.711914
5689,-12203.343750,-12217.196289,13.852539
5690,-10925.873047,-10934.343750,8.470703
5691,-11922.195312,-11915.567383,6.627930
5692,-10434.613281,-10442.519531,7.906250
5693,-10911.609375,-10903.984375,7.625000
5694,-11667.123047,-11593.389648,73.733398
5695,-12911.572266,-12926.573242,15.000977
5696,-10466.712891,-10465.531250,1.181641
5697,-10956.488281,-10969.097656,12.609375
5698,-11511.695312,-11542.793945,31.098633
5699,-11411.610352,-11440.567383,28.957031
5700,-12751.921875,-12789.983398,38.061523
5701,-11307.327148,-11343.041016,35.713867
5702,-11328.757812,-11306.925781,21.832031
5703,-11016.569336,-11001.525391,15.043945
5704,-10942.952148,-10937.274414,5.677734
5705,-11321.053711,-11303.460938,17.592773
5706,-10557.645508,-10531.811523,25.833984
5707,-10908.361328,-10938.183594,29.822266
5708,-12394.599609,-12353.884766,40.714844
5709,-11019.784180,-11003.828125,15.956055
5710,-11474.659180,-11479.256836,4.597656
5711,-13362.865234,-13331.616211,31.249023
5712,-10981.625000,-10967.470703,14.154297
5713,-9346.350586,-9360.641602,14.291016
5714,-11546.765625,-11543.902344,2.863281
5715,-10266.201172,-10142.477539,123.723633
5716,-11955.969727,-11947.137695,8.832031
5717,-10548.448242,-10533.487305,14.960938
5718,-11881.050781,-11915.766602,34.715820
5719,-11806.423828,-11843.719727,37.295898
5720,-9471.144531,-9521.005859,49.861328
5721,-11982.350586,-11979.268555,3.082031
5722,-10571.761719,-10566.152344,5.609375
5723,-10972.467773,-10970.456055,2.011719
5724,-11436.651367,-11445.475586,8.824219
5725,-10334.345703,-10339.774414,5.428711
5726,-10972.853516,-10971.579102,1.274414
5727,-9465.613281,-9437.549805,28.063477
5728,-12936.178711,-12923.602539,12.576172
5729,-10972.965820,-10970.136719,2.829102
5730,-11492.546875,-11511.336914,18.790039
5731,-11578.184570,-11576.124023,2.060547
5732,-11891.561523,-11914.500977,22.939453
5733,-13523.289062,-13501.046875,22.242188
5734,-9774.464844,-9867.698242,93.233398
5735,-12948.638672,-12926.660156,21.978516
5736,-11369.824219,-11374.246094,4.421875
5737,-11868.149414,-11880.796875,12.647461
5738,-10568.749023,-10565.745117,3.003906
5739,-11524.893555,-11510.365234,14.528320
5740,-10946.419922,-10970.169922,23.750000
5741,-10941.414062,-10970.121094,28.707031
5742,-11906.876953,-11914.776367,7.899414
5743,-9652.138672,-9766.344727,114.206055
5744,-12522.292969,-12521.213867,1.079102
5745,-11329.027344,-11308.990234,20.037109
5746,-12909.709961,-12926.364258,16.654297
5747,-11370.414062,-11376.203125,5.789062
5748,-11515.802734,-11543.562500,27.759766
5749,-10507.159180,-10496.953125,10.206055
5750,-10949.740234,-10936.601562,13.138672
5751,-10999.823242,-11002.220703,2.397461
5752,-12393.414062,-12352.295898,41.118164
5753,-11576.639648,-11576.008789,0.630859
5754,-8394.314453,-8394.562500,0.248047
5755,-9941.527344,-9927.754883,13.772461
5756,-10791.971680,-10775.750000,16.221680
5757,-10957.174805,-10880.230469,76.944336
5758,-12493.814453,-12490.443359,3.371094
5759,-12210.249023,-12216.042969,5.793945
5760,-10892.179688,-10905.505859,13.326172
5761,-9486.422852,-9490.385742,3.962891
5762,-11839.759766,-11845.827148,6.067383
5763,-10475.367188,-10474.053711,1.313477
5764,-14096.761719,-14097.280273,0.518555
5765,-12536.974609,-12521.447266,15.527344
5766,-9520.806641,-9529.150391,8.343750
5767,-11369.034180,-11374.193359,5.159180
5768,-11369.762695,-11375.454102,5.691406
5769,-9592.975586,-9554.487305,38.488281
5770,-11759.146484,-11740.292969,18.853516
5771,-10612.887695,-10599.301758,13.585938
5772,-11845.783203,-11811.582031,34.201172
5773,-9943.100586,-9923.384766,19.715820
5774,-11455.418945,-11476.291016,20.872070
5775,-11449.504883,-11443.794922,5.709961
5776,-12475.465820,-12489.283203,13.817383
5777,-11960.320312,-11947.491211,12.829102
5778,-10991.426758,-10971.169922,20.256836
5779,-10971.767578,-10968.527344,3.240234
5780,-11565.294922,-11575.872070,10.577148
5781,-11399.573242,-11406.706055,7.132812
5782,-11410.419922,-11407.556641,2.863281
5783,-9866.993164,-9890.210938,23.217773
5784,-10477.978516,-10440.376953,37.601562
5785,-12418.657227,-12385.635742,33.021484
5786,-12783.905273,-12755.492188,28.413086
5787,-12518.644531,-12521.729492,3.084961
5788,-13502.856445,-13498.894531,3.961914
5789,-11986.178711,-11979.206055,6.972656
5790,-10024.952148,-9990.829102,34.123047
5791,-10431.172852,-10429.377930,1.794922
5792,-11978.469727,-11981.443359,2.973633
5793,-12828.463867,-12821.070312,7.393555
5794,-11526.322266,-11509.349609,16.972656
5795,-10455.518555,-10474.846680,19.328125
5796,-12610.466797,-12571.304688,39.162109
5797,-11944.916016,-11949.756836,4.840820
5798,-10964.635742,-10967.663086,3.027344
5799,-12515.296875,-12521.171875,5.875000
5800,-9513.499023,-9374.653320,138.845703
5801,-10955.738281,-10967.143555,11.405273
5802,-12553.691406,-12522.076172,31.615234
5803,-10927.350586,-10936.450195,9.099609
5804,-11502.150391,-11509.859375,7.708984
5805,-12795.394531,-12821.746094,26.351562
5806,-12913.407227,-12926.199219,12.791992
5807,-11000.246094,-11001.939453,1.693359
5808,-11988.366211,-11979.768555,8.597656
5809,-11460.791016,-11476.268555,15.477539
5810,-9501.430664,-9523.158203,21.727539
5811,-12529.501953,-12520.775391,8.726562
5812,-13267.438477,-13328.922852,61.484375
5813,-11951.292969,-11979.709961,28.416992
5814,-10983.439453,-10969.191406,14.248047
5815,-10335.329102,-10338.750977,3.421875
5816,-12944.032227,-12956.853516,12.821289
5817,-11539.933594,-11544.694336,4.760742
5818,-11517.090820,-11510.385742,6.705078
5819,-11388.307617,-11406.475586,18.167969
5820,-12550.048828,-12520.801758,29.247070
5821,-10962.378906,-10969.740234,7.361328
5822,-12997.316406,-12959.172852,38.143555
5823,-11984.310547,-11980.397461,3.913086
5824,-9902.968750,-9958.136719,55.167969
5825,-11823.418945,-11813.411133,10.007812
5826,-12539.417969,-12521.558594,17.859375
5827,-9903.367188,-9934.405273,31.038086
5828,-12476.844727,-12489.061523,12.216797
5829,-12384.856445,-12385.116211,0.259766
5830,-12385.779297,-12384.620117,1.159180
5831,-11519.021484,-11543.734375,24.712891
5832,-9007.637695,-8954.818359,52.819336
5833,-10938.532227,-10938.261719,0.270508
5834,-10418.150391,-10473.556641,55.406250
5835,-11024.754883,-10879.721680,145.033203
5836,-11565.047852,-11575.978516,10.930664
5837,-9923.472656,-9926.132812,2.660156
5838,-12390.658203,-12385.521484,5.136719
5839,-11474.744141,-11477.062500,2.318359
5840,-9624.555664,-9621.557617,2.998047
5841,-10006.237305,-9989.940430,16.296875
5842,-10347.020508,-10396.259766,49.239258
5843,-11943.578125,-11946.193359,2.615234
5844,-11515.343750,-11509.393555,5.950195
5845,-11934.236328,-11948.911133,14.674805
5846,-12006.769531,-11949.022461,57.747070
5847,-11942.680664,-11950.724609,8.043945
5848,-11953.476562,-11946.491211,6.985352
5849,-10389.708984,-10442.477539,52.768555
5850,-11925.240234,-11949.213867,23.973633
5851,-9584.370117,-9530.190430,54.179688
5852,-10568.750000,-10566.066406,2.683594
5853,-10950.209961,-10939.151367,11.058594
5854,-11436.108398,-11445.114258,9.005859
5855,-11603.553711,-11577.098633,26.455078
5856,-10592.502930,-10598.147461,5.644531
5857,-10389.675781,-10364.501953,25.173828
5858,-13445.788086,-13500.050781,54.262695
5859,-11994.985352,-11980.334961,14.650391
5860,-11483.664062,-11479.199219,4.464844
5861,-10440.629883,-10474.526367,33.896484
5862,-11957.466797,-11947.753906,9.712891
5863,-9845.787109,-9810.281250,35.505859
5864,-11573.676758,-11576.087891,2.411133
5865,-9521.669922,-9521.905273,0.235352
5866,-9429.914062,-9429.610352,0.303711
5867,-10581.932617,-10566.663086,15.269531
5868,-10560.905273,-10532.033203,28.872070
5869,-10639.572266,-10631.843750,7.728516
5870,-10535.786133,-10531.773438,4.012695
5871,-9953.244141,-9927.078125,26.166016
5872,-11500.171875,-11510.100586,9.928711
5873,-11549.226562,-11542.934570,6.291992
5874,-10499.635742,-10500.020508,0.384766
5875,-12289.893555,-12248.220703,41.672852
5876,-10545.737305,-10531.098633,14.638672
5877,-8740.404297,-8729.176758,11.227539
5878,-11359.422852,-11372.655273,13.232422
5879,-10010.636719,-9990.682617,19.954102
5880,-10437.957031,-10466.082031,28.125000
5881,-9501.055664,-9404.656250,96.399414
5882,-12052.662109,-12012.246094,40.416016
5883,-10389.079102,-10362.646484,26.432617
5884,-10518.383789,-10531.753906,13.370117
5885,-11705.669922,-11706.521484,0.851562
5886,-10299.669922,-10305.974609,6.304688
5887,-11816.207031,-11812.985352,3.221680
5888,-10585.968750,-10598.489258,12.520508
5889,-8625.522461,-8664.283203,38.760742
5890,-12367.419922,-12352.425781,14.994141
5891,-11551.301758,-11576.097656,24.795898
5892,-10720.459961,-10775.949219,55.489258
5893,-9970.883789,-9934.534180,36.349609
5894,-10916.934570,-10878.288086,38.646484
5895,-12510.154297,-12521.813477,11.659180
5896,-12032.288086,-12216.744141,184.456055
5897,-10456.531250,-10442.722656,13.808594
5898,-11483.809570,-11477.451172,6.358398
5899,-9463.109375,-9497.366211,34.256836
5900,-9893.366211,-9901.991211,8.625000
5901,-10629.354492,-10631.359375,2.004883
5902,-11316.121094,-11270.229492,45.891602
5903,-9882.370117,-9965.916016,83.545898
5904,-11872.519531,-11881.420898,8.901367
5905,-9897.874023,-9901.152344,3.278320
5906,-10535.140625,-10533.044922,2.095703
5907,-11953.669922,-11981.188477,27.518555
5908,-10534.587891,-10533.068359,1.519531
5909,-11461.364258,-11477.600586,16.236328
5910,-12248.528320,-12249.246094,0.717773
5911,-11934.541992,-11964.909180,30.367188
5912,-12246.186523,-12248.265625,2.079102
5913,-11422.326172,-11406.547852,15.778320
5914,-10966.980469,-10969.380859,2.400391
5915,-13450.942383,-13500.586914,49.644531
5916,-12518.877930,-12523.014648,4.136719
5917,-11504.363281,-11511.507812,7.144531
5918,-9520.884766,-9562.396484,41.511719
5919,-12382.603516,-12417.799805,35.196289
5920,-10902.098633,-10912.817383,10.718750
5921,-10571.753906,-10565.320312,6.433594
5922,-12889.373047,-12894.085938,4.712891
5923,-10358.681641,-10441.807617,83.125977
5924,-12263.938477,-12214.738281,49.200195
5925,-11447.310547,-11406.501953,40.808594
5926,-11532.232422,-11510.951172,21.281250
5927,-9424.373047,-9587.537109,163.164062
5928,-10962.555664,-10969.414062,6.858398
5929,-11989.999023,-11980.686523,9.312500
5930,-13231.041992,-13429.193359,198.151367
5931,-12921.050781,-12926.682617,5.631836
5932,-12343.703125,-12321.565430,22.137695
5933,-11466.181641,-11509.577148,43.395508
5934,-11367.429688,-11373.061523,5.631836
5935,-10971.788086,-10967.081055,4.707031
5936,-10961.141602,-10968.638672,7.497070
5937,-11019.493164,-11002.320312,17.172852
5938,-11383.171875,-11370.783203,12.388672
5939,-10526.110352,-10532.849609,6.739258
5940,-11560.826172,-11576.807617,15.981445
5941,-11896.177734,-11912.541992,16.364258
5942,-10573.424805,-10565.140625,8.284180
5943,-10576.511719,-10565.761719,10.750000
5944,-9736.333008,-9867.065430,130.732422
5945,-10545.901367,-10532.884766,13.016602
5946,-12792.502930,-12823.495117,30.992188
5947,-11000.728516,-11001.342773,0.614258
5948,-10116.466797,-10202.283203,85.816406
5949,-10363.730469,-10362.560547,1.169922
5950,-10538.454102,-10532.542969,5.911133
5951,-11478.072266,-11477.939453,0.132812
5952,-12943.398438,-12925.880859,17.517578
5953,-11312.253906,-11343.662109,31.408203
5954,-10491.542969,-10466.139648,25.403320
5955,-11520.110352,-11510.494141,9.616211
5956,-10991.188477,-10969.352539,21.835938
5957,-11380.611328,-11407.659180,27.047852
5958,-11551.085938,-11542.829102,8.256836
5959,-7764.916504,-7705.714355,59.202148
5960,-7480.520020,-7417.840332,62.679688
5961,-11429.286133,-11405.173828,24.112305
5962,-11284.386719,-11269.890625,14.496094
5963,-10453.020508,-10427.034180,25.986328
5964,-10976.244141,-10970.471680,5.772461
5965,-11613.289062,-11542.678711,70.610352
5966,-10928.602539,-10937.065430,8.462891
5967,-10948.085938,-10969.996094,21.910156
5968,-12401.641602,-12385.294922,16.346680
5969,-11512.410156,-11543.678711,31.268555
5970,-11456.954102,-11477.889648,20.935547
5971,-10919.379883,-10935.035156,15.655273
5972,-11850.198242,-11915.772461,65.574219
5973,-11794.779297,-11777.057617,17.721680
5974,-10675.349609,-10847.817383,172.467773
5975,-13487.500977,-13467.208008,20.292969
5976,-12404.785156,-12423.417969,18.632812
5977,-10458.698242,-10466.397461,7.699219
5978,-10463.177734,-10441.070312,22.107422
5979,-9960.525391,-9957.754883,2.770508
5980,-9927.228516,-9927.888672,0.660156
5981,-11509.705078,-11508.899414,0.805664
5982,-9895.800781,-9893.173828,2.626953
5983,-10991.445312,-11003.878906,12.433594
5984,-10521.378906,-10565.184570,43.805664
5985,-10962.928711,-10906.777344,56.151367
5986,-10972.739258,-10970.378906,2.360352
5987,-10944.052734,-10945.191406,1.138672
5988,-11847.528320,-11813.404297,34.124023
5989,-10536.531250,-10533.487305,3.043945
5990,-10533.251953,-10533.208984,0.042969
5991,-10748.197266,-10742.902344,5.294922
5992,-13010.073242,-12975.005859,35.067383
5993,-9970.124023,-9900.692383,69.431641
5994,-9467.160156,-9421.955078,45.205078
5995,-8916.041016,-8955.800781,39.759766
5996,-11936.500000,-11948.901367,12.401367
5997,-11946.581055,-11916.182617,30.398438
5998,-11549.898438,-11542.619141,7.279297
5999,-11379.479492,-11408.479492,29.000000
6000,-12485.790039,-12489.029297,3.239258
6001,-10525.332031,-10534.251953,8.919922
6002,-11016.519531,-11002.454102,14.065430
6003,-11462.275391,-11477.057617,14.782227
6004,-11311.577148,-11302.988281,8.588867
6005,-10866.487305,-10879.950195,13.462891
6006,-11362.503906,-11370.720703,8.216797
6007,-9917.174805,-9958.897461,41.722656
6008,-11531.937500,-11509.330078,22.607422
6009,-10909.209961,-10936.962891,27.752930
6010,-11373.181641,-11370.547852,2.633789
6011,-10228.208008,-10307.290039,79.082031
6012,-11921.706055,-11912.441406,9.264648
6013,-11443.500000,-11452.060547,8.560547
6014,-10910.775391,-10937.089844,26.314453
6015,-11870.474609,-11843.937500,26.537109
6016,-9447.535156,-9429.690430,17.844727
6017,-11525.374023,-11542.786133,17.412109
6018,-11885.158203,-11882.014648,3.143555
6019,-9867.579102,-9900.135742,32.556641
6020,-11539.605469,-11576.243164,36.637695
6021,-11484.876953,-11478.773438,6.103516
6022,-10991.462891,-10970.014648,21.448242
6023,-11766.153320,-11844.636719,78.483398
6024,-10363.261719,-10362.381836,0.879883
6025,-11955.814453,-11915.171875,40.642578
6026,-9446.528320,-9437.680664,8.847656
6027,-11365.684570,-11373.262695,7.578125
6028,-11974.966797,-11947.747070,27.219727
6029,-12349.047852,-12385.735352,36.687500
6030,-10535.562500,-10534.105469,1.457031
6031,-11936.564453,-11948.583008,12.018555
6032,-10862.963867,-10912.221680,49.257812
6033,-10959.356445,-10935.297852,24.058594
6034,-11968.322266,-11946.133789,22.188477
6035,-12211.992188,-12215.238281,3.246094
6036,-11498.097656,-11510.933594,12.835938
6037,-11588.106445,-11576.652344,11.454102
6038,-10949.793945,-10938.129883,11.664062
6039,-10954.976562,-10937.294922,17.681641
6040,-10962.822266,-10969.304688,6.482422
6041,-10898.382812,-10904.185547,5.802734
6042,-11011.306641,-11002.484375,8.822266
6043,-11028.615234,-10970.513672,58.101562
6044,-9255.520508,-9522.640625,267.120117
6045,-10575.158203,-10566.148438,9.009766
6046,-11356.704102,-11308.634766,48.069336
6047,-10545.076172,-11238.512695,693.436523
6048,-12489.243164,-12488.767578,0.475586
6049,-10538.933594,-10533.381836,5.551758
6050,-12768.498047,-12892.317383,123.819336
6051,-11512.464844,-11510.434570,2.030273
6052,-11475.840820,-11484.461914,8.621094
6053,-12488.589844,-12456.115234,32.474609
6054,-10534.208984,-10531.722656,2.486328
6055,-9927.750977,-9901.094727,26.656250
6056,-12499.451172,-12467.563477,31.887695
6057,-12547.839844,-12522.480469,25.359375
6058,-10502.997070,-10499.504883,3.492188
6059,-12093.802734,-12259.187500,165.384766
6060,-12915.325195,-12960.307617,44.982422
6061,-10934.088867,-10938.041992,3.953125
6062,-10922.844727,-10935.704102,12.859375
6063,-11777.584961,-11780.760742,3.175781
6064,-11426.630859,-11510.391602,83.760742
6065,-10948.869141,-10937.059570,11.809570
6066,-11333.416992,-11371.731445,38.314453
6067,-12220.806641,-12249.180664,28.374023
6068,-10440.804688,-10303.719727,137.084961
6069,-9500.840820,-9463.680664,37.160156
6070,-10982.208984,-10969.326172,12.882812
6071,-9323.470703,-8954.830078,368.640625
6072,-12312.872070,-12352.443359,39.571289
6073,-9589.922852,-9555.807617,34.115234
6074,-10559.389648,-10565.985352,6.595703
6075,-10558.720703,-10533.790039,24.930664
6076,-9293.666016,-9269.077148,24.588867
6077,-12030.010742,-12014.423828,15.586914
6078,-10543.568359,-10566.439453,22.871094
6079,-9570.849609,-9555.850586,14.999023
6080,-10493.637695,-10500.498047,6.860352
6081,-10430.174805,-10440.390625,10.215820
6082,-10388.142578,-10396.551758,8.409180
6083,-10503.255859,-10500.884766,2.371094
6084,-10666.744141,-10847.871094,181.126953
6085,-12487.833984,-12488.779297,0.945312
6086,-9320.851562,-9404.120117,83.268555
6087,-10568.322266,-10565.530273,2.791992
6088,-12404.175781,-12386.267578,17.908203
6089,-10500.828125,-10500.716797,0.111328
6090,-13500.456055,-13532.169922,31.713867
6091,-13088.374023,-13364.461914,276.087891
6092,-10423.138672,-10396.807617,26.331055
6093,-12378.906250,-12385.821289,6.915039
6094,-10979.319336,-10968.716797,10.602539
6095,-11506.209961,-11477.828125,28.381836
6096,-10911.155273,-10901.682617,9.472656
6097,-11013.673828,-11002.774414,10.899414
6098,-9350.266602,-9335.587891,14.678711
6099,-11374.301758,-11374.445312,0.143555
6100,-11015.084961,-11002.137695,12.947266
6101,-8944.455078,-8798.662109,145.792969
6102,-11779.828125,-11777.512695,2.315430
6103,-10981.372070,-10968.984375,12.387695
6104,-13530.101562,-13466.763672,63.337891
6105,-12908.687500,-12753.837891,154.849609
6106,-9960.382812,-9925.995117,34.387695
6107,-12471.207031,-12456.543945,14.663086
6108,-10684.704102,-10637.228516,47.475586
6109,-9555.035156,-9553.991211,1.043945
6110,-10848.800781,-10865.761719,16.960938
6111,-10361.398438,-10371.690430,10.291992
6112,-8505.368164,-8460.232422,45.135742
6113,-10527.990234,-10532.671875,4.681641
6114,-11953.374023,-11947.002930,6.371094
6115,-9859.590820,-8954.927734,904.663086
6116,-11760.875977,-11778.174805,17.298828
6117,-12340.808594,-12353.871094,13.062500
6118,-11885.378906,-11915.417969,30.039062
6119,-11524.523438,-11511.928711,12.594727
6120,-11568.472656,-11575.780273,7.307617
6121,-13324.921875,-13365.168945,40.247070
6122,-12796.753906,-12790.611328,6.142578
6123,-10576.598633,-10565.227539,11.371094
6124,-11933.375977,-11946.076172,12.700195
6125,-11549.543945,-11542.412109,7.131836
6126,-12809.890625,-12823.603516,13.712891
6127,-11985.982422,-11980.710938,5.271484
6128,-12573.145508,-12522.559570,50.585938
6129,-10565.268555,-10565.275391,0.006836
6130,-11835.574219,-11844.947266,9.373047
6131,-10464.250000,-10429.929688,34.320312
6132,-10982.017578,-10809.020508,172.997070
6133,-10947.010742,-10936.672852,10.337891
6134,-11929.984375,-11946.540039,16.555664
6135,-12275.553711,-12352.928711,77.375000
6136,-11510.822266,-11509.619141,1.203125
6137,-12461.873047,-12488.530273,26.657227
6138,-10777.914062,-10766.149414,11.764648
6139,-11229.011719,-11275.863281,46.851562
6140,-10945.524414,-10970.639648,25.115234
6141,-11390.991211,-11409.173828,18.182617
6142,-10575.837891,-10566.595703,9.242188
6143,-10854.676758,-10866.167969,11.491211
6144,-10962.098633,-10969.209961,7.111328
6145,-12759.590820,-12790.657227,31.066406
6146,-11189.304688,-11206.416992,17.112305
6147,-9430.845703,-8921.472656,509.373047
6148,-10574.943359,-10566.432617,8.510742
6149,-13225.421875,-13192.618164,32.803711
6150,-12493.476562,-12487.752930,5.723633
6151,-9465.329102,-9341.446289,123.882812
6152,-11914.715820,-11914.621094,0.094727
6153,-10565.618164,-10565.140625,0.477539
6154,-11765.326172,-11812.437500,47.111328
6155,-10532.981445,-10533.441406,0.459961
6156,-13459.440430,-13467.667969,8.227539
6157,-11475.051758,-11476.775391,1.723633
6158,-11959.600586,-11980.948242,21.347656
6159,-10977.008789,-10970.636719,6.372070
6160,-10999.547852,-10971.367188,28.180664
6161,-10367.750977,-10304.129883,63.621094
6162,-11995.347656,-11981.758789,13.588867
6163,-11901.938477,-11914.250000,12.311523
6164,-10498.031250,-10499.924805,1.893555
6165,-6054.209961,-5377.770020,676.439941
6166,-12954.423828,-12960.115234,5.691406
6167,-11960.581055,-11948.136719,12.444336
6168,-10952.762695,-10935.658203,17.104492
6169,-10310.870117,-10365.722656,54.852539
6170,-11946.550781,-11948.838867,2.288086
6171,-9377.257812,-9462.991211,85.733398
6172,-10959.421875,-10936.349609,23.072266
6173,-11385.339844,-11376.375000,8.964844
6174,-10349.303711,-10328.431641,20.872070
6175,-9128.254883,-8888.481445,239.773438
6176,-11879.994141,-11844.511719,35.482422
6177,-12774.077148,-12788.192383,14.115234
6178,-10553.916016,-10533.240234,20.675781
6179,-10876.933594,-10903.683594,26.750000
6180,-11255.910156,-11315.060547,59.150391
6181,-9461.857422,-9463.708984,1.851562
6182,-11290.044922,-11272.755859,17.289062
6183,-12788.107422,-12855.903320,67.795898
6184,-12500.671875,-12554.442383,53.770508
6185,-11671.924805,-11674.330078,2.405273
6186,-11535.722656,-11543.055664,7.333008
6187,-10952.781250,-10937.850586,14.930664
6188,-8312.288086,-8292.240234,20.047852
6189,-10557.161133,-10565.171875,8.010742
6190,-10588.845703,-10507.858398,80.987305
6191,-10550.843750,-10532.060547,18.783203
6192,-11387.902344,-11372.408203,15.494141
6193,-12473.653320,-12488.810547,15.157227
6194,-11008.030273,-10971.846680,36.183594
6195,-10954.908203,-10934.083984,20.824219
6196,-10766.318359,-10800.139648,33.821289
6197,-11916.805664,-11883.955078,32.850586
6198,-9999.880859,-9990.605469,9.275391
6199,-10952.375000,-10936.054688,16.320312
6200,-11807.903320,-11752.042969,55.860352
6201,-11525.333008,-11511.403320,13.929688
6202,-10458.942383,-10465.687500,6.745117
6203,-9483.294922,-9464.421875,18.873047
6204,-10948.865234,-10934.930664,13.934570
6205,-10457.747070,-10507.027344,49.280273
6206,-11796.053711,-11882.811523,86.757812
6207,-11561.109375,-11544.360352,16.749023
6208,-11500.290039,-11512.415039,12.125000
6209,-9541.466797,-9621.770508,80.303711
6210,-10940.033203,-10936.509766,3.523438
6211,-11524.457031,-11479.785156,44.671875
6212,-11483.634766,-11475.661133,7.973633
6213,-11940.216797,-11948.456055,8.239258
6214,-9419.277344,-9496.557617,77.280273
6215,-10944.900391,-10903.786133,41.114258
6216,-11984.101562,-11948.911133,35.190430
6217,-12888.428711,-12894.662109,6.233398
6218,-10767.927734,-10775.021484,7.093750
6219,-10508.585938,-10440.341797,68.244141
6220,-12010.168945,-12012.625977,2.457031
6221,-11399.231445,-11407.892578,8.661133
6222,-10574.714844,-10565.334961,9.379883
6223,-9836.432617,-9867.155273,30.722656
6224,-12521.902344,-12520.381836,1.520508
6225,-9333.798828,-9456.361328,122.562500
6226,-10298.058594,-10333.644531,35.585938
6227,-10426.296875,-10427.645508,1.348633
6228,-11993.265625,-11948.212891,45.052734
6229,-9429.229492,-9489.686523,60.457031
6230,-11463.435547,-11544.799805,81.364258
6231,-9407.431641,-9429.666992,22.235352
6232,-10570.564453,-10565.934570,4.629883
6233,-10983.993164,-10878.510742,105.482422
6234,-11891.910156,-11916.218750,24.308594
6235,-10661.245117,-10440.463867,220.781250
6236,-14780.237305,-14919.444336,139.207031
6237,-11532.535156,-11542.885742,10.350586
6238,-12524.058594,-12521.058594,3.000000
6239,-10581.656250,-10566.624023,15.032227
6240,-9455.662109,-7482.818848,1972.843262
6241,-10997.197266,-11000.407227,3.209961
6242,-10934.853516,-10936.951172,2.097656
6243,-12516.958984,-12521.361328,4.402344
6244,-9948.213867,-9958.678711,10.464844
6245,-11944.729492,-11947.196289,2.466797
6246,-11339.083984,-11375.629883,36.545898
6247,-10963.155273,-10935.071289,28.083984
6248,-10918.174805,-10937.586914,19.412109
6249,-10510.192383,-10500.685547,9.506836
6250,-11558.432617,-11575.932617,17.500000
6251,-10961.083984,-10937.043945,24.040039
6252,-11710.730469,-11778.479492,67.749023
6253,-12937.124023,-12925.860352,11.263672
6254,-11397.819336,-11376.359375,21.459961
6255,-11985.602539,-11981.125977,4.476562
6256,-12369.839844,-12353.724609,16.115234
6257,-12455.103516,-12455.959961,0.856445
6258,-9987.214844,-9700.911133,286.303711
6259,-10904.940430,-10904.110352,0.830078
6260,-10903.003906,-10905.850586,2.846680
6261,-12386.072266,-12351.849609,34.222656
6262,-12508.097656,-12521.620117,13.522461
6263,-10884.225586,-10913.379883,29.154297
6264,-12578.339844,-12547.538086,30.801758
6265,-10607.925781,-10599.202148,8.723633
6266,-10783.938477,-10770.435547,13.502930
6267,-9617.152344,-9555.217773,61.934570
6268,-11879.779297,-11844.366211,35.413086
6269,-10533.640625,-10532.931641,0.708984
6270,-11039.501953,-11003.449219,36.052734
6271,-11527.302734,-11543.920898,16.618164
6272,-9474.910156,-9464.071289,10.838867
6273,-11966.572266,-11979.277344,12.705078
6274,-11912.807617,-11948.605469,35.797852
6275,-11924.108398,-11946.947266,22.838867
6276,-9455.983398,-9462.250977,6.267578
6277,-10509.212891,-10501.223633,7.989258
6278,-10543.534180,-10531.978516,11.555664
6279,-10952.440430,-10968.284180,15.843750
6280,-12924.552734,-12894.860352,29.692383
6281,-10733.540039,-10770.224609,36.684570
6282,-10606.857422,-10598.136719,8.720703
6283,-10497.803711,-10501.081055,3.277344
6284,-10408.538086,-10395.937500,12.600586
6285,-11735.884766,-11812.349609,76.464844
6286,-9521.047852,-9463.718750,57.329102
6287,-13462.852539,-13467.027344,4.174805
6288,-11453.702148,-11452.790039,0.912109
6289,-11576.580078,-11575.646484,0.933594
6290,-11349.578125,-11375.367188,25.789062
6291,-10493.523438,-10497.339844,3.816406
6292,-10654.510742,-10801.038086,146.527344
6293,-9401.591797,-9462.699219,61.107422
6294,-12728.497070,-12684.954102,43.542969
6295,-9432.267578,-9463.763672,31.496094
6296,-10938.272461,-10937.933594,0.338867
6297,-9927.279297,-9933.347656,6.068359
6298,-11342.970703,-11374.814453,31.843750
6299,-11365.914062,-11376.949219,11.035156
6300,-11678.764648,-11746.861328,68.096680
6301,-10940.059570,-10935.325195,4.734375
6302,-9977.567383,-9957.830078,19.737305
6303,-9944.730469,-9900.231445,44.499023
6304,-11448.388672,-11445.609375,2.779297
6305,-9919.566406,-9926.439453,6.873047
6306,-10820.598633,-10832.476562,11.877930
6307,-10468.788086,-10474.677734,5.889648
6308,-11974.866211,-11946.180664,28.685547
6309,-10818.335938,-10833.856445,15.520508
6310,-10547.007812,-10565.085938,18.078125
6311,-10823.041992,-10846.225586,23.183594
6312,-10947.258789,-10935.525391,11.733398
6313,-11531.625000,-11510.147461,21.477539
6314,-10610.435547,-10598.187500,12.248047
6315,-13320.052734,-13331.017578,10.964844
6316,-11351.555664,-11374.160156,22.604492
6317,-11541.247070,-11543.142578,1.895508
6318,-11506.403320,-11510.717773,4.314453
6319,-12010.861328,-11981.158203,29.703125
6320,-11951.038086,-11947.007812,4.030273
6321,-11867.127930,-11948.187500,81.059570
6322,-11809.958008,-11811.952148,1.994141
6323,-9453.298828,-9464.154297,10.855469
6324,-12331.839844,-12352.457031,20.617188
6325,-12048.691406,-12012.301758,36.389648
6326,-12433.786133,-12422.865234,10.920898
6327,-9820.950195,-9868.408203,47.458008
6328,-11519.999023,-11512.030273,7.968750
6329,-10275.401367,-10338.574219,63.172852
6330,-10536.668945,-10531.251953,5.416992
6331,-11970.340820,-11981.266602,10.925781
6332,-12491.386719,-12489.069336,2.317383
6333,-11954.263672,-11948.494141,5.769531
6334,-11505.839844,-11512.517578,6.677734
6335,-12924.394531,-12894.058594,30.335938
6336,-10956.296875,-10969.615234,13.318359
6337,-9375.899414,-9360.319336,15.580078
6338,-9845.538086,-9898.428711,52.890625
6339,-11864.461914,-11914.474609,50.012695
6340,-11403.270508,-11408.162109,4.891602
6341,-10902.214844,-10877.237305,24.977539
6342,-10399.243164,-10395.997070,3.246094
6343,-9904.872070,-9927.988281,23.116211
6344,-11480.760742,-11474.636719,6.124023
6345,-11462.816406,-11543.029297,80.212891
6346,-10933.517578,-10879.013672,54.503906
6347,-10984.491211,-10969.248047,15.243164
6348,-11217.705078,-11316.333984,98.628906
6349,-9904.436523,-9932.275391,27.838867
6350,-11472.667969,-11543.156250,70.488281
6351,-12440.042969,-12386.563477,53.479492
6352,-10784.726562,-10899.889648,115.163086
6353,-11499.324219,-11510.255859,10.931641
6354,-11480.300781,-11478.362305,1.938477
6355,-11533.851562,-11542.799805,8.948242
6356,-10043.235352,-9990.944336,52.291016
6357,-11495.672852,-11509.520508,13.847656
6358,-11449.402344,-11511.707031,62.304688
6359,-11354.970703,-11307.742188,47.228516
6360,-10949.582031,-10936.998047,12.583984
6361,-11495.310547,-11509.796875,14.486328
6362,-10959.489258,-10937.905273,21.583984
6363,-10539.742188,-10532.910156,6.832031
6364,-10965.067383,-10936.413086,28.654297
6365,-12934.334961,-12894.595703,39.739258
6366,-12883.698242,-12927.335938,43.637695
6367,-11912.160156,-11915.028320,2.868164
6368,-12507.035156,-12521.180664,14.145508
6369,-10573.218750,-10598.570312,25.351562
6370,-11940.161133,-11948.520508,8.359375
6371,-9714.684570,-9705.731445,8.953125
6372,-11283.319336,-11307.857422,24.538086
6373,-11593.845703,-11317.273438,276.572266
6374,-12480.437500,-12488.051758,7.614258
6375,-10549.297852,-10532.860352,16.437500
6376,-10958.806641,-10936.205078,22.601562
6377,-11448.428711,-11407.763672,40.665039
6378,-11511.122070,-11508.641602,2.480469
6379,-11600.004883,-11609.514648,9.509766
6380,-10322.921875,-10362.475586,39.553711
6381,-12513.315430,-12520.986328,7.670898
6382,-11464.763672,-11510.742188,45.978516
6383,-10531.382812,-10529.913086,1.469727
6384,-11989.122070,-11981.704102,7.417969
6385,-11983.670898,-11980.180664,3.490234
6386,-11982.697266,-11981.183594,1.513672
6387,-12759.972656,-12790.095703,30.123047
6388,-12506.173828,-12522.397461,16.223633
6389,-10943.143555,-10937.999023,5.144531
6390,-10521.704102,-10532.491211,10.787109
6391,-7959.640625,-7851.728516,107.912109
6392,-11541.873047,-11542.890625,1.017578
6393,-10932.857422,-10937.510742,4.653320
6394,-11412.605469,-11408.416992,4.188477
6395,-10933.499023,-10904.225586,29.273438
6396,-10936.916992,-10937.527344,0.610352
6397,-11499.422852,-11509.393555,9.970703
6398,-12506.645508,-12456.214844,50.430664
6399,-9413.861328,-9404.697266,9.164062
6400,-10610.663086,-10598.293945,12.369141
6401,-9900.179688,-9901.551758,1.372070
6402,-12498.006836,-12487.649414,10.357422
6403,-13000.588867,-13008.165039,7.576172
6404,-9202.903320,-8487.020508,715.882812
6405,-11547.018555,-11543.875977,3.142578
6406,-10555.795898,-10532.032227,23.763672
6407,-13085.611328,-13007.541992,78.069336
6408,-13779.556641,-13763.859375,15.697266
6409,-12314.599609,-12352.653320,38.053711
6410,-11369.824219,-11374.122070,4.297852
6411,-10511.858398,-10500.298828,11.559570
6412,-10566.581055,-10565.914062,0.666992
6413,-8573.172852,-8428.314453,144.858398
6414,-10582.064453,-10599.030273,16.965820
6415,-10975.878906,-10968.126953,7.751953
6416,-10391.460938,-10430.720703,39.259766
6417,-8795.696289,-8832.421875,36.725586
6418,-10560.224609,-10531.728516,28.496094
6419,-12667.567383,-12686.356445,18.789062
6420,-11952.714844,-11949.087891,3.626953
6421,-9947.645508,-9960.348633,12.703125
6422,-9528.998047,-9496.948242,32.049805
6423,-10451.680664,-10465.332031,13.651367
6424,-12385.456055,-12386.970703,1.514648
6425,-10920.530273,-10938.887695,18.357422
6426,-12544.483398,-12522.909180,21.574219
6427,-10961.126953,-10971.184570,10.057617
6428,-11916.508789,-11882.328125,34.180664
6429,-11513.645508,-11542.382812,28.737305
6430,-10972.067383,-10968.926758,3.140625
6431,-11931.000977,-11946.458008,15.457031
6432,-9468.605469,-9521.355469,52.750000
6433,-10944.906250,-10937.861328,7.044922
6434,-10366.635742,-10362.312500,4.323242
6435,-10298.446289,-10307.152344,8.706055
6436,-10356.115234,-10305.485352,50.629883
6437,-12417.549805,-12417.501953,0.047852
6438,-10033.071289,-9991.794922,41.276367
6439,-10860.286133,-10912.362305,52.076172
6440,-10367.593750,-10362.679688,4.914062
6441,-11371.896484,-11372.613281,0.716797
6442,-11951.489258,-11946.962891,4.526367
6443,-11014.706055,-11002.601562,12.104492
6444,-11346.894531,-11343.025391,3.869141
6445,-9836.749023,-9967.184570,130.435547
6446,-12546.740234,-12521.763672,24.976562
6447,-9971.538086,-9990.000977,18.462891
6448,-10934.238281,-10937.978516,3.740234
6449,-10447.243164,-10430.442383,16.800781
6450,-7451.818848,-7357.669434,94.149414
6451,-11958.250000,-12014.994141,56.744141
6452,-9443.941406,-9495.891602,51.950195
6453,-9990.562500,-9990.221680,0.340820
6454,-11279.594727,-11375.358398,95.763672
6455,-11798.912109,-11810.471680,11.559570
6456,-10925.598633,-10937.912109,12.313477
6457,-10373.498047,-10441.705078,68.207031
6458,-11914.823242,-11914.058594,0.764648
6459,-10977.635742,-10970.208984,7.426758
6460,-12909.046875,-12892.472656,16.574219
6461,-10496.196289,-10498.848633,2.652344
6462,-11637.006836,-11707.958984,70.952148
6463,-13245.246094,-13193.564453,51.681641
6464,-11219.725586,-11206.444336,13.281250
6465,-11944.160156,-11914.106445,30.053711
6466,-11246.863281,-11271.194336,24.331055
6467,-10834.708984,-10845.550781,10.841797
6468,-10504.689453,-10499.207031,5.482422
6469,-10466.896484,-10473.474609,6.578125
6470,-11571.939453,-11575.768555,3.829102
6471,-11388.261719,-11375.027344,13.234375
6472,-12352.743164,-12418.947266,66.204102
6473,-11461.019531,-11476.148438,15.128906
6474,-10988.177734,-10969.426758,18.750977
6475,-11976.117188,-11981.442383,5.325195
6476,-11972.418945,-11948.339844,24.079102
6477,-11533.652344,-11542.722656,9.070312
6478,-12917.365234,-12925.924805,8.559570
6479,-10363.600586,-10441.251953,77.651367
6480,-11953.013672,-11947.135742,5.877930
6481,-10359.425781,-10441.303711,81.877930
6482,-11599.603516,-11386.546875,213.056641
6483,-8883.801758,-8865.152344,18.649414
6484,-12381.040039,-12353.202148,27.837891
6485,-11525.130859,-11543.372070,18.241211
6486,-10609.361328,-10598.274414,11.086914
6487,-12503.343750,-12487.866211,15.477539
6488,-11784.068359,-11779.964844,4.103516
6489,-11384.447266,-11408.416016,23.968750
6490,-11742.277344,-11779.511719,37.234375
6491,-10961.968750,-10971.464844,9.496094
6492,-11467.358398,-11475.713867,8.355469
6493,-11542.216797,-11543.994141,1.777344
6494,-10488.000000,-10499.750000,11.750000
6495,-8283.007812,-8360.398438,77.390625
6496,-10509.092773,-10442.428711,66.664062
6497,-11814.384766,-11779.994141,34.390625
6498,-13430.542969,-10382.130859,3048.412109
6499,-8347.539062,-8369.841797,22.302734
6500,-11868.967773,-11880.468750,11.500977
6501,-12939.794922,-12959.048828,19.253906
6502,-12368.273438,-12385.121094,16.847656
6503,-8809.483398,-8832.158203,22.674805
6504,-11546.401367,-11542.461914,3.939453
6505,-10741.870117,-10866.919922,125.049805
6506,-10524.760742,-10532.033203,7.272461
6507,-10567.018555,-10565.028320,1.990234
6508,-10336.564453,-10396.862305,60.297852
6509,-10981.921875,-10968.483398,13.438477
6510,-7663.009766,-7450.736328,212.273438
6511,-11895.752930,-11911.302734,15.549805
6512,-10210.464844,-10280.909180,70.444336
6513,-10931.641602,-10935.758789,4.117188
6514,-12521.904297,-12520.964844,0.939453
6515,-9682.836914,-9588.957031,93.879883
6516,-11815.299805,-11812.482422,2.817383
6517,-9931.392578,-9928.409180,2.983398
6518,-9471.277344,-9463.348633,7.928711
6519,-10954.742188,-10969.319336,14.577148
6520,-10992.799805,-10971.381836,21.417969
6521,-11386.467773,-11342.081055,44.386719
6522,-10819.528320,-10904.826172,85.297852
6523,-11948.575195,-11947.588867,0.986328
6524,-11496.442383,-11509.509766,13.067383
6525,-10567.108398,-10565.573242,1.535156
6526,-11535.481445,-11542.657227,7.175781
6527,-11523.410156,-11544.461914,21.051758
6528,-10406.250000,-10472.827148,66.577148
6529,-10908.473633,-10969.171875,60.698242
6530,-10615.143555,-10598.323242,16.820312
6531,-10562.790039,-10533.204102,29.585938
6532,-8920.422852,-8487.090820,433.332031
6533,-12540.698242,-12488.403320,52.294922
6534,-10588.969727,-10598.347656,9.377930
6535,-12460.124023,-12520.347656,60.223633
6536,-11300.794922,-11341.550781,40.755859
6537,-10845.399414,-10878.234375,32.834961
6538,-8478.516602,-8461.069336,17.447266
6539,-9939.144531,-9926.146484,12.998047
6540,-10567.014648,-10565.138672,1.875977
6541,-11039.377930,-11003.778320,35.599609
6542,-11516.008789,-11510.385742,5.623047
6543,-12524.027344,-12520.262695,3.764648
6544,-12355.950195,-12386.197266,30.247070
6545,-10941.635742,-10935.923828,5.711914
6546,-12214.095703,-12250.009766,35.914062
6547,-10533.754883,-10532.914062,0.840820
6548,-10253.932617,-10297.892578,43.959961
6549,-11085.095703,-10879.382812,205.712891
6550,-11944.721680,-11946.602539,1.880859
6551,-9642.822266,-9555.177734,87.644531
6552,-11914.289062,-11947.775391,33.486328
6553,-10944.908203,-10938.161133,6.747070
6554,-12120.970703,-12353.657227,232.686523
6555,-9860.989258,-9810.442383,50.546875
6556,-11397.100586,-11341.369141,55.731445
6557,-12388.591797,-12354.201172,34.390625
6558,-10021.531250,-9993.829102,27.702148
6559,-11524.916992,-11510.591797,14.325195
6560,-10924.058594,-10906.291992,17.766602
6561,-10529.539062,-10531.816406,2.277344
6562,-10983.040039,-10970.180664,12.859375
6563,-13522.896484,-13466.535156,56.361328
6564,-12247.492188,-12353.563477,106.071289
6565,-10489.244141,-10467.541992,21.702148
6566,-9889.396484,-9900.017578,10.621094
6567,-11375.899414,-11376.757812,0.858398
6568,-11030.347656,-11034.606445,4.258789
6569,-12003.853516,-11948.728516,55.125000
6570,-10929.306641,-10935.972656,6.666016
6571,-11515.295898,-11510.364258,4.931641
6572,-10549.931641,-10532.663086,17.268555
6573,-9512.788086,-9462.975586,49.812500
6574,-11565.096680,-11543.112305,21.984375
6575,-10963.399414,-10968.105469,4.706055
6576,-10973.816406,-10969.100586,4.715820
6577,-9624.660156,-9588.366211,36.293945
6578,-13484.731445,-13468.444336,16.287109
6579,-10529.643555,-10533.015625,3.372070
6580,-10042.373047,-9991.471680,50.901367
6581,-11574.477539,-11575.973633,1.496094
6582,-10873.604492,-10900.742188,27.137695
6583,-10791.117188,-10832.536133,41.418945
6584,-9401.562500,-9404.273438,2.710938
6585,-11515.110352,-11478.386719,36.723633
6586,-11984.563477,-11979.778320,4.785156
6587,-10419.736328,-10397.607422,22.128906
6588,-11511.010742,-11511.010742,0.000000
6589,-12977.094727,-12975.416992,1.677734
6590,-11571.185547,-11575.732422,4.546875
6591,-10465.574219,-10430.135742,35.438477
6592,-11919.091797,-11917.383789,1.708008
6593,-11804.675781,-11844.425781,39.750000
6594,-11435.549805,-11440.979492,5.429688
6595,-11543.423828,-11543.536133,0.112305
6596,-9541.388672,-9530.043945,11.344727
6597,-9925.710938,-9934.678711,8.967773
6598,-11251.309570,-11238.744141,12.565430
6599,-9553.724609,-9522.630859,31.093750
6600,-11436.099609,-11443.496094,7.396484
6601,-11523.396484,-11577.100586,53.704102
6602,-11898.362305,-11910.515625,12.153320
6603,-12266.644531,-12248.736328,17.908203
6604,-12926.021484,-12925.985352,0.036133
6605,-11948.971680,-11945.730469,3.241211
6606,-12485.591797,-12488.894531,3.302734
6607,-11522.192383,-11510.966797,11.225586
6608,-12504.759766,-12487.548828,17.210938
6609,-12941.542969,-12959.468750,17.925781
6610,-9987.218750,-9899.987305,87.231445
6611,-10540.713867,-10533.459961,7.253906
6612,-11962.256836,-11950.552734,11.704102
6613,-11828.616211,-11811.904297,16.711914
6614,-12980.126953,-12958.558594,21.568359
6615,-10949.935547,-10971.572266,21.636719
6616,-10555.624023,-10566.495117,10.871094
6617,-11863.852539,-11851.520508,12.332031
6618,-9465.294922,-9455.417969,9.876953
6619,-9538.621094,-9496.337891,42.283203
6620,-9418.675781,-9428.976562,10.300781
6621,-11335.447266,-11340.534180,5.086914
6622,-9503.274414,-9496.867188,6.407227
6623,-9582.391602,-9554.996094,27.395508
6624,-10506.805664,-10500.686523,6.119141
6625,-10569.851562,-9405.393555,1164.458008
6626,-10968.915039,-10968.287109,0.627930
6627,-10020.906250,-9868.366211,152.540039
6628,-10865.827148,-10904.522461,38.695312
6629,-11856.144531,-11883.293945,27.149414
6630,-12784.196289,-12789.957031,5.760742
6631,-10019.044922,-10362.391602,343.346680
6632,-12381.262695,-12384.948242,3.685547
6633,-7170.496094,-7449.321777,278.825684
6634,-11489.170898,-11477.954102,11.216797
6635,-11560.875000,-11544.065430,16.809570
6636,-8092.045898,-7759.618164,332.427734
6637,-11989.089844,-11981.191406,7.898438
6638,-9692.230469,-9876.720703,184.490234
6639,-10954.782227,-10938.380859,16.401367
6640,-9385.675781,-9406.640625,20.964844
6641,-10834.336914,-10833.599609,0.737305
6642,-8906.617188,-8864.882812,41.734375
6643,-12464.276367,-12455.226562,9.049805
6644,-10348.332031,-10363.786133,15.454102
6645,-10902.583008,-10901.345703,1.237305
6646,-10532.399414,-10534.022461,1.623047
6647,-10940.907227,-10935.964844,4.942383
6648,-12532.680664,-12521.274414,11.406250
6649,-12912.552734,-12927.013672,14.460938
6650,-10940.947266,-10877.741211,63.206055
6651,-11437.250000,-11485.257812,48.007812
6652,-11934.521484,-11946.397461,11.875977
6653,-10516.649414,-10499.855469,16.793945
6654,-11952.952148,-11948.119141,4.833008
6655,-11958.350586,-11915.372070,42.978516
6656,-8220.203125,-8359.513672,139.310547
6657,-11469.225586,-11475.498047,6.272461
6658,-9451.363281,-9455.446289,4.083008
6659,-11961.290039,-11915.995117,45.294922
6660,-10979.278320,-10968.748047,10.530273
6661,-11598.940430,-11576.008789,22.931641
6662,-10960.184570,-10937.155273,23.029297
6663,-10579.360352,-10566.336914,13.023438
6664,-10548.827148,-10533.889648,14.937500
6665,-11993.896484,-11981.595703,12.300781
6666,-12318.326172,-12350.899414,32.573242
6667,-11273.893555,-11420.953125,147.059570
6668,-8194.168945,-8199.676758,5.507812
6669,-10982.692383,-10970.687500,12.004883
6670,-10936.142578,-11205.355469,269.212891
6671,-10452.665039,-10430.242188,22.422852
6672,-10521.384766,-10532.362305,10.977539
6673,-11525.983398,-11478.315430,47.667969
6674,-12527.032227,-12553.429688,26.397461
6675,-10976.010742,-10967.556641,8.454102
6676,-8727.100586,-8451.443359,275.657227
6677,-10520.347656,-10530.098633,9.750977
6678,-11870.381836,-12014.387695,144.005859
6679,-10962.807617,-10968.466797,5.659180
6680,-12942.972656,-12925.835938,17.136719
6681,-12413.442383,-12384.209961,29.232422
6682,-12368.951172,-12384.289062,15.337891
6683,-10969.721680,-10969.686523,0.035156
6684,-11369.440430,-11372.363281,2.922852
6685,-10917.721680,-10937.698242,19.976562
6686,-8866.958008,-8897.663086,30.705078
6687,-12925.691406,-12926.035156,0.343750
6688,-12451.102539,-12456.406250,5.303711
6689,-12766.565430,-12791.375000,24.809570
6690,-10809.743164,-10801.087891,8.655273
6691,-12512.398438,-12488.156250,24.242188
6692,-10001.185547,-9931.874023,69.311523
6693,-11366.068359,-11373.067383,6.999023
6694,-11802.671875,-11719.922852,82.749023
6695,-11556.849609,-11544.750977,12.098633
6696,-10488.802734,-10339.474609,149.328125
6697,-12520.843750,-12520.551758,0.291992
6698,-10508.379883,-10499.073242,9.306641
6699,-11513.520508,-11511.259766,2.260742
6700,-10546.016602,-10531.166016,14.850586
6701,-15646.425781,-15617.058594,29.367188
6702,-11916.443359,-11914.876953,1.566406
6703,-12889.676758,-12894.142578,4.465820
6704,-11553.314453,-11543.175781,10.138672
6705,-11539.482422,-11543.420898,3.938477
6706,-11328.266602,-11270.888672,57.377930
6707,-10402.723633,-10462.556641,59.833008
6708,-12681.025391,-12478.056641,202.968750
6709,-9406.875000,-8517.593750,889.281250
6710,-11515.984375,-11542.445312,26.460938
6711,-12288.024414,-12248.939453,39.084961
6712,-12431.710938,-12386.500977,45.209961
6713,-11495.132812,-11510.304688,15.171875
6714,959.178711,-8552.216797,9511.395508
6715,-12908.530273,-12925.038086,16.507812
6716,-11932.498047,-11980.103516,47.605469
6717,-12515.516602,-12521.382812,5.866211
6718,-12432.419922,-12418.824219,13.595703
6719,-11127.584961,-11308.459961,180.875000
6720,-10974.795898,-10968.372070,6.423828
6721,-14859.179688,-14919.193359,60.013672
6722,-12427.333984,-12423.381836,3.952148
6723,-12612.594727,-12756.564453,143.969727
6724,-9859.802734,-9798.224609,61.578125
6725,-11412.882812,-11407.102539,5.780273
6726,-10537.421875,-10534.447266,2.974609
6727,-11365.069336,-11374.688477,9.619141
6728,-10974.460938,-10970.327148,4.133789
6729,-10894.119141,-10880.304688,13.814453
6730,-11537.791992,-11543.630859,5.838867
6731,-10346.597656,-10365.396484,18.798828
6732,-11460.426758,-11479.885742,19.458984
6733,-10551.750977,-10532.721680,19.029297
6734,-11545.773438,-11510.920898,34.852539
6735,-9967.041992,-9933.482422,33.559570
6736,-10539.413086,-10532.160156,7.252930
6737,-12536.553711,-12522.443359,14.110352
6738,-11943.163086,-11945.715820,2.552734
6739,-10499.907227,-10499.939453,0.032227
6740,-12517.529297,-12521.777344,4.248047
6741,-11938.460938,-11946.972656,8.511719
6742,-9531.053711,-9620.909180,89.855469
6743,-10826.710938,-10834.299805,7.588867
6744,-10963.134766,-10937.739258,25.395508
6745,-12634.192383,-12617.473633,16.718750
6746,-12466.902344,-12411.206055,55.696289
6747,-9579.745117,-8921.691406,658.053711
6748,-10559.468750,-10565.456055,5.987305
6749,-10521.139648,-10532.026367,10.886719
6750,-7310.365234,-7357.893555,47.528320
6751,-10540.148438,-10533.166992,6.981445
6752,-10974.928711,-10968.233398,6.695312
6753,-10413.550781,-10430.479492,16.928711
6754,-10498.488281,-10501.299805,2.811523
6755,-11542.270508,-11542.505859,0.235352
6756,-10289.117188,-10440.128906,151.011719
6757,-11332.738281,-11373.184570,40.446289
6758,-11962.161133,-11948.306641,13.854492
6759,-14170.802734,-14202.479492,31.676758
6760,-9432.841797,-9431.113281,1.728516
6761,-11557.930664,-11576.083008,18.152344
6762,-11492.589844,-11510.501953,17.912109
6763,-12768.954102,-12790.029297,21.075195
6764,-10563.722656,-10566.023438,2.300781
6765,-9387.817383,-9454.777344,66.959961
6766,-11381.054688,-11406.812500,25.757812
6767,-10937.271484,-10935.182617,2.088867
6768,-9473.515625,-9486.203125,12.687500
6769,-11544.048828,-11543.260742,0.788086
6770,-13271.730469,-13331.712891,59.982422
6771,-13776.500977,-13767.662109,8.838867
6772,-12457.929688,-12454.460938,3.468750
6773,-11921.734375,-11914.759766,6.974609
6774,-9521.871094,-9522.250977,0.379883
6775,-10967.409180,-10970.203125,2.793945
6776,-10752.601562,-10880.273438,127.671875
6777,-12428.411133,-12354.241211,74.169922
6778,-11420.762695,-11407.594727,13.167969
6779,-11450.233398,-11477.750000,27.516602
6780,-9381.119141,-8518.549805,862.569336
6781,-10909.307617,-10904.487305,4.820312
6782,-10938.409180,-10934.583008,3.826172
6783,-11817.140625,-11810.633789,6.506836
6784,-10490.093750,-10497.324219,7.230469
6785,-10937.646484,-10935.904297,1.742188
6786,-11901.895508,-11914.836914,12.941406
6787,-11998.009766,-12029.431641,31.421875
6788,-12484.179688,-12489.417969,5.238281
6789,-13389.769531,-13445.164062,55.394531
6790,-10566.248047,-10475.251953,90.996094
6791,-9565.954102,-9588.694336,22.740234
6792,-8581.805664,-8519.834961,61.970703
6793,-11980.858398,-11980.708984,0.149414
6794,-10989.033203,-10969.499023,19.534180
6795,-12513.309570,-12521.533203,8.223633
6796,-12858.246094,-12892.530273,34.284180
6797,-12499.274414,-12522.438477,23.164062
6798,-11472.132812,-11484.406250,12.273438
6799,-10513.844727,-10506.882812,6.961914
6800,-11530.930664,-11543.892578,12.961914
6801,-10527.083984,-10534.295898,7.211914
6802,-12517.845703,-12521.058594,3.212891
6803,-10551.275391,-10565.112305,13.836914
6804,-10494.485352,-10498.730469,4.245117
6805,-11424.556641,-11441.054688,16.498047
6806,-11375.472656,-11375.143555,0.329102
6807,-11345.572266,-11341.801758,3.770508
6808,-11525.755859,-11543.681641,17.925781
6809,-12936.791992,-12926.704102,10.087891
6810,-8528.478516,-8452.208984,76.269531
6811,-11950.812500,-11947.986328,2.826172
6812,-12364.899414,-12318.202148,46.697266
6813,-11916.458008,-11914.926758,1.531250
6814,-10556.305664,-10533.073242,23.232422
6815,-11976.353516,-11948.590820,27.762695
6816,-9859.411133,-9866.116211,6.705078
6817,-10575.662109,-10566.173828,9.488281
6818,-11437.191406,-11407.983398,29.208008
6819,-10977.722656,-10968.267578,9.455078
6820,-10553.460938,-10534.549805,18.911133
6821,-9935.619141,-9932.522461,3.096680
6822,-11454.407227,-11510.685547,56.278320
6823,-9910.248047,-9867.212891,43.035156
6824,-12951.130859,-12926.276367,24.854492
6825,-9587.925781,-9588.641602,0.715820
6826,-11513.417969,-11510.497070,2.920898
6827,-10541.241211,-10530.409180,10.832031
6828,-10781.084961,-10846.048828,64.963867
6829,-10977.103516,-10968.322266,8.781250
6830,-9959.020508,-9957.538086,1.482422
6831,-12471.278320,-12453.955078,17.323242
6832,-9912.379883,-9959.441406,47.061523
6833,-10505.603516,-10498.639648,6.963867
6834,-10494.992188,-10497.677734,2.685547
6835,-11953.591797,-11917.233398,36.358398
6836,-12975.309570,-12959.224609,16.084961
6837,-11506.481445,-11510.406250,3.924805
6838,-10914.167969,-10902.467773,11.700195
6839,-10497.652344,-10499.417969,1.765625
6840,-11432.612305,-11406.910156,25.702148
6841,-11019.384766,-11001.863281,17.521484
6842,-11655.265625,-11510.563477,144.702148
6843,-11945.882812,-11916.190430,29.692383
6844,-11571.537109,-11812.769531,241.232422
6845,-10824.840820,-10911.800781,86.959961
6846,-12947.492188,-12958.405273,10.913086
6847,-10488.959961,-10507.823242,18.863281
6848,-10955.707031,-10936.325195,19.381836
6849,-9986.931641,-9960.082031,26.849609
6850,-11525.761719,-11510.536133,15.225586
6851,-11594.276367,-11575.979492,18.296875
6852,-10341.741211,-10338.853516,2.887695
6853,-12371.083984,-12384.692383,13.608398
6854,-11559.522461,-11526.724609,32.797852
6855,-11530.976562,-11478.109375,52.867188
6856,-10577.507812,-10566.567383,10.940430
6857,-13491.826172,-13468.065430,23.760742
6858,-11425.315430,-11406.353516,18.961914
6859,-9902.753906,-9934.524414,31.770508
6860,-9922.833008,-9933.437500,10.604492
6861,-10931.163086,-10937.909180,6.746094
6862,-11015.074219,-11000.751953,14.322266
6863,-8439.104492,-8460.329102,21.224609
6864,-11984.376953,-11980.586914,3.790039
6865,-10943.998047,-10903.001953,40.996094
6866,-9542.741211,-9588.487305,45.746094
6867,-10577.034180,-10566.584961,10.449219
6868,-11550.407227,-11577.155273,26.748047
6869,-10540.331055,-10532.479492,7.851562
6870,-11478.011719,-11476.382812,1.628906
6871,-11519.429688,-11510.726562,8.703125
6872,-11476.991211,-11512.888672,35.897461
6873,-10957.666992,-10935.134766,22.532227
6874,-10943.343750,-10936.585938,6.757812
6875,-9497.902344,-9522.531250,24.628906
6876,-10962.645508,-10969.610352,6.964844
6877,-10934.911133,-10936.771484,1.860352
6878,-11892.591797,-11882.380859,10.210938
6879,-11879.914062,-11917.491211,37.577148
6880,-11047.584961,-11034.800781,12.784180
6881,-10942.461914,-10935.855469,6.606445
6882,-11479.635742,-11478.846680,0.789062
6883,-11520.890625,-11512.209961,8.680664
6884,-9489.910156,-9462.855469,27.054688
6885,-11932.954102,-11947.082031,14.127930
6886,-10319.112305,-10371.855469,52.743164
6887,-11940.634766,-11914.510742,26.124023
6888,-11858.670898,-11849.799805,8.871094
6889,-10985.587891,-11002.238281,16.650391
6890,-11983.461914,-11981.728516,1.733398
6891,-9677.701172,-9327.948242,349.752930
6892,-9560.802734,-9554.448242,6.354492
6893,-11547.108398,-11543.679688,3.428711
6894,-10467.770508,-10439.903320,27.867188
6895,-9493.821289,-9462.855469,30.965820
6896,-10269.334961,-9843.089844,426.245117
6897,-11620.538086,-11608.864258,11.673828
6898,-9987.866211,-9991.866211,4.000000
6899,-12303.750977,-12386.342773,82.591797
6900,-11533.380859,-11509.261719,24.119141
6901,-9981.011719,-9957.588867,23.422852
6902,-8288.986328,-7818.456055,470.530273
6903,-10985.473633,-10968.817383,16.656250
6904,-9237.035156,-9924.066406,687.031250
6905,-11566.878906,-11575.604492,8.725586
6906,-10774.126953,-10830.813477,56.686523
6907,-11480.306641,-11476.364258,3.942383
6908,-13307.755859,-13499.536133,191.780273
6909,-12513.525391,-12521.642578,8.117188
6910,-10917.724609,-10934.373047,16.648438
6911,-10789.588867,-10844.423828,54.834961
6912,-11841.883789,-11844.737305,2.853516
6913,-12779.159180,-12820.309570,41.150391
6914,-9798.841797,-9870.248047,71.406250
6915,-11946.695312,-11949.204102,2.508789
6916,-11861.908203,-11914.534180,52.625977
6917,-10866.864258,-10865.748047,1.116211
6918,-12807.565430,-12790.551758,17.013672
6919,-11400.476562,-11408.824219,8.347656
6920,-10571.911133,-10234.933594,336.977539
6921,-11553.523438,-11544.493164,9.030273
6922,-13781.820312,-13767.568359,14.251953
6923,-9604.326172,-9587.791016,16.535156
6924,-11913.396484,-11947.967773,34.571289
6925,-10542.330078,-10532.242188,10.087891
6926,-10857.552734,-10800.925781,56.626953
6927,-10938.042969,-10936.186523,1.856445
6928,-10582.553711,-10534.646484,47.907227
6929,-11397.228516,-11407.082031,9.853516
6930,-11591.760742,-11609.182617,17.421875
6931,-10885.559570,-10936.448242,50.888672
6932,-10543.364258,-10532.389648,10.974609
6933,-9655.572266,-9960.380859,304.808594
6934,-10527.145508,-10532.847656,5.702148
6935,-11376.826172,-11407.913086,31.086914
6936,-12781.165039,-12789.364258,8.199219
6937,-10561.681641,-10564.213867,2.532227
6938,-11520.231445,-11543.376953,23.145508
6939,-10072.226562,-8662.491211,1409.735352
6940,-8547.408203,-8384.400391,163.007812
6941,-11905.589844,-11913.811523,8.221680
6942,-10933.458008,-10937.834961,4.376953
6943,-11891.012695,-11882.838867,8.173828
6944,-8306.696289,-8361.791016,55.094727
6945,-10498.842773,-10499.233398,0.390625
6946,-11778.605469,-11812.940430,34.334961
6947,-11215.352539,-10879.577148,335.775391
6948,-11534.599609,-11543.823242,9.223633
6949,-11982.616211,-11939.213867,43.402344
6950,-10960.574219,-10937.295898,23.278320
6951,-11890.241211,-11880.864258,9.376953
6952,-10266.824219,-10302.250977,35.426758
6953,-11006.587891,-11003.786133,2.801758
6954,-10319.556641,-10474.096680,154.540039
6955,-10540.731445,-10532.967773,7.763672
6956,-11525.474609,-11542.794922,17.320312
6957,-13219.765625,-13970.163086,750.397461
6958,-12510.378906,-12521.245117,10.866211
6959,-10507.023438,-10497.884766,9.138672
6960,-10970.129883,-10970.066406,0.063477
6961,-10978.144531,-10971.430664,6.713867
6962,-9299.684570,-8551.748047,747.936523
6963,-12497.675781,-12486.414062,11.261719
6964,-10288.908203,-10169.602539,119.305664
6965,-13388.324219,-13435.523438,47.199219
6966,-10994.925781,-11003.438477,8.512695
6967,-10961.760742,-10846.518555,115.242188
6968,-12529.504883,-12522.723633,6.781250
6969,-10987.145508,-10969.756836,17.388672
6970,-10237.113281,-10272.531250,35.417969
6971,-12219.022461,-12385.783203,166.760742
6972,-10993.321289,-10968.430664,24.890625
6973,-12480.261719,-12489.789062,9.527344
6974,-10555.011719,-10533.230469,21.781250
6975,-10935.265625,-10936.358398,1.092773
6976,-11031.467773,-11003.875000,27.592773
6977,-11971.171875,-11916.965820,54.206055
6978,-11312.569336,-11342.459961,29.890625
6979,-10907.215820,-10903.810547,3.405273
6980,-11540.624023,-11543.300781,2.676758
6981,-11021.761719,-11002.445312,19.316406
6982,-11007.446289,-10912.911133,94.535156
6983,-11582.207031,-11575.905273,6.301758
6984,-10542.332031,-10532.693359,9.638672
6985,-11968.617188,-11947.623047,20.994141
6986,-11971.159180,-11948.189453,22.969727
6987,-11830.667969,-11811.419922,19.248047
6988,-10959.363281,-10937.362305,22.000977
6989,-11527.150391,-11510.270508,16.879883
6990,-9989.088867,-9958.460938,30.627930
6991,-13622.701172,-13766.791016,144.089844
6992,-13525.310547,-13500.018555,25.291992
6993,-11882.142578,-11915.894531,33.751953
6994,-10977.853516,-10938.398438,39.455078
6995,-10004.558594,-9957.361328,47.197266
6996,-12522.361328,-12521.458984,0.902344
6997,-11943.013672,-11981.279297,38.265625
6998,-10405.595703,-10362.557617,43.038086
6999,-13224.042969,-13364.407227,140.364258
7000,-12902.918945,-12894.174805,8.744141
7001,-11364.943359,-11341.171875,23.771484
7002,-10574.477539,-10566.064453,8.413086
7003,-11487.235352,-11477.246094,9.989258
7004,-10391.827148,-10363.738281,28.088867
7005,-10550.891602,-10564.308594,13.416992
7006,-10259.708984,-10306.373047,46.664062
7007,-9220.503906,-9429.583008,209.079102
7008,-11327.853516,-11340.429688,12.576172
7009,-9907.159180,-9923.244141,16.084961
7010,-11539.322266,-11511.545898,27.776367
7011,-10943.396484,-10933.950195,9.446289
7012,-12845.348633,-12823.076172,22.272461
7013,-11997.510742,-11979.144531,18.366211
7014,-12124.799805,-11822.715820,302.083984
7015,-11533.611328,-11510.286133,23.325195
7016,-10963.641602,-10903.839844,59.801758
7017,-11389.096680,-11376.113281,12.983398
7018,-10495.910156,-10500.246094,4.335938
7019,-9544.996094,-9465.223633,79.772461
7020,-10803.141602,-10878.942383,75.800781
7021,-11496.543945,-11510.371094,13.827148
7022,-12542.339844,-12554.370117,12.030273
7023,-11392.904297,-11407.562500,14.658203
7024,-10604.053711,-10598.481445,5.572266
7025,-10579.963867,-10564.941406,15.022461
7026,-10537.721680,-10531.967773,5.753906
7027,-10466.640625,-10428.393555,38.247070
7028,-11946.088867,-11980.118164,34.029297
7029,-10505.744141,-10440.258789,65.485352
7030,-11315.238281,-11270.139648,45.098633
7031,-11584.133789,-11575.648438,8.485352
7032,-10565.818359,-10565.897461,0.079102
7033,-10567.664062,-10565.310547,2.353516
7034,-12378.776367,-12384.718750,5.942383
7035,-9188.456055,-9521.103516,332.647461
7036,-11541.415039,-11542.598633,1.183594
7037,-12716.663086,-12790.391602,73.728516
7038,-11514.355469,-11509.478516,4.876953
7039,-10548.872070,-10533.520508,15.351562
7040,-10913.881836,-10903.084961,10.796875
7041,-10721.733398,-10638.740234,82.993164
7042,-9855.787109,-9810.491211,45.295898
7043,-12860.125000,-12892.458984,32.333984
7044,-9472.744141,-9555.028320,82.284180
7045,-10505.579102,-10498.805664,6.773438
7046,-11722.055664,-11745.954102,23.898438
7047,-9430.187500,-9489.327148,59.139648
7048,-11503.022461,-11509.911133,6.888672
7049,-10507.864258,-10498.956055,8.908203
7050,-12910.648438,-12927.636719,16.988281
7051,-11456.552734,-11478.304688,21.751953
7052,-11333.182617,-11310.521484,22.661133
7053,-11324.919922,-11342.264648,17.344727
7054,-8236.454102,-8260.103516,23.649414
7055,-10565.616211,-10565.410156,0.206055
7056,-11046.985352,-11003.504883,43.480469
7057,-12496.080078,-12490.428711,5.651367
7058,-10236.085938,-10213.200195,22.885742
7059,-10873.768555,-10880.540039,6.771484
7060,-10998.825195,-11003.253906,4.428711
7061,-10372.618164,-10396.549805,23.931641
7062,-11940.988281,-11945.848633,4.860352
7063,-11569.655273,-11576.809570,7.154297
7064,-10937.586914,-10935.487305,2.099609
7065,-10213.923828,-10201.409180,12.514648
7066,-11531.486328,-11544.198242,12.711914
7067,-11905.009766,-11914.995117,9.985352
7068,-15323.058594,-15460.345703,137.287109
7069,-9533.257812,-9555.864258,22.606445
7070,-9642.162109,-9588.518555,53.643555
7071,-11822.027344,-11812.669922,9.357422
7072,-11962.867188,-11978.869141,16.001953
7073,-11508.406250,-11476.194336,32.211914
7074,-11974.600586,-11948.340820,26.259766
7075,-11955.060547,-11947.649414,7.411133
7076,-9552.795898,-9463.165039,89.630859
7077,-10571.201172,-10564.769531,6.431641
7078,-10543.506836,-10533.726562,9.780273
7079,-12955.723633,-12959.653320,3.929688
7080,-9444.202148,-9437.755859,6.446289
7081,-10442.215820,-10395.908203,46.307617
7082,-10601.929688,-10507.783203,94.146484
7083,-12506.501953,-12522.983398,16.481445
7084,-12909.582031,-12926.038086,16.456055
7085,-10933.387695,-10934.939453,1.551758
7086,-10576.020508,-10566.672852,9.347656
7087,-12356.062500,-12352.571289,3.491211
7088,-12443.009766,-12454.588867,11.579102
7089,-11969.186523,-11980.054688,10.868164
7090,-10385.682617,-10393.882812,8.200195
7091,-10563.921875,-10566.179688,2.257812
7092,-10642.214844,-10631.764648,10.450195
7093,-10839.002930,-10879.399414,40.396484
7094,-10830.820312,-10743.397461,87.422852
7095,-10988.923828,-10968.003906,20.919922
7096,-12006.908203,-11982.457031,24.451172
7097,-12327.258789,-12282.621094,44.637695
7098,-11009.303711,-10912.555664,96.748047
7099,-11459.619141,-11443.965820,15.653320
7100,-11468.041016,-11476.191406,8.150391
7101,-11408.535156,-11408.755859,0.220703
7102,-10569.883789,-10565.400391,4.483398
7103,-12399.322266,-12422.411133,23.088867
7104,-10551.640625,-10531.528320,20.112305
7105,-12555.115234,-12553.812500,1.302734
7106,-12908.407227,-12925.166992,16.759766
7107,-11335.995117,-11376.400391,40.405273
7108,-10569.187500,-10566.062500,3.125000
7109,-9508.014648,-9465.740234,42.274414
7110,-10574.505859,-10566.344727,8.161133
7111,-9480.578125,-9495.333984,14.755859
7112,-11000.329102,-10971.364258,28.964844
7113,-11541.586914,-11575.978516,34.391602
7114,-10563.988281,-10564.914062,0.925781
7115,-10935.329102,-10938.539062,3.209961
7116,-12845.887695,-12789.524414,56.363281
7117,-11374.835938,-11408.112305,33.276367
7118,-11613.799805,-11609.014648,4.785156
7119,-10990.191406,-10969.747070,20.444336
7120,-10457.113281,-10466.703125,9.589844
7121,-12754.816406,-12755.805664,0.989258
7122,-10402.464844,-10363.041016,39.423828
7123,-10886.831055,-10743.774414,143.056641
7124,-10849.383789,-10898.968750,49.584961
7125,-10942.084961,-10939.270508,2.814453
7126,-9549.223633,-9587.701172,38.477539
7127,-11425.236328,-11406.244141,18.992188
7128,-11512.541992,-11511.455078,1.086914
7129,-9352.048828,-9454.551758,102.502930
7130,-11873.416992,-11844.988281,28.428711
7131,-10468.123047,-10466.113281,2.009766
7132,-11720.582031,-11317.404297,403.177734
7133,-14033.750000,-14202.453125,168.703125
7134,-11995.998047,-11981.035156,14.962891
7135,-11527.008789,-11511.077148,15.931641
7136,-11347.517578,-11340.665039,6.852539
7137,-11971.611328,-11948.608398,23.002930
7138,-9582.605469,-9555.403320,27.202148
7139,-9486.654297,-9495.861328,9.207031
7140,-12003.845703,-11980.917969,22.927734
7141,-10080.669922,-9866.736328,213.933594
7142,-11047.746094,-12454.870117,1407.124023
7143,-12583.745117,-12586.976562,3.231445
7144,-10955.057617,-10912.389648,42.667969
7145,-12922.089844,-12926.377930,4.288086
7146,-10968.271484,-10967.782227,0.489258
7147,-12953.846680,-12927.020508,26.826172
7148,-11284.027344,-11238.743164,45.284180
7149,-10545.300781,-10534.066406,11.234375
7150,-11560.918945,-11543.659180,17.259766
7151,-10987.914062,-11003.754883,15.840820
7152,-12548.980469,-12554.814453,5.833984
7153,-13628.646484,-13548.731445,79.915039
7154,-11957.398438,-11980.151367,22.752930
7155,-10511.415039,-10499.465820,11.949219
7156,-12512.273438,-12521.225586,8.952148
7157,-11001.489258,-10968.164062,33.325195
7158,-11930.163086,-11916.076172,14.086914
7159,-11505.253906,-11510.741211,5.487305
7160,-11535.559570,-11543.537109,7.977539
7161,-9568.117188,-9587.640625,19.523438
7162,-14181.906250,-14200.706055,18.799805
7163,-8819.958984,-8865.180664,45.221680
7164,-11089.092773,-10846.799805,242.292969
7165,-12802.522461,-12925.477539,122.955078
7166,-11944.391602,-11948.101562,3.709961
7167,-9084.309570,-8486.045898,598.263672
7168,-9438.331055,-9463.220703,24.889648
7169,-10969.339844,-10970.375977,1.036133
7170,-11863.966797,-11844.892578,19.074219
7171,-12394.958008,-12386.627930,8.330078
7172,-12905.204102,-12892.198242,13.005859
7173,-12659.823242,-12723.787109,63.963867
7174,-8575.438477,-8401.510742,173.927734
7175,-9238.962891,-9165.639648,73.323242
7176,-11630.046875,-11609.156250,20.890625
7177,-10552.626953,-10531.785156,20.841797
7178,-11982.581055,-11980.731445,1.849609
7179,-10534.313477,-10532.099609,2.213867
7180,-11395.244141,-11408.246094,13.001953
7181,-12178.375000,-12216.605469,38.230469
7182,-10978.647461,-10971.231445,7.416016
7183,-11958.162109,-11948.101562,10.060547
7184,-10222.577148,-10307.046875,84.469727
7185,-10571.696289,-10566.375977,5.320312
7186,-10992.324219,-10384.834961,607.489258
7187,-10662.692383,-10448.352539,214.339844
7188,-9471.054688,-9270.633789,200.420898
7189,-13394.575195,-13396.405273,1.830078
7190,-11412.358398,-11408.320312,4.038086
7191,-11550.503906,-11544.873047,5.630859
7192,-11537.611328,-11543.649414,6.038086
7193,-10810.057617,-10802.840820,7.216797
7194,-11949.742188,-11945.960938,3.781250
7195,-9999.028320,-9990.784180,8.244141
7196,-11500.249023,-11508.793945,8.544922
7197,-11509.968750,-11510.756836,0.788086
7198,-10961.449219,-10937.893555,23.555664
7199,-10936.786133,-10935.826172,0.959961
7200,-11386.600586,-11375.405273,11.195312
7201,-10975.577148,-10969.126953,6.450195
7202,-12348.333984,-12351.088867,2.754883
7203,-11366.826172,-11372.338867,5.512695
7204,-11357.159180,-11284.797852,72.361328
7205,-10532.050781,-10532.312500,0.261719
7206,-12027.725586,-11849.485352,178.240234
7207,-10705.146484,-10735.812500,30.666016
7208,-9910.901367,-9891.030273,19.871094
7209,-11464.869141,-11477.163086,12.293945
7210,-11501.949219,-11510.569336,8.620117
7211,-10398.607422,-10398.749023,0.141602
7212,-9954.769531,-9927.711914,27.057617
7213,-10450.108398,-10304.703125,145.405273
7214,-11013.815430,-11034.780273,20.964844
7215,-12547.712891,-12523.052734,24.660156
7216,-10542.783203,-10531.992188,10.791016
7217,-9506.812500,-9463.594727,43.217773
7218,-11381.913086,-11407.956055,26.042969
7219,-10913.788086,-10935.169922,21.381836
7220,-11499.077148,-11510.102539,11.025391
7221,-9480.762695,-9487.634766,6.872070
7222,-9819.411133,-9899.044922,79.633789
7223,-10269.583984,-10396.255859,126.671875
7224,-13500.500977,-13467.950195,32.550781
7225,-12425.858398,-12457.696289,31.837891
7226,-11528.367188,-11510.669922,17.697266
7227,-11551.074219,-11543.916016,7.158203
7228,-10531.123047,-10531.749023,0.625977
7229,-11505.282227,-11510.650391,5.368164
7230,-11854.685547,-11845.738281,8.947266
7231,-11933.528320,-11947.785156,14.256836
7232,-9394.599609,-9391.339844,3.259766
7233,-9063.273438,-8518.507812,544.765625
7234,-11581.753906,-11576.807617,4.946289
7235,-11480.642578,-11508.468750,27.826172
7236,-11812.611328,-11845.122070,32.510742
7237,-11485.552734,-11477.445312,8.107422
7238,-11563.117188,-11543.768555,19.348633
7239,-12407.255859,-12417.788086,10.532227
7240,-11882.672852,-11882.758789,0.085938
7241,-9202.859375,-8920.612305,282.247070
7242,-10745.191406,-10776.348633,31.157227
7243,-10740.673828,-10845.797852,105.124023
7244,-12326.924805,-12385.183594,58.258789
7245,-11968.886719,-11948.308594,20.578125
7246,-12919.393555,-12927.061523,7.667969
7247,-8896.755859,-8956.872070,60.116211
7248,-8914.542969,-8519.785156,394.757812
7249,-10962.488281,-10934.772461,27.715820
7250,-12514.452148,-12522.658203,8.206055
7251,-8007.294922,-7383.273438,624.021484
7252,-11333.571289,-11303.205078,30.366211
7253,-11501.582031,-11510.497070,8.915039
7254,-10348.855469,-10362.707031,13.851562
7255,-10493.652344,-10499.240234,5.587891
7256,-10505.949219,-10533.000000,27.050781
7257,-12901.568359,-12925.092773,23.524414
7258,-10817.081055,-10764.799805,52.281250
7259,-11877.787109,-11911.707031,33.919922
7260,-10945.771484,-10937.556641,8.214844
7261,-11522.122070,-11510.565430,11.556641
7262,-10957.679688,-10936.854492,20.825195
7263,-9955.484375,-9933.976562,21.507812
7264,-11514.952148,-11509.811523,5.140625
7265,-9575.011719,-9554.289062,20.722656
7266,-12541.387695,-12521.742188,19.645508
7267,-12519.680664,-12520.380859,0.700195
7268,-10536.463867,-10530.812500,5.651367
7269,-12470.651367,-12419.139648,51.511719
7270,-10791.078125,-10736.516602,54.561523
7271,-10534.210938,-10532.798828,1.412109
7272,-10509.354492,-10500.755859,8.598633
7273,-11363.698242,-11341.049805,22.648438
7274,-11926.728516,-11914.094727,12.633789
7275,-11975.860352,-11981.897461,6.037109
7276,-10991.342773,-10969.925781,21.416992
7277,-11928.054688,-11949.072266,21.017578
7278,-11917.291016,-11914.385742,2.905273
7279,-10545.673828,-10532.762695,12.911133
7280,-11571.139648,-11544.477539,26.662109
7281,-10813.985352,-10835.526367,21.541016
7282,-10774.611328,-10832.533203,57.921875
7283,-11712.977539,-11745.596680,32.619141
7284,-9531.877930,-9522.199219,9.678711
7285,-10935.424805,-10937.869141,2.444336
7286,-12889.861328,-12859.637695,30.223633
7287,-12388.153320,-12351.854492,36.298828
7288,-12330.847656,-12418.256836,87.409180
7289,-11477.943359,-11478.130859,0.187500
7290,-9579.098633,-9588.507812,9.409180
7291,-11953.193359,-11947.241211,5.952148
7292,-12647.919922,-12757.245117,109.325195
7293,-12929.454102,-12958.514648,29.060547
7294,-10936.631836,-10971.543945,34.912109
7295,-9479.244141,-9462.677734,16.566406
7296,-10591.109375,-10370.533203,220.576172
7297,-9554.250000,-9521.782227,32.467773
7298,-10922.809570,-10904.561523,18.248047
7299,-11539.544922,-11543.854492,4.309570
7300,-12220.217773,-12281.089844,60.872070
7301,-10638.729492,-10631.565430,7.164062
7302,-12450.915039,-12453.208984,2.293945
7303,-11811.003906,-11811.525391,0.521484
7304,-10373.612305,-10364.085938,9.526367
7305,-11967.564453,-11979.871094,12.306641
7306,-10002.788086,-9956.511719,46.276367
7307,-10387.249023,-10394.792969,7.543945
7308,-11958.625000,-11979.393555,20.768555
7309,-11405.689453,-11406.648438,0.958984
7310,-12348.311523,-12351.996094,3.684570
7311,-11947.050781,-11947.713867,0.663086
7312,-11966.771484,-11948.842773,17.928711
7313,-11359.993164,-11375.935547,15.942383
7314,-9556.053711,-9521.602539,34.451172
7315,-11910.510742,-11915.234375,4.723633
7316,-10581.458008,-10566.595703,14.862305
7317,-11542.358398,-11544.593750,2.235352
7318,-10543.737305,-10531.962891,11.774414
7319,-11955.441406,-11947.790039,7.651367
7320,-10791.722656,-10833.329102,41.606445
7321,-10920.043945,-10938.309570,18.265625
7322,-10929.311523,-10936.601562,7.290039
7323,-12457.566406,-12456.041016,1.525391
7324,-10538.953125,-10532.483398,6.469727
7325,-8765.673828,-6321.996094,2443.677734
7326,-11988.523438,-11979.057617,9.465820
7327,-11684.159180,-11675.842773,8.316406
7328,-12557.760742,-12522.965820,34.794922
7329,-8531.765625,-8427.908203,103.857422
7330,-11361.706055,-11374.210938,12.504883
7331,-12860.169922,-12893.017578,32.847656
7332,-9435.542969,-9464.580078,29.037109
7333,-13160.917969,-13111.979492,48.938477
7334,-9158.958008,-9328.023438,169.065430
7335,-11458.254883,-11451.750000,6.504883
7336,-9378.772461,-9329.006836,49.765625
7337,-9419.280273,-9463.692383,44.412109
7338,-10369.590820,-10338.855469,30.735352
7339,-11975.092773,-11980.848633,5.755859
7340,-10482.860352,-10498.760742,15.900391
7341,-12915.796875,-12926.172852,10.375977
7342,-11522.828125,-11510.105469,12.722656
7343,-10971.226562,-10970.776367,0.450195
7344,-12556.518555,-12553.308594,3.209961
7345,-11498.831055,-11510.492188,11.661133
7346,-11943.271484,-11914.909180,28.362305
7347,-10580.838867,-10565.108398,15.730469
7348,-11364.145508,-11374.480469,10.334961
7349,-10389.697266,-10442.239258,52.541992
7350,-11892.747070,-11914.561523,21.814453
7351,-11376.611328,-11341.403320,35.208008
7352,-10406.651367,-10396.264648,10.386719
7353,-11543.939453,-11542.863281,1.076172
7354,-9892.108398,-9962.106445,69.998047
7355,-11889.772461,-11912.553711,22.781250
7356,-11506.067383,-11512.223633,6.156250
7357,-10930.532227,-10937.320312,6.788086
7358,-12503.215820,-12487.412109,15.803711
7359,-10962.439453,-10969.532227,7.092773
7360,-10469.298828,-10430.104492,39.194336
7361,-10929.648438,-10936.991211,7.342773
7362,-11830.949219,-11844.128906,13.179688
7363,-12482.288086,-12490.507812,8.219727
7364,-11942.166016,-11946.902344,4.736328
7365,-11505.085938,-11509.856445,4.770508
7366,-12867.005859,-12860.273438,6.732422
7367,-11448.845703,-11445.100586,3.745117
7368,-10923.877930,-10935.949219,12.071289
7369,-10369.882812,-10362.878906,7.003906
7370,-10533.485352,-10499.739258,33.746094
7371,-10461.794922,-10465.894531,4.099609
7372,-12349.779297,-12353.790039,4.010742
7373,-10924.969727,-10880.292969,44.676758
7374,-12731.450195,-12755.770508,24.320312
7375,-12537.681641,-12522.740234,14.941406
7376,-12779.242188,-12860.271484,81.029297
7377,-10020.353516,-9957.563477,62.790039
7378,-10329.172852,-10372.945312,43.772461
7379,-9938.433594,-9932.380859,6.052734
7380,-11800.784180,-11813.224609,12.440430
7381,-9912.740234,-9902.209961,10.530273
7382,-9460.789062,-9437.961914,22.827148
7383,-11521.198242,-11484.227539,36.970703
7384,-10469.154297,-10498.983398,29.829102
7385,-11480.087891,-11476.413086,3.674805
7386,-9560.875977,-9523.783203,37.092773
7387,-11943.028320,-11980.884766,37.856445
7388,-9568.976562,-9555.755859,13.220703
7389,-9270.341797,-9555.734375,285.392578
7390,-11905.319336,-11915.883789,10.564453
7391,-10932.007812,-10904.736328,27.271484
7392,-11517.260742,-11510.286133,6.974609
7393,-11507.074219,-11510.857422,3.783203
7394,-11956.446289,-11948.944336,7.501953
7395,-11550.213867,-11544.960938,5.252930
7396,-11520.891602,-11510.720703,10.170898
7397,-9920.722656,-9902.430664,18.291992
7398,-11437.063477,-11440.665039,3.601562
7399,-9604.150391,-9555.513672,48.636719
7400,-9926.771484,-9835.763672,91.007812
7401,-10446.346680,-10395.825195,50.521484
7402,-11445.381836,-11476.029297,30.647461
7403,-9510.516602,-9430.148438,80.368164
7404,-10545.751953,-10532.443359,13.308594
7405,-10391.442383,-10396.104492,4.662109
7406,-11397.326172,-11376.699219,20.626953
7407,-9564.754883,-9554.593750,10.161133
7408,-10530.834961,-10532.505859,1.670898
7409,-13249.804688,-13225.996094,23.808594
7410,-10943.049805,-10912.500000,30.549805
7411,-10619.671875,-10565.305664,54.366211
7412,-12943.836914,-12923.404297,20.432617
7413,-12520.312500,-12520.620117,0.307617
7414,-11909.423828,-11917.329102,7.905273
7415,-11541.550781,-11542.280273,0.729492
7416,-11939.560547,-11947.668945,8.108398
7417,-10349.476562,-10363.206055,13.729492
7418,-11895.973633,-11912.985352,17.011719
7419,-10569.318359,-10566.385742,2.932617
7420,-10977.151367,-10969.243164,7.908203
7421,-10915.084961,-10903.178711,11.906250
7422,-10539.477539,-10532.449219,7.028320
7423,-11961.952148,-11947.975586,13.976562
7424,-10492.958008,-10474.674805,18.283203
7425,-11612.459961,-11316.051758,296.408203
7426,-10998.521484,-11003.510742,4.989258
7427,-10962.248047,-10776.501953,185.746094
7428,-10925.719727,-10934.221680,8.501953
7429,-10880.800781,-10879.660156,1.140625
7430,-9852.007812,-9932.236328,80.228516
7431,-11484.018555,-11478.875000,5.143555
7432,-11939.746094,-11947.930664,8.184570
7433,-12816.844727,-12786.902344,29.942383
7434,-10967.279297,-10969.646484,2.367188
7435,-10505.940430,-10441.650391,64.290039
7436,-11755.802734,-11747.016602,8.786133
7437,-11550.544922,-11576.000000,25.455078
7438,-11390.708984,-11372.315430,18.393555
7439,-10332.813477,-10274.273438,58.540039
7440,-11924.916992,-11915.655273,9.261719
7441,-12499.038086,-12485.942383,13.095703
7442,-10579.658203,-10565.432617,14.225586
7443,-10446.258789,-10430.291992,15.966797
7444,-10978.046875,-10970.549805,7.497070
7445,-9984.505859,-9990.847656,6.341797
7446,-9345.386719,-9292.542969,52.843750
7447,-10568.355469,-10566.461914,1.893555
7448,-11508.437500,-11510.591797,2.154297
7449,-9202.081055,-8486.605469,715.475586
7450,-11414.439453,-11406.522461,7.916992
7451,-11947.951172,-11947.860352,0.090820
7452,-11004.727539,-11003.667969,1.059570
7453,-9487.207031,-9496.952148,9.745117
7454,-10579.771484,-10565.379883,14.391602
7455,-12518.123047,-12520.075195,1.952148
7456,-12493.414062,-12487.037109,6.376953
7457,-10543.662109,-10533.464844,10.197266
7458,-11507.202148,-11511.450195,4.248047
7459,-9049.864258,-8896.791992,153.072266
7460,-12406.656250,-12353.559570,53.096680
7461,-10807.263672,-10878.974609,71.710938
7462,-11295.433594,-11270.194336,25.239258
7463,-11506.793945,-11509.292969,2.499023
7464,-11363.644531,-11373.695312,10.050781
7465,-10503.871094,-10498.890625,4.980469
7466,-11381.124023,-11408.646484,27.522461
7467,-8181.335938,-8291.084961,109.749023
7468,-10581.487305,-10564.286133,17.201172
7469,-11012.837891,-11002.425781,10.412109
7470,-11416.934570,-11420.678711,3.744141
7471,-9811.217773,-9797.552734,13.665039
7472,-11321.311523,-11304.567383,16.744141
7473,-10401.487305,-10406.918945,5.431641
7474,-10839.127930,-10867.047852,27.919922
7475,-10930.774414,-10904.290039,26.484375
7476,-12835.332031,-12891.851562,56.519531
7477,-10514.041992,-10500.135742,13.906250
7478,-11544.817383,-11542.446289,2.371094
7479,-12506.489258,-12419.125000,87.364258
7480,-11437.626953,-11407.673828,29.953125
7481,-10496.719727,-10468.017578,28.702148
7482,-10497.935547,-10499.582031,1.646484
7483,-10498.074219,-10500.445312,2.371094
7484,-11536.292969,-11543.075195,6.782227
7485,-10798.546875,-10775.217773,23.329102
7486,-9844.822266,-9867.168945,22.346680
7487,-10863.810547,-10878.335938,14.525391
7488,-9508.087891,-9496.698242,11.389648
7489,-10548.676758,-10533.109375,15.567383
7490,-10570.000000,-10565.849609,4.150391
7491,-11377.468750,-11372.497070,4.971680
7492,-11287.180664,-11237.850586,49.330078
7493,-11499.149414,-11479.696289,19.453125
7494,-11902.396484,-11915.763672,13.367188
7495,-11921.065430,-11914.833984,6.231445
7496,-11460.033203,-11543.606445,83.573242
7497,-11018.524414,-11001.857422,16.666992
7498,-11403.029297,-11373.788086,29.241211
7499,-10922.830078,-10970.052734,47.222656
7500,-12317.372070,-12354.140625,36.768555
7501,-11098.470703,-10911.616211,186.854492
7502,-7299.584961,-6782.645508,516.939453
7503,-11507.196289,-11509.272461,2.076172
7504,-10502.393555,-10499.664062,2.729492
7505,-10967.523438,-10968.668945,1.145508
7506,-9404.470703,-10363.789062,959.318359
7507,-11329.041992,-11372.774414,43.732422
7508,-12509.166016,-12488.455078,20.710938
7509,-10531.386719,-10531.906250,0.519531
7510,-11933.652344,-11948.152344,14.500000
7511,-9902.553711,-9959.415039,56.861328
7512,-10974.247070,-10971.297852,2.949219
7513,-10472.702148,-10337.803711,134.898438
7514,-11375.295898,-11406.855469,31.559570
7515,-11548.105469,-11543.828125,4.277344
7516,-11961.002930,-11947.634766,13.368164
7517,-10499.664062,-10498.020508,1.643555
7518,-11949.767578,-11947.414062,2.353516
7519,-10981.092773,-10969.467773,11.625000
7520,-9708.962891,-9620.731445,88.231445
7521,-10576.487305,-10565.832031,10.655273
7522,-10944.352539,-10936.340820,8.011719
7523,-10525.683594,-10501.186523,24.497070
7524,-11958.260742,-11946.675781,11.584961
7525,-8963.670898,-8919.013672,44.657227
7526,-11905.790039,-11948.296875,42.506836
7527,-10533.523438,-10531.952148,1.571289
7528,-11874.494141,-11914.541016,40.046875
7529,-11442.515625,-11443.967773,1.452148
7530,-10545.985352,-10531.757812,14.227539
7531,-11478.151367,-11478.412109,0.260742
7532,-9479.186523,-9488.775391,9.588867
7533,-9897.530273,-9901.628906,4.098633
7534,-10968.402344,-10971.004883,2.602539
7535,-11952.721680,-11914.397461,38.324219
7536,-11518.968750,-11543.353516,24.384766
7537,-9549.034180,-9522.159180,26.875000
7538,-9584.640625,-9555.304688,29.335938
7539,-12328.793945,-12353.256836,24.462891
7540,-11895.516602,-11882.638672,12.877930
7541,-10548.671875,-10531.962891,16.708984
7542,-11914.236328,-11915.255859,1.019531
7543,-9570.572266,-9463.286133,107.286133
7544,-11560.950195,-11575.863281,14.913086
7545,-12364.897461,-12286.731445,78.166016
7546,-10922.710938,-10901.915039,20.795898
7547,-9464.263672,-9463.623047,0.640625
7548,-9891.722656,-9899.389648,7.666992
7549,-11878.229492,-11947.907227,69.677734
7550,-10575.281250,-10409.219727,166.061523
7551,-11908.582031,-11915.566406,6.984375
7552,-9616.793945,-9587.705078,29.088867
7553,-11384.958008,-11373.412109,11.545898
7554,-8952.248047,-8866.448242,85.799805
7555,-12626.340820,-12650.896484,24.555664
7556,-10979.692383,-10969.503906,10.188477
7557,-12463.232422,-12488.780273,25.547852
7558,-10997.240234,-10970.068359,27.171875
7559,-11495.436523,-11512.156250,16.719727
7560,-11487.448242,-11512.190430,24.742188
7561,-10475.249023,-10463.688477,11.560547
7562,-9961.370117,-9958.341797,3.028320
7563,-12022.718750,-12013.816406,8.902344
7564,-10406.373047,-10398.311523,8.061523
7565,-11370.725586,-11374.239258,3.513672
7566,-11774.058594,-11776.876953,2.818359
7567,-11930.236328,-11915.909180,14.327148
7568,-12285.853516,-12247.072266,38.781250
7569,-11911.298828,-11912.973633,1.674805
7570,-9386.230469,-9429.284180,43.053711
7571,-12492.640625,-12489.392578,3.248047
7572,-9990.675781,-9957.440430,33.235352
7573,-9928.745117,-9901.259766,27.485352
7574,-9347.320312,-9360.193359,12.873047
7575,-11936.469727,-11948.579102,12.109375
7576,-9647.796875,-10831.264648,1183.467773
7577,-8886.348633,-8518.769531,367.579102
7578,-11533.273438,-11543.652344,10.378906
7579,-11362.301758,-11374.736328,12.434570
7580,-11539.840820,-11543.606445,3.765625
7581,-12381.038086,-12386.252930,5.214844
7582,-12309.921875,-12318.890625,8.968750
7583,-11492.795898,-11510.663086,17.867188
7584,-11791.674805,-11811.777344,20.102539
7585,-11412.027344,-11439.687500,27.660156
7586,-10547.416992,-10533.083984,14.333008
7587,-10554.864258,-10532.915039,21.949219
7588,-8726.056641,-8831.256836,105.200195
7589,-11251.574219,-11212.774414,38.799805
7590,-10526.960938,-10567.033203,40.072266
7591,-11741.683594,-11778.758789,37.075195
7592,-10999.545898,-10971.126953,28.418945
7593,-11948.111328,-11980.737305,32.625977
7594,-13318.101562,-13329.679688,11.578125
7595,-10856.470703,-10873.484375,17.013672
7596,-10512.822266,-10362.596680,150.225586
7597,-13202.954102,-13227.416992,24.462891
7598,-10417.294922,-10429.438477,12.143555
7599,-11959.857422,-11947.307617,12.549805
7600,-8823.261719,-8519.343750,303.917969
7601,-8951.471680,-8831.151367,120.320312
7602,-9527.775391,-9554.514648,26.739258
7603,-12736.382812,-12822.345703,85.962891
7604,-11892.908203,-11844.531250,48.376953
7605,-10731.466797,-10766.827148,35.360352
7606,-11555.286133,-11542.922852,12.363281
7607,-12886.839844,-12893.747070,6.907227
7608,-11019.496094,-11002.883789,16.612305
7609,-10395.106445,-10362.402344,32.704102
7610,-11376.617188,-11406.367188,29.750000
7611,-11525.308594,-11576.831055,51.522461
7612,-10485.783203,-10499.382812,13.599609
7613,-11531.250000,-11511.639648,19.610352
7614,-12370.012695,-12351.938477,18.074219
7615,-9905.199219,-9868.223633,36.975586
7616,-11959.890625,-11979.895508,20.004883
7617,-11767.943359,-11810.987305,43.043945
7618,-12543.536133,-12488.869141,54.666992
7619,-9532.615234,-9554.531250,21.916016
7620,-12368.174805,-12447.320312,79.145508
7621,-11872.064453,-11844.394531,27.669922
7622,-8557.674805,-9556.003906,998.329102
7623,-10885.492188,-10867.417969,18.074219
7624,-12532.208984,-12522.289062,9.919922
7625,-12960.680664,-12959.153320,1.527344
7626,-9632.130859,-9586.904297,45.226562
7627,-11494.798828,-11475.741211,19.057617
7628,-10484.610352,-10539.728516,55.118164
7629,-11523.700195,-11543.739258,20.039062
7630,-12387.916016,-12386.291016,1.625000
7631,-10565.972656,-10566.706055,0.733398
7632,-10475.394531,-10337.784180,137.610352
7633,-10446.934570,-10430.084961,16.849609
7634,-12468.721680,-12488.765625,20.043945
7635,-9854.379883,-9933.501953,79.122070
7636,-10464.991211,-10465.392578,0.401367
7637,-9435.474609,-9326.817383,108.657227
7638,-11352.014648,-11340.780273,11.234375
7639,-11544.035156,-11543.679688,0.355469
7640,-9768.901367,-8857.102539,911.798828
7641,-9506.489258,-9497.517578,8.971680
7642,-9918.871094,-9923.866211,4.995117
7643,-11767.535156,-11740.055664,27.479492
7644,-10793.566406,-10832.345703,38.779297
7645,-11006.015625,-10970.976562,35.039062
7646,-12586.724609,-12555.381836,31.342773
7647,-13010.598633,-12893.216797,117.381836
7648,-9915.511719,-9933.848633,18.336914
7649,-11451.875977,-11479.632812,27.756836
7650,-10322.653320,-10339.032227,16.378906
7651,-11421.019531,-11406.955078,14.064453
7652,-11365.153320,-11370.756836,5.603516
7653,-9468.918945,-9360.794922,108.124023
7654,-12028.291016,-12013.377930,14.913086
7655,-9586.735352,-9555.119141,31.616211
7656,-12501.982422,-12457.519531,44.462891
7657,-9521.709961,-9529.395508,7.685547
7658,-11381.842773,-11340.668945,41.173828
7659,-11531.846680,-11509.791992,22.054688
7660,-11398.028320,-11407.491211,9.462891
7661,-10441.875977,-10394.820312,47.055664
7662,-11397.594727,-11372.943359,24.651367
7663,-8846.158203,-8452.239258,393.918945
7664,-12960.372070,-12958.406250,1.965820
7665,-9956.425781,-9957.771484,1.345703
7666,-9623.371094,-9588.326172,35.044922
7667,-11853.237305,-11845.205078,8.032227
7668,-11828.099609,-11844.267578,16.167969
7669,-11508.962891,-11512.207031,3.244141
7670,-11895.922852,-11915.376953,19.454102
7671,-10921.267578,-10936.377930,15.110352
7672,-10748.920898,-10770.345703,21.424805
7673,-11516.512695,-11510.317383,6.195312
7674,-10938.392578,-10937.254883,1.137695
7675,-10985.558594,-10968.112305,17.446289
7676,-11966.944336,-11979.705078,12.760742
7677,-12323.675781,-12385.817383,62.141602
7678,-8754.698242,-8832.000977,77.302734
7679,-11795.039062,-11809.190430,14.151367
7680,-10924.072266,-10903.149414,20.922852
7681,-10422.299805,-10433.729492,11.429688
7682,-10976.558594,-10968.953125,7.605469
7683,-12423.589844,-12386.454102,37.135742
7684,-9643.182617,-9704.921875,61.739258
7685,-10751.133789,-10879.676758,128.542969
7686,-10487.219727,-10507.280273,20.060547
7687,-11344.654297,-11373.895508,29.241211
7688,-11919.625000,-11948.033203,28.408203
7689,-8998.577148,-8452.296875,546.280273
7690,-11529.889648,-11453.522461,76.367188
7691,-13002.746094,-12992.455078,10.291016
7692,-10968.176758,-10969.019531,0.842773
7693,-10979.339844,-10969.092773,10.247070
7694,-10938.859375,-10935.331055,3.528320
7695,-11895.203125,-11913.408203,18.205078
7696,-11541.624023,-11577.408203,35.784180
7697,-10965.939453,-10970.180664,4.241211
7698,-10912.318359,-10937.755859,25.437500
7699,-11509.801758,-11509.654297,0.147461
7700,-9808.964844,-9870.023438,61.058594
7701,-10512.413086,-10498.730469,13.682617
7702,-10832.827148,-10865.845703,33.018555
7703,-10432.716797,-10396.015625,36.701172
7704,-11813.385742,-11810.785156,2.600586
7705,-11488.792969,-11476.155273,12.637695
7706,-10017.414062,-9990.274414,27.139648
7707,-9526.487305,-9463.858398,62.628906
7708,-10508.499023,-10500.941406,7.557617
7709,-10964.807617,-10968.596680,3.789062
7710,-10543.001953,-10534.316406,8.685547
7711,-10538.572266,-10532.357422,6.214844
7712,-14078.576172,-14099.226562,20.650391
7713,-11524.209961,-11511.413086,12.796875
7714,-10500.775391,-10497.034180,3.741211
7715,-10566.210938,-10566.270508,0.059570
7716,-12517.817383,-12519.899414,2.082031
7717,-10052.692383,-9809.067383,243.625000
7718,-8643.781250,-8728.898438,85.117188
7719,-11999.345703,-11982.611328,16.734375
7720,-10493.571289,-10499.275391,5.704102
7721,-13429.900391,-13464.844727,34.944336
7722,-9428.289062,-9406.458984,21.830078
7723,-11367.711914,-11376.287109,8.575195
7724,-12472.009766,-12451.434570,20.575195
7725,-11748.687500,-11746.609375,2.078125
7726,-9768.963867,-8854.314453,914.649414
7727,-10449.529297,-10426.373047,23.156250
7728,-10492.449219,-10499.552734,7.103516
7729,-11884.191406,-11915.359375,31.167969
7730,-9402.612305,-9489.509766,86.897461
7731,-11842.481445,-11811.466797,31.014648
7732,-10909.331055,-10800.962891,108.368164
7733,-12899.359375,-12926.373047,27.013672
7734,-9967.821289,-9959.837891,7.983398
7735,-11405.698242,-11405.753906,0.055664
7736,-11892.776367,-11915.472656,22.696289
7737,-11525.290039,-11544.007812,18.717773
7738,-10012.048828,-9992.880859,19.167969
7739,-10980.418945,-10968.995117,11.423828
7740,-10974.665039,-10967.875000,6.790039
7741,-11964.286133,-11947.093750,17.192383
7742,-11028.003906,-11002.289062,25.714844
7743,-11402.210938,-11374.685547,27.525391
7744,-10148.892578,-9867.505859,281.386719
7745,-10425.582031,-10501.180664,75.598633
7746,-12718.353516,-12683.096680,35.256836
7747,-10225.205078,-10443.201172,217.996094
7748,-9919.764648,-9899.274414,20.490234
7749,-12960.326172,-12992.118164,31.791992
7750,-11458.073242,-11485.575195,27.501953
7751,-11372.805664,-11373.173828,0.368164
7752,-10543.634766,-10531.909180,11.725586
7753,-12278.045898,-12247.493164,30.552734
7754,-10410.521484,-10429.188477,18.666992
7755,-10934.197266,-10934.772461,0.575195
7756,-10959.868164,-10969.642578,9.774414
7757,-12006.679688,-12014.733398,8.053711
7758,-12915.715820,-12926.019531,10.303711
7759,-9586.602539,-9589.056641,2.454102
7760,-11931.524414,-11947.162109,15.637695
7761,-11955.569336,-11945.883789,9.685547
7762,-11559.820312,-11543.628906,16.191406
7763,-10911.530273,-10903.576172,7.954102
7764,-10646.672852,-10743.168945,96.496094
7765,-9842.179688,-9841.058594,1.121094
7766,-10404.573242,-10361.757812,42.815430
7767,-11376.053711,-11317.090820,58.962891
7768,-11444.583984,-11407.758789,36.825195
7769,-9543.125000,-9522.402344,20.722656
7770,-10561.489258,-10337.754883,223.734375
7771,-11970.390625,-11948.263672,22.126953
7772,-12299.000977,-12281.046875,17.954102
7773,-11399.152344,-11440.181641,41.029297
7774,-9490.343750,-9497.382812,7.039062
7775,-12411.602539,-12384.822266,26.780273
7776,-10917.216797,-10937.082031,19.865234
7777,-9891.098633,-9900.655273,9.556641
7778,-10916.426758,-10937.739258,21.312500
7779,-12966.464844,-12959.065430,7.399414
7780,-11458.728516,-11405.534180,53.194336
7781,-10636.272461,-10631.679688,4.592773
7782,-11819.841797,-11811.050781,8.791016
7783,-10399.735352,-10395.942383,3.792969
7784,-10395.896484,-10365.140625,30.755859
7785,-9438.693359,-9326.602539,112.090820
7786,-11958.047852,-11948.412109,9.635742
7787,-10987.415039,-10969.220703,18.194336
7788,-10556.213867,-10566.394531,10.180664
7789,-10992.396484,-11001.588867,9.192383
7790,-12380.019531,-12384.961914,4.942383
7791,-11503.702148,-11511.327148,7.625000
7792,-12504.545898,-12486.531250,18.014648
7793,-11673.360352,-11674.878906,1.518555
7794,-11940.373047,-11949.096680,8.723633
7795,-9560.560547,-9462.895508,97.665039
7796,-9359.161133,-9329.444336,29.716797
7797,-10966.519531,-10969.212891,2.693359
7798,-10877.357422,-10905.365234,28.007812
7799,-10966.746094,-10939.355469,27.390625
7800,-12936.118164,-12958.963867,22.845703
7801,-10964.721680,-11003.229492,38.507812
7802,-10354.506836,-10364.641602,10.134766
7803,-10929.015625,-10879.581055,49.434570
7804,-10540.896484,-10533.223633,7.672852
7805,-12528.448242,-12520.770508,7.677734
7806,-11443.209961,-11484.351562,41.141602
7807,-10583.430664,-10565.229492,18.201172
7808,-9485.310547,-9529.208984,43.898438
7809,-11534.390625,-11509.212891,25.177734
7810,-10450.682617,-10396.815430,53.867188
7811,-11405.289062,-11408.054688,2.765625
7812,-12370.738281,-12352.259766,18.478516
7813,-11502.830078,-11510.053711,7.223633
7814,-11536.602539,-11543.610352,7.007812
7815,-11887.356445,-11948.607422,61.250977
7816,-9703.092773,-9890.935547,187.842773
7817,-10491.815430,-10406.822266,84.993164
7818,-11866.766602,-11753.283203,113.483398
7819,-9665.108398,-9797.462891,132.354492
7820,-11836.537109,-11810.768555,25.768555
7821,-10954.635742,-10936.792969,17.842773
7822,-9516.809570,-9555.883789,39.074219
7823,-10286.094727,-10328.233398,42.138672
7824,-9975.268555,-9991.273438,16.004883
7825,-11008.503906,-10969.102539,39.401367
7826,-10938.998047,-10937.661133,1.336914
7827,-11551.606445,-11544.868164,6.738281
7828,-10548.166992,-10474.750000,73.416992
7829,-10597.132812,-10598.267578,1.134766
7830,-11535.293945,-11512.309570,22.984375
7831,-10544.166016,-10532.077148,12.088867
7832,-11879.570312,-11915.641602,36.071289
7833,-9593.736328,-9587.545898,6.190430
7834,-10543.925781,-10531.998047,11.927734
7835,-11010.240234,-11001.246094,8.994141
7836,-10525.285156,-10533.133789,7.848633
7837,-10980.441406,-10970.621094,9.820312
7838,-9975.204102,-9959.829102,15.375000
7839,-10267.656250,-10371.019531,103.363281
7840,-12008.586914,-11947.122070,61.464844
7841,-10976.472656,-10971.370117,5.102539
7842,-9984.471680,-9990.677734,6.206055
7843,-11365.693359,-11406.534180,40.840820
7844,-13978.378906,-13904.753906,73.625000
7845,-11720.310547,-11708.314453,11.996094
7846,-11911.851562,-11917.109375,5.257812
7847,-11522.193359,-11543.757812,21.564453
7848,-10870.302734,-10834.211914,36.090820
7849,-12973.489258,-12925.964844,47.524414
7850,-11422.375977,-11477.049805,54.673828
7851,-7815.088867,-8452.470703,637.381836
7852,-11499.946289,-11509.050781,9.104492
7853,-12453.272461,-12456.231445,2.958984
7854,-10894.494141,-10902.678711,8.184570
7855,-12367.292969,-12385.614258,18.321289
7856,-12354.381836,-12351.893555,2.488281
7857,-10543.750000,-10443.033203,100.716797
7858,-11953.305664,-11946.933594,6.372070
7859,-12869.015625,-12894.296875,25.281250
7860,-11905.798828,-11947.950195,42.151367
7861,-11872.227539,-11844.233398,27.994141
7862,-11171.605469,-11203.771484,32.166016
7863,-12873.531250,-12925.328125,51.796875
7864,-10968.836914,-10969.648438,0.811523
7865,-12090.753906,-12030.156250,60.597656
7866,-9131.275391,-9133.012695,1.737305
7867,-10730.997070,-10350.494141,380.502930
7868,-10412.744141,-10473.452148,60.708008
7869,-11516.568359,-11510.455078,6.113281
7870,-9969.596680,-9958.475586,11.121094
7871,-9852.555664,-9764.810547,87.745117
7872,-11910.229492,-11913.541016,3.311523
7873,-12189.009766,-12248.867188,59.857422
7874,-11390.962891,-11341.921875,49.041016
7875,-9568.708984,-9521.299805,47.409180
7876,-10422.103516,-10430.272461,8.168945
7877,-10938.166016,-10937.760742,0.405273
7878,-9649.926758,-9496.333008,153.593750
7879,-10914.709961,-10934.958984,20.249023
7880,-12433.439453,-12419.370117,14.069336
7881,-12767.707031,-12861.662109,93.955078
7882,-12011.728516,-11980.154297,31.574219
7883,-11943.788086,-11948.869141,5.081055
7884,-11527.799805,-11510.872070,16.927734
7885,-10492.558594,-10499.449219,6.890625
7886,-11936.372070,-11915.296875,21.075195
7887,-11019.182617,-11001.387695,17.794922
7888,-12491.028320,-12486.330078,4.698242
7889,-12942.372070,-12926.109375,16.262695
7890,-11149.698242,-11174.404297,24.706055
7891,-12940.694336,-12926.463867,14.230469
7892,-10374.749023,-10361.757812,12.991211
7893,-10554.272461,-10531.090820,23.181641
7894,-12920.475586,-12959.488281,39.012695
7895,-9568.666992,-9589.139648,20.472656
7896,-11593.457031,-11576.232422,17.224609
7897,-10437.552734,-10430.394531,7.158203
7898,-11975.886719,-11980.308594,4.421875
7899,-11968.387695,-11980.703125,12.315430
7900,-9072.889648,-8988.257812,84.631836
7901,-12434.889648,-12423.873047,11.016602
7902,-10506.247070,-10498.165039,8.082031
7903,-11950.254883,-11979.537109,29.282227
7904,-10817.865234,-10878.970703,61.105469
7905,-15307.019531,-15180.596680,126.422852
7906,-10913.382812,-10935.540039,22.157227
7907,-12347.940430,-12353.083008,5.142578
7908,-10553.800781,-10533.081055,20.719727
7909,-11510.083984,-11510.214844,0.130859
7910,-11543.940430,-11543.331055,0.609375
7911,-11298.125977,-11342.291992,44.166016
7912,-10945.220703,-10936.868164,8.352539
7913,-10382.504883,-10360.482422,22.022461
7914,-11359.101562,-11337.230469,21.871094
7915,-12476.733398,-12487.158203,10.424805
7916,-10977.364258,-10970.471680,6.892578
7917,-11390.477539,-11179.983398,210.494141
7918,-11357.446289,-11373.256836,15.810547
7919,-11900.300781,-11916.083008,15.782227
7920,-10965.155273,-10969.346680,4.191406
7921,-11385.553711,-11408.478516,22.924805
7922,-9763.294922,-9864.899414,101.604492
7923,-12389.440430,-12384.617188,4.823242
7924,-11368.969727,-11341.924805,27.044922
7925,-10903.805664,-10904.997070,1.191406
7926,-10005.981445,-9990.999023,14.982422
7927,-10673.951172,-10937.048828,263.097656
7928,-12348.765625,-12349.112305,0.346680
7929,-11419.094727,-11407.734375,11.360352
7930,-9633.896484,-9620.973633,12.922852
7931,-10898.041016,-10904.858398,6.817383
7932,959.179688,-4275.330078,5234.509766
7933,-10537.861328,-10531.826172,6.035156
7934,-11355.714844,-11374.305664,18.590820
7935,-8419.761719,-8485.769531,66.007812
7936,-10904.821289,-10900.392578,4.428711
7937,-10638.800781,-10631.726562,7.074219
7938,-11469.694336,-11476.495117,6.800781
7939,-12306.040039,-12417.500000,111.459961
7940,-11377.630859,-11372.847656,4.783203
7941,-11930.658203,-11913.832031,16.826172
7942,-10892.809570,-10903.543945,10.734375
7943,-11376.927734,-11374.083984,2.843750
7944,-16057.968750,-15963.445312,94.523438
7945,-11488.526367,-11476.524414,12.001953
7946,-9138.594727,-9269.210938,130.616211
7947,-11942.921875,-11947.088867,4.166992
7948,-9917.003906,-9834.062500,82.941406
7949,-11367.304688,-11373.432617,6.127930
7950,-11814.976562,-11777.528320,37.448242
7951,-10600.730469,-10599.165039,1.565430
7952,-12896.309570,-12957.554688,61.245117
7953,-11938.688477,-11946.191406,7.502930
7954,-10540.042969,-10532.244141,7.798828
7955,-12895.995117,-12924.649414,28.654297
7956,-9479.375000,-9488.275391,8.900391
7957,-16210.481445,-16369.160156,158.678711
7958,-11491.721680,-11477.621094,14.100586
7959,-12445.569336,-12454.802734,9.233398
7960,-10904.469727,-10879.363281,25.106445
7961,-12000.249023,-11945.954102,54.294922
7962,-12446.394531,-12418.056641,28.337891
7963,-11336.441406,-11374.071289,37.629883
7964,-10969.626953,-11003.607422,33.980469
7965,-11520.560547,-11510.168945,10.391602
7966,-11829.732422,-11812.919922,16.812500
7967,-11563.504883,-11544.965820,18.539062
7968,-11464.213867,-11476.741211,12.527344
7969,-11927.598633,-11948.177734,20.579102
7970,-13452.468750,-13466.492188,14.023438
7971,-11996.288086,-11979.394531,16.893555
7972,-11022.219727,-11002.438477,19.781250
7973,-10570.634766,-10565.371094,5.263672
7974,-12448.380859,-12418.359375,30.021484
7975,-10977.664062,-10971.906250,5.757812
7976,-11910.503906,-11915.590820,5.086914
7977,-11953.586914,-11948.773438,4.813477
7978,-11669.342773,-11675.198242,5.855469
7979,-10552.976562,-10533.103516,19.873047
7980,-10113.154297,-10342.485352,229.331055
7981,-10606.261719,-10599.227539,7.034180
7982,-12512.332031,-12523.035156,10.703125
7983,-10950.684570,-10969.003906,18.319336
7984,-10996.605469,-11001.451172,4.845703
7985,-9510.441406,-9488.623047,21.818359
7986,-11938.499023,-11911.058594,27.440430
7987,-11947.689453,-11949.850586,2.161133
7988,-10880.861328,-10903.944336,23.083008
7989,-10459.003906,-10395.785156,63.218750
7990,-11898.752930,-11947.767578,49.014648
7991,-11478.761719,-11477.036133,1.725586
7992,-12787.377930,-12893.774414,106.396484
7993,-12420.614258,-12385.471680,35.142578
7994,-10935.516602,-10938.386719,2.870117
7995,-10797.314453,-10800.425781,3.111328
7996,-11552.126953,-11542.815430,9.311523
7997,-13778.127930,-13764.550781,13.577148
7998,-10047.164062,-10023.939453,23.224609
7999,-10926.284180,-10937.006836,10.722656
8000,-11960.203125,-11946.947266,13.255859
8001,-12918.746094,-12893.049805,25.696289
8002,-11404.597656,-11373.769531,30.828125
8003,-10525.272461,-10532.513672,7.241211
8004,-11333.346680,-11309.894531,23.452148
8005,-9233.933594,-9327.000000,93.066406
8006,-11621.304688,-11316.864258,304.440430
8007,-11489.061523,-11509.702148,20.640625
8008,-12508.261719,-12522.410156,14.148438
8009,-11368.903320,-11375.131836,6.228516
8010,-10594.387695,-10564.607422,29.780273
8011,-10475.979492,-10497.972656,21.993164
8012,-11387.382812,-11374.643555,12.739258
8013,-11275.636719,-11270.872070,4.764648
8014,-10903.915039,-10905.351562,1.436523
8015,-12440.335938,-12454.899414,14.563477
8016,-10951.626953,-10933.516602,18.110352
8017,-11001.994141,-10970.124023,31.870117
8018,-12376.709961,-12384.666016,7.956055
8019,-12376.837891,-12386.451172,9.613281
8020,-11761.778320,-11778.805664,17.027344
8021,-11964.197266,-11945.230469,18.966797
8022,-10967.334961,-10968.721680,1.386719
8023,-11510.722656,-11485.948242,24.774414
8024,-10946.850586,-10938.255859,8.594727
8025,-10962.153320,-10969.154297,7.000977
8026,-11462.538086,-11442.019531,20.518555
8027,-8785.951172,-8923.262695,137.311523
8028,-11509.025391,-11510.452148,1.426758
8029,-9927.654297,-9900.571289,27.083008
8030,-12844.938477,-12925.853516,80.915039
8031,-11274.958984,-11341.791016,66.832031
8032,-12673.009766,-12838.544922,165.535156
8033,-11512.148438,-11476.951172,35.197266
8034,-11200.702148,-11270.784180,70.082031
8035,-11352.825195,-11373.336914,20.511719
8036,-8651.551758,-8637.125977,14.425781
8037,-11824.255859,-11812.508789,11.747070
8038,-9967.166016,-9993.632812,26.466797
8039,-11013.355469,-11001.426758,11.928711
8040,-10346.549805,-10371.105469,24.555664
8041,-11532.250977,-11509.113281,23.137695
8042,-11843.027344,-11843.723633,0.696289
8043,-9318.679688,-9530.578125,211.898438
8044,-12960.170898,-13363.847656,403.676758
8045,-11532.455078,-11543.099609,10.644531
8046,-11931.209961,-11965.132812,33.922852
8047,-11552.233398,-11543.988281,8.245117
8048,-11528.683594,-11543.453125,14.769531
8049,-11391.786133,-11406.597656,14.811523
8050,-10516.454102,-10500.290039,16.164062
8051,-11976.129883,-11979.144531,3.014648
8052,-11531.965820,-11543.345703,11.379883
8053,-11426.407227,-11446.265625,19.858398
8054,-11335.583984,-11269.895508,65.688477
8055,-11562.681641,-11576.195312,13.513672
8056,-11480.817383,-11476.887695,3.929688
8057,-11878.955078,-11915.072266,36.117188
8058,-11721.708984,-11754.088867,32.379883
8059,-10518.742188,-10475.185547,43.556641
8060,-11913.788086,-11915.304688,1.516602
8061,-9532.113281,-9529.258789,2.854492
8062,-12545.633789,-12554.673828,9.040039
8063,-10054.066406,-9992.707031,61.359375
8064,-11881.783203,-11947.875977,66.092773
8065,-12535.464844,-12521.896484,13.568359
8066,-11591.315430,-11576.463867,14.851562
8067,-9986.705078,-9956.734375,29.970703
8068,-9928.725586,-9925.177734,3.547852
8069,-10868.610352,-10873.305664,4.695312
8070,-10542.555664,-10531.902344,10.653320
8071,-10958.357422,-10968.449219,10.091797
8072,-10958.280273,-10971.414062,13.133789
8073,-11741.915039,-11778.749023,36.833984
8074,-10491.769531,-10499.607422,7.837891
8075,-10980.320312,-10969.764648,10.555664
8076,-11514.583008,-11452.553711,62.029297
8077,-12480.958008,-12489.032227,8.074219
8078,-11446.604492,-11510.309570,63.705078
8079,-9902.183594,-9901.586914,0.596680
8080,-11962.925781,-11946.829102,16.096680
8081,-12501.915039,-12486.942383,14.972656
8082,-11956.974609,-11948.916992,8.057617
8083,-9660.587891,-9327.441406,333.146484
8084,-8606.601562,-8518.519531,88.082031
8085,-12505.502930,-12488.827148,16.675781
8086,-11889.510742,-11882.486328,7.024414
8087,-10297.104492,-10306.469727,9.365234
8088,-11536.417969,-11543.806641,7.388672
8089,-9936.037109,-9925.170898,10.866211
8090,-10955.663086,-10936.565430,19.097656
8091,-11902.475586,-11914.269531,11.793945
8092,-10550.951172,-10533.139648,17.811523
8093,-9542.719727,-9488.111328,54.608398
8094,-11614.944336,-11593.578125,21.366211
8095,-12754.677734,-12823.968750,69.291016
8096,-10542.886719,-10533.327148,9.559570
8097,-11461.956055,-11484.319336,22.363281
8098,-10524.349609,-10532.090820,7.741211
8099,-11899.868164,-11915.052734,15.184570
8100,-11382.073242,-11376.165039,5.908203
8101,-10922.089844,-10933.596680,11.506836
8102,-11998.006836,-12014.126953,16.120117
8103,-12485.249023,-12489.031250,3.782227
8104,-11939.621094,-11948.427734,8.806641
8105,-10899.853516,-10935.600586,35.747070
8106,-10409.994141,-10246.154297,163.839844
8107,-10384.029297,-10395.031250,11.001953
8108,-10369.263672,-10305.062500,64.201172
8109,-12374.344727,-12353.535156,20.809570
8110,-11902.472656,-11946.813477,44.340820
8111,-11986.347656,-11980.066406,6.281250
8112,-10881.516602,-10834.238281,47.278320
8113,-10536.230469,-10440.491211,95.739258
8114,-12535.926758,-12683.526367,147.599609
8115,-10929.824219,-10911.797852,18.026367
8116,-11508.289062,-11478.127930,30.161133
8117,-10569.329102,-10565.170898,4.158203
8118,-9907.186523,-9867.911133,39.275391
8119,-11818.758789,-11849.356445,30.597656
8120,-11947.892578,-12012.621094,64.728516
8121,-11901.737305,-11752.839844,148.897461
8122,-11530.198242,-11543.643555,13.445312
8123,-11983.342773,-11980.953125,2.389648
8124,-9569.657227,-9555.684570,13.972656
8125,-10909.836914,-10879.732422,30.104492
8126,-11468.587891,-11509.726562,41.138672
8127,-10543.216797,-10530.195312,13.021484
8128,-11536.855469,-11543.099609,6.244141
8129,-12483.945312,-12487.674805,3.729492
8130,-12499.002930,-12488.652344,10.350586
8131,-12499.471680,-12456.073242,43.398438
8132,-10568.071289,-10565.941406,2.129883
8133,-11572.676758,-11544.621094,28.055664
8134,-10909.659180,-10903.895508,5.763672
8135,-10435.779297,-10473.493164,37.713867
8136,-9075.553711,-8452.049805,623.503906
8137,-11313.375000,-11339.960938,26.585938
8138,-10528.590820,-10531.115234,2.524414
8139,-11403.898438,-11408.412109,4.513672
8140,-10931.784180,-10937.253906,5.469727
8141,-9753.682617,-9901.131836,147.449219
8142,-11321.148438,-11270.067383,51.081055
8143,-10406.968750,-10395.914062,11.054688
8144,-10976.041016,-10971.490234,4.550781
8145,-10979.440430,-10970.791992,8.648438
8146,-10979.199219,-10970.568359,8.630859
8147,-11385.502930,-11407.214844,21.711914
8148,-11892.192383,-11719.041992,173.150391
8149,-11925.017578,-11916.067383,8.950195
8150,-11500.039062,-11508.912109,8.873047
8151,-10849.977539,-10879.550781,29.573242
8152,-11392.226562,-11406.597656,14.371094
8153,-12955.008789,-12958.988281,3.979492
8154,-11943.328125,-11916.220703,27.107422
8155,-9425.186523,-9462.976562,37.790039
8156,-10720.620117,-10799.546875,78.926758
8157,-11537.677734,-11544.047852,6.370117
8158,-11509.806641,-11510.360352,0.553711
8159,-16393.396484,-16368.759766,24.636719
8160,-10871.205078,-10870.327148,0.877930
8161,-11954.753906,-11947.803711,6.950195
8162,-10462.257812,-10506.586914,44.329102
8163,-11271.600586,-11311.091797,39.491211
8164,-12823.875977,-12822.287109,1.588867
8165,-9578.810547,-9555.283203,23.527344
8166,-10975.904297,-11003.590820,27.686523
8167,-12012.551758,-12029.978516,17.426758
8168,-12317.261719,-12419.816406,102.554688
8169,-11507.889648,-11511.357422,3.467773
8170,-11028.075195,-11003.571289,24.503906
8171,-12366.064453,-12385.279297,19.214844
8172,-11584.318359,-11577.239258,7.079102
8173,-9497.089844,-9520.688477,23.598633
8174,-11482.201172,-11476.005859,6.195312
8175,-12940.085938,-12958.719727,18.633789
8176,-10376.139648,-10473.925781,97.786133
8177,-10289.206055,-10307.547852,18.341797
8178,-11999.856445,-11949.545898,50.310547
8179,-9180.596680,-8921.861328,258.735352
8180,-12708.012695,-12855.892578,147.879883
8181,-11449.816406,-11452.157227,2.340820
8182,-11988.570312,-11980.102539,8.467773
8183,-9552.298828,-9461.702148,90.596680
8184,-11901.423828,-11916.986328,15.562500
8185,-12348.933594,-12354.203125,5.269531
8186,-12868.336914,-12822.958984,45.377930
8187,-10448.339844,-10427.134766,21.205078
8188,-11888.279297,-11915.618164,27.338867
8189,-9278.476562,-9269.893555,8.583008
8190,-10944.936523,-10904.903320,40.033203
8191,-11574.689453,-11576.192383,1.502930
8192,-10892.831055,-10905.579102,12.748047
8193,-10919.442383,-10938.066406,18.624023
8194,-11372.036133,-11576.923828,204.887695
8195,-11317.359375,-11339.080078,21.720703
8196,-11951.911133,-11948.061523,3.849609
8197,-11488.184570,-11511.943359,23.758789
8198,-9602.931641,-9588.404297,14.527344
8199,-10503.214844,-10499.988281,3.226562
8200,-11972.839844,-11979.389648,6.549805
8201,-12926.229492,-12894.118164,32.111328
8202,-11987.700195,-11980.144531,7.555664
8203,-10726.065430,-10879.359375,153.293945
8204,-11974.297852,-11947.541016,26.756836
8205,-11394.675781,-11408.146484,13.470703
8206,-10936.636719,-10938.357422,1.720703
8207,-11940.681641,-11946.799805,6.118164
8208,-10399.198242,-10396.397461,2.800781
8209,-11502.104492,-11510.656250,8.551758
8210,-11948.551758,-11946.765625,1.786133
8211,-9986.389648,-9959.460938,26.928711
8212,-12370.401367,-12384.511719,14.110352
8213,-10760.233398,-10802.681641,42.448242
8214,-11802.158203,-11776.461914,25.696289
8215,-11386.134766,-11408.278320,22.143555
8216,-13540.966797,-13549.341797,8.375000
8217,-11990.468750,-11981.430664,9.038086
8218,-11973.080078,-11949.496094,23.583984
8219,-11930.948242,-11949.866211,18.917969
8220,-9978.546875,-9932.647461,45.899414
8221,-10373.792969,-10307.327148,66.465820
8222,-10533.936523,-10531.444336,2.492188
8223,-11548.408203,-11453.901367,94.506836
8224,-11201.759766,-11075.479492,126.280273
8225,-10824.621094,-10846.286133,21.665039
8226,-10442.369141,-10428.974609,13.394531
8227,-11541.239258,-11576.320312,35.081055
8228,-11550.789062,-11542.534180,8.254883
8229,-11890.518555,-11916.867188,26.348633
8230,-11441.125000,-11444.271484,3.146484
8231,-11902.471680,-11914.566406,12.094727
8232,-10965.255859,-10968.243164,2.987305
8233,-11576.320312,-11575.967773,0.352539
8234,-11348.652344,-11343.551758,5.100586
8235,-11772.371094,-11283.834961,488.536133
8236,-9481.533203,-9554.385742,72.852539
8237,-11494.906250,-11543.832031,48.925781
8238,-11000.699219,-11002.985352,2.286133
8239,-11510.853516,-11511.683594,0.830078
8240,-12796.682617,-12926.620117,129.937500
8241,-10933.444336,-10937.459961,4.015625
8242,-10541.732422,-10500.919922,40.812500
8243,-12332.614258,-12385.283203,52.668945
8244,-10542.402344,-10533.201172,9.201172
8245,-11515.187500,-11511.535156,3.652344
8246,-11352.793945,-11374.213867,21.419922
8247,-11361.481445,-11337.082031,24.399414
8248,-11503.871094,-11510.818359,6.947266
8249,-9482.772461,-9462.515625,20.256836
8250,-11938.963867,-11981.164062,42.200195
8251,-10579.211914,-10565.951172,13.260742
8252,-11950.545898,-11947.751953,2.793945
8253,-10945.067383,-10937.125000,7.942383
8254,-11784.661133,-11720.063477,64.597656
8255,-11522.186523,-11510.860352,11.326172
8256,-10992.488281,-10879.080078,113.408203
8257,-11499.304688,-11511.302734,11.998047
8258,-11505.168945,-11509.112305,3.943359
8259,-9983.021484,-9956.495117,26.526367
8260,-11925.723633,-11915.229492,10.494141
8261,-12005.316406,-11981.403320,23.913086
8262,-10943.910156,-10938.643555,5.266602
8263,-11934.690430,-11947.972656,13.282227
8264,-10985.010742,-10971.045898,13.964844
8265,-8987.180664,-8485.367188,501.813477
8266,-12364.290039,-12385.735352,21.445312
8267,-10850.317383,-10775.784180,74.533203
8268,-10922.587891,-10912.201172,10.386719
8269,-10541.379883,-10532.877930,8.501953
8270,-10948.070312,-10936.525391,11.544922
8271,-10358.542969,-10365.491211,6.948242
8272,-9558.824219,-9529.401367,29.422852
8273,-9902.625000,-9901.856445,0.768555
8274,-11885.818359,-11914.705078,28.886719
8275,-10512.936523,-10473.336914,39.599609
8276,-10524.475586,-10534.388672,9.913086
8277,-12415.375977,-12384.144531,31.231445
8278,-13533.839844,-13356.212891,177.626953
8279,-12361.770508,-12385.248047,23.477539
8280,-11905.413086,-11914.525391,9.112305
8281,-12537.703125,-12520.583984,17.119141
8282,-10359.010742,-10340.067383,18.943359
8283,-11538.822266,-11545.424805,6.602539
8284,-11822.170898,-11811.435547,10.735352
8285,-10951.984375,-10938.004883,13.979492
8286,-11525.097656,-11511.555664,13.541992
8287,-10057.243164,-9965.859375,91.383789
8288,-11505.372070,-11509.495117,4.123047
8289,-11532.891602,-11542.680664,9.789062
8290,-11434.856445,-11441.546875,6.690430
8291,-10570.238281,-10566.027344,4.210938
8292,-15803.486328,-15761.713867,41.772461
8293,-11301.407227,-11270.760742,30.646484
8294,-11946.983398,-11914.383789,32.599609
8295,-12404.142578,-12386.044922,18.097656
8296,-11981.708984,-11950.592773,31.116211
8297,-9796.819336,-9869.872070,73.052734
8298,-11966.550781,-11947.150391,19.400391
8299,-10495.782227,-10498.797852,3.015625
8300,-9914.971680,-9890.994141,23.977539
8301,-12018.744141,-11980.631836,38.112305
8302,-12582.364258,-12555.007812,27.356445
8303,-11900.078125,-9809.658203,2090.419922
8304,-9560.407227,-9562.645508,2.238281
8305,-8783.316406,-8921.448242,138.131836
8306,-9716.544922,-9927.094727,210.549805
8307,-10366.934570,-10362.972656,3.961914
8308,-10536.311523,-10566.472656,30.161133
8309,-11767.970703,-11744.338867,23.631836
8310,-12898.751953,-12926.215820,27.463867
8311,-12483.072266,-12489.172852,6.100586
8312,-10997.119141,-11003.777344,6.658203
8313,-12850.342773,-12894.256836,43.914062
8314,-11893.857422,-11913.519531,19.662109
8315,-12860.184570,-12925.439453,65.254883
8316,-9528.493164,-9554.107422,25.614258
8317,-12963.824219,-13007.465820,43.641602
8318,-13211.053711,-13228.670898,17.617188
8319,-9523.722656,-9554.481445,30.758789
8320,-10522.205078,-10533.125000,10.919922
8321,-14483.049805,-14516.166016,33.116211
8322,-11417.403320,-11407.305664,10.097656
8323,-10439.171875,-10465.333984,26.162109
8324,-9604.925781,-9521.197266,83.728516
8325,-9933.000977,-9903.081055,29.919922
8326,-11291.991211,-11510.023438,218.032227
8327,-11489.103516,-11476.754883,12.348633
8328,-10880.583008,-10905.436523,24.853516
8329,-10980.596680,-10969.088867,11.507812
8330,-10306.041016,-10372.579102,66.538086
8331,-10967.084961,-10970.851562,3.766602
8332,-12392.244141,-12351.716797,40.527344
8333,-11531.702148,-11509.879883,21.822266
8334,-11734.045898,-11349.339844,384.706055
8335,-9368.741211,-9429.752930,61.011719
8336,-10254.706055,-10336.437500,81.731445
8337,-11343.357422,-11179.326172,164.031250
8338,-12521.296875,-12521.187500,0.109375
8339,-13457.183594,-13499.000977,41.817383
8340,-9951.547852,-9924.243164,27.304688
8341,-11673.288086,-11707.341797,34.053711
8342,-10447.070312,-10466.426758,19.356445
8343,-11912.069336,-11876.542969,35.526367
8344,-12552.434570,-12521.201172,31.233398
8345,-10860.882812,-10834.032227,26.850586
8346,-10997.152344,-11001.890625,4.738281
8347,-11014.103516,-10911.299805,102.803711
8348,-11935.543945,-11981.163086,45.619141
8349,-9284.660156,-9164.949219,119.710938
8350,-12934.027344,-12926.217773,7.809570
8351,-12481.286133,-12488.236328,6.950195
8352,-12306.850586,-12287.675781,19.174805
8353,-12367.867188,-12385.682617,17.815430
8354,-11524.341797,-11511.751953,12.589844
8355,-12795.032227,-12787.571289,7.460938
8356,-12236.093750,-12250.229492,14.135742
8357,-10846.311523,-10877.754883,31.443359
8358,-10503.250977,-10499.044922,4.206055
8359,-7671.970703,-7821.665527,149.694824
8360,-11961.255859,-11946.026367,15.229492
8361,-8973.710938,-7762.767578,1210.943359
8362,-10912.117188,-10938.336914,26.219727
8363,-11422.242188,-11440.538086,18.295898
8364,-11942.155273,-11948.291016,6.135742
8365,-10957.480469,-10938.838867,18.641602
8366,-11502.365234,-11509.429688,7.064453
8367,-12490.677734,-12487.923828,2.753906
8368,-10547.152344,-10532.980469,14.171875
8369,-12534.173828,-12521.503906,12.669922
8370,-13331.404297,-13364.192383,32.788086
8371,-9973.404297,-9900.378906,73.025391
8372,-10983.982422,-10969.859375,14.123047
8373,-11917.555664,-11848.789062,68.766602
8374,-11806.028320,-11882.185547,76.157227
8375,-10967.179688,-10968.705078,1.525391
8376,-10540.489258,-10531.947266,8.541992
8377,-11536.203125,-11543.732422,7.529297
8378,-10573.702148,-10566.438477,7.263672
8379,-11436.764648,-11442.953125,6.188477
8380,-7861.910156,-7854.524902,7.385254
8381,-11004.870117,-11001.972656,2.897461
8382,-11383.592773,-11374.237305,9.355469
8383,-9436.315430,-9429.281250,7.034180
8384,-10526.611328,-10532.277344,5.666016
8385,-11068.783203,-11034.958984,33.824219
8386,-10940.480469,-10938.409180,2.071289
8387,-10533.142578,-10532.416016,0.726562
8388,-10978.303711,-10969.805664,8.498047
8389,-11820.040039,-11812.076172,7.963867
8390,-10521.376953,-10565.155273,43.778320
8391,-11480.883789,-11485.055664,4.171875
8392,-11421.440430,-11439.975586,18.535156
8393,-9516.728516,-9471.196289,45.532227
8394,-9910.945312,-9924.906250,13.960938
8395,-10600.597656,-10598.409180,2.188477
8396,-11911.463867,-11980.265625,68.801758
8397,-11981.333984,-11981.025391,0.308594
8398,-11944.772461,-11949.470703,4.698242
8399,-11976.902344,-11982.287109,5.384766
8400,-10772.846680,-10870.234375,97.387695
8401,-9218.564453,-8452.250000,766.314453
8402,-10547.510742,-10533.005859,14.504883
8403,-10927.417969,-10968.293945,40.875977
8404,-11914.079102,-11946.147461,32.068359
8405,-9433.520508,-9554.276367,120.755859
8406,-12992.453125,-12992.013672,0.439453
8407,-11937.209961,-11916.061523,21.148438
8408,-11467.633789,-11477.500000,9.866211
8409,-11531.253906,-11510.585938,20.667969
8410,-10355.606445,-10234.262695,121.343750
8411,-11501.770508,-11512.306641,10.536133
8412,-12378.337891,-12383.916016,5.578125
8413,-11881.545898,-11916.666016,35.120117
8414,-10974.169922,-10970.473633,3.696289
8415,-11371.863281,-11372.250000,0.386719
8416,-10593.612305,-10565.076172,28.536133
8417,-10898.440430,-10872.935547,25.504883
8418,-10898.227539,-10801.514648,96.712891
8419,-10813.449219,-10774.982422,38.466797
8420,-8894.257812,-8921.731445,27.473633
8421,-11979.196289,-11979.548828,0.352539
8422,-11295.784180,-11310.315430,14.531250
8423,-11504.450195,-11510.909180,6.458984
8424,-12506.093750,-12520.916016,14.822266
8425,-10387.209961,-10296.545898,90.664062
8426,-11415.035156,-11408.026367,7.008789
8427,-9837.112305,-8857.503906,979.608398
8428,-9578.862305,-9602.207031,23.344727
8429,-12488.628906,-12489.842773,1.213867
8430,-10573.806641,-10566.150391,7.656250
8431,-10013.354492,-9991.628906,21.725586
8432,-12536.626953,-12554.648438,18.021484
8433,-11921.682617,-11948.123047,26.440430
8434,-11015.853516,-11004.018555,11.834961
8435,-10323.490234,-10473.653320,150.163086
8436,-11997.573242,-12030.245117,32.671875
8437,-10563.969727,-10565.487305,1.517578
8438,-9577.000977,-9554.703125,22.297852
8439,-11870.829102,-11913.087891,42.258789
8440,-10510.994141,-10598.279297,87.285156
8441,-9864.320312,-9965.542969,101.222656
8442,-10556.843750,-10532.069336,24.774414
8443,-10525.024414,-10500.180664,24.843750
8444,-10810.015625,-10829.459961,19.444336
8445,-10932.632812,-10936.997070,4.364258
8446,-12484.024414,-12487.523438,3.499023
8447,-11908.972656,-11912.948242,3.975586
8448,-10840.232422,-10834.302734,5.929688
8449,-11529.708008,-11510.859375,18.848633
8450,-12000.396484,-12013.068359,12.671875
8451,-10362.020508,-10500.298828,138.278320
8452,-10490.679688,-10499.939453,9.259766
8453,-12403.958008,-12466.475586,62.517578
8454,-9851.577148,-9869.030273,17.453125
8455,-12351.500977,-12352.100586,0.599609
8456,-11914.320312,-11914.337891,0.017578
8457,-12477.102539,-12454.754883,22.347656
8458,-11754.783203,-11779.117188,24.333984
8459,-11919.665039,-11915.464844,4.200195
8460,-9282.920898,-8890.411133,392.509766
8461,-10559.014648,-10566.562500,7.547852
8462,-9903.841797,-9901.343750,2.498047
8463,-12355.938477,-12384.160156,28.221680
8464,-10956.080078,-10969.778320,13.698242
8465,-13492.127930,-13499.157227,7.029297
8466,-11992.363281,-12014.458984,22.095703
8467,-11004.676758,-10970.488281,34.188477
8468,-9286.277344,-9296.715820,10.438477
8469,-12359.698242,-12352.800781,6.897461
8470,-8993.029297,-8888.641602,104.387695
8471,-11919.002930,-11915.578125,3.424805
8472,-11927.208984,-11949.432617,22.223633
8473,-12494.770508,-12487.916992,6.853516
8474,-12918.586914,-12925.600586,7.013672
8475,-8580.595703,-8393.903320,186.692383
8476,-9731.972656,-9733.494141,1.521484
8477,-10519.946289,-10497.434570,22.511719
8478,-11427.253906,-11406.553711,20.700195
8479,-9983.531250,-9957.276367,26.254883
8480,-12378.304688,-12385.198242,6.893555
8481,-12504.419922,-12486.831055,17.588867
8482,-11383.278320,-11374.061523,9.216797
8483,-10877.116211,-10905.251953,28.135742
8484,-10447.500977,-10440.953125,6.547852
8485,-10603.512695,-10598.446289,5.066406
8486,-12303.370117,-12353.335938,49.965820
8487,-12494.060547,-12418.000977,76.059570
8488,-10946.984375,-10936.107422,10.876953
8489,-11022.733398,-11004.042969,18.690430
8490,-8890.802734,-8833.528320,57.274414
8491,-10974.133789,-10969.434570,4.699219
8492,-12508.072266,-12488.633789,19.438477
8493,-9947.850586,-9957.892578,10.041992
8494,-11462.352539,-11439.617188,22.735352
8495,-12009.982422,-12013.617188,3.634766
8496,-10948.081055,-10878.214844,69.866211
8497,-9515.588867,-9495.230469,20.358398
8498,-13296.243164,-13332.369141,36.125977
8499,-9567.500000,-9496.280273,71.219727
8500,-10682.634766,-10339.352539,343.282227
8501,-11813.805664,-11844.325195,30.519531
8502,-11499.453125,-11544.291016,44.837891
8503,-11581.181641,-11576.187500,4.994141
8504,-8327.867188,-8227.469727,100.397461
8505,-11483.459961,-11479.034180,4.425781
8506,-10950.058594,-10937.462891,12.595703
8507,-11468.153320,-11478.710938,10.557617
8508,-10529.583984,-10533.954102,4.370117
8509,-13012.902344,-13007.605469,5.296875
8510,-10540.322266,-10532.846680,7.475586
8511,-11911.705078,-11947.977539,36.272461
8512,-12357.716797,-12352.760742,4.956055
8513,-9844.612305,-9866.823242,22.210938
8514,-9858.047852,-9934.596680,76.548828
8515,-12265.566406,-12247.918945,17.647461
8516,-10667.095703,-10599.694336,67.401367
8517,-9672.285156,-9719.137695,46.852539
8518,-11890.425781,-11884.449219,5.976562
8519,-11552.657227,-11543.796875,8.860352
8520,-10391.328125,-10397.961914,6.633789
8521,-11469.209961,-11478.187500,8.977539
8522,-8695.023438,-8485.487305,209.536133
8523,-10520.974609,-10532.838867,11.864258
8524,-9576.455078,-9555.040039,21.415039
8525,-9714.557617,-9530.220703,184.336914
8526,-9963.360352,-9959.721680,3.638672
8527,-11523.941406,-11544.768555,20.827148
8528,-12942.659180,-12958.580078,15.920898
8529,-12525.770508,-12521.403320,4.367188
8530,-10828.740234,-10838.738281,9.998047
8531,-12394.599609,-12385.388672,9.210938
8532,-10943.889648,-10937.733398,6.156250
8533,-11949.607422,-11947.519531,2.087891
8534,-11379.310547,-11375.473633,3.836914
8535,-12508.233398,-12520.523438,12.290039
8536,-11774.827148,-11780.094727,5.267578
8537,-9627.567383,-9555.766602,71.800781
8538,-11392.888672,-11406.658203,13.769531
8539,-10571.297852,-10565.625000,5.672852
8540,-11497.500000,-11509.219727,11.719727
8541,-11864.411133,-11844.240234,20.170898
8542,-10956.603516,-10901.466797,55.136719
8543,-10502.852539,-10499.508789,3.343750
8544,-11354.952148,-11373.628906,18.676758
8545,-10937.649414,-10936.999023,0.650391
8546,-9989.379883,-9957.489258,31.890625
8547,-10533.849609,-10533.341797,0.507812
8548,-10520.400391,-10531.628906,11.228516
8549,-11462.125000,-11444.866211,17.258789
8550,-11458.891602,-11517.924805,59.033203
8551,-10117.617188,-10462.364258,344.747070
8552,-10571.855469,-10566.059570,5.795898
8553,-11814.719727,-11811.310547,3.409180
8554,-12964.364258,-12895.764648,68.599609
8555,-10936.109375,-10935.807617,0.301758
8556,-11498.484375,-11509.707031,11.222656
8557,-10817.086914,-10837.615234,20.528320
8558,-11467.388672,-11479.875000,12.486328
8559,-11479.617188,-11477.663086,1.954102
8560,-11980.647461,-11980.982422,0.334961
8561,-10516.168945,-10532.072266,15.903320
8562,-13027.702148,-12959.793945,67.908203
8563,-10499.660156,-10498.961914,0.698242
8564,-12339.847656,-12320.375977,19.471680
8565,-10955.131836,-10880.181641,74.950195
8566,-10938.333008,-10936.276367,2.056641
8567,-10350.782227,-10396.121094,45.338867
8568,-11340.190430,-11340.993164,0.802734
8569,-9440.746094,-9429.762695,10.983398
8570,-10495.309570,-10498.636719,3.327148
8571,-11059.400391,-11034.909180,24.491211
8572,-11689.193359,-11675.818359,13.375000
8573,-12942.175781,-12958.086914,15.911133
8574,-10935.249023,-10933.671875,1.577148
8575,-10757.440430,-10771.002930,13.562500
8576,-10410.484375,-10473.377930,62.893555
8577,-12517.464844,-12522.282227,4.817383
8578,-10551.974609,-10532.297852,19.676758
8579,-10979.644531,-10969.497070,10.147461
8580,-11478.244141,-11479.281250,1.037109
8581,-12405.170898,-12384.318359,20.852539
8582,-9969.625000,-9990.862305,21.237305
8583,-12509.240234,-12485.049805,24.190430
8584,-12533.281250,-12553.740234,20.458984
8585,-10446.494141,-10430.084961,16.409180
8586,-10489.231445,-10498.270508,9.039062
8587,-12501.818359,-12520.486328,18.667969
8588,-10531.448242,-10533.420898,1.972656
8589,-11817.026367,-11812.955078,4.071289
8590,-10527.191406,-10533.148438,5.957031
8591,-10931.197266,-10937.730469,6.533203
8592,-10543.154297,-10534.379883,8.774414
8593,-10500.760742,-10497.548828,3.211914
8594,-10809.482422,-10800.753906,8.728516
8595,-11899.907227,-11881.948242,17.958984
8596,-10984.543945,-10969.283203,15.260742
8597,-9941.406250,-9958.077148,16.670898
8598,-12500.479492,-12521.924805,21.445312
8599,-10268.799805,-10304.196289,35.396484
8600,-12479.733398,-12489.766602,10.033203
8601,-11397.732422,-11407.853516,10.121094
8602,-10926.135742,-10878.578125,47.557617
8603,-12531.786133,-12520.842773,10.943359
8604,-12532.716797,-12519.816406,12.900391
8605,-9931.970703,-9959.660156,27.689453
8606,-12928.548828,-12925.625000,2.923828
8607,-10580.072266,-10565.747070,14.325195
8608,-10539.650391,-10534.001953,5.648438
8609,-11542.326172,-11542.773438,0.447266
8610,-11934.882812,-11948.607422,13.724609
8611,-12889.442383,-12926.518555,37.076172
8612,-10967.409180,-10969.089844,1.680664
8613,-12540.099609,-12553.958008,13.858398
8614,-12378.449219,-12385.704102,7.254883
8615,-12630.695312,-12570.707031,59.988281
8616,-9536.236328,-9587.632812,51.396484
8617,-9403.983398,-9430.014648,26.031250
8618,-9746.139648,-9733.314453,12.825195
8619,-12553.148438,-12489.737305,63.411133
8620,-11530.708984,-11510.909180,19.799805
8621,-10969.320312,-10968.843750,0.476562
8622,-11397.936523,-11407.905273,9.968750
8623,-10538.800781,-10532.771484,6.029297
8624,-13432.948242,-13468.294922,35.346680
8625,-11491.938477,-11510.164062,18.225586
8626,-12872.872070,-12894.212891,21.340820
8627,-10882.013672,-10868.502930,13.510742
8628,-10501.323242,-10598.442383,97.119141
8629,-11924.142578,-11915.700195,8.442383
8630,-11889.189453,-11946.541992,57.352539
8631,-11382.283203,-11376.051758,6.231445
8632,-11018.679688,-11001.690430,16.989258
8633,-10942.590820,-10933.848633,8.742188
8634,-11340.391602,-11342.352539,1.960938
8635,-11911.647461,-11948.639648,36.992188
8636,-8774.043945,-8897.344727,123.300781
8637,-10583.685547,-10564.485352,19.200195
8638,-12453.291016,-12419.101562,34.189453
8639,-11473.847656,-11477.949219,4.101562
8640,-10973.779297,-10968.003906,5.775391
8641,-10837.150391,-10775.334961,61.815430
8642,-12167.336914,-12319.179688,151.842773
8643,-10850.232422,-10800.923828,49.308594
8644,-11856.962891,-11844.144531,12.818359
8645,-12299.749023,-12318.747070,18.998047
8646,-11511.648438,-11510.424805,1.223633
8647,-10979.270508,-10970.026367,9.244141
8648,-11759.924805,-11778.188477,18.263672
8649,-11146.138672,-10848.038086,298.100586
8650,-12835.266602,-12823.229492,12.037109
8651,-7907.979492,-8452.017578,544.038086
8652,-11548.432617,-11510.586914,37.845703
8653,-10806.732422,-10832.045898,25.313477
8654,-10523.427734,-10533.454102,10.026367
8655,-12962.249023,-12927.335938,34.913086
8656,-10827.623047,-10768.458008,59.165039
8657,-9958.808594,-9957.760742,1.047852
8658,-10421.658203,-10472.763672,51.105469
8659,-10537.185547,-10532.920898,4.264648
8660,-10933.652344,-10933.777344,0.125000
8661,-12492.280273,-12487.662109,4.618164
8662,-11498.479492,-11511.259766,12.780273
8663,-10932.874023,-10903.555664,29.318359
8664,-10876.455078,-10906.688477,30.233398
8665,-8415.102539,-8394.903320,20.199219
8666,-10919.880859,-10905.337891,14.542969
8667,-11446.203125,-11452.236328,6.033203
8668,-9266.961914,-9371.776367,104.814453
8669,-11946.666016,-11915.526367,31.139648
8670,-9618.492188,-9731.169922,112.677734
8671,-11961.728516,-11947.909180,13.819336
8672,-10454.699219,-10507.411133,52.711914
8673,-11416.164062,-11406.569336,9.594727
8674,-10550.694336,-10566.397461,15.703125
8675,-11523.003906,-11511.395508,11.608398
8676,-10913.379883,-10879.759766,33.620117
8677,-11536.666016,-11543.310547,6.644531
8678,-11488.855469,-11478.736328,10.119141
8679,-11345.987305,-11316.525391,29.461914
8680,-11067.705078,-11036.345703,31.359375
8681,-10527.210938,-10533.751953,6.541016
8682,-10920.681641,-10903.500000,17.181641
8683,-9971.655273,-9956.568359,15.086914
8684,-10455.040039,-10370.953125,84.086914
8685,-10892.670898,-10902.262695,9.591797
8686,-10535.642578,-10532.947266,2.695312
8687,-11503.387695,-11510.298828,6.911133
8688,-10284.929688,-10170.488281,114.441406
8689,-13381.965820,-13363.984375,17.981445
8690,-11975.903320,-11980.181641,4.278320
8691,-11349.650391,-11339.430664,10.219727
8692,-9549.175781,-9521.251953,27.923828
8693,-11909.818359,-11843.971680,65.846680
8694,-11332.555664,-11342.929688,10.374023
8695,-10535.358398,-10533.527344,1.831055
8696,-12049.973633,-11948.365234,101.608398
8697,-10495.647461,-10506.920898,11.273438
8698,-10933.216797,-10936.649414,3.432617
8699,-11410.750000,-11372.997070,37.752930
8700,-9473.282227,-9497.106445,23.824219
8701,-10541.879883,-10533.621094,8.258789
8702,-9736.687500,-9588.704102,147.983398
8703,-10426.901367,-10396.121094,30.780273
8704,-11008.310547,-11001.721680,6.588867
8705,-11824.953125,-11810.318359,14.634766
8706,-10581.260742,-10565.951172,15.309570
8707,-11932.041016,-11945.987305,13.946289
8708,-9457.101562,-9520.109375,63.007812
8709,-10972.281250,-11003.522461,31.241211
8710,-11418.702148,-11444.895508,26.193359
8711,-9469.043945,-9529.950195,60.906250
8712,-11513.730469,-11510.751953,2.978516
8713,-11535.593750,-11543.158203,7.564453
8714,-11815.444336,-11779.384766,36.059570
8715,-11757.371094,-11754.028320,3.342773
8716,-11366.053711,-11374.231445,8.177734
8717,-11950.514648,-11948.618164,1.896484
8718,-11021.816406,-11001.713867,20.102539
8719,-9513.530273,-9497.291992,16.238281
8720,-11535.769531,-11542.546875,6.777344
8721,-11328.381836,-11342.606445,14.224609
8722,-10127.888672,-9967.926758,159.961914
8723,-10045.120117,-10025.921875,19.198242
8724,-11954.150391,-11979.439453,25.289062
8725,-9992.904297,-9900.551758,92.352539
8726,-12437.974609,-12454.708008,16.733398
8727,-10960.668945,-10969.769531,9.100586
8728,-12279.818359,-12288.933594,9.115234
8729,-9487.954102,-9529.041992,41.087891
8730,-10905.534180,-10904.660156,0.874023
8731,-10513.801758,-10500.116211,13.685547
8732,-11868.531250,-11812.146484,56.384766
8733,-12040.888672,-12012.872070,28.016602
8734,-11917.358398,-11949.080078,31.721680
8735,-13000.396484,-12975.266602,25.129883
8736,-11351.020508,-11375.238281,24.217773
8737,-8893.537109,-8856.572266,36.964844
8738,-11982.316406,-11947.570312,34.746094
8739,-10568.558594,-10566.671875,1.886719
8740,-11539.050781,-11544.403320,5.352539
8741,-9435.717773,-8552.835938,882.881836
8742,-12907.595703,-12926.159180,18.563477
8743,-11545.375000,-11543.052734,2.322266
8744,-12794.715820,-12925.244141,130.528320
8745,-10964.541992,-10970.620117,6.078125
8746,-10800.853516,-10802.438477,1.584961
8747,-11647.546875,-11609.333984,38.212891
8748,-11951.636719,-11946.321289,5.315430
8749,-11978.023438,-11978.778320,0.754883
8750,-11552.388672,-11544.133789,8.254883
8751,-9424.830078,-9463.979492,39.149414
8752,-11895.778320,-11981.578125,85.799805
8753,-10557.756836,-10565.423828,7.666992
8754,-7760.441406,-7854.758301,94.316895
8755,-10505.222656,-10497.979492,7.243164
8756,-12481.889648,-12490.010742,8.121094
8757,-12887.103516,-12895.294922,8.191406
8758,-10501.552734,-10497.730469,3.822266
8759,-11573.668945,-11575.729492,2.060547
8760,-15282.458984,-15357.625000,75.166016
8761,-10834.289062,-10833.349609,0.939453
8762,-10577.388672,-10565.993164,11.395508
8763,-9957.441406,-9956.721680,0.719727
8764,-12375.916016,-12386.600586,10.684570
8765,-10785.200195,-10866.117188,80.916992
8766,-12236.925781,-11936.508789,300.416992
8767,-10534.015625,-10533.682617,0.333008
8768,-12281.720703,-12319.556641,37.835938
8769,-10514.511719,-10533.576172,19.064453
8770,-12378.109375,-12385.082031,6.972656
8771,-10369.932617,-10364.271484,5.661133
8772,-10925.876953,-10934.181641,8.304688
8773,-12495.200195,-12488.550781,6.649414
8774,-11942.362305,-11915.588867,26.773438
8775,-11301.915039,-11343.684570,41.769531
8776,-10811.164062,-10881.604492,70.440430
8777,-10927.487305,-10936.611328,9.124023
8778,-10535.303711,-10535.067383,0.236328
8779,-10418.309570,-10433.507812,15.198242
8780,-12872.038086,-12893.718750,21.680664
8781,-10404.506836,-10506.417969,101.911133
8782,-10670.177734,-10637.716797,32.460938
8783,-10931.309570,-10936.172852,4.863281
8784,-12932.632812,-12914.573242,18.059570
8785,-11960.257812,-11945.876953,14.380859
8786,-11917.793945,-11915.108398,2.685547
8787,-11506.024414,-11508.569336,2.544922
8788,-10298.241211,-10328.539062,30.297852
8789,-12522.148438,-12520.292969,1.855469
8790,-11594.595703,-11575.819336,18.776367
8791,-10937.960938,-10911.875000,26.085938
8792,-11912.716797,-11913.396484,0.679688
8793,-11900.376953,-11844.191406,56.185547
8794,-11226.758789,-11205.154297,21.604492
8795,-10588.647461,-10475.706055,112.941406
8796,-11896.876953,-11914.550781,17.673828
8797,-9813.964844,-9868.747070,54.782227
8798,-9564.193359,-9553.476562,10.716797
8799,-11967.998047,-11947.671875,20.326172
8800,-11490.173828,-11479.066406,11.107422
8801,-11533.021484,-11543.185547,10.164062
8802,-11928.163086,-11915.226562,12.936523
8803,-11417.219727,-11443.129883,25.910156
8804,-10993.915039,-10969.542969,24.372070
8805,-12232.808594,-12247.647461,14.838867
8806,-10397.503906,-10465.489258,67.985352
8807,-10396.818359,-10362.847656,33.970703
8808,-11372.977539,-11373.250977,0.273438
8809,-12412.019531,-12354.867188,57.152344
8810,-10957.963867,-10938.224609,19.739258
8811,-10217.072266,-10274.405273,57.333008
8812,-12435.500000,-12385.052734,50.447266
8813,-10923.814453,-10938.699219,14.884766
8814,-11500.926758,-11511.492188,10.565430
8815,-10538.088867,-10531.423828,6.665039
8816,-10540.316406,-10532.964844,7.351562
8817,-10843.030273,-10801.390625,41.639648
8818,-10988.264648,-10968.526367,19.738281
8819,-10541.360352,-10533.441406,7.918945
8820,-11508.000977,-11510.217773,2.216797
8821,-11405.834961,-11406.102539,0.267578
8822,-9882.194336,-9933.267578,51.073242
8823,-10435.671875,-10395.058594,40.613281
8824,-9914.076172,-9926.404297,12.328125
8825,-11369.691406,-11376.858398,7.166992
8826,-12737.944336,-12791.385742,53.441406
8827,-11414.164062,-11405.492188,8.671875
8828,-11447.898438,-11408.383789,39.514648
8829,-11890.137695,-11879.996094,10.141602
8830,-10555.930664,-10533.118164,22.812500
8831,-10510.006836,-10533.459961,23.453125
8832,-11978.973633,-11980.129883,1.156250
8833,-12548.424805,-12522.895508,25.529297
8834,-11932.901367,-11915.617188,17.284180
8835,-10444.916016,-10440.649414,4.266602
8836,-9505.754883,-9497.228516,8.526367
8837,-12483.058594,-12488.925781,5.867188
8838,-10431.472656,-10395.108398,36.364258
8839,-9229.209961,-8954.733398,274.476562
8840,-11521.006836,-11542.945312,21.938477
8841,-10781.065430,-10798.690430,17.625000
8842,-9927.746094,-9923.987305,3.758789
8843,-12231.001953,-12417.460938,186.458984
8844,-10587.526367,-10474.514648,113.011719
8845,-11536.428711,-11543.732422,7.303711
8846,-12855.569336,-12893.747070,38.177734
8847,-11519.712891,-11511.239258,8.473633
8848,-9890.251953,-9901.312500,11.060547
8849,-11488.809570,-11511.168945,22.359375
8850,-10333.989258,-10441.020508,107.031250
8851,-11578.202148,-11576.917969,1.284180
8852,-10547.491211,-10564.245117,16.753906
8853,-11888.871094,-11810.278320,78.592773
8854,-10962.478516,-10938.871094,23.607422
8855,-11380.735352,-11373.548828,7.186523
8856,-10527.549805,-10531.838867,4.289062
8857,-10932.753906,-10936.554688,3.800781
8858,-10533.076172,-10533.028320,0.047852
8859,-9840.593750,-9992.274414,151.680664
8860,-12519.226562,-12522.224609,2.998047
8861,-12128.096680,-12145.327148,17.230469
8862,-9890.831055,-9933.681641,42.850586
8863,-10315.610352,-10333.572266,17.961914
8864,-9475.031250,-9529.339844,54.308594
8865,-12943.343750,-12894.834961,48.508789
8866,-11544.223633,-11543.684570,0.539062
8867,-10957.865234,-10969.735352,11.870117
8868,-11841.680664,-11811.700195,29.980469
8869,-11547.741211,-11543.502930,4.238281
8870,-9582.392578,-9529.241211,53.151367
8871,-10528.320312,-10532.620117,4.299805
8872,-10045.395508,-10800.671875,755.276367
8873,-10992.118164,-11000.702148,8.583984
8874,-10984.269531,-10944.329102,39.940430
8875,-11527.633789,-11542.190430,14.556641
8876,-11370.093750,-11374.857422,4.763672
8877,-11427.188477,-11452.661133,25.472656
8878,-10933.576172,-10936.489258,2.913086
8879,-10964.609375,-10969.787109,5.177734
8880,-11923.119141,-11948.563477,25.444336
8881,-10618.697266,-10598.463867,20.233398
8882,-11733.855469,-11746.616211,12.760742
8883,-11809.672852,-11883.688477,74.015625
8884,-11542.931641,-11543.598633,0.666992
8885,-11563.848633,-11542.756836,21.091797
8886,-10978.032227,-10968.273438,9.758789
8887,-10447.350586,-10466.646484,19.295898
8888,-12516.883789,-12522.413086,5.529297
8889,-11438.993164,-11408.118164,30.875000
8890,-9810.753906,-9463.107422,347.646484
8891,-11938.719727,-11979.438477,40.718750
8892,-12446.388672,-12456.413086,10.024414
8893,-12894.159180,-12926.188477,32.029297
8894,-11526.325195,-11543.611328,17.286133
8895,-11589.496094,-11575.710938,13.785156
8896,-10561.028320,-10531.830078,29.198242
8897,-10569.595703,-10565.190430,4.405273
8898,-10861.186523,-10838.690430,22.496094
8899,-9051.073242,-8921.822266,129.250977
8900,-12409.068359,-12385.223633,23.844727
8901,-10512.704102,-10500.222656,12.481445
8902,-11470.551758,-11477.591797,7.040039
8903,-9680.005859,-10057.085938,377.080078
8904,-11396.475586,-11371.181641,25.293945
8905,-11571.457031,-11576.024414,4.567383
8906,-11862.097656,-11812.508789,49.588867
8907,-10594.065430,-10539.562500,54.502930
8908,-10988.529297,-10969.591797,18.937500
8909,-9470.130859,-9525.242188,55.111328
8910,-11506.785156,-11509.609375,2.824219
8911,-11899.103516,-11912.569336,13.465820
8912,-11325.613281,-11452.553711,126.940430
8913,-12036.359375,-11981.994141,54.365234
8914,-10460.529297,-10466.711914,6.182617
8915,-11940.655273,-11947.954102,7.298828
8916,-11336.817383,-11341.377930,4.560547
8917,-12416.986328,-12417.247070,0.260742
8918,-11036.170898,-10775.523438,260.647461
8919,-11961.120117,-11948.320312,12.799805
8920,-10526.687500,-10532.552734,5.865234
8921,-10555.744141,-10565.303711,9.559570
8922,-9536.584961,-9496.399414,40.185547
8923,-10515.198242,-10534.509766,19.311523
8924,-13303.727539,-13397.246094,93.518555
8925,-10966.801758,-10970.282227,3.480469
8926,-11927.476562,-11948.772461,21.295898
8927,-11909.603516,-11913.417969,3.814453
8928,-10962.841797,-10970.752930,7.911133
8929,-12353.548828,-12351.310547,2.238281
8930,-10341.928711,-10338.117188,3.811523
8931,-10560.658203,-10533.748047,26.910156
8932,-10645.547852,-10631.271484,14.276367
8933,-8767.832031,-8453.235352,314.596680
8934,-10730.393555,-10638.763672,91.629883
8935,-10583.274414,-10565.362305,17.912109
8936,-12434.461914,-12418.384766,16.077148
8937,-9570.772461,-9588.590820,17.818359
8938,-9614.209961,-9588.961914,25.248047
8939,-11863.417969,-11915.276367,51.858398
8940,-14916.990234,-14952.400391,35.410156
8941,-11519.474609,-11508.755859,10.718750
8942,-9908.676758,-9867.995117,40.681641
8943,-9493.159180,-9496.378906,3.219727
8944,-10383.701172,-10441.040039,57.338867
8945,-12968.533203,-12959.679688,8.853516
8946,-11566.792969,-11576.978516,10.185547
8947,-12529.268555,-12520.478516,8.790039
8948,-10329.425781,-10339.774414,10.348633
8949,-12403.403320,-12384.294922,19.108398
8950,-9949.782227,-9925.424805,24.357422
8951,-10566.967773,-10566.150391,0.817383
8952,-11539.829102,-11543.554688,3.725586
8953,-12468.947266,-12457.786133,11.161133
8954,-9948.197266,-9958.376953,10.179688
8955,-10044.246094,-9868.202148,176.043945
8956,-11932.207031,-11945.930664,13.723633
8957,-11317.680664,-11343.096680,25.416016
8958,-11429.548828,-11517.940430,88.391602
8959,-9420.166992,-9497.093750,76.926758
8960,-11820.493164,-11811.406250,9.086914
8961,-9996.003906,-9924.595703,71.408203
8962,-10660.557617,-10799.436523,138.878906
8963,-10765.779297,-10770.354492,4.575195
8964,-11366.297852,-11408.297852,42.000000
8965,-10301.542969,-10332.303711,30.760742
8966,-10031.130859,-9989.993164,41.137695
8967,-10946.392578,-10934.661133,11.731445
8968,-12960.680664,-12958.817383,1.863281
8969,-10528.888672,-10533.189453,4.300781
8970,-11367.768555,-11375.344727,7.576172
8971,-11953.937500,-11948.397461,5.540039
8972,-12427.363281,-12384.281250,43.082031
8973,-11526.522461,-11823.611328,297.088867
8974,-11484.319336,-11476.931641,7.387695
8975,-12831.111328,-12822.629883,8.481445
8976,-12326.950195,-12353.004883,26.054688
8977,-15231.207031,-15325.723633,94.516602
8978,-12307.683594,-12353.000000,45.316406
8979,-9530.011719,-9522.482422,7.529297
8980,-7776.896973,-7449.546875,327.350098
8981,-11539.962891,-11543.070312,3.107422
8982,-11753.198242,-11779.688477,26.490234
8983,-12280.687500,-12385.964844,105.277344
8984,-10681.247070,-10743.276367,62.029297
8985,-12242.956055,-12319.908203,76.952148
8986,-11781.763672,-11810.274414,28.510742
8987,-11379.793945,-11373.712891,6.081055
8988,-10384.430664,-10395.955078,11.524414
8989,-11961.342773,-11947.681641,13.661133
8990,-10999.379883,-10970.513672,28.866211
8991,-12351.423828,-12351.305664,0.118164
8992,-10505.000977,-10501.008789,3.992188
8993,-12367.299805,-12386.514648,19.214844
8994,-10597.222656,-10598.391602,1.168945
8995,-10467.459961,-10474.532227,7.072266
8996,-11953.953125,-11948.067383,5.885742
8997,-10890.464844,-10900.587891,10.123047
8998,-9988.165039,-9956.546875,31.618164
8999,-10391.286133,-10427.308594,36.022461
9000,-10321.173828,-10396.339844,75.166016
9001,-10572.125977,-10566.231445,5.894531
9002,-9931.620117,-9927.051758,4.568359
9003,-13350.117188,-13396.829102,46.711914
9004,-10396.420898,-10473.670898,77.250000
9005,-11551.695312,-11543.804688,7.890625
9006,-10989.822266,-11001.579102,11.756836
9007,-12344.629883,-12354.282227,9.652344
9008,-9545.579102,-9497.388672,48.190430
9009,-11366.272461,-11408.141602,41.869141
9010,-11526.461914,-11542.983398,16.521484
9011,-11486.326172,-11477.456055,8.870117
9012,-11009.848633,-11002.313477,7.535156
9013,-9964.698242,-9900.506836,64.191406
9014,-12518.099609,-12520.320312,2.220703
9015,-10888.656250,-10905.204102,16.547852
9016,-10257.197266,-10274.370117,17.172852
9017,-11355.361328,-11374.405273,19.043945
9018,-11823.549805,-11812.275391,11.274414
9019,-9112.500000,-9361.083008,248.583008
9020,-10543.534180,-10533.464844,10.069336
9021,-10329.518555,-10442.048828,112.530273
9022,-10534.775391,-10530.532227,4.243164
9023,-12517.166016,-12522.600586,5.434570
9024,-11036.414062,-11002.823242,33.590820
9025,-13359.433594,-13433.373047,73.939453
9026,-12470.595703,-12417.613281,52.982422
9027,-9537.503906,-9399.195312,138.308594
9028,-11507.377930,-11509.752930,2.375000
9029,-12944.189453,-12958.334961,14.145508
9030,-12871.660156,-12894.992188,23.332031
9031,-9412.904297,-8891.263672,521.640625
9032,-11880.082031,-11284.554688,595.527344
9033,-11961.985352,-11948.407227,13.578125
9034,-12851.667969,-12893.375977,41.708008
9035,-11547.698242,-11544.344727,3.353516
9036,-10579.000000,-10564.650391,14.349609
9037,-11917.315430,-11766.250977,151.064453
9038,-10840.722656,-10873.887695,33.165039
9039,-10217.392578,-10429.031250,211.638672
9040,-11875.104492,-11913.104492,38.000000
9041,-11970.148438,-11948.439453,21.708984
9042,-11808.596680,-11812.125977,3.529297
9043,-10267.585938,-10307.063477,39.477539
9044,-11297.501953,-11342.441406,44.939453
9045,-12318.656250,-12352.839844,34.183594
9046,-9989.721680,-9990.190430,0.468750
9047,-10343.757812,-10338.369141,5.388672
9048,-11869.112305,-11844.631836,24.480469
9049,-11940.671875,-11947.833008,7.161133
9050,-10536.793945,-10531.238281,5.555664
9051,-12976.594727,-12958.703125,17.891602
9052,-12910.539062,-12927.160156,16.621094
9053,-11939.748047,-11948.645508,8.897461
9054,-11922.966797,-11980.972656,58.005859
9055,-12416.177734,-12386.092773,30.084961
9056,-11428.226562,-11444.216797,15.990234
9057,-11478.059570,-11477.315430,0.744141
9058,-10425.523438,-10365.974609,59.548828
9059,-10968.855469,-10969.927734,1.072266
9060,-10374.509766,-10440.103516,65.593750
9061,-12994.188477,-12959.970703,34.217773
9062,-8500.818359,-7659.487793,841.330566
9063,-10389.768555,-10393.956055,4.187500
9064,-10562.850586,-10507.573242,55.277344
9065,-10980.392578,-10971.435547,8.957031
9066,-12975.470703,-12893.590820,81.879883
9067,-12517.912109,-12521.368164,3.456055
9068,-10967.942383,-10969.118164,1.175781
9069,-7872.800781,-7821.477051,51.323730
9070,-11882.419922,-11916.229492,33.809570
9071,-11899.374023,-11947.756836,48.382812
9072,-10949.578125,-10935.739258,13.838867
9073,-11571.187500,-11544.004883,27.182617
9074,-10970.318359,-10969.836914,0.481445
9075,-10582.164062,-10599.368164,17.204102
9076,-11508.789062,-11508.050781,0.738281
9077,-10470.861328,-10429.206055,41.655273
9078,-11502.373047,-11509.737305,7.364258
9079,-11549.833984,-11542.710938,7.123047
9080,-10864.323242,-10833.830078,30.493164
9081,-10563.461914,-10566.245117,2.783203
9082,-10832.867188,-10878.740234,45.873047
9083,-10956.285156,-10938.144531,18.140625
9084,-11564.712891,-11543.328125,21.384766
9085,-10912.850586,-10904.906250,7.944336
9086,-10001.410156,-9992.688477,8.721680
9087,-11517.378906,-11511.500000,5.878906
9088,-9851.236328,-9866.867188,15.630859
9089,-13453.555664,-13500.394531,46.838867
9090,-10407.565430,-10442.633789,35.068359
9091,-11543.369141,-11542.422852,0.946289
9092,-11404.484375,-11446.975586,42.491211
9093,-10950.638672,-10937.183594,13.455078
9094,-11029.305664,-10876.886719,152.418945
9095,-11330.941406,-11341.302734,10.361328
9096,-11935.585938,-11915.000000,20.585938
9097,-11354.591797,-11338.966797,15.625000
9098,-12056.166992,-12013.967773,42.199219
9099,-9438.128906,-9464.179688,26.050781
9100,-10358.873047,-10247.833984,111.039062
9101,-12762.444336,-12822.770508,60.326172
9102,-9461.929688,-9554.438477,92.508789
9103,-9510.264648,-9431.656250,78.608398
9104,-9480.084961,-9488.353516,8.268555
9105,-9874.165039,-9899.079102,24.914062
9106,-11909.222656,-11913.870117,4.647461
9107,-11977.089844,-11981.266602,4.176758
9108,-8918.962891,-9555.787109,636.824219
9109,-11539.163086,-11542.591797,3.428711
9110,-10912.965820,-10905.325195,7.640625
9111,-10863.853516,-10866.791016,2.937500
9112,-10576.851562,-10566.389648,10.461914
9113,-11462.508789,-11477.938477,15.429688
9114,-13311.724609,-13332.297852,20.573242
9115,-8390.411133,-8360.134766,30.276367
9116,-7925.135742,-7795.169922,129.965820
9117,-10420.334961,-10442.073242,21.738281
9118,-9788.917969,-9867.287109,78.369141
9119,-8864.614258,-8832.130859,32.483398
9120,-11545.736328,-11543.483398,2.252930
9121,-11714.262695,-11707.398438,6.864258
9122,-10486.395508,-10498.624023,12.228516
9123,-9510.032227,-9521.336914,11.304688
9124,-10809.232422,-10834.591797,25.359375
9125,-11338.018555,-11343.573242,5.554688
9126,-10935.399414,-10937.859375,2.459961
9127,-11510.231445,-11544.101562,33.870117
9128,-10819.181641,-10878.002930,58.821289
9129,-11846.986328,-11844.733398,2.252930
9130,-10515.002930,-10532.817383,17.814453
9131,-10485.457031,-10499.492188,14.035156
9132,-10776.648438,-10507.530273,269.118164
9133,-11011.447266,-11003.441406,8.005859
9134,-11404.430664,-11407.836914,3.406250
9135,-11914.325195,-11915.911133,1.585938
9136,-11363.339844,-11375.754883,12.415039
9137,-10497.543945,-10500.230469,2.686523
9138,-11370.883789,-11408.075195,37.191406
9139,-13500.502930,-13499.300781,1.202148
9140,-10990.649414,-10970.331055,20.318359
9141,-11957.822266,-11947.730469,10.091797
9142,-11522.440430,-11543.416992,20.976562
9143,-10510.401367,-10498.916992,11.484375
9144,-12269.628906,-12249.957031,19.671875
9145,-11964.702148,-11980.687500,15.985352
9146,-9019.184570,-8518.490234,500.694336
9147,-11906.706055,-11981.186523,74.480469
9148,-11013.280273,-10968.868164,44.412109
9149,-10918.541992,-10878.373047,40.168945
9150,-12411.111328,-12387.230469,23.880859
9151,-10975.194336,-10968.794922,6.399414
9152,-11342.844727,-11374.886719,32.041992
9153,-13102.844727,-13008.306641,94.538086
9154,-11988.474609,-11981.454102,7.020508
9155,-10452.842773,-10441.211914,11.630859
9156,-11922.854492,-11915.132812,7.721680
9157,-10635.230469,-10631.521484,3.708984
9158,-11948.292969,-11980.626953,32.333984
9159,-11547.467773,-11542.017578,5.450195
9160,-10970.600586,-10938.709961,31.890625
9161,-10982.369141,-10970.212891,12.156250
9162,-10572.215820,-10566.591797,5.624023
9163,-11842.712891,-11949.858398,107.145508
9164,-10515.467773,-10499.942383,15.525391
9165,-9910.801758,-9932.581055,21.779297
9166,-11528.720703,-11542.879883,14.159180
9167,-9868.130859,-9892.036133,23.905273
9168,-9029.178711,-9165.021484,135.842773
9169,-10570.057617,-10566.552734,3.504883
9170,-13455.458984,-13499.613281,44.154297
9171,-11951.604492,-11946.926758,4.677734
9172,-10946.747070,-10935.142578,11.604492
9173,-10918.082031,-10938.091797,20.009766
9174,-11324.453125,-11342.510742,18.057617
9175,-11009.185547,-11003.077148,6.108398
9176,-10996.307617,-10970.352539,25.955078
9177,-11985.123047,-11981.222656,3.900391
9178,-11969.280273,-11979.658203,10.377930
9179,-10928.302734,-10937.331055,9.028320
9180,-10088.861328,-9867.633789,221.227539
9181,-11381.623047,-11373.621094,8.001953
9182,-10441.626953,-10465.544922,23.917969
9183,-11538.212891,-11543.327148,5.114258
9184,-9520.901367,-9439.169922,81.731445
9185,-11898.880859,-11878.262695,20.618164
9186,-12364.520508,-12353.391602,11.128906
9187,-9419.266602,-9430.884766,11.618164
9188,-11011.974609,-11035.838867,23.864258
9189,-11855.874023,-11813.031250,42.842773
9190,-9894.382812,-9867.984375,26.398438
9191,-11321.583984,-11340.221680,18.637695
9192,-9455.938477,-9462.294922,6.356445
9193,-10798.944336,-10799.742188,0.797852
9194,-10496.578125,-10499.281250,2.703125
9195,-9944.036133,-9961.098633,17.062500
9196,-9435.225586,-9496.076172,60.850586
9197,-10141.856445,-10331.589844,189.733398
9198,-11789.720703,-11780.328125,9.392578
9199,-11909.929688,-11915.871094,5.941406
9200,-10654.822266,-10802.188477,147.366211
9201,-11903.857422,-11913.526367,9.668945
9202,-10005.122070,-9901.414062,103.708008
9203,-12541.586914,-12520.022461,21.564453
9204,-7585.774414,-7416.234375,169.540039
9205,-11526.908203,-11510.371094,16.537109
9206,-9753.945312,-9300.713867,453.231445
9207,-10950.043945,-10905.599609,44.444336
9208,-10527.148438,-10532.788086,5.639648
9209,-11950.631836,-11947.599609,3.032227
9210,-11793.022461,-11780.418945,12.603516
9211,-9840.148438,-9900.625000,60.476562
9212,-13456.546875,-13467.096680,10.549805
9213,-11922.719727,-11947.392578,24.672852
9214,-10828.674805,-10902.731445,74.056641
9215,-10953.164062,-10938.111328,15.052734
9216,-9831.351562,-9869.026367,37.674805
9217,-12456.736328,-12419.989258,36.747070
9218,-10186.185547,-9809.129883,377.055664
9219,-11004.136719,-11002.660156,1.476562
9220,-10595.916016,-10598.620117,2.704102
9221,-12369.255859,-12416.997070,47.741211
9222,-12493.619141,-12488.258789,5.360352
9223,-10949.962891,-10935.234375,14.728516
9224,-10572.746094,-10565.113281,7.632812
9225,-9723.512695,-8921.463867,802.048828
9226,-14114.689453,-14202.436523,87.747070
9227,-10977.832031,-10971.251953,6.580078
9228,-9995.069336,-9991.251953,3.817383
9229,-11016.053711,-10970.019531,46.034180
9230,-11519.647461,-11511.024414,8.623047
9231,-11717.700195,-11776.465820,58.765625
9232,-10408.173828,-10440.231445,32.057617
9233,-11568.012695,-11575.927734,7.915039
9234,-10574.227539,-10564.997070,9.230469
9235,-9396.096680,-9470.412109,74.315430
9236,-12449.119141,-12457.296875,8.177734
9237,-8916.488281,-6322.178223,2594.310059
9238,-10548.989258,-10532.638672,16.350586
9239,-12348.669922,-12385.403320,36.733398
9240,-10936.564453,-10937.275391,0.710938
9241,-11511.155273,-11509.867188,1.288086
9242,-12027.166992,-12014.246094,12.920898
9243,-11892.344727,-11915.068359,22.723633
9244,-9916.901367,-9894.000000,22.901367
9245,-10012.492188,-9991.735352,20.756836
9246,-10333.195312,-10304.770508,28.424805
9247,-11593.161133,-11575.926758,17.234375
9248,-11505.137695,-11509.443359,4.305664
9249,-11945.960938,-11945.335938,0.625000
9250,-10753.642578,-10935.647461,182.004883
9251,-12745.734375,-12789.283203,43.548828
9252,-9917.262695,-9868.284180,48.978516
9253,-9937.612305,-9924.224609,13.387695
9254,-7899.856934,-7796.599121,103.257812
9255,-10951.518555,-10971.079102,19.560547
9256,-10069.450195,-10234.970703,165.520508
9257,-10550.039062,-10531.916992,18.122070
9258,-12917.017578,-13008.456055,91.438477
9259,-11923.027344,-11947.080078,24.052734
9260,-10049.868164,-10271.209961,221.341797
9261,-10624.732422,-10598.388672,26.343750
9262,-11968.708984,-11948.707031,20.001953
9263,-8388.199219,-8427.137695,38.938477
9264,-10917.540039,-10903.991211,13.548828
9265,-10981.814453,-10969.224609,12.589844
9266,-9846.155273,-9867.300781,21.145508
9267,-10792.836914,-10742.463867,50.373047
9268,-11519.574219,-11510.678711,8.895508
9269,-13809.662109,-13768.168945,41.493164
9270,-12480.899414,-12489.652344,8.752930
9271,-10284.161133,-10364.041016,79.879883
9272,-10523.586914,-10531.956055,8.369141
9273,-10986.395508,-10971.221680,15.173828
9274,-11918.062500,-11914.471680,3.590820
9275,-11429.143555,-11438.877930,9.734375
9276,-10939.656250,-10937.118164,2.538086
9277,-12382.583008,-12352.348633,30.234375
9278,-11498.833984,-11510.857422,12.023438
9279,-10510.191406,-10534.528320,24.336914
9280,-11366.431641,-11372.409180,5.977539
9281,-15670.231445,-15527.025391,143.206055
9282,-11016.893555,-10944.004883,72.888672
9283,-9946.324219,-9923.517578,22.806641
9284,-13319.670898,-13363.488281,43.817383
9285,-11507.205078,-11509.966797,2.761719
9286,-11549.272461,-11543.368164,5.904297
9287,-11795.757812,-11811.871094,16.113281
9288,-11538.425781,-11542.184570,3.758789
9289,-10517.685547,-10501.116211,16.569336
9290,-7193.381348,-7222.949707,29.568359
9291,-10544.321289,-10532.821289,11.500000
9292,-11926.667969,-11914.162109,12.505859
9293,-10564.018555,-10564.490234,0.471680
9294,-12313.156250,-12488.556641,175.400391
9295,-12391.743164,-12352.321289,39.421875
9296,-10551.014648,-10565.934570,14.919922
9297,-9869.869141,-9924.268555,54.399414
9298,-10308.406250,-10337.007812,28.601562
9299,-9460.853516,-9371.334961,89.518555
9300,-11428.301758,-11406.396484,21.905273
9301,-12780.080078,-12790.926758,10.846680
9302,-10982.767578,-10969.291016,13.476562
9303,-12003.124023,-11980.123047,23.000977
9304,-11768.956055,-11776.890625,7.934570
9305,-12337.094727,-12353.199219,16.104492
9306,-10512.900391,-10500.715820,12.184570
9307,-11809.352539,-11812.814453,3.461914
9308,-11480.065430,-11512.594727,32.529297
9309,-11923.663086,-11947.730469,24.067383
9310,-11974.204102,-11948.540039,25.664062
9311,-10912.956055,-10903.894531,9.061523
9312,-8851.224609,-8896.524414,45.299805
9313,-11630.243164,-11349.949219,280.293945
9314,-12874.712891,-12902.938477,28.225586
9315,-9910.433594,-9864.780273,45.653320
9316,-10966.694336,-10970.394531,3.700195
9317,-10520.996094,-10532.626953,11.630859
9318,-10332.819336,-10338.797852,5.978516
9319,-13383.241211,-13436.041992,52.800781
9320,-9949.135742,-9925.177734,23.958008
9321,-12917.192383,-12926.446289,9.253906
9322,-10974.593750,-10968.142578,6.451172
9323,-11926.664062,-11915.866211,10.797852
9324,-9916.259766,-9898.436523,17.823242
9325,-12508.654297,-12520.895508,12.241211
9326,-10938.029297,-10936.280273,1.749023
9327,-10424.547852,-10474.852539,50.304688
9328,-12336.746094,-12353.807617,17.061523
9329,-11899.045898,-11914.413086,15.367188
9330,-11319.875000,-11511.947266,192.072266
9331,-11931.996094,-11946.391602,14.395508
9332,-9484.706055,-9495.701172,10.995117
9333,-11962.567383,-11948.101562,14.465820
9334,-13516.004883,-13531.097656,15.092773
9335,-12784.541992,-12861.062500,76.520508
9336,-11285.353516,-11311.365234,26.011719
9337,-11470.360352,-11477.776367,7.416016
9338,-10333.055664,-10408.111328,75.055664
9339,-11645.437500,-11674.820312,29.382812
9340,-11529.051758,-11542.334961,13.283203
9341,-9483.310547,-9530.609375,47.298828
9342,-11880.649414,-11916.072266,35.422852
9343,-12367.731445,-12386.756836,19.025391
9344,-10968.750000,-10969.615234,0.865234
9345,-11527.734375,-11542.317383,14.583008
9346,-10023.474609,-9992.130859,31.343750
9347,-9950.077148,-9869.919922,80.157227
9348,-10786.995117,-10911.171875,124.176758
9349,-9952.567383,-9900.101562,52.465820
9350,-10531.730469,-10474.718750,57.011719
9351,-12388.298828,-12382.236328,6.062500
9352,-10519.166016,-10533.019531,13.853516
9353,-10397.654297,-10397.776367,0.122070
9354,-12182.097656,-12216.278320,34.180664
9355,-11952.072266,-11948.278320,3.793945
9356,-11917.992188,-11917.509766,0.482422
9357,-11484.609375,-11477.410156,7.199219
9358,-11387.436523,-11374.202148,13.234375
9359,-11468.646484,-11477.500977,8.854492
9360,-11841.968750,-11844.312500,2.343750
9361,-12198.117188,-12319.432617,121.315430
9362,-10547.458008,-10532.024414,15.433594
9363,-11972.867188,-11980.001953,7.134766
9364,-11511.437500,-11419.057617,92.379883
9365,-12498.365234,-12489.793945,8.571289
9366,-9649.663086,-9620.884766,28.778320
9367,-12534.516602,-12521.633789,12.882812
9368,-11022.993164,-11003.074219,19.918945
9369,-10538.090820,-10532.087891,6.002930
9370,-11528.843750,-11543.181641,14.337891
9371,-10421.846680,-10429.226562,7.379883
9372,-10997.171875,-11002.345703,5.173828
9373,-11387.493164,-11376.153320,11.339844
9374,-11774.211914,-11813.284180,39.072266
9375,-10504.407227,-10499.936523,4.470703
9376,-12246.931641,-12385.271484,138.339844
9377,-10430.763672,-10407.586914,23.176758
9378,-11880.664062,-11845.305664,35.358398
9379,-10485.399414,-10441.525391,43.874023
9380,-10789.631836,-10800.082031,10.450195
9381,-9537.091797,-9555.450195,18.358398
9382,-11295.614258,-11236.583008,59.031250
9383,-12479.824219,-12487.887695,8.063477
9384,-11000.254883,-10971.861328,28.393555
9385,-12344.083008,-12399.117188,55.034180
9386,-10919.371094,-10904.543945,14.827148
9387,-10575.891602,-10566.805664,9.085938
9388,-12362.929688,-12353.651367,9.278320
9389,-10962.313477,-10938.377930,23.935547
9390,-11878.148438,-11881.209961,3.061523
9391,-12979.334961,-12991.765625,12.430664
9392,-11508.233398,-11511.251953,3.018555
9393,-11748.465820,-11778.788086,30.322266
9394,-10568.168945,-10565.734375,2.434570
9395,-10980.767578,-10970.943359,9.824219
9396,-10919.978516,-10938.809570,18.831055
9397,-11932.081055,-11946.990234,14.909180
9398,-11501.521484,-11510.291016,8.769531
9399,-9456.538086,-9463.006836,6.468750
9400,-9922.343750,-9777.833008,144.510742
9401,-11419.283203,-11406.552734,12.730469
9402,-10523.495117,-10530.994141,7.499023
9403,-10532.546875,-10532.170898,0.375977
9404,-11002.459961,-10969.481445,32.978516
9405,-10611.237305,-10598.786133,12.451172
9406,-10959.800781,-10937.434570,22.366211
9407,-10897.187500,-10910.945312,13.757812
9408,-12393.108398,-12384.574219,8.534180
9409,-9969.531250,-9924.434570,45.096680
9410,-10423.052734,-10432.296875,9.244141
9411,-11918.959961,-11914.979492,3.980469
9412,-11539.125977,-11419.976562,119.149414
9413,-11369.359375,-11375.279297,5.919922
9414,-10957.098633,-10936.190430,20.908203
9415,-9437.164062,-9464.333008,27.168945
9416,-12469.568359,-12455.685547,13.882812
9417,-10932.329102,-10970.241211,37.912109
9418,-10990.094727,-10970.558594,19.536133
9419,-11955.958008,-11947.348633,8.609375
9420,-10466.287109,-10466.165039,0.122070
9421,-9965.087891,-9924.178711,40.909180
9422,-11560.055664,-11576.182617,16.126953
9423,-7986.150391,-7885.701660,100.448730
9424,-10583.186523,-10565.267578,17.918945
9425,-11395.236328,-11341.381836,53.854492
9426,-11550.333008,-11544.139648,6.193359
9427,-11790.263672,-11809.927734,19.664062
9428,-12044.054688,-12013.352539,30.702148
9429,-11794.458984,-11813.800781,19.341797
9430,-10544.051758,-10566.502930,22.451172
9431,-10539.541992,-10533.796875,5.745117
9432,-10391.863281,-10364.053711,27.809570
9433,-11563.371094,-11543.474609,19.896484
9434,-12462.527344,-12487.266602,24.739258
9435,-10953.738281,-10934.810547,18.927734
9436,-11855.906250,-11844.225586,11.680664
9437,-11512.135742,-11510.462891,1.672852
9438,-12360.843750,-12385.637695,24.793945
9439,-11324.035156,-11340.707031,16.671875
9440,-13480.550781,-13500.710938,20.160156
9441,-9934.713867,-9927.695312,7.018555
9442,-11000.973633,-11002.630859,1.657227
9443,-11507.234375,-11509.150391,1.916016
9444,-10987.725586,-10970.295898,17.429688
9445,-10902.246094,-10878.115234,24.130859
9446,-10599.801758,-10598.195312,1.606445
9447,-10595.191406,-10598.542969,3.351562
9448,-10981.267578,-10968.049805,13.217773
9449,-12494.177734,-12521.643555,27.465820
9450,-10836.143555,-10838.922852,2.779297
9451,-11793.512695,-11812.516602,19.003906
9452,-9425.115234,-9588.918945,163.803711
9453,-11494.731445,-11315.304688,179.426758
9454,-12855.258789,-12895.125000,39.866211
9455,-12868.616211,-12957.475586,88.859375
9456,-11721.166992,-11778.555664,57.388672
9457,-11315.538086,-11270.847656,44.690430
9458,-12496.643555,-12487.109375,9.534180
9459,-10520.533203,-10533.419922,12.886719
9460,-12788.287109,-12790.094727,1.807617
9461,-9928.826172,-9892.064453,36.761719
9462,-11964.634766,-11980.051758,15.416992
9463,-10931.006836,-10912.293945,18.712891
9464,-11429.824219,-11408.097656,21.726562
9465,-13535.049805,-13564.519531,29.469727
9466,-11929.647461,-11947.963867,18.316406
9467,-11138.262695,-11437.990234,299.727539
9468,-12352.589844,-12417.470703,64.880859
9469,-10538.374023,-10532.013672,6.360352
9470,-9333.537109,-9370.978516,37.441406
9471,-10438.843750,-10338.137695,100.706055
9472,-11852.183594,-11813.462891,38.720703
9473,-11591.070312,-11576.199219,14.871094
9474,-10806.662109,-10832.490234,25.828125
9475,-12406.925781,-12386.570312,20.355469
9476,-10930.545898,-10938.036133,7.490234
9477,-11789.320312,-11813.297852,23.977539
9478,-12308.390625,-12282.301758,26.088867
9479,-11497.394531,-11477.264648,20.129883
9480,-11481.256836,-11477.428711,3.828125
9481,-11390.346680,-11373.856445,16.490234
9482,-9547.363281,-9488.239258,59.124023
9483,-10880.417969,-10937.753906,57.335938
9484,-10350.719727,-10360.091797,9.372070
9485,-11513.952148,-11542.834961,28.882812
9486,-11332.872070,-11373.564453,40.692383
9487,-12470.403320,-12454.168945,16.234375
9488,-11433.434570,-11406.941406,26.493164
9489,-9458.079102,-9497.618164,39.539062
9490,-10535.636719,-10500.315430,35.321289
9491,-11456.072266,-11443.900391,12.171875
9492,-11561.057617,-11543.221680,17.835938
9493,-10524.207031,-10532.704102,8.497070
9494,-11378.852539,-11408.445312,29.592773
9495,-9488.690430,-9522.767578,34.077148
9496,-11581.025391,-11382.310547,198.714844
9497,-9565.460938,-9555.780273,9.680664
9498,-11847.588867,-11812.238281,35.350586
9499,-13505.624023,-13500.204102,5.419922
9500,-11924.029297,-11915.193359,8.835938
9501,-10732.821289,-10769.424805,36.603516
9502,-9952.652344,-9867.305664,85.346680
9503,-10970.471680,-10967.961914,2.509766
9504,-9920.419922,-9900.741211,19.678711
9505,-11887.460938,-11948.774414,61.313477
9506,-11471.522461,-11479.636719,8.114258
9507,-12474.366211,-12454.801758,19.564453
9508,-7226.140625,-7358.809082,132.668457
9509,-11533.708984,-11544.651367,10.942383
9510,-9349.725586,-9554.635742,204.910156
9511,-10988.073242,-10971.116211,16.957031
9512,-11383.972656,-11375.621094,8.351562
9513,-10868.303711,-10945.296875,76.993164
9514,-11574.064453,-11575.374023,1.309570
9515,-12368.760742,-12386.158203,17.397461
9516,-10531.855469,-10534.286133,2.430664
9517,-11268.053711,-11236.575195,31.478516
9518,-10505.317383,-10501.647461,3.669922
9519,-11533.256836,-11543.754883,10.498047
9520,-11951.745117,-11913.766602,37.978516
9521,-11198.170898,-11237.297852,39.126953
9522,-10399.187500,-10363.456055,35.731445
9523,-13369.802734,-13331.088867,38.713867
9524,-8316.554688,-8426.005859,109.451172
9525,-9894.152344,-9933.515625,39.363281
9526,-10382.392578,-10441.690430,59.297852
9527,-10930.000000,-10935.908203,5.908203
9528,-10852.135742,-10880.047852,27.912109
9529,-10982.977539,-10969.349609,13.627930
9530,-11959.340820,-11917.001953,42.338867
9531,-9839.416992,-9835.689453,3.727539
9532,-12288.126953,-12280.565430,7.561523
9533,-10951.252930,-10936.360352,14.892578
9534,-12337.643555,-12352.833008,15.189453
9535,-11406.999023,-11375.336914,31.662109
9536,-12067.628906,-12030.326172,37.302734
9537,-9726.699219,-9776.983398,50.284180
9538,-12520.434570,-12522.762695,2.328125
9539,-10508.828125,-10499.261719,9.566406
9540,-11934.210938,-11946.901367,12.690430
9541,-11927.635742,-11877.774414,49.861328
9542,-11763.508789,-11745.774414,17.734375
9543,-11448.704102,-11445.529297,3.174805
9544,-11526.924805,-11509.623047,17.301758
9545,-12313.991211,-12353.213867,39.222656
9546,-11539.269531,-11543.560547,4.291016
9547,-10046.718750,-10025.010742,21.708008
9548,-10904.578125,-10873.029297,31.548828
9549,-10847.274414,-10865.818359,18.543945
9550,-11404.998047,-11447.131836,42.133789
9551,-11386.103516,-11375.021484,11.082031
9552,-12557.880859,-12553.230469,4.650391
9553,-12467.126953,-12456.703125,10.423828
9554,-10538.095703,-10531.971680,6.124023
9555,-11439.090820,-11479.816406,40.725586
9556,-10865.984375,-10832.591797,33.392578
9557,-11930.883789,-11947.595703,16.711914
9558,-10868.069336,-10869.764648,1.695312
9559,-11370.372070,-11374.470703,4.098633
9560,-11509.348633,-11511.191406,1.842773
9561,-9608.551758,-9587.114258,21.437500
9562,-11004.012695,-11003.649414,0.363281
9563,-10442.455078,-10465.675781,23.220703
9564,-11887.305664,-11882.017578,5.288086
9565,-10394.643555,-10338.617188,56.026367
9566,-12397.202148,-12352.028320,45.173828
9567,-11813.377930,-11812.470703,0.907227
9568,-12016.017578,-12015.080078,0.937500
9569,-11936.363281,-11949.614258,13.250977
9570,-10543.563477,-10534.099609,9.463867
9571,-11035.662109,-11034.537109,1.125000
9572,-11422.422852,-11444.698242,22.275391
9573,-12002.222656,-11980.557617,21.665039
9574,-12907.999023,-12926.454102,18.455078
9575,-9631.265625,-8519.231445,1112.034180
9576,-11528.354492,-11509.311523,19.042969
9577,-12773.564453,-12791.766602,18.202148
9578,-10444.152344,-10466.950195,22.797852
9579,-9459.244141,-9361.904297,97.339844
9580,-11452.502930,-11444.821289,7.681641
9581,-11503.873047,-11510.785156,6.912109
9582,-10498.136719,-10499.140625,1.003906
9583,-10973.279297,-11002.611328,29.332031
9584,-13005.160156,-12956.832031,48.328125
9585,-12473.626953,-12454.679688,18.947266
9586,-11518.582031,-11510.209961,8.372070
9587,-11024.156250,-11003.779297,20.376953
9588,-9593.550781,-9555.782227,37.768555
9589,-11377.196289,-11375.688477,1.507812
9590,-10959.041992,-10943.066406,15.975586
9591,-11859.365234,-11845.290039,14.075195
9592,-10345.805664,-10362.425781,16.620117
9593,-11475.924805,-11349.013672,126.911133
9594,-9609.732422,-9529.189453,80.542969
9595,-12726.496094,-12789.735352,63.239258
9596,-11795.138672,-11843.862305,48.723633
9597,-11940.860352,-11948.573242,7.712891
9598,-10986.957031,-11001.749023,14.791992
9599,-9849.581055,-9869.212891,19.631836
9600,-10386.674805,-10363.865234,22.809570
9601,-11956.652344,-11981.013672,24.361328
9602,-10775.438477,-10832.862305,57.423828
9603,-10515.984375,-10500.197266,15.787109
9604,-11583.987305,-11575.630859,8.356445
9605,-10841.111328,-10904.350586,63.239258
9606,-11011.632812,-11002.263672,9.369141
9607,-11486.917969,-11477.105469,9.812500
9608,-11876.864258,-11916.385742,39.521484
9609,-11970.886719,-11946.242188,24.644531
9610,-11587.528320,-11575.888672,11.639648
9611,-11520.844727,-11512.206055,8.638672
9612,-11367.996094,-11511.025391,143.029297
9613,-12324.285156,-12354.024414,29.739258
9614,-9594.566406,-9588.395508,6.170898
9615,-11386.941406,-11372.998047,13.943359
9616,-9575.080078,-9587.575195,12.495117
9617,-10988.248047,-10971.296875,16.951172
9618,-9625.934570,-9391.386719,234.547852
9619,-13005.967773,-13008.006836,2.039062
9620,-12008.767578,-11982.155273,26.612305
9621,-11428.801758,-11406.702148,22.099609
9622,-11813.325195,-11812.201172,1.124023
9623,-10540.939453,-10533.478516,7.460938
9624,-12018.959961,-11982.428711,36.531250
9625,-11471.519531,-11478.579102,7.059570
9626,-11460.886719,-11476.743164,15.856445
9627,-7728.227051,-7819.998047,91.770996
9628,-9524.199219,-9521.655273,2.543945
9629,-12409.914062,-12386.124023,23.790039
9630,-11566.849609,-11576.933594,10.083984
9631,-6669.182129,-6785.535156,116.353027
9632,-11565.866211,-11543.577148,22.289062
9633,-12547.574219,-12553.166992,5.592773
9634,-12550.421875,-12553.933594,3.511719
9635,-11525.236328,-11544.075195,18.838867
9636,-10254.373047,-10329.737305,75.364258
9637,-10342.224609,-10109.157227,233.067383
9638,-11336.863281,-11341.897461,5.034180
9639,-11460.979492,-11510.336914,49.357422
9640,-12540.993164,-12553.195312,12.202148
9641,-11466.374023,-11479.611328,13.237305
9642,-11369.198242,-11374.943359,5.745117
9643,-12516.603516,-12521.320312,4.716797
9644,-10289.970703,-10338.378906,48.408203
9645,-10519.045898,-10531.879883,12.833984
9646,-11558.161133,-11542.715820,15.445312
9647,-11576.204102,-11575.668945,0.535156
9648,-11863.773438,-11882.886719,19.113281
9649,-10247.085938,-10304.455078,57.369141
9650,-12526.574219,-12522.086914,4.487305
9651,-11312.181641,-11340.419922,28.238281
9652,-9445.447266,-9496.335938,50.888672
9653,-11022.463867,-11003.419922,19.043945
9654,-9894.740234,-9932.683594,37.943359
9655,-11391.348633,-11374.125977,17.222656
9656,-11463.202148,-11484.851562,21.649414
9657,-11472.825195,-11477.855469,5.030273
9658,-11474.521484,-11477.678711,3.157227
9659,-10505.681641,-10499.140625,6.541016
9660,-10550.396484,-10532.014648,18.381836
9661,-11858.330078,-11843.591797,14.738281
9662,-12449.961914,-12417.814453,32.147461
9663,-11584.437500,-11543.645508,40.791992
9664,-11457.723633,-11316.481445,141.242188
9665,-11348.695312,-11341.043945,7.651367
9666,-9245.137695,-9296.025391,50.887695
9667,-13522.081055,-13531.975586,9.894531
9668,-11428.984375,-11439.951172,10.966797
9669,-11867.940430,-11914.860352,46.919922
9670,-11469.075195,-11477.313477,8.238281
9671,-6613.987305,-6783.609375,169.622070
9672,-9437.641602,-9489.184570,51.542969
9673,-10536.327148,-10531.700195,4.626953
9674,-10531.095703,-10532.500000,1.404297
9675,-11365.958008,-11373.620117,7.662109
9676,-11503.650391,-11509.537109,5.886719
9677,-11821.523438,-11811.632812,9.890625
9678,-9573.888672,-9521.941406,51.947266
9679,-9959.884766,-9924.620117,35.264648
9680,-10906.236328,-10934.909180,28.672852
9681,-9935.128906,-9990.663086,55.534180
9682,-11982.859375,-11979.812500,3.046875
9683,-10901.950195,-10937.156250,35.206055
9684,-9349.005859,-9429.471680,80.465820
9685,-10961.967773,-10970.032227,8.064453
9686,-10964.601562,-10967.852539,3.250977
9687,-11482.741211,-11477.594727,5.146484
9688,-9209.621094,-8708.456055,501.165039
9689,-9495.368164,-9496.651367,1.283203
9690,-10565.222656,-10566.666016,1.443359
9691,-9877.734375,-9898.040039,20.305664
9692,-11404.688477,-11373.893555,30.794922
9693,-11215.638672,-11239.767578,24.128906
9694,-10370.505859,-10363.888672,6.617188
9695,-11478.614258,-11479.345703,0.731445
9696,-10921.492188,-10911.385742,10.106445
9697,-12887.721680,-12894.736328,7.014648
9698,-10478.654297,-10499.195312,20.541016
9699,-11504.246094,-11511.590820,7.344727
9700,-9529.171875,-9529.184570,0.012695
9701,-11978.503906,-11981.350586,2.846680
9702,-10405.889648,-10396.589844,9.299805
9703,-11492.927734,-11510.264648,17.336914
9704,-12555.410156,-12522.144531,33.265625
9705,-10375.401367,-10396.238281,20.836914
9706,-11406.218750,-11407.491211,1.272461
9707,-10727.228516,-10801.145508,73.916992
9708,-12810.540039,-12789.539062,21.000977
9709,-10903.426758,-10833.377930,70.048828
9710,-10766.881836,-10743.579102,23.302734
9711,-12569.804688,-12554.553711,15.250977
9712,-9564.278320,-9554.937500,9.340820
9713,-8909.760742,-8833.507812,76.252930
9714,-11525.311523,-11509.430664,15.880859
9715,-9607.131836,-9495.949219,111.182617
9716,-10968.151367,-10969.127930,0.976562
9717,-10573.900391,-10565.261719,8.638672
9718,-11494.500000,-11510.473633,15.973633
9719,-10250.259766,-10336.732422,86.472656
9720,-11939.648438,-11947.446289,7.797852
9721,-10566.226562,-10565.871094,0.355469
9722,-10478.622070,-10465.952148,12.669922
9723,-11977.521484,-11981.203125,3.681641
9724,-10971.708984,-10967.427734,4.281250
9725,-12398.700195,-12386.388672,12.311523
9726,-11474.647461,-11477.969727,3.322266
9727,-12730.533203,-12791.507812,60.974609
9728,-10976.978516,-10969.690430,7.288086
9729,-11385.442383,-11406.393555,20.951172
9730,-10957.682617,-10970.668945,12.986328
9731,-10553.060547,-10565.821289,12.760742
9732,-10369.377930,-10397.338867,27.960938
9733,-9314.612305,-8887.648438,426.963867
9734,-10449.408203,-10429.397461,20.010742
9735,-9993.359375,-9991.471680,1.887695
9736,-12516.528320,-12523.122070,6.593750
9737,-10889.644531,-10969.573242,79.928711
9738,-10498.957031,-10498.712891,0.244141
9739,-9646.410156,-9620.882812,25.527344
9740,-10566.479492,-10565.209961,1.269531
9741,-9536.602539,-9520.221680,16.380859
9742,-11500.877930,-11509.739258,8.861328
9743,-11507.299805,-11510.200195,2.900391
9744,-10961.375000,-10970.232422,8.857422
9745,-10343.116211,-10396.352539,53.236328
9746,-9923.539062,-9927.194336,3.655273
9747,-11984.629883,-11980.650391,3.979492
9748,-12552.792969,-12555.217773,2.424805
9749,-12315.061523,-12354.789062,39.727539
9750,-9932.486328,-9926.009766,6.476562
9751,-11950.866211,-11948.012695,2.853516
9752,-9971.799805,-9927.495117,44.304688
9753,-11949.268555,-11948.867188,0.401367
9754,-10422.418945,-10473.832031,51.413086
9755,-9535.470703,-9554.636719,19.166016
9756,-11951.570312,-11948.517578,3.052734
9757,-9439.185547,-9555.819336,116.633789
9758,-12908.897461,-12894.759766,14.137695
9759,-12416.126953,-12384.561523,31.565430
9760,-12510.167969,-12523.139648,12.971680
9761,-10404.405273,-10430.246094,25.840820
9762,-11518.835938,-11510.544922,8.291016
9763,-10971.647461,-10967.336914,4.310547
9764,-12981.398438,-12926.750000,54.648438
9765,-11477.494141,-11476.948242,0.545898
9766,-10510.036133,-10498.593750,11.442383
9767,-12501.352539,-12489.033203,12.319336
9768,-11484.492188,-11479.492188,5.000000
9769,-10441.878906,-10397.116211,44.762695
9770,-11502.572266,-11508.953125,6.380859
9771,-13244.964844,-13328.607422,83.642578
9772,-10491.845703,-10465.554688,26.291016
9773,-10530.283203,-10532.591797,2.308594
9774,-12071.002930,-12029.694336,41.308594
9775,-10946.721680,-10936.107422,10.614258
9776,-11976.091797,-11980.785156,4.693359
9777,-10567.643555,-10565.334961,2.308594
9778,-13481.202148,-13441.637695,39.564453
9779,-11547.436523,-11543.407227,4.029297
9780,-10539.603516,-10533.618164,5.985352
9781,-11999.712891,-12012.341797,12.628906
9782,-10933.253906,-10969.559570,36.305664
9783,-10963.459961,-10935.141602,28.318359
9784,-12913.941406,-12892.837891,21.103516
9785,-10519.707031,-10531.707031,12.000000
9786,-11938.143555,-11947.565430,9.421875
9787,-11287.249023,-11375.249023,88.000000
9788,-11996.000000,-11981.239258,14.760742
9789,-12458.883789,-12488.769531,29.885742
9790,-11499.405273,-11509.754883,10.349609
9791,-11833.257812,-11844.401367,11.143555
9792,-9915.931641,-9923.591797,7.660156
9793,-5210.624023,-5311.302246,100.678223
9794,-9948.734375,-9842.638672,106.095703
9795,-11999.434570,-11982.275391,17.159180
9796,-10870.119141,-10936.662109,66.542969
9797,-11503.389648,-11510.897461,7.507812
9798,-11147.768555,-11180.566406,32.797852
9799,-11219.798828,-11239.256836,19.458008
9800,-11272.448242,-11238.699219,33.749023
9801,-11015.069336,-11003.856445,11.212891
9802,-11555.388672,-11543.541016,11.847656
9803,-11533.999023,-11511.951172,22.047852
9804,-11995.534180,-11981.702148,13.832031
9805,-11291.898438,-11238.544922,53.353516
9806,-11385.270508,-11407.930664,22.660156
9807,-11910.419922,-11915.553711,5.133789
9808,-6764.007324,-6786.448242,22.440918
9809,-11968.977539,-11981.402344,12.424805
9810,-10771.038086,-10770.010742,1.027344
9811,-12480.794922,-12489.092773,8.297852
9812,-10414.272461,-10395.789062,18.483398
9813,-11528.283203,-11543.755859,15.472656
9814,-11939.226562,-11915.304688,23.921875
9815,-10550.649414,-10531.995117,18.654297
9816,-10441.030273,-10396.231445,44.798828
9817,-10969.430664,-10968.592773,0.837891
9818,-9605.785156,-9589.017578,16.767578
9819,-10991.354492,-10970.291992,21.062500
9820,-9543.964844,-9520.834961,23.129883
9821,-12424.800781,-12352.204102,72.596680
9822,-11450.056641,-11447.483398,2.573242
9823,-11260.509766,-11238.765625,21.744141
9824,-10537.176758,-10533.110352,4.066406
9825,-10047.452148,-10023.216797,24.235352
9826,-10403.036133,-10393.116211,9.919922
9827,-12352.555664,-12351.568359,0.987305
9828,-14740.536133,-14742.636719,2.100586
9829,-10367.820312,-10397.054688,29.234375
9830,-11903.782227,-11915.216797,11.434570
9831,-11643.997070,-11609.258789,34.738281
9832,-10532.355469,-10532.614258,0.258789
9833,-9906.175781,-9897.000000,9.175781
9834,-10203.833008,-10203.326172,0.506836
9835,-10486.319336,-10467.645508,18.673828
9836,-11031.008789,-11002.342773,28.666016
9837,-10019.448242,-10024.096680,4.648438
9838,-10990.175781,-10970.859375,19.316406
9839,-11919.405273,-11914.241211,5.164062
9840,-10682.096680,-10877.824219,195.727539
9841,-9456.181641,-9405.492188,50.689453
9842,-7861.405273,-7855.410156,5.995117
9843,-10937.477539,-10934.832031,2.645508
9844,-10912.034180,-10905.001953,7.032227
9845,-10973.013672,-10968.541992,4.471680
9846,-10986.452148,-11001.692383,15.240234
9847,-10548.095703,-10377.409180,170.686523
9848,-10008.296875,-9990.018555,18.278320
9849,-11486.147461,-11510.894531,24.747070
9850,-11937.382812,-11981.001953,43.619141
9851,-11983.229492,-11980.733398,2.496094
9852,-12824.383789,-12822.707031,1.676758
9853,-10967.608398,-11035.672852,68.064453
9854,-9956.694336,-9934.579102,22.115234
9855,-11947.958984,-11981.239258,33.280273
9856,-10341.444336,-10361.613281,20.168945
9857,-10946.980469,-10936.659180,10.321289
9858,-10973.423828,-10969.153320,4.270508
9859,-10960.256836,-10969.618164,9.361328
9860,-12222.354492,-11889.869141,332.485352
9861,-10602.780273,-10475.554688,127.225586
9862,-10896.705078,-10900.803711,4.098633
9863,-10909.188477,-10867.076172,42.112305
9864,-11889.159180,-11844.395508,44.763672
9865,-11347.636719,-11349.805664,2.168945
9866,-9502.712891,-9486.835938,15.876953
9867,-11925.280273,-11915.239258,10.041016
9868,-12529.145508,-12521.955078,7.190430
9869,-11896.537109,-11914.033203,17.496094
9870,-9749.090820,-9706.983398,42.107422
9871,-10007.475586,-9990.190430,17.285156
9872,-12350.474609,-12383.646484,33.171875
9873,-11428.422852,-11452.235352,23.812500
9874,-11240.457031,-11238.577148,1.879883
9875,-10380.065430,-10362.033203,18.032227
9876,-10814.330078,-10800.717773,13.612305
9877,-10343.557617,-10409.390625,65.833008
9878,-10937.411133,-10935.375977,2.035156
9879,-12898.193359,-12926.980469,28.787109
9880,-11510.349609,-11511.374023,1.024414
9881,-10341.867188,-10409.282227,67.415039
9882,-12393.209961,-12384.964844,8.245117
9883,-11544.959961,-11510.210938,34.749023
9884,-12373.256836,-12352.467773,20.789062
9885,-11955.948242,-11945.760742,10.187500
9886,-9933.609375,-9901.117188,32.492188
9887,-7980.007324,-9555.156250,1575.148926
9888,-11398.382812,-11374.583008,23.799805
9889,-11324.924805,-11270.804688,54.120117
9890,-9545.853516,-9437.762695,108.090820
9891,-9312.193359,-9406.673828,94.480469
9892,-10960.857422,-10969.162109,8.304688
9893,-11387.990234,-11420.528320,32.538086
9894,-10510.248047,-10532.062500,21.814453
9895,-9915.007812,-9902.164062,12.843750
9896,-11975.635742,-11980.958984,5.323242
9897,-12337.037109,-12354.196289,17.159180
9898,-11423.201172,-11544.125977,120.924805
9899,-11832.170898,-11845.863281,13.692383
9900,-11412.625977,-11406.176758,6.449219
9901,-11840.169922,-11811.019531,29.150391
9902,-10536.068359,-10532.394531,3.673828
9903,-10368.661133,-10337.955078,30.706055
9904,-11485.035156,-11509.443359,24.408203
9905,-10584.156250,-10567.265625,16.890625
9906,-12387.178711,-12382.469727,4.708984
9907,-11545.889648,-11543.083008,2.806641
9908,-10508.537109,-10499.848633,8.688477
9909,-10510.887695,-10564.212891,53.325195
9910,-10832.468750,-10741.968750,90.500000
9911,-12489.781250,-12489.819336,0.038086
9912,-12500.500000,-12489.294922,11.205078
9913,-10984.752930,-10971.216797,13.536133
9914,-12976.166016,-12892.965820,83.200195
9915,-11826.183594,-11812.352539,13.831055
9916,-11347.343750,-11340.667969,6.675781
9917,-10622.291992,-10631.541016,9.249023
9918,-10954.810547,-10936.833984,17.976562
9919,-10990.190430,-10969.365234,20.825195
9920,-11946.875000,-11982.408203,35.533203
9921,-11217.165039,-11177.096680,40.068359
9922,-12879.070312,-12926.099609,47.029297
9923,-11913.073242,-11914.936523,1.863281
9924,-11724.444336,-11706.666992,17.777344
9925,-11518.847656,-11508.209961,10.637695
9926,-10496.515625,-10500.180664,3.665039
9927,-9939.238281,-9934.386719,4.851562
9928,-9896.031250,-9934.311523,38.280273
9929,-12989.080078,-12927.398438,61.681641
9930,-10741.871094,-10847.349609,105.478516
9931,-11498.084961,-11510.668945,12.583984
9932,-11462.967773,-11452.273438,10.694336
9933,-12494.911133,-12521.251953,26.340820
9934,-12913.296875,-12925.631836,12.334961
9935,-10034.094727,-10024.189453,9.905273
9936,-13841.068359,-13446.982422,394.085938
9937,-10396.615234,-10396.086914,0.528320
9938,-16455.894531,-16504.414062,48.519531
9939,-10538.430664,-10533.800781,4.629883
9940,-10413.922852,-10364.093750,49.829102
9941,-12506.521484,-12521.672852,15.151367
9942,-10967.650391,-10935.685547,31.964844
9943,-11599.503906,-11609.093750,9.589844
9944,-10946.344727,-10936.341797,10.002930
9945,-11953.517578,-11948.009766,5.507812
9946,-10503.895508,-10498.939453,4.956055
9947,-7161.515625,-7223.017578,61.501953
9948,-9635.019531,-9620.896484,14.123047
9949,-10852.761719,-10846.279297,6.482422
9950,-11413.773438,-11407.270508,6.502930
9951,-10968.074219,-10968.932617,0.858398
9952,-12301.419922,-12352.535156,51.115234
9953,-12311.028320,-12354.295898,43.267578
9954,-12950.391602,-12958.676758,8.285156
9955,-12516.931641,-12520.215820,3.284180
9956,-11389.010742,-11375.020508,13.990234
9957,-11793.250000,-11779.791992,13.458008
9958,-12387.363281,-12318.093750,69.269531
9959,-11503.330078,-11510.415039,7.084961
9960,-11227.646484,-11239.084961,11.438477
9961,-11519.509766,-11510.541992,8.967773
9962,-11384.420898,-11407.842773,23.421875
9963,-11439.730469,-11407.803711,31.926758
9964,-10514.348633,-10533.371094,19.022461
9965,-12242.828125,-12249.817383,6.989258
9966,-10491.665039,-10441.434570,50.230469
9967,-9537.594727,-9521.118164,16.476562
9968,-10735.262695,-10740.436523,5.173828
9969,-12787.024414,-12789.948242,2.923828
9970,-11932.559570,-11915.829102,16.730469
9971,-12001.259766,-11981.056641,20.203125
9972,-12988.428711,-12959.135742,29.292969
9973,-12698.993164,-12862.077148,163.083984
9974,-10431.622070,-10474.990234,43.368164
9975,-10563.516602,-10566.028320,2.511719
9976,-10339.926758,-10306.513672,33.413086
9977,-10557.586914,-10534.474609,23.112305
9978,-12321.054688,-12318.874023,2.180664
9979,-9361.679688,-9397.745117,36.065430
9980,-11350.864258,-11413.902344,63.038086
9981,-9914.383789,-9923.578125,9.194336
9982,-10092.933594,-10329.404297,236.470703
9983,-10575.857422,-10565.113281,10.744141
9984,-11857.663086,-11843.666992,13.996094
9985,-11383.235352,-11375.229492,8.005859
9986,-11926.298828,-11948.891602,22.592773
9987,-10985.848633,-10969.889648,15.958984
9988,-10477.041016,-10499.469727,22.428711
9989,-10939.296875,-10971.114258,31.817383
9990,-11616.142578,-11575.791016,40.351562
9991,-11907.954102,-11915.809570,7.855469
9992,-9942.624023,-9927.635742,14.988281
9993,-9639.405273,-9620.857422,18.547852
9994,-11493.327148,-11510.787109,17.459961
9995,-9521.925781,-9490.382812,31.542969
9996,-12163.265625,-12181.678711,18.413086
9997,-11391.378906,-11371.492188,19.886719
9998,-12938.096680,-12925.821289,12.275391
9999,-8520.814453,-9523.380859,1002.566406
10000,-10971.339844,-10970.260742,1.079102
10001,-11969.293945,-11980.153320,10.859375
10002,-9945.657227,-9923.563477,22.093750
10003,-10572.583984,-10565.367188,7.216797
10004,-10913.764648,-10937.085938,23.321289
10005,-12900.726562,-12892.115234,8.611328
10006,-12824.571289,-12853.639648,29.068359
10007,-11507.081055,-11510.680664,3.599609
10008,-10422.504883,-10395.918945,26.585938
10009,-11228.417969,-11239.283203,10.865234
10010,-11478.109375,-11480.122070,2.012695
10011,-10492.905273,-10499.480469,6.575195
10012,-11404.173828,-11452.132812,47.958984
10013,-11552.159180,-11576.536133,24.376953
10014,-10306.646484,-10200.699219,105.947266
10015,-11309.900391,-11307.932617,1.967773
10016,-12233.938477,-12354.243164,120.304688
10017,-11793.955078,-11811.854492,17.899414
10018,-11962.140625,-11948.417969,13.722656
10019,-10907.602539,-10911.843750,4.241211
10020,-10965.416992,-10968.788086,3.371094
10021,-15252.343750,-15898.055664,645.711914
10022,-12438.932617,-12455.234375,16.301758
10023,-10460.833984,-10465.896484,5.062500
10024,-10962.473633,-10968.205078,5.731445
10025,-9564.382812,-8921.228516,643.154297
10026,-9606.093750,-8921.498047,684.595703
10027,-11960.825195,-11948.846680,11.978516
10028,-11338.214844,-11342.455078,4.240234
10029,-12516.366211,-12522.327148,5.960938
10030,-9335.026367,-9404.483398,69.457031
10031,-8970.411133,-8864.100586,106.310547
10032,-10366.822266,-10410.938477,44.116211
10033,-10960.414062,-10968.930664,8.516602
10034,-11499.105469,-11510.215820,11.110352
10035,-11807.081055,-11780.213867,26.867188
10036,-11543.643555,-11542.691406,0.952148
10037,-9875.760742,-9835.723633,40.037109
10038,-12399.661133,-12385.677734,13.983398
10039,-10582.918945,-10566.783203,16.135742
10040,-8356.116211,-8393.832031,37.715820
10041,-10925.602539,-10901.479492,24.123047
10042,-11746.954102,-11741.316406,5.637695
10043,-11366.598633,-11373.054688,6.456055
10044,-12264.636719,-12352.825195,88.188477
10045,-11001.311523,-10911.850586,89.460938
10046,-9448.034180,-9496.091797,48.057617
10047,-9550.691406,-9521.800781,28.890625
10048,-10924.920898,-10900.928711,23.992188
10049,-10498.213867,-10500.997070,2.783203
10050,-9536.147461,-9554.401367,18.253906
10051,-10377.357422,-10361.794922,15.562500
10052,-11908.412109,-11914.851562,6.439453
10053,-11956.970703,-11947.810547,9.160156
10054,-12487.625000,-12488.558594,0.933594
10055,-9972.613281,-9960.340820,12.272461
10056,-10461.158203,-10466.761719,5.603516
10057,-12467.418945,-12490.001953,22.583008
10058,-10480.195312,-10464.756836,15.438477
10059,-9965.919922,-9958.505859,7.414062
10060,-10481.909180,-10465.074219,16.834961
10061,-10546.343750,-10532.381836,13.961914
10062,-11850.198242,-11946.980469,96.782227
10063,-12485.581055,-12488.736328,3.155273
10064,-11442.523438,-11406.489258,36.034180
10065,-11970.799805,-11949.362305,21.437500
10066,-11921.111328,-11913.510742,7.600586
10067,-11500.899414,-11509.890625,8.991211
10068,-11525.755859,-11511.026367,14.729492
10069,-11556.057617,-11543.420898,12.636719
10070,-10497.941406,-10501.734375,3.792969
10071,-8770.223633,-8921.637695,151.414062
10072,-11860.154297,-11982.542969,122.388672
10073,-12377.751953,-12419.442383,41.690430
10074,-11977.800781,-11978.901367,1.100586
10075,-11532.480469,-11511.376953,21.103516
10076,-11423.440430,-11408.528320,14.912109
10077,-10593.405273,-10598.253906,4.848633
10078,-10406.248047,-10474.537109,68.289062
10079,-11303.601562,-11303.607422,0.005859
10080,-10545.174805,-10532.887695,12.287109
10081,-10539.449219,-10532.181641,7.267578
10082,-10381.355469,-10441.708984,60.353516
10083,-10360.932617,-10202.147461,158.785156
10084,-9439.652344,-9497.643555,57.991211
10085,-9490.975586,-9496.077148,5.101562
10086,-11860.004883,-11915.528320,55.523438
10087,-10343.498047,-10328.447266,15.050781
10088,-10355.394531,-10333.693359,21.701172
10089,-11582.546875,-11576.778320,5.768555
10090,-9742.421875,-9866.754883,124.333008
10091,-12536.148438,-12554.412109,18.263672
10092,-9292.699219,-8451.590820,841.108398
10093,-9453.812500,-9463.570312,9.757812
10094,-10363.688477,-10362.837891,0.850586
10095,-9502.952148,-9588.783203,85.831055
10096,-10576.718750,-10566.136719,10.582031
10097,-10444.318359,-10534.394531,90.076172
10098,-12310.131836,-12321.292969,11.161133
10099,-11580.729492,-11575.619141,5.110352
10100,-11545.324219,-11543.721680,1.602539
10101,-12285.875977,-12321.855469,35.979492
10102,-11545.570312,-11543.826172,1.744141
10103,-12369.621094,-12353.643555,15.977539
10104,-11985.461914,-11948.877930,36.583984
10105,-9657.254883,-9589.121094,68.133789
10106,-11054.652344,-11036.875977,17.776367
10107,-13375.675781,-13432.067383,56.391602
10108,-9412.315430,-7383.828613,2028.486816
10109,-13824.871094,-13905.365234,80.494141
10110,-11833.701172,-11846.031250,12.330078
10111,-11474.489258,-11475.924805,1.435547
10112,-11942.924805,-11979.196289,36.271484
10113,-12489.694336,-12489.553711,0.140625
10114,-10361.894531,-10337.725586,24.168945
10115,-10952.730469,-10936.896484,15.833984
10116,-9559.581055,-9562.615234,3.034180
10117,-11962.123047,-11949.382812,12.740234
10118,-10982.270508,-10968.644531,13.625977
10119,-9793.628906,-9798.073242,4.444336
10120,-11451.532227,-11477.911133,26.378906
10121,-11568.624023,-11577.306641,8.682617
10122,-12435.021484,-12487.555664,52.534180
10123,-10901.885742,-10904.055664,2.169922
10124,-11242.183594,-11237.844727,4.338867
10125,-10906.393555,-10905.165039,1.228516
10126,-12978.577148,-12960.072266,18.504883
10127,-11376.791016,-11445.621094,68.830078
10128,-12563.683594,-12555.352539,8.331055
10129,-9903.980469,-9931.878906,27.898438
10130,-11581.234375,-11543.821289,37.413086
10131,-11526.464844,-11485.238281,41.226562
10132,-10367.732422,-10395.773438,28.041016
10133,-10975.831055,-11001.521484,25.690430
10134,-10977.091797,-10969.429688,7.662109
10135,-10410.433594,-10429.964844,19.531250
10136,-11911.367188,-11948.263672,36.896484
10137,-10153.654297,-10432.789062,279.134766
10138,-9315.631836,-9523.602539,207.970703
10139,-10375.583984,-10442.930664,67.346680
10140,-11904.875000,-12014.263672,109.388672
10141,-11399.016602,-11408.017578,9.000977
10142,-11311.552734,-11309.928711,1.624023
10143,-12433.702148,-12453.489258,19.787109
10144,-12928.017578,-12959.350586,31.333008
10145,-12008.192383,-11982.241211,25.951172
10146,-11777.555664,-11811.379883,33.824219
10147,-10562.845703,-10566.160156,3.314453
10148,-9735.428711,-9869.226562,133.797852
10149,-11571.439453,-11576.918945,5.479492
10150,-10967.862305,-10968.871094,1.008789
10151,-10471.875000,-10533.598633,61.723633
10152,-12816.539062,-12821.313477,4.774414
10153,-10900.981445,-10903.669922,2.688477
10154,-9956.696289,-9965.556641,8.860352
10155,-11827.744141,-11812.062500,15.681641
10156,-8433.072266,-8369.313477,63.758789
10157,-10978.424805,-10971.116211,7.308594
10158,-12015.920898,-12014.568359,1.352539
10159,-9882.685547,-9866.832031,15.853516
10160,-12014.499023,-11980.521484,33.977539
10161,-10070.800781,-9797.435547,273.365234
10162,-10947.270508,-10970.520508,23.250000
10163,-11560.340820,-11543.708984,16.631836
10164,-11592.642578,-11576.217773,16.424805
10165,-11992.054688,-11981.248047,10.806641
10166,-9908.651367,-9935.449219,26.797852
10167,-10301.817383,-10397.728516,95.911133
10168,-11976.244141,-11980.599609,4.355469
10169,-10977.833008,-10971.168945,6.664062
10170,-10553.258789,-10532.071289,21.187500
10171,-12015.837891,-11948.808594,67.029297
10172,-11513.843750,-11510.749023,3.094727
10173,-10989.002930,-11003.938477,14.935547
10174,-12531.613281,-12521.842773,9.770508
10175,-9866.617188,-9893.271484,26.654297
10176,-11960.839844,-11949.015625,11.824219
10177,-11939.674805,-11914.954102,24.720703
10178,-11371.540039,-11375.483398,3.943359
10179,-10547.436523,-10533.243164,14.193359
10180,-10891.036133,-10934.649414,43.613281
10181,-12345.212891,-12320.428711,24.784180
10182,-11389.763672,-11375.322266,14.441406
10183,-10294.187500,-10364.552734,70.365234
10184,-10571.844727,-10564.974609,6.870117
10185,-11497.119141,-11479.875977,17.243164
10186,-11336.853516,-11342.036133,5.182617
10187,-11394.172852,-11307.945312,86.227539
10188,-11294.924805,-11343.777344,48.852539
10189,-10719.738281,-10833.739258,114.000977
10190,-8349.608398,-8486.777344,137.168945
10191,-11401.875000,-11452.340820,50.465820
10192,-11961.821289,-11947.235352,14.585938
10193,-11547.386719,-11544.971680,2.415039
10194,-11470.990234,-11476.890625,5.900391
10195,-9543.745117,-9555.675781,11.930664
10196,-10932.081055,-10936.116211,4.035156
10197,-12252.324219,-12386.066406,133.742188
10198,-11485.066406,-11478.585938,6.480469
10199,-8915.142578,-9588.941406,673.798828
10200,-10533.478516,-10534.117188,0.638672
10201,-10438.393555,-10498.659180,60.265625
10202,-13102.326172,-13396.286133,293.959961
10203,-12907.500000,-12892.924805,14.575195
10204,-10920.791992,-10937.362305,16.570312
10205,-10407.337891,-10395.991211,11.346680
10206,-12401.613281,-12354.107422,47.505859
10207,-10797.230469,-10832.660156,35.429688
10208,-12947.091797,-12926.268555,20.823242
10209,-11514.667969,-11509.833008,4.834961
10210,-10869.582031,-10912.155273,42.573242
10211,-9584.879883,-9268.516602,316.363281
10212,-12525.569336,-12521.862305,3.707031
10213,-10579.809570,-10566.237305,13.572266
10214,-9778.162109,-9797.704102,19.541992
10215,-10940.368164,-10969.349609,28.981445
10216,-10371.844727,-10362.977539,8.867188
10217,-10506.466797,-10500.699219,5.767578
10218,-11373.731445,-11373.596680,0.134766
10219,-11772.455078,-11748.082031,24.373047
10220,-9991.378906,-10023.676758,32.297852
10221,-11005.494141,-11002.364258,3.129883
10222,-9565.011719,-9554.428711,10.583008
10223,-11570.453125,-11543.689453,26.763672
10224,-10954.916016,-10935.948242,18.967773
10225,-11451.316406,-11476.265625,24.949219
10226,-9935.386719,-9932.605469,2.781250
10227,-12390.052734,-12384.911133,5.141602
10228,-10602.710938,-10598.424805,4.286133
10229,-9851.134766,-9898.569336,47.434570
10230,-9947.854492,-9958.973633,11.119141
10231,-11475.117188,-11439.830078,35.287109
10232,-9301.130859,-9293.033203,8.097656
10233,-12943.853516,-12991.736328,47.882812
10234,-11355.255859,-11375.016602,19.760742
10235,-11944.700195,-11946.343750,1.643555
10236,-10489.483398,-10498.863281,9.379883
10237,-11457.878906,-11444.715820,13.163086
10238,-9987.744141,-9902.748047,84.996094
10239,-11536.664062,-11543.646484,6.982422
10240,-10575.993164,-10565.519531,10.473633
10241,-9506.373047,-9495.958984,10.414062
10242,-10594.163086,-10566.222656,27.940430
10243,-11485.993164,-11509.607422,23.614258
10244,-10491.653320,-10500.343750,8.690430
10245,-10852.287109,-10833.668945,18.618164
10246,-11489.466797,-11477.674805,11.791992
10247,-11986.813477,-11982.551758,4.261719
10248,-9585.888672,-9587.547852,1.659180
10249,-11006.287109,-11001.780273,4.506836
10250,-11527.342773,-11510.378906,16.963867
10251,-11377.925781,-11336.967773,40.958008
10252,-10982.263672,-10971.314453,10.949219
10253,-9971.929688,-9932.443359,39.486328
10254,-11930.384766,-11948.376953,17.992188
10255,-9507.434570,-9488.522461,18.912109
10256,-10915.499023,-10937.643555,22.144531
10257,-11486.347656,-11478.414062,7.933594
10258,-11538.259766,-11543.656250,5.396484
10259,-12250.888672,-12247.765625,3.123047
10260,-11039.755859,-11034.475586,5.280273
10261,-11523.409180,-11510.604492,12.804688
10262,-13473.967773,-13499.264648,25.296875
10263,-11326.231445,-11304.311523,21.919922
10264,-11550.719727,-11576.961914,26.242188
10265,-11771.186523,-11388.118164,383.068359
10266,-9071.590820,-8892.746094,178.844727
10267,-10480.826172,-10441.693359,39.132812
10268,-10972.087891,-10968.171875,3.916016
10269,-10573.972656,-10564.785156,9.187500
10270,-13009.898438,-12958.473633,51.424805
10271,-12389.693359,-12385.905273,3.788086
10272,-12365.500000,-12385.511719,20.011719
10273,-8428.904297,-8426.239258,2.665039
10274,-11570.207031,-11576.086914,5.879883
10275,-10874.476562,-10904.744141,30.267578
10276,-10743.252930,-10769.551758,26.298828
10277,-10451.005859,-10474.407227,23.401367
10278,-11643.558594,-11593.588867,49.969727
10279,-10927.077148,-10936.135742,9.058594
10280,-10360.442383,-10441.591797,81.149414
10281,-13453.063477,-13443.417969,9.645508
10282,-11930.346680,-11947.874023,17.527344
10283,-10528.178711,-10533.533203,5.354492
10284,-10443.901367,-10465.898438,21.997070
10285,-13213.872070,-13225.990234,12.118164
10286,-10412.913086,-10430.113281,17.200195
10287,-10028.050781,-9990.901367,37.149414
10288,-11950.013672,-11948.917969,1.095703
10289,-11911.041992,-11946.268555,35.226562
10290,-10923.692383,-10937.700195,14.007812
10291,-11429.835938,-11439.885742,10.049805
10292,-11015.065430,-11001.912109,13.153320
10293,-12927.138672,-12926.984375,0.154297
10294,-8869.306641,-8830.930664,38.375977
10295,-13390.445312,-13549.156250,158.710938
10296,-10956.535156,-10945.442383,11.092773
10297,-10961.022461,-10845.681641,115.340820
10298,-11935.745117,-11949.436523,13.691406
10299,-11184.292969,-11271.623047,87.330078
10300,-11379.654297,-11374.665039,4.989258
10301,-11001.910156,-11001.291016,0.619141
10302,-12210.272461,-12216.561523,6.289062
10303,-11509.264648,-11511.898438,2.633789
10304,-11400.331055,-11407.837891,7.506836
10305,-10911.778320,-10903.042969,8.735352
10306,-13227.046875,-13227.756836,0.709961
10307,-11955.719727,-11949.015625,6.704102
10308,-10923.696289,-10936.991211,13.294922
10309,-9413.293945,-9462.783203,49.489258
10310,-11500.764648,-11509.453125,8.688477
10311,-10532.966797,-10533.041016,0.074219
10312,-11011.144531,-11001.978516,9.166016
10313,-11667.255859,-11317.120117,350.135742
10314,-10494.496094,-10501.075195,6.579102
10315,-11942.250977,-11943.925781,1.674805
10316,-10491.478516,-10497.629883,6.151367
10317,-12552.572266,-12554.408203,1.835938
10318,-13480.548828,-13468.000977,12.547852
10319,-8947.146484,-8888.897461,58.249023
10320,-10353.794922,-10409.791016,55.996094
10321,-12554.313477,-12553.729492,0.583984
10322,-9462.303711,-9463.004883,0.701172
10323,-10926.450195,-10935.922852,9.472656
10324,-11415.462891,-11407.093750,8.369141
10325,-10788.021484,-10880.860352,92.838867
10326,-11542.535156,-11543.637695,1.102539
10327,-12558.113281,-12554.311523,3.801758
10328,-11593.159180,-11576.913086,16.246094
10329,-11875.504883,-11833.987305,41.517578
10330,-11332.131836,-11342.085938,9.954102
10331,-12468.781250,-12487.580078,18.798828
10332,-11928.864258,-11914.708008,14.156250
10333,-11938.843750,-11914.400391,24.443359
10334,-10544.096680,-10533.743164,10.353516
10335,-11453.458984,-11608.845703,155.386719
10336,-12561.938477,-12554.239258,7.699219
10337,-11501.519531,-11509.539062,8.019531
10338,-11312.109375,-11341.793945,29.684570
10339,-11746.128906,-11746.897461,0.768555
10340,-9875.822266,-9867.407227,8.415039
10341,-10533.544922,-10533.371094,0.173828
10342,-11544.929688,-11511.917969,33.011719
10343,-11543.966797,-11511.836914,32.129883
10344,-9980.587891,-9925.518555,55.069336
10345,-11919.716797,-11947.893555,28.176758
10346,-10528.512695,-10531.181641,2.668945
10347,-12638.095703,-12571.589844,66.505859
10348,-10852.949219,-10834.458984,18.490234
10349,-10884.361328,-10904.039062,19.677734
10350,-10623.422852,-10599.681641,23.741211
10351,-10936.447266,-10938.637695,2.190430
10352,-10543.045898,-10532.169922,10.875977
10353,-12397.208984,-12352.973633,44.235352
10354,-9873.547852,-10026.011719,152.463867
10355,-10942.440430,-10936.432617,6.007812
10356,-10841.529297,-10971.734375,130.205078
10357,-12324.907227,-12319.814453,5.092773
10358,-11429.415039,-11407.502930,21.912109
10359,-11314.671875,-11340.247070,25.575195
10360,-10903.817383,-10905.154297,1.336914
10361,-11451.388672,-11475.826172,24.437500
10362,-10982.011719,-10969.439453,12.572266
10363,-12477.669922,-12521.419922,43.750000
10364,-11872.375977,-10415.205078,1457.170898
10365,-11494.048828,-11509.559570,15.510742
10366,-11760.775391,-11914.691406,153.916016
10367,-9420.779297,-9522.873047,102.093750
10368,-10932.924805,-10937.846680,4.921875
10369,-10887.714844,-10869.615234,18.099609
10370,-10572.485352,-10565.383789,7.101562
10371,-12003.163086,-11980.600586,22.562500
10372,-12913.965820,-12892.503906,21.461914
10373,-12542.843750,-12553.916016,11.072266
10374,-12493.648438,-12521.489258,27.840820
10375,-11454.129883,-11476.018555,21.888672
10376,-9600.869141,-9589.095703,11.773438
10377,-12517.031250,-12522.990234,5.958984
10378,-11197.631836,-11237.793945,40.162109
10379,-11960.185547,-11916.024414,44.161133
10380,-11316.557617,-11343.405273,26.847656
10381,-11884.441406,-11881.748047,2.693359
10382,-10848.337891,-10846.750000,1.587891
10383,-8247.598633,-7854.683594,392.915039
10384,-10890.431641,-10911.685547,21.253906
10385,-12968.837891,-12958.813477,10.024414
10386,-12507.885742,-12523.003906,15.118164
10387,-9936.162109,-9901.455078,34.707031
10388,-12522.501953,-12520.425781,2.076172
10389,-11501.540039,-11512.868164,11.328125
10390,-10439.679688,-10476.595703,36.916016
10391,-11929.114258,-11949.656250,20.541992
10392,-11536.734375,-11544.030273,7.295898
10393,-10533.186523,-10534.632812,1.446289
10394,-12009.982422,-11981.146484,28.835938
10395,-10547.629883,-10532.838867,14.791016
10396,-8839.651367,-8896.770508,57.119141
10397,-10889.814453,-10911.389648,21.575195
10398,-9453.054688,-9261.865234,191.189453
10399,-11505.457031,-11509.878906,4.421875
10400,-11947.541016,-11947.335938,0.205078
10401,-10414.301758,-10408.322266,5.979492
10402,-11350.784180,-11374.569336,23.785156
10403,-11953.507812,-11982.076172,28.568359
10404,-11493.741211,-11510.952148,17.210938
10405,-11764.864258,-11747.865234,16.999023
10406,-10817.372070,-10877.138672,59.766602
10407,-9554.091797,-9554.394531,0.302734
10408,-11363.043945,-11373.475586,10.431641
10409,-10412.565430,-10442.195312,29.629883
10410,-11540.804688,-11542.677734,1.873047
10411,-10494.503906,-10499.638672,5.134766
10412,-10926.522461,-10937.193359,10.670898
10413,-12487.199219,-12488.666992,1.467773
10414,-12541.252930,-12554.476562,13.223633
10415,-10972.870117,-10971.166016,1.704102
10416,-12757.083008,-12894.514648,137.431641
10417,-11938.879883,-11949.097656,10.217773
10418,-10999.944336,-10944.282227,55.662109
10419,-11378.527344,-11408.748047,30.220703
10420,-11389.006836,-11373.972656,15.034180
10421,-11862.125977,-11914.028320,51.902344
10422,-10463.627930,-10464.805664,1.177734
10423,-9504.584961,-9429.712891,74.872070
10424,-10501.760742,-10499.686523,2.074219
10425,-12455.630859,-12417.597656,38.033203
10426,-11942.170898,-11947.677734,5.506836
10427,-9457.277344,-9268.471680,188.805664
10428,-9490.512695,-9489.056641,1.456055
10429,-10997.511719,-11003.402344,5.890625
10430,-9921.304688,-9898.792969,22.511719
10431,-11385.612305,-11374.612305,11.000000
10432,-8110.218750,-7795.696777,314.521973
10433,-10893.265625,-10912.916992,19.651367
10434,-9537.602539,-9521.926758,15.675781
10435,-11530.638672,-11509.688477,20.950195
10436,-10934.414062,-10968.195312,33.781250
10437,-10441.521484,-10441.197266,0.324219
10438,-13340.208008,-13330.695312,9.512695
10439,-10931.587891,-10877.157227,54.430664
10440,-9483.880859,-9404.603516,79.277344
10441,-12509.250977,-12520.544922,11.293945
10442,-9498.896484,-9489.164062,9.732422
10443,-10989.533203,-10969.122070,20.411133
10444,-10779.849609,-10775.204102,4.645508
10445,-11950.605469,-11945.708984,4.896484
10446,-11944.697266,-11916.230469,28.466797
10447,-10972.394531,-10971.127930,1.266602
10448,-11968.456055,-11949.583008,18.873047
10449,-11977.379883,-11948.092773,29.287109
10450,-11474.884766,-11477.314453,2.429688
10451,-10496.634766,-10499.649414,3.014648
10452,-11364.774414,-11340.498047,24.276367
10453,-11874.510742,-11883.600586,9.089844
10454,-10499.229492,-10500.283203,1.053711
10455,-11737.298828,-11754.306641,17.007812
10456,-10999.814453,-11002.716797,2.902344
10457,-12409.291016,-12386.133789,23.157227
10458,-10534.082031,-10532.459961,1.622070
10459,-10565.099609,-10565.209961,0.110352
10460,-8454.594727,-8460.439453,5.844727
10461,-12515.452148,-12554.912109,39.459961
10462,-10929.230469,-10937.253906,8.023438
10463,-11907.877930,-11882.373047,25.504883
10464,-9324.297852,-9464.414062,140.116211
10465,-10976.071289,-10968.696289,7.375000
10466,-10979.356445,-10968.894531,10.461914
10467,-11383.095703,-11374.581055,8.514648
10468,-14574.722656,-14640.038086,65.315430
10469,-11805.764648,-11844.686523,38.921875
10470,-11436.482422,-11439.699219,3.216797
10471,-12272.405273,-12249.957031,22.448242
10472,-11783.243164,-11811.835938,28.592773
10473,-11427.674805,-11405.041992,22.632812
10474,-11503.002930,-11478.618164,24.384766
10475,-9917.819336,-9934.570312,16.750977
10476,-9449.163086,-7382.581543,2066.581543
10477,-10966.625000,-10969.592773,2.967773
10478,-9871.433594,-9834.702148,36.731445
10479,-11517.631836,-11544.214844,26.583008
10480,-11944.125000,-11947.819336,3.694336
10481,-12427.613281,-12456.007812,28.394531
10482,-11945.953125,-11948.473633,2.520508
10483,-12270.392578,-12281.683594,11.291016
10484,-10574.980469,-10565.955078,9.025391
10485,-10350.499023,-10364.126953,13.627930
10486,-10429.936523,-10474.312500,44.375977
10487,-11895.353516,-11915.809570,20.456055
10488,-9989.541992,-9957.397461,32.144531
10489,-11774.549805,-11810.405273,35.855469
10490,-10561.075195,-10565.228516,4.153320
10491,-12471.617188,-12456.004883,15.612305
10492,-10998.966797,-11002.985352,4.018555
10493,-12840.871094,-12791.423828,49.447266
10494,-9545.265625,-9520.879883,24.385742
10495,-11542.888672,-11543.350586,0.461914
10496,-10473.895508,-10429.011719,44.883789
10497,-11544.743164,-11542.595703,2.147461
10498,-10539.133789,-10533.265625,5.868164
10499,-9334.752930,-8418.801758,915.951172
10500,-10924.012695,-10937.672852,13.660156
10501,-10982.712891,-10970.885742,11.827148
10502,-11019.420898,-10970.054688,49.366211
10503,-11587.305664,-11576.759766,10.545898
10504,-11362.384766,-11372.842773,10.458008
10505,-10898.322266,-10903.875977,5.553711
10506,-7735.385742,-7828.643066,93.257324
10507,-12215.857422,-12249.101562,33.244141
10508,-11525.128906,-11544.541992,19.413086
10509,-11888.164062,-11914.479492,26.315430
10510,-12513.843750,-12521.391602,7.547852
10511,-9494.480469,-9587.699219,93.218750
10512,-11377.917969,-11372.471680,5.446289
10513,-8301.166016,-8291.151367,10.014648
10514,-10314.399414,-10329.299805,14.900391
10515,-12528.690430,-12554.243164,25.552734
10516,-11549.005859,-11720.478516,171.472656
10517,-10921.079102,-10866.899414,54.179688
10518,-10503.945312,-10500.721680,3.223633
10519,-10978.596680,-10969.737305,8.859375
10520,-9886.412109,-9764.324219,122.087891
10521,-9913.771484,-9959.218750,45.447266
10522,-10888.171875,-10902.349609,14.177734
10523,-11493.543945,-11476.052734,17.491211
10524,-12371.488281,-12418.953125,47.464844
10525,-9574.205078,-9555.990234,18.214844
10526,-11829.357422,-11813.731445,15.625977
10527,-11914.440430,-11915.304688,0.864258
10528,-9976.923828,-9958.349609,18.574219
10529,-11533.951172,-11544.443359,10.492188
10530,-12153.828125,-12411.254883,257.426758
10531,-11902.491211,-11915.449219,12.958008
10532,-10533.031250,-10533.291992,0.260742
10533,-11540.742188,-11542.796875,2.054688
10534,-10291.724609,-10338.393555,46.668945
10535,-10853.572266,-10878.315430,24.743164
10536,-10588.691406,-10598.426758,9.735352
10537,-10547.312500,-10531.900391,15.412109
10538,-11459.034180,-11510.180664,51.146484
10539,-10624.360352,-10598.388672,25.971680
10540,-10951.135742,-10970.153320,19.017578
10541,-9440.327148,-9496.433594,56.106445
10542,-10946.928711,-10937.440430,9.488281
10543,-12538.398438,-12554.065430,15.666992
10544,-12372.108398,-12353.729492,18.378906
10545,-12449.750000,-12456.691406,6.941406
10546,-11826.124023,-11722.726562,103.397461
10547,-10916.863281,-10902.941406,13.921875
10548,-8902.489258,-8864.656250,37.833008
10549,-11949.936523,-11949.108398,0.828125
10550,-9476.979492,-9522.877930,45.898438
10551,-10550.489258,-10564.754883,14.265625
10552,-9550.261719,-9554.759766,4.498047
10553,-11798.139648,-11780.133789,18.005859
10554,-10513.496094,-10497.032227,16.463867
10555,-11497.900391,-11476.574219,21.326172
10556,-9426.358398,-8520.072266,906.286133
10557,-11459.383789,-11509.772461,50.388672
10558,-11981.968750,-11979.434570,2.534180
10559,-9729.575195,-9562.290039,167.285156
10560,-7839.123047,-7450.830078,388.292969
10561,-12456.359375,-12455.894531,0.464844
10562,-10492.765625,-10501.173828,8.408203
10563,-8727.452148,-8729.226562,1.774414
10564,-10533.096680,-10532.277344,0.819336
10565,-12737.329102,-12479.372070,257.957031
10566,-11875.345703,-11948.274414,72.928711
10567,-8726.677734,-8552.536133,174.141602
10568,-12527.649414,-12521.625000,6.024414
10569,-11960.271484,-11981.564453,21.292969
10570,-10920.134766,-10935.385742,15.250977
10571,-11796.634766,-11812.044922,15.410156
10572,-12535.901367,-12521.813477,14.087891
10573,-9465.890625,-9488.556641,22.666016
10574,-9418.785156,-9520.414062,101.628906
10575,-10965.337891,-10970.200195,4.862305
10576,-9608.584961,-9587.727539,20.857422
10577,-12315.079102,-12451.109375,136.030273
10578,-11472.747070,-11478.574219,5.827148
10579,-11978.500977,-11915.782227,62.718750
10580,-12485.413086,-12488.807617,3.394531
10581,-9777.474609,-9960.616211,183.141602
10582,-11368.298828,-11374.011719,5.712891
10583,-10554.063477,-10532.361328,21.702148
10584,-11389.411133,-11373.749023,15.662109
10585,-11315.031250,-11238.913086,76.118164
10586,-11458.798828,-11476.222656,17.423828
10587,-11534.961914,-11541.418945,6.457031
10588,-11902.118164,-11913.794922,11.676758
10589,-11560.595703,-11543.730469,16.865234
10590,-9970.432617,-9957.541992,12.890625
10591,-10540.708008,-10533.549805,7.158203
10592,-10924.501953,-10903.947266,20.554688
10593,-10521.283203,-10507.019531,14.263672
10594,-11483.737305,-11477.198242,6.539062
10595,-11851.738281,-11844.058594,7.679688
10596,-12727.361328,-11889.750977,837.610352
10597,-10940.538086,-10936.045898,4.492188
10598,-9283.945312,-10023.862305,739.916992
10599,-12235.661133,-12249.624023,13.962891
10600,-9907.643555,-9859.752930,47.890625
10601,-12535.625000,-12522.357422,13.267578
10602,-11370.792969,-11376.347656,5.554688
10603,-9972.784180,-9957.873047,14.911133
10604,-10869.654297,-10905.017578,35.363281
10605,-9883.790039,-9934.832031,51.041992
10606,-11555.734375,-11543.587891,12.146484
10607,-9400.968750,-9405.266602,4.297852
10608,-12788.597656,-12756.633789,31.963867
10609,-12941.614258,-12926.751953,14.862305
10610,-12476.958008,-12522.453125,45.495117
10611,-11334.464844,-11308.604492,25.860352
10612,-10951.908203,-10936.454102,15.454102
10613,-11475.582031,-11477.610352,2.028320
10614,-8441.566406,-8460.257812,18.691406
10615,-12322.713867,-12352.591797,29.877930
10616,-10793.138672,-10802.229492,9.090820
10617,-12371.328125,-12386.829102,15.500977
10618,-9861.890625,-9960.895508,99.004883
10619,-10912.530273,-10902.727539,9.802734
10620,-10906.520508,-10903.872070,2.648438
10621,-11379.850586,-11374.855469,4.995117
10622,-9914.656250,-9935.426758,20.770508
10623,-11367.218750,-11374.541992,7.323242
10624,-10441.458984,-10427.252930,14.206055
10625,-11489.020508,-11484.604492,4.416016
10626,-10956.411133,-10939.301758,17.109375
10627,-11513.694336,-11479.320312,34.374023
10628,-9804.422852,-9866.061523,61.638672
10629,-11516.674805,-11509.826172,6.848633
10630,-11520.802734,-11509.577148,11.225586
10631,-10596.111328,-10599.291016,3.179688
10632,-11510.965820,-11510.922852,0.042969
10633,-9839.761719,-9924.231445,84.469727
10634,-9101.841797,-9328.552734,226.710938
10635,-13531.096680,-13500.494141,30.602539
10636,-11939.611328,-11946.875000,7.263672
10637,-9385.859375,-9463.818359,77.958984
10638,-11411.115234,-11408.313477,2.801758
10639,-12365.181641,-12353.721680,11.459961
10640,-9556.991211,-9522.643555,34.347656
10641,-10935.373047,-10935.457031,0.083984
10642,-11972.920898,-11948.400391,24.520508
10643,-11947.728516,-11948.846680,1.118164
10644,-11365.536133,-11342.265625,23.270508
10645,-12431.586914,-12418.753906,12.833008
10646,-11544.492188,-11542.743164,1.749023
10647,-10574.850586,-10566.566406,8.284180
10648,-9437.138672,-9437.515625,0.376953
10649,-11481.444336,-11478.179688,3.264648
10650,-10537.954102,-10531.828125,6.125977
10651,-12329.690430,-12351.608398,21.917969
10652,-12531.283203,-12554.155273,22.872070
10653,-10459.916992,-10466.783203,6.866211
10654,-11528.104492,-11509.540039,18.564453
10655,-10585.660156,-10566.165039,19.495117
10656,-7512.379883,-9588.088867,2075.708984
10657,-10482.429688,-10499.600586,17.170898
10658,-10956.744141,-10937.782227,18.961914
10659,-10937.895508,-10937.224609,0.670898
10660,-13028.565430,-12960.288086,68.277344
10661,-12960.634766,-12956.534180,4.100586
10662,-10412.163086,-10430.081055,17.917969
10663,-12507.022461,-12520.909180,13.886719
10664,-13514.779297,-13500.138672,14.640625
10665,-11532.786133,-11542.932617,10.146484
10666,-10957.331055,-10937.395508,19.935547
10667,-10910.010742,-10937.163086,27.152344
10668,-11650.897461,-11811.431641,160.534180
10669,-10547.953125,-10532.272461,15.680664
10670,-12962.478516,-12959.145508,3.333008
10671,-12707.270508,-12757.426758,50.156250
10672,-10532.583008,-10534.599609,2.016602
10673,-11507.687500,-11510.190430,2.502930
10674,-11904.249023,-11915.894531,11.645508
10675,-11505.165039,-11509.778320,4.613281
10676,-9376.747070,-8486.846680,889.900391
10677,-9985.335938,-9957.375000,27.960938
10678,-11365.175781,-11375.335938,10.160156
10679,-10576.418945,-10567.267578,9.151367
10680,-9529.087891,-9556.082031,26.994141
10681,-10387.360352,-10398.244141,10.883789
10682,-12481.336914,-12489.407227,8.070312
10683,-10947.297852,-10939.632812,7.665039
10684,-10987.611328,-10969.843750,17.767578
10685,-11998.996094,-12012.454102,13.458008
10686,-11415.354492,-11375.554688,39.799805
10687,-10226.381836,-10306.495117,80.113281
10688,-10381.487305,-10364.334961,17.152344
10689,-11492.201172,-11477.613281,14.587891
10690,-11987.883789,-11948.161133,39.722656
10691,-10317.443359,-10364.399414,46.956055
10692,-11588.324219,-11575.718750,12.605469
10693,-11405.408203,-11407.704102,2.295898
10694,-10880.984375,-10877.889648,3.094727
10695,-10522.471680,-10532.390625,9.918945
10696,-10536.214844,-10533.103516,3.111328
10697,-11497.138672,-11507.529297,10.390625
10698,-9673.053711,-9653.914062,19.139648
10699,-10578.910156,-10565.912109,12.998047
10700,-9507.209961,-9589.051758,81.841797
10701,-10523.187500,-10498.826172,24.361328
10702,-12254.584961,-12249.992188,4.592773
10703,-11968.435547,-11978.081055,9.645508
10704,-11909.414062,-11947.119141,37.705078
10705,-8602.376953,-8518.624023,83.752930
10706,-10572.191406,-10565.127930,7.063477
10707,-9994.241211,-9989.869141,4.372070
10708,-13937.777344,-13447.014648,490.762695
10709,-10335.363281,-10330.336914,5.026367
10710,-10540.691406,-10531.643555,9.047852
10711,-9971.549805,-9957.811523,13.738281
10712,-10973.362305,-10970.408203,2.954102
10713,-10979.945312,-10971.860352,8.084961
10714,-12515.626953,-12522.094727,6.467773
10715,-9912.947266,-9926.499023,13.551758
10716,-11949.229492,-11948.663086,0.566406
10717,-12914.785156,-12860.322266,54.462891
10718,-10451.154297,-10337.257812,113.896484
10719,-10542.613281,-10533.255859,9.357422
10720,-11499.312500,-11509.350586,10.038086
10721,-11925.402344,-11915.634766,9.767578
10722,-9586.773438,-9554.712891,32.060547
10723,-10927.842773,-10936.989258,9.146484
10724,-9529.271484,-9431.920898,97.350586
10725,-11593.771484,-11576.695312,17.076172
10726,-13436.528320,-13444.219727,7.691406
10727,-9549.501953,-8486.002930,1063.499023
10728,-12312.315430,-12155.478516,156.836914
10729,-12200.444336,-12215.811523,15.367188
10730,-9437.423828,-9462.910156,25.486328
10731,-11867.621094,-11813.686523,53.934570
10732,-10465.352539,-10468.809570,3.457031
10733,-9256.935547,-8451.982422,804.953125
10734,-10937.699219,-10939.191406,1.492188
10735,-9433.109375,-9529.389648,96.280273
10736,-10628.517578,-10742.187500,113.669922
10737,-10310.543945,-10396.708008,86.164062
10738,-11450.918945,-11453.284180,2.365234
10739,-11344.245117,-11373.287109,29.041992
10740,-11576.158203,-11576.584961,0.426758
10741,-11001.805664,-11003.686523,1.880859
10742,-12472.281250,-12385.157227,87.124023
10743,-13527.937500,-13467.064453,60.873047
10744,-10403.313477,-10365.254883,38.058594
10745,-9880.286133,-9960.754883,80.468750
10746,-11463.039062,-11444.115234,18.923828
10747,-11580.657227,-11543.115234,37.541992
10748,-10962.889648,-10969.436523,6.546875
10749,-12444.839844,-12454.734375,9.894531
10750,-11008.210938,-11001.541016,6.669922
10751,-11905.988281,-11947.008789,41.020508
10752,-12490.569336,-12489.754883,0.814453
10753,-16422.324219,-16471.908203,49.583984
10754,-10528.910156,-10532.120117,3.209961
10755,-11005.807617,-11002.381836,3.425781
10756,-12503.530273,-12489.645508,13.884766
10757,-11320.666016,-11307.813477,12.852539
10758,-11945.258789,-11948.332031,3.073242
10759,-9440.490234,-9430.953125,9.537109
10760,-10813.638672,-10833.486328,19.847656
10761,-11509.523438,-11511.641602,2.118164
10762,-11433.293945,-11443.847656,10.553711
10763,-10539.545898,-10532.846680,6.699219
10764,-12304.798828,-12288.597656,16.201172
10765,-10529.130859,-10533.581055,4.450195
10766,-10513.040039,-10369.066406,143.973633
10767,-10520.854492,-10475.159180,45.695312
10768,-11461.587891,-11478.218750,16.630859
10769,-11948.009766,-11949.125977,1.116211
10770,-10873.969727,-10834.166016,39.803711
10771,-12457.178711,-12417.944336,39.234375
10772,-11919.126953,-11914.790039,4.336914
10773,-10570.019531,-10565.350586,4.668945
10774,-8547.602539,-8452.115234,95.487305
10775,-11002.492188,-11003.417969,0.925781
10776,-9398.330078,-9429.341797,31.011719
10777,-11417.684570,-11445.026367,27.341797
10778,-10947.585938,-10970.825195,23.239258
10779,-10330.122070,-10365.373047,35.250977
10780,-11877.571289,-11844.975586,32.595703
10781,-10938.961914,-10935.910156,3.051758
10782,-11460.050781,-11453.498047,6.552734
10783,-10932.589844,-10935.923828,3.333984
10784,-11360.401367,-11343.452148,16.949219
10785,-12663.631836,-12685.914062,22.282227
10786,-12067.583984,-11937.458008,130.125977
10787,-10577.630859,-10566.366211,11.264648
10788,-11456.275391,-11479.020508,22.745117
10789,-16300.060547,-16471.070312,171.009766
10790,-11941.194336,-11948.029297,6.834961
10791,-10907.373047,-10905.806641,1.566406
10792,-11815.555664,-11811.322266,4.233398
10793,-12228.740234,-12214.929688,13.810547
10794,-11524.642578,-11511.785156,12.857422
10795,-12882.227539,-12892.671875,10.444336
10796,-10511.174805,-10532.460938,21.286133
10797,-11004.892578,-11034.919922,30.027344
10798,-10600.906250,-10598.332031,2.574219
10799,-12529.645508,-12522.251953,7.393555
10800,-9410.769531,-9462.064453,51.294922
10801,-11853.512695,-11916.574219,63.061523
10802,-11970.500977,-11980.489258,9.988281
10803,-10966.096680,-10968.670898,2.574219
10804,-11407.731445,-11404.698242,3.033203
10805,-12461.358398,-12455.759766,5.598633
10806,-10532.526367,-10533.832031,1.305664
10807,-11530.799805,-11542.925781,12.125977
10808,-12891.743164,-12892.942383,1.199219
10809,-11411.496094,-11407.986328,3.509766
10810,-9450.022461,-9463.511719,13.489258
10811,-10549.057617,-10532.827148,16.230469
10812,-11806.823242,-11890.601562,83.778320
10813,-11326.558594,-11342.046875,15.488281
10814,-9588.677734,-9495.697266,92.980469
10815,-12750.810547,-12790.139648,39.329102
10816,-11514.833984,-11511.551758,3.282227
10817,-11904.453125,-11915.987305,11.534180
10818,-10926.833984,-10933.805664,6.971680
10819,-13059.445312,-13007.396484,52.048828
10820,-11016.618164,-11034.764648,18.146484
10821,-8713.980469,-8485.316406,228.664062
10822,-9444.361328,-9463.016602,18.655273
10823,-11811.562500,-11810.304688,1.257812
10824,-10835.258789,-10839.882812,4.624023
10825,-10020.407227,-9991.087891,29.319336
10826,-10543.631836,-10533.107422,10.524414
10827,-11898.712891,-11878.176758,20.536133
10828,-11817.870117,-11811.758789,6.111328
10829,-11039.216797,-11034.709961,4.506836
10830,-11991.228516,-12014.712891,23.484375
10831,-10971.617188,-10970.313477,1.303711
10832,-10573.297852,-10565.612305,7.685547
10833,-9247.349609,-9357.549805,110.200195
10834,-10492.492188,-10499.864258,7.372070
10835,-10967.889648,-10970.356445,2.466797
10836,-12462.962891,-12456.191406,6.771484
10837,-10506.404297,-10599.066406,92.662109
10838,-11403.692383,-11439.610352,35.917969
10839,-11869.614258,-11883.355469,13.741211
10840,-11413.986328,-11374.188477,39.797852
10841,-12782.826172,-12789.830078,7.003906
10842,-11937.107422,-11948.978516,11.871094
10843,-10953.367188,-10937.148438,16.218750
10844,-12379.344727,-12488.158203,108.813477
10845,-13307.693359,-13332.350586,24.657227
10846,-12309.562500,-12321.391602,11.829102
10847,-9905.988281,-9902.782227,3.206055
10848,-11928.192383,-11949.339844,21.147461
10849,-11915.029297,-11916.241211,1.211914
10850,-11400.123047,-11405.785156,5.662109
10851,-11395.832031,-11375.408203,20.423828
10852,-10538.934570,-10566.612305,27.677734
10853,-11853.255859,-11884.559570,31.303711
10854,-9847.306641,-9899.943359,52.636719
10855,-10480.976562,-10473.792969,7.183594
10856,-9971.779297,-9933.166016,38.613281
10857,-11923.645508,-11915.583008,8.062500
10858,-9524.699219,-9496.822266,27.876953
10859,-11851.269531,-11844.695312,6.574219
10860,-12435.422852,-12418.190430,17.232422
10861,-12910.067383,-12895.113281,14.954102
10862,-11470.673828,-11477.069336,6.395508
10863,-8936.134766,-8865.208984,70.925781
10864,-11724.817383,-11707.866211,16.951172
10865,-12475.190430,-12456.887695,18.302734
10866,-11125.508789,-11317.166016,191.657227
10867,-10724.556641,-10776.213867,51.657227
10868,-12315.888672,-12385.866211,69.977539
10869,-11342.414062,-11341.363281,1.050781
10870,-12116.709961,-11316.415039,800.294922
10871,-9961.367188,-9957.228516,4.138672
10872,-11874.184570,-11981.396484,107.211914
10873,-9585.167969,-9529.424805,55.743164
10874,-11583.317383,-11575.779297,7.538086
10875,-8936.076172,-8864.957031,71.119141
10876,-9817.052734,-9870.495117,53.442383
10877,-11904.975586,-11913.538086,8.562500
10878,-12542.892578,-12554.979492,12.086914
10879,-10996.945312,-10969.188477,27.756836
10880,-10020.527344,-9992.371094,28.156250
10881,-10982.736328,-10969.366211,13.370117
10882,-10373.859375,-10362.531250,11.328125
10883,-11463.564453,-11444.399414,19.165039
10884,-10669.931641,-10671.065430,1.133789
10885,-11380.302734,-11419.833984,39.531250
10886,-9512.201172,-9489.584961,22.616211
10887,-10559.039062,-10533.117188,25.921875
10888,-11761.959961,-11779.993164,18.033203
10889,-11943.244141,-11947.918945,4.674805
10890,-11390.591797,-11374.079102,16.512695
10891,-12930.614258,-12924.962891,5.651367
10892,-9987.907227,-9991.559570,3.652344
10893,-11903.206055,-11914.465820,11.259766
10894,-11488.913086,-11509.356445,20.443359
10895,-11975.501953,-11979.979492,4.477539
10896,-8955.521484,-8519.884766,435.636719
10897,-11032.968750,-11034.755859,1.787109
10898,-12531.776367,-12522.810547,8.965820
10899,-9898.098633,-9901.352539,3.253906
10900,-11531.079102,-11542.680664,11.601562
10901,-11004.916016,-10968.425781,36.490234
10902,-12905.352539,-12926.256836,20.904297
10903,-10531.365234,-10533.131836,1.766602
10904,-10976.190430,-10967.979492,8.210938
10905,-10864.974609,-10880.581055,15.606445
10906,-12345.336914,-12373.382812,28.045898
10907,-10569.892578,-10565.126953,4.765625
10908,-9817.943359,-9834.985352,17.041992
10909,-11496.418945,-11509.048828,12.629883
10910,-9571.524414,-9555.197266,16.327148
10911,-10420.382812,-10397.112305,23.270508
10912,-10947.307617,-10938.194336,9.113281
10913,-9641.630859,-8921.652344,719.978516
10914,-9531.690430,-9555.658203,23.967773
10915,-11510.866211,-11509.957031,0.909180
10916,-11962.019531,-11980.549805,18.530273
10917,-12932.795898,-12925.849609,6.946289
10918,-10566.204102,-10565.202148,1.001953
10919,-11516.369141,-11509.093750,7.275391
10920,-11546.591797,-11542.747070,3.844727
10921,-11523.052734,-11511.934570,11.118164
10922,-11541.457031,-11542.652344,1.195312
10923,-11934.177734,-11949.067383,14.889648
10924,-12541.294922,-12554.370117,13.075195
10925,-10432.961914,-10440.380859,7.418945
10926,-11100.215820,-9809.486328,1290.729492
10927,-11375.367188,-11375.611328,0.244141
10928,-10928.450195,-10938.166992,9.716797
10929,-10576.996094,-10566.571289,10.424805
10930,-11494.846680,-11512.544922,17.698242
10931,-11385.554688,-11406.818359,21.263672
10932,-12328.908203,-12384.677734,55.769531
10933,-11913.030273,-11882.253906,30.776367
10934,-11477.368164,-11439.498047,37.870117
10935,-13372.625000,-13363.089844,9.535156
10936,-11509.016602,-11509.249023,0.232422
10937,-11920.688477,-11915.299805,5.388672
10938,-9083.181641,-7762.806641,1320.375000
10939,-10380.583984,-10440.169922,59.585938
10940,-10944.147461,-10937.212891,6.934570
10941,-10886.363281,-10901.413086,15.049805
10942,-12950.307617,-12958.801758,8.494141
10943,-9982.614258,-9959.647461,22.966797
10944,-9391.916016,-9429.633789,37.717773
10945,-9886.664062,-9934.280273,47.616211
10946,-10287.082031,-10234.518555,52.563477
10947,-10432.505859,-10428.837891,3.667969
10948,-8249.432617,-8426.744141,177.311523
10949,-10582.229492,-10566.095703,16.133789
10950,-11965.875000,-11948.212891,17.662109
10951,-10958.650391,-10969.936523,11.286133
10952,-12397.158203,-12417.463867,20.305664
10953,-11518.117188,-11511.809570,6.307617
10954,-11860.529297,-11882.936523,22.407227
10955,-11824.646484,-11844.272461,19.625977
10956,-10975.289062,-10937.963867,37.325195
10957,-11626.933594,-11576.014648,50.918945
10958,-11524.841797,-11511.509766,13.332031
10959,-11504.392578,-11508.245117,3.852539
10960,-9476.812500,-9327.639648,149.172852
10961,-11414.828125,-11406.362305,8.465820
10962,-10818.344727,-10866.963867,48.619141
10963,-12487.609375,-12488.044922,0.435547
10964,-11510.848633,-11511.168945,0.320312
10965,-12537.630859,-12554.465820,16.834961
10966,-11350.831055,-11341.040039,9.791016
10967,-10983.278320,-10969.514648,13.763672
10968,-9898.006836,-9901.397461,3.390625
10969,-11399.849609,-11410.557617,10.708008
10970,-9479.434570,-9497.310547,17.875977
10971,-9482.805664,-9489.413086,6.607422
10972,-11891.959961,-11880.822266,11.137695
10973,-10428.215820,-10395.801758,32.414062
10974,-12026.679688,-12012.728516,13.951172
10975,-10502.492188,-10498.161133,4.331055
10976,-11567.305664,-11543.004883,24.300781
10977,-11941.665039,-11948.662109,6.997070
10978,-11509.130859,-11543.721680,34.590820
10979,-8809.263672,-8452.342773,356.920898
10980,-11518.287109,-11478.259766,40.027344
10981,-10532.739258,-10565.114258,32.375000
10982,-11517.530273,-11373.292969,144.237305
10983,-11369.201172,-11374.704102,5.502930
10984,-11905.275391,-11914.336914,9.061523
10985,-10612.372070,-10599.140625,13.231445
10986,-10356.189453,-10397.474609,41.285156
10987,-9945.160156,-9891.791016,53.369141
10988,-11554.526367,-11543.858398,10.667969
10989,-11476.470703,-11476.549805,0.079102
10990,-12932.919922,-13008.584961,75.665039
10991,-10817.064453,-10878.682617,61.618164
10992,-10527.618164,-10533.752930,6.134766
10993,-11521.902344,-11510.964844,10.937500
10994,-12552.817383,-12553.200195,0.382812
10995,-10858.670898,-10833.949219,24.721680
10996,-11401.974609,-11375.799805,26.174805
10997,-11530.277344,-11544.209961,13.932617
10998,-11519.424805,-11510.855469,8.569336
10999,-10615.906250,-10598.200195,17.706055
11000,-11952.999023,-11949.041992,3.957031
11001,-12923.823242,-12927.669922,3.846680
11002,-12772.053711,-12822.034180,49.980469
11003,-12498.058594,-12521.008789,22.950195
11004,-9428.942383,-9326.879883,102.062500
11005,-10434.014648,-10474.413086,40.398438
11006,-10420.397461,-10397.332031,23.065430
11007,-10546.046875,-10533.185547,12.861328
11008,-9497.015625,-9463.887695,33.127930
11009,-10434.966797,-10473.510742,38.543945
11010,-10950.235352,-10938.152344,12.083008
11011,-10577.771484,-10565.063477,12.708008
11012,-12502.591797,-12487.935547,14.656250
11013,-12563.005859,-12553.821289,9.184570
11014,-11504.002930,-11511.918945,7.916016
11015,-11583.137695,-11576.291992,6.845703
11016,-12347.619141,-12384.686523,37.067383
11017,-10543.906250,-10533.931641,9.974609
11018,-12782.282227,-12791.264648,8.982422
11019,-10449.341797,-10439.648438,9.693359
11020,-9647.797852,-7218.741211,2429.056641
11021,-11701.148438,-11778.999023,77.850586
11022,-11951.408203,-11947.723633,3.684570
11023,-10935.493164,-10938.265625,2.772461
11024,-10987.108398,-10969.431641,17.676758
11025,-11037.284180,-11002.002930,35.281250
11026,-13718.972656,-13764.689453,45.716797
11027,-9590.250977,-9621.729492,31.478516
11028,-10510.471680,-10500.493164,9.978516
11029,-11926.724609,-11917.540039,9.184570
11030,-10568.241211,-10566.205078,2.036133
11031,-11517.319336,-11507.998047,9.321289
11032,-10922.588867,-10937.431641,14.842773
11033,-9901.226562,-9833.166016,68.060547
11034,-11305.345703,-11305.610352,0.264648
11035,-10544.479492,-10533.668945,10.810547
11036,-11485.951172,-11477.555664,8.395508
11037,-9505.770508,-9522.570312,16.799805
11038,-11478.297852,-11477.318359,0.979492
11039,-9479.785156,-9458.721680,21.063477
11040,-12425.876953,-12418.383789,7.493164
11041,-11228.229492,-11205.933594,22.295898
11042,-11015.637695,-11001.356445,14.281250
11043,-12303.711914,-12319.563477,15.851562
11044,-11926.924805,-11949.056641,22.131836
11045,-10772.667969,-10770.175781,2.492188
11046,-9042.164062,-8923.709961,118.454102
11047,-11528.434570,-11508.744141,19.690430
11048,-11485.363281,-11477.468750,7.894531
11049,-10503.514648,-10500.738281,2.776367
11050,-9757.361328,-9900.945312,143.583984
11051,-12810.055664,-12789.125977,20.929688
11052,-10196.553711,-10531.850586,335.296875
11053,-11372.168945,-11374.373047,2.204102
11054,-11512.709961,-11507.706055,5.003906
11055,-10818.048828,-10799.363281,18.685547
11056,-12939.380859,-12958.025391,18.644531
11057,-10948.688477,-10937.611328,11.077148
11058,-13282.389648,-13332.416016,50.026367
11059,-11919.994141,-11915.948242,4.045898
11060,-11396.160156,-11376.104492,20.055664
11061,-11429.963867,-11407.024414,22.939453
11062,-10499.278320,-10500.432617,1.154297
11063,-9497.660156,-9496.878906,0.781250
11064,-10728.485352,-10775.934570,47.449219
11065,-10986.034180,-10969.682617,16.351562
11066,-10981.876953,-11003.358398,21.481445
11067,-10535.798828,-10532.221680,3.577148
11068,-9773.791992,-9837.384766,63.592773
11069,-10383.187500,-10397.568359,14.380859
11070,-12775.504883,-12789.249023,13.744141
11071,-10324.485352,-10362.601562,38.116211
11072,-11424.646484,-11437.897461,13.250977
11073,-10625.589844,-10598.456055,27.133789
11074,-11958.572266,-11947.977539,10.594727
11075,-10489.437500,-10468.228516,21.208984
11076,-10227.239258,-10307.174805,79.935547
11077,-11582.776367,-11542.760742,40.015625
11078,-10536.260742,-10532.518555,3.742188
11079,-9626.973633,-9620.958008,6.015625
11080,-11856.096680,-11851.512695,4.583984
11081,-11214.897461,-11239.009766,24.112305
11082,-11522.089844,-11510.890625,11.199219
11083,-13319.945312,-13297.908203,22.037109
11084,-10538.423828,-10531.846680,6.577148
11085,-12949.699219,-12927.261719,22.437500
11086,-11493.338867,-11475.884766,17.454102
11087,-10987.970703,-10970.495117,17.475586
11088,-11944.703125,-11948.313477,3.610352
11089,-11541.200195,-11544.172852,2.972656
11090,-10946.781250,-10845.271484,101.509766
11091,-11344.233398,-11342.105469,2.127930
11092,-10919.236328,-10936.953125,17.716797
11093,-12905.974609,-12894.500000,11.474609
11094,-11411.436523,-11440.353516,28.916992
11095,-9842.295898,-9866.952148,24.656250
11096,-12516.415039,-12521.590820,5.175781
11097,-10861.770508,-10835.083008,26.687500
11098,-9617.292969,-9587.597656,29.695312
11099,-12399.845703,-12386.187500,13.658203
11100,-11297.294922,-11318.628906,21.333984
11101,-10513.939453,-10498.546875,15.392578
11102,-10945.765625,-10936.816406,8.949219
11103,-11360.516602,-11341.883789,18.632812
11104,-11508.868164,-11510.524414,1.656250
11105,-11932.896484,-11914.795898,18.100586
11106,-12382.855469,-12385.857422,3.001953
11107,-8908.676758,-8862.739258,45.937500
11108,-11518.809570,-11511.907227,6.902344
11109,-12367.573242,-12384.367188,16.793945
11110,-11981.347656,-11912.466797,68.880859
11111,-10530.893555,-10534.136719,3.243164
11112,-12328.992188,-12354.078125,25.085938
11113,-7743.629883,-7853.980957,110.351074
11114,-10348.396484,-10507.814453,159.417969
11115,-11557.570312,-11543.734375,13.835938
11116,-10931.969727,-10936.951172,4.981445
11117,-11939.997070,-11948.623047,8.625977
11118,-11871.476562,-11884.113281,12.636719
11119,-15315.640625,-15292.879883,22.760742
11120,-10576.288086,-10565.396484,10.891602
11121,-13092.897461,-13007.275391,85.622070
11122,-10996.735352,-11002.591797,5.856445
11123,-11550.457031,-11542.843750,7.613281
11124,-12000.989258,-12013.821289,12.832031
11125,-11954.934570,-11948.450195,6.484375
11126,-11002.237305,-11036.599609,34.362305
11127,-12021.625000,-12013.315430,8.309570
11128,-11925.513672,-11947.931641,22.417969
11129,-11535.617188,-11543.168945,7.551758
11130,-11482.727539,-11476.096680,6.630859
11131,-11368.665039,-11374.305664,5.640625
11132,-11918.696289,-11947.390625,28.694336
11133,-11965.425781,-11948.652344,16.773438
11134,-10910.407227,-10903.194336,7.212891
11135,-11527.227539,-11543.796875,16.569336
11136,-9941.978516,-9959.811523,17.833008
11137,-11484.216797,-11474.180664,10.036133
11138,-12016.592773,-12014.111328,2.481445
11139,-12423.546875,-12386.357422,37.189453
11140,-9990.912109,-9957.033203,33.878906
11141,-11547.874023,-11543.509766,4.364258
11142,-11835.756836,-11814.070312,21.686523
11143,-10575.467773,-10565.365234,10.102539
11144,-11551.038086,-11543.849609,7.188477
11145,-10602.689453,-10599.296875,3.392578
11146,-11926.799805,-11913.028320,13.771484
11147,-11407.239258,-11408.794922,1.555664
11148,-12401.752930,-12353.386719,48.366211
11149,-11204.151367,-11271.004883,66.853516
11150,-10948.025391,-10938.569336,9.456055
11151,-14110.263672,-13985.388672,124.875000
11152,-12782.243164,-12478.051758,304.191406
11153,-11384.143555,-11374.328125,9.815430
11154,-11534.909180,-11543.930664,9.021484
11155,-9935.974609,-9959.151367,23.176758
11156,-11227.744141,-11206.149414,21.594727
11157,-10573.037109,-10566.557617,6.479492
11158,-10892.869141,-10874.745117,18.124023
11159,-10964.301758,-10933.984375,30.317383
11160,-11945.680664,-11949.877930,4.197266
11161,-10992.367188,-10971.107422,21.259766
11162,-10969.552734,-10968.150391,1.402344
11163,-11539.856445,-11544.564453,4.708008
11164,-12712.551758,-12757.321289,44.769531
11165,-9884.170898,-9834.042969,50.127930
11166,-11881.349609,-11915.268555,33.918945
11167,-9912.383789,-9866.330078,46.053711
11168,-11516.105469,-11510.607422,5.498047
11169,-11411.530273,-11408.325195,3.205078
11170,-11357.888672,-11374.036133,16.147461
11171,-10360.429688,-10363.592773,3.163086
11172,-12772.653320,-12821.705078,49.051758
11173,-12472.902344,-12454.748047,18.154297
11174,-9946.803711,-9924.458984,22.344727
11175,-12589.500000,-12586.973633,2.526367
11176,-12882.578125,-12926.330078,43.751953
11177,-10894.172852,-10906.441406,12.268555
11178,-10942.174805,-10936.955078,5.219727
11179,-12403.478516,-12417.520508,14.041992
11180,-10537.372070,-10532.478516,4.893555
11181,-11337.806641,-11340.035156,2.228516
11182,-12949.730469,-11857.370117,1092.360352
11183,-10984.221680,-10968.494141,15.727539
11184,-11587.518555,-11575.968750,11.549805
11185,-11749.104492,-11844.373047,95.268555
11186,-11956.933594,-11949.384766,7.548828
11187,-10516.999023,-10532.316406,15.317383
11188,-10791.138672,-10844.904297,53.765625
11189,-9936.081055,-9957.868164,21.787109
11190,-12522.161133,-12520.214844,1.946289
11191,-10491.715820,-10500.807617,9.091797
11192,-11973.845703,-11979.333984,5.488281
11193,-11375.450195,-11373.625977,1.824219
11194,-11294.444336,-11271.660156,22.784180
11195,-12737.655273,-12788.847656,51.192383
11196,-11051.774414,-10788.506836,263.267578
11197,-11366.179688,-11374.393555,8.213867
11198,-10833.401367,-10834.500977,1.099609
11199,-11571.716797,-11576.820312,5.103516
11200,-10116.000977,-9868.115234,247.885742
11201,-10992.654297,-11001.347656,8.693359
11202,-10991.975586,-11003.961914,11.986328
11203,-11556.784180,-11543.599609,13.184570
11204,-10937.067383,-10970.049805,32.982422
11205,-11039.168945,-10943.320312,95.848633
11206,-11400.062500,-11406.564453,6.501953
11207,-10925.708984,-10935.993164,10.284180
11208,-11969.083984,-11980.872070,11.788086
11209,-11302.343750,-11307.875000,5.531250
11210,-7420.220215,-7391.153809,29.066406
11211,-11545.778320,-11543.768555,2.009766
11212,-11367.200195,-11373.728516,6.528320
11213,-11525.068359,-11544.196289,19.127930
11214,-11491.392578,-11476.718750,14.673828
11215,-12301.935547,-12287.316406,14.619141
11216,-10966.251953,-10968.816406,2.564453
11217,-11935.680664,-11946.802734,11.122070
11218,-11005.286133,-11003.952148,1.333984
11219,-12402.358398,-12385.723633,16.634766
11220,-12508.345703,-12521.525391,13.179688
11221,-12525.625000,-12521.756836,3.868164
11222,-11573.412109,-11526.666992,46.745117
11223,-11550.484375,-11543.819336,6.665039
11224,-9524.198242,-9292.661133,231.537109
11225,-11946.635742,-11947.783203,1.147461
11226,-9291.681641,-9555.662109,263.980469
11227,-10952.441406,-10970.517578,18.076172
11228,-10526.827148,-10539.981445,13.154297
11229,-12522.696289,-12521.335938,1.360352
11230,-11408.788086,-11408.073242,0.714844
11231,-10898.766602,-10903.053711,4.287109
11232,-11487.277344,-11478.738281,8.539062
11233,-12942.742188,-12957.533203,14.791016
11234,-8195.970703,-8485.381836,289.411133
11235,-10349.666992,-10395.169922,45.502930
11236,-10618.624023,-10743.523438,124.899414
11237,-11795.990234,-11813.164062,17.173828
11238,-10973.963867,-10971.426758,2.537109
11239,-12505.461914,-12489.105469,16.356445
11240,-12975.096680,-12990.287109,15.190430
11241,-10552.876953,-10565.977539,13.100586
11242,-10954.119141,-10936.076172,18.042969
11243,-12673.417969,-12651.794922,21.623047
11244,-11515.970703,-11509.238281,6.732422
11245,-10439.570312,-10441.091797,1.521484
11246,-9488.093750,-9490.507812,2.414062
11247,-10388.096680,-10441.366211,53.269531
11248,-10838.734375,-10832.362305,6.372070
11249,-11370.593750,-11406.536133,35.942383
11250,-11976.085938,-11979.341797,3.255859
11251,-11614.285156,-11575.891602,38.393555
11252,-9004.845703,-8833.031250,171.814453
11253,-11458.312500,-11478.756836,20.444336
11254,-11027.912109,-10821.072266,206.839844
11255,-11455.345703,-11440.822266,14.523438
11256,-11947.892578,-11947.624023,0.268555
11257,-9639.530273,-9495.863281,143.666992
11258,-11544.509766,-11510.452148,34.057617
11259,-11013.124023,-11002.892578,10.231445
11260,-11499.469727,-11511.684570,12.214844
11261,-10935.593750,-10936.004883,0.411133
11262,-11920.685547,-11913.467773,7.217773
11263,-11883.387695,-11844.463867,38.923828
11264,-11937.653320,-11978.926758,41.273438
11265,-10399.407227,-10364.909180,34.498047
11266,-12264.775391,-12281.178711,16.403320
11267,-10525.275391,-10532.863281,7.587891
11268,-10515.212891,-10532.250977,17.038086
11269,-11509.206055,-11510.181641,0.975586
11270,-10541.891602,-10531.804688,10.086914
11271,-13332.049805,-13332.410156,0.360352
11272,-11815.042969,-11812.359375,2.683594
11273,-10934.506836,-10936.647461,2.140625
11274,-6338.932129,-6186.184082,152.748047
11275,-6679.513672,-5657.703613,1021.810059
11276,-9464.199219,-9463.237305,0.961914
11277,-12473.703125,-12490.294922,16.591797
11278,-10447.736328,-10376.899414,70.836914
11279,-10823.987305,-10878.427734,54.440430
11280,-9516.705078,-9327.822266,188.882812
11281,-10889.615234,-10904.970703,15.355469
11282,-10948.042969,-10936.085938,11.957031
11283,-12574.356445,-12554.713867,19.642578
11284,-11771.034180,-11754.008789,17.025391
11285,-12383.553711,-12352.921875,30.631836
11286,-11550.541992,-11543.740234,6.801758
11287,-10981.131836,-10971.702148,9.429688
11288,-10618.966797,-10565.326172,53.640625
11289,-11981.827148,-11979.830078,1.997070
11290,-11856.240234,-11845.461914,10.778320
11291,-11535.697266,-11542.476562,6.779297
11292,-10983.785156,-10967.893555,15.891602
11293,-11683.805664,-11676.706055,7.099609
11294,-11315.091797,-11342.935547,27.843750
11295,-11159.806641,-11443.447266,283.640625
11296,-11375.975586,-11375.116211,0.859375
11297,-10950.948242,-10937.671875,13.276367
11298,-10015.927734,-9829.847656,186.080078
11299,-10494.540039,-10497.320312,2.780273
11300,-11496.052734,-11476.166992,19.885742
11301,-10962.346680,-10937.679688,24.666992
11302,-10439.083984,-10398.352539,40.731445
11303,-12395.411133,-12352.598633,42.812500
11304,-7016.397949,-7416.478516,400.080566
11305,-12478.773438,-12488.372070,9.598633
11306,-9917.628906,-9928.425781,10.796875
11307,-11781.900391,-11779.720703,2.179688
11308,-11583.452148,-11575.658203,7.793945
11309,-10496.114258,-10499.020508,2.906250
11310,-11546.916992,-11543.355469,3.561523
11311,-10935.099609,-10936.336914,1.237305
11312,-9882.932617,-9958.981445,76.048828
11313,-11933.594727,-11948.162109,14.567383
11314,-14301.569336,-13917.038086,384.531250
11315,-10986.531250,-10971.791016,14.740234
11316,-9772.997070,-9293.514648,479.482422
11317,-9701.755859,-9797.665039,95.909180
11318,-8799.394531,-8801.190430,1.795898
11319,-11954.121094,-11947.973633,6.147461
11320,-12918.809570,-12925.727539,6.917969
11321,-11572.314453,-11576.719727,4.405273
11322,-12846.140625,-12821.647461,24.493164
11323,-9983.866211,-9957.607422,26.258789
11324,-11964.342773,-11945.069336,19.273438
11325,-10545.843750,-10531.724609,14.119141
11326,-10363.620117,-10475.231445,111.611328
11327,-11918.340820,-11915.988281,2.352539
11328,-10504.111328,-10500.542969,3.568359
11329,-11419.239258,-11408.612305,10.626953
11330,-12504.302734,-12520.331055,16.028320
11331,-10965.247070,-10969.835938,4.588867
11332,-12443.545898,-12458.097656,14.551758
11333,-12933.492188,-12894.843750,38.648438
11334,-12497.872070,-12489.216797,8.655273
11335,-12273.648438,-12319.546875,45.898438
11336,-12422.505859,-12351.809570,70.696289
11337,-11850.853516,-11777.774414,73.079102
11338,-11415.558594,-11408.097656,7.460938
11339,-9537.857422,-9562.362305,24.504883
11340,-11515.994141,-11510.837891,5.156250
11341,-11507.365234,-11510.134766,2.769531
11342,-12401.097656,-12386.537109,14.560547
11343,-12178.696289,-12250.883789,72.187500
11344,-11922.750977,-11916.653320,6.097656
11345,-12913.150391,-12926.154297,13.003906
11346,-12474.425781,-12457.458008,16.967773
11347,-11400.198242,-11340.663086,59.535156
11348,-11836.229492,-11914.454102,78.224609
11349,-11520.985352,-11510.193359,10.791992
11350,-13543.182617,-13532.564453,10.618164
11351,-12539.469727,-12553.269531,13.799805
11352,-11935.157227,-11913.522461,21.634766
11353,-10966.280273,-10969.497070,3.216797
11354,-11347.440430,-11341.748047,5.692383
11355,-11328.961914,-11340.565430,11.603516
11356,-10844.033203,-10833.293945,10.739258
11357,-10484.715820,-10599.267578,114.551758
11358,-11501.780273,-11510.359375,8.579102
11359,-11887.576172,-11917.280273,29.704102
11360,-11539.005859,-11544.203125,5.197266
11361,-12481.718750,-12418.446289,63.272461
11362,-10550.754883,-10533.672852,17.082031
11363,-11937.849609,-11947.423828,9.574219
11364,-10444.109375,-10340.020508,104.088867
11365,-11387.249023,-11406.715820,19.466797
11366,-9412.462891,-9464.322266,51.859375
11367,-10988.087891,-10970.388672,17.699219
11368,-9966.226562,-9925.799805,40.426758
11369,-12512.578125,-12489.960938,22.617188
11370,-8595.231445,-8728.833008,133.601562
11371,-13316.190430,-13363.977539,47.787109
11372,-10906.331055,-10902.299805,4.031250
11373,-11956.149414,-11947.113281,9.036133
11374,-9780.130859,-9798.023438,17.892578
11375,-11515.687500,-11511.579102,4.108398
11376,-11537.289062,-11544.704102,7.415039
11377,-10383.888672,-10169.650391,214.238281
11378,-11509.637695,-11511.524414,1.886719
11379,-10616.333008,-10598.079102,18.253906
11380,-11961.123047,-11947.653320,13.469727
11381,-11808.257812,-11812.099609,3.841797
11382,-11993.029297,-11947.246094,45.783203
11383,-10563.573242,-10565.330078,1.756836
11384,-12496.024414,-12488.865234,7.159180
11385,-10002.888672,-9957.613281,45.275391
11386,-10720.215820,-10710.282227,9.933594
11387,-11494.173828,-11512.108398,17.934570
11388,-10546.515625,-10532.152344,14.363281
11389,-10541.588867,-10531.085938,10.502930
11390,-11461.009766,-11440.172852,20.836914
11391,-11511.372070,-11509.713867,1.658203
11392,-11853.146484,-11883.264648,30.118164
11393,-11473.381836,-11478.995117,5.613281
11394,-9866.182617,-9901.451172,35.268555
11395,-10979.583008,-10969.410156,10.172852
11396,-10383.879883,-10362.493164,21.386719
11397,-11635.798828,-11674.958984,39.160156
11398,-11863.972656,-11882.339844,18.367188
11399,-10355.201172,-10201.158203,154.042969
11400,-9576.576172,-9465.722656,110.853516
11401,-9585.712891,-9437.842773,147.870117
11402,-10962.359375,-10969.761719,7.402344
11403,-10942.953125,-10936.143555,6.809570
11404,-10813.411133,-10832.230469,18.819336
11405,-10911.958008,-10905.752930,6.205078
11406,-9961.641602,-9957.032227,4.609375
11407,-10848.128906,-10879.294922,31.166016
11408,-10904.337891,-10937.306641,32.968750
11409,-7914.118164,-8096.875488,182.757324
11410,-11526.940430,-11512.842773,14.097656
11411,-10988.098633,-10970.555664,17.542969
11412,-11916.209961,-11318.035156,598.174805
11413,-9379.492188,-9372.539062,6.953125
11414,-11583.699219,-11575.607422,8.091797
11415,-10842.895508,-10911.530273,68.634766
11416,-10470.216797,-10466.726562,3.490234
11417,-11995.609375,-11948.279297,47.330078
11418,-11942.886719,-11947.201172,4.314453
11419,-10617.213867,-10598.296875,18.916992
11420,-10958.164062,-10969.986328,11.822266
11421,-9899.927734,-9902.333984,2.406250
11422,-11931.282227,-11948.468750,17.186523
11423,-10844.741211,-10846.799805,2.058594
11424,-10569.636719,-10565.494141,4.142578
11425,-11949.746094,-11946.935547,2.810547
11426,-12829.929688,-12756.298828,73.630859
11427,-9485.746094,-9463.825195,21.920898
11428,-11988.936523,-11981.147461,7.789062
11429,-11553.214844,-11544.254883,8.959961
11430,-9386.315430,-9371.183594,15.131836
11431,-11120.176758,-11181.912109,61.735352
11432,-10493.160156,-10500.518555,7.358398
11433,-9535.068359,-9554.426758,19.358398
11434,-11014.263672,-11002.265625,11.998047
11435,-12958.781250,-12925.268555,33.512695
11436,-9616.865234,-9620.833008,3.967773
11437,-11808.021484,-11852.022461,44.000977
11438,-12513.906250,-12522.496094,8.589844
11439,-10545.282227,-10531.867188,13.415039
11440,-9649.437500,-9732.040039,82.602539
11441,-12811.852539,-12861.496094,49.643555
11442,-11520.016602,-11510.305664,9.710938
11443,-10951.000000,-10936.396484,14.603516
11444,-11502.597656,-11511.618164,9.020508
11445,-12437.068359,-12455.536133,18.467773
11446,-11941.853516,-11915.041016,26.812500
11447,-9843.796875,-9901.344727,57.547852
11448,-9405.332031,-9497.298828,91.966797
11449,-11501.504883,-11512.021484,10.516602
11450,-9475.416016,-9464.064453,11.351562
11451,-11988.792969,-11979.420898,9.372070
11452,-11909.171875,-11913.309570,4.137695
11453,-11532.196289,-11544.296875,12.100586
11454,-11522.292969,-11510.547852,11.745117
11455,-10920.508789,-10902.995117,17.513672
11456,-11524.853516,-11508.622070,16.231445
11457,-10463.903320,-10430.782227,33.121094
11458,-11871.071289,-11811.704102,59.367188
11459,-12008.423828,-11981.062500,27.361328
11460,-10970.045898,-10970.530273,0.484375
11461,-12792.605469,-12893.643555,101.038086
11462,-12002.814453,-12012.612305,9.797852
11463,-10788.652344,-10769.374023,19.278320
11464,-12395.606445,-12386.445312,9.161133
11465,-10968.772461,-10968.763672,0.008789
11466,-11338.083008,-11340.083008,2.000000
11467,-11922.671875,-11945.928711,23.256836
11468,-11774.935547,-11779.411133,4.475586
11469,-11506.812500,-11509.202148,2.389648
11470,-11961.294922,-11948.725586,12.569336
11471,-11555.455078,-11577.064453,21.609375
11472,-12482.341797,-12486.893555,4.551758
11473,-9848.028320,-9924.603516,76.575195
11474,-11545.250000,-11541.763672,3.486328
11475,-11904.101562,-11948.175781,44.074219
11476,-10630.718750,-10474.795898,155.922852
11477,-10417.828125,-10435.036133,17.208008
11478,-10897.120117,-10911.659180,14.539062
11479,-12375.671875,-12383.720703,8.048828
11480,-10974.180664,-10970.194336,3.986328
11481,-12766.213867,-12790.383789,24.169922
11482,-10926.887695,-10938.341797,11.454102
11483,-8846.716797,-8289.783203,556.933594
11484,-10926.877930,-10905.802734,21.075195
11485,-11938.567383,-11915.430664,23.136719
11486,-11825.558594,-11811.139648,14.418945
11487,-12301.356445,-12319.814453,18.458008
11488,-10989.765625,-11001.655273,11.889648
11489,-9928.226562,-9925.702148,2.524414
11490,-11507.256836,-11512.407227,5.150391
11491,-11387.263672,-11407.443359,20.179688
11492,-9771.115234,-9960.859375,189.744141
11493,-9213.742188,-9294.740234,80.998047
11494,-9212.598633,-9165.410156,47.188477
11495,-10570.985352,-10565.479492,5.505859
11496,-12524.892578,-12522.102539,2.790039
11497,-10541.689453,-10532.557617,9.131836
11498,-10938.051758,-10937.893555,0.158203
11499,-11848.190430,-11882.222656,34.032227
11500,-12560.615234,-12554.446289,6.168945
11501,-10023.972656,-9991.160156,32.812500
11502,-10334.602539,-10330.131836,4.470703
11503,-12936.924805,-12957.363281,20.438477
11504,-11336.863281,-11342.164062,5.300781
11505,-10994.738281,-10968.859375,25.878906
11506,-9497.499023,-8551.744141,945.754883
11507,-12731.049805,-12823.972656,92.922852
11508,-10570.550781,-10565.565430,4.985352
11509,-11489.169922,-11510.047852,20.877930
11510,-9483.406250,-9496.800781,13.394531
11511,-11481.058594,-11478.144531,2.914062
11512,-9386.311523,-9463.347656,77.036133
11513,-11479.501953,-11542.966797,63.464844
11514,-10983.107422,-10968.887695,14.219727
11515,-11532.737305,-11511.791016,20.946289
11516,-11945.255859,-11946.732422,1.476562
11517,-12955.238281,-12926.009766,29.228516
11518,-10620.140625,-10598.360352,21.780273
11519,-10545.176758,-10533.881836,11.294922
11520,-10958.469727,-10938.471680,19.998047
11521,-11464.129883,-11476.304688,12.174805
11522,-10550.853516,-10532.540039,18.313477
11523,-10499.922852,-10498.621094,1.301758
11524,-11930.079102,-11945.300781,15.221680
11525,-10938.973633,-10936.094727,2.878906
11526,-11554.981445,-11543.998047,10.983398
11527,-11124.005859,-11437.783203,313.777344
11528,-10906.899414,-10903.716797,3.182617
11529,-8516.037109,-8493.503906,22.533203
11530,-10026.292969,-10023.952148,2.340820
11531,-12430.219727,-12457.040039,26.820312
11532,-11778.658203,-11313.196289,465.461914
11533,-9494.541992,-9438.633789,55.908203
11534,-10543.238281,-10533.098633,10.139648
11535,-10572.287109,-10565.423828,6.863281
11536,-11425.885742,-11407.717773,18.167969
11537,-11962.814453,-11947.852539,14.961914
11538,-10792.789062,-10832.666992,39.877930
11539,-11833.099609,-11883.615234,50.515625
11540,-12482.601562,-12489.849609,7.248047
11541,-12213.050781,-12217.035156,3.984375
11542,-10550.448242,-10533.025391,17.422852
11543,-11349.342773,-11373.654297,24.311523
11544,-12314.765625,-12355.072266,40.306641
11545,-12533.908203,-12553.375000,19.466797
11546,-10906.808594,-10901.801758,5.006836
11547,-11583.639648,-11509.584961,74.054688
11548,-10242.156250,-10394.625977,152.469727
11549,-12192.499023,-12214.744141,22.245117
11550,-9457.746094,-9522.763672,65.017578
11551,-9952.039062,-9966.091797,14.052734
11552,-11795.880859,-11812.979492,17.098633
11553,-12549.879883,-12554.302734,4.422852
11554,-8049.689453,-7853.957520,195.731934
11555,-10362.622070,-10363.278320,0.656250
11556,-10448.254883,-10507.136719,58.881836
11557,-12411.778320,-12417.190430,5.412109
11558,-9425.659180,-9463.964844,38.305664
11559,-10964.628906,-10970.621094,5.992188
11560,-10368.392578,-10338.015625,30.376953
11561,-12674.179688,-12650.637695,23.541992
11562,-11374.654297,-11407.787109,33.132812
11563,-7370.446289,-7300.342773,70.103516
11564,-13840.455078,-13905.083008,64.627930
11565,-10381.960938,-10393.895508,11.934570
11566,-11551.213867,-11542.547852,8.666016
11567,-11527.928711,-11544.226562,16.297852
11568,-11363.772461,-11373.219727,9.447266
11569,-12840.677734,-12893.643555,52.965820
11570,-10468.914062,-10498.803711,29.889648
11571,-10421.506836,-10442.240234,20.733398
11572,-9949.851562,-9926.657227,23.194336
11573,-11478.464844,-11445.215820,33.249023
11574,-11343.092773,-11373.651367,30.558594
11575,-11481.616211,-11478.416016,3.200195
11576,-11925.333008,-11948.012695,22.679688
11577,-11901.270508,-11913.112305,11.841797
11578,-10929.967773,-10936.000977,6.033203
11579,-11510.232422,-11509.621094,0.611328
11580,-11482.316406,-11478.003906,4.312500
11581,-11512.736328,-11511.316406,1.419922
11582,-11412.339844,-11408.409180,3.930664
11583,-12965.773438,-12958.263672,7.509766
11584,-10972.736328,-10969.241211,3.495117
11585,-8855.227539,-8864.625000,9.397461
11586,-11560.205078,-11544.493164,15.711914
11587,-11761.541992,-11754.071289,7.470703
11588,-11942.212891,-11949.201172,6.988281
11589,-11366.000000,-11407.143555,41.143555
11590,-11979.319336,-11949.871094,29.448242
11591,-12327.754883,-12353.485352,25.730469
11592,-11945.401367,-11947.501953,2.100586
11593,-9899.165039,-9899.001953,0.163086
11594,-11366.968750,-11375.233398,8.264648
11595,-10535.465820,-10533.508789,1.957031
11596,-12913.832031,-12894.051758,19.780273
11597,-9662.309570,-8551.909180,1110.400391
11598,-10956.010742,-10971.301758,15.291016
11599,-11381.517578,-11407.465820,25.948242
11600,-11498.430664,-11510.210938,11.780273
11601,-11941.233398,-11946.625000,5.391602
11602,-10537.057617,-10533.024414,4.033203
11603,-7176.335938,-7325.831055,149.495117
11604,-11531.580078,-11543.765625,12.185547
11605,-11533.089844,-11543.218750,10.128906
11606,-11872.244141,-11884.197266,11.953125
11607,-11361.050781,-11373.701172,12.650391
11608,-10454.872070,-10338.436523,116.435547
11609,-10426.698242,-10404.737305,21.960938
11610,-9612.113281,-9589.001953,23.111328
11611,-11461.339844,-11446.611328,14.728516
11612,-11488.923828,-11477.845703,11.078125
11613,-12511.861328,-12522.137695,10.276367
11614,-12377.430664,-12385.117188,7.686523
11615,-11780.934570,-11811.626953,30.692383
11616,-10536.313477,-10529.786133,6.527344
11617,-9620.034180,-9556.360352,63.673828
11618,-10874.798828,-10879.586914,4.788086
11619,-10506.452148,-10498.860352,7.591797
11620,-13245.291016,-13225.307617,19.983398
11621,-10924.025391,-10938.023438,13.998047
11622,-11422.846680,-11407.277344,15.569336
11623,-9520.525391,-9521.810547,1.285156
11624,-11000.939453,-11001.608398,0.668945
11625,-11501.571289,-11478.754883,22.816406
11626,-10980.327148,-10969.217773,11.109375
11627,-11531.763672,-11542.904297,11.140625
11628,-9440.329102,-9430.439453,9.889648
11629,-11960.406250,-11980.433594,20.027344
11630,-11390.043945,-11406.879883,16.835938
11631,-11018.505859,-11003.410156,15.095703
11632,-10443.851562,-10398.000977,45.850586
11633,-9568.174805,-9554.639648,13.535156
11634,-11539.364258,-11542.761719,3.397461
11635,-11875.393555,-11913.832031,38.438477
11636,-11462.031250,-11407.648438,54.382812
11637,-10516.450195,-10498.755859,17.694336
11638,-12478.565430,-12489.638672,11.073242
11639,-10446.049805,-10392.699219,53.350586
11640,-11681.286133,-11708.939453,27.653320
11641,-10823.751953,-10911.096680,87.344727
11642,-11561.070312,-11543.382812,17.687500
11643,-9552.204102,-9360.134766,192.069336
11644,-11339.400391,-11340.518555,1.118164
11645,-12305.388672,-12353.938477,48.549805
11646,-11420.635742,-11441.041992,20.406250
11647,-11531.083984,-11509.205078,21.878906
11648,-10801.476562,-10879.188477,77.711914
11649,-9964.166016,-9958.743164,5.422852
11650,-10933.940430,-10934.912109,0.971680
11651,-11002.198242,-11002.069336,0.128906
11652,-9470.794922,-9521.470703,50.675781
11653,-10911.415039,-10938.426758,27.011719
11654,-11354.506836,-11342.991211,11.515625
11655,-11553.178711,-11575.773438,22.594727
11656,-11887.240234,-11882.460938,4.779297
11657,-12745.307617,-12757.434570,12.126953
11658,-11576.064453,-11511.011719,65.052734
11659,-11010.963867,-11001.977539,8.986328
11660,-11774.653320,-11811.746094,37.092773
11661,-12244.791016,-12249.502930,4.711914
11662,-11961.764648,-11913.312500,48.452148
11663,-11215.920898,-11270.666016,54.745117
11664,-10647.224609,-10866.913086,219.688477
11665,-10955.008789,-10937.768555,17.240234
11666,-11908.360352,-11947.580078,39.219727
11667,-11456.367188,-11478.459961,22.092773
11668,-10448.392578,-10507.804688,59.412109
11669,-11456.325195,-11477.734375,21.409180
11670,-10818.432617,-10833.260742,14.828125
11671,-8820.063477,-8890.784180,70.720703
11672,-11587.817383,-11544.371094,43.446289
11673,-10887.710938,-10870.154297,17.556641
11674,-11939.958984,-11912.645508,27.313477
11675,-8913.222656,-8924.729492,11.506836
11676,-12492.618164,-12489.859375,2.758789
11677,-11798.353516,-11778.814453,19.539062
11678,-12490.781250,-12488.112305,2.668945
11679,-11923.304688,-11947.667969,24.363281
11680,-12514.820312,-12521.100586,6.280273
11681,-11630.158203,-11608.943359,21.214844
11682,-10969.682617,-10969.082031,0.600586
11683,-10973.094727,-10970.421875,2.672852
11684,-10508.762695,-10500.372070,8.390625
11685,-11462.388672,-11477.685547,15.296875
11686,-7698.469727,-7659.875488,38.594238
11687,-11937.580078,-11946.325195,8.745117
11688,-11963.875000,-11979.187500,15.312500
11689,-10967.741211,-10937.277344,30.463867
11690,-11989.987305,-11980.972656,9.014648
11691,-9930.318359,-9924.440430,5.877930
11692,-12002.112305,-11963.433594,38.678711
11693,-11804.070312,-11813.456055,9.385742
11694,-10911.660156,-10936.468750,24.808594
11695,-10554.547852,-10565.813477,11.265625
11696,-10969.122070,-10969.680664,0.558594
11697,-11431.658203,-11406.993164,24.665039
11698,-11535.801758,-11542.872070,7.070312
11699,-10501.555664,-10499.952148,1.603516
11700,-15091.250000,-15178.532227,87.282227
11701,-9676.489258,-9766.656250,90.166992
11702,-10923.456055,-10905.365234,18.090820
11703,-12366.623047,-12353.753906,12.869141
11704,-9828.276367,-9833.916992,5.640625
11705,-11983.930664,-11978.851562,5.079102
11706,-11937.721680,-11948.108398,10.386719
11707,-11898.079102,-11979.076172,80.997070
11708,-9879.592773,-9706.739258,172.853516
11709,-11971.987305,-11948.566406,23.420898
11710,-12574.964844,-12554.557617,20.407227
11711,-9570.774414,-9554.491211,16.283203
11712,-12487.680664,-12454.565430,33.115234
11713,-10970.811523,-10970.182617,0.628906
11714,-11812.903320,-11844.883789,31.980469
11715,-11470.662109,-11475.910156,5.248047
11716,-13004.568359,-12991.669922,12.898438
11717,-10935.255859,-10936.607422,1.351562
11718,-10410.111328,-10409.042969,1.068359
11719,-11530.552734,-11517.431641,13.121094
11720,-10422.045898,-10474.348633,52.302734
11721,-8107.247070,-8292.055664,184.808594
11722,-10976.395508,-10970.546875,5.848633
11723,-12506.062500,-12488.119141,17.943359
11724,-10508.417969,-10501.095703,7.322266
11725,-10907.207031,-10879.816406,27.390625
11726,-11530.443359,-11510.539062,19.904297
11727,-12159.698242,-12216.411133,56.712891
11728,-11590.190430,-11575.964844,14.225586
11729,-10470.630859,-10466.719727,3.911133
11730,-10975.269531,-10968.262695,7.006836
11731,-11973.186523,-11981.197266,8.010742
11732,-11515.638672,-11510.351562,5.287109
11733,-10585.980469,-10566.361328,19.619141
11734,-12735.572266,-12716.744141,18.828125
11735,-10920.333984,-10937.146484,16.812500
11736,-12238.304688,-12248.263672,9.958984
11737,-11467.699219,-11478.769531,11.070312
11738,-11884.687500,-11881.628906,3.058594
11739,-12178.734375,-12249.994141,71.259766
11740,-9264.968750,-8486.393555,778.575195
11741,-10502.711914,-10501.334961,1.376953
11742,-11811.990234,-11844.530273,32.540039
11743,-10535.791016,-10531.944336,3.846680
11744,-11503.587891,-11510.309570,6.721680
11745,-10538.700195,-10534.336914,4.363281
11746,-11562.962891,-11543.713867,19.249023
11747,-10949.869141,-10969.289062,19.419922
11748,-12504.130859,-12490.509766,13.621094
11749,-10981.139648,-10970.471680,10.667969
11750,-12511.389648,-12488.691406,22.698242
11751,-11439.090820,-11479.662109,40.571289
11752,-9695.630859,-9990.756836,295.125977
11753,-11481.062500,-11476.647461,4.415039
11754,-11343.995117,-11376.770508,32.775391
11755,-11399.296875,-11407.481445,8.184570
11756,-13026.903320,-13007.973633,18.929688
11757,-11394.460938,-11372.533203,21.927734
11758,-11525.785156,-11543.538086,17.752930
11759,-11961.166992,-11981.203125,20.036133
11760,-12932.415039,-12926.392578,6.022461
11761,-10009.950195,-9992.384766,17.565430
11762,-10373.620117,-10363.423828,10.196289
11763,-10983.149414,-10967.237305,15.912109
11764,-9920.303711,-9901.526367,18.777344
11765,-10930.755859,-10945.501953,14.746094
11766,-10710.210938,-10539.913086,170.297852
11767,-12428.276367,-12455.116211,26.839844
11768,-11535.235352,-11544.580078,9.344727
11769,-10456.435547,-10498.965820,42.530273
11770,-11888.367188,-11913.742188,25.375000
11771,-10957.212891,-10970.830078,13.617188
11772,-11389.669922,-11407.084961,17.415039
11773,-9698.903320,-9621.826172,77.077148
11774,-10540.410156,-10532.996094,7.414062
11775,-10586.289062,-10566.108398,20.180664
11776,-11521.870117,-11509.448242,12.421875
11777,-11906.618164,-11916.635742,10.017578
11778,-11827.323242,-11916.169922,88.846680
11779,-10388.402344,-10363.206055,25.196289
11780,-11509.432617,-11511.032227,1.599609
11781,-11589.422852,-11576.308594,13.114258
11782,-10854.276367,-10801.848633,52.427734
11783,-12491.561523,-12487.753906,3.807617
11784,-11920.956055,-11912.447266,8.508789
11785,-11959.883789,-11949.738281,10.145508
11786,-11829.676758,-11917.322266,87.645508
11787,-10013.625977,-9992.055664,21.570312
11788,-11393.154297,-11316.160156,76.994141
11789,-9479.730469,-9554.766602,75.036133
11790,-10522.031250,-10533.685547,11.654297
11791,-10462.151367,-10442.597656,19.553711
11792,-11926.142578,-11912.677734,13.464844
11793,-10563.065430,-10539.919922,23.145508
11794,-13839.032227,-13881.218750,42.186523
11795,-12885.273438,-12927.506836,42.233398
11796,-11458.414062,-11477.303711,18.889648
11797,-10591.370117,-10564.555664,26.814453
11798,-11443.447266,-11510.106445,66.659180
11799,-9994.361328,-9990.684570,3.676758
11800,-9555.845703,-9496.316406,59.529297
11801,-12348.792969,-12353.945312,5.152344
11802,-11993.209961,-11949.090820,44.119141
11803,-10318.514648,-10300.803711,17.710938
11804,-11260.883789,-11308.535156,47.651367
11805,-10462.722656,-10465.486328,2.763672
11806,-12965.538086,-12960.210938,5.327148
11807,-10514.615234,-10498.342773,16.272461
11808,-12292.638672,-12281.152344,11.486328
11809,-9917.352539,-9932.446289,15.093750
11810,-11950.564453,-11947.972656,2.591797
11811,-11518.488281,-11575.747070,57.258789
11812,-9489.332031,-9523.155273,33.823242
11813,-10802.933594,-10801.092773,1.840820
11814,-10477.113281,-10466.606445,10.506836
11815,-10393.541992,-10429.223633,35.681641
11816,-10271.997070,-10339.802734,67.805664
11817,-11978.049805,-11980.541016,2.491211
11818,-12980.365234,-12927.797852,52.567383
11819,-10926.987305,-10936.669922,9.682617
11820,-12808.796875,-12788.978516,19.818359
11821,-10946.288086,-10934.378906,11.909180
11822,-9360.582031,-9554.659180,194.077148
11823,-11574.143555,-11575.705078,1.561523
11824,-10518.051758,-10534.102539,16.050781
11825,-12971.051758,-12959.333984,11.717773
11826,-13460.581055,-13442.721680,17.859375
11827,-11413.163086,-11407.574219,5.588867
11828,-10965.266602,-10969.588867,4.322266
11829,-12485.089844,-12487.399414,2.309570
11830,-11950.290039,-11916.570312,33.719727
11831,-10523.576172,-10530.901367,7.325195
11832,-12869.067383,-12822.235352,46.832031
11833,-11495.959961,-11511.038086,15.078125
11834,-9901.465820,-9901.612305,0.146484
11835,-11821.371094,-11849.817383,28.446289
11836,-10524.138672,-10532.667969,8.529297
11837,-10493.898438,-10499.622070,5.723633
11838,-10835.108398,-10831.615234,3.493164
11839,-11360.062500,-11375.059570,14.997070
11840,-12369.100586,-12353.076172,16.024414
11841,-11904.893555,-11914.960938,10.067383
11842,-9429.302734,-9462.016602,32.713867
11843,-9920.649414,-10362.899414,442.250000
11844,-11548.235352,-11543.372070,4.863281
11845,-10395.102539,-10397.414062,2.311523
11846,-11958.128906,-11979.123047,20.994141
11847,-9372.155273,-9522.363281,150.208008
11848,-13671.148438,-13766.458008,95.309570
11849,-11343.183594,-11340.213867,2.969727
11850,-11483.251953,-11315.010742,168.241211
11851,-11505.388672,-11510.108398,4.719727
11852,-12422.010742,-12421.625977,0.384766
11853,-11227.744141,-11206.149414,21.594727
11854,-11886.952148,-11881.062500,5.889648
11855,-11533.876953,-11544.015625,10.138672
11856,-9943.440430,-9956.952148,13.511719
11857,-12566.978516,-12523.030273,43.948242
11858,-10925.272461,-10935.493164,10.220703
11859,-10523.321289,-10533.107422,9.786133
11860,-12731.440430,-12788.540039,57.099609
11861,-11316.936523,-11373.467773,56.531250
11862,-10997.005859,-11003.622070,6.616211
11863,-10398.229492,-10427.452148,29.222656
11864,-10538.062500,-10531.928711,6.133789
11865,-12903.540039,-12927.080078,23.540039
11866,-9680.496094,-9461.861328,218.634766
11867,-10567.350586,-10565.903320,1.447266
11868,-11346.782227,-11341.060547,5.721680
11869,-9413.589844,-9464.022461,50.432617
11870,-10491.050781,-10499.555664,8.504883
11871,-10986.808594,-10968.143555,18.665039
11872,-11507.442383,-11511.287109,3.844727
11873,-11936.405273,-11947.941406,11.536133
11874,-12387.216797,-12354.529297,32.687500
11875,-13337.630859,-13330.237305,7.393555
11876,-12382.000000,-12385.563477,3.563477
11877,-11917.940430,-11915.402344,2.538086
11878,-13435.225586,-13498.857422,63.631836
11879,-11900.587891,-11947.551758,46.963867
11880,-11500.731445,-11477.227539,23.503906
11881,-11366.412109,-11342.196289,24.215820
11882,-9807.156250,-9900.588867,93.432617
11883,-12339.399414,-12386.071289,46.671875
11884,-9697.183594,-8923.208984,773.974609
11885,-10836.208008,-10832.419922,3.788086
11886,-10845.984375,-10876.847656,30.863281
11887,-11565.523438,-11543.566406,21.957031
11888,-11520.004883,-11509.321289,10.683594
11889,-10499.269531,-10462.355469,36.914062
11890,-12532.322266,-12520.433594,11.888672
11891,-9645.216797,-9620.732422,24.484375
11892,-11364.462891,-11341.515625,22.947266
11893,-11378.977539,-11375.538086,3.439453
11894,-11867.419922,-11882.220703,14.800781
11895,-12295.964844,-12319.835938,23.871094
11896,-10505.876953,-10498.416992,7.459961
11897,-4776.904785,-5377.769531,600.864746
11898,-13055.666016,-12925.006836,130.659180
11899,-11416.883789,-11408.032227,8.851562
11900,-10538.418945,-10532.170898,6.248047
11901,-11540.353516,-11511.064453,29.289062
11902,-9533.574219,-9521.334961,12.239258
11903,-10579.208984,-10565.340820,13.868164
11904,-12909.974609,-12893.298828,16.675781
11905,-10505.303711,-10499.347656,5.956055
11906,-11916.021484,-11913.947266,2.074219
11907,-12538.646484,-12520.293945,18.352539
11908,-8705.822266,-8517.821289,188.000977
11909,-7949.302734,-8322.085938,372.783203
11910,-12354.004883,-12386.453125,32.448242
11911,-11804.634766,-11812.189453,7.554688
11912,-11952.132812,-11947.506836,4.625977
11913,-11554.204102,-11543.966797,10.237305
11914,-9257.960938,-9166.031250,91.929688
11915,-11518.494141,-11511.538086,6.956055
11916,-9515.170898,-9496.440430,18.730469
11917,-10536.947266,-10532.366211,4.581055
11918,-11926.661133,-11944.900391,18.239258
11919,-9477.071289,-9462.841797,14.229492
11920,-11932.423828,-11914.979492,17.444336
11921,-11473.788086,-11477.516602,3.728516
11922,-11277.879883,-11309.892578,32.012695
11923,-11929.042969,-11948.021484,18.978516
11924,-11518.278320,-11543.889648,25.611328
11925,-11802.706055,-11779.142578,23.563477
11926,-10641.612305,-10631.619141,9.993164
11927,-11550.719727,-11510.623047,40.096680
11928,-11513.488281,-11511.494141,1.994141
11929,-10874.615234,-10866.737305,7.877930
11930,-10299.263672,-10335.699219,36.435547
11931,-11532.580078,-11543.740234,11.160156
11932,-10364.891602,-10441.750000,76.858398
11933,-10579.457031,-10565.074219,14.382812
11934,-11508.589844,-11509.012695,0.422852
11935,-11832.799805,-11844.494141,11.694336
11936,-10528.096680,-10532.176758,4.080078
11937,-11784.525391,-11780.319336,4.206055
11938,-11961.621094,-11948.048828,13.572266
11939,-9843.379883,-9810.604492,32.775391
11940,-11503.438477,-11508.521484,5.083008
11941,-10432.946289,-10429.193359,3.752930
11942,-11494.408203,-11509.365234,14.957031
11943,-12413.872070,-12386.319336,27.552734
11944,-11799.465820,-11780.501953,18.963867
11945,-11310.137695,-11340.668945,30.531250
11946,-9566.435547,-9556.087891,10.347656
11947,-13534.965820,-13532.092773,2.873047
11948,-11223.040039,-11235.425781,12.385742
11949,-11500.295898,-11509.592773,9.296875
11950,-10956.659180,-10971.411133,14.751953
11951,-10910.691406,-10937.441406,26.750000
11952,-13407.050781,-13468.194336,61.143555
11953,-8539.733398,-8395.179688,144.553711
11954,-10348.845703,-10439.444336,90.598633
11955,-9221.682617,-8923.675781,298.006836
11956,-10008.823242,-9991.382812,17.440430
11957,-9966.271484,-9958.960938,7.310547
11958,-10471.305664,-10430.526367,40.779297
11959,-11444.729492,-11443.372070,1.357422
11960,-10867.598633,-10869.705078,2.106445
11961,-10496.294922,-10500.883789,4.588867
11962,-9497.619141,-9588.644531,91.025391
11963,-11952.033203,-11947.421875,4.611328
11964,-11563.789062,-11544.387695,19.401367
11965,-10398.421875,-10441.807617,43.385742
11966,-10502.110352,-10498.625977,3.484375
11967,-11918.916016,-11980.393555,61.477539
11968,-11504.511719,-11511.039062,6.527344
11969,-12532.402344,-12521.151367,11.250977
11970,-10823.281250,-10879.672852,56.391602
11971,-12806.642578,-12822.817383,16.174805
11972,-12319.071289,-12387.839844,68.768555
11973,-11938.511719,-11914.089844,24.421875
11974,-11471.069336,-11475.914062,4.844727
11975,-9974.984375,-9958.532227,16.452148
11976,-10428.711914,-10397.167969,31.543945
11977,-10542.449219,-10534.791992,7.657227
11978,-9960.161133,-9933.741211,26.419922
11979,-11918.890625,-11916.049805,2.840820
11980,-9693.034180,-9529.482422,163.551758
11981,-10951.090820,-10936.958984,14.131836
11982,-12243.473633,-12215.900391,27.573242
11983,-12285.398438,-12260.411133,24.987305
11984,-11530.567383,-11509.945312,20.622070
11985,-10989.190430,-10968.655273,20.535156
11986,-10345.536133,-10364.311523,18.775391
11987,-9562.439453,-9555.462891,6.976562
11988,-10982.930664,-10970.140625,12.790039
11989,-11946.783203,-11948.043945,1.260742
11990,-9457.971680,-9462.936523,4.964844
11991,-12435.766602,-12385.433594,50.333008
11992,-11006.196289,-11002.599609,3.596680
11993,-12295.131836,-12385.135742,90.003906
11994,-12034.261719,-11923.351562,110.910156
11995,-11918.619141,-11916.507812,2.111328
11996,-10582.431641,-10566.371094,16.060547
11997,-10802.504883,-10834.458984,31.954102
11998,-10432.326172,-10338.271484,94.054688
11999,-9310.940430,-9360.518555,49.578125
12000,-10942.550781,-10971.627930,29.077148
12001,-10760.052734,-10799.043945,38.991211
12002,-10568.298828,-10566.074219,2.224609
12003,-10975.242188,-10970.386719,4.855469
12004,-11939.498047,-11947.975586,8.477539
12005,-12924.039062,-12925.832031,1.792969
12006,-14561.443359,-12286.728516,2274.714844
12007,-9877.158203,-9868.818359,8.339844
12008,-11016.048828,-11035.824219,19.775391
12009,-11351.025391,-11371.791992,20.766602
12010,-10346.421875,-10415.883789,69.461914
12011,-11323.891602,-11375.976562,52.084961
12012,-10586.055664,-10564.793945,21.261719
12013,-11539.441406,-11543.561523,4.120117
12014,-10544.011719,-10531.724609,12.287109
12015,-11945.821289,-11948.493164,2.671875
12016,-9370.067383,-9496.975586,126.908203
12017,-11544.830078,-11543.391602,1.438477
12018,-11589.775391,-11511.828125,77.947266
12019,-11519.206055,-11451.672852,67.533203
12020,-10538.777344,-10532.741211,6.036133
12021,-11491.532227,-11513.061523,21.529297
12022,-10966.812500,-10937.351562,29.460938
12023,-10534.231445,-10532.748047,1.483398
12024,-11521.494141,-11511.389648,10.104492
12025,-13345.527344,-13363.389648,17.862305
12026,-10383.333008,-10429.109375,45.776367
12027,-10542.663086,-10565.215820,22.552734
12028,-10503.988281,-10501.007812,2.980469
12029,-9531.929688,-9301.929688,230.000000
12030,-10501.458008,-10500.135742,1.322266
12031,-9466.065430,-9562.669922,96.604492
12032,-11434.748047,-11372.868164,61.879883
12033,-10982.958984,-10969.625000,13.333984
12034,-11388.699219,-11342.734375,45.964844
12035,-11461.952148,-11478.386719,16.434570
12036,-10971.055664,-10967.420898,3.634766
12037,-12387.926758,-12417.774414,29.847656
12038,-10532.782227,-10531.986328,0.795898
12039,-10503.458984,-10499.859375,3.599609
12040,-10998.280273,-11002.541016,4.260742
12041,-12544.559570,-12554.254883,9.695312
12042,-11807.093750,-11812.536133,5.442383
12043,-12446.914062,-12455.337891,8.423828
12044,-9933.015625,-9926.305664,6.709961
12045,-11947.569336,-11912.979492,34.589844
12046,-9893.011719,-9889.974609,3.037109
12047,-10969.809570,-10968.153320,1.656250
12048,-11489.898438,-11511.324219,21.425781
12049,-9996.705078,-9956.500977,40.204102
12050,-10532.303711,-10533.287109,0.983398
12051,-11583.552734,-11576.047852,7.504883
12052,-9384.726562,-9325.749023,58.977539
12053,-11555.104492,-11543.657227,11.447266
12054,-12579.958984,-12791.848633,211.889648
12055,-10935.697266,-10936.402344,0.705078
12056,-10012.029297,-9990.863281,21.166016
12057,-11398.095703,-11419.777344,21.681641
12058,-10490.548828,-10501.027344,10.478516
12059,-11453.425781,-11477.099609,23.673828
12060,-11533.024414,-11543.283203,10.258789
12061,-10927.396484,-10934.160156,6.763672
12062,-9578.991211,-9495.842773,83.148438
12063,-10389.036133,-10362.895508,26.140625
12064,-10999.512695,-11001.943359,2.430664
12065,-10596.368164,-10565.379883,30.988281
12066,-11910.377930,-11844.108398,66.269531
12067,-11943.473633,-11946.321289,2.847656
12068,-11429.319336,-11407.567383,21.751953
12069,-9948.741211,-9924.195312,24.545898
12070,-11514.208984,-11510.975586,3.233398
12071,-10973.751953,-10969.079102,4.672852
12072,-9850.525391,-9902.301758,51.776367
12073,-11518.999023,-11542.664062,23.665039
12074,-11952.325195,-11946.875000,5.450195
12075,-8994.416016,-8921.657227,72.758789
12076,-12449.567383,-12555.160156,105.592773
12077,-10514.554688,-10501.585938,12.968750
12078,-10277.161133,-10305.306641,28.145508
12079,-11973.046875,-11914.943359,58.103516
12080,-11896.326172,-11916.783203,20.457031
12081,-10953.671875,-10938.039062,15.632812
12082,-8942.291016,-8585.040039,357.250977
12083,-13363.441406,-13332.839844,30.601562
12084,-9959.647461,-9961.256836,1.609375
12085,-9829.737305,-9868.907227,39.169922
12086,-11564.250000,-11543.691406,20.558594
12087,-12410.781250,-12352.953125,57.828125
12088,-10969.405273,-10970.111328,0.706055
12089,-13266.845703,-13364.224609,97.378906
12090,-10961.738281,-10968.824219,7.085938
12091,-11466.725586,-11446.186523,20.539062
12092,-8411.674805,-8695.692383,284.017578
12093,-10565.414062,-10566.725586,1.311523
12094,-12131.083984,-11937.886719,193.197266
12095,-7457.374023,-7383.439453,73.934570
12096,-9522.158203,-9522.218750,0.060547
12097,-10917.263672,-10936.403320,19.139648
12098,-11910.239258,-11913.423828,3.184570
12099,-9993.678711,-9957.968750,35.709961
12100,-10933.754883,-10937.362305,3.607422
12101,-10861.162109,-10870.254883,9.092773
12102,-11960.901367,-11945.358398,15.542969
12103,-11874.953125,-11883.898438,8.945312
12104,-11780.853516,-11777.142578,3.710938
12105,-11569.895508,-11577.117188,7.221680
12106,-11814.369141,-11778.905273,35.463867
12107,-9966.869141,-9925.774414,41.094727
12108,-12189.594727,-12217.826172,28.231445
12109,-13037.264648,-12992.534180,44.730469
12110,-10912.010742,-10938.557617,26.546875
12111,-11927.093750,-11915.089844,12.003906
12112,-11508.233398,-11509.768555,1.535156
12113,-11557.470703,-11543.524414,13.946289
12114,-11942.511719,-11948.920898,6.409180
12115,-10775.573242,-10872.882812,97.309570
12116,-11945.031250,-11913.355469,31.675781
12117,-11433.632812,-11444.810547,11.177734
12118,-9179.734375,-8854.463867,325.270508
12119,-11946.251953,-11914.541992,31.709961
12120,-10436.557617,-10394.815430,41.742188
12121,-11505.620117,-11510.620117,5.000000
12122,-11506.973633,-11511.878906,4.905273
12123,-12311.666016,-12386.170898,74.504883
12124,-11500.248047,-11510.165039,9.916992
12125,-10988.934570,-10969.215820,19.718750
12126,-10372.488281,-10363.792969,8.695312
12127,-11448.163086,-11441.008789,7.154297
12128,-9370.073242,-6381.631348,2988.441895
12129,-9893.837891,-9868.389648,25.448242
12130,-10941.665039,-10937.440430,4.224609
12131,-13045.181641,-12990.039062,55.142578
12132,-11534.713867,-11543.537109,8.823242
12133,-10717.791016,-10898.783203,180.992188
12134,-12520.957031,-12521.645508,0.688477
12135,-11537.839844,-11509.259766,28.580078
12136,-10938.522461,-10936.504883,2.017578
12137,-11507.046875,-11509.686523,2.639648
12138,-10936.117188,-10938.443359,2.326172
12139,-9729.115234,-9957.558594,228.443359
12140,-12778.880859,-12789.631836,10.750977
12141,-11283.274414,-11342.224609,58.950195
12142,-11043.036133,-10821.750977,221.285156
12143,-10535.097656,-10533.207031,1.890625
12144,-10541.144531,-10533.148438,7.996094
12145,-11402.144531,-11450.957031,48.812500
12146,-9557.813477,-9555.958008,1.855469
12147,-12551.732422,-12554.629883,2.897461
12148,-9458.377930,-9488.345703,29.967773
12149,-10966.088867,-10970.406250,4.317383
12150,-12401.627930,-12465.509766,63.881836
12151,-11539.264648,-11544.213867,4.949219
12152,-10196.586914,-9867.686523,328.900391
12153,-11943.583008,-11948.788086,5.205078
12154,-10516.825195,-10498.950195,17.875000
12155,-9542.511719,-9589.203125,46.691406
12156,-12527.250977,-12538.320312,11.069336
12157,-10377.475586,-10361.820312,15.655273
12158,-9923.190430,-9924.271484,1.081055
12159,-11929.493164,-11947.903320,18.410156
12160,-11506.084961,-11511.740234,5.655273
12161,-9235.060547,-8519.652344,715.408203
12162,-10517.586914,-10499.029297,18.557617
12163,-8828.739258,-8831.593750,2.854492
12164,-10915.813477,-10903.615234,12.198242
12165,-11849.643555,-11845.018555,4.625000
12166,-11508.374023,-11512.378906,4.004883
12167,-10935.491211,-10937.553711,2.062500
12168,-12497.908203,-12487.874023,10.034180
12169,-11504.508789,-11512.185547,7.676758
12170,-10961.702148,-10969.005859,7.303711
12171,-10560.096680,-10565.979492,5.882812
12172,-12433.379883,-12418.731445,14.648438
12173,-10547.222656,-10565.971680,18.749023
12174,-11440.179688,-11451.702148,11.522461
12175,-12504.063477,-12522.518555,18.455078
12176,-10978.750000,-10969.009766,9.740234
12177,-10856.222656,-10880.896484,24.673828
12178,-8333.454102,-8427.137695,93.683594
12179,-10504.638672,-10501.418945,3.219727
12180,-12344.625000,-12351.647461,7.022461
12181,-10539.280273,-10443.676758,95.603516
12182,-9565.777344,-9562.537109,3.240234
12183,-9793.748047,-9869.110352,75.362305
12184,-11928.298828,-11979.871094,51.572266
12185,-10896.023438,-10905.679688,9.656250
12186,-11557.972656,-11543.580078,14.392578
12187,-10996.114258,-10970.602539,25.511719
12188,-10578.272461,-10566.403320,11.869141
12189,-9926.390625,-9925.245117,1.145508
12190,-10863.104492,-10907.139648,44.035156
12191,-11915.486328,-11947.797852,32.311523
12192,-11519.512695,-11542.853516,23.340820
12193,-10351.265625,-10365.331055,14.065430
12194,-10294.312500,-10306.576172,12.263672
12195,-9410.037109,-9326.989258,83.047852
12196,-12418.038086,-12385.807617,32.230469
12197,-8875.593750,-8224.344727,651.249023
12198,-11340.349609,-11210.719727,129.629883
12199,-10899.252930,-10775.470703,123.782227
12200,-10904.146484,-10905.796875,1.650391
12201,-8947.384766,-8855.535156,91.849609
12202,-11478.575195,-11476.340820,2.234375
12203,-10562.154297,-10566.517578,4.363281
12204,-11360.125977,-11283.379883,76.746094
12205,-9852.915039,-9866.964844,14.049805
12206,-8887.592773,-8831.786133,55.806641
12207,-11509.449219,-11511.826172,2.376953
12208,-9617.925781,-9621.593750,3.667969
12209,-12475.126953,-12489.107422,13.980469
12210,-10985.615234,-10970.968750,14.646484
12211,-10968.872070,-10971.160156,2.288086
12212,-11924.324219,-11946.928711,22.604492
12213,-10986.286133,-11001.728516,15.442383
12214,-10555.550781,-10565.314453,9.763672
12215,-9553.785156,-9555.926758,2.141602
12216,-9520.366211,-9520.900391,0.534180
12217,-12472.185547,-12488.267578,16.082031
12218,-11402.522461,-11376.414062,26.108398
12219,-10857.572266,-10832.748047,24.824219
12220,-9505.990234,-9522.792969,16.802734
12221,-11388.838867,-11375.898438,12.940430
12222,-10975.631836,-10938.284180,37.347656
12223,-10241.996094,-9842.831055,399.165039
12224,-12741.323242,-12958.631836,217.308594
12225,-11984.577148,-11948.494141,36.083008
12226,-11854.986328,-11845.505859,9.480469
12227,-8653.205078,-6726.686523,1926.518555
12228,-11497.951172,-11509.458984,11.507812
12229,-12759.525391,-12790.232422,30.707031
12230,-11516.253906,-11484.568359,31.685547
12231,-13489.712891,-13468.075195,21.637695
12232,-10932.405273,-10937.352539,4.947266
12233,-10525.055664,-10532.299805,7.244141
12234,-12285.665039,-12487.328125,201.663086
12235,-12550.917969,-12552.922852,2.004883
12236,-11937.731445,-11948.337891,10.606445
12237,-12713.743164,-12686.173828,27.569336
12238,-11985.420898,-11979.493164,5.927734
12239,-12789.106445,-12788.109375,0.997070
12240,-8421.336914,-8484.529297,63.192383
12241,-12896.864258,-12925.813477,28.949219
12242,-10905.364258,-10906.330078,0.965820
12243,-12270.564453,-12142.253906,128.310547
12244,-11389.969727,-11375.086914,14.882812
12245,-12391.353516,-12350.865234,40.488281
12246,-12424.131836,-12353.662109,70.469727
12247,-13439.287109,-13467.598633,28.311523
12248,-12296.822266,-12384.998047,88.175781
12249,-11506.914062,-11509.355469,2.441406
12250,-12483.769531,-12488.821289,5.051758
12251,-11545.999023,-11541.908203,4.090820
12252,-7790.360352,-7796.536133,6.175781
12253,-9923.500000,-9934.059570,10.559570
12254,-11900.580078,-11916.478516,15.898438
12255,-11930.925781,-11948.502930,17.577148
12256,-12360.768555,-12385.011719,24.243164
12257,-10674.462891,-10767.436523,92.973633
12258,-11469.453125,-11445.287109,24.166016
12259,-11453.310547,-11444.647461,8.663086
12260,-10812.020508,-10904.783203,92.762695
12261,-12406.238281,-12401.580078,4.658203
12262,-11331.160156,-11452.029297,120.869141
12263,-10502.217773,-10501.178711,1.039062
12264,-11487.474609,-11510.474609,23.000000
12265,-10509.538086,-10499.534180,10.003906
12266,-12919.679688,-12927.075195,7.395508
12267,-10690.970703,-10671.709961,19.260742
12268,-11345.022461,-11374.250977,29.228516
12269,-10977.474609,-10969.775391,7.699219
12270,-10954.877930,-10936.307617,18.570312
12271,-11345.860352,-11283.548828,62.311523
12272,-11352.991211,-11342.685547,10.305664
12273,-10611.192383,-10598.592773,12.599609
12274,-9185.259766,-8887.724609,297.535156
12275,-10986.245117,-10911.947266,74.297852
12276,-10930.635742,-10938.453125,7.817383
12277,-11497.289062,-11512.050781,14.761719
12278,-10473.227539,-10464.731445,8.496094
12279,-11937.984375,-11948.040039,10.055664
12280,-11535.759766,-11545.197266,9.437500
12281,-11558.568359,-11575.915039,17.346680
12282,-12494.698242,-12490.449219,4.249023
12283,-12371.759766,-12418.568359,46.808594
12284,-12342.752930,-12353.957031,11.204102
12285,-9486.939453,-9487.285156,0.345703
12286,-9579.187500,-9555.757812,23.429688
12287,-11827.115234,-11810.682617,16.432617
12288,-12839.490234,-12892.878906,53.388672
12289,-11561.276367,-11576.670898,15.394531
12290,-10530.006836,-10534.090820,4.083984
12291,-10941.781250,-10938.218750,3.562500
12292,-11463.242188,-11476.446289,13.204102
12293,-12467.749023,-12489.096680,21.347656
12294,-10585.356445,-10566.285156,19.071289
12295,-10507.213867,-10498.952148,8.261719
12296,-11514.292969,-11510.447266,3.845703
12297,-12784.300781,-11857.721680,926.579102
12298,-10821.915039,-10638.911133,183.003906
12299,-10406.742188,-10440.970703,34.228516
12300,-10459.232422,-10466.426758,7.194336
12301,-7537.460938,-7659.477051,122.016113
12302,-12778.698242,-12821.803711,43.105469
12303,-9084.857422,-9295.132812,210.275391
12304,-10854.457031,-10800.167969,54.289062
12305,-10964.996094,-10876.482422,88.513672
12306,-12222.790039,-12214.909180,7.880859
12307,-11517.027344,-11511.856445,5.170898
12308,-11423.553711,-11371.657227,51.896484
12309,-10945.401367,-10935.672852,9.728516
12310,-11439.284180,-11350.060547,89.223633
12311,-10931.730469,-10935.648438,3.917969
12312,-12378.680664,-12353.635742,25.044922
12313,-10656.595703,-10832.868164,176.272461
12314,-12961.595703,-12991.909180,30.313477
12315,-11495.170898,-11477.710938,17.459961
12316,-10499.391602,-10499.632812,0.241211
12317,-10872.925781,-10833.434570,39.491211
12318,-9503.698242,-9530.136719,26.438477
12319,-10932.728516,-10936.075195,3.346680
12320,-12339.955078,-12350.774414,10.819336
12321,-12142.347656,-12247.668945,105.321289
12322,-12996.920898,-12697.243164,299.677734
12323,-11987.952148,-12013.096680,25.144531
12324,-8739.367188,-8486.542969,252.824219
12325,-10457.555664,-10429.233398,28.322266
12326,-11946.531250,-11948.964844,2.433594
12327,-10369.297852,-10303.595703,65.702148
12328,-11327.605469,-11343.536133,15.930664
12329,-11895.536133,-11877.977539,17.558594
12330,-12401.191406,-12384.972656,16.218750
12331,-10427.683594,-10475.108398,47.424805
12332,-10783.164062,-10802.212891,19.048828
12333,-10972.344727,-10969.312500,3.032227
12334,-7822.813477,-7382.909668,439.903809
12335,-11503.273438,-11507.931641,4.658203
12336,-11966.938477,-11948.967773,17.970703
12337,-12489.272461,-12487.824219,1.448242
12338,-11490.238281,-11477.658203,12.580078
12339,-11298.819336,-11270.548828,28.270508
12340,-11428.281250,-11407.225586,21.055664
12341,-8495.080078,-8426.655273,68.424805
12342,-10597.798828,-10598.983398,1.184570
12343,-11918.506836,-11947.862305,29.355469
12344,-10588.842773,-10598.463867,9.621094
12345,-11376.208008,-11374.971680,1.236328
12346,-10942.863281,-10934.703125,8.160156
12347,-12910.805664,-12894.855469,15.950195
12348,-10546.763672,-10532.817383,13.946289
12349,-11510.833008,-11511.251953,0.418945
12350,-11012.855469,-11002.527344,10.328125
12351,-10449.908203,-10337.485352,112.422852
12352,-12993.205078,-12959.718750,33.486328
12353,-11790.866211,-11811.780273,20.914062
12354,-11172.848633,-11205.866211,33.017578
12355,-11980.636719,-11979.900391,0.736328
12356,-10806.029297,-10833.939453,27.910156
12357,-11509.695312,-11506.904297,2.791016
12358,-11556.653320,-11543.623047,13.030273
12359,-10407.629883,-10441.311523,33.681641
12360,-10406.789062,-10473.149414,66.360352
12361,-10304.955078,-10440.894531,135.939453
12362,-11876.386719,-11880.155273,3.768555
12363,-10959.765625,-10938.527344,21.238281
12364,-12916.881836,-12959.767578,42.885742
12365,-11969.599609,-11947.367188,22.232422
12366,-12536.320312,-12553.592773,17.272461
12367,-11358.000000,-11375.942383,17.942383
12368,-10990.663086,-10971.208008,19.455078
12369,-12383.110352,-12386.887695,3.777344
12370,-12506.946289,-12487.712891,19.233398
12371,-11791.373047,-11813.233398,21.860352
12372,-10361.583984,-10363.275391,1.691406
12373,-10379.364258,-10362.317383,17.046875
12374,-11361.601562,-11374.436523,12.834961
12375,-12544.044922,-12554.103516,10.058594
12376,-11496.957031,-11510.914062,13.957031
12377,-10020.906250,-9990.687500,30.218750
12378,-12361.769531,-12385.781250,24.011719
12379,-10858.532227,-10867.144531,8.612305
12380,-12483.930664,-12489.932617,6.001953
12381,-10944.644531,-10939.156250,5.488281
12382,-10566.307617,-10532.429688,33.877930
12383,-11962.297852,-11948.960938,13.336914
12384,-15456.545898,-15493.582031,37.036133
12385,-10551.662109,-10531.791016,19.871094
12386,-10534.506836,-10532.267578,2.239258
12387,-10511.476562,-10500.027344,11.449219
12388,-10535.730469,-10531.606445,4.124023
12389,-11378.864258,-11343.482422,35.381836
12390,-12468.226562,-12488.796875,20.570312
12391,-10573.460938,-10564.516602,8.944336
12392,-12561.167969,-12553.500977,7.666992
12393,-11384.983398,-11373.356445,11.626953
12394,-11958.323242,-11948.206055,10.117188
12395,-10260.659180,-10298.045898,37.386719
12396,-11856.969727,-11914.936523,57.966797
12397,-9508.711914,-9555.211914,46.500000
12398,-7779.607422,-7852.758301,73.150879
12399,-10554.571289,-10566.458984,11.887695
12400,-10981.207031,-10967.410156,13.796875
12401,-10924.006836,-10934.353516,10.346680
12402,-10920.637695,-10937.431641,16.793945
12403,-10311.043945,-10395.473633,84.429688
12404,-10973.026367,-10968.731445,4.294922
12405,-10375.389648,-10396.269531,20.879883
12406,-12318.989258,-12351.821289,32.832031
12407,-11303.198242,-11374.628906,71.430664
12408,-9530.539062,-9554.616211,24.077148
12409,-10576.869141,-10474.910156,101.958984
12410,-10937.758789,-10933.088867,4.669922
12411,-12347.373047,-12352.416992,5.043945
12412,-10907.629883,-10904.797852,2.832031
12413,-10932.654297,-10937.010742,4.356445
12414,-9394.555664,-9463.112305,68.556641
12415,-10440.615234,-10464.328125,23.712891
12416,-12492.483398,-12555.421875,62.938477
12417,-10524.453125,-10531.822266,7.369141
12418,-11461.164062,-11477.810547,16.646484
12419,-8882.171875,-8892.064453,9.892578
12420,-11485.018555,-11476.378906,8.639648
12421,-10264.146484,-10302.645508,38.499023
12422,-9459.895508,-9463.025391,3.129883
12423,-10488.741211,-10498.764648,10.023438
12424,-10999.524414,-11002.570312,3.045898
12425,-12734.187500,-12789.476562,55.289062
12426,-11918.162109,-11947.522461,29.360352
12427,-9450.318359,-9522.598633,72.280273
12428,-10982.324219,-10969.326172,12.998047
12429,-10944.267578,-10971.406250,27.138672
12430,-11375.258789,-11373.421875,1.836914
12431,-11409.205078,-11408.570312,0.634766
12432,-13626.398438,-13547.093750,79.304688
12433,-11524.693359,-11511.049805,13.643555
12434,-10998.725586,-10970.468750,28.256836
12435,-11367.192383,-11375.171875,7.979492
12436,-12475.061523,-12490.399414,15.337891
12437,-11905.230469,-11915.454102,10.223633
12438,-12875.739258,-12957.228516,81.489258
12439,-9635.751953,-9430.093750,205.658203
12440,-11921.444336,-11914.632812,6.811523
12441,-11980.769531,-11981.793945,1.024414
12442,-11548.166992,-11543.256836,4.910156
12443,-10015.979492,-10023.947266,7.967773
12444,-10485.133789,-10474.625977,10.507812
12445,-12540.089844,-12553.352539,13.262695
12446,-12316.576172,-12321.809570,5.233398
12447,-12536.291016,-11501.708008,1034.583008
12448,-11014.123047,-11002.413086,11.709961
12449,-10472.787109,-10507.179688,34.392578
12450,-10944.519531,-10911.967773,32.551758
12451,-11953.028320,-11948.794922,4.233398
12452,-11989.508789,-11947.969727,41.539062
12453,-9955.221680,-9926.422852,28.798828
12454,-10881.662109,-10801.679688,79.982422
12455,-11430.589844,-11443.900391,13.310547
12456,-11860.210938,-11916.315430,56.104492
12457,-11341.483398,-11407.635742,66.152344
12458,-10349.726562,-10395.275391,45.548828
12459,-11386.577148,-11374.417969,12.159180
12460,-12463.161133,-12454.621094,8.540039
12461,-12388.710938,-12384.245117,4.465820
12462,-11501.616211,-11510.370117,8.753906
12463,-12358.458008,-12353.867188,4.590820
12464,-11951.520508,-11948.108398,3.412109
12465,-10220.703125,-10305.565430,84.862305
12466,-11394.644531,-11407.496094,12.851562
12467,-11817.712891,-11812.854492,4.858398
12468,-10966.198242,-10939.647461,26.550781
12469,-11019.770508,-11003.531250,16.239258
12470,-11951.838867,-11948.515625,3.323242
12471,-11517.195312,-11479.091797,38.103516
12472,-10940.631836,-10937.833984,2.797852
12473,-11900.404297,-11914.772461,14.368164
12474,-10986.864258,-10970.595703,16.268555
12475,-8457.549805,-8493.396484,35.846680
12476,-8342.564453,-9523.562500,1180.998047
12477,-10810.843750,-10800.915039,9.928711
12478,-9525.895508,-8419.189453,1106.706055
12479,-10491.428711,-10440.637695,50.791016
12480,-12475.192383,-12488.458984,13.266602
12481,-12921.208984,-12926.360352,5.151367
12482,-11084.982422,-11034.903320,50.079102
12483,-9049.958984,-9341.574219,291.615234
12484,-12828.786133,-12789.833984,38.952148
12485,-10295.185547,-10270.809570,24.375977
12486,-10515.399414,-10500.395508,15.003906
12487,-10592.508789,-10598.387695,5.878906
12488,-11948.251953,-11947.937500,0.314453
12489,-11980.365234,-12014.369141,34.003906
12490,-10910.871094,-10901.960938,8.910156
12491,-12895.235352,-12958.717773,63.482422
12492,-12939.239258,-12925.736328,13.502930
12493,-12532.957031,-12520.117188,12.839844
12494,-11901.049805,-11916.593750,15.543945
12495,-9867.694336,-9900.012695,32.318359
12496,-11386.035156,-11374.791992,11.243164
12497,-9925.061523,-9894.431641,30.629883
12498,-9699.429688,-9496.255859,203.173828
12499,-12400.041016,-12385.538086,14.502930
12500,-11508.070312,-11511.901367,3.831055
12501,-11942.261719,-11916.521484,25.740234
12502,-9518.941406,-9522.009766,3.068359
12503,-11516.600586,-11511.726562,4.874023
12504,-11545.293945,-11576.265625,30.971680
12505,-12030.936523,-11947.481445,83.455078
12506,-10778.009766,-10833.066406,55.056641
12507,-10460.197266,-10426.614258,33.583008
12508,-11508.005859,-11509.285156,1.279297
12509,-10948.913086,-10937.142578,11.770508
12510,-10481.875000,-10470.156250,11.718750
12511,-11909.048828,-11914.144531,5.095703
12512,-10608.493164,-10599.164062,9.329102
12513,-11356.846680,-11340.574219,16.272461
12514,-12513.255859,-12521.971680,8.715820
12515,-9336.279297,-9464.014648,127.735352
12516,-10928.219727,-10936.075195,7.855469
12517,-10410.808594,-10440.720703,29.912109
12518,-12506.482422,-12488.222656,18.259766
12519,-11606.484375,-11674.624023,68.139648
12520,-11963.652344,-11915.987305,47.665039
12521,-11480.516602,-11476.218750,4.297852
12522,-10560.472656,-10566.010742,5.538086
12523,-10458.978516,-10501.217773,42.239258
12524,-11328.992188,-11339.150391,10.158203
12525,-11002.494141,-10968.721680,33.772461
12526,-11426.622070,-11407.046875,19.575195
12527,-11539.833984,-11542.819336,2.985352
12528,-10536.474609,-10532.772461,3.702148
12529,-11157.380859,-11180.385742,23.004883
12530,-11934.546875,-11948.872070,14.325195
12531,-11372.332031,-11341.495117,30.836914
12532,-12612.069336,-12823.544922,211.475586
12533,-10910.509766,-10866.632812,43.876953
12534,-9605.805664,-9562.621094,43.184570
12535,-10492.870117,-10499.909180,7.039062
12536,-8808.831055,-8863.546875,54.715820
12537,-10927.947266,-10933.795898,5.848633
12538,-9864.157227,-9899.166016,35.008789
12539,-10974.517578,-10969.308594,5.208984
12540,-12223.360352,-12249.253906,25.893555
12541,-11361.173828,-11374.999023,13.825195
12542,-8307.355469,-8361.823242,54.467773
12543,-11976.408203,-11981.636719,5.228516
12544,-12566.029297,-12553.167969,12.861328
12545,-11895.326172,-11915.774414,20.448242
12546,-10997.106445,-11003.811523,6.705078
12547,-13799.366211,-13765.492188,33.874023
12548,-9912.143555,-9899.351562,12.791992
12549,-11527.856445,-11544.157227,16.300781
12550,-10538.299805,-10532.548828,5.750977
12551,-11959.341797,-11946.094727,13.247070
12552,-11529.474609,-11543.978516,14.503906
12553,-10354.427734,-10362.700195,8.272461
12554,-9813.254883,-9900.305664,87.050781
12555,-11947.051758,-11948.155273,1.103516
12556,-12379.927734,-12319.646484,60.281250
12557,-10546.393555,-10565.218750,18.825195
12558,-10500.235352,-10499.853516,0.381836
12559,-11559.466797,-11543.129883,16.336914
12560,-10198.725586,-9829.613281,369.112305
12561,-10884.781250,-10866.884766,17.896484
12562,-11530.666016,-11510.065430,20.600586
12563,-11487.842773,-11477.975586,9.867188
12564,-10547.506836,-10533.441406,14.065430
12565,-11250.894531,-11341.320312,90.425781
12566,-11442.260742,-11440.092773,2.167969
12567,-9461.711914,-9521.895508,60.183594
12568,-6290.917969,-6355.107422,64.189453
12569,-11371.400391,-11375.203125,3.802734
12570,-12535.024414,-12521.398438,13.625977
12571,-11741.141602,-11780.089844,38.948242
12572,-11377.424805,-11373.123047,4.301758
12573,-10793.766602,-10770.233398,23.533203
12574,-10900.654297,-10904.189453,3.535156
12575,-11983.661133,-11979.556641,4.104492
12576,-11239.198242,-11239.189453,0.008789
12577,-9926.261719,-9924.580078,1.681641
12578,-10791.673828,-10836.136719,44.462891
12579,-11941.423828,-11948.609375,7.185547
12580,-9192.356445,-9489.573242,297.216797
12581,-11680.580078,-11811.947266,131.367188
12582,-10980.630859,-10970.554688,10.076172
12583,-10804.139648,-10802.052734,2.086914
12584,-10553.516602,-10534.007812,19.508789
12585,-10972.602539,-10967.800781,4.801758
12586,-10931.530273,-10938.289062,6.758789
12587,-11553.605469,-11544.190430,9.415039
12588,-10895.427734,-10904.676758,9.249023
12589,-12213.682617,-12246.477539,32.794922
12590,-9937.184570,-9898.403320,38.781250
12591,-10963.298828,-10968.815430,5.516602
12592,-12534.058594,-12521.866211,12.192383
12593,-11482.652344,-11283.859375,198.792969
12594,-11993.140625,-12014.482422,21.341797
12595,-11249.634766,-11234.831055,14.803711
12596,-11797.717773,-11779.787109,17.930664
12597,-9573.228516,-9521.950195,51.278320
12598,-11325.116211,-11339.755859,14.639648
12599,-12934.688477,-12956.753906,22.065430
12600,-11953.496094,-11949.198242,4.297852
12601,-9939.619141,-9965.387695,25.768555
12602,-11497.839844,-11476.025391,21.814453
12603,-11551.934570,-11577.029297,25.094727
12604,-11753.860352,-11843.122070,89.261719
12605,-11549.191406,-11511.248047,37.943359
12606,-11505.373047,-11509.602539,4.229492
12607,-9554.399414,-9555.620117,1.220703
12608,-11970.262695,-11978.836914,8.574219
12609,-9449.863281,-9461.733398,11.870117
12610,-12946.047852,-12959.935547,13.887695
12611,-11559.407227,-11041.415039,517.992188
12612,-10499.890625,-10499.047852,0.842773
12613,-11420.800781,-11405.506836,15.293945
12614,-13485.519531,-13364.164062,121.355469
12615,-10466.746094,-10464.302734,2.443359
12616,-12255.220703,-12321.402344,66.181641
12617,-10413.916992,-10441.871094,27.954102
12618,-10461.038086,-10428.684570,32.353516
12619,-10419.407227,-10396.472656,22.934570
12620,-11808.208008,-11813.163086,4.955078
12621,-10505.376953,-10499.475586,5.901367
12622,-10502.720703,-10501.367188,1.353516
12623,-12487.751953,-12487.960938,0.208984
12624,-11930.852539,-11948.104492,17.251953
12625,-9537.462891,-9530.271484,7.191406
12626,-9792.367188,-9900.424805,108.057617
12627,-10469.691406,-10441.725586,27.965820
12628,-12316.666016,-12319.612305,2.946289
12629,-10657.026367,-10870.879883,213.853516
12630,-11974.526367,-11982.090820,7.564453
12631,-10533.885742,-10532.986328,0.899414
12632,-11432.111328,-11478.751953,46.640625
12633,-9507.216797,-9496.527344,10.689453
12634,-11401.240234,-11407.490234,6.250000
12635,-11340.512695,-11374.064453,33.551758
12636,-12005.042969,-11980.765625,24.277344
12637,-10969.273438,-11004.542969,35.269531
12638,-11441.980469,-11479.126953,37.146484
12639,-11903.364258,-11947.790039,44.425781
12640,-11968.350586,-11916.263672,52.086914
12641,-12038.268555,-12013.071289,25.197266
12642,-10573.782227,-10565.500000,8.282227
12643,-11532.486328,-11511.471680,21.014648
12644,-11874.433594,-11813.346680,61.086914
12645,-11962.564453,-11980.699219,18.134766
12646,-11724.625000,-11739.523438,14.898438
12647,-11367.443359,-11375.391602,7.948242
12648,-11547.728516,-11510.246094,37.482422
12649,-12681.894531,-12788.123047,106.228516
12650,-12256.923828,-12279.908203,22.984375
12651,-11483.380859,-11476.718750,6.662109
12652,-10564.068359,-10565.458984,1.390625
12653,-9301.376953,-9269.337891,32.039062
12654,-13497.058594,-13468.152344,28.906250
12655,-10993.650391,-10970.143555,23.506836
12656,-10389.441406,-10362.235352,27.206055
12657,-10498.997070,-10501.647461,2.650391
12658,-12053.111328,-11980.708984,72.402344
12659,-10304.119141,-10329.351562,25.232422
12660,-12974.424805,-12959.517578,14.907227
12661,-10067.745117,-10143.499023,75.753906
12662,-10542.703125,-10532.112305,10.590820
12663,-9557.711914,-9554.590820,3.121094
12664,-10957.001953,-10935.409180,21.592773
12665,-12253.671875,-12249.369141,4.302734
12666,-12328.561523,-12384.323242,55.761719
12667,-12335.375977,-12321.892578,13.483398
12668,-11458.387695,-11444.824219,13.563477
12669,-9575.223633,-9555.213867,20.009766
12670,-9473.150391,-9523.236328,50.085938
12671,-10536.477539,-10533.560547,2.916992
12672,-9267.587891,-9371.129883,103.541992
12673,-12443.627930,-12455.167969,11.540039
12674,-11588.805664,-11576.645508,12.160156
12675,-10961.734375,-10969.223633,7.489258
12676,-10534.535156,-10531.841797,2.693359
12677,-11836.151367,-11845.225586,9.074219
12678,-11965.323242,-11981.469727,16.146484
12679,-11502.045898,-11510.615234,8.569336
12680,-11506.251953,-11511.251953,5.000000
12681,-10492.376953,-10498.400391,6.023438
12682,-9572.083008,-9521.704102,50.378906
12683,-6458.140137,-6380.693848,77.446289
12684,-11523.976562,-11511.133789,12.842773
12685,-11558.649414,-11544.431641,14.217773
12686,-11926.573242,-11947.368164,20.794922
12687,-11446.041016,-11406.686523,39.354492
12688,-11923.958008,-11948.007812,24.049805
12689,-12395.999023,-12418.224609,22.225586
12690,-10511.752930,-10501.249023,10.503906
12691,-11512.560547,-11510.480469,2.080078
12692,-11689.812500,-11778.380859,88.568359
12693,-10344.988281,-10363.706055,18.717773
12694,-11178.638672,-11210.805664,32.166992
12695,-10891.801758,-10866.003906,25.797852
12696,-10443.884766,-10338.722656,105.162109
12697,-10555.560547,-10564.735352,9.174805
12698,-10540.964844,-10532.683594,8.281250
12699,-9956.594727,-9957.275391,0.680664
12700,-11016.978516,-11001.412109,15.566406
12701,-8052.562500,-8454.168945,401.606445
12702,-11925.894531,-11914.417969,11.476562
12703,-11362.535156,-11375.385742,12.850586
12704,-13513.903320,-13499.834961,14.068359
12705,-11893.038086,-11912.114258,19.076172
12706,-11294.368164,-11271.714844,22.653320
12707,-10413.826172,-10426.263672,12.437500
12708,-11545.911133,-11543.557617,2.353516
12709,-11951.882812,-11946.951172,4.931641
12710,-9941.077148,-9932.666016,8.411133
12711,-7434.793945,-7449.546875,14.752930
12712,-10449.628906,-10506.754883,57.125977
12713,-11367.566406,-11340.382812,27.183594
12714,-10929.982422,-10936.512695,6.530273
12715,-10938.476562,-10934.828125,3.648438
12716,-10980.961914,-10970.741211,10.220703
12717,-11472.114258,-11476.935547,4.821289
12718,-8187.337402,-8519.211914,331.874512
12719,-11394.478516,-11407.667969,13.189453
12720,-11970.137695,-11980.911133,10.773438
12721,-12451.645508,-12418.400391,33.245117
12722,-11296.615234,-11303.634766,7.019531
12723,-10537.550781,-10532.761719,4.789062
12724,-9806.781250,-9842.421875,35.640625
12725,-11900.279297,-11914.561523,14.282227
12726,-10505.264648,-10499.406250,5.858398
12727,-11483.290039,-11476.042969,7.247070
12728,-10929.405273,-10935.714844,6.309570
12729,-11368.508789,-11250.238281,118.270508
12730,-11445.164062,-11473.616211,28.452148
12731,-11867.131836,-11880.055664,12.923828
12732,-9436.304688,-9404.147461,32.157227
12733,-10368.802734,-10363.968750,4.833984
12734,-12381.023438,-12385.899414,4.875977
12735,-11980.665039,-11980.881836,0.216797
12736,-11855.916016,-11844.687500,11.228516
12737,-11464.459961,-11475.253906,10.793945
12738,-10506.599609,-10500.915039,5.684570
12739,-12931.382812,-12927.548828,3.833984
12740,-11012.503906,-11002.833008,9.670898
12741,-10923.690430,-10970.757812,47.067383
12742,-9306.634766,-9325.693359,19.058594
12743,-12480.034180,-12489.416992,9.382812
12744,-11017.697266,-10843.494141,174.203125
12745,-11544.267578,-11543.351562,0.916016
12746,-12310.616211,-12353.199219,42.583008
12747,-9330.773438,-9270.209961,60.563477
12748,-10957.485352,-10970.781250,13.295898
12749,-12954.765625,-12958.553711,3.788086
12750,-11450.621094,-11477.515625,26.894531
12751,-9534.983398,-9521.694336,13.289062
12752,-9564.846680,-9555.265625,9.581055
12753,-12839.598633,-12893.646484,54.047852
12754,-11376.122070,-11375.304688,0.817383
12755,-11378.837891,-11374.606445,4.231445
12756,-12547.918945,-12521.180664,26.738281
12757,-12255.521484,-12280.961914,25.440430
12758,-12399.680664,-12415.837891,16.157227
12759,-11508.740234,-11509.611328,0.871094
12760,-10610.632812,-10598.575195,12.057617
12761,-10514.172852,-10531.703125,17.530273
12762,-9592.843750,-9554.901367,37.942383
12763,-10467.470703,-10429.026367,38.444336
12764,-8460.527344,-8428.424805,32.102539
12765,-9547.960938,-9361.129883,186.831055
12766,-11351.321289,-11341.893555,9.427734
12767,-11304.166016,-11212.741211,91.424805
12768,-11373.914062,-11374.423828,0.509766
12769,-13304.205078,-13330.849609,26.644531
12770,-10955.441406,-10939.516602,15.924805
12771,-11942.216797,-11947.870117,5.653320
12772,-10974.841797,-10937.312500,37.529297
12773,-11874.546875,-11844.406250,30.140625
12774,-9912.833984,-9901.457031,11.376953
12775,-11559.113281,-11542.857422,16.255859
12776,-9958.861328,-9959.641602,0.780273
12777,-11508.142578,-11509.311523,1.168945
12778,-10023.423828,-9990.978516,32.445312
12779,-11528.573242,-11511.806641,16.766602
12780,-12459.959961,-12456.764648,3.195312
12781,-10358.598633,-10362.848633,4.250000
12782,-12251.232422,-12248.320312,2.912109
12783,-12400.607422,-12352.131836,48.475586
12784,-9073.722656,-9270.680664,196.958008
12785,-10834.974609,-10800.097656,34.876953
12786,-11532.286133,-11543.573242,11.287109
12787,-10925.634766,-10903.615234,22.019531
12788,-10886.327148,-10905.029297,18.702148
12789,-10504.208008,-10498.595703,5.612305
12790,-11401.825195,-11372.970703,28.854492
12791,-11518.450195,-11544.598633,26.148438
12792,-11418.429688,-11407.518555,10.911133
12793,-9932.879883,-9924.334961,8.544922
12794,-11958.254883,-11947.916992,10.337891
12795,-10541.927734,-10531.957031,9.970703
12796,-11380.032227,-11406.940430,26.908203
12797,-11863.440430,-11947.745117,84.304688
12798,-9899.429688,-9923.049805,23.620117
12799,-11950.281250,-11949.501953,0.779297
12800,-11946.047852,-11948.973633,2.925781
12801,-12936.468750,-12926.461914,10.006836
12802,-10505.797852,-10499.083008,6.714844
12803,-12893.530273,-12958.012695,64.482422
12804,-11840.802734,-11844.654297,3.851562
12805,-11512.063477,-11509.109375,2.954102
12806,-9931.064453,-9925.280273,5.784180
12807,-11348.597656,-11373.427734,24.830078
12808,-10918.829102,-10938.088867,19.259766
12809,-9368.113281,-9326.949219,41.164062
12810,-9323.949219,-9359.820312,35.871094
12811,-12286.480469,-12430.940430,144.459961
12812,-11478.041016,-11476.818359,1.222656
12813,-12767.690430,-12791.195312,23.504883
12814,-10996.206055,-11001.887695,5.681641
12815,-10853.579102,-10912.044922,58.465820
12816,-12536.155273,-12552.779297,16.624023
12817,-10962.379883,-10971.540039,9.160156
12818,-11533.625977,-11543.476562,9.850586
12819,-11381.764648,-11376.508789,5.255859
12820,-11812.014648,-11779.185547,32.829102
12821,-11934.613281,-11914.668945,19.944336
12822,-11442.852539,-10741.787109,701.065430
12823,-11938.659180,-11963.769531,25.110352
12824,-11943.270508,-11947.243164,3.972656
12825,-10764.951172,-10799.151367,34.200195
12826,-11953.881836,-11946.972656,6.909180
12827,-10947.038086,-10935.648438,11.389648
12828,-11664.627930,-11707.963867,43.335938
12829,-12938.729492,-12958.829102,20.099609
12830,-11508.468750,-11511.695312,3.226562
12831,-11982.742188,-11980.515625,2.226562
12832,-11029.943359,-11001.357422,28.585938
12833,-10347.727539,-10370.819336,23.091797
12834,-11967.789062,-11948.022461,19.766602
12835,-11962.327148,-11945.940430,16.386719
12836,-10985.428711,-10971.607422,13.821289
12837,-11709.552734,-11502.146484,207.406250
12838,-13361.654297,-13435.074219,73.419922
12839,-8915.322266,-8921.692383,6.370117
12840,-11396.663086,-11406.397461,9.734375
12841,-12399.070312,-12382.668945,16.401367
12842,-11742.154297,-11706.435547,35.718750
12843,-12008.407227,-11980.899414,27.507812
12844,-11547.688477,-11543.953125,3.735352
12845,-10541.833008,-10532.117188,9.715820
12846,-11357.123047,-11374.990234,17.867188
12847,-11925.088867,-11914.860352,10.228516
12848,-11394.114258,-11407.929688,13.815430
12849,-11861.193359,-11881.176758,19.983398
12850,-10576.117188,-10566.333008,9.784180
12851,-11961.490234,-11913.811523,47.678711
12852,-12020.231445,-12014.028320,6.203125
12853,-10345.302734,-10362.756836,17.454102
12854,-11387.892578,-11375.057617,12.834961
12855,-11889.830078,-11914.519531,24.689453
12856,-9850.482422,-9934.452148,83.969727
12857,-11987.987305,-11978.944336,9.042969
12858,-10844.934570,-10834.854492,10.080078
12859,-9997.820312,-9989.855469,7.964844
12860,-11810.116211,-11776.107422,34.008789
12861,-10363.516602,-10305.332031,58.184570
12862,-12543.155273,-12554.355469,11.200195
12863,-11866.212891,-11878.159180,11.946289
12864,-11498.981445,-11512.056641,13.075195
12865,-10562.190430,-10566.093750,3.903320
12866,-9843.384766,-9900.869141,57.484375
12867,-11473.721680,-11477.392578,3.670898
12868,-12896.415039,-12893.120117,3.294922
12869,-10972.700195,-10970.719727,1.980469
12870,-12905.820312,-12893.336914,12.483398
12871,-11362.498047,-11373.394531,10.896484
12872,-12292.335938,-12385.306641,92.970703
12873,-8744.701172,-8551.770508,192.930664
12874,-10469.894531,-10442.917969,26.976562
12875,-9218.331055,-8890.523438,327.807617
12876,-12765.750977,-12893.662109,127.911133
12877,-12226.757812,-12216.614258,10.143555
12878,-9794.674805,-9993.742188,199.067383
12879,-8908.889648,-8829.469727,79.419922
12880,-11498.056641,-11509.494141,11.437500
12881,-8771.623047,-8338.072266,433.550781
12882,-11582.558594,-11544.247070,38.311523
12883,-12408.162109,-12456.574219,48.412109
12884,-12263.718750,-12352.546875,88.828125
12885,-11374.969727,-11339.280273,35.689453
12886,-11510.611328,-11509.873047,0.738281
12887,-11536.876953,-11511.592773,25.284180
12888,-9054.610352,-8290.950195,763.660156
12889,-10831.151367,-10910.680664,79.529297
12890,-12822.262695,-12791.806641,30.456055
12891,-10547.218750,-10565.020508,17.801758
12892,-10544.116211,-10532.886719,11.229492
12893,-9515.910156,-9530.097656,14.187500
12894,-10505.381836,-10499.478516,5.903320
12895,-11686.927734,-11739.423828,52.496094
12896,-11483.797852,-11509.453125,25.655273
12897,-10936.372070,-10937.045898,0.673828
12898,-11485.210938,-11476.949219,8.261719
12899,-11963.131836,-11981.427734,18.295898
12900,-10979.766602,-10970.042969,9.723633
12901,-9357.009766,-9404.787109,47.777344
12902,-10574.257812,-10565.569336,8.688477
12903,-13702.664062,-13764.790039,62.125977
12904,-9844.708008,-9901.303711,56.595703
12905,-11403.208008,-11408.356445,5.148438
12906,-12515.468750,-12520.955078,5.486328
12907,-11835.806641,-11846.155273,10.348633
12908,-10534.368164,-10531.556641,2.811523
12909,-10944.680664,-10934.802734,9.877930
12910,-13459.374023,-13466.201172,6.827148
12911,-10456.543945,-10465.161133,8.617188
12912,-13937.517578,-13905.134766,32.382812
12913,-11505.911133,-11510.343750,4.432617
12914,-11910.566406,-11317.772461,592.793945
12915,-12921.929688,-12927.575195,5.645508
12916,-10425.332031,-10336.771484,88.560547
12917,-11937.788086,-11916.141602,21.646484
12918,-10521.579102,-10500.568359,21.010742
12919,-12543.788086,-12553.484375,9.696289
12920,-11511.110352,-11509.510742,1.599609
12921,-11938.599609,-11947.312500,8.712891
12922,-11329.890625,-11343.362305,13.471680
12923,-12362.765625,-12353.505859,9.259766
12924,-10517.258789,-10498.621094,18.637695
12925,-11539.189453,-11544.221680,5.032227
12926,-11490.748047,-11477.666992,13.081055
12927,-11483.094727,-11475.576172,7.518555
12928,-12679.603516,-12686.488281,6.884766
12929,-10540.760742,-10532.394531,8.366211
12930,-11539.284180,-11543.707031,4.422852
12931,-9942.880859,-9925.411133,17.469727
12932,-11966.723633,-11946.031250,20.692383
12933,-11860.069336,-11914.553711,54.484375
12934,-11510.380859,-11511.350586,0.969727
12935,-12553.383789,-12553.949219,0.565430
12936,-10519.861328,-10533.427734,13.566406
12937,-11997.729492,-11980.922852,16.806641
12938,-12463.869141,-12457.585938,6.283203
12939,-11513.649414,-11511.246094,2.403320
12940,-10984.086914,-10969.281250,14.805664
12941,-10525.529297,-10532.953125,7.423828
12942,-11322.671875,-11342.557617,19.885742
12943,-11492.795898,-11509.919922,17.124023
12944,-13282.038086,-13331.972656,49.934570
12945,-11529.521484,-11511.567383,17.954102
12946,-12485.762695,-12521.563477,35.800781
12947,-10513.674805,-10532.961914,19.287109
12948,-11020.076172,-10970.722656,49.353516
12949,-10980.767578,-11001.666992,20.899414
12950,-10467.216797,-10397.073242,70.143555
12951,-9566.412109,-9496.921875,69.490234
12952,-10529.849609,-10531.789062,1.939453
12953,-9577.655273,-9555.197266,22.458008
12954,-9668.790039,-9764.876953,96.086914
12955,-11021.370117,-11001.354492,20.015625
12956,-12461.201172,-12454.825195,6.375977
12957,-11897.571289,-11915.854492,18.283203
12958,-10789.386719,-10877.966797,88.580078
12959,-9585.475586,-9555.291992,30.183594
12960,-10466.833008,-10463.023438,3.809570
12961,-10474.274414,-10462.195312,12.079102
12962,-10937.569336,-10937.202148,0.367188
12963,-11407.718750,-11408.617188,0.898438
12964,-10356.465820,-10362.732422,6.266602
12965,-11573.788086,-11575.924805,2.136719
12966,-11406.029297,-11373.701172,32.328125
12967,-11540.494141,-11543.581055,3.086914
12968,-8411.917969,-8426.867188,14.949219
12969,-10902.839844,-10901.958008,0.881836
12970,-11007.358398,-11002.035156,5.323242
12971,-10997.591797,-11003.473633,5.881836
12972,-10578.350586,-10564.579102,13.771484
12973,-11228.213867,-11238.050781,9.836914
12974,-11410.687500,-11407.253906,3.433594
12975,-10976.104492,-10970.316406,5.788086
12976,-10572.630859,-10565.866211,6.764648
12977,-15493.156250,-15526.656250,33.500000
12978,-12266.046875,-12248.325195,17.721680
12979,-11397.488281,-11407.933594,10.445312
12980,-11361.358398,-11375.915039,14.556641
12981,-10878.757812,-10903.432617,24.674805
12982,-11334.784180,-11271.001953,63.782227
12983,-10884.131836,-10903.561523,19.429688
12984,-13040.282227,-11856.921875,1183.360352
12985,-11509.314453,-11510.745117,1.430664
12986,-12382.265625,-12386.197266,3.931641
12987,-9471.115234,-9405.535156,65.580078
12988,-10414.368164,-10395.785156,18.583008
12989,-11234.067383,-11270.011719,35.944336
12990,-11458.052734,-11477.229492,19.176758
12991,-10947.268555,-10970.147461,22.878906
12992,-9564.533203,-9555.968750,8.564453
12993,-11363.076172,-11371.983398,8.907227
12994,-11833.041992,-11779.584961,53.457031
12995,-11977.203125,-11981.629883,4.426758
12996,-10544.544922,-10533.221680,11.323242
12997,-11913.249023,-11915.408203,2.159180
12998,-13028.875977,-12991.893555,36.982422
12999,-10942.673828,-10936.830078,5.843750
13000,-9884.099609,-9797.974609,86.125000
13001,-11829.829102,-11882.709961,52.880859
13002,-12479.363281,-12418.663086,60.700195
13003,-11522.312500,-11509.679688,12.632812
13004,-10882.313477,-10866.798828,15.514648
13005,-9540.104492,-9522.142578,17.961914
13006,-11933.866211,-11913.803711,20.062500
13007,-12468.419922,-12455.790039,12.629883
13008,-11426.004883,-11440.613281,14.608398
13009,-11971.451172,-11980.713867,9.262695
13010,-9949.822266,-9958.972656,9.150391
13011,-9524.871094,-9487.815430,37.055664
13012,-11938.979492,-11947.927734,8.948242
13013,-11464.852539,-11476.716797,11.864258
13014,-12352.573242,-12387.143555,34.570312
13015,-12402.980469,-12352.968750,50.011719
13016,-11973.352539,-11947.363281,25.989258
13017,-9959.448242,-9960.156250,0.708008
13018,-10534.239258,-10532.912109,1.327148
13019,-10569.306641,-10565.178711,4.127930
13020,-11962.984375,-11948.949219,14.035156
13021,-12316.136719,-12353.820312,37.683594
13022,-9219.261719,-9293.516602,74.254883
13023,-10891.788086,-10903.961914,12.173828
13024,-9502.377930,-9959.723633,457.345703
13025,-9085.142578,-8453.228516,631.914062
13026,-12752.310547,-12790.113281,37.802734
13027,-12566.353516,-12553.445312,12.908203
13028,-12060.612305,-12030.115234,30.497070
13029,-11432.236328,-11443.735352,11.499023
13030,-11249.276367,-11375.909180,126.632812
13031,-12430.587891,-12422.302734,8.285156
13032,-10998.247070,-11001.527344,3.280273
13033,-10654.877930,-10631.492188,23.385742
13034,-11546.083984,-11510.451172,35.632812
13035,-9536.678711,-9497.161133,39.517578
13036,-11531.981445,-11486.001953,45.979492
13037,-10502.264648,-10497.578125,4.686523
13038,-9495.679688,-9521.825195,26.145508
13039,-11541.430664,-11543.316406,1.885742
13040,-10975.713867,-10969.259766,6.454102
13041,-8273.780273,-8486.760742,212.980469
13042,-11985.435547,-11981.430664,4.004883
13043,-8502.907227,-7788.002930,714.904297
13044,-12409.292969,-12353.041992,56.250977
13045,-12859.399414,-12925.911133,66.511719
13046,-12930.200195,-12926.256836,3.943359
13047,-11511.514648,-11510.825195,0.689453
13048,-12518.957031,-12521.956055,2.999023
13049,-10770.798828,-10742.497070,28.301758
13050,-11924.777344,-11913.061523,11.715820
13051,-10582.025391,-10566.557617,15.467773
13052,-9864.954102,-9867.574219,2.620117
13053,-11896.843750,-11752.667969,144.175781
13054,-9564.132812,-9555.755859,8.376953
13055,-10527.991211,-10532.430664,4.439453
13056,-12433.378906,-12489.758789,56.379883
13057,-10912.530273,-10902.074219,10.456055
13058,-10886.315430,-10903.460938,17.145508
13059,-12911.013672,-12923.382812,12.369141
13060,-11562.716797,-11544.735352,17.981445
13061,-11419.264648,-11407.684570,11.580078
13062,-11325.150391,-11341.897461,16.747070
13063,-10498.541992,-10500.583984,2.041992
13064,-9363.893555,-9957.478516,593.584961
13065,-9817.378906,-9891.528320,74.149414
13066,-10597.270508,-10599.372070,2.101562
13067,-9776.222656,-9705.817383,70.405273
13068,-11473.294922,-11478.538086,5.243164
13069,-10597.733398,-10598.532227,0.798828
13070,-11487.572266,-11510.123047,22.550781
13071,-12120.740234,-10351.247070,1769.493164
13072,-9455.832031,-9462.720703,6.888672
13073,-11938.742188,-11917.122070,21.620117
13074,-11355.529297,-11373.504883,17.975586
13075,-9343.614258,-8774.152344,569.461914
13076,-12033.451172,-12012.493164,20.958008
13077,-12447.361328,-12489.473633,42.112305
13078,-10848.440430,-10903.744141,55.303711
13079,-10498.262695,-10500.243164,1.980469
13080,-10882.115234,-10879.722656,2.392578
13081,-12297.612305,-12384.467773,86.855469
13082,-13046.161133,-13007.571289,38.589844
13083,-11481.169922,-11476.497070,4.672852
