index,predicted,target,abs_error
0,-13493.486328,-13498.684570,5.198242
1,-12546.568359,-12553.394531,6.826172
2,-10564.699219,-10565.196289,0.497070
3,-11511.842773,-11511.768555,0.074219
4,-10950.053711,-10936.218750,13.834961
5,-10573.035156,-10564.536133,8.499023
6,-11969.851562,-11978.977539,9.125977
7,-11421.112305,-11420.879883,0.232422
8,-10538.579102,-10533.431641,5.147461
9,-9940.030273,-9933.640625,6.389648
10,-10478.205078,-10469.112305,9.092773
11,-11507.727539,-11508.370117,0.642578
12,-13854.238281,-13937.166992,82.928711
13,-9572.902344,-9554.845703,18.056641
14,-10037.952148,-10003.875977,34.076172
15,-11392.754883,-11375.015625,17.739258
16,-10902.970703,-10905.177734,2.207031
17,-11913.906250,-11913.840820,0.065430
18,-11543.949219,-11543.761719,0.187500
19,-10900.003906,-10911.668945,11.665039
20,-11785.990234,-11811.770508,25.780273
21,-11869.966797,-11844.586914,25.379883
22,-12741.977539,-12757.309570,15.332031
23,-10578.222656,-10566.061523,12.161133
24,-10343.078125,-10340.071289,3.006836
25,-9580.042969,-9554.411133,25.631836
26,-12474.996094,-12488.501953,13.505859
27,-9633.502930,-9620.880859,12.622070
28,-10344.181641,-10329.749023,14.432617
29,-10977.293945,-10969.043945,8.250000
30,-10568.625977,-10566.407227,2.218750
31,-11913.059570,-11914.469727,1.410156
32,-12537.430664,-12553.772461,16.341797
33,-10827.215820,-10834.231445,7.015625
34,-11572.467773,-11575.876953,3.409180
35,-11542.827148,-11544.002930,1.175781
36,-10507.284180,-10499.958008,7.326172
37,-13966.150391,-14089.933594,123.783203
38,-12345.925781,-12354.044922,8.119141
39,-10943.852539,-10937.226562,6.625977
40,-12248.516602,-12246.777344,1.739258
41,-11248.654297,-11303.146484,54.492188
42,-10994.064453,-11001.580078,7.515625
43,-11367.044922,-11374.910156,7.865234
44,-11535.452148,-11542.752930,7.300781
45,-10967.095703,-10967.206055,0.110352
46,-10970.180664,-10968.337891,1.842773
47,-10536.860352,-10532.243164,4.617188
48,-12816.040039,-12823.902344,7.862305
49,-8885.939453,-8865.435547,20.503906
50,-10604.796875,-10598.396484,6.400391
51,-9999.578125,-9989.923828,9.654297
52,-12405.444336,-12415.283203,9.838867
53,-10975.909180,-10971.535156,4.374023
54,-11538.840820,-11543.732422,4.891602
55,-10861.754883,-10869.083984,7.329102
56,-9956.875977,-9934.561523,22.314453
57,-12838.728516,-12861.800781,23.072266
58,-10334.251953,-10339.115234,4.863281
59,-10327.787109,-10339.620117,11.833008
60,-10535.481445,-10531.671875,3.809570
61,-11337.581055,-11337.657227,0.076172
62,-11507.380859,-11512.333984,4.953125
63,-12911.903320,-12924.502930,12.599609
64,-10469.867188,-10466.745117,3.122070
65,-12472.035156,-12490.454102,18.418945
66,-11544.306641,-11542.567383,1.739258
67,-11908.424805,-11916.375000,7.950195
68,-11375.516602,-11374.641602,0.875000
69,-10933.763672,-10937.666992,3.903320
70,-11502.004883,-11510.581055,8.576172
71,-11989.844727,-11979.778320,10.066406
72,-12792.142578,-12790.191406,1.951172
73,-9490.296875,-9464.125000,26.171875
74,-10961.671875,-10971.105469,9.433594
75,-12382.288086,-12351.949219,30.338867
76,-10923.234375,-10911.768555,11.465820
77,-12414.168945,-12455.587891,41.418945
78,-11483.230469,-11477.454102,5.776367
79,-12937.339844,-12926.005859,11.333984
80,-11655.094727,-12431.525391,776.430664
81,-12404.648438,-12373.346680,31.301758
82,-10993.022461,-11001.740234,8.717773
83,-11538.333008,-11542.741211,4.408203
84,-11569.267578,-11576.146484,6.878906
85,-10510.412109,-10499.601562,10.810547
86,-8850.608398,-8858.500977,7.892578
87,-12345.214844,-12319.694336,25.520508
88,-11378.037109,-11374.217773,3.819336
89,-10323.692383,-10330.314453,6.622070
90,-10541.943359,-10531.974609,9.968750
91,-12515.501953,-12522.051758,6.549805
92,-12353.788086,-12352.669922,1.118164
93,-14082.488281,-14202.872070,120.383789
94,-10570.412109,-10565.432617,4.979492
95,-9995.407227,-9990.643555,4.763672
96,-9991.965820,-9957.859375,34.106445
97,-10555.727539,-10566.213867,10.486328
98,-11486.519531,-11477.249023,9.270508
99,-11946.519531,-11946.578125,0.058594
100,-11941.332031,-11945.985352,4.653320
101,-12811.652344,-12789.951172,21.701172
102,-10312.842773,-10272.914062,39.928711
103,-9804.667969,-9797.851562,6.816406
104,-11936.840820,-11948.402344,11.561523
105,-9360.754883,-9393.004883,32.250000
106,-11332.810547,-11341.975586,9.165039
107,-11827.912109,-11844.517578,16.605469
108,-6021.772949,-6413.638184,391.865234
109,-11922.005859,-11915.433594,6.572266
110,-10896.402344,-10902.692383,6.290039
111,-10636.494141,-10631.538086,4.956055
112,-11923.968750,-11914.928711,9.040039
113,-10936.143555,-10935.870117,0.273438
114,-11864.485352,-11915.978516,51.493164
115,-10972.381836,-10968.888672,3.493164
116,-11541.066406,-11542.441406,1.375000
117,-11949.551758,-11947.549805,2.001953
118,-12507.644531,-12521.248047,13.603516
119,-11447.725586,-11444.850586,2.875000
120,-10527.749023,-10533.569336,5.820312
121,-10538.017578,-10533.243164,4.774414
122,-12359.638672,-12352.593750,7.044922
123,-10971.618164,-10968.888672,2.729492
124,-10467.432617,-10464.478516,2.954102
125,-11982.748047,-11980.868164,1.879883
126,-12085.074219,-12111.850586,26.776367
127,-10546.234375,-10533.057617,13.176758
128,-10879.655273,-10870.758789,8.896484
129,-11372.797852,-11341.973633,30.824219
130,-12256.973633,-12250.300781,6.672852
131,-10996.397461,-11002.237305,5.839844
132,-11477.167969,-11479.807617,2.639648
133,-11497.119141,-11511.004883,13.885742
134,-11491.388672,-11511.188477,19.799805
135,-9523.109375,-9522.361328,0.748047
136,-11465.832031,-11476.503906,10.671875
137,-10843.831055,-10834.408203,9.422852
138,-11406.185547,-11407.258789,1.073242
139,-13225.212891,-13226.476562,1.263672
140,-11943.354492,-11946.218750,2.864258
141,-11493.844727,-11510.857422,17.012695
142,-10570.415039,-10566.059570,4.355469
143,-11823.447266,-11812.869141,10.578125
144,-12402.795898,-12386.082031,16.713867
145,-11426.979492,-11405.760742,21.218750
146,-9439.750977,-9437.475586,2.275391
147,-10966.214844,-10967.454102,1.239258
148,-11001.121094,-11001.651367,0.530273
149,-11405.425781,-11406.745117,1.319336
150,-11404.916992,-11407.640625,2.723633
151,-12354.613281,-12353.238281,1.375000
152,-10974.353516,-10969.220703,5.132812
153,-11913.850586,-11915.239258,1.388672
154,-10296.008789,-10273.270508,22.738281
155,-10943.195312,-10935.821289,7.374023
156,-12355.418945,-12353.587891,1.831055
157,-11958.164062,-11948.673828,9.490234
158,-11392.392578,-11373.148438,19.244141
159,-11919.478516,-11916.332031,3.146484
160,-11288.968750,-11283.283203,5.685547
161,-10604.439453,-10599.689453,4.750000
162,-10539.640625,-10534.330078,5.310547
163,-10561.554688,-10565.091797,3.537109
164,-11898.111328,-11914.689453,16.578125
165,-11471.687500,-11478.558594,6.871094
166,-10531.664062,-10532.727539,1.063477
167,-11535.618164,-11541.607422,5.989258
168,-11413.417969,-11408.954102,4.463867
169,-8850.178711,-8832.089844,18.088867
170,-10862.103516,-10866.784180,4.680664
171,-11593.328125,-11609.236328,15.908203
172,-11329.573242,-11342.840820,13.267578
173,-11784.943359,-11776.840820,8.102539
174,-9904.867188,-9900.498047,4.369141
175,-10529.865234,-10531.018555,1.153320
176,-10496.978516,-10501.610352,4.631836
177,-11916.425781,-11916.420898,0.004883
178,-11478.055664,-11476.269531,1.786133
179,-12435.356445,-12456.193359,20.836914
180,-10498.221680,-10499.897461,1.675781
181,-9531.011719,-9496.232422,34.779297
182,-11282.003906,-11316.409180,34.405273
183,-6322.616211,-6381.682617,59.066406
184,-12506.966797,-12521.106445,14.139648
185,-10533.938477,-10531.911133,2.027344
186,-9886.387695,-9868.079102,18.308594
187,-12386.091797,-12351.472656,34.619141
188,-11507.277344,-11511.301758,4.024414
189,-11951.483398,-11946.583984,4.899414
190,-10467.377930,-10441.358398,26.019531
191,-11321.010742,-11308.295898,12.714844
192,-12444.624023,-12454.038086,9.414062
193,-10006.336914,-9991.027344,15.309570
194,-11840.941406,-11848.615234,7.673828
195,-10834.499023,-10800.943359,33.555664
196,-10970.000977,-10969.740234,0.260742
197,-12780.614258,-12787.853516,7.239258
198,-10568.471680,-10566.928711,1.542969
199,-10934.571289,-10937.490234,2.918945
200,-10842.666992,-10838.405273,4.261719
201,-9851.182617,-9837.361328,13.821289
202,-8545.332031,-8519.438477,25.893555
203,-11917.997070,-11914.277344,3.719727
204,-9593.322266,-9588.096680,5.225586
205,-11536.647461,-11543.677734,7.030273
206,-10562.595703,-10566.449219,3.853516
207,-11537.028320,-11543.645508,6.617188
208,-10496.611328,-10499.347656,2.736328
209,-12554.712891,-12554.077148,0.635742
210,-11404.006836,-11406.921875,2.915039
211,-11473.237305,-11478.509766,5.272461
212,-9985.672852,-9960.317383,25.355469
213,-12367.225586,-12385.833008,18.607422
214,-9895.857422,-9899.817383,3.959961
215,-9500.169922,-9463.702148,36.467773
216,-12338.871094,-12354.606445,15.735352
217,-12885.394531,-12894.528320,9.133789
218,-11000.689453,-11002.842773,2.153320
219,-10434.068359,-10441.290039,7.221680
220,-10868.346680,-10880.791992,12.445312
221,-11506.142578,-11511.022461,4.879883
222,-12909.653320,-12924.450195,14.796875
223,-10424.106445,-10426.010742,1.904297
224,-9563.148438,-9552.243164,10.905273
225,-11490.236328,-11478.140625,12.095703
226,-11914.339844,-11913.915039,0.424805
227,-10502.504883,-10498.988281,3.516602
228,-11510.301758,-11510.583008,0.281250
229,-10968.520508,-10970.231445,1.710938
230,-11039.861328,-11034.735352,5.125977
231,-10952.869141,-10937.887695,14.981445
232,-9512.045898,-9522.030273,9.984375
233,-13419.125977,-13467.668945,48.542969
234,-11953.180664,-11947.890625,5.290039
235,-9529.685547,-9521.739258,7.946289
236,-10454.562500,-10429.400391,25.162109
237,-11568.202148,-11576.194336,7.992188
238,-10418.704102,-10408.854492,9.849609
239,-11368.650391,-11373.472656,4.822266
240,-10311.803711,-10304.251953,7.551758
241,-11947.052734,-11948.479492,1.426758
242,-10572.073242,-10566.514648,5.558594
243,-9863.973633,-9866.088867,2.115234
244,-10567.020508,-10565.408203,1.612305
245,-11342.643555,-11340.927734,1.715820
246,-10520.431641,-10501.295898,19.135742
247,-8504.860352,-8485.269531,19.590820
248,-11380.247070,-11375.903320,4.343750
249,-11382.465820,-11373.913086,8.552734
250,-12410.060547,-12425.038086,14.977539
251,-11476.158203,-11477.542969,1.384766
252,-12905.853516,-12927.091797,21.238281
253,-10398.673828,-10395.939453,2.734375
254,-11477.625000,-11479.095703,1.470703
255,-8923.508789,-8924.677734,1.168945
256,-9943.892578,-9958.392578,14.500000
257,-9566.035156,-9555.601562,10.433594
258,-11919.941406,-11916.341797,3.599609
259,-10539.494141,-10531.988281,7.505859
260,-8661.337891,-8452.689453,208.648438
261,-11950.874023,-11945.949219,4.924805
262,-10949.719727,-10935.984375,13.735352
263,-13261.386719,-13330.035156,68.648438
264,-10975.492188,-10970.596680,4.895508
265,-10407.496094,-10407.875977,0.379883
266,-10495.918945,-10498.956055,3.037109
267,-11478.992188,-11477.142578,1.849609
268,-11883.833984,-11884.930664,1.096680
269,-11472.371094,-11476.231445,3.860352
270,-11448.001953,-11445.089844,2.912109
271,-11001.378906,-11001.897461,0.518555
272,-10936.858398,-10937.544922,0.686523
273,-13309.807617,-13363.359375,53.551758
274,-10463.584961,-10465.111328,1.526367
275,-8595.929688,-8551.990234,43.939453
276,-12346.672852,-12321.399414,25.273438
277,-10562.560547,-10566.445312,3.884766
278,-10971.691406,-10970.824219,0.867188
279,-10940.281250,-10945.304688,5.023438
280,-10500.724609,-10497.916016,2.808594
281,-13895.457031,-13905.029297,9.572266
282,-12910.883789,-12924.894531,14.010742
283,-12514.813477,-12521.003906,6.190430
284,-8865.275391,-8798.003906,67.271484
285,-10322.339844,-10306.114258,16.225586
286,-12225.945312,-12283.141602,57.196289
287,-8215.275391,-8259.398438,44.123047
288,-11947.981445,-11947.580078,0.401367
289,-11542.723633,-11543.821289,1.097656
290,-10336.224609,-10328.772461,7.452148
291,-11667.788086,-11675.176758,7.388672
292,-9466.780273,-9463.276367,3.503906
293,-11001.037109,-11001.612305,0.575195
294,-9532.090820,-9521.494141,10.596680
295,-11509.003906,-11511.387695,2.383789
296,-9574.122070,-9554.298828,19.823242
297,-11565.168945,-11576.951172,11.782227
298,-11939.247070,-11948.176758,8.929688
299,-12403.590820,-12385.495117,18.095703
300,-11498.125000,-11510.320312,12.195312
301,-11567.859375,-11576.220703,8.361328
302,-11421.444336,-11406.876953,14.567383
303,-10569.249023,-10565.299805,3.949219
304,-11970.450195,-11981.275391,10.825195
305,-12545.029297,-12553.662109,8.632812
306,-10946.666016,-10936.375977,10.290039
307,-10500.886719,-10498.850586,2.036133
308,-11512.078125,-11511.674805,0.403320
309,-9575.070312,-9554.922852,20.147461
310,-10842.671875,-10834.426758,8.245117
311,-11953.674805,-11948.156250,5.518555
312,-11484.356445,-11477.575195,6.781250
313,-11963.069336,-11948.941406,14.127930
314,-10488.945312,-10498.708008,9.762695
315,-12399.711914,-12386.484375,13.227539
316,-11545.042969,-11543.395508,1.647461
317,-12732.774414,-12757.315430,24.541016
318,-13055.920898,-13122.995117,67.074219
319,-9907.852539,-9901.152344,6.700195
320,-9888.541016,-9899.161133,10.620117
321,-12386.773438,-12386.866211,0.092773
322,-11949.641602,-11946.568359,3.073242
323,-11777.929688,-11779.550781,1.621094
324,-11824.835938,-11812.072266,12.763672
325,-12420.550781,-12415.602539,4.948242
326,-10572.483398,-10565.130859,7.352539
327,-11972.520508,-11980.053711,7.533203
328,-10967.415039,-10968.589844,1.174805
329,-9892.620117,-9900.097656,7.477539
330,-10424.278320,-10426.318359,2.040039
331,-10927.458984,-10936.499023,9.040039
332,-8968.703125,-8888.487305,80.215820
333,-10973.379883,-10970.094727,3.285156
334,-11854.932617,-11812.013672,42.918945
335,-11581.321289,-11576.324219,4.997070
336,-10541.242188,-10532.875000,8.367188
337,-10970.892578,-10969.038086,1.854492
338,-12963.541016,-12957.711914,5.829102
339,-9819.338867,-9836.131836,16.792969
340,-12480.821289,-12486.986328,6.165039
341,-10539.657227,-10533.437500,6.219727
342,-12299.914062,-12285.872070,14.041992
343,-8872.666992,-8891.828125,19.161133
344,-10929.159180,-10938.022461,8.863281
345,-11934.532227,-11948.373047,13.840820
346,-11829.133789,-11843.418945,14.285156
347,-10358.454102,-10363.073242,4.619141
348,-11290.884766,-11303.894531,13.009766
349,-12397.040039,-12385.622070,11.417969
350,-10347.369141,-10337.533203,9.835938
351,-11492.278320,-11510.134766,17.856445
352,-11866.992188,-11844.141602,22.850586
353,-10872.978516,-10878.721680,5.743164
354,-11895.669922,-11884.611328,11.058594
355,-9986.192383,-9958.732422,27.459961
356,-9574.153320,-9589.267578,15.114258
357,-11980.148438,-11980.787109,0.638672
358,-9893.173828,-9900.881836,7.708008
359,-11504.560547,-11509.678711,5.118164
360,-11006.049805,-11002.281250,3.768555
361,-9969.791016,-9958.738281,11.052734
362,-11836.778320,-11844.211914,7.433594
363,-11956.294922,-11948.875977,7.418945
364,-11801.685547,-11813.000000,11.314453
365,-11000.782227,-11003.915039,3.132812
366,-11509.957031,-11509.713867,0.243164
367,-11879.049805,-11881.531250,2.481445
368,-12557.018555,-12554.611328,2.407227
369,-8539.883789,-8551.812500,11.928711
370,-12344.006836,-12353.338867,9.332031
371,-9531.595703,-9529.467773,2.127930
372,-10515.752930,-10507.832031,7.920898
373,-9907.863281,-9899.425781,8.437500
374,-11534.063477,-11542.270508,8.207031
375,-10976.110352,-10970.139648,5.970703
376,-10935.917969,-10937.270508,1.352539
377,-11570.822266,-11575.712891,4.890625
378,-12005.179688,-12014.625977,9.446289
379,-9539.103516,-9521.320312,17.783203
380,-11339.968750,-11342.052734,2.083984
381,-11352.315430,-11341.646484,10.668945
382,-12514.673828,-12522.758789,8.084961
383,-11951.858398,-11949.000000,2.858398
384,-10395.654297,-10393.131836,2.522461
385,-13946.096680,-13905.529297,40.567383
386,-9590.276367,-9554.618164,35.658203
387,-12936.972656,-12893.791992,43.180664
388,-11938.698242,-11947.460938,8.762695
389,-11439.493164,-11439.832031,0.338867
390,-12945.412109,-12926.743164,18.668945
391,-10546.834961,-10533.506836,13.328125
392,-12244.390625,-12249.118164,4.727539
393,-10921.617188,-10905.270508,16.346680
394,-12025.013672,-12156.314453,131.300781
395,-10508.595703,-10507.024414,1.571289
396,-10924.463867,-10904.828125,19.635742
397,-9965.798828,-9958.418945,7.379883
398,-12373.278320,-12353.389648,19.888672
399,-10560.307617,-10565.212891,4.905273
400,-12893.779297,-12894.116211,0.336914
401,-10977.458984,-10968.677734,8.781250
402,-11976.591797,-11979.612305,3.020508
403,-12538.765625,-12553.404297,14.638672
404,-11979.462891,-11981.179688,1.716797
405,-9927.466797,-9925.521484,1.945312
406,-9921.690430,-9956.794922,35.104492
407,-9959.682617,-9957.438477,2.244141
408,-10945.834961,-10938.566406,7.268555
409,-11507.872070,-11511.636719,3.764648
410,-12245.837891,-12554.804688,308.966797
411,-12950.839844,-13007.827148,56.987305
412,-10901.347656,-10901.385742,0.038086
413,-10960.796875,-10969.004883,8.208008
414,-10884.929688,-10872.269531,12.660156
415,-11865.695312,-11947.281250,81.585938
416,-9796.306641,-9811.785156,15.478516
417,-10882.083008,-10865.519531,16.563477
418,-10972.595703,-10967.965820,4.629883
419,-10501.631836,-10498.638672,2.993164
420,-11405.959961,-11403.731445,2.228516
421,-10238.570312,-10233.808594,4.761719
422,-12366.348633,-12385.437500,19.088867
423,-11332.815430,-11340.177734,7.362305
424,-10508.240234,-10499.203125,9.037109
425,-12931.654297,-12927.125977,4.528320
426,-13226.999023,-13228.088867,1.089844
427,-10946.198242,-10937.374023,8.824219
428,-12476.615234,-12487.666992,11.051758
429,-11416.646484,-11406.515625,10.130859
430,-11503.336914,-11511.041016,7.704102
431,-10955.802734,-10936.421875,19.380859
432,-10911.806641,-10905.961914,5.844727
433,-11005.011719,-11002.399414,2.612305
434,-11512.102539,-11510.977539,1.125000
435,-9920.051758,-9932.246094,12.194336
436,-11941.763672,-11947.133789,5.370117
437,-11537.462891,-11543.380859,5.917969
438,-15553.845703,-15930.724609,376.878906
439,-10342.297852,-10363.933594,21.635742
440,-12917.422852,-12923.398438,5.975586
441,-11411.837891,-11371.608398,40.229492
442,-9931.243164,-9931.501953,0.258789
443,-11501.340820,-11510.325195,8.984375
444,-10835.143555,-10833.143555,2.000000
445,-13331.251953,-13332.208008,0.956055
446,-11373.463867,-11373.690430,0.226562
447,-9312.825195,-9268.807617,44.017578
448,-10503.167969,-10499.641602,3.526367
449,-9980.751953,-9960.943359,19.808594
450,-11916.974609,-11914.126953,2.847656
451,-11735.908203,-11811.609375,75.701172
452,-11512.172852,-11510.260742,1.912109
453,-11517.798828,-11512.141602,5.657227
454,-10426.022461,-10442.702148,16.679688
455,-11802.499023,-11813.614258,11.115234
456,-9495.041016,-9492.637695,2.403320
457,-10975.835938,-10970.096680,5.739258
458,-10544.633789,-10506.791992,37.841797
459,-11513.743164,-11509.474609,4.268555
460,-9855.626953,-9925.022461,69.395508
461,-11767.250000,-11777.748047,10.498047
462,-9552.645508,-9554.907227,2.261719
463,-9883.375000,-9868.125000,15.250000
464,-10533.248047,-10531.848633,1.399414
465,-11944.142578,-11945.510742,1.368164
466,-11835.353516,-11845.142578,9.789062
467,-11945.387695,-11948.614258,3.226562
468,-9383.394531,-9358.317383,25.077148
469,-11311.742188,-11311.598633,0.143555
470,-11861.574219,-11882.555664,20.981445
471,-12782.699219,-12788.775391,6.076172
472,-10952.963867,-10938.045898,14.917969
473,-12006.384766,-12012.601562,6.216797
474,-9420.250000,-9399.690430,20.559570
475,-11951.949219,-11948.084961,3.864258
476,-13015.831055,-13007.868164,7.962891
477,-11706.356445,-11718.796875,12.440430
478,-11826.129883,-11843.401367,17.271484
479,-11966.528320,-11981.406250,14.877930
480,-9508.305664,-9488.181641,20.124023
481,-10466.928711,-10466.417969,0.510742
482,-10527.913086,-10531.215820,3.302734
483,-10964.694336,-10970.628906,5.934570
484,-12358.767578,-12351.925781,6.841797
485,-11533.754883,-11543.141602,9.386719
486,-10505.738281,-10498.814453,6.923828
487,-11405.953125,-11404.826172,1.126953
488,-10421.255859,-10427.248047,5.992188
489,-11506.995117,-11510.354492,3.359375
490,-11396.952148,-11406.655273,9.703125
491,-11881.368164,-11880.005859,1.362305
492,-10994.041992,-11001.923828,7.881836
493,-12446.878906,-12450.703125,3.824219
494,-12514.466797,-12521.280273,6.813477
495,-11930.936523,-11915.139648,15.796875
496,-11989.844727,-11979.129883,10.714844
497,-10537.618164,-10533.269531,4.348633
498,-9931.296875,-9924.355469,6.941406
499,-10966.089844,-10968.504883,2.415039
500,-10507.585938,-10499.622070,7.963867
501,-8932.731445,-8801.067383,131.664062
502,-8949.554688,-8921.100586,28.454102
503,-10969.666992,-10971.175781,1.508789
504,-10266.711914,-10272.185547,5.473633
505,-11465.038086,-11476.225586,11.187500
506,-11486.665039,-11478.658203,8.006836
507,-10943.812500,-10934.016602,9.795898
508,-12908.259766,-12925.981445,17.721680
509,-9929.851562,-9932.818359,2.966797
510,-10941.573242,-10938.574219,2.999023
511,-11517.330078,-11510.656250,6.673828
512,-12838.827148,-12822.050781,16.776367
513,-10943.199219,-10937.945312,5.253906
514,-9964.608398,-9959.411133,5.197266
515,-12517.170898,-12555.344727,38.173828
516,-11408.356445,-11408.152344,0.204102
517,-9930.684570,-9932.546875,1.862305
518,-9482.412109,-9496.049805,13.637695
519,-11389.782227,-11372.738281,17.043945
520,-12446.363281,-12488.493164,42.129883
521,-12436.094727,-12456.610352,20.515625
522,-11346.574219,-11338.798828,7.775391
523,-10935.003906,-10937.444336,2.440430
524,-12019.741211,-11857.872070,161.869141
525,-10906.881836,-10905.308594,1.573242
526,-11506.062500,-11510.508789,4.446289
527,-11946.880859,-11948.898438,2.017578
528,-11485.720703,-11478.458984,7.261719
529,-10534.540039,-10533.769531,0.770508
530,-10534.303711,-10532.219727,2.083984
531,-11475.374023,-11478.696289,3.322266
532,-11476.038086,-11478.064453,2.026367
533,-9446.156250,-9430.081055,16.075195
534,-10314.238281,-10305.170898,9.067383
535,-10969.538086,-10970.476562,0.938477
536,-11390.539062,-11406.974609,16.435547
537,-11834.817383,-11811.155273,23.662109
538,-11567.329102,-11576.529297,9.200195
539,-12400.458008,-12385.457031,15.000977
540,-15163.942383,-15494.766602,330.824219
541,-11858.463867,-11890.765625,32.301758
542,-10949.274414,-10937.767578,11.506836
543,-12737.082031,-12789.845703,52.763672
544,-11790.012695,-11776.574219,13.438477
545,-11375.807617,-11373.199219,2.608398
546,-11516.428711,-11508.694336,7.734375
547,-9762.138672,-9764.291992,2.153320
548,-9954.762695,-9926.296875,28.465820
549,-11947.893555,-11947.734375,0.159180
550,-12479.443359,-12488.838867,9.395508
551,-10970.612305,-10967.678711,2.933594
552,-12939.321289,-12959.859375,20.538086
553,-11545.094727,-11544.371094,0.723633
554,-11474.534180,-11476.867188,2.333008
555,-10488.073242,-10500.836914,12.763672
556,-10796.163086,-10809.052734,12.889648
557,-10503.558594,-10499.857422,3.701172
558,-11505.938477,-11509.145508,3.207031
559,-11405.586914,-11407.963867,2.376953
560,-8794.603516,-8428.347656,366.255859
561,-11945.762695,-11946.854492,1.091797
562,-10420.833008,-10430.757812,9.924805
563,-9939.634766,-9924.402344,15.232422
564,-10936.339844,-10938.647461,2.307617
565,-11796.522461,-11810.879883,14.357422
566,-11502.014648,-11512.867188,10.852539
567,-11340.884766,-11343.040039,2.155273
568,-11468.980469,-11811.361328,342.380859
569,-11807.417969,-11810.788086,3.370117
570,-10446.708008,-10442.050781,4.657227
571,-11953.282227,-11948.041016,5.241211
572,-10470.566406,-10462.424805,8.141602
573,-11943.201172,-11947.917969,4.716797
574,-10972.560547,-10970.747070,1.813477
575,-11539.403320,-11543.453125,4.049805
576,-11513.691406,-11509.801758,3.889648
577,-10979.693359,-10970.649414,9.043945
578,-11949.014648,-11946.120117,2.894531
579,-11974.184570,-11980.123047,5.938477
580,-12837.837891,-12860.288086,22.450195
581,-11952.656250,-11947.137695,5.518555
582,-11452.287109,-11374.681641,77.605469
583,-11897.139648,-11876.485352,20.654297
584,-11947.548828,-11947.030273,0.518555
585,-9501.959961,-9497.461914,4.498047
586,-9222.947266,-9523.314453,300.367188
587,-9957.098633,-9926.965820,30.132812
588,-8404.899414,-8428.019531,23.120117
589,-11570.616211,-11577.054688,6.438477
590,-12824.957031,-12821.078125,3.878906
591,-6349.832520,-6322.972168,26.860352
592,-11541.895508,-11543.547852,1.652344
593,-11953.826172,-11948.591797,5.234375
594,-10530.676758,-10532.998047,2.321289
595,-11516.031250,-11512.228516,3.802734
596,-11910.428711,-11914.195312,3.766602
597,-12757.678711,-12756.151367,1.527344
598,-10897.982422,-10913.313477,15.331055
599,-11004.217773,-11001.587891,2.629883
600,-8217.228516,-8201.402344,15.826172
601,-10978.208984,-10969.226562,8.982422
602,-12902.906250,-12927.022461,24.116211
603,-10895.316406,-10904.622070,9.305664
604,-11500.743164,-11512.452148,11.708984
605,-11916.250977,-11915.759766,0.491211
606,-12877.042969,-12891.358398,14.315430
607,-12350.232422,-12354.109375,3.876953
608,-10545.412109,-10534.184570,11.227539
609,-11795.213867,-11777.203125,18.010742
610,-10565.105469,-10565.539062,0.433594
611,-7779.332031,-7762.208008,17.124023
612,-10376.964844,-10362.531250,14.433594
613,-12334.208984,-12320.797852,13.411133
614,-10413.865234,-10409.248047,4.617188
615,-9366.110352,-9303.206055,62.904297
616,-10910.837891,-10904.315430,6.522461
617,-9470.669922,-9461.547852,9.122070
618,-10856.284180,-10833.701172,22.583008
619,-11950.202148,-11947.344727,2.857422
620,-11948.558594,-11948.057617,0.500977
621,-11377.706055,-11373.691406,4.014648
622,-11937.882812,-11947.801758,9.918945
623,-12758.336914,-12788.855469,30.518555
624,-9464.452148,-9463.814453,0.637695
625,-12479.602539,-12488.934570,9.332031
626,-11386.209961,-11375.660156,10.549805
627,-10942.083008,-10938.835938,3.247070
628,-10847.535156,-10833.012695,14.522461
629,-9983.291992,-9990.623047,7.331055
630,-12442.321289,-12456.758789,14.437500
631,-11963.267578,-11948.753906,14.513672
632,-11383.414062,-11373.351562,10.062500
633,-11955.279297,-11980.041016,24.761719
634,-10968.461914,-10970.344727,1.882812
635,-11542.863281,-11542.831055,0.032227
636,-10535.528320,-10530.978516,4.549805
637,-11504.308594,-11510.436523,6.127930
638,-12895.135742,-12893.290039,1.845703
639,-12791.484375,-12791.440430,0.043945
640,-10508.120117,-10500.633789,7.486328
641,-8567.402344,-8584.876953,17.474609
642,-10354.024414,-10361.540039,7.515625
643,-7503.027344,-7566.379395,63.352051
644,-10945.639648,-10935.073242,10.566406
645,-11428.257812,-11444.916016,16.658203
646,-11000.345703,-11003.083984,2.738281
647,-11399.372070,-11407.017578,7.645508
648,-11509.416992,-11510.929688,1.512695
649,-9894.439453,-9902.072266,7.632812
650,-11784.872070,-11809.925781,25.053711
651,-11356.673828,-11373.197266,16.523438
652,-10890.349609,-10879.431641,10.917969
653,-11945.765625,-11945.975586,0.209961
654,-11438.098633,-11444.761719,6.663086
655,-9935.177734,-9933.475586,1.702148
656,-10773.045898,-10775.513672,2.467773
657,-11947.083008,-11946.858398,0.224609
658,-11408.269531,-11407.414062,0.855469
659,-7846.567383,-7763.420410,83.146973
660,-10997.458008,-11001.852539,4.394531
661,-12514.131836,-12520.776367,6.644531
662,-9788.113281,-9766.366211,21.747070
663,-10975.146484,-10971.281250,3.865234
664,-10970.059570,-10967.459961,2.599609
665,-12372.768555,-12383.799805,11.031250
666,-10470.188477,-10469.331055,0.857422
667,-11375.934570,-11373.417969,2.516602
668,-9998.959961,-9992.689453,6.270508
669,-11076.088867,-11206.767578,130.678711
670,-11483.548828,-11479.462891,4.085938
671,-11504.865234,-11509.121094,4.255859
672,-11999.486328,-12011.967773,12.481445
673,-11538.035156,-11543.954102,5.918945
674,-10006.281250,-9990.678711,15.602539
675,-12190.597656,-12249.831055,59.233398
676,-10559.076172,-10566.033203,6.957031
677,-9530.482422,-9521.677734,8.804688
678,-11912.551758,-11915.233398,2.681641
679,-11850.277344,-11844.472656,5.804688
680,-11379.578125,-11375.391602,4.186523
681,-10459.014648,-10464.765625,5.750977
682,-11342.807617,-11342.777344,0.030273
683,-11949.391602,-11948.484375,0.907227
684,-11564.639648,-11577.000977,12.361328
685,-12788.533203,-12791.077148,2.543945
686,-13155.367188,-13191.540039,36.172852
687,-11532.861328,-11543.026367,10.165039
688,-11505.505859,-11511.630859,6.125000
689,-9920.746094,-9895.438477,25.307617
690,-12479.867188,-12489.057617,9.190430
691,-10938.785156,-10935.954102,2.831055
692,-11502.269531,-11510.681641,8.412109
693,-11886.339844,-11913.883789,27.543945
694,-10946.702148,-10938.697266,8.004883
695,-10932.839844,-10935.579102,2.739258
696,-9969.186523,-9965.822266,3.364258
697,-12897.264648,-12892.448242,4.816406
698,-9936.828125,-9899.731445,37.096680
699,-11515.619141,-11509.839844,5.779297
700,-9500.695312,-9496.002930,4.692383
701,-12519.704102,-12521.144531,1.440430
702,-7935.911133,-7659.539062,276.372070
703,-12501.574219,-12489.550781,12.023438
704,-11940.797852,-11947.740234,6.942383
705,-10940.881836,-10935.983398,4.898438
706,-11511.250000,-11511.839844,0.589844
707,-10334.679688,-10337.875977,3.196289
708,-12543.771484,-12554.242188,10.470703
709,-9484.628906,-9496.262695,11.633789
710,-11575.353516,-11575.633789,0.280273
711,-7352.964844,-7359.023926,6.059082
712,-10568.691406,-10565.446289,3.245117
713,-11372.324219,-11374.459961,2.135742
714,-11541.557617,-11543.630859,2.073242
715,-9550.401367,-9522.009766,28.391602
716,-10562.313477,-10566.085938,3.772461
717,-9908.676758,-9901.942383,6.734375
718,-10769.164062,-10776.077148,6.913086
719,-12486.271484,-12489.591797,3.320312
720,-11376.378906,-11375.084961,1.293945
721,-11364.444336,-11374.804688,10.360352
722,-10961.108398,-10968.534180,7.425781
723,-11508.465820,-11509.550781,1.084961
724,-12483.384766,-12488.830078,5.445312
725,-11465.808594,-11477.717773,11.909180
726,-11401.209961,-11406.316406,5.106445
727,-11444.009766,-11452.275391,8.265625
728,-11380.698242,-11375.099609,5.598633
729,-11203.836914,-11237.453125,33.616211
730,-8513.864258,-8427.591797,86.272461
731,-11503.701172,-11509.553711,5.852539
732,-10973.569336,-10968.601562,4.967773
733,-11710.443359,-11745.933594,35.490234
734,-11211.609375,-11237.213867,25.604492
735,-10534.760742,-10532.944336,1.816406
736,-10895.936523,-10904.065430,8.128906
737,-8466.053711,-8460.489258,5.564453
738,-12736.947266,-12788.594727,51.647461
739,-9511.326172,-9437.826172,73.500000
740,-10498.601562,-10499.370117,0.768555
741,-8435.271484,-8426.961914,8.309570
742,-10291.100586,-10394.412109,103.311523
743,-12488.423828,-12487.714844,0.708984
744,-11479.879883,-11478.546875,1.333008
745,-10502.283203,-10499.777344,2.505859
746,-11544.601562,-11542.505859,2.095703
747,-12456.811523,-12455.501953,1.309570
748,-9938.680664,-9923.334961,15.345703
749,-11521.645508,-11542.721680,21.076172
750,-11536.362305,-11543.069336,6.707031
751,-12921.884766,-12925.539062,3.654297
752,-11949.608398,-11947.725586,1.882812
753,-9322.692383,-9326.698242,4.005859
754,-11365.897461,-11374.048828,8.151367
755,-12250.856445,-12286.147461,35.291016
756,-11960.685547,-11948.628906,12.056641
757,-11381.832031,-11374.810547,7.021484
758,-10868.626953,-10866.760742,1.866211
759,-12957.980469,-12959.628906,1.648438
760,-11819.250000,-11812.757812,6.492188
761,-12919.455078,-12926.000977,6.545898
762,-12514.913086,-12520.592773,5.679688
763,-8438.283203,-8395.823242,42.459961
764,-10497.584961,-10500.444336,2.859375
765,-11943.432617,-11949.562500,6.129883
766,-12390.759766,-12385.957031,4.802734
767,-11505.440430,-11508.356445,2.916016
768,-11531.322266,-11543.790039,12.467773
769,-11392.781250,-11375.314453,17.466797
770,-10934.009766,-10936.697266,2.687500
771,-10536.212891,-10531.617188,4.595703
772,-11402.654297,-11406.755859,4.101562
773,-10906.304688,-10904.060547,2.244141
774,-11469.923828,-11477.654297,7.730469
775,-10974.168945,-10969.492188,4.676758
776,-10975.947266,-10971.346680,4.600586
777,-11445.078125,-11443.836914,1.241211
778,-10963.336914,-10970.310547,6.973633
779,-11929.780273,-11948.971680,19.191406
780,-12452.664062,-12455.283203,2.619141
781,-10599.692383,-10598.513672,1.178711
782,-11238.961914,-11238.940430,0.021484
783,-10393.786133,-10393.088867,0.697266
784,-11506.291016,-11510.226562,3.935547
785,-10532.592773,-10506.788086,25.804688
786,-10854.964844,-10835.456055,19.508789
787,-12264.050781,-12247.723633,16.327148
788,-11010.821289,-11002.406250,8.415039
789,-12962.168945,-12958.740234,3.428711
790,-12000.020508,-12012.397461,12.376953
791,-8914.728516,-8922.295898,7.567383
792,-11397.167969,-11406.916992,9.749023
793,-10972.818359,-10968.123047,4.695312
794,-11543.924805,-11542.796875,1.127930
795,-12772.937500,-12790.190430,17.252930
796,-10464.364258,-10442.561523,21.802734
797,-10923.251953,-10899.000977,24.250977
798,-10567.835938,-10566.115234,1.720703
799,-11505.965820,-11510.844727,4.878906
800,-10007.863281,-9990.708008,17.155273
801,-11819.214844,-11810.813477,8.401367
802,-11452.720703,-11445.234375,7.486328
803,-12233.144531,-12248.637695,15.493164
804,-11480.827148,-11478.172852,2.654297
805,-11518.191406,-11512.101562,6.089844
806,-11483.915039,-11478.649414,5.265625
807,-11828.441406,-11850.301758,21.860352
808,-9322.137695,-9293.840820,28.296875
809,-11475.332031,-11479.714844,4.382812
810,-11942.534180,-11947.349609,4.815430
811,-11014.745117,-11002.591797,12.153320
812,-8939.145508,-8923.171875,15.973633
813,-11951.988281,-11948.464844,3.523438
814,-11398.387695,-11406.594727,8.207031
815,-9878.103516,-9923.778320,45.674805
816,-11672.250000,-11674.757812,2.507812
817,-12488.082031,-12488.177734,0.095703
818,-9326.831055,-9328.300781,1.469727
819,-10890.282227,-10879.417969,10.864258
820,-12358.142578,-12353.770508,4.372070
821,-11922.016602,-11914.766602,7.250000
822,-10938.791992,-10936.007812,2.784180
823,-11466.209961,-11476.059570,9.849609
824,-10962.382812,-10969.574219,7.191406
825,-11417.914062,-11407.247070,10.666992
826,-10901.245117,-10905.046875,3.801758
827,-10497.845703,-10499.732422,1.886719
828,-10497.926758,-10501.414062,3.487305
829,-12884.589844,-12893.440430,8.850586
830,-11520.019531,-11510.540039,9.479492
831,-10611.229492,-10598.208984,13.020508
832,-10967.119141,-10969.364258,2.245117
833,-12321.993164,-12319.499023,2.494141
834,-12521.699219,-12521.818359,0.119141
835,-10972.378906,-10969.457031,2.921875
836,-11380.579102,-11375.876953,4.702148
837,-11383.369141,-11419.094727,35.725586
838,-13268.686523,-13330.207031,61.520508
839,-11553.969727,-11543.585938,10.383789
840,-12307.726562,-12319.790039,12.063477
841,-11472.718750,-11479.066406,6.347656
842,-11336.391602,-11342.979492,6.587891
843,-12370.211914,-12385.100586,14.888672
844,-10953.445312,-10938.275391,15.169922
845,-13365.512695,-13433.984375,68.471680
846,-12515.243164,-12521.851562,6.608398
847,-11949.445312,-11948.672852,0.772461
848,-11347.932617,-11341.141602,6.791016
849,-9994.990234,-9990.006836,4.983398
850,-10966.570312,-10968.252930,1.682617
851,-10892.675781,-10901.868164,9.192383
852,-9526.245117,-9496.960938,29.284180
853,-9924.231445,-9901.004883,23.226562
854,-10482.593750,-10467.169922,15.423828
855,-11003.237305,-11001.806641,1.430664
856,-9558.271484,-9554.539062,3.732422
857,-11927.427734,-11916.139648,11.288086
858,-9519.843750,-9487.931641,31.912109
859,-11921.258789,-11914.826172,6.432617
860,-11006.370117,-11004.592773,1.777344
861,-10464.514648,-10473.759766,9.245117
862,-11925.790039,-11916.872070,8.917969
863,-11470.197266,-11478.882812,8.685547
864,-10809.495117,-10800.390625,9.104492
865,-12611.812500,-12570.751953,41.060547
866,-9921.537109,-9927.512695,5.975586
867,-8470.887695,-8427.803711,43.083984
868,-9576.528320,-9554.485352,22.042969
869,-10910.373047,-10905.211914,5.161133
870,-10457.263672,-10460.486328,3.222656
871,-10391.568359,-10393.259766,1.691406
872,-10998.228516,-11002.287109,4.058594
873,-10968.041992,-10968.481445,0.439453
874,-12874.566406,-12895.031250,20.464844
875,-10885.605469,-10865.787109,19.818359
876,-10191.493164,-10394.170898,202.677734
877,-12518.085938,-12519.885742,1.799805
878,-11504.454102,-11509.809570,5.355469
879,-12475.551758,-12487.885742,12.333984
880,-12475.636719,-12486.697266,11.060547
881,-11397.378906,-11406.698242,9.319336
882,-10506.444336,-10499.581055,6.863281
883,-12478.295898,-12488.382812,10.086914
884,-10908.258789,-10912.168945,3.910156
885,-14549.724609,-14639.417969,89.693359
886,-10519.335938,-10532.649414,13.313477
887,-11555.502930,-11543.854492,11.648438
888,-8457.205078,-8485.719727,28.514648
889,-13480.951172,-13466.482422,14.468750
890,-11918.749023,-11914.438477,4.310547
891,-12345.307617,-12352.465820,7.158203
892,-11260.736328,-11270.760742,10.024414
893,-12513.738281,-12520.631836,6.893555
894,-11572.609375,-11575.686523,3.077148
895,-11946.671875,-11949.021484,2.349609
896,-11474.583984,-11477.104492,2.520508
897,-11538.539062,-11544.599609,6.060547
898,-11504.370117,-11511.122070,6.751953
899,-10976.081055,-10967.181641,8.899414
900,-9363.750000,-9489.197266,125.447266
901,-11529.952148,-11543.368164,13.416016
902,-11916.945312,-11915.245117,1.700195
903,-10575.414062,-10565.163086,10.250977
904,-13539.343750,-13532.427734,6.916016
905,-10481.504883,-10473.702148,7.802734
906,-11945.306641,-11948.214844,2.908203
907,-13418.964844,-13434.662109,15.697266
908,-10974.931641,-10970.508789,4.422852
909,-11510.336914,-11510.930664,0.593750
910,-10762.738281,-10776.912109,14.173828
911,-10859.233398,-10833.277344,25.956055
912,-10539.092773,-10532.825195,6.267578
913,-10529.676758,-10531.958984,2.282227
914,-9502.037109,-9463.504883,38.532227
915,-12546.605469,-12554.196289,7.590820
916,-9579.953125,-9555.725586,24.227539
917,-12239.177734,-12281.531250,42.353516
918,-12538.543945,-12553.749023,15.205078
919,-12385.697266,-12385.958984,0.261719
920,-11510.742188,-11511.024414,0.282227
921,-10538.819336,-10531.785156,7.034180
922,-5602.272949,-5625.188477,22.915527
923,-12947.710938,-12959.790039,12.079102
924,-12330.795898,-12353.993164,23.197266
925,-10868.388672,-10878.649414,10.260742
926,-12954.073242,-12958.865234,4.791992
927,-9943.290039,-9934.833008,8.457031
928,-9976.814453,-9957.752930,19.061523
929,-10816.631836,-10801.984375,14.647461
930,-10271.896484,-10273.036133,1.139648
931,-11605.348633,-11609.059570,3.710938
932,-12441.486328,-12418.951172,22.535156
933,-10907.396484,-10878.794922,28.601562
934,-10014.369141,-9991.553711,22.815430
935,-11492.117188,-11484.373047,7.744141
936,-10971.081055,-10970.838867,0.242188
937,-10976.537109,-10970.716797,5.820312
938,-9886.750000,-9898.178711,11.428711
939,-10729.386719,-10708.287109,21.099609
940,-11385.510742,-11375.152344,10.358398
941,-11448.166992,-11439.706055,8.460938
942,-11384.209961,-11374.865234,9.344727
943,-7873.831055,-7797.215332,76.615723
944,-10264.578125,-10274.349609,9.771484
945,-8925.412109,-8923.276367,2.135742
946,-9936.004883,-9932.602539,3.402344
947,-11936.510742,-11947.883789,11.373047
948,-11514.465820,-11512.097656,2.368164
949,-9553.146484,-9521.061523,32.084961
950,-12455.791016,-12456.982422,1.191406
951,-10067.790039,-10057.116211,10.673828
952,-7899.829590,-7821.249512,78.580078
953,-11579.983398,-11576.693359,3.290039
954,-10939.381836,-10935.502930,3.878906
955,-10970.456055,-10968.144531,2.311523
956,-11859.958984,-11878.021484,18.062500
957,-12327.846680,-12430.715820,102.869141
958,-10344.074219,-10362.776367,18.702148
959,-12932.570312,-12925.898438,6.671875
960,-11510.658203,-11510.368164,0.290039
961,-11513.310547,-11510.187500,3.123047
962,-11880.759766,-11882.367188,1.607422
963,-10489.624023,-10473.750000,15.874023
964,-11477.122070,-11477.193359,0.071289
965,-11896.924805,-11915.829102,18.904297
966,-11246.665039,-11273.552734,26.887695
967,-10853.714844,-10878.626953,24.912109
968,-11982.428711,-11980.282227,2.146484
969,-10904.232422,-10902.917969,1.314453
970,-13274.101562,-13332.231445,58.129883
971,-11512.648438,-11510.595703,2.052734
972,-11900.598633,-11914.643555,14.044922
973,-11471.255859,-11475.031250,3.775391
974,-10549.434570,-10565.390625,15.956055
975,-10508.034180,-10499.083008,8.951172
976,-10891.968750,-10879.182617,12.786133
977,-11474.896484,-11476.222656,1.326172
978,-11571.937500,-11576.684570,4.747070
979,-10502.693359,-10507.574219,4.880859
980,-11512.734375,-11510.715820,2.018555
981,-9503.430664,-9495.964844,7.465820
982,-10544.905273,-10534.163086,10.742188
983,-11405.889648,-11406.791992,0.902344
984,-11558.528320,-11576.463867,17.935547
985,-10562.842773,-10566.259766,3.416992
986,-11947.830078,-11946.659180,1.170898
987,-11993.970703,-11888.626953,105.343750
988,-13344.737305,-13466.880859,122.143555
989,-11903.288086,-11917.136719,13.848633
990,-9884.339844,-9893.699219,9.359375
991,-10353.006836,-10339.565430,13.441406
992,-9581.097656,-9554.468750,26.628906
993,-11483.794922,-11480.242188,3.552734
994,-10915.663086,-10905.130859,10.532227
995,-11535.809570,-11543.897461,8.087891
996,-12500.023438,-12487.000000,13.023438
997,-12380.473633,-12385.979492,5.505859
998,-12745.245117,-12788.378906,43.133789
999,-12376.455078,-12384.940430,8.485352
1000,-11854.105469,-11844.150391,9.955078
1001,-8863.702148,-8858.437500,5.264648
1002,-12524.458008,-12520.044922,4.413086
1003,-10900.931641,-10900.929688,0.001953
1004,-10467.163086,-10466.165039,0.998047
1005,-10570.053711,-10565.199219,4.854492
1006,-10297.012695,-10304.708008,7.695312
1007,-12545.495117,-12553.816406,8.321289
1008,-11455.800781,-11419.511719,36.289062
1009,-9521.797852,-9495.952148,25.845703
1010,-12927.261719,-12925.525391,1.736328
1011,-12489.258789,-12487.685547,1.573242
1012,-11991.001953,-11979.692383,11.309570
1013,-11500.536133,-11511.083984,10.547852
1014,-12229.526367,-12248.100586,18.574219
1015,-11352.764648,-11342.028320,10.736328
1016,-10505.587891,-10500.740234,4.847656
1017,-10977.505859,-10970.645508,6.860352
1018,-11976.185547,-11980.231445,4.045898
1019,-9994.272461,-9990.875977,3.396484
1020,-12614.575195,-12684.015625,69.440430
1021,-10859.018555,-10813.398438,45.620117
1022,-10470.149414,-10464.406250,5.743164
1023,-10928.110352,-10938.031250,9.920898
1024,-8542.648438,-8518.734375,23.914062
1025,-10841.382812,-10876.716797,35.333984
1026,-11323.957031,-11309.980469,13.976562
1027,-11484.896484,-11478.100586,6.795898
1028,-11928.708984,-11912.783203,15.925781
1029,-7356.357422,-7327.246094,29.111328
1030,-11539.145508,-11452.673828,86.471680
1031,-10556.041992,-10565.172852,9.130859
1032,-11531.703125,-11543.976562,12.273438
1033,-10562.341797,-10565.728516,3.386719
1034,-10528.115234,-10531.968750,3.853516
1035,-10979.216797,-10969.742188,9.474609
1036,-10939.917969,-10934.254883,5.663086
1037,-11952.634766,-11947.841797,4.792969
1038,-10760.036133,-10776.870117,16.833984
1039,-11009.733398,-11003.905273,5.828125
1040,-11389.371094,-11406.532227,17.161133
1041,-9430.178711,-9429.763672,0.415039
1042,-10536.659180,-10533.303711,3.355469
1043,-11438.705078,-11444.806641,6.101562
1044,-9585.083984,-9438.547852,146.536133
1045,-11002.222656,-11001.902344,0.320312
1046,-11567.710938,-11575.861328,8.150391
1047,-11952.920898,-11949.765625,3.155273
1048,-11986.102539,-11980.078125,6.024414
1049,-10532.254883,-10534.811523,2.556641
1050,-10940.556641,-10936.720703,3.835938
1051,-10595.551758,-10598.125000,2.573242
1052,-12502.755859,-12489.411133,13.344727
1053,-11381.536133,-11374.704102,6.832031
1054,-11538.305664,-11544.192383,5.886719
1055,-9903.103516,-9900.200195,2.903320
1056,-10971.651367,-10969.748047,1.903320
1057,-10521.095703,-10506.695312,14.400391
1058,-11388.085938,-11374.154297,13.931641
1059,-10500.047852,-10500.214844,0.166992
1060,-10976.868164,-10970.453125,6.415039
1061,-11947.267578,-11948.300781,1.033203
1062,-12392.353516,-12386.025391,6.328125
1063,-10564.871094,-10565.537109,0.666016
1064,-12476.946289,-12486.829102,9.882812
1065,-10523.976562,-10532.080078,8.103516
1066,-10919.916992,-10902.797852,17.119141
1067,-10603.373047,-10599.135742,4.237305
1068,-11376.968750,-11350.366211,26.602539
1069,-10036.355469,-10024.008789,12.346680
1070,-12004.758789,-12012.351562,7.592773
1071,-10330.201172,-10304.391602,25.809570
1072,-10538.000000,-10531.999023,6.000977
1073,-10987.238281,-11001.717773,14.479492
1074,-10502.547852,-10498.911133,3.636719
1075,-9379.141602,-9437.604492,58.462891
1076,-10965.375000,-10967.900391,2.525391
1077,-10515.871094,-10498.837891,17.033203
1078,-10575.916016,-10598.337891,22.421875
1079,-10523.061523,-10506.844727,16.216797
1080,-10829.268555,-10838.430664,9.162109
1081,-10510.276367,-10474.775391,35.500977
1082,-12355.419922,-12352.950195,2.469727
1083,-10968.140625,-10968.405273,0.264648
1084,-10471.203125,-10465.557617,5.645508
1085,-12486.751953,-12522.734375,35.982422
1086,-12629.351562,-12684.752930,55.401367
1087,-10935.625000,-10938.209961,2.584961
1088,-11955.508789,-11948.711914,6.796875
1089,-11958.165039,-11981.625000,23.459961
1090,-12391.566406,-12385.316406,6.250000
1091,-10969.909180,-10970.727539,0.818359
1092,-12932.057617,-12957.028320,24.970703
1093,-11947.138672,-11948.339844,1.201172
1094,-11947.009766,-11945.037109,1.972656
1095,-10494.322266,-10499.542969,5.220703
1096,-10798.623047,-10800.805664,2.182617
1097,-10709.597656,-10709.035156,0.562500
1098,-9563.922852,-9554.630859,9.291992
1099,-10927.393555,-10936.163086,8.769531
1100,-9931.785156,-9926.386719,5.398438
1101,-11967.084961,-11981.394531,14.309570
1102,-10974.036133,-10969.627930,4.408203
1103,-11388.839844,-11406.868164,18.028320
1104,-12444.176758,-12455.267578,11.090820
1105,-10384.284180,-10365.076172,19.208008
1106,-11951.186523,-11949.375000,1.811523
1107,-10865.712891,-10866.596680,0.883789
1108,-9950.708984,-9934.596680,16.112305
1109,-10952.121094,-10937.259766,14.861328
1110,-6962.932617,-6727.351562,235.581055
1111,-11251.314453,-11237.989258,13.325195
1112,-14744.605469,-14919.209961,174.604492
1113,-12880.153320,-12903.519531,23.366211
1114,-12360.799805,-12351.045898,9.753906
1115,-10569.780273,-10565.440430,4.339844
1116,-10607.494141,-10598.481445,9.012695
1117,-11386.275391,-11407.716797,21.441406
1118,-12941.958984,-12958.298828,16.339844
1119,-11934.747070,-11947.834961,13.087891
1120,-11956.424805,-11948.810547,7.614258
1121,-10492.524414,-10499.400391,6.875977
1122,-11556.291992,-11576.943359,20.651367
1123,-11501.943359,-11512.166016,10.222656
1124,-9910.220703,-9925.658203,15.437500
1125,-11998.393555,-12014.711914,16.318359
1126,-10576.227539,-10565.229492,10.998047
1127,-9868.054688,-9867.598633,0.456055
1128,-12372.893555,-12385.965820,13.072266
1129,-9874.580078,-9897.159180,22.579102
1130,-11791.139648,-11778.361328,12.778320
1131,-12453.735352,-12454.824219,1.088867
1132,-10577.107422,-10565.463867,11.643555
1133,-10506.057617,-10499.757812,6.299805
1134,-11437.831055,-11407.510742,30.320312
1135,-11489.177734,-11510.783203,21.605469
1136,-12443.046875,-12454.505859,11.458984
1137,-11944.597656,-11948.751953,4.154297
1138,-10561.564453,-10566.549805,4.985352
1139,-10945.185547,-10937.856445,7.329102
1140,-11513.057617,-11510.128906,2.928711
1141,-11479.110352,-11512.063477,32.953125
1142,-12530.634766,-12521.587891,9.046875
1143,-12537.861328,-12555.059570,17.198242
1144,-13481.456055,-13466.393555,15.062500
1145,-12477.122070,-12455.580078,21.541992
1146,-10908.862305,-10911.362305,2.500000
1147,-10350.697266,-10332.670898,18.026367
1148,-12496.289062,-12489.342773,6.946289
1149,-9489.454102,-9487.315430,2.138672
1150,-9883.533203,-9866.296875,17.236328
1151,-12204.340820,-12321.337891,116.997070
1152,-10476.920898,-10473.354492,3.566406
1153,-10943.337891,-10937.140625,6.197266
1154,-11343.234375,-11316.609375,26.625000
1155,-12477.868164,-12488.859375,10.991211
1156,-10457.151367,-10441.500000,15.651367
1157,-10281.187500,-10273.735352,7.452148
1158,-10780.016602,-10767.538086,12.478516
1159,-11405.698242,-11406.740234,1.041992
1160,-10343.709961,-10329.443359,14.266602
1161,-10870.369141,-10832.113281,38.255859
1162,-12377.650391,-12385.166992,7.516602
1163,-12373.935547,-12386.157227,12.221680
1164,-10980.623047,-10968.550781,12.072266
1165,-12911.132812,-12924.890625,13.757812
1166,-11968.053711,-11980.487305,12.433594
1167,-11471.173828,-11476.132812,4.958984
1168,-11541.314453,-11542.683594,1.369141
1169,-11916.713867,-11915.533203,1.180664
1170,-11515.978516,-11510.405273,5.573242
1171,-9517.033203,-9495.692383,21.340820
1172,-10372.833008,-10372.552734,0.280273
1173,-10478.355469,-10466.823242,11.532227
1174,-12251.479492,-12398.154297,146.674805
1175,-10573.950195,-10566.000977,7.949219
1176,-12432.866211,-12466.822266,33.956055
1177,-9927.788086,-9926.540039,1.248047
1178,-9814.633789,-9835.652344,21.018555
1179,-11934.523438,-11948.779297,14.255859
1180,-11277.892578,-11396.724609,118.832031
1181,-10598.720703,-10598.464844,0.255859
1182,-12560.468750,-12519.974609,40.494141
1183,-11913.100586,-11914.706055,1.605469
1184,-11793.279297,-11812.266602,18.987305
1185,-12298.300781,-12320.102539,21.801758
1186,-9734.354492,-9730.769531,3.584961
1187,-9539.384766,-9521.591797,17.792969
1188,-9895.239258,-9933.324219,38.084961
1189,-11512.375000,-11510.080078,2.294922
1190,-12305.783203,-12353.735352,47.952148
1191,-10970.641602,-10969.101562,1.540039
1192,-12522.687500,-12521.225586,1.461914
1193,-11542.769531,-11542.470703,0.298828
1194,-10356.590820,-10364.191406,7.600586
1195,-12925.834961,-12927.330078,1.495117
1196,-11514.041992,-11509.393555,4.648438
1197,-11542.244141,-11543.424805,1.180664
1198,-11496.006836,-11477.587891,18.418945
1199,-8390.468750,-8393.809570,3.340820
1200,-11491.892578,-11477.842773,14.049805
1201,-11523.705078,-11544.425781,20.720703
1202,-11505.907227,-11510.697266,4.790039
1203,-11182.346680,-11207.387695,25.041016
1204,-10534.565430,-10533.753906,0.811523
1205,-10469.317383,-10466.549805,2.767578
1206,-7989.315918,-7852.896973,136.418945
1207,-11943.298828,-11948.056641,4.757812
1208,-11948.296875,-11949.261719,0.964844
1209,-11375.860352,-11372.469727,3.390625
1210,-5310.261230,-5344.570312,34.309082
1211,-11992.671875,-11980.823242,11.848633
1212,-10863.935547,-10847.933594,16.001953
1213,-9932.603516,-9898.262695,34.340820
1214,-8920.967773,-8889.248047,31.719727
1215,-10468.229492,-10466.780273,1.449219
1216,-10934.467773,-10935.120117,0.652344
1217,-10438.470703,-10428.085938,10.384766
1218,-8871.773438,-8831.656250,40.117188
1219,-6835.000488,-6726.451172,108.549316
1220,-11450.623047,-11447.074219,3.548828
1221,-10532.902344,-10531.965820,0.936523
1222,-10569.030273,-10565.430664,3.599609
1223,-12388.441406,-12386.713867,1.727539
1224,-9906.600586,-9901.275391,5.325195
1225,-10925.185547,-10935.768555,10.583008
1226,-10725.020508,-10741.524414,16.503906
1227,-10935.710938,-10935.458984,0.251953
1228,-11512.658203,-11511.762695,0.895508
1229,-12394.975586,-12385.390625,9.584961
1230,-10572.219727,-10565.230469,6.989258
1231,-11407.283203,-11406.791992,0.491211
1232,-10497.017578,-10500.916016,3.898438
1233,-11003.000000,-10877.211914,125.788086
1234,-11386.356445,-11374.244141,12.112305
1235,-9925.026367,-9924.857422,0.168945
1236,-10526.464844,-10531.327148,4.862305
1237,-10033.200195,-9359.615234,673.584961
1238,-10889.191406,-10878.594727,10.596680
1239,-12449.216797,-12457.330078,8.113281
1240,-11387.240234,-11408.005859,20.765625
1241,-11547.148438,-11542.417969,4.730469
1242,-11968.525391,-11981.923828,13.398438
1243,-10568.673828,-10565.279297,3.394531
1244,-9474.795898,-9462.933594,11.862305
1245,-10534.165039,-10533.437500,0.727539
1246,-12413.455078,-12422.224609,8.769531
1247,-9605.974609,-9587.701172,18.273438
1248,-10364.370117,-10364.854492,0.484375
1249,-10802.384766,-10812.885742,10.500977
1250,-11512.748047,-11508.979492,3.768555
1251,-11401.340820,-11407.928711,6.587891
1252,-9457.127930,-9455.811523,1.316406
1253,-11432.899414,-11441.174805,8.275391
1254,-10966.374023,-10970.427734,4.053711
1255,-9580.204102,-9555.716797,24.487305
1256,-11799.237305,-11778.096680,21.140625
1257,-11687.982422,-11720.666992,32.684570
1258,-10968.035156,-10969.868164,1.833008
1259,-10893.853516,-10902.804688,8.951172
1260,-10979.176758,-10971.393555,7.783203
1261,-12512.150391,-12519.797852,7.647461
1262,-10600.250000,-10598.324219,1.925781
1263,-10502.315430,-10499.410156,2.905273
1264,-10916.924805,-10904.821289,12.103516
1265,-10500.001953,-10499.446289,0.555664
1266,-11789.616211,-11812.548828,22.932617
1267,-11511.072266,-11510.492188,0.580078
1268,-10577.666016,-10565.908203,11.757812
1269,-11941.327148,-11947.373047,6.045898
1270,-11914.794922,-11914.567383,0.227539
1271,-11431.220703,-11406.447266,24.773438
1272,-11881.342773,-11881.056641,0.286133
1273,-9940.876953,-9933.648438,7.228516
1274,-10416.184570,-10395.823242,20.361328
1275,-11374.379883,-11372.560547,1.819336
1276,-10835.253906,-10813.390625,21.863281
1277,-11513.792969,-11512.062500,1.730469
1278,-9933.164062,-9923.937500,9.226562
1279,-12471.287109,-12488.159180,16.872070
1280,-9878.072266,-9868.195312,9.876953
1281,-11541.363281,-11543.654297,2.291016
1282,-12351.865234,-12354.133789,2.268555
1283,-10541.327148,-10534.054688,7.272461
1284,-10998.529297,-11001.340820,2.811523
1285,-11477.589844,-11475.841797,1.748047
1286,-7940.180176,-7852.793945,87.386230
1287,-12370.833008,-12352.816406,18.016602
1288,-11971.758789,-11981.238281,9.479492
1289,-12871.706055,-12894.035156,22.329102
1290,-11329.162109,-11342.751953,13.589844
1291,-12524.589844,-12520.904297,3.685547
1292,-11955.442383,-11949.053711,6.388672
1293,-11965.120117,-11948.372070,16.748047
1294,-11323.738281,-11286.252930,37.485352
1295,-10590.683594,-10598.346680,7.663086
1296,-11529.374023,-11542.799805,13.425781
1297,-10594.462891,-10598.458008,3.995117
1298,-11534.546875,-11542.832031,8.285156
1299,-10820.932617,-10800.737305,20.195312
1300,-10472.824219,-10440.633789,32.190430
1301,-9507.481445,-9495.903320,11.578125
1302,-10885.754883,-10880.966797,4.788086
1303,-12874.424805,-12895.554688,21.129883
1304,-10745.330078,-10742.898438,2.431641
1305,-10530.025391,-10532.896484,2.871094
1306,-11512.958984,-11510.125977,2.833008
1307,-11946.695312,-11948.268555,1.573242
1308,-10821.933594,-10802.830078,19.103516
1309,-11941.726562,-11948.833984,7.107422
1310,-11942.752930,-11947.883789,5.130859
1311,-10943.715820,-10936.420898,7.294922
1312,-12454.179688,-12456.825195,2.645508
1313,-10862.906250,-10871.527344,8.621094
1314,-9971.779297,-9956.468750,15.310547
1315,-9558.306641,-9554.735352,3.571289
1316,-10968.067383,-10971.773438,3.706055
1317,-11003.942383,-11004.395508,0.453125
1318,-10495.094727,-10533.636719,38.541992
1319,-8932.876953,-8920.917969,11.958984
1320,-12380.882812,-12384.543945,3.661133
1321,-10530.122070,-10533.454102,3.332031
1322,-10386.081055,-10364.125000,21.956055
1323,-11934.951172,-11948.362305,13.411133
1324,-12217.883789,-12249.946289,32.062500
1325,-10003.767578,-9991.675781,12.091797
1326,-12431.971680,-12418.292969,13.678711
1327,-11981.860352,-11980.365234,1.495117
1328,-9600.642578,-9587.654297,12.988281
1329,-10941.630859,-10935.037109,6.593750
1330,-10498.462891,-10498.831055,0.368164
1331,-13185.654297,-13226.498047,40.843750
1332,-10965.101562,-10970.437500,5.335938
1333,-11537.609375,-11543.432617,5.823242
1334,-12258.364258,-12248.320312,10.043945
1335,-10835.819336,-10879.450195,43.630859
1336,-9521.383789,-9497.043945,24.339844
1337,-10463.731445,-10463.684570,0.046875
1338,-10976.424805,-10970.183594,6.241211
1339,-10536.474609,-10533.340820,3.133789
1340,-11492.494141,-11509.542969,17.048828
1341,-9597.556641,-9588.474609,9.082031
1342,-10943.097656,-10937.899414,5.198242
1343,-8924.837891,-8921.810547,3.027344
1344,-11921.422852,-11915.517578,5.905273
1345,-11537.926758,-11544.581055,6.654297
1346,-10601.303711,-10599.228516,2.075195
1347,-8418.892578,-8393.664062,25.228516
1348,-10735.441406,-10801.544922,66.103516
1349,-10356.427734,-10364.875977,8.448242
1350,-11543.239258,-11544.177734,0.938477
1351,-10963.752930,-10971.767578,8.014648
1352,-10980.062500,-10970.036133,10.026367
1353,-10951.153320,-10936.451172,14.702148
1354,-13768.963867,-13765.717773,3.246094
1355,-11366.035156,-11373.816406,7.781250
1356,-12089.375000,-11938.018555,151.356445
1357,-10577.886719,-10566.417969,11.468750
1358,-11954.248047,-11858.447266,95.800781
1359,-9551.787109,-9404.955078,146.832031
1360,-9922.459961,-9933.895508,11.435547
1361,-10491.536133,-10473.482422,18.053711
1362,-9911.402344,-9956.544922,45.142578
1363,-11943.272461,-11949.342773,6.070312
1364,-11951.564453,-11945.065430,6.499023
1365,-10843.426758,-10832.353516,11.073242
1366,-10534.678711,-10532.056641,2.622070
1367,-10995.714844,-11001.333984,5.619141
1368,-11887.059570,-11881.459961,5.599609
1369,-10481.311523,-10466.218750,15.092773
1370,-11959.708984,-11947.362305,12.346680
1371,-10534.606445,-10532.735352,1.871094
1372,-11513.824219,-11510.933594,2.890625
1373,-9961.257812,-9925.761719,35.496094
1374,-9931.406250,-9926.309570,5.096680
1375,-10980.671875,-10969.663086,11.008789
1376,-11524.707031,-11484.170898,40.536133
1377,-10946.972656,-10936.777344,10.195312
1378,-10534.329102,-10533.673828,0.655273
1379,-9906.776367,-9900.920898,5.855469
1380,-10469.361328,-10465.955078,3.406250
1381,-11411.027344,-11408.774414,2.252930
1382,-11007.546875,-10169.004883,838.541992
1383,-10938.966797,-10935.325195,3.641602
1384,-11419.833984,-11406.617188,13.216797
1385,-11517.230469,-11510.561523,6.668945
1386,-10559.822266,-10565.200195,5.377930
1387,-9920.162109,-9927.344727,7.182617
1388,-10536.454102,-10533.470703,2.983398
1389,-11313.458984,-11307.571289,5.887695
1390,-10587.400391,-10599.685547,12.285156
1391,-12400.017578,-12385.205078,14.812500
1392,-10939.851562,-10938.560547,1.291016
1393,-9612.805664,-9587.779297,25.026367
1394,-10373.238281,-10363.583984,9.654297
1395,-11952.899414,-11945.530273,7.369141
1396,-10466.396484,-10473.096680,6.700195
1397,-11508.975586,-11510.944336,1.968750
1398,-10563.906250,-10565.116211,1.209961
1399,-9966.955078,-9957.794922,9.160156
1400,-12405.891602,-12398.551758,7.339844
1401,-12341.786133,-12353.259766,11.473633
1402,-9925.264648,-9902.083984,23.180664
1403,-9868.250000,-9860.064453,8.185547
1404,-11517.968750,-11509.784180,8.184570
1405,-10931.855469,-10934.512695,2.657227
1406,-9898.059570,-9901.308594,3.249023
1407,-11406.251953,-11408.101562,1.849609
1408,-11643.112305,-11707.648438,64.536133
1409,-12367.696289,-12386.525391,18.829102
1410,-12357.359375,-12350.460938,6.898438
1411,-10389.237305,-10371.005859,18.231445
1412,-11515.363281,-11510.773438,4.589844
1413,-11970.101562,-11981.256836,11.155273
1414,-10491.796875,-10507.144531,15.347656
1415,-9470.931641,-9463.096680,7.834961
1416,-10509.003906,-10500.047852,8.956055
1417,-12494.547852,-12554.968750,60.420898
1418,-12503.481445,-12522.146484,18.665039
1419,-11347.145508,-11341.806641,5.338867
1420,-12850.586914,-12823.771484,26.815430
1421,-9435.341797,-9488.458984,53.117188
1422,-12008.170898,-12013.708008,5.537109
1423,-11905.816406,-11948.269531,42.453125
1424,-10578.074219,-10565.199219,12.875000
1425,-8167.131836,-7852.171387,314.960449
1426,-9935.119141,-9925.391602,9.727539
1427,-11805.158203,-11778.695312,26.462891
1428,-8824.962891,-8829.703125,4.740234
1429,-10947.112305,-10939.842773,7.269531
1430,-11918.435547,-11915.454102,2.981445
1431,-10530.621094,-10532.299805,1.678711
1432,-10494.680664,-10499.354492,4.673828
1433,-11945.015625,-11948.616211,3.600586
1434,-10496.543945,-10498.053711,1.509766
1435,-10883.037109,-10880.187500,2.849609
1436,-11968.899414,-11978.534180,9.634766
1437,-10542.624023,-10533.542969,9.081055
1438,-12291.723633,-12279.995117,11.728516
1439,-6471.687988,-6413.632812,58.055176
1440,-11421.568359,-11406.518555,15.049805
1441,-10591.231445,-10598.744141,7.512695
1442,-11979.869141,-11980.764648,0.895508
1443,-12004.464844,-12012.534180,8.069336
1444,-11949.890625,-11947.629883,2.260742
1445,-8507.824219,-8484.656250,23.167969
1446,-13301.633789,-13329.452148,27.818359
1447,-12522.424805,-12522.014648,0.410156
1448,-9872.098633,-9868.929688,3.168945
1449,-12354.901367,-12353.723633,1.177734
1450,-10288.872070,-10304.250000,15.377930
1451,-10939.534180,-10935.577148,3.957031
1452,-13711.942383,-13388.602539,323.339844
1453,-9528.055664,-9522.898438,5.157227
1454,-11917.928711,-11914.611328,3.317383
1455,-10968.586914,-10970.647461,2.060547
1456,-9893.416992,-9956.678711,63.261719
1457,-9962.041016,-9958.639648,3.401367
1458,-10008.452148,-9991.982422,16.469727
1459,-11008.873047,-11002.098633,6.774414
1460,-9477.734375,-8420.912109,1056.822266
1461,-10538.515625,-10533.326172,5.189453
1462,-11564.409180,-11576.029297,11.620117
1463,-11949.355469,-11945.011719,4.343750
1464,-11975.615234,-11981.355469,5.740234
1465,-11531.840820,-11544.340820,12.500000
1466,-11441.916992,-11445.992188,4.075195
1467,-10980.573242,-10969.668945,10.904297
1468,-11426.337891,-11407.168945,19.168945
1469,-10975.983398,-10968.617188,7.366211
1470,-8463.540039,-8484.567383,21.027344
1471,-10352.030273,-10363.583008,11.552734
1472,-10473.649414,-10465.939453,7.709961
1473,-11537.830078,-11543.415039,5.584961
1474,-11849.782227,-11849.284180,0.498047
1475,-10941.435547,-10937.126953,4.308594
1476,-10491.011719,-10473.837891,17.173828
1477,-10998.257812,-11003.812500,5.554688
1478,-10432.335938,-10429.126953,3.208984
1479,-10975.535156,-10969.079102,6.456055
1480,-8471.534180,-8427.346680,44.187500
1481,-12399.913086,-12386.582031,13.331055
1482,-11386.825195,-11373.750977,13.074219
1483,-11393.473633,-11374.502930,18.970703
1484,-11511.909180,-11510.951172,0.958008
1485,-10601.392578,-10598.598633,2.793945
1486,-10308.704102,-10272.150391,36.553711
1487,-10942.989258,-10935.325195,7.664062
1488,-11388.216797,-11408.273438,20.056641
1489,-10500.160156,-10499.415039,0.745117
1490,-11795.006836,-11811.720703,16.713867
1491,-11337.054688,-11341.395508,4.340820
1492,-11504.752930,-11510.079102,5.326172
1493,-11941.641602,-11947.782227,6.140625
1494,-11409.128906,-11373.383789,35.745117
1495,-11389.345703,-11373.973633,15.372070
1496,-10349.612305,-10361.674805,12.062500
1497,-11336.222656,-11342.835938,6.613281
1498,-11422.805664,-11406.321289,16.484375
1499,-11913.210938,-11914.994141,1.783203
1500,-10947.830078,-10938.059570,9.770508
1501,-9938.149414,-9926.280273,11.869141
1502,-11527.929688,-11542.698242,14.768555
1503,-11943.958008,-11949.059570,5.101562
1504,-11542.745117,-11542.594727,0.150391
1505,-10344.548828,-10333.328125,11.220703
1506,-11280.448242,-11340.508789,60.060547
1507,-11951.517578,-11947.980469,3.537109
1508,-9470.242188,-9463.096680,7.145508
1509,-10567.703125,-10565.765625,1.937500
1510,-9218.840820,-8856.162109,362.678711
1511,-12560.902344,-12554.110352,6.791992
1512,-11506.040039,-11511.454102,5.414062
1513,-11367.287109,-11374.045898,6.758789
1514,-10328.045898,-10305.645508,22.400391
1515,-9461.573242,-9456.421875,5.151367
1516,-11381.838867,-11373.682617,8.156250
1517,-11512.201172,-11511.870117,0.331055
1518,-9490.678711,-9496.896484,6.217773
1519,-11510.678711,-11543.416016,32.737305
1520,-11823.912109,-11844.701172,20.789062
1521,-9876.150391,-9867.168945,8.981445
1522,-10497.279297,-10507.854492,10.575195
1523,-10443.365234,-10429.204102,14.161133
1524,-11937.802734,-11949.194336,11.391602
1525,-12437.614258,-12457.381836,19.767578
1526,-11898.166016,-11880.913086,17.252930
1527,-10902.006836,-10866.757812,35.249023
1528,-11952.571289,-11948.753906,3.817383
1529,-11956.172852,-11948.306641,7.866211
1530,-12008.546875,-12013.377930,4.831055
1531,-10992.445312,-11001.695312,9.250000
1532,-12261.289062,-12248.969727,12.319336
1533,-11938.959961,-11947.884766,8.924805
1534,-13200.263672,-13498.459961,298.196289
1535,-10375.130859,-10397.312500,22.181641
1536,-12394.556641,-12382.351562,12.205078
1537,-10911.695312,-10906.353516,5.341797
1538,-13645.226562,-13661.620117,16.393555
1539,-10939.543945,-10932.347656,7.196289
1540,-9444.509766,-9926.730469,482.220703
1541,-12542.241211,-12554.166016,11.924805
1542,-9926.331055,-9935.528320,9.197266
1543,-9880.349609,-9900.902344,20.552734
1544,-10862.181641,-10880.246094,18.064453
1545,-10972.760742,-10968.242188,4.518555
1546,-11917.800781,-11915.370117,2.430664
1547,-10541.584961,-10533.692383,7.892578
1548,-9270.535156,-9405.990234,135.455078
1549,-10937.405273,-10936.051758,1.353516
1550,-10543.939453,-10532.605469,11.333984
1551,-10299.947266,-10274.039062,25.908203
1552,-14450.910156,-14526.299805,75.389648
1553,-10439.415039,-10429.004883,10.410156
1554,-11825.375000,-11844.616211,19.241211
1555,-9510.775391,-9496.375000,14.400391
1556,-13046.810547,-12959.142578,87.667969
1557,-10549.496094,-10534.034180,15.461914
1558,-11889.105469,-11882.502930,6.602539
1559,-10495.910156,-10498.767578,2.857422
1560,-11571.635742,-11576.569336,4.933594
1561,-10700.478516,-10742.688477,42.209961
1562,-8910.507812,-8920.833984,10.326172
1563,-11482.859375,-11476.151367,6.708008
1564,-12265.303711,-12249.258789,16.044922
1565,-11052.096680,-11036.105469,15.991211
1566,-10946.005859,-10936.915039,9.090820
1567,-9397.020508,-9360.098633,36.921875
1568,-10989.194336,-10968.558594,20.635742
1569,-10335.822266,-10338.438477,2.616211
1570,-11955.044922,-11948.763672,6.281250
1571,-9914.139648,-9899.198242,14.941406
1572,-11338.919922,-11341.297852,2.377930
1573,-11516.216797,-11512.459961,3.756836
1574,-12377.835938,-12384.571289,6.735352
1575,-12443.623047,-12455.076172,11.453125
1576,-9311.662109,-9327.651367,15.989258
1577,-10962.057617,-10968.956055,6.898438
1578,-12343.576172,-12320.492188,23.083984
1579,-9926.603516,-9923.798828,2.804688
1580,-12535.595703,-12553.817383,18.221680
1581,-10526.290039,-10532.871094,6.581055
1582,-11500.504883,-11510.393555,9.888672
1583,-11806.331055,-11779.915039,26.416016
1584,-10494.500000,-10506.370117,11.870117
1585,-12381.824219,-12385.087891,3.263672
1586,-11503.027344,-11512.346680,9.319336
1587,-10972.219727,-10968.676758,3.542969
1588,-11474.038086,-11477.845703,3.807617
1589,-11950.150391,-11947.750977,2.399414
1590,-11907.288086,-11914.231445,6.943359
1591,-10388.024414,-10394.372070,6.347656
1592,-9599.271484,-9589.240234,10.031250
1593,-10916.952148,-10903.823242,13.128906
1594,-10543.637695,-10534.111328,9.526367
1595,-11936.029297,-11944.236328,8.207031
1596,-10973.033203,-10968.260742,4.772461
1597,-11913.822266,-11914.666992,0.844727
1598,-10893.248047,-10878.633789,14.614258
1599,-9723.819336,-9733.481445,9.662109
1600,-11441.397461,-11444.499023,3.101562
1601,-10941.273438,-10937.025391,4.248047
1602,-8856.849609,-8832.022461,24.827148
1603,-10996.862305,-11002.217773,5.355469
1604,-11505.956055,-11509.791992,3.835938
1605,-11507.258789,-11512.094727,4.835938
1606,-11004.082031,-11002.656250,1.425781
1607,-11414.939453,-11408.285156,6.654297
1608,-11373.303711,-11376.306641,3.002930
1609,-7480.750000,-7482.745117,1.995117
1610,-13423.822266,-13548.634766,124.812500
1611,-10914.025391,-10905.362305,8.663086
1612,-10966.982422,-10968.243164,1.260742
1613,-9380.409180,-9405.533203,25.124023
1614,-12478.642578,-12488.378906,9.736328
1615,-11542.384766,-11543.841797,1.457031
1616,-10500.165039,-10498.398438,1.766602
1617,-10898.683594,-10902.934570,4.250977
1618,-11536.651367,-11543.838867,7.187500
1619,-10535.579102,-10532.902344,2.676758
1620,-10500.092773,-10500.840820,0.748047
1621,-12902.523438,-12959.056641,56.533203
1622,-10915.971680,-10904.701172,11.270508
1623,-11503.879883,-11510.787109,6.907227
1624,-10967.028320,-10970.500977,3.472656
1625,-9490.763672,-9488.211914,2.551758
1626,-10939.959961,-10936.142578,3.817383
1627,-11784.572266,-11779.490234,5.082031
1628,-11981.346680,-11981.920898,0.574219
1629,-12866.775391,-12958.606445,91.831055
1630,-10964.365234,-10969.221680,4.856445
1631,-6412.229492,-6380.364746,31.864746
1632,-10597.246094,-10599.567383,2.321289
1633,-11486.534180,-11477.505859,9.028320
1634,-10505.458984,-10497.908203,7.550781
1635,-9919.137695,-9959.131836,39.994141
1636,-10565.365234,-10566.805664,1.440430
1637,-8862.906250,-8889.327148,26.420898
1638,-11517.630859,-11509.714844,7.916016
1639,-11761.062500,-11778.708008,17.645508
1640,-12486.966797,-12489.055664,2.088867
1641,-12489.885742,-12489.061523,0.824219
1642,-10386.519531,-10393.744141,7.224609
1643,-11542.970703,-11544.098633,1.127930
1644,-11942.096680,-11948.247070,6.150391
1645,-10972.888672,-10968.061523,4.827148
1646,-11507.644531,-11544.542969,36.898438
1647,-12483.347656,-12488.580078,5.232422
1648,-9510.475586,-9497.099609,13.375977
1649,-12529.444336,-12521.291992,8.152344
1650,-11528.751953,-11542.416992,13.665039
1651,-12336.526367,-12353.753906,17.227539
1652,-11938.411133,-11945.493164,7.082031
1653,-12330.685547,-12319.508789,11.176758
1654,-11968.121094,-11982.193359,14.072266
1655,-11005.161133,-11002.677734,2.483398
1656,-11399.034180,-11407.482422,8.448242
1657,-14422.086914,-14526.499023,104.412109
1658,-12480.957031,-12486.695312,5.738281
1659,-9606.130859,-9620.860352,14.729492
1660,-10405.798828,-10374.816406,30.982422
1661,-10540.329102,-10531.924805,8.404297
1662,-12445.464844,-12456.248047,10.783203
1663,-11375.232422,-11376.470703,1.238281
1664,-12589.484375,-12570.816406,18.667969
1665,-10260.331055,-10274.197266,13.866211
1666,-11514.394531,-11510.112305,4.282227
1667,-10945.760742,-10937.892578,7.868164
1668,-11249.718750,-11270.301758,20.583008
1669,-9433.608398,-9429.209961,4.398438
1670,-11538.908203,-11544.026367,5.118164
1671,-9814.069336,-9835.265625,21.196289
1672,-12511.700195,-12520.023438,8.323242
1673,-12315.434570,-12351.671875,36.237305
1674,-9576.438477,-9588.993164,12.554688
1675,-10199.401367,-10203.339844,3.938477
1676,-9836.746094,-9867.422852,30.676758
1677,-10935.144531,-10937.065430,1.920898
1678,-11477.057617,-11477.908203,0.850586
1679,-10018.622070,-10024.117188,5.495117
1680,-11976.498047,-11981.008789,4.510742
1681,-11385.682617,-11371.675781,14.006836
1682,-9522.252930,-9522.078125,0.174805
1683,-13367.431641,-13443.424805,75.993164
1684,-10337.958984,-10306.760742,31.198242
1685,-12477.323242,-12488.853516,11.530273
1686,-11829.536133,-11812.304688,17.231445
1687,-11534.336914,-11543.669922,9.333008
1688,-10952.127930,-10938.771484,13.356445
1689,-11920.394531,-11915.500977,4.893555
1690,-12368.628906,-12352.694336,15.934570
1691,-11518.892578,-11509.302734,9.589844
1692,-11920.585938,-11916.727539,3.858398
1693,-10509.659180,-10499.545898,10.113281
1694,-10947.955078,-10937.077148,10.877930
1695,-10536.455078,-10533.267578,3.187500
1696,-9952.259766,-9925.796875,26.462891
1697,-8485.173828,-8456.002930,29.170898
1698,-11566.082031,-11453.630859,112.451172
1699,-10533.433594,-10531.977539,1.456055
1700,-11002.577148,-11001.382812,1.194336
1701,-9539.847656,-9555.825195,15.977539
1702,-12943.512695,-12958.645508,15.132812
1703,-10878.666992,-10832.356445,46.310547
1704,-7451.526855,-7359.244629,92.282227
1705,-11514.658203,-11509.602539,5.055664
1706,-10427.931641,-10433.851562,5.919922
1707,-11603.101562,-11609.114258,6.012695
1708,-10380.890625,-10362.804688,18.085938
1709,-11971.449219,-11981.347656,9.898438
1710,-10955.977539,-10937.094727,18.882812
1711,-11364.640625,-11372.765625,8.125000
1712,-9947.213867,-9933.394531,13.819336
1713,-11510.241211,-11510.245117,0.003906
1714,-9475.006836,-9497.318359,22.311523
1715,-10910.128906,-10880.870117,29.258789
1716,-11440.469727,-11443.633789,3.164062
1717,-12064.456055,-12012.285156,52.170898
1718,-10365.165039,-10361.011719,4.153320
1719,-11377.716797,-11375.639648,2.077148
1720,-11407.186523,-11408.651367,1.464844
1721,-11505.344727,-11510.746094,5.401367
1722,-10462.599609,-10467.108398,4.508789
1723,-9928.414062,-9933.941406,5.527344
1724,-9946.568359,-9927.597656,18.970703
1725,-9966.001953,-9927.708984,38.292969
1726,-11541.257812,-11542.680664,1.422852
1727,-10028.538086,-10023.865234,4.672852
1728,-11383.580078,-11374.150391,9.429688
1729,-10432.162109,-10406.722656,25.439453
1730,-11516.482422,-11511.241211,5.241211
1731,-11940.253906,-11946.929688,6.675781
1732,-11922.207031,-11916.051758,6.155273
1733,-11367.309570,-11373.997070,6.687500
1734,-9887.814453,-9869.940430,17.874023
1735,-11518.927734,-11517.341797,1.585938
1736,-9514.515625,-9489.121094,25.394531
1737,-11329.315430,-11342.336914,13.021484
1738,-9920.219727,-9875.010742,45.208984
1739,-11972.699219,-11979.735352,7.036133
1740,-10258.340820,-10298.118164,39.777344
1741,-11403.437500,-11408.309570,4.872070
1742,-10911.823242,-10910.891602,0.931641
1743,-9991.147461,-9960.041016,31.106445
1744,-10907.887695,-10904.032227,3.855469
1745,-9944.602539,-9927.549805,17.052734
1746,-11796.930664,-11844.695312,47.764648
1747,-10477.021484,-10473.370117,3.651367
1748,-11991.805664,-11979.102539,12.703125
1749,-11967.559570,-11979.863281,12.303711
1750,-11539.481445,-11543.614258,4.132812
1751,-9948.484375,-9934.951172,13.533203
1752,-12474.449219,-12486.831055,12.381836
1753,-12432.064453,-12454.726562,22.662109
1754,-11420.791992,-11412.337891,8.454102
1755,-11776.463867,-11753.652344,22.811523
1756,-12475.976562,-12489.425781,13.449219
1757,-11517.165039,-11511.607422,5.557617
1758,-10534.199219,-10532.729492,1.469727
1759,-11855.374023,-11845.120117,10.253906
1760,-11502.521484,-11510.790039,8.268555
1761,-12474.176758,-12487.355469,13.178711
1762,-8897.999023,-8832.221680,65.777344
1763,-11575.873047,-11576.748047,0.875000
1764,-11423.472656,-11408.028320,15.444336
1765,-11978.436523,-11981.783203,3.346680
1766,-10880.387695,-10865.321289,15.066406
1767,-9955.613281,-9925.732422,29.880859
1768,-11915.832031,-11916.445312,0.613281
1769,-11402.502930,-11406.713867,4.210938
1770,-11545.682617,-11543.510742,2.171875
1771,-12581.542969,-12586.905273,5.362305
1772,-11510.609375,-11510.445312,0.164062
1773,-12777.305664,-12789.417969,12.112305
1774,-10538.793945,-10539.900391,1.106445
1775,-11841.259766,-11812.979492,28.280273
1776,-10917.298828,-10904.919922,12.378906
1777,-8976.860352,-8987.992188,11.131836
1778,-11507.750000,-11510.389648,2.639648
1779,-8432.468750,-8453.079102,20.610352
1780,-10976.947266,-10971.490234,5.457031
1781,-9147.540039,-9132.916016,14.624023
1782,-12483.938477,-12489.370117,5.431641
1783,-11977.242188,-11979.302734,2.060547
1784,-11520.561523,-11512.281250,8.280273
1785,-10488.471680,-10473.720703,14.750977
1786,-11911.889648,-11914.151367,2.261719
1787,-9799.921875,-9797.816406,2.105469
1788,-10355.926758,-10338.941406,16.985352
1789,-10546.271484,-10531.807617,14.463867
1790,-12538.796875,-12553.324219,14.527344
1791,-11600.084961,-11609.103516,9.018555
1792,-10515.472656,-10502.727539,12.745117
1793,-11938.009766,-11949.638672,11.628906
1794,-10919.452148,-10878.575195,40.876953
1795,-11514.753906,-11510.092773,4.661133
1796,-10938.221680,-10937.924805,0.296875
1797,-11373.683594,-11374.479492,0.795898
1798,-10551.147461,-10532.866211,18.281250
1799,-10745.343750,-10743.595703,1.748047
1800,-9959.281250,-9959.519531,0.238281
1801,-12310.983398,-12353.073242,42.089844
1802,-11511.565430,-11511.891602,0.326172
1803,-11939.050781,-11946.751953,7.701172
1804,-10946.953125,-10936.713867,10.239258
1805,-10565.781250,-10565.798828,0.017578
1806,-10537.515625,-10534.071289,3.444336
1807,-10000.794922,-9991.861328,8.933594
1808,-12517.546875,-12520.586914,3.040039
1809,-11917.617188,-11914.778320,2.838867
1810,-11919.009766,-11916.570312,2.439453
1811,-10940.477539,-10935.221680,5.255859
1812,-11404.039062,-11408.362305,4.323242
1813,-11415.258789,-11407.477539,7.781250
1814,-10810.994141,-10802.526367,8.467773
1815,-11377.510742,-11375.431641,2.079102
1816,-10967.300781,-10969.246094,1.945312
1817,-9971.101562,-9960.275391,10.826172
1818,-9775.712891,-9796.390625,20.677734
1819,-10453.168945,-10474.215820,21.046875
1820,-13915.481445,-13938.203125,22.721680
1821,-11339.529297,-11342.159180,2.629883
1822,-10501.951172,-10499.899414,2.051758
1823,-10488.301758,-10473.901367,14.400391
1824,-9994.328125,-9992.465820,1.862305
1825,-10965.584961,-10971.243164,5.658203
1826,-12660.335938,-12685.056641,24.720703
1827,-11487.057617,-11477.524414,9.533203
1828,-9942.535156,-9923.547852,18.987305
1829,-11347.562500,-11340.625000,6.937500
1830,-10410.749023,-10392.967773,17.781250
1831,-12519.136719,-12488.631836,30.504883
1832,-12304.875977,-12317.808594,12.932617
1833,-12562.856445,-12554.233398,8.623047
1834,-11507.932617,-11509.792969,1.860352
1835,-12454.373047,-12489.416016,35.042969
1836,-10547.372070,-10532.061523,15.310547
1837,-10540.576172,-10532.766602,7.809570
1838,-12516.414062,-12520.804688,4.390625
1839,-12364.037109,-12352.801758,11.235352
1840,-9537.743164,-9521.220703,16.522461
1841,-11507.503906,-11510.965820,3.461914
1842,-9463.521484,-9464.121094,0.599609
1843,-11357.779297,-11340.782227,16.997070
1844,-11966.720703,-11980.031250,13.310547
1845,-11952.457031,-11946.559570,5.897461
1846,-11951.193359,-11946.144531,5.048828
1847,-12520.477539,-12522.021484,1.543945
1848,-10906.051758,-10867.413086,38.638672
1849,-10442.581055,-10430.042969,12.538086
1850,-10408.102539,-10441.862305,33.759766
1851,-10545.884766,-10533.070312,12.814453
1852,-10943.368164,-10938.606445,4.761719
1853,-11943.978516,-11947.135742,3.157227
1854,-11912.305664,-11914.508789,2.203125
1855,-11512.686523,-11510.572266,2.114258
1856,-9918.178711,-9891.656250,26.522461
1857,-11394.586914,-11376.009766,18.577148
1858,-12511.544922,-12456.500977,55.043945
1859,-11374.514648,-11376.056641,1.541992
1860,-10902.629883,-10904.203125,1.573242
1861,-10910.218750,-10902.047852,8.170898
1862,-11482.023438,-11478.828125,3.195312
1863,-12237.581055,-12248.431641,10.850586
1864,-11328.781250,-11341.948242,13.166992
1865,-10439.341797,-10428.098633,11.243164
1866,-11921.779297,-11917.063477,4.715820
1867,-12006.717773,-11947.113281,59.604492
1868,-11513.545898,-11510.988281,2.557617
1869,-11947.413086,-11949.538086,2.125000
1870,-12920.041016,-12927.376953,7.335938
1871,-10540.364258,-10531.970703,8.393555
1872,-11512.587891,-11509.576172,3.011719
1873,-11919.773438,-11912.768555,7.004883
1874,-9951.408203,-9958.926758,7.518555
1875,-9847.654297,-9707.074219,140.580078
1876,-9488.626953,-9488.369141,0.257812
1877,-11943.935547,-11948.118164,4.182617
1878,-12109.895508,-12134.333984,24.438477
1879,-10968.111328,-10970.189453,2.078125
1880,-14710.344727,-14887.848633,177.503906
1881,-12311.684570,-12319.609375,7.924805
1882,-11502.345703,-11510.417969,8.072266
1883,-11339.088867,-11341.392578,2.303711
1884,-11541.767578,-11543.794922,2.027344
1885,-12382.256836,-12384.366211,2.109375
1886,-11949.028320,-11947.685547,1.342773
1887,-12376.889648,-12354.191406,22.698242
1888,-9979.242188,-8335.795898,1643.446289
1889,-11371.349609,-11374.282227,2.932617
1890,-10410.898438,-10397.226562,13.671875
1891,-11944.237305,-11948.736328,4.499023
1892,-13113.931641,-12344.596680,769.334961
1893,-11302.013672,-11484.723633,182.709961
1894,-10542.063477,-10533.332031,8.731445
1895,-10980.847656,-10971.041016,9.806641
1896,-11415.584961,-11408.464844,7.120117
1897,-10881.166992,-10869.821289,11.345703
1898,-9613.143555,-9588.406250,24.737305
1899,-11543.223633,-11543.315430,0.091797
1900,-11952.616211,-11948.852539,3.763672
1901,-11542.089844,-11544.116211,2.026367
1902,-12477.950195,-12488.462891,10.512695
1903,-11514.652344,-11510.974609,3.677734
1904,-9767.694336,-9797.746094,30.051758
1905,-9541.773438,-9529.222656,12.550781
1906,-11539.584961,-11543.385742,3.800781
1907,-12354.070312,-12352.947266,1.123047
1908,-13266.375977,-13224.622070,41.753906
1909,-12383.080078,-12384.336914,1.256836
1910,-9923.013672,-9902.394531,20.619141
1911,-12035.333984,-12015.138672,20.195312
1912,-10534.928711,-10533.744141,1.184570
1913,-10487.666992,-10474.518555,13.148438
1914,-8403.396484,-8393.703125,9.693359
1915,-12909.103516,-13005.789062,96.685547
1916,-10946.815430,-10938.752930,8.062500
1917,-10967.817383,-10968.325195,0.507812
1918,-13355.669922,-13331.618164,24.051758
1919,-9499.332031,-9488.846680,10.485352
1920,-10939.372070,-10937.549805,1.822266
1921,-10952.042969,-10944.792969,7.250000
1922,-12513.263672,-12522.615234,9.351562
1923,-9527.736328,-9521.442383,6.293945
1924,-12969.091797,-12927.455078,41.636719
1925,-10567.404297,-10566.351562,1.052734
1926,-10498.474609,-10499.916016,1.441406
1927,-11948.828125,-11948.029297,0.798828
1928,-12918.034180,-12927.908203,9.874023
1929,-8476.947266,-8486.669922,9.722656
1930,-11509.634766,-11510.619141,0.984375
1931,-10400.979492,-10394.354492,6.625000
1932,-11539.882812,-11543.130859,3.248047
1933,-11286.836914,-11310.137695,23.300781
1934,-11513.776367,-11510.070312,3.706055
1935,-10803.954102,-10768.902344,35.051758
1936,-10924.388672,-10903.927734,20.460938
1937,-9979.243164,-9957.427734,21.815430
1938,-12519.201172,-12521.313477,2.112305
1939,-10997.965820,-11001.773438,3.807617
1940,-12411.846680,-12385.065430,26.781250
1941,-11503.098633,-11509.233398,6.134766
1942,-10958.421875,-10969.798828,11.376953
1943,-12517.771484,-12521.302734,3.531250
1944,-13414.498047,-13467.028320,52.530273
1945,-10933.053711,-10936.651367,3.597656
1946,-9965.751953,-9958.672852,7.079102
1947,-11958.810547,-11949.207031,9.603516
1948,-11590.242188,-11608.833984,18.591797
1949,-12916.158203,-12925.765625,9.607422
1950,-9569.543945,-9588.895508,19.351562
1951,-9880.468750,-9867.576172,12.892578
1952,-12377.074219,-12384.405273,7.331055
1953,-9523.472656,-9497.618164,25.854492
1954,-12513.123047,-12520.892578,7.769531
1955,-10801.347656,-10809.159180,7.811523
1956,-10942.542969,-10939.598633,2.944336
1957,-11002.641602,-11002.460938,0.180664
1958,-9913.777344,-9895.382812,18.394531
1959,-10896.285156,-10866.477539,29.807617
1960,-10943.458984,-10936.510742,6.948242
1961,-10536.690430,-10533.297852,3.392578
1962,-10975.046875,-10970.030273,5.016602
1963,-11979.802734,-11980.723633,0.920898
1964,-12454.121094,-12456.547852,2.426758
1965,-11027.355469,-11034.473633,7.118164
1966,-10012.204102,-9992.695312,19.508789
1967,-9569.513672,-9555.615234,13.898438
1968,-11344.841797,-11315.403320,29.438477
1969,-12768.946289,-12790.835938,21.889648
1970,-11920.843750,-11917.377930,3.465820
1971,-11918.375000,-11915.285156,3.089844
1972,-14753.745117,-14952.520508,198.775391
1973,-11507.234375,-11510.138672,2.904297
1974,-11517.099609,-11509.375977,7.723633
1975,-10987.669922,-11001.750977,14.081055
1976,-11973.152344,-11979.154297,6.001953
1977,-8869.434570,-8833.221680,36.212891
1978,-10963.071289,-10969.107422,6.036133
1979,-11892.957031,-11948.072266,55.115234
1980,-9983.326172,-9967.932617,15.393555
1981,-10974.909180,-10970.005859,4.903320
1982,-11277.737305,-11269.807617,7.929688
1983,-11918.686523,-11917.185547,1.500977
1984,-7711.533691,-7755.075195,43.541504
1985,-10889.287109,-10911.619141,22.332031
1986,-10575.307617,-10565.318359,9.989258
1987,-9925.481445,-9923.555664,1.925781
1988,-11976.470703,-11981.559570,5.088867
1989,-12486.250000,-12489.921875,3.671875
1990,-11871.486328,-11844.405273,27.081055
1991,-11395.842773,-11406.892578,11.049805
1992,-8397.825195,-8323.909180,73.916016
1993,-10927.012695,-10937.087891,10.075195
1994,-12316.046875,-12319.595703,3.548828
1995,-11398.670898,-11371.718750,26.952148
1996,-11903.649414,-11917.401367,13.751953
1997,-6261.720703,-6347.202148,85.481445
1998,-12839.921875,-12823.426758,16.495117
1999,-11919.319336,-11917.094727,2.224609
2000,-11423.153320,-11408.027344,15.125977
2001,-12971.532227,-12957.535156,13.997070
2002,-11274.635742,-11238.078125,36.557617
2003,-13925.140625,-13985.773438,60.632812
2004,-8514.496094,-8427.910156,86.585938
2005,-11577.145508,-11575.574219,1.571289
2006,-8389.484375,-8328.596680,60.887695
2007,-11291.936523,-11316.370117,24.433594
2008,-12370.714844,-12353.083008,17.631836
2009,-8269.921875,-8292.090820,22.168945
2010,-10568.204102,-10565.424805,2.779297
2011,-11545.386719,-11542.677734,2.708984
2012,-12461.146484,-12456.251953,4.894531
2013,-11945.811523,-11947.734375,1.922852
2014,-10362.372070,-10371.209961,8.837891
2015,-11445.188477,-11441.829102,3.359375
2016,-11498.865234,-11510.512695,11.647461
2017,-9960.476562,-9957.445312,3.031250
2018,-11972.744141,-11982.262695,9.518555
2019,-12647.967773,-12686.108398,38.140625
2020,-11600.798828,-11609.474609,8.675781
2021,-11537.563477,-11542.968750,5.405273
2022,-11540.380859,-11543.775391,3.394531
2023,-11727.874023,-11746.207031,18.333008
2024,-9903.373047,-9900.877930,2.495117
2025,-10883.923828,-10911.631836,27.708008
2026,-10535.536133,-10532.024414,3.511719
2027,-10798.112305,-10801.467773,3.355469
2028,-12527.104492,-12522.418945,4.685547
2029,-11515.510742,-11608.742188,93.231445
2030,-12447.493164,-12456.416992,8.923828
2031,-11925.995117,-11947.880859,21.885742
2032,-9532.551758,-9471.249023,61.302734
2033,-11498.313477,-11511.622070,13.308594
2034,-11944.107422,-11949.129883,5.022461
2035,-11279.547852,-11270.621094,8.926758
2036,-11348.662109,-11341.598633,7.063477
2037,-9933.286133,-9934.163086,0.876953
2038,-11356.502930,-11340.144531,16.358398
2039,-9606.027344,-9588.692383,17.334961
2040,-11850.461914,-11843.492188,6.969727
2041,-10560.801758,-10565.348633,4.546875
2042,-9792.311523,-9797.931641,5.620117
2043,-9378.074219,-9487.538086,109.463867
2044,-10359.535156,-10337.748047,21.787109
2045,-9527.708008,-9521.382812,6.325195
2046,-9826.569336,-9811.765625,14.803711
2047,-9462.945312,-9462.221680,0.723633
2048,-10570.067383,-10565.427734,4.639648
2049,-9557.587891,-9523.721680,33.866211
2050,-12760.371094,-12789.515625,29.144531
2051,-8413.205078,-8454.473633,41.268555
2052,-8966.975586,-8887.542969,79.432617
2053,-10526.044922,-10531.188477,5.143555
2054,-10999.113281,-11003.985352,4.872070
2055,-11537.311523,-11542.939453,5.627930
2056,-11807.691406,-11813.382812,5.691406
2057,-12460.166992,-12486.883789,26.716797
2058,-11888.360352,-11913.925781,25.565430
2059,-11921.714844,-11917.250977,4.463867
2060,-11537.712891,-11543.674805,5.961914
2061,-9475.615234,-9463.588867,12.026367
2062,-10534.332031,-10534.555664,0.223633
2063,-12327.874023,-12354.312500,26.438477
2064,-10536.650391,-10531.433594,5.216797
2065,-11850.783203,-11845.174805,5.608398
2066,-11949.410156,-11947.885742,1.524414
2067,-8940.324219,-8896.418945,43.905273
2068,-10002.514648,-9992.893555,9.621094
2069,-11801.130859,-11811.112305,9.981445
2070,-9779.274414,-9797.037109,17.762695
2071,-11511.994141,-11510.530273,1.463867
2072,-9575.386719,-9553.963867,21.422852
2073,-8928.652344,-8924.947266,3.705078
2074,-10370.335938,-10338.658203,31.677734
2075,-11477.998047,-11476.100586,1.897461
2076,-10442.510742,-10426.618164,15.892578
2077,-12364.657227,-12352.773438,11.883789
2078,-10964.196289,-10968.516602,4.320312
2079,-10529.010742,-10531.350586,2.339844
2080,-11922.023438,-11914.755859,7.267578
2081,-10900.637695,-10865.890625,34.747070
2082,-12794.506836,-12790.834961,3.671875
2083,-10974.742188,-10971.185547,3.556641
2084,-11942.783203,-11948.167969,5.384766
2085,-10970.550781,-10965.666992,4.883789
2086,-11395.026367,-11371.102539,23.923828
2087,-11843.868164,-11810.966797,32.901367
2088,-11950.688477,-11948.359375,2.329102
2089,-9920.236328,-9901.074219,19.162109
2090,-11271.013672,-11270.172852,0.840820
2091,-9367.116211,-9488.546875,121.430664
2092,-9573.417969,-9555.855469,17.562500
2093,-11539.190430,-11543.088867,3.898438
2094,-12905.705078,-12926.280273,20.575195
2095,-10868.044922,-10912.064453,44.019531
2096,-11882.900391,-11883.020508,0.120117
2097,-11010.111328,-11003.173828,6.937500
2098,-10473.037109,-10465.750000,7.287109
2099,-12389.473633,-12386.736328,2.737305
2100,-10396.042969,-10396.655273,0.612305
2101,-9473.219727,-9462.900391,10.319336
2102,-10975.188477,-10971.537109,3.651367
2103,-10413.578125,-10409.647461,3.930664
2104,-11527.109375,-11545.072266,17.962891
2105,-10497.226562,-10500.058594,2.832031
2106,-11912.054688,-11948.279297,36.224609
2107,-10972.208008,-10971.882812,0.325195
2108,-10567.234375,-10565.401367,1.833008
2109,-10535.405273,-10532.829102,2.576172
2110,-11913.907227,-11912.875977,1.031250
2111,-10536.895508,-10532.713867,4.181641
2112,-10913.724609,-10903.050781,10.673828
2113,-10931.163086,-10935.318359,4.155273
2114,-11970.429688,-11979.413086,8.983398
2115,-11552.898438,-11543.298828,9.599609
2116,-11479.623047,-11476.954102,2.668945
2117,-11408.187500,-11341.425781,66.761719
2118,-10370.491211,-10371.112305,0.621094
2119,-10540.047852,-10534.015625,6.032227
2120,-10297.471680,-10271.285156,26.186523
2121,-9963.026367,-9927.605469,35.420898
2122,-11488.185547,-11476.963867,11.221680
2123,-11941.600586,-11948.208984,6.608398
2124,-12387.050781,-12384.201172,2.849609
2125,-10295.443359,-10305.467773,10.024414
2126,-12834.893555,-12823.547852,11.345703
2127,-9541.405273,-9588.454102,47.048828
2128,-8869.321289,-8921.338867,52.017578
2129,-10973.321289,-10970.203125,3.118164
2130,-10454.153320,-10474.725586,20.572266
2131,-11554.676758,-11543.715820,10.960938
2132,-12779.689453,-12791.017578,11.328125
2133,-11510.867188,-11508.797852,2.069336
2134,-10540.130859,-10532.368164,7.762695
2135,-11289.539062,-11309.162109,19.623047
2136,-11210.787109,-11239.162109,28.375000
2137,-11476.811523,-11476.500977,0.310547
2138,-12508.281250,-12554.363281,46.082031
2139,-11915.000977,-11915.590820,0.589844
2140,-11732.998047,-11775.661133,42.663086
2141,-10952.429688,-10936.073242,16.356445
2142,-10814.635742,-10801.625000,13.010742
2143,-11508.891602,-11485.142578,23.749023
2144,-11408.743164,-11407.083008,1.660156
2145,-10899.617188,-10879.960938,19.656250
2146,-10908.078125,-10905.007812,3.070312
2147,-11010.679688,-11001.551758,9.127930
2148,-11947.322266,-11947.536133,0.213867
2149,-11457.037109,-11444.287109,12.750000
2150,-12997.754883,-13007.501953,9.747070
2151,-10978.465820,-10970.451172,8.014648
2152,-12517.249023,-12521.306641,4.057617
2153,-10947.480469,-10938.110352,9.370117
2154,-9505.976562,-9521.993164,16.016602
2155,-10568.885742,-10565.185547,3.700195
2156,-11538.691406,-11542.933594,4.242188
2157,-11969.593750,-11982.132812,12.539062
2158,-11972.997070,-11979.434570,6.437500
2159,-10538.510742,-10531.589844,6.920898
2160,-11472.275391,-11476.365234,4.089844
2161,-10928.113281,-10933.541992,5.428711
2162,-11917.991211,-11914.859375,3.131836
2163,-11396.034180,-11407.700195,11.666016
2164,-11948.939453,-11948.137695,0.801758
2165,-11365.737305,-11374.216797,8.479492
2166,-11915.629883,-11914.109375,1.520508
2167,-10852.250977,-10833.109375,19.141602
2168,-11362.142578,-11376.210938,14.068359
2169,-11510.639648,-11511.376953,0.737305
2170,-10913.655273,-10905.566406,8.088867
2171,-10902.586914,-10878.650391,23.936523
2172,-12804.532227,-12822.663086,18.130859
2173,-12385.565430,-12384.429688,1.135742
2174,-10443.657227,-10432.125977,11.531250
2175,-12360.665039,-12353.385742,7.279297
2176,-10961.311523,-10968.363281,7.051758
2177,-12496.015625,-12488.233398,7.782227
2178,-10446.001953,-10429.285156,16.716797
2179,-11764.271484,-11778.149414,13.877930
2180,-12485.570312,-12488.849609,3.279297
2181,-10423.085938,-10442.288086,19.202148
2182,-10858.045898,-10879.257812,21.211914
2183,-10500.475586,-10497.597656,2.877930
2184,-11977.870117,-11980.568359,2.698242
2185,-10940.697266,-10937.136719,3.560547
2186,-11529.312500,-11543.432617,14.120117
2187,-11921.066406,-11916.553711,4.512695
2188,-10402.866211,-10395.944336,6.921875
2189,-11509.384766,-11508.591797,0.792969
2190,-10833.933594,-10846.825195,12.891602
2191,-11379.101562,-11375.458984,3.642578
2192,-9303.737305,-9268.558594,35.178711
2193,-11816.550781,-11811.913086,4.637695
2194,-12542.095703,-12553.127930,11.032227
2195,-10849.036133,-10835.334961,13.701172
2196,-11917.122070,-11914.720703,2.401367
2197,-11545.133789,-11543.612305,1.521484
2198,-10999.823242,-11003.392578,3.569336
2199,-10934.076172,-10937.604492,3.528320
2200,-12921.146484,-12926.010742,4.864258
2201,-12141.092773,-12112.265625,28.827148
2202,-10977.618164,-10967.899414,9.718750
2203,-11477.049805,-11477.013672,0.036133
2204,-11933.546875,-11948.785156,15.238281
2205,-9889.271484,-9899.891602,10.620117
2206,-11381.422852,-11372.916992,8.505859
2207,-10473.376953,-10466.544922,6.832031
2208,-9480.138672,-9462.653320,17.485352
2209,-10903.706055,-10910.237305,6.531250
2210,-11920.463867,-11915.991211,4.472656
2211,-11573.678711,-11576.939453,3.260742
2212,-9536.214844,-9521.714844,14.500000
2213,-9461.583984,-9463.361328,1.777344
2214,-11505.985352,-11511.035156,5.049805
2215,-10899.882812,-10903.565430,3.682617
2216,-10551.560547,-10532.860352,18.700195
2217,-11471.013672,-11478.145508,7.131836
2218,-12824.412109,-12823.496094,0.916016
2219,-10971.191406,-10968.081055,3.110352
2220,-11365.297852,-11374.363281,9.065430
2221,-10896.000000,-10904.570312,8.570312
2222,-11804.381836,-11778.885742,25.496094
2223,-10971.479492,-10968.210938,3.268555
2224,-10968.951172,-10971.818359,2.867188
2225,-10972.620117,-10971.096680,1.523438
2226,-12525.541992,-12519.787109,5.754883
2227,-11513.599609,-11510.782227,2.817383
2228,-10599.314453,-10598.619141,0.695312
2229,-11216.080078,-11239.000000,22.919922
2230,-11743.255859,-11778.923828,35.667969
2231,-9875.057617,-9923.573242,48.515625
2232,-10813.779297,-10833.006836,19.227539
2233,-10389.045898,-10395.952148,6.906250
2234,-10455.219727,-10442.307617,12.912109
2235,-10942.308594,-10935.458984,6.849609
2236,-10960.382812,-10968.210938,7.828125
2237,-11507.222656,-11512.204102,4.981445
2238,-9530.644531,-9522.424805,8.219727
2239,-11031.795898,-11034.948242,3.152344
2240,-11948.197266,-11948.642578,0.445312
2241,-10384.622070,-10363.021484,21.600586
2242,-11371.502930,-11374.547852,3.044922
2243,-11977.658203,-11981.399414,3.741211
2244,-9944.874023,-9933.287109,11.586914
2245,-12479.837891,-12489.194336,9.356445
2246,-10605.044922,-10598.080078,6.964844
2247,-9634.770508,-9620.638672,14.131836
2248,-11820.187500,-11811.321289,8.866211
2249,-10961.892578,-10970.109375,8.216797
2250,-10465.423828,-10467.672852,2.249023
2251,-11985.412109,-11980.917969,4.494141
2252,-10786.146484,-10776.550781,9.595703
2253,-10427.916016,-10432.190430,4.274414
2254,-11471.641602,-11479.031250,7.389648
2255,-10942.806641,-10938.027344,4.779297
2256,-10977.391602,-10970.633789,6.757812
2257,-11865.755859,-11881.426758,15.670898
2258,-10736.851562,-10774.666992,37.815430
2259,-11381.093750,-11372.823242,8.270508
2260,-11797.104492,-11812.117188,15.012695
2261,-10968.738281,-10967.461914,1.276367
2262,-9544.853516,-9523.152344,21.701172
2263,-12325.457031,-12320.089844,5.367188
2264,-10405.380859,-10395.828125,9.552734
2265,-11916.305664,-11914.730469,1.575195
2266,-10934.803711,-10934.931641,0.127930
2267,-9923.697266,-9933.201172,9.503906
2268,-12919.581055,-12926.381836,6.800781
2269,-11952.253906,-11947.766602,4.487305
2270,-11537.857422,-11542.397461,4.540039
2271,-11945.236328,-11948.336914,3.100586
2272,-11530.458008,-11542.353516,11.895508
2273,-12892.666992,-12894.824219,2.157227
2274,-10565.451172,-10565.617188,0.166016
2275,-11572.018555,-11576.084961,4.066406
2276,-12762.672852,-12820.156250,57.483398
2277,-11380.453125,-11372.411133,8.041992
2278,-10532.565430,-10532.934570,0.369141
2279,-9974.361328,-9957.411133,16.950195
2280,-9984.637695,-9959.261719,25.375977
2281,-11510.592773,-11510.463867,0.128906
2282,-10940.193359,-10936.551758,3.641602
2283,-10568.644531,-10565.410156,3.234375
2284,-10980.829102,-10969.914062,10.915039
2285,-11969.345703,-11981.503906,12.158203
2286,-10909.828125,-10905.354492,4.473633
2287,-10978.687500,-10968.549805,10.137695
2288,-9923.340820,-9934.694336,11.353516
2289,-11951.917969,-11948.158203,3.759766
2290,-9929.764648,-9932.553711,2.789062
2291,-10926.904297,-10904.781250,22.123047
2292,-11566.841797,-11575.925781,9.083984
2293,-9629.726562,-9620.973633,8.752930
2294,-10433.923828,-10438.641602,4.717773
2295,-11378.100586,-11372.499023,5.601562
2296,-12354.652344,-12385.576172,30.923828
2297,-13354.910156,-13332.687500,22.222656
2298,-11922.277344,-11915.854492,6.422852
2299,-10569.400391,-10566.747070,2.653320
2300,-7415.788086,-7449.371094,33.583008
2301,-10598.878906,-10599.304688,0.425781
2302,-12333.148438,-12350.504883,17.356445
2303,-10529.045898,-10540.129883,11.083984
2304,-13367.305664,-13395.397461,28.091797
2305,-9932.607422,-9925.364258,7.243164
2306,-8442.333984,-8452.739258,10.405273
2307,-9424.348633,-9431.106445,6.757812
2308,-11949.367188,-11947.402344,1.964844
2309,-10499.561523,-10500.369141,0.807617
2310,-11352.069336,-11316.956055,35.113281
2311,-11857.409180,-11849.132812,8.276367
2312,-10021.456055,-9990.997070,30.458984
2313,-12847.279297,-12863.036133,15.756836
2314,-12487.982422,-12489.636719,1.654297
2315,-11858.640625,-11850.197266,8.443359
2316,-12783.617188,-12790.422852,6.805664
2317,-11928.845703,-11948.230469,19.384766
2318,-11515.910156,-11510.437500,5.472656
2319,-11506.295898,-11510.712891,4.416992
2320,-11565.945312,-11577.092773,11.147461
2321,-12282.841797,-12279.113281,3.728516
2322,-9494.507812,-9496.009766,1.501953
2323,-11385.932617,-11376.694336,9.238281
2324,-9925.326172,-9900.189453,25.136719
2325,-11247.346680,-11271.348633,24.001953
2326,-10902.862305,-10879.531250,23.331055
2327,-10447.816406,-10466.175781,18.359375
2328,-10968.114258,-10970.886719,2.772461
2329,-10904.535156,-10905.148438,0.613281
2330,-10578.843750,-10564.963867,13.879883
2331,-11409.776367,-11408.486328,1.290039
2332,-9367.202148,-9360.313477,6.888672
2333,-12455.951172,-12456.560547,0.609375
2334,-10345.028320,-10338.694336,6.333984
2335,-11583.776367,-11577.198242,6.578125
2336,-12561.908203,-12521.589844,40.318359
2337,-10741.434570,-10775.706055,34.271484
2338,-11902.195312,-11915.500977,13.305664
2339,-11542.951172,-11543.011719,0.060547
2340,-11505.857422,-11510.980469,5.123047
2341,-11378.451172,-11374.799805,3.651367
2342,-10959.122070,-10969.683594,10.561523
2343,-12207.447266,-12212.937500,5.490234
2344,-10386.959961,-10396.128906,9.168945
2345,-12479.601562,-12488.414062,8.812500
2346,-12289.737305,-12321.639648,31.902344
2347,-11011.400391,-11002.265625,9.134766
2348,-10921.833984,-10904.353516,17.480469
2349,-11476.972656,-11477.329102,0.356445
2350,-12394.014648,-12384.028320,9.986328
2351,-10500.515625,-10500.247070,0.268555
2352,-9437.529297,-9430.901367,6.627930
2353,-10913.162109,-10961.196289,48.034180
2354,-11338.858398,-11339.361328,0.502930
2355,-11959.958008,-11946.513672,13.444336
2356,-11001.099609,-11001.582031,0.482422
2357,-10898.853516,-10877.700195,21.153320
2358,-10944.612305,-10938.229492,6.382812
2359,-11003.114258,-11002.408203,0.706055
2360,-12334.642578,-12353.086914,18.444336
2361,-11429.154297,-11439.260742,10.106445
2362,-11362.454102,-11342.180664,20.273438
2363,-11382.937500,-11373.987305,8.950195
2364,-11249.107422,-11285.538086,36.430664
2365,-10365.084961,-10359.668945,5.416016
2366,-10974.058594,-10970.684570,3.374023
2367,-10898.832031,-10901.631836,2.799805
2368,-10896.468750,-10903.516602,7.047852
2369,-11009.324219,-11004.581055,4.743164
2370,-8511.509766,-8232.683594,278.826172
2371,-10532.759766,-10532.524414,0.235352
2372,-10767.083984,-10813.263672,46.179688
2373,-12539.333984,-12554.533203,15.199219
2374,-11541.845703,-11544.851562,3.005859
2375,-10500.353516,-10500.391602,0.038086
2376,-11440.698242,-11445.133789,4.435547
2377,-12494.659180,-12489.737305,4.921875
2378,-10325.304688,-10304.574219,20.730469
2379,-10971.148438,-10971.163086,0.014648
2380,-10462.492188,-10474.406250,11.914062
2381,-9452.343750,-9429.571289,22.772461
2382,-10538.601562,-10532.894531,5.707031
2383,-11418.092773,-11403.658203,14.434570
2384,-11455.872070,-11443.554688,12.317383
2385,-10983.796875,-10969.791992,14.004883
2386,-11812.961914,-11811.979492,0.982422
2387,-12790.662109,-12790.126953,0.535156
2388,-10867.583984,-10832.241211,35.342773
2389,-13869.763672,-13937.680664,67.916992
2390,-8495.193359,-8460.155273,35.038086
2391,-11981.436523,-11981.416016,0.020508
2392,-11960.490234,-11946.910156,13.580078
2393,-11944.993164,-11947.379883,2.386719
2394,-10940.972656,-10939.823242,1.149414
2395,-10568.230469,-10565.841797,2.388672
2396,-11381.813477,-11374.257812,7.555664
2397,-11003.937500,-11002.711914,1.225586
2398,-11508.929688,-11511.318359,2.388672
2399,-11544.031250,-11542.755859,1.275391
2400,-11380.021484,-11375.156250,4.865234
2401,-10502.453125,-10499.800781,2.652344
2402,-10512.177734,-10507.328125,4.849609
2403,-11953.847656,-11947.461914,6.385742
2404,-10887.114258,-10912.175781,25.061523
2405,-10433.273438,-10441.629883,8.356445
2406,-11385.855469,-11372.772461,13.083008
2407,-10513.280273,-10500.026367,13.253906
2408,-11506.463867,-11510.875000,4.411133
2409,-11542.113281,-11543.832031,1.718750
2410,-11874.880859,-11881.402344,6.521484
2411,-9916.773438,-9901.576172,15.197266
2412,-10469.114258,-10464.879883,4.234375
2413,-11971.568359,-11978.383789,6.815430
2414,-11945.233398,-11949.155273,3.921875
2415,-10498.729492,-10499.147461,0.417969
2416,-10945.876953,-10937.190430,8.686523
2417,-10937.760742,-10935.197266,2.563477
2418,-12370.096680,-12353.458984,16.637695
2419,-11951.194336,-11947.825195,3.369141
2420,-9452.142578,-9521.471680,69.329102
2421,-11873.581055,-11915.925781,42.344727
2422,-11891.479492,-11881.683594,9.795898
2423,-10507.090820,-10499.850586,7.240234
2424,-12352.799805,-12353.316406,0.516602
2425,-9929.507812,-9931.530273,2.022461
2426,-9979.329102,-9958.879883,20.449219
2427,-11476.568359,-11478.644531,2.076172
2428,-12824.053711,-12904.213867,80.160156
2429,-11910.438477,-11914.866211,4.427734
2430,-11820.371094,-11812.029297,8.341797
2431,-12403.586914,-12417.335938,13.749023
2432,-10995.738281,-11001.312500,5.574219
2433,-11947.461914,-11947.876953,0.415039
2434,-10942.375977,-10935.464844,6.911133
2435,-9912.860352,-9892.883789,19.976562
2436,-11915.934570,-11915.108398,0.826172
2437,-11510.208008,-11512.256836,2.048828
2438,-9525.119141,-9521.178711,3.940430
2439,-10933.243164,-10934.988281,1.745117
2440,-12914.656250,-12926.534180,11.877930
2441,-11378.282227,-11374.331055,3.951172
2442,-11003.018555,-11000.957031,2.061523
2443,-12484.052734,-12486.655273,2.602539
2444,-9997.612305,-9993.665039,3.947266
2445,-11505.125977,-11510.375000,5.249023
2446,-12218.250977,-12248.125977,29.875000
2447,-10563.021484,-10565.451172,2.429688
2448,-11945.482422,-11947.840820,2.358398
2449,-10846.491211,-10839.861328,6.629883
2450,-9983.877930,-9959.505859,24.372070
2451,-10535.296875,-10532.255859,3.041016
2452,-11040.265625,-11036.745117,3.520508
2453,-12455.580078,-12455.194336,0.385742
2454,-10942.805664,-10937.593750,5.211914
2455,-11657.671875,-11675.609375,17.937500
2456,-10985.486328,-10970.502930,14.983398
2457,-9504.953125,-9489.267578,15.685547
2458,-12468.910156,-12488.641602,19.731445
2459,-10378.197266,-10364.093750,14.103516
2460,-12452.696289,-12454.799805,2.103516
2461,-12168.083008,-12215.931641,47.848633
2462,-10328.132812,-10339.065430,10.932617
2463,-11919.308594,-11915.990234,3.318359
2464,-9442.649414,-9429.721680,12.927734
2465,-11539.365234,-11542.636719,3.271484
2466,-13304.753906,-13364.418945,59.665039
2467,-10469.998047,-10466.097656,3.900391
2468,-10381.649414,-10362.972656,18.676758
2469,-11917.633789,-11914.286133,3.347656
2470,-11372.580078,-11374.872070,2.291992
2471,-10993.126953,-11001.701172,8.574219
2472,-12481.202148,-12486.094727,4.892578
2473,-11544.607422,-11544.869141,0.261719
2474,-10566.331055,-10566.538086,0.207031
2475,-10930.069336,-10935.897461,5.828125
2476,-11919.747070,-11915.436523,4.310547
2477,-12552.576172,-12554.194336,1.618164
2478,-12348.109375,-12353.844727,5.735352
2479,-12525.925781,-12520.623047,5.302734
2480,-13164.199219,-13223.509766,59.310547
2481,-12883.309570,-12926.954102,43.644531
2482,-10884.827148,-10879.588867,5.238281
2483,-11942.461914,-11944.385742,1.923828
2484,-11950.334961,-11948.231445,2.103516
2485,-12861.638672,-12902.931641,41.292969
2486,-11590.574219,-11609.138672,18.564453
2487,-12470.965820,-12486.765625,15.799805
2488,-9945.049805,-9924.172852,20.876953
2489,-11783.492188,-11811.325195,27.833008
2490,-8573.203125,-8584.940430,11.737305
2491,-10596.197266,-10598.397461,2.200195
2492,-12956.386719,-12960.485352,4.098633
2493,-10007.308594,-9989.996094,17.312500
2494,-11868.389648,-11845.147461,23.242188
2495,-10499.064453,-10500.174805,1.110352
2496,-10402.548828,-10397.375977,5.172852
2497,-10969.347656,-10970.786133,1.438477
2498,-11368.988281,-11374.403320,5.415039
2499,-10603.495117,-10599.455078,4.040039
2500,-9546.371094,-9522.070312,24.300781
2501,-7520.171875,-7483.472168,36.699707
2502,-10560.891602,-10565.705078,4.813477
2503,-9478.675781,-9496.667969,17.992188
2504,-11414.766602,-11407.578125,7.188477
2505,-12403.982422,-12384.819336,19.163086
2506,-7350.578125,-7349.719727,0.858398
2507,-11971.305664,-11980.038086,8.732422
2508,-9596.428711,-9587.621094,8.807617
2509,-9324.752930,-9236.274414,88.478516
2510,-11950.763672,-11949.125977,1.637695
2511,-9572.453125,-9556.389648,16.063477
2512,-11473.210938,-11477.909180,4.698242
2513,-7591.985352,-7754.269043,162.283691
2514,-11504.500000,-11511.163086,6.663086
2515,-9973.820312,-9959.220703,14.599609
2516,-10970.019531,-10968.416992,1.602539
2517,-11678.521484,-11675.631836,2.889648
2518,-9520.656250,-9496.276367,24.379883
2519,-10532.272461,-10534.521484,2.249023
2520,-10943.414062,-10934.221680,9.192383
2521,-12549.239258,-12553.428711,4.189453
2522,-11469.125977,-11477.901367,8.775391
2523,-11479.530273,-11478.750977,0.779297
2524,-11471.889648,-11478.527344,6.637695
2525,-9971.508789,-9958.570312,12.938477
2526,-10531.822266,-10533.592773,1.770508
2527,-11517.919922,-11510.884766,7.035156
2528,-10499.387695,-10499.851562,0.463867
2529,-12342.950195,-12354.417969,11.467773
2530,-10966.139648,-10968.948242,2.808594
2531,-10876.377930,-10847.523438,28.854492
2532,-11518.032227,-11512.750000,5.282227
2533,-11019.471680,-11036.695312,17.223633
2534,-10982.401367,-10972.034180,10.367188
2535,-11519.238281,-11512.167969,7.070312
2536,-11380.162109,-11371.098633,9.063477
2537,-10997.708984,-11001.892578,4.183594
2538,-11401.182617,-11406.940430,5.757812
2539,-12356.621094,-12352.037109,4.583984
2540,-10561.791016,-10566.096680,4.305664
2541,-11511.734375,-11510.701172,1.033203
2542,-10546.078125,-10532.845703,13.232422
2543,-10395.931641,-10409.791992,13.860352
2544,-9905.539062,-9901.312500,4.226562
2545,-10948.288086,-10938.122070,10.166016
2546,-12486.718750,-12486.626953,0.091797
2547,-10930.506836,-10936.823242,6.316406
2548,-11543.413086,-11541.853516,1.559570
2549,-11809.838867,-11812.856445,3.017578
2550,-10301.478516,-10395.044922,93.566406
2551,-11945.200195,-11947.811523,2.611328
2552,-9503.806641,-9497.500977,6.305664
2553,-10971.391602,-10970.258789,1.132812
2554,-11950.575195,-11948.672852,1.902344
2555,-10969.952148,-10971.669922,1.717773
2556,-10999.143555,-11001.345703,2.202148
2557,-13559.580078,-13532.414062,27.166016
2558,-11955.204102,-11948.310547,6.893555
2559,-11250.395508,-11272.888672,22.493164
2560,-9917.227539,-9901.346680,15.880859
2561,-11534.652344,-11543.428711,8.776367
2562,-11938.290039,-11946.155273,7.865234
2563,-10909.159180,-10909.718750,0.559570
2564,-11946.151367,-11945.014648,1.136719
2565,-11001.787109,-11001.608398,0.178711
2566,-8515.780273,-8519.828125,4.047852
2567,-11835.841797,-11810.470703,25.371094
2568,-11389.291016,-11407.579102,18.288086
2569,-12005.500977,-12014.435547,8.934570
2570,-11542.125000,-11542.666992,0.541992
2571,-10867.890625,-10879.876953,11.986328
2572,-10349.560547,-10339.197266,10.363281
2573,-9893.032227,-9810.709961,82.322266
2574,-10951.944336,-10938.671875,13.272461
2575,-11313.518555,-11341.179688,27.661133
2576,-10935.418945,-10937.246094,1.827148
2577,-10568.059570,-10566.155273,1.904297
2578,-12729.245117,-12791.043945,61.798828
2579,-11816.817383,-11844.722656,27.905273
2580,-10408.586914,-10398.310547,10.276367
2581,-10503.543945,-10498.677734,4.866211
2582,-10436.390625,-10427.431641,8.958984
2583,-10308.869141,-10329.421875,20.552734
2584,-10570.780273,-10565.175781,5.604492
2585,-9754.537109,-9809.716797,55.179688
2586,-10982.703125,-10971.854492,10.848633
2587,-11266.032227,-11238.709961,27.322266
2588,-9558.440430,-9555.001953,3.438477
2589,-10805.401367,-10802.456055,2.945312
2590,-10860.001953,-10832.729492,27.272461
2591,-10566.387695,-10564.779297,1.608398
2592,-10969.591797,-10969.698242,0.106445
2593,-11537.375977,-11542.615234,5.239258
2594,-10858.210938,-10834.426758,23.784180
2595,-11932.681641,-11948.336914,15.655273
2596,-11409.325195,-11406.837891,2.487305
2597,-11665.547852,-11675.570312,10.022461
2598,-11964.305664,-11980.929688,16.624023
2599,-9999.765625,-9990.791016,8.974609
2600,-10360.631836,-10370.868164,10.236328
2601,-9577.445312,-9568.295898,9.149414
2602,-10905.451172,-10902.416016,3.035156
2603,-11565.953125,-11576.318359,10.365234
2604,-12618.194336,-12571.439453,46.754883
2605,-10945.613281,-10936.758789,8.854492
2606,-10925.661133,-10936.599609,10.938477
2607,-11919.508789,-11915.214844,4.293945
2608,-9913.822266,-9924.485352,10.663086
2609,-10957.935547,-10938.435547,19.500000
2610,-12780.623047,-12792.165039,11.541992
2611,-10438.941406,-10429.019531,9.921875
2612,-11947.348633,-11948.189453,0.840820
2613,-11001.961914,-11003.709961,1.748047
2614,-10913.178711,-10902.911133,10.267578
2615,-11004.235352,-11001.743164,2.492188
2616,-12026.501953,-12014.888672,11.613281
2617,-12488.471680,-12488.013672,0.458008
2618,-11392.613281,-11373.157227,19.456055
2619,-9349.084961,-9327.505859,21.579102
2620,-11916.981445,-11915.594727,1.386719
2621,-10995.000977,-11001.357422,6.356445
2622,-11330.869141,-11341.348633,10.479492
2623,-10971.421875,-10969.271484,2.150391
2624,-11595.568359,-11609.086914,13.518555
2625,-11932.196289,-11915.471680,16.724609
2626,-12002.832031,-12013.265625,10.433594
2627,-9979.124023,-9958.766602,20.357422
2628,-11379.188477,-11375.157227,4.031250
2629,-12400.415039,-12386.372070,14.042969
2630,-10975.333984,-10969.498047,5.835938
2631,-11978.315430,-11980.112305,1.796875
2632,-9950.711914,-9958.272461,7.560547
2633,-11351.223633,-11341.533203,9.690430
2634,-11948.079102,-11948.339844,0.260742
2635,-10788.849609,-10768.805664,20.043945
2636,-8437.169922,-8337.114258,100.055664
2637,-10944.247070,-10936.128906,8.118164
2638,-12496.791992,-12489.255859,7.536133
2639,-9293.445312,-9290.865234,2.580078
2640,-10345.052734,-10330.998047,14.054688
2641,-11911.778320,-11914.133789,2.355469
2642,-11946.670898,-11947.794922,1.124023
2643,-10356.999023,-10365.102539,8.103516
2644,-11955.053711,-11947.686523,7.367188
2645,-10432.117188,-10427.965820,4.151367
2646,-11826.495117,-11811.720703,14.774414
2647,-12951.087891,-12958.249023,7.161133
2648,-9974.675781,-9958.052734,16.623047
2649,-12476.535156,-12488.220703,11.685547
2650,-10974.509766,-10967.916016,6.593750
2651,-12484.136719,-12488.665039,4.528320
2652,-11951.714844,-11947.957031,3.757812
2653,-11366.256836,-11374.211914,7.955078
2654,-12563.377930,-12570.833008,7.455078
2655,-11521.969727,-11510.641602,11.328125
2656,-11010.330078,-11004.553711,5.776367
2657,-9571.259766,-9554.599609,16.660156
2658,-11415.300781,-11406.416016,8.884766
2659,-10516.572266,-10502.383789,14.188477
2660,-10969.803711,-10969.358398,0.445312
2661,-11241.689453,-11237.407227,4.282227
2662,-11005.875977,-11001.886719,3.989258
2663,-11900.231445,-11877.676758,22.554688
2664,-10934.791992,-10936.256836,1.464844
2665,-11927.961914,-11916.010742,11.951172
2666,-11913.362305,-11915.137695,1.775391
2667,-10931.594727,-10912.479492,19.115234
2668,-11527.448242,-11510.545898,16.902344
2669,-10524.991211,-10534.180664,9.189453
2670,-10532.032227,-10531.755859,0.276367
2671,-11907.656250,-11913.068359,5.412109
2672,-9535.439453,-9554.628906,19.189453
2673,-11787.375000,-11811.255859,23.880859
2674,-11804.416016,-11810.709961,6.293945
2675,-11990.734375,-11982.087891,8.646484
2676,-10973.679688,-10970.331055,3.348633
2677,-11535.748047,-11544.549805,8.801758
2678,-11571.632812,-11576.285156,4.652344
2679,-11895.611328,-11914.082031,18.470703
2680,-9339.119141,-9236.907227,102.211914
2681,-12969.046875,-12958.590820,10.456055
2682,-10605.406250,-10599.089844,6.316406
2683,-10974.529297,-10968.976562,5.552734
2684,-11406.263672,-11410.593750,4.330078
2685,-10941.482422,-10938.364258,3.118164
2686,-10909.947266,-10903.578125,6.369141
2687,-10480.968750,-10473.639648,7.329102
2688,-12924.832031,-12925.684570,0.852539
2689,-11386.377930,-11405.535156,19.157227
2690,-11919.439453,-11913.861328,5.578125
2691,-11427.666992,-11407.232422,20.434570
2692,-11572.647461,-11576.140625,3.493164
2693,-12397.460938,-12384.614258,12.846680
2694,-11006.000977,-10910.073242,95.927734
2695,-11537.008789,-11543.717773,6.708984
2696,-11512.414062,-11511.653320,0.760742
2697,-9555.737305,-9554.788086,0.949219
2698,-9569.727539,-9554.279297,15.448242
2699,-10795.072266,-10800.330078,5.257812
2700,-10416.507812,-10408.250000,8.257812
2701,-10488.141602,-10441.150391,46.991211
2702,-9992.816406,-9991.850586,0.965820
2703,-9959.878906,-9956.471680,3.407227
2704,-11399.704102,-11407.058594,7.354492
2705,-10475.673828,-10474.880859,0.792969
2706,-10538.772461,-10532.541016,6.231445
2707,-10945.319336,-10945.375000,0.055664
2708,-12910.330078,-12925.813477,15.483398
2709,-11954.844727,-11948.579102,6.265625
2710,-8922.425781,-8922.132812,0.292969
2711,-10940.597656,-10938.265625,2.332031
2712,-11438.036133,-11440.572266,2.536133
2713,-11342.070312,-11341.529297,0.541016
2714,-12906.915039,-12925.106445,18.191406
2715,-11920.807617,-11915.114258,5.693359
2716,-12550.865234,-12553.177734,2.312500
2717,-10932.011719,-10935.582031,3.570312
2718,-10945.121094,-10939.249023,5.872070
2719,-11481.603516,-11476.301758,5.301758
2720,-11395.563477,-11406.968750,11.405273
2721,-11961.353516,-11981.989258,20.635742
2722,-10979.155273,-10968.576172,10.579102
2723,-12323.338867,-12353.995117,30.656250
2724,-10531.858398,-10533.064453,1.206055
2725,-11543.357422,-11542.560547,0.796875
2726,-10336.408203,-10332.175781,4.232422
2727,-11847.413086,-11844.945312,2.467773
2728,-11439.370117,-11440.491211,1.121094
2729,-8494.330078,-8427.693359,66.636719
2730,-11490.210938,-11478.152344,12.058594
2731,-11519.208008,-11510.474609,8.733398
2732,-10506.296875,-10499.763672,6.533203
2733,-11905.050781,-11916.392578,11.341797
2734,-11532.116211,-11542.347656,10.231445
2735,-10924.785156,-10935.825195,11.040039
2736,-8400.427734,-8324.150391,76.277344
2737,-11543.369141,-11543.552734,0.183594
2738,-9497.142578,-9463.000000,34.142578
2739,-10504.914062,-10498.835938,6.078125
2740,-10532.598633,-10533.024414,0.425781
2741,-7574.779785,-7448.638672,126.141113
2742,-10976.333008,-10967.751953,8.581055
2743,-11506.379883,-11511.616211,5.236328
2744,-10868.459961,-10872.981445,4.521484
2745,-10565.547852,-10566.262695,0.714844
2746,-10604.010742,-10598.192383,5.818359
2747,-11944.907227,-11948.221680,3.314453
2748,-10506.407227,-10498.048828,8.358398
2749,-11955.261719,-11948.149414,7.112305
2750,-10902.118164,-10879.572266,22.545898
2751,-10335.512695,-10305.143555,30.369141
2752,-10936.249023,-10935.322266,0.926758
2753,-10941.732422,-10936.218750,5.513672
2754,-11538.562500,-11543.459961,4.897461
2755,-11787.708984,-11813.788086,26.079102
2756,-10996.007812,-11001.048828,5.041016
2757,-10372.016602,-10364.329102,7.687500
2758,-12739.232422,-12787.984375,48.751953
2759,-10570.821289,-10564.529297,6.291992
2760,-11994.510742,-11978.204102,16.306641
2761,-9954.033203,-9958.431641,4.398438
2762,-11509.093750,-11510.899414,1.805664
2763,-12390.796875,-12385.119141,5.677734
2764,-8931.271484,-8921.989258,9.282227
2765,-10531.995117,-10532.086914,0.091797
2766,-11002.075195,-11000.495117,1.580078
2767,-10574.183594,-10566.431641,7.751953
2768,-12346.371094,-12354.295898,7.924805
2769,-10835.486328,-10835.442383,0.043945
2770,-11950.833984,-11948.994141,1.839844
2771,-10529.982422,-10533.487305,3.504883
2772,-11969.947266,-11981.993164,12.045898
2773,-9350.269531,-8452.380859,897.888672
2774,-11568.915039,-11576.906250,7.991211
2775,-11006.646484,-11001.488281,5.158203
2776,-9484.328125,-9302.630859,181.697266
2777,-10514.244141,-10498.810547,15.433594
2778,-12110.831055,-12145.211914,34.380859
2779,-12396.332031,-12386.193359,10.138672
2780,-12929.738281,-12958.605469,28.867188
2781,-11504.682617,-11508.862305,4.179688
2782,-11558.630859,-11577.538086,18.907227
2783,-10495.361328,-10499.833008,4.471680
2784,-8516.396484,-8519.961914,3.565430
2785,-12507.670898,-12521.450195,13.779297
2786,-12513.668945,-12521.199219,7.530273
2787,-11243.653320,-11238.838867,4.814453
2788,-12363.527344,-12351.662109,11.865234
2789,-13312.422852,-13364.036133,51.613281
2790,-10843.236328,-10845.142578,1.906250
2791,-11826.430664,-11844.460938,18.030273
2792,-11284.118164,-11236.973633,47.144531
2793,-11826.600586,-11810.208984,16.391602
2794,-11444.261719,-11445.554688,1.292969
2795,-11515.244141,-11510.106445,5.137695
2796,-9490.855469,-9455.760742,35.094727
2797,-10464.720703,-10468.632812,3.912109
2798,-10818.150391,-10764.996094,53.154297
2799,-12818.330078,-12789.243164,29.086914
2800,-12875.137695,-12894.006836,18.869141
2801,-10895.450195,-10844.802734,50.647461
2802,-10538.166016,-10533.298828,4.867188
2803,-10721.090820,-10744.290039,23.199219
2804,-12502.173828,-12490.327148,11.846680
2805,-9546.582031,-9522.442383,24.139648
2806,-9967.455078,-9960.405273,7.049805
2807,-10942.742188,-10938.010742,4.731445
2808,-10562.982422,-10566.193359,3.210938
2809,-10933.287109,-10912.230469,21.056641
2810,-12379.455078,-12386.504883,7.049805
2811,-9377.835938,-9326.137695,51.698242
2812,-11359.009766,-11339.896484,19.113281
2813,-11986.128906,-11948.684570,37.444336
2814,-11537.953125,-11541.672852,3.719727
2815,-11543.169922,-11542.490234,0.679688
2816,-10926.745117,-10936.791992,10.046875
2817,-8872.706055,-8863.562500,9.143555
2818,-11475.315430,-11479.407227,4.091797
2819,-11954.974609,-11949.103516,5.871094
2820,-11944.436523,-11946.691406,2.254883
2821,-10940.426758,-10935.455078,4.971680
2822,-11325.313477,-11270.176758,55.136719
2823,-11537.596680,-11543.782227,6.185547
2824,-9883.750000,-9901.092773,17.342773
2825,-11916.298828,-11915.687500,0.611328
2826,-11002.229492,-11002.922852,0.693359
2827,-11572.495117,-11576.900391,4.405273
2828,-10591.402344,-10598.807617,7.405273
2829,-11947.885742,-11947.970703,0.084961
2830,-10500.994141,-10500.141602,0.852539
2831,-12522.933594,-12520.515625,2.417969
2832,-9437.782227,-9429.597656,8.184570
2833,-10584.035156,-10565.151367,18.883789
2834,-10435.833984,-10427.132812,8.701172
2835,-11509.034180,-11509.410156,0.375977
2836,-10967.733398,-10968.081055,0.347656
2837,-10915.197266,-10911.329102,3.868164
2838,-12840.269531,-12860.526367,20.256836
2839,-11944.905273,-11948.882812,3.977539
2840,-13417.066406,-13444.412109,27.345703
2841,-11953.314453,-11947.728516,5.585938
2842,-10999.327148,-11003.862305,4.535156
2843,-9514.097656,-9496.829102,17.268555
2844,-11950.632812,-11947.264648,3.368164
2845,-11808.878906,-11812.428711,3.549805
2846,-11376.549805,-11373.357422,3.192383
2847,-12359.423828,-12350.261719,9.162109
2848,-9589.351562,-9555.833008,33.518555
2849,-9317.493164,-9269.726562,47.766602
2850,-11565.251953,-11575.642578,10.390625
2851,-10479.079102,-10474.351562,4.727539
2852,-11928.348633,-11948.270508,19.921875
2853,-12516.742188,-12522.085938,5.343750
2854,-11513.639648,-11508.931641,4.708008
2855,-10831.653320,-10800.663086,30.990234
2856,-11242.554688,-11270.925781,28.371094
2857,-10376.125000,-10364.164062,11.960938
2858,-10353.336914,-10337.833984,15.502930
2859,-9505.285156,-9490.370117,14.915039
2860,-11915.221680,-11949.505859,34.284180
2861,-11539.768555,-11543.411133,3.642578
2862,-9541.038086,-9495.478516,45.559570
2863,-10460.865234,-10440.688477,20.176758
2864,-12014.067383,-12014.753906,0.686523
2865,-11520.485352,-11510.707031,9.778320
2866,-12528.427734,-12521.375000,7.052734
2867,-9532.940430,-9521.303711,11.636719
2868,-12341.399414,-12321.250000,20.149414
2869,-11507.649414,-11486.424805,21.224609
2870,-11608.489258,-11608.865234,0.375977
2871,-11278.458984,-11270.232422,8.226562
2872,-8410.862305,-8427.523438,16.661133
2873,-9250.913086,-9371.063477,120.150391
2874,-11504.274414,-11510.826172,6.551758
2875,-10745.840820,-10775.057617,29.216797
2876,-10535.540039,-10532.969727,2.570312
2877,-11911.619141,-11913.796875,2.177734
2878,-11549.151367,-11544.527344,4.624023
2879,-10910.363281,-10903.208984,7.154297
2880,-11943.651367,-11949.945312,6.293945
2881,-11250.321289,-11269.706055,19.384766
2882,-11511.258789,-11511.657227,0.398438
2883,-10942.289062,-10933.847656,8.441406
2884,-11571.363281,-11575.809570,4.446289
2885,-10933.166992,-10937.764648,4.597656
2886,-10972.723633,-10969.071289,3.652344
2887,-15302.188477,-15613.668945,311.480469
2888,-10973.306641,-10970.714844,2.591797
2889,-11505.570312,-11511.693359,6.123047
2890,-10513.208008,-10506.800781,6.407227
2891,-11913.857422,-11916.541016,2.683594
2892,-11342.586914,-11341.862305,0.724609
2893,-11525.839844,-11541.708984,15.869141
2894,-10515.393555,-10498.885742,16.507812
2895,-10515.445312,-10501.182617,14.262695
2896,-10474.500000,-10465.562500,8.937500
2897,-8496.948242,-8485.222656,11.725586
2898,-10577.498047,-10564.348633,13.149414
2899,-11482.661133,-11477.375977,5.285156
2900,-11945.800781,-11947.947266,2.146484
2901,-11333.647461,-11342.660156,9.012695
2902,-12959.754883,-12958.905273,0.849609
2903,-10941.091797,-10935.162109,5.929688
2904,-12506.531250,-12520.847656,14.316406
2905,-10872.762695,-10865.594727,7.167969
2906,-11424.389648,-11440.236328,15.846680
2907,-10979.672852,-10970.075195,9.597656
2908,-8641.027344,-8697.049805,56.022461
2909,-11536.824219,-11544.893555,8.069336
2910,-10932.902344,-10910.264648,22.637695
2911,-9480.305664,-9462.851562,17.454102
2912,-10530.704102,-10533.200195,2.496094
2913,-9947.680664,-9923.602539,24.078125
2914,-11820.211914,-11811.161133,9.050781
2915,-10513.181641,-10499.478516,13.703125
2916,-12744.176758,-12790.225586,46.048828
2917,-9495.050781,-9487.587891,7.462891
2918,-11960.088867,-11949.040039,11.048828
2919,-11547.661133,-11544.310547,3.350586
2920,-9368.388672,-9301.640625,66.748047
2921,-10531.841797,-10532.795898,0.954102
2922,-10900.715820,-10903.553711,2.837891
2923,-9530.493164,-9521.189453,9.303711
2924,-12528.646484,-12521.075195,7.571289
2925,-12192.799805,-12247.117188,54.317383
2926,-12356.437500,-12353.929688,2.507812
2927,-10990.994141,-10968.550781,22.443359
2928,-11613.539062,-11609.325195,4.213867
2929,-10914.346680,-10903.367188,10.979492
2930,-10963.258789,-10938.738281,24.520508
2931,-10551.493164,-10534.166992,17.326172
2932,-12347.656250,-12352.888672,5.232422
2933,-11508.865234,-11508.547852,0.317383
2934,-10535.931641,-10532.965820,2.965820
2935,-10968.425781,-10971.380859,2.955078
2936,-11397.697266,-11407.868164,10.170898
2937,-12438.256836,-12457.311523,19.054688
2938,-9537.091797,-9523.727539,13.364258
2939,-10567.736328,-10566.557617,1.178711
2940,-10460.075195,-10467.026367,6.951172
2941,-11117.599609,-11146.181641,28.582031
2942,-12367.037109,-12353.931641,13.105469
2943,-10850.289062,-10833.190430,17.098633
2944,-11356.938477,-11342.403320,14.535156
2945,-13461.122070,-13499.001953,37.879883
2946,-11508.830078,-11511.235352,2.405273
2947,-10996.111328,-11001.703125,5.591797
2948,-10909.537109,-10906.108398,3.428711
2949,-10509.438477,-10500.023438,9.415039
2950,-11936.773438,-11947.239258,10.465820
2951,-9126.903320,-8805.140625,321.762695
2952,-10919.319336,-10912.249023,7.070312
2953,-11941.952148,-11948.849609,6.897461
2954,-10591.020508,-10598.330078,7.309570
2955,-10939.004883,-10934.100586,4.904297
2956,-11418.812500,-11407.655273,11.157227
2957,-11545.028320,-11543.438477,1.589844
2958,-12481.274414,-12488.346680,7.072266
2959,-11509.886719,-11511.170898,1.284180
2960,-11336.411133,-11339.593750,3.182617
2961,-11391.348633,-11372.411133,18.937500
2962,-11368.198242,-11372.496094,4.297852
2963,-11944.075195,-11947.979492,3.904297
2964,-11480.631836,-11477.134766,3.497070
2965,-10000.849609,-9991.114258,9.735352
2966,-10971.541016,-10969.298828,2.242188
2967,-11385.948242,-11374.344727,11.603516
2968,-11326.481445,-11342.761719,16.280273
2969,-9611.318359,-9588.979492,22.338867
2970,-10973.605469,-10970.376953,3.228516
2971,-11256.081055,-11270.906250,14.825195
2972,-10971.476562,-10970.486328,0.990234
2973,-7882.111328,-7887.831543,5.720215
2974,-9560.426758,-9554.535156,5.891602
2975,-10470.308594,-10466.537109,3.771484
2976,-9903.614258,-9901.107422,2.506836
2977,-10997.492188,-11001.705078,4.212891
2978,-11341.446289,-11398.339844,56.893555
2979,-9400.977539,-9397.755859,3.221680
2980,-10545.121094,-10532.665039,12.456055
2981,-9892.757812,-9923.458008,30.700195
2982,-10550.992188,-10506.659180,44.333008
2983,-10573.803711,-10565.463867,8.339844
2984,-9948.410156,-9933.260742,15.149414
2985,-10939.934570,-10937.039062,2.895508
2986,-8448.115234,-8395.803711,52.311523
2987,-10959.188477,-10969.345703,10.157227
2988,-11508.246094,-11510.240234,1.994141
2989,-10372.336914,-10362.656250,9.680664
2990,-11915.448242,-11915.879883,0.431641
2991,-8938.446289,-8889.427734,49.018555
2992,-11476.183594,-11478.638672,2.455078
2993,-11540.868164,-11544.131836,3.263672
2994,-11362.350586,-11420.391602,58.041016
2995,-12348.077148,-12350.880859,2.803711
2996,-10835.458984,-10833.494141,1.964844
2997,-12961.353516,-12957.332031,4.021484
2998,-12467.086914,-12489.931641,22.844727
2999,-9516.310547,-9521.440430,5.129883
3000,-11365.688477,-11339.906250,25.782227
3001,-11387.829102,-11373.945312,13.883789
3002,-10937.702148,-10938.025391,0.323242
3003,-10599.250977,-10598.626953,0.624023
3004,-10934.319336,-10936.490234,2.170898
3005,-10566.853516,-10565.173828,1.679688
3006,-11910.090820,-11913.258789,3.167969
3007,-10996.871094,-11002.708984,5.837891
3008,-11943.640625,-11945.103516,1.462891
3009,-11468.429688,-11477.455078,9.025391
3010,-11945.079102,-11947.472656,2.393555
3011,-10510.692383,-10499.772461,10.919922
3012,-8935.900391,-8924.485352,11.415039
3013,-11540.154297,-11543.620117,3.465820
3014,-11948.568359,-11947.577148,0.991211
3015,-11912.163086,-11915.753906,3.590820
3016,-11948.539062,-11948.578125,0.039062
3017,-10315.500977,-10327.459961,11.958984
3018,-12377.850586,-12386.438477,8.587891
3019,-11541.415039,-11542.905273,1.490234
3020,-11497.182617,-11509.487305,12.304688
3021,-7876.887695,-7853.954102,22.933594
3022,-10033.558594,-10025.998047,7.560547
3023,-11544.471680,-11543.851562,0.620117
3024,-11507.549805,-11510.508789,2.958984
3025,-10947.213867,-10937.120117,10.093750
3026,-10542.938477,-10534.629883,8.308594
3027,-11516.758789,-11509.125000,7.633789
3028,-11972.251953,-11981.385742,9.133789
3029,-10935.736328,-10936.909180,1.172852
3030,-11425.310547,-11451.983398,26.672852
3031,-11509.011719,-11511.454102,2.442383
3032,-11534.689453,-11542.007812,7.318359
3033,-11549.625000,-11544.038086,5.586914
3034,-9565.633789,-9554.343750,11.290039
3035,-11412.985352,-11406.440430,6.544922
3036,-9470.260742,-9488.488281,18.227539
3037,-8141.582031,-6346.170898,1795.411133
3038,-12301.926758,-12373.375977,71.449219
3039,-11538.136719,-11543.408203,5.271484
3040,-11568.851562,-11576.104492,7.252930
3041,-11383.452148,-11374.332031,9.120117
3042,-10974.261719,-10968.807617,5.454102
3043,-11670.875977,-11825.421875,154.545898
3044,-12524.751953,-12522.467773,2.284180
3045,-11979.499023,-11979.639648,0.140625
3046,-10465.772461,-10473.879883,8.107422
3047,-10911.617188,-10904.172852,7.444336
3048,-10916.794922,-10906.572266,10.222656
3049,-14126.204102,-14202.466797,76.262695
3050,-9630.044922,-9620.889648,9.155273
3051,-11377.518555,-11373.306641,4.211914
3052,-11382.247070,-11373.623047,8.624023
3053,-11362.214844,-11453.245117,91.030273
3054,-12693.305664,-12787.973633,94.667969
3055,-11519.149414,-11542.203125,23.053711
3056,-10518.664062,-10532.293945,13.629883
3057,-12489.923828,-12488.051758,1.872070
3058,-11456.182617,-11439.494141,16.688477
3059,-10565.686523,-10566.044922,0.358398
3060,-10813.541016,-10847.927734,34.386719
3061,-8433.423828,-8486.578125,53.154297
3062,-14553.507812,-14637.000000,83.492188
3063,-10536.167969,-10533.236328,2.931641
3064,-10413.678711,-10396.145508,17.533203
3065,-10818.114258,-10837.929688,19.815430
3066,-12176.890625,-12215.741211,38.850586
3067,-9506.446289,-9464.926758,41.519531
3068,-10497.863281,-10498.686523,0.823242
3069,-10940.332031,-10936.976562,3.355469
3070,-11533.917969,-11544.626953,10.708984
3071,-15183.353516,-15460.208008,276.854492
3072,-10530.662109,-10532.886719,2.224609
3073,-10994.633789,-11001.138672,6.504883
3074,-11883.786133,-11914.182617,30.396484
3075,-12374.792969,-12351.909180,22.883789
3076,-9554.945312,-9553.881836,1.063477
3077,-12849.927734,-12855.876953,5.949219
3078,-12776.222656,-12820.302734,44.080078
3079,-12366.592773,-12382.445312,15.852539
3080,-10843.684570,-10832.524414,11.160156
3081,-11477.814453,-11475.940430,1.874023
3082,-10406.259766,-10395.965820,10.293945
3083,-11002.436523,-11003.745117,1.308594
3084,-9482.881836,-9438.955078,43.926758
3085,-11484.689453,-11478.600586,6.088867
3086,-12966.837891,-12991.558594,24.720703
3087,-11419.004883,-11408.972656,10.032227
3088,-7619.178711,-7449.341797,169.836914
3089,-10632.125000,-10631.789062,0.335938
3090,-12894.445312,-12891.790039,2.655273
3091,-11531.403320,-11543.666992,12.263672
3092,-11482.843750,-11479.819336,3.024414
3093,-9869.274414,-9869.153320,0.121094
3094,-10537.991211,-10532.771484,5.219727
3095,-9457.522461,-9405.003906,52.518555
3096,-12840.743164,-12891.301758,50.558594
3097,-12889.219727,-12891.820312,2.600586
3098,-12430.848633,-12457.319336,26.470703
3099,-10935.517578,-10936.852539,1.334961
3100,-10538.210938,-10533.439453,4.771484
3101,-11949.643555,-11947.305664,2.337891
3102,-7783.404785,-7821.307617,37.902832
3103,-10526.050781,-10475.792969,50.257812
3104,-13305.490234,-13871.909180,566.418945
3105,-12158.893555,-12150.783203,8.110352
3106,-11501.926758,-11510.409180,8.482422
3107,-11542.735352,-11542.605469,0.129883
3108,-11536.634766,-11543.416016,6.781250
3109,-13501.013672,-13548.284180,47.270508
3110,-12397.560547,-12385.767578,11.792969
3111,-10968.806641,-10968.478516,0.328125
3112,-11473.028320,-11478.652344,5.624023
3113,-13786.233398,-13880.080078,93.846680
3114,-11513.845703,-11511.614258,2.231445
3115,-10571.710938,-10565.092773,6.618164
3116,-10914.757812,-10905.237305,9.520508
3117,-10327.328125,-10329.163086,1.834961
3118,-11246.484375,-11269.852539,23.368164
3119,-11382.543945,-11373.967773,8.576172
3120,-10839.727539,-10832.535156,7.192383
3121,-12786.801758,-12823.488281,36.686523
3122,-9371.330078,-9358.476562,12.853516
3123,-11345.807617,-11341.880859,3.926758
3124,-11540.662109,-11542.694336,2.032227
3125,-11857.671875,-11810.633789,47.038086
3126,-10505.638672,-10499.179688,6.458984
3127,-10504.389648,-10473.741211,30.648438
3128,-11899.223633,-11883.256836,15.966797
3129,-11952.447266,-11948.207031,4.240234
3130,-9871.500000,-9837.028320,34.471680
3131,-9456.444336,-9430.254883,26.189453
3132,-10967.382812,-10970.410156,3.027344
3133,-11158.017578,-11211.561523,53.543945
3134,-10873.709961,-10878.625977,4.916016
3135,-10934.318359,-10936.471680,2.153320
3136,-11505.853516,-11512.026367,6.172852
3137,-8418.791992,-8393.020508,25.771484
3138,-11534.504883,-11544.601562,10.096680
3139,-11855.641602,-11915.393555,59.751953
3140,-10934.749023,-10912.095703,22.653320
3141,-12391.885742,-12385.321289,6.564453
3142,-11493.328125,-11511.583008,18.254883
3143,-11771.450195,-11779.292969,7.842773
3144,-11509.094727,-11510.482422,1.387695
3145,-12406.891602,-12385.861328,21.030273
3146,-10990.416992,-11001.611328,11.194336
3147,-10944.285156,-10935.732422,8.552734
3148,-11928.719727,-11916.093750,12.625977
3149,-13080.205078,-12431.176758,649.028320
3150,-10495.692383,-10499.296875,3.604492
3151,-10923.427734,-10938.344727,14.916992
3152,-10835.137695,-10832.158203,2.979492
3153,-11515.467773,-11509.644531,5.823242
3154,-11357.143555,-11374.810547,17.666992
3155,-8843.145508,-8857.155273,14.009766
3156,-10510.769531,-10499.554688,11.214844
3157,-12486.665039,-12488.584961,1.919922
3158,-10973.857422,-10968.635742,5.221680
3159,-12811.628906,-12821.394531,9.765625
3160,-11937.863281,-11946.899414,9.036133
3161,-11379.393555,-11373.926758,5.466797
3162,-12215.839844,-12247.368164,31.528320
3163,-10011.447266,-9990.849609,20.597656
3164,-10941.032227,-10934.299805,6.732422
3165,-11501.794922,-11509.571289,7.776367
3166,-11500.286133,-11509.179688,8.893555
3167,-9379.548828,-9407.237305,27.688477
3168,-9542.645508,-9529.518555,13.126953
3169,-10565.166992,-10566.106445,0.939453
3170,-12262.155273,-12215.947266,46.208008
3171,-10938.901367,-10937.966797,0.934570
3172,-12250.768555,-12216.496094,34.272461
3173,-12884.723633,-12894.268555,9.544922
3174,-11288.330078,-11270.442383,17.887695
3175,-8514.623047,-8519.372070,4.749023
3176,-9507.250000,-9496.247070,11.002930
3177,-12370.863281,-12385.352539,14.489258
3178,-10970.045898,-10970.263672,0.217773
3179,-10436.913086,-10434.992188,1.920898
3180,-9345.307617,-9379.471680,34.164062
3181,-11006.498047,-11002.872070,3.625977
3182,-10532.384766,-10532.140625,0.244141
3183,-12263.876953,-12431.206055,167.329102
3184,-10542.516602,-10532.048828,10.467773
3185,-10484.770508,-10474.125977,10.644531
3186,-11170.979492,-11203.635742,32.656250
3187,-12331.927734,-12353.023438,21.095703
3188,-9856.222656,-9867.916016,11.693359
3189,-10536.709961,-10532.970703,3.739258
3190,-11724.018555,-11746.172852,22.154297
3191,-11378.085938,-11374.644531,3.441406
3192,-10945.298828,-10937.224609,8.074219
3193,-11835.529297,-11825.672852,9.856445
3194,-8072.648926,-7416.485352,656.163574
3195,-10567.726562,-10566.166992,1.559570
3196,-10947.393555,-10934.571289,12.822266
3197,-11761.280273,-11744.565430,16.714844
3198,-10530.548828,-10533.099609,2.550781
3199,-9980.876953,-9959.442383,21.434570
3200,-10939.755859,-10936.452148,3.303711
3201,-11505.119141,-11510.513672,5.394531
3202,-10465.912109,-10440.435547,25.476562
3203,-10503.111328,-10498.708984,4.402344
3204,-12796.891602,-12791.923828,4.967773
3205,-10514.196289,-10499.010742,15.185547
3206,-10895.009766,-10903.013672,8.003906
3207,-10966.189453,-10969.608398,3.418945
3208,-9555.527344,-9555.124023,0.403320
3209,-9292.673828,-9294.646484,1.972656
3210,-12400.212891,-12417.072266,16.859375
3211,-10856.319336,-10870.935547,14.616211
3212,-11823.475586,-11845.144531,21.668945
3213,-11537.971680,-11545.228516,7.256836
3214,-11223.997070,-11238.027344,14.030273
3215,-12366.102539,-12352.475586,13.626953
3216,-10933.926758,-10937.324219,3.397461
3217,-10907.536133,-10903.575195,3.960938
3218,-11659.207031,-11675.022461,15.815430
3219,-10462.556641,-10464.512695,1.956055
3220,-7316.572754,-7221.797852,94.774902
3221,-9855.339844,-9866.013672,10.673828
3222,-10532.019531,-10531.916992,0.102539
3223,-10501.276367,-10500.505859,0.770508
3224,-11436.886719,-11440.340820,3.454102
3225,-12576.728516,-12586.296875,9.568359
3226,-9906.905273,-9898.475586,8.429688
3227,-6830.727051,-6693.548340,137.178711
3228,-9592.738281,-9587.520508,5.217773
3229,-14261.239258,-14482.785156,221.545898
3230,-12221.234375,-12249.875977,28.641602
3231,-11358.745117,-11373.916992,15.171875
3232,-11947.410156,-11946.541016,0.869141
3233,-10942.350586,-10935.619141,6.731445
3234,-10571.416016,-10565.119141,6.296875
3235,-11368.838867,-11376.763672,7.924805
3236,-9224.516602,-9238.302734,13.786133
3237,-14278.015625,-14421.514648,143.499023
3238,-11914.049805,-11915.412109,1.362305
3239,-10464.166016,-10466.445312,2.279297
3240,-9478.287109,-9455.688477,22.598633
3241,-11847.795898,-11845.213867,2.582031
3242,-10353.554688,-10362.351562,8.796875
3243,-8967.257812,-8923.808594,43.449219
3244,-11275.198242,-11284.950195,9.751953
3245,-11497.106445,-11511.427734,14.321289
3246,-11407.819336,-11373.806641,34.012695
3247,-11339.207031,-11335.437500,3.769531
3248,-11950.938477,-11945.076172,5.862305
3249,-10808.834961,-10846.658203,37.823242
3250,-11542.000000,-11543.174805,1.174805
3251,-8960.186523,-8896.908203,63.278320
3252,-11797.909180,-11813.416992,15.507812
3253,-10984.632812,-10968.494141,16.138672
3254,-11809.137695,-11811.028320,1.890625
3255,-10968.762695,-10969.033203,0.270508
3256,-11543.323242,-11544.880859,1.557617
3257,-10388.002930,-10362.576172,25.426758
3258,-6571.307129,-6785.388672,214.081543
3259,-11514.117188,-11509.851562,4.265625
3260,-10370.564453,-10365.186523,5.377930
3261,-10925.655273,-10936.955078,11.299805
3262,-6893.451172,-6815.876465,77.574707
3263,-11284.017578,-11303.475586,19.458008
3264,-12341.346680,-12320.987305,20.359375
3265,-9491.206055,-9488.447266,2.758789
3266,-10370.276367,-10365.501953,4.774414
3267,-11380.747070,-11374.270508,6.476562
3268,-10613.363281,-10598.320312,15.042969
3269,-10458.055664,-10466.740234,8.684570
3270,-9464.728516,-9463.679688,1.048828
3271,-12376.496094,-12349.999023,26.497070
3272,-9930.432617,-9934.324219,3.891602
3273,-13871.549805,-13873.048828,1.499023
3274,-10376.884766,-10395.930664,19.045898
3275,-10801.050781,-10802.272461,1.221680
3276,-11568.921875,-11576.854492,7.932617
3277,-10976.414062,-10971.190430,5.223633
3278,-11006.007812,-11001.500977,4.506836
3279,-11949.007812,-11949.188477,0.180664
3280,-9908.166016,-9895.558594,12.607422
3281,-9544.788086,-9438.704102,106.083984
3282,-10409.236328,-10396.114258,13.122070
3283,-10326.717773,-10338.106445,11.388672
3284,-11380.815430,-11374.911133,5.904297
3285,-11447.287109,-11439.707031,7.580078
3286,-11538.470703,-11542.969727,4.499023
3287,-11544.598633,-11543.534180,1.064453
3288,-9604.356445,-9588.968750,15.387695
3289,-11546.519531,-11543.930664,2.588867
3290,-12462.735352,-12455.891602,6.843750
3291,-9607.961914,-9588.377930,19.583984
3292,-11411.165039,-11374.638672,36.526367
3293,-10605.116211,-10598.986328,6.129883
3294,-10397.656250,-10410.887695,13.231445
3295,-13017.865234,-13401.913086,384.047852
3296,-10492.064453,-10498.936523,6.872070
3297,-12263.331055,-12249.358398,13.972656
3298,-10371.109375,-10364.315430,6.793945
3299,-10961.474609,-10970.583008,9.108398
3300,-10564.609375,-10566.457031,1.847656
3301,-7818.263672,-7763.599121,54.664551
3302,-11802.598633,-11844.013672,41.415039
3303,-11570.192383,-11576.136719,5.944336
3304,-12433.718750,-12456.398438,22.679688
3305,-12419.338867,-12419.684570,0.345703
3306,-12343.761719,-12350.866211,7.104492
3307,-10347.716797,-10360.210938,12.494141
3308,-11894.335938,-11882.321289,12.014648
3309,-12480.471680,-12489.336914,8.865234
3310,-10972.032227,-10968.536133,3.496094
3311,-10905.958984,-10878.560547,27.398438
3312,-10335.335938,-10339.534180,4.198242
3313,-10936.921875,-10936.968750,0.046875
3314,-11370.031250,-11341.549805,28.481445
3315,-10535.934570,-10531.838867,4.095703
3316,-11487.941406,-11511.358398,23.416992
3317,-10477.200195,-10464.942383,12.257812
3318,-11477.676758,-11477.118164,0.558594
3319,-12924.716797,-12926.897461,2.180664
3320,-11516.650391,-11509.446289,7.204102
3321,-11361.803711,-11376.278320,14.474609
3322,-9570.438477,-9555.877930,14.560547
3323,-11424.619141,-11406.537109,18.082031
3324,-12928.117188,-12926.235352,1.881836
3325,-10969.471680,-10971.813477,2.341797
3326,-11962.075195,-11945.833008,16.242188
3327,-10410.032227,-10393.076172,16.956055
3328,-9483.429688,-9497.288086,13.858398
3329,-11924.679688,-11914.212891,10.466797
3330,-9950.467773,-9960.629883,10.162109
3331,-11916.387695,-11916.176758,0.210938
3332,-11946.731445,-11948.418945,1.687500
3333,-10041.159180,-9990.939453,50.219727
3334,-11921.278320,-11916.532227,4.746094
3335,-13426.800781,-13468.125977,41.325195
3336,-11354.400391,-11337.957031,16.443359
3337,-11512.634766,-11510.824219,1.810547
3338,-13330.386719,-13434.762695,104.375977
3339,-10940.626953,-10938.144531,2.482422
3340,-10352.009766,-10363.666016,11.656250
3341,-10872.147461,-10833.671875,38.475586
3342,-9235.595703,-9202.767578,32.828125
3343,-11542.000000,-11542.750000,0.750000
3344,-12515.636719,-12520.362305,4.725586
3345,-11565.054688,-11575.789062,10.734375
3346,-10410.868164,-10396.270508,14.597656
3347,-11956.495117,-11945.754883,10.740234
3348,-11972.480469,-11980.155273,7.674805
3349,-10444.707031,-10430.916016,13.791016
3350,-11542.833984,-11543.604492,0.770508
3351,-10839.085938,-10832.185547,6.900391
3352,-13486.024414,-13531.694336,45.669922
3353,-9577.104492,-9555.706055,21.398438
3354,-10481.961914,-10469.167969,12.793945
3355,-10592.946289,-10599.134766,6.188477
3356,-10929.933594,-10934.250977,4.317383
3357,-12205.736328,-12248.634766,42.898438
3358,-11891.661133,-11882.258789,9.402344
3359,-9457.833984,-9462.959961,5.125977
3360,-10412.235352,-10395.054688,17.180664
3361,-11341.726562,-11342.884766,1.158203
3362,-11003.791016,-11001.579102,2.211914
3363,-10573.513672,-10566.433594,7.080078
3364,-10014.895508,-10023.858398,8.962891
3365,-11511.413086,-11510.688477,0.724609
3366,-11563.142578,-11575.791016,12.648438
3367,-12514.905273,-12521.970703,7.065430
3368,-11359.491211,-11420.844727,61.353516
3369,-8421.844727,-8359.979492,61.865234
3370,-10507.042969,-10500.408203,6.634766
3371,-11375.857422,-11372.750000,3.107422
3372,-11849.561523,-11844.494141,5.067383
3373,-11478.677734,-11476.501953,2.175781
3374,-12533.808594,-12553.967773,20.159180
3375,-10571.122070,-10566.069336,5.052734
3376,-10571.002930,-10565.148438,5.854492
3377,-10259.016602,-10274.172852,15.156250
3378,-12357.237305,-12353.777344,3.459961
3379,-10570.175781,-10565.020508,5.155273
3380,-12477.352539,-12489.774414,12.421875
3381,-11906.146484,-11916.377930,10.231445
3382,-10963.116211,-10968.509766,5.393555
3383,-9416.904297,-9588.360352,171.456055
3384,-12935.416016,-12926.399414,9.016602
3385,-12432.531250,-12417.601562,14.929688
3386,-10425.173828,-10395.697266,29.476562
3387,-9398.313477,-9428.725586,30.412109
3388,-11467.821289,-11476.884766,9.063477
3389,-10935.272461,-10936.184570,0.912109
3390,-10359.828125,-10365.125977,5.297852
3391,-11947.862305,-11947.197266,0.665039
3392,-11961.682617,-11948.821289,12.861328
3393,-10497.513672,-10499.930664,2.416992
3394,-11384.339844,-11375.630859,8.708984
3395,-11511.291016,-11509.954102,1.336914
3396,-11547.247070,-11542.766602,4.480469
3397,-10940.495117,-10934.009766,6.485352
3398,-11978.414062,-11980.890625,2.476562
3399,-11348.451172,-11340.935547,7.515625
3400,-11350.646484,-11338.207031,12.439453
3401,-11482.041016,-11478.505859,3.535156
3402,-12924.383789,-12925.236328,0.852539
3403,-11510.316406,-11511.209961,0.893555
3404,-10543.594727,-10531.144531,12.450195
3405,-11982.361328,-11981.103516,1.257812
3406,-11851.278320,-11883.321289,32.042969
3407,-10429.005859,-10440.297852,11.291992
3408,-10591.247070,-10599.153320,7.906250
3409,-10437.201172,-10397.606445,39.594727
3410,-9905.566406,-9899.452148,6.114258
3411,-9931.243164,-9932.578125,1.334961
3412,-10964.631836,-10969.855469,5.223633
3413,-10965.641602,-10969.658203,4.016602
3414,-9909.164062,-9898.236328,10.927734
3415,-10464.676758,-10467.124023,2.447266
3416,-10533.197266,-10531.875977,1.321289
3417,-10511.744141,-10499.921875,11.822266
3418,-9926.534180,-9934.143555,7.609375
3419,-12441.710938,-12466.693359,24.982422
3420,-12483.621094,-12489.076172,5.455078
3421,-9862.479492,-9859.731445,2.748047
3422,-8893.961914,-8890.333984,3.627930
3423,-11032.964844,-11034.626953,1.662109
3424,-11759.924805,-11780.300781,20.375977
3425,-12363.864258,-12354.071289,9.792969
3426,-8444.378906,-8361.621094,82.757812
3427,-9531.425781,-9521.518555,9.907227
3428,-10959.672852,-10938.583984,21.088867
3429,-11415.464844,-11419.324219,3.859375
3430,-9572.535156,-9555.754883,16.780273
3431,-10932.137695,-10936.391602,4.253906
3432,-11530.771484,-11543.866211,13.094727
3433,-10378.167969,-10360.204102,17.963867
3434,-10505.445312,-10500.371094,5.074219
3435,-11529.786133,-11544.095703,14.309570
3436,-10570.017578,-10566.056641,3.960938
3437,-10977.088867,-10971.268555,5.820312
3438,-11473.059570,-11477.244141,4.184570
3439,-11945.734375,-11946.791016,1.056641
3440,-11485.542969,-11477.298828,8.244141
3441,-10383.831055,-10362.589844,21.241211
3442,-9549.457031,-9522.439453,27.017578
3443,-10013.898438,-9991.675781,22.222656
3444,-11568.905273,-11576.884766,7.979492
3445,-10997.498047,-11001.674805,4.176758
3446,-11507.743164,-11511.221680,3.478516
3447,-10897.626953,-10913.083984,15.457031
3448,-10566.180664,-10565.129883,1.050781
3449,-10973.531250,-10972.108398,1.422852
3450,-9931.246094,-9923.544922,7.701172
3451,-11032.209961,-11036.541016,4.331055
3452,-12302.696289,-12354.916992,52.220703
3453,-8924.206055,-8922.012695,2.193359
3454,-11944.615234,-11947.708984,3.093750
3455,-10868.869141,-10866.989258,1.879883
3456,-10536.655273,-10508.692383,27.962891
3457,-12325.247070,-12319.560547,5.686523
3458,-9511.524414,-9520.611328,9.086914
3459,-11367.842773,-11373.281250,5.438477
3460,-11513.226562,-11510.633789,2.592773
3461,-10534.634766,-10531.850586,2.784180
3462,-12371.912109,-12386.709961,14.797852
3463,-11915.556641,-11915.834961,0.278320
3464,-11514.188477,-11511.485352,2.703125
3465,-12358.827148,-12350.329102,8.498047
3466,-11424.615234,-11406.873047,17.742188
3467,-11878.263672,-11883.223633,4.959961
3468,-12610.720703,-12683.987305,73.266602
3469,-12380.153320,-12385.322266,5.168945
3470,-10913.744141,-10904.706055,9.038086
3471,-10533.096680,-10532.728516,0.368164
3472,-11512.939453,-11509.647461,3.291992
3473,-10940.820312,-10938.621094,2.199219
3474,-11373.595703,-11374.292969,0.697266
3475,-10051.489258,-10025.999023,25.490234
3476,-11922.752930,-11916.272461,6.480469
3477,-11500.916992,-11512.226562,11.309570
3478,-11862.902344,-11882.031250,19.128906
3479,-10499.020508,-10473.900391,25.120117
3480,-11916.582031,-11917.639648,1.057617
3481,-10559.829102,-10565.228516,5.399414
3482,-10336.345703,-10330.554688,5.791016
3483,-11972.421875,-11980.909180,8.487305
3484,-12543.277344,-12553.461914,10.184570
3485,-9529.911133,-9521.166016,8.745117
3486,-10959.157227,-10968.607422,9.450195
3487,-11514.833984,-11510.185547,4.648438
3488,-12389.422852,-12384.870117,4.552734
3489,-10836.587891,-10800.382812,36.205078
3490,-10999.081055,-11001.752930,2.671875
3491,-11307.694336,-11317.814453,10.120117
3492,-11154.135742,-11179.325195,25.189453
3493,-11939.009766,-11947.763672,8.753906
3494,-10433.972656,-10439.958984,5.986328
3495,-9504.238281,-9497.354492,6.883789
3496,-12244.613281,-12250.678711,6.065430
3497,-12464.770508,-12455.132812,9.637695
3498,-11024.944336,-11034.441406,9.497070
3499,-11560.824219,-11542.494141,18.330078
3500,-12437.686523,-12456.114258,18.427734
3501,-9563.523438,-9554.571289,8.952148
3502,-11473.190430,-11478.762695,5.572266
3503,-15223.267578,-15459.993164,236.725586
3504,-11390.250977,-11374.803711,15.447266
3505,-11997.125000,-12014.776367,17.651367
3506,-11811.386719,-11809.821289,1.565430
3507,-9296.816406,-9329.276367,32.459961
3508,-11912.619141,-11914.494141,1.875000
3509,-11811.904297,-11809.827148,2.077148
3510,-11423.250977,-11408.838867,14.412109
3511,-12506.583008,-12522.754883,16.171875
3512,-10909.388672,-10904.161133,5.227539
3513,-10448.234375,-10431.027344,17.207031
3514,-11989.390625,-11980.737305,8.653320
3515,-11953.909180,-11948.208984,5.700195
3516,-10944.985352,-10936.323242,8.662109
3517,-11796.691406,-11721.577148,75.114258
3518,-10478.592773,-10473.183594,5.409180
3519,-11984.415039,-11980.179688,4.235352
3520,-11307.327148,-11282.958008,24.369141
3521,-11533.131836,-11543.825195,10.693359
3522,-6296.540527,-6256.387207,40.153320
3523,-9985.156250,-9959.509766,25.646484
3524,-12354.780273,-12353.109375,1.670898
3525,-9481.541992,-9462.876953,18.665039
3526,-12518.951172,-12521.308594,2.357422
3527,-11187.269531,-11237.847656,50.578125
3528,-10976.282227,-10969.874023,6.408203
3529,-9953.408203,-9956.718750,3.310547
3530,-12489.132812,-12488.486328,0.646484
3531,-9555.425781,-9555.696289,0.270508
3532,-10977.405273,-10968.183594,9.221680
3533,-12512.119141,-12521.004883,8.885742
3534,-9406.179688,-9407.334961,1.155273
3535,-9962.586914,-9957.541992,5.044922
3536,-11478.859375,-11477.750977,1.108398
3537,-10494.794922,-10507.852539,13.057617
3538,-11799.439453,-11813.402344,13.962891
3539,-11529.646484,-11420.662109,108.984375
3540,-11572.750000,-11575.920898,3.170898
3541,-11393.595703,-11373.861328,19.734375
3542,-12937.604492,-12925.556641,12.047852
3543,-11908.378906,-11916.008789,7.629883
3544,-11841.178711,-11813.215820,27.962891
3545,-12975.324219,-12956.766602,18.557617
3546,-10536.381836,-10533.698242,2.683594
3547,-10964.634766,-10969.891602,5.256836
3548,-9025.276367,-9166.297852,141.021484
3549,-10528.668945,-10532.585938,3.916992
3550,-11781.158203,-11780.605469,0.552734
3551,-11799.276367,-11812.995117,13.718750
3552,-11920.332031,-11914.854492,5.477539
3553,-10569.791016,-10565.172852,4.618164
3554,-11573.267578,-11576.074219,2.806641
3555,-11544.823242,-11543.358398,1.464844
3556,-10919.821289,-10911.145508,8.675781
3557,-10969.325195,-10969.781250,0.456055
3558,-9931.736328,-9934.483398,2.747070
3559,-10548.010742,-10530.960938,17.049805
3560,-10858.507812,-10879.791992,21.284180
3561,-11910.431641,-11914.808594,4.376953
3562,-10466.265625,-10465.552734,0.712891
3563,-10417.007812,-10397.564453,19.443359
3564,-11950.554688,-11945.750000,4.804688
3565,-11580.956055,-11576.771484,4.184570
3566,-10823.655273,-10802.178711,21.476562
3567,-12509.500000,-12522.739258,13.239258
3568,-12006.511719,-12012.163086,5.651367
3569,-9883.075195,-9867.356445,15.718750
3570,-11379.458984,-11373.411133,6.047852
3571,-12895.533203,-12894.807617,0.725586
3572,-11474.050781,-11478.752930,4.702148
3573,-12395.508789,-12352.292969,43.215820
3574,-10566.611328,-10566.589844,0.021484
3575,-11539.807617,-11542.167969,2.360352
3576,-12501.932617,-12592.184570,90.251953
3577,-11817.889648,-11812.007812,5.881836
3578,-10467.061523,-10468.003906,0.942383
3579,-9961.140625,-9965.813477,4.672852
3580,-10501.047852,-10497.963867,3.083984
3581,-11916.500000,-11913.763672,2.736328
3582,-10008.001953,-9992.283203,15.718750
3583,-10367.971680,-10399.692383,31.720703
3584,-12971.833984,-13007.571289,35.737305
3585,-10531.576172,-10532.431641,0.855469
3586,-11976.145508,-11979.042969,2.897461
3587,-10944.383789,-10935.958984,8.424805
3588,-11207.702148,-11206.099609,1.602539
3589,-10491.640625,-10498.003906,6.363281
3590,-11952.789062,-11947.506836,5.282227
3591,-12400.240234,-12385.682617,14.557617
3592,-11005.196289,-11003.257812,1.938477
3593,-9854.361328,-9836.970703,17.390625
3594,-13297.944336,-13329.762695,31.818359
3595,-10604.439453,-10598.554688,5.884766
3596,-10497.902344,-10498.544922,0.642578
3597,-11544.822266,-11543.388672,1.433594
3598,-10538.312500,-10533.007812,5.304688
3599,-10577.232422,-10566.443359,10.789062
3600,-11949.013672,-11948.589844,0.423828
3601,-11481.491211,-11474.071289,7.419922
3602,-11179.416016,-11180.401367,0.985352
3603,-10371.472656,-10365.484375,5.988281
3604,-11514.475586,-11511.083984,3.391602
3605,-12226.459961,-12248.732422,22.272461
3606,-10345.330078,-10306.320312,39.009766
3607,-8459.050781,-8486.562500,27.511719
3608,-10468.350586,-10474.431641,6.081055
3609,-13466.117188,-13434.243164,31.874023
3610,-10482.371094,-10474.269531,8.101562
3611,-10511.671875,-10498.708008,12.963867
3612,-10430.550781,-10430.279297,0.271484
3613,-10538.537109,-10532.157227,6.379883
3614,-11511.788086,-11509.080078,2.708008
3615,-10907.979492,-10906.071289,1.908203
3616,-10505.491211,-10498.878906,6.612305
3617,-11574.146484,-11576.213867,2.067383
3618,-11940.995117,-11947.241211,6.246094
3619,-12353.472656,-12353.184570,0.288086
3620,-10569.170898,-10566.572266,2.598633
3621,-12437.845703,-12451.613281,13.767578
3622,-12586.499023,-12586.902344,0.403320
3623,-10783.778320,-10801.608398,17.830078
3624,-12483.469727,-12487.896484,4.426758
3625,-11321.943359,-11311.686523,10.256836
3626,-11917.062500,-11914.992188,2.070312
3627,-10428.083008,-10405.894531,22.188477
3628,-11442.781250,-11444.199219,1.417969
3629,-10876.891602,-10878.732422,1.840820
3630,-11517.648438,-11510.719727,6.928711
3631,-10915.304688,-10903.199219,12.105469
3632,-11225.472656,-11239.602539,14.129883
3633,-11011.842773,-11003.185547,8.657227
3634,-10562.661133,-10564.736328,2.075195
3635,-10506.646484,-10498.670898,7.975586
3636,-11400.748047,-11406.863281,6.115234
3637,-13001.135742,-12956.908203,44.227539
3638,-10565.240234,-10566.183594,0.943359
3639,-9558.748047,-9521.096680,37.651367
3640,-10942.784180,-10937.637695,5.146484
3641,-11437.282227,-11437.892578,0.610352
3642,-11931.345703,-11917.047852,14.297852
3643,-9518.577148,-9489.400391,29.176758
3644,-11472.890625,-11476.805664,3.915039
3645,-9875.293945,-9901.217773,25.923828
3646,-11573.654297,-11576.753906,3.099609
3647,-10850.811523,-10834.127930,16.683594
3648,-12876.202148,-12893.497070,17.294922
3649,-11952.099609,-11947.055664,5.043945
3650,-12899.771484,-12926.635742,26.864258
3651,-10974.886719,-10968.745117,6.141602
3652,-10947.046875,-10937.297852,9.749023
3653,-10098.652344,-10087.437500,11.214844
3654,-8743.840820,-8728.505859,15.334961
3655,-8463.856445,-8394.277344,69.579102
3656,-10534.462891,-10533.276367,1.186523
3657,-12488.643555,-12488.731445,0.087891
3658,-10947.371094,-10938.314453,9.056641
3659,-11510.234375,-11510.889648,0.655273
3660,-11858.436523,-11845.826172,12.610352
3661,-10945.385742,-10938.039062,7.346680
3662,-10528.369141,-10531.965820,3.596680
3663,-9468.626953,-9463.283203,5.343750
3664,-10929.535156,-10935.634766,6.099609
3665,-11909.753906,-11913.556641,3.802734
3666,-11821.064453,-11811.318359,9.746094
3667,-11383.799805,-11373.552734,10.247070
3668,-11510.945312,-11509.158203,1.787109
3669,-10912.247070,-10943.041016,30.793945
3670,-10933.123047,-10912.176758,20.946289
3671,-9944.291016,-9926.308594,17.982422
3672,-11978.445312,-11981.447266,3.001953
3673,-12490.200195,-12489.264648,0.935547
3674,-9356.398438,-9361.113281,4.714844
3675,-10380.133789,-10363.972656,16.161133
3676,-12422.574219,-12417.985352,4.588867
3677,-11205.806641,-11239.544922,33.738281
3678,-7477.956543,-7416.551758,61.404785
3679,-13308.815430,-13330.866211,22.050781
3680,-10393.697266,-10395.902344,2.205078
3681,-8924.175781,-8922.104492,2.071289
3682,-9934.825195,-9927.772461,7.052734
3683,-11991.143555,-11981.787109,9.356445
3684,-9991.038086,-9990.284180,0.753906
3685,-10968.255859,-10968.890625,0.634766
3686,-11809.254883,-11812.159180,2.904297
3687,-10503.446289,-10500.697266,2.749023
3688,-10973.123047,-10971.436523,1.686523
3689,-11743.894531,-11746.149414,2.254883
3690,-11553.438477,-11544.472656,8.965820
3691,-11919.216797,-11914.013672,5.203125
3692,-10568.925781,-10566.110352,2.815430
3693,-10902.925781,-10903.662109,0.736328
3694,-12353.568359,-12354.568359,1.000000
3695,-10935.827148,-10937.268555,1.441406
3696,-10532.896484,-10532.154297,0.742188
3697,-10963.651367,-10968.975586,5.324219
3698,-12482.973633,-12488.330078,5.356445
3699,-11976.453125,-11980.651367,4.198242
3700,-10573.600586,-10565.880859,7.719727
3701,-11006.642578,-11003.501953,3.140625
3702,-10538.409180,-10533.126953,5.282227
3703,-10964.599609,-10969.374023,4.774414
3704,-11574.928711,-11576.860352,1.931641
3705,-11500.269531,-11510.246094,9.976562
3706,-12537.941406,-12553.920898,15.979492
3707,-10377.428711,-10364.430664,12.998047
3708,-11848.909180,-11844.911133,3.998047
3709,-10478.732422,-10472.511719,6.220703
3710,-11916.522461,-11914.127930,2.394531
3711,-11896.010742,-11916.303711,20.292969
3712,-10879.814453,-10880.137695,0.323242
3713,-8577.713867,-8485.907227,91.806641
3714,-12479.441406,-12487.838867,8.397461
3715,-8469.394531,-8426.653320,42.741211
3716,-11391.050781,-11407.722656,16.671875
3717,-12468.616211,-12489.816406,21.200195
3718,-10953.152344,-10968.566406,15.414062
3719,-11598.107422,-11609.475586,11.368164
3720,-13325.387695,-13329.545898,4.158203
3721,-11947.741211,-11948.234375,0.493164
3722,-11345.815430,-11341.303711,4.511719
3723,-10958.487305,-11036.129883,77.642578
3724,-9447.637695,-9465.331055,17.693359
3725,-9315.667969,-9327.051758,11.383789
3726,-10811.410156,-10773.764648,37.645508
3727,-11818.814453,-11844.486328,25.671875
3728,-11506.437500,-11511.138672,4.701172
3729,-9901.021484,-9902.249023,1.227539
3730,-11512.175781,-11511.756836,0.418945
3731,-9993.324219,-9992.351562,0.972656
3732,-11907.682617,-11915.658203,7.975586
3733,-9580.492188,-9555.775391,24.716797
3734,-9537.068359,-9521.791992,15.276367
3735,-10361.374023,-10337.450195,23.923828
3736,-10548.101562,-10533.606445,14.495117
3737,-9809.992188,-9811.729492,1.737305
3738,-9997.437500,-9993.801758,3.635742
3739,-10004.134766,-9992.439453,11.695312
3740,-10607.404297,-10598.101562,9.302734
3741,-12915.157227,-12927.796875,12.639648
3742,-10416.295898,-10440.799805,24.503906
3743,-10467.929688,-10474.188477,6.258789
3744,-9608.918945,-9587.252930,21.666016
3745,-11923.782227,-11917.297852,6.484375
3746,-11379.686523,-11375.875977,3.810547
3747,-10888.862305,-10879.765625,9.096680
3748,-11531.500977,-11543.866211,12.365234
3749,-12502.339844,-12522.140625,19.800781
3750,-10498.421875,-10501.168945,2.747070
3751,-12265.821289,-12320.278320,54.457031
3752,-10323.286133,-10833.701172,510.415039
3753,-11469.337891,-11451.769531,17.568359
3754,-10079.568359,-10142.412109,62.843750
3755,-10374.478516,-10393.747070,19.268555
3756,-11996.234375,-12014.357422,18.123047
3757,-11401.972656,-11404.771484,2.798828
3758,-10971.404297,-10971.019531,0.384766
3759,-10913.918945,-10905.163086,8.755859
3760,-11514.499023,-11511.876953,2.622070
3761,-10390.424805,-10393.905273,3.480469
3762,-11475.764648,-11477.579102,1.814453
3763,-8936.249023,-8863.133789,73.115234
3764,-10529.601562,-10532.917969,3.316406
3765,-12962.926758,-12926.125977,36.800781
3766,-9327.389648,-9269.698242,57.691406
3767,-11660.589844,-11616.233398,44.356445
3768,-10959.028320,-10969.860352,10.832031
3769,-9453.603516,-9454.896484,1.292969
3770,-11569.208984,-11575.819336,6.610352
3771,-9517.870117,-9495.431641,22.438477
3772,-12487.624023,-12488.416992,0.792969
3773,-12257.937500,-12280.834961,22.897461
3774,-11514.072266,-11511.793945,2.278320
3775,-11451.671875,-11441.774414,9.897461
3776,-9985.712891,-9959.858398,25.854492
3777,-11784.417969,-11778.925781,5.492188
3778,-12789.351562,-12788.588867,0.762695
3779,-10624.315430,-10631.299805,6.984375
3780,-11950.333984,-11948.413086,1.920898
3781,-11431.000000,-11407.684570,23.315430
3782,-11915.311523,-11914.625977,0.685547
3783,-10576.643555,-10565.209961,11.433594
3784,-12565.517578,-12586.943359,21.425781
3785,-12918.296875,-12925.178711,6.881836
3786,-10496.053711,-10498.833008,2.779297
3787,-10414.072266,-10396.018555,18.053711
3788,-11920.735352,-11914.584961,6.150391
3789,-10391.871094,-10396.686523,4.815430
3790,-11519.094727,-11511.629883,7.464844
3791,-10532.494141,-10531.672852,0.821289
3792,-11361.599609,-11342.870117,18.729492
3793,-9944.812500,-9956.777344,11.964844
3794,-9908.956055,-9901.078125,7.877930
3795,-10575.751953,-10565.231445,10.520508
3796,-10969.351562,-10969.015625,0.335938
3797,-10980.302734,-10971.350586,8.952148
3798,-11519.958008,-11510.266602,9.691406
3799,-12895.529297,-12894.972656,0.556641
3800,-10500.560547,-10498.687500,1.873047
3801,-11324.636719,-11339.300781,14.664062
3802,-10545.784180,-10565.477539,19.693359
3803,-11383.044922,-11375.226562,7.818359
3804,-12551.442383,-12554.576172,3.133789
3805,-9791.733398,-9832.737305,41.003906
3806,-12899.445312,-12894.757812,4.687500
3807,-10371.874023,-10365.644531,6.229492
3808,-11381.878906,-11374.078125,7.800781
3809,-12382.346680,-12384.724609,2.377930
3810,-12449.196289,-12456.277344,7.081055
3811,-10969.448242,-10970.609375,1.161133
3812,-11539.922852,-11543.749023,3.826172
3813,-9528.262695,-9554.353516,26.090820
3814,-10972.401367,-10970.096680,2.304688
3815,-10551.648438,-10534.380859,17.267578
3816,-9501.732422,-9495.995117,5.737305
3817,-11548.914062,-11542.445312,6.468750
3818,-11977.350586,-11945.954102,31.396484
3819,-10355.627930,-10363.306641,7.678711
3820,-11382.751953,-11374.229492,8.522461
3821,-10507.197266,-10500.340820,6.856445
3822,-10539.511719,-10532.693359,6.818359
3823,-9262.871094,-9269.954102,7.083008
3824,-9899.512695,-9866.156250,33.356445
3825,-10010.281250,-9989.689453,20.591797
3826,-12549.512695,-12552.984375,3.471680
3827,-12392.241211,-12417.885742,25.644531
3828,-10320.535156,-4613.901367,5706.633789
3829,-11533.390625,-11510.847656,22.542969
3830,-10534.646484,-10533.216797,1.429688
3831,-13418.551758,-13467.519531,48.967773
3832,-11591.124023,-11608.871094,17.747070
3833,-12961.289062,-12959.397461,1.891602
3834,-11360.405273,-11341.882812,18.522461
3835,-10930.377930,-10935.326172,4.948242
3836,-11910.210938,-11911.701172,1.490234
3837,-11007.820312,-11004.385742,3.434570
3838,-11963.847656,-11947.545898,16.301758
3839,-12379.797852,-12383.974609,4.176758
3840,-11445.435547,-11420.062500,25.373047
3841,-11543.634766,-11542.906250,0.728516
3842,-11861.863281,-11849.767578,12.095703
3843,-10764.796875,-10801.472656,36.675781
3844,-10920.057617,-10905.809570,14.248047
3845,-11693.900391,-11711.594727,17.694336
3846,-10828.681641,-10801.342773,27.338867
3847,-9625.190430,-9621.531250,3.659180
3848,-12503.626953,-12520.970703,17.343750
3849,-11388.458008,-11406.831055,18.373047
3850,-9716.236328,-9705.899414,10.336914
3851,-12361.358398,-12385.275391,23.916992
3852,-11539.213867,-11542.940430,3.726562
3853,-10533.798828,-10530.520508,3.278320
3854,-9457.914062,-9463.511719,5.597656
3855,-10975.701172,-10968.237305,7.463867
3856,-13590.988281,-13661.609375,70.621094
3857,-11574.791016,-11575.724609,0.933594
3858,-12508.367188,-12490.477539,17.889648
3859,-12918.737305,-12926.592773,7.855469
3860,-10808.230469,-10801.189453,7.041016
3861,-11914.249023,-11913.791016,0.458008
3862,-9552.404297,-9556.015625,3.611328
3863,-13248.822266,-13361.752930,112.930664
3864,-12477.753906,-12487.213867,9.459961
3865,-8463.227539,-8426.673828,36.553711
3866,-10962.021484,-10970.427734,8.406250
3867,-11825.806641,-11811.544922,14.261719
3868,-11913.856445,-11916.129883,2.273438
3869,-10574.733398,-10566.072266,8.661133
3870,-11530.556641,-11542.454102,11.897461
3871,-9477.823242,-9490.278320,12.455078
3872,-11512.055664,-11510.786133,1.269531
3873,-10356.125977,-10396.944336,40.818359
3874,-10839.435547,-10846.458984,7.023438
3875,-10828.303711,-10765.051758,63.251953
3876,-11919.871094,-11914.728516,5.142578
3877,-11344.583008,-11339.973633,4.609375
3878,-9909.259766,-9899.357422,9.902344
3879,-9453.436523,-9463.238281,9.801758
3880,-10537.682617,-10533.101562,4.581055
3881,-10999.773438,-11002.309570,2.536133
3882,-9651.290039,-9706.628906,55.338867
3883,-11424.036133,-11406.720703,17.315430
3884,-11320.281250,-11349.511719,29.230469
3885,-10370.875977,-10395.370117,24.494141
3886,-10836.701172,-10833.305664,3.395508
3887,-9581.478516,-9587.725586,6.247070
3888,-9472.088867,-9463.098633,8.990234
3889,-11474.271484,-11476.916016,2.644531
3890,-11861.058594,-11844.994141,16.064453
3891,-11311.729492,-11309.424805,2.304688
3892,-9566.214844,-9555.407227,10.807617
3893,-10572.623047,-10565.074219,7.548828
3894,-13477.255859,-13531.731445,54.475586
3895,-12771.750000,-12789.712891,17.962891
3896,-10959.449219,-10968.429688,8.980469
3897,-11891.941406,-11882.676758,9.264648
3898,-10185.454102,-10384.205078,198.750977
3899,-9572.678711,-9555.491211,17.187500
3900,-11574.141602,-11577.030273,2.888672
3901,-11981.870117,-11945.260742,36.609375
3902,-11024.400391,-11034.848633,10.448242
3903,-11006.549805,-11003.282227,3.267578
3904,-10482.250977,-10474.868164,7.382812
3905,-10841.488281,-10833.310547,8.177734
3906,-10500.657227,-10498.583984,2.073242
3907,-11037.186523,-11034.338867,2.847656
3908,-10410.989258,-10396.072266,14.916992
3909,-10004.953125,-9992.251953,12.701172
3910,-11769.888672,-11779.001953,9.113281
3911,-11943.435547,-11948.127930,4.692383
3912,-10942.287109,-10937.706055,4.581055
3913,-10894.025391,-10903.886719,9.861328
3914,-10928.488281,-10945.759766,17.271484
3915,-8410.265625,-8395.014648,15.250977
3916,-10502.126953,-10507.286133,5.159180
3917,-12344.520508,-12354.306641,9.786133
3918,-10968.778320,-10967.250000,1.528320
3919,-12455.902344,-12457.282227,1.379883
3920,-11511.697266,-11509.652344,2.044922
3921,-11926.761719,-11915.493164,11.268555
3922,-13597.300781,-13660.667969,63.367188
3923,-11512.055664,-11508.948242,3.107422
3924,-13305.946289,-13329.863281,23.916992
3925,-11778.229492,-11777.976562,0.252930
3926,-10973.165039,-10971.655273,1.509766
3927,-11014.025391,-11002.488281,11.537109
3928,-8619.388672,-8520.131836,99.256836
3929,-14412.711914,-14419.575195,6.863281
3930,-10987.937500,-10970.055664,17.881836
3931,-11269.988281,-11303.750000,33.761719
3932,-12678.128906,-12685.375000,7.246094
3933,-10468.773438,-10466.024414,2.749023
3934,-11350.542969,-11376.271484,25.728516
3935,-11117.418945,-10383.397461,734.021484
3936,-10868.593750,-10878.745117,10.151367
3937,-9936.045898,-9923.603516,12.442383
3938,-8551.958008,-8493.579102,58.378906
3939,-10486.346680,-10468.484375,17.862305
3940,-8877.746094,-8865.399414,12.346680
3941,-10443.136719,-10430.422852,12.713867
3942,-11507.721680,-11510.674805,2.953125
3943,-13519.768555,-13548.599609,28.831055
3944,-11852.582031,-11844.280273,8.301758
3945,-10980.751953,-10971.271484,9.480469
3946,-11398.394531,-11406.776367,8.381836
3947,-11685.927734,-11712.424805,26.497070
3948,-11570.111328,-11576.705078,6.593750
3949,-10937.503906,-10934.921875,2.582031
3950,-13449.005859,-13467.775391,18.769531
3951,-10369.463867,-10408.343750,38.879883
3952,-12477.681641,-12487.083008,9.401367
3953,-10570.013672,-10565.317383,4.696289
3954,-9859.978516,-9841.633789,18.344727
3955,-12488.859375,-12488.772461,0.086914
3956,-12453.513672,-12456.457031,2.943359
3957,-9979.887695,-9958.463867,21.423828
3958,-11535.339844,-11542.234375,6.894531
3959,-11913.376953,-11915.708984,2.332031
3960,-10544.686523,-10533.866211,10.820312
3961,-10572.854492,-10565.916016,6.938477
3962,-11886.974609,-11889.935547,2.960938
3963,-10904.605469,-10903.383789,1.221680
3964,-9539.355469,-9522.277344,17.078125
3965,-11002.150391,-11002.200195,0.049805
3966,-11920.637695,-11917.089844,3.547852
3967,-9596.443359,-9588.585938,7.857422
3968,-11414.005859,-11405.653320,8.352539
3969,-10946.683594,-10937.938477,8.745117
3970,-11789.637695,-11812.451172,22.813477
3971,-9380.737305,-9338.822266,41.915039
3972,-9468.536133,-9431.774414,36.761719
3973,-11538.219727,-11543.679688,5.459961
3974,-11591.846680,-11609.104492,17.257812
3975,-11946.315430,-11946.373047,0.057617
3976,-10526.287109,-10534.155273,7.868164
3977,-10950.215820,-10935.747070,14.468750
3978,-10501.103516,-10497.202148,3.901367
3979,-11415.386719,-11407.829102,7.557617
3980,-10366.715820,-10363.766602,2.949219
3981,-8587.580078,-8551.949219,35.630859
3982,-10008.910156,-9992.695312,16.214844
3983,-12339.935547,-12385.573242,45.637695
3984,-11495.498047,-11480.320312,15.177734
3985,-10406.359375,-10396.812500,9.546875
3986,-11542.776367,-11544.525391,1.749023
3987,-8948.495117,-8923.059570,25.435547
3988,-11512.336914,-11510.275391,2.061523
3989,-10975.686523,-10969.431641,6.254883
3990,-11346.167969,-11343.631836,2.536133
3991,-12250.783203,-12249.236328,1.546875
3992,-10566.337891,-10566.145508,0.192383
3993,-10001.269531,-9992.393555,8.875977
3994,-8449.119141,-8459.945312,10.826172
3995,-10587.490234,-10564.554688,22.935547
3996,-10510.129883,-10498.970703,11.159180
3997,-10534.367188,-10531.528320,2.838867
3998,-10468.825195,-10466.089844,2.735352
3999,-11510.660156,-11509.535156,1.125000
4000,-10817.663086,-10834.199219,16.536133
4001,-10368.197266,-10337.828125,30.369141
4002,-10408.366211,-10440.848633,32.482422
4003,-11525.480469,-11510.284180,15.196289
4004,-10371.596680,-10363.921875,7.674805
4005,-11953.742188,-11946.622070,7.120117
4006,-9563.391602,-9554.916016,8.475586
4007,-10468.322266,-10474.740234,6.417969
4008,-9440.741211,-9431.963867,8.777344
4009,-12484.778320,-12487.848633,3.070312
4010,-12979.259766,-13005.947266,26.687500
4011,-11508.771484,-11511.256836,2.485352
4012,-12484.723633,-12486.447266,1.723633
4013,-11552.163086,-11542.509766,9.653320
4014,-11331.202148,-11341.565430,10.363281
4015,-11538.013672,-11542.263672,4.250000
4016,-9548.250000,-9523.573242,24.676758
4017,-11638.404297,-11675.132812,36.728516
4018,-10455.889648,-10466.755859,10.866211
4019,-11405.065430,-11408.346680,3.281250
4020,-11479.540039,-11477.498047,2.041992
4021,-10949.431641,-10934.893555,14.538086
4022,-10511.999023,-10499.920898,12.078125
4023,-11334.468750,-11343.144531,8.675781
4024,-8441.255859,-8427.949219,13.306641
4025,-9518.405273,-9496.367188,22.038086
4026,-12399.888672,-12385.832031,14.056641
4027,-9974.012695,-9958.886719,15.125977
4028,-11289.885742,-11307.720703,17.834961
4029,-9849.779297,-9869.688477,19.909180
4030,-12369.660156,-12386.081055,16.420898
4031,-11948.987305,-11948.472656,0.514648
4032,-10576.591797,-10565.858398,10.733398
4033,-10469.614258,-10462.109375,7.504883
4034,-13540.923828,-13499.866211,41.057617
4035,-10523.816406,-10507.810547,16.005859
4036,-10863.612305,-10867.024414,3.412109
4037,-12766.085938,-12790.811523,24.725586
4038,-11434.441406,-11446.051758,11.610352
4039,-9856.328125,-6288.608887,3567.719238
4040,-10563.892578,-10566.568359,2.675781
4041,-11795.792969,-11780.791016,15.001953
4042,-11531.916016,-11542.909180,10.993164
4043,-11907.769531,-11914.506836,6.737305
4044,-11942.313477,-11947.729492,5.416016
4045,-10600.816406,-10599.560547,1.255859
4046,-11542.925781,-11543.335938,0.410156
4047,-11509.202148,-11510.330078,1.127930
4048,-9865.818359,-9868.188477,2.370117
4049,-10560.998047,-10565.176758,4.178711
4050,-10101.598633,-10057.077148,44.521484
4051,-10841.187500,-10838.682617,2.504883
4052,-10934.531250,-10936.099609,1.568359
4053,-11960.681641,-11982.323242,21.641602
4054,-11513.653320,-11510.475586,3.177734
4055,-12216.087891,-12215.793945,0.293945
4056,-11505.687500,-11510.662109,4.974609
4057,-10339.750977,-10303.556641,36.194336
4058,-11913.879883,-11913.641602,0.238281
4059,-11921.638672,-11916.013672,5.625000
4060,-10943.930664,-10935.947266,7.983398
4061,-12472.516602,-12490.127930,17.611328
4062,-11006.309570,-11001.512695,4.796875
4063,-11347.629883,-11343.330078,4.299805
4064,-6823.822754,-6786.392578,37.430176
4065,-10404.828125,-10395.747070,9.081055
4066,-11008.888672,-11003.666016,5.222656
4067,-11980.423828,-11980.082031,0.341797
4068,-12328.950195,-12321.026367,7.923828
4069,-10963.999023,-10968.263672,4.264648
4070,-11981.101562,-11981.371094,0.269531
4071,-11466.541016,-11485.381836,18.840820
4072,-11551.968750,-11577.897461,25.928711
4073,-12813.738281,-12854.854492,41.116211
4074,-10556.277344,-10566.539062,10.261719
4075,-11345.050781,-11338.252930,6.797852
4076,-11294.939453,-11303.516602,8.577148
4077,-9751.943359,-9763.905273,11.961914
4078,-9607.730469,-9588.990234,18.740234
4079,-10944.862305,-10936.180664,8.681641
4080,-11943.230469,-11946.637695,3.407227
4081,-11796.421875,-11778.581055,17.840820
4082,-12515.262695,-12521.951172,6.688477
4083,-10402.591797,-10398.512695,4.079102
4084,-10508.647461,-10500.587891,8.059570
4085,-9248.890625,-9236.079102,12.811523
4086,-8924.781250,-8922.132812,2.648438
4087,-10601.169922,-10598.583984,2.585938
4088,-11969.323242,-11981.134766,11.811523
4089,-10558.864258,-10566.094727,7.230469
4090,-12396.474609,-12385.276367,11.198242
4091,-10989.317383,-10970.033203,19.284180
4092,-10830.371094,-10774.743164,55.627930
4093,-11375.332031,-11372.762695,2.569336
4094,-10570.283203,-10564.596680,5.686523
4095,-10987.224609,-10970.073242,17.151367
4096,-12752.181641,-12822.414062,70.232422
4097,-11502.041016,-11507.760742,5.719727
4098,-11549.757812,-11544.318359,5.439453
4099,-8452.120117,-8395.389648,56.730469
4100,-10577.953125,-10566.787109,11.166016
4101,-10546.626953,-10533.043945,13.583008
4102,-10567.333984,-10566.095703,1.238281
4103,-10937.849609,-10937.286133,0.563477
4104,-12353.381836,-12352.925781,0.456055
4105,-12217.535156,-12250.166992,32.631836
4106,-11883.199219,-11913.315430,30.116211
4107,-10563.933594,-10565.000000,1.066406
4108,-9598.001953,-9588.875977,9.125977
4109,-12617.861328,-12586.797852,31.063477
4110,-10907.221680,-10903.442383,3.779297
4111,-9912.667969,-9924.558594,11.890625
4112,-11409.589844,-11408.481445,1.108398
4113,-10937.855469,-10934.393555,3.461914
4114,-11299.627930,-11309.795898,10.167969
4115,-9752.378906,-9733.731445,18.647461
4116,-8544.613281,-9589.274414,1044.661133
4117,-11849.473633,-11845.229492,4.244141
4118,-11512.131836,-11509.120117,3.011719
4119,-11819.796875,-11844.328125,24.531250
4120,-9441.936523,-9462.792969,20.856445
4121,-10239.955078,-10342.885742,102.930664
4122,-10974.318359,-10971.241211,3.077148
4123,-11375.445312,-11373.003906,2.441406
4124,-10970.929688,-10970.492188,0.437500
4125,-13497.352539,-13532.008789,34.656250
4126,-11369.317383,-11375.381836,6.064453
4127,-10341.813477,-10306.005859,35.807617
4128,-11478.205078,-11479.715820,1.510742
4129,-10887.227539,-10867.500000,19.727539
4130,-11351.712891,-11341.476562,10.236328
4131,-11969.012695,-11980.139648,11.126953
4132,-12919.280273,-12925.651367,6.371094
4133,-11514.747070,-11511.761719,2.985352
4134,-13379.508789,-13395.818359,16.309570
4135,-12391.835938,-12351.954102,39.881836
4136,-12329.813477,-12318.885742,10.927734
4137,-11389.031250,-11376.326172,12.705078
4138,-11471.496094,-11477.604492,6.108398
4139,-10789.738281,-10847.759766,58.021484
4140,-10861.721680,-10846.155273,15.566406
4141,-11543.148438,-11544.085938,0.937500
4142,-10815.854492,-10800.605469,15.249023
4143,-10984.109375,-10970.502930,13.606445
4144,-10544.407227,-10532.319336,12.087891
4145,-10505.687500,-10501.802734,3.884766
4146,-11772.079102,-11813.019531,40.940430
4147,-10529.260742,-10506.833984,22.426758
4148,-10901.543945,-10906.330078,4.786133
4149,-10541.104492,-10534.273438,6.831055
4150,-10785.530273,-10800.154297,14.624023
4151,-10964.340820,-10969.627930,5.287109
4152,-11500.409180,-11485.890625,14.518555
4153,-10479.333984,-10442.912109,36.421875
4154,-11911.954102,-11912.815430,0.861328
4155,-11970.555664,-11948.753906,21.801758
4156,-9312.734375,-9405.345703,92.611328
4157,-11476.793945,-11479.543945,2.750000
4158,-10878.450195,-10833.247070,45.203125
4159,-9898.556641,-9894.467773,4.088867
4160,-10472.025391,-10465.596680,6.428711
4161,-11915.498047,-11913.500977,1.997070
4162,-11848.584961,-11845.095703,3.489258
4163,-10851.875977,-10833.531250,18.344727
4164,-11414.486328,-11407.573242,6.913086
4165,-9432.331055,-9429.451172,2.879883
4166,-10943.325195,-10937.913086,5.412109
4167,-11948.094727,-11948.449219,0.354492
4168,-11474.778320,-11477.291016,2.512695
4169,-9587.126953,-9587.916992,0.790039
4170,-9994.962891,-9991.639648,3.323242
4171,-10973.697266,-10969.115234,4.582031
4172,-11004.716797,-11001.625977,3.090820
4173,-11909.346680,-11915.646484,6.299805
4174,-9961.033203,-9960.687500,0.345703
4175,-12430.308594,-12456.288086,25.979492
4176,-9921.737305,-9923.653320,1.916016
4177,-9526.853516,-9529.583008,2.729492
4178,-10000.711914,-9992.163086,8.548828
4179,-10568.802734,-10566.262695,2.540039
4180,-11388.822266,-11405.976562,17.154297
4181,-10537.679688,-10533.259766,4.419922
4182,-10533.214844,-10532.500000,0.714844
4183,-11922.353516,-11914.590820,7.762695
4184,-10535.756836,-10507.755859,28.000977
4185,-11436.599609,-11441.845703,5.246094
4186,-11506.721680,-11510.196289,3.474609
4187,-11816.398438,-11813.206055,3.192383
4188,-10568.812500,-10565.457031,3.355469
4189,-11783.326172,-11811.596680,28.270508
4190,-8976.592773,-8864.812500,111.780273
4191,-11952.339844,-11946.362305,5.977539
4192,-8151.512207,-8260.203125,108.690918
4193,-9483.364258,-9489.375000,6.010742
4194,-11579.606445,-11575.789062,3.817383
4195,-11474.286133,-11477.306641,3.020508
4196,-12385.023438,-12386.748047,1.724609
4197,-10946.910156,-10938.689453,8.220703
4198,-9478.877930,-9464.257812,14.620117
4199,-10380.165039,-10362.829102,17.335938
4200,-12832.751953,-12821.899414,10.852539
4201,-12482.143555,-12488.541992,6.398438
4202,-11718.697266,-11722.206055,3.508789
4203,-10511.562500,-10506.883789,4.678711
4204,-8514.361328,-8518.589844,4.228516
4205,-11513.302734,-11510.781250,2.521484
4206,-9541.314453,-9522.552734,18.761719
4207,-10335.841797,-10332.030273,3.811523
4208,-9490.973633,-9464.486328,26.487305
4209,-11504.188477,-11508.777344,4.588867
4210,-12337.852539,-12319.045898,18.806641
4211,-10946.831055,-10938.303711,8.527344
4212,-10576.449219,-10566.275391,10.173828
4213,-11411.482422,-11406.991211,4.491211
4214,-11507.802734,-11512.540039,4.737305
4215,-11920.995117,-11915.551758,5.443359
4216,-9923.066406,-9902.294922,20.771484
4217,-11391.841797,-11373.822266,18.019531
4218,-10543.149414,-10532.041992,11.107422
4219,-7970.019043,-7764.229492,205.789551
4220,-10392.482422,-10370.446289,22.036133
4221,-12017.693359,-12012.411133,5.282227
4222,-11922.375977,-11915.437500,6.938477
4223,-11409.561523,-11406.635742,2.925781
4224,-9988.443359,-9958.919922,29.523438
4225,-11910.159180,-11915.454102,5.294922
4226,-10434.752930,-10428.879883,5.873047
4227,-11916.148438,-11916.160156,0.011719
4228,-11240.509766,-11285.245117,44.735352
4229,-11809.524414,-11813.516602,3.992188
4230,-10331.112305,-10307.340820,23.771484
4231,-11517.761719,-11511.537109,6.224609
4232,-10628.050781,-10631.522461,3.471680
4233,-10945.751953,-10934.407227,11.344727
4234,-11394.688477,-11372.338867,22.349609
4235,-11955.470703,-11947.551758,7.918945
4236,-10475.083984,-10439.437500,35.646484
4237,-10598.558594,-10599.147461,0.588867
4238,-10455.477539,-10473.651367,18.173828
4239,-11002.220703,-11001.464844,0.755859
4240,-13337.876953,-13332.066406,5.810547
4241,-10970.327148,-10970.852539,0.525391
4242,-10940.649414,-10937.860352,2.789062
4243,-9526.129883,-9496.491211,29.638672
4244,-10530.837891,-10532.897461,2.059570
4245,-11415.507812,-11412.162109,3.345703
4246,-10529.926758,-10531.977539,2.050781
4247,-9758.279297,-9764.538086,6.258789
4248,-10376.453125,-10362.552734,13.900391
4249,-9881.562500,-9866.006836,15.555664
4250,-8230.617188,-8200.674805,29.942383
4251,-11511.939453,-11510.336914,1.602539
4252,-12554.083984,-12554.382812,0.298828
4253,-12449.232422,-12457.525391,8.292969
4254,-10977.446289,-10971.061523,6.384766
4255,-10377.038086,-10360.077148,16.960938
4256,-10937.513672,-10935.886719,1.626953
4257,-11355.297852,-11375.250977,19.953125
4258,-9340.166992,-9302.253906,37.913086
4259,-10495.027344,-10507.148438,12.121094
4260,-10474.105469,-10441.182617,32.922852
4261,-10310.630859,-10339.078125,28.447266
4262,-12010.931641,-12012.262695,1.331055
4263,-10414.718750,-10425.942383,11.223633
4264,-11438.320312,-11445.892578,7.572266
4265,-10531.207031,-10533.432617,2.225586
4266,-10977.957031,-10968.980469,8.976562
4267,-11977.550781,-11979.923828,2.373047
4268,-12446.681641,-12455.325195,8.643555
4269,-11508.612305,-11509.542969,0.930664
4270,-10944.342773,-10938.383789,5.958984
4271,-11515.382812,-11511.803711,3.579102
4272,-10817.184570,-10801.013672,16.170898
4273,-10940.829102,-10936.746094,4.083008
4274,-15685.349609,-15898.483398,213.133789
4275,-12518.607422,-12520.483398,1.875977
4276,-12650.223633,-12685.061523,34.837891
4277,-10574.980469,-10565.937500,9.042969
4278,-11940.638672,-11948.606445,7.967773
4279,-11439.558594,-11442.918945,3.360352
4280,-12343.354492,-12353.112305,9.757812
4281,-11955.507812,-11949.291016,6.216797
4282,-11225.108398,-11270.091797,44.983398
4283,-12382.618164,-12384.462891,1.844727
4284,-11566.617188,-11576.016602,9.399414
4285,-10508.809570,-10500.226562,8.583008
4286,-10925.684570,-10945.645508,19.960938
4287,-10875.253906,-10904.941406,29.687500
4288,-11451.041016,-11438.279297,12.761719
4289,-12248.124023,-12249.977539,1.853516
4290,-12915.727539,-12957.147461,41.419922
4291,-11951.713867,-11948.851562,2.862305
4292,-9878.578125,-9868.083984,10.494141
4293,-9471.615234,-9461.888672,9.726562
4294,-11579.992188,-11576.033203,3.958984
4295,-11554.130859,-11577.204102,23.073242
4296,-10373.748047,-10362.820312,10.927734
4297,-10511.363281,-10500.789062,10.574219
4298,-12865.364258,-12895.416016,30.051758
4299,-11502.603516,-11509.476562,6.873047
4300,-11612.681641,-11593.467773,19.213867
4301,-11521.351562,-11510.399414,10.952148
4302,-12786.496094,-12791.506836,5.010742
4303,-12480.267578,-12487.373047,7.105469
4304,-10536.381836,-10532.158203,4.223633
4305,-10324.282227,-10297.942383,26.339844
4306,-10823.275391,-10799.934570,23.340820
4307,-10942.686523,-10937.772461,4.914062
4308,-10482.670898,-10474.108398,8.562500
4309,-10934.984375,-10935.064453,0.080078
4310,-11477.014648,-11478.149414,1.134766
4311,-13396.788086,-13443.854492,47.066406
4312,-10539.386719,-10533.292969,6.093750
4313,-12345.802734,-12320.173828,25.628906
4314,-11450.098633,-11443.089844,7.008789
4315,-10393.186523,-10362.507812,30.678711
4316,-10497.217773,-10499.153320,1.935547
4317,-11364.793945,-11338.692383,26.101562
4318,-11417.325195,-11406.280273,11.044922
4319,-10771.674805,-10775.305664,3.630859
4320,-10965.752930,-10969.668945,3.916016
4321,-11821.738281,-11812.501953,9.236328
4322,-11885.311523,-11883.461914,1.849609
4323,-11194.003906,-11236.591797,42.587891
4324,-11512.219727,-11510.059570,2.160156
4325,-11765.005859,-11778.918945,13.913086
4326,-10884.025391,-10835.449219,48.576172
4327,-11548.541992,-11543.905273,4.636719
4328,-10899.491211,-10905.993164,6.501953
4329,-10672.853516,-10742.090820,69.237305
4330,-10517.876953,-10508.026367,9.850586
4331,-12966.752930,-12960.313477,6.439453
4332,-12448.998047,-12456.537109,7.539062
4333,-12246.083008,-12260.850586,14.767578
4334,-11022.160156,-11034.601562,12.441406
4335,-11514.279297,-11512.056641,2.222656
4336,-11570.625000,-11576.477539,5.852539
4337,-10458.351562,-10429.488281,28.863281
4338,-9879.251953,-9866.986328,12.265625
4339,-12477.651367,-12488.662109,11.010742
4340,-12439.538086,-12455.959961,16.421875
4341,-10562.750977,-10566.152344,3.401367
4342,-12127.641602,-12295.785156,168.143555
4343,-11948.611328,-11947.079102,1.532227
4344,-11955.122070,-11981.083008,25.960938
4345,-10905.044922,-10904.748047,0.296875
4346,-11973.763672,-11979.372070,5.608398
4347,-12254.604492,-12280.692383,26.087891
4348,-11316.584961,-11311.233398,5.351562
4349,-10470.663086,-10468.205078,2.458008
4350,-9978.343750,-9958.479492,19.864258
4351,-11552.619141,-11575.897461,23.278320
4352,-12956.174805,-12960.072266,3.897461
4353,-10382.401367,-10365.144531,17.256836
4354,-9572.629883,-9555.873047,16.756836
4355,-11889.490234,-11915.557617,26.067383
4356,-12485.824219,-12487.971680,2.147461
4357,-13325.444336,-13444.111328,118.666992
4358,-9914.718750,-9901.983398,12.735352
4359,-10539.210938,-10532.155273,7.055664
4360,-10416.074219,-10409.268555,6.805664
4361,-11836.194336,-11844.510742,8.316406
4362,-10542.760742,-10533.154297,9.606445
4363,-10000.298828,-9959.181641,41.117188
4364,-9915.673828,-9899.098633,16.575195
4365,-11396.707031,-11407.795898,11.088867
4366,-12479.998047,-12486.013672,6.015625
4367,-10876.024414,-10866.971680,9.052734
4368,-11354.605469,-11342.402344,12.203125
4369,-10331.208984,-10305.576172,25.632812
4370,-10843.666992,-10870.337891,26.670898
4371,-12013.413086,-12013.434570,0.021484
4372,-11941.363281,-11948.356445,6.993164
4373,-11922.277344,-11948.445312,26.167969
4374,-10975.121094,-10968.510742,6.610352
4375,-12481.563477,-12488.273438,6.709961
4376,-13455.091797,-13466.639648,11.547852
4377,-10999.491211,-11001.652344,2.161133
4378,-10964.963867,-10969.592773,4.628906
4379,-11402.509766,-11376.006836,26.502930
4380,-10561.226562,-10565.288086,4.061523
4381,-11543.629883,-11543.579102,0.050781
4382,-11457.494141,-11407.174805,50.319336
4383,-12467.057617,-12489.041016,21.983398
4384,-11533.332031,-11542.875000,9.542969
4385,-13291.755859,-12431.767578,859.988281
4386,-13280.448242,-13331.032227,50.583984
4387,-9543.414062,-9529.375977,14.038086
4388,-11914.086914,-11914.540039,0.453125
4389,-11625.668945,-11675.435547,49.766602
4390,-12562.617188,-12554.322266,8.294922
4391,-11513.888672,-11510.771484,3.117188
4392,-11002.238281,-11003.765625,1.527344
4393,-11499.635742,-11509.397461,9.761719
4394,-10342.147461,-10338.832031,3.315430
4395,-13401.761719,-13443.520508,41.758789
4396,-13455.390625,-13362.637695,92.752930
4397,-11334.019531,-11342.110352,8.090820
4398,-11514.957031,-11510.205078,4.751953
4399,-10497.734375,-10499.829102,2.094727
4400,-11534.642578,-11543.384766,8.742188
4401,-10531.265625,-10531.658203,0.392578
4402,-9461.946289,-9463.380859,1.434570
4403,-9750.083008,-10833.655273,1083.572266
4404,-9541.377930,-9522.958984,18.418945
4405,-8863.205078,-8857.273438,5.931641
4406,-11503.984375,-11510.429688,6.445312
4407,-9519.386719,-9488.248047,31.138672
4408,-11532.517578,-11543.306641,10.789062
4409,-10015.514648,-9990.338867,25.175781
4410,-11495.798828,-11511.301758,15.502930
4411,-10321.332031,-10304.940430,16.391602
4412,-11568.010742,-11576.878906,8.868164
4413,-12445.475586,-12455.266602,9.791016
4414,-11371.297852,-11343.297852,28.000000
4415,-9486.560547,-9520.396484,33.835938
4416,-12922.701172,-12925.521484,2.820312
4417,-10521.319336,-10507.715820,13.603516
4418,-9465.818359,-9463.986328,1.832031
4419,-9601.620117,-9587.824219,13.795898
4420,-11564.717773,-11576.831055,12.113281
4421,-9965.820312,-9958.958008,6.862305
4422,-11557.019531,-11542.583984,14.435547
4423,-10538.798828,-10507.647461,31.151367
4424,-11917.602539,-11914.551758,3.050781
4425,-11952.168945,-11946.514648,5.654297
4426,-11918.695312,-11947.572266,28.876953
4427,-11002.697266,-11001.833008,0.864258
4428,-11412.889648,-11406.983398,5.906250
4429,-11375.169922,-11373.887695,1.282227
4430,-7814.655273,-7819.281738,4.626465
4431,-9903.757812,-9901.410156,2.347656
4432,-10828.313477,-10832.235352,3.921875
4433,-10017.717773,-9992.788086,24.929688
4434,-12809.084961,-12821.864258,12.779297
4435,-11510.842773,-11510.997070,0.154297
4436,-11948.055664,-11948.456055,0.400391
4437,-9848.086914,-9835.664062,12.422852
4438,-12308.401367,-12401.545898,93.144531
4439,-11362.967773,-11350.872070,12.095703
4440,-11369.050781,-11375.149414,6.098633
4441,-12907.283203,-12926.482422,19.199219
4442,-11482.580078,-11476.022461,6.557617
4443,-12443.849609,-12467.196289,23.346680
4444,-12359.890625,-12353.214844,6.675781
4445,-12545.699219,-12554.866211,9.166992
4446,-11414.343750,-11405.243164,9.100586
4447,-10948.702148,-10935.050781,13.651367
4448,-9346.897461,-9361.507812,14.610352
4449,-11546.295898,-11544.188477,2.107422
4450,-9846.732422,-9765.308594,81.423828
4451,-11509.956055,-11510.142578,0.186523
4452,-8544.042969,-8485.165039,58.877930
4453,-11413.243164,-11408.418945,4.824219
4454,-9870.717773,-9864.631836,6.085938
4455,-11349.444336,-11340.381836,9.062500
4456,-11491.300781,-11477.197266,14.103516
4457,-9562.505859,-9554.390625,8.115234
4458,-10938.910156,-10935.852539,3.057617
4459,-11947.081055,-11949.136719,2.055664
4460,-11010.312500,-11003.619141,6.693359
4461,-12540.124023,-12554.586914,14.462891
4462,-10780.967773,-10775.333008,5.634766
4463,-10988.060547,-10970.579102,17.481445
4464,-11957.232422,-11948.571289,8.661133
4465,-12553.457031,-12554.228516,0.771484
4466,-10979.155273,-10967.172852,11.982422
4467,-8472.201172,-8393.545898,78.655273
4468,-11947.062500,-11945.326172,1.736328
4469,-11392.518555,-11374.816406,17.702148
4470,-10913.732422,-10867.077148,46.655273
4471,-13898.545898,-13984.116211,85.570312
4472,-10902.136719,-10913.111328,10.974609
4473,-14189.325195,-14390.896484,201.571289
4474,-11475.628906,-11479.451172,3.822266
4475,-11866.625000,-11844.286133,22.338867
4476,-10852.707031,-10847.610352,5.096680
4477,-11470.871094,-11476.690430,5.819336
4478,-10025.435547,-10023.849609,1.585938
4479,-11386.920898,-11373.622070,13.298828
4480,-10495.459961,-10499.930664,4.470703
4481,-10799.941406,-10800.811523,0.870117
4482,-10320.826172,-10383.688477,62.862305
4483,-11386.824219,-11370.583008,16.241211
4484,-11541.955078,-11544.264648,2.309570
4485,-10791.197266,-10833.697266,42.500000
4486,-10567.595703,-10566.283203,1.312500
4487,-12497.525391,-12522.244141,24.718750
4488,-11947.202148,-11948.567383,1.365234
4489,-10897.880859,-10903.945312,6.064453
4490,-11001.069336,-11002.331055,1.261719
4491,-11477.457031,-11478.579102,1.122070
4492,-8440.826172,-8394.916992,45.909180
4493,-10937.878906,-10935.153320,2.725586
4494,-12013.703125,-12012.982422,0.720703
4495,-11781.867188,-11779.882812,1.984375
4496,-12658.096680,-12684.719727,26.623047
4497,-10911.191406,-10902.484375,8.707031
4498,-10909.478516,-10902.774414,6.704102
4499,-11971.816406,-11982.041016,10.224609
4500,-10574.188477,-10564.428711,9.759766
4501,-9265.792969,-9178.463867,87.329102
4502,-12510.875000,-12522.642578,11.767578
4503,-10468.541992,-10463.647461,4.894531
4504,-9855.385742,-9834.312500,21.073242
4505,-11387.548828,-11375.662109,11.886719
4506,-9964.185547,-9926.384766,37.800781
4507,-12491.165039,-12489.154297,2.010742
4508,-10383.899414,-10362.750000,21.149414
4509,-11372.526367,-11374.157227,1.630859
4510,-10528.294922,-10532.883789,4.588867
4511,-10524.574219,-10500.880859,23.693359
4512,-9599.642578,-9587.636719,12.005859
4513,-10529.533203,-10532.616211,3.083008
4514,-11955.910156,-11949.765625,6.144531
4515,-11409.937500,-11408.292969,1.644531
4516,-10007.138672,-9991.520508,15.618164
4517,-10510.236328,-10500.296875,9.939453
4518,-11875.583008,-11881.131836,5.548828
4519,-10601.546875,-10598.929688,2.617188
4520,-11500.816406,-11511.242188,10.425781
4521,-12344.648438,-12349.919922,5.271484
4522,-12473.298828,-12486.499023,13.200195
4523,-9475.876953,-9456.681641,19.195312
4524,-12390.536133,-12384.975586,5.560547
4525,-11688.943359,-11675.446289,13.497070
4526,-10977.070312,-10968.841797,8.228516
4527,-12911.825195,-12926.666992,14.841797
4528,-12341.120117,-12353.510742,12.390625
4529,-12447.672852,-12452.760742,5.087891
4530,-12462.201172,-12457.803711,4.397461
4531,-10435.004883,-10430.031250,4.973633
4532,-11930.438477,-11913.597656,16.840820
4533,-10419.564453,-10395.868164,23.696289
4534,-10867.392578,-10846.877930,20.514648
4535,-10535.349609,-10532.139648,3.209961
4536,-10996.573242,-11002.657227,6.083984
4537,-11971.519531,-11980.302734,8.783203
4538,-11367.908203,-11375.601562,7.693359
4539,-11832.839844,-11825.828125,7.011719
4540,-9452.360352,-9465.760742,13.400391
4541,-10501.412109,-10498.577148,2.834961
4542,-11543.056641,-11544.432617,1.375977
4543,-9609.215820,-9586.754883,22.460938
4544,-11848.839844,-11778.500000,70.339844
4545,-12226.171875,-12376.164062,149.992188
4546,-11511.957031,-11451.082031,60.875000
4547,-8861.266602,-8890.545898,29.279297
4548,-11509.594727,-11509.409180,0.185547
4549,-10372.862305,-10364.121094,8.741211
4550,-11521.928711,-11543.799805,21.871094
4551,-11427.463867,-11439.598633,12.134766
4552,-12521.335938,-12521.228516,0.107422
4553,-11976.444336,-11979.048828,2.604492
4554,-10553.752930,-10532.280273,21.472656
4555,-10507.296875,-10540.050781,32.753906
4556,-11507.942383,-11509.637695,1.695312
4557,-11537.858398,-11542.666992,4.808594
4558,-9513.872070,-9496.872070,17.000000
4559,-11338.595703,-11340.252930,1.657227
4560,-12515.692383,-12521.122070,5.429688
4561,-10564.893555,-10685.172852,120.279297
4562,-10442.790039,-10443.912109,1.122070
4563,-12425.477539,-12418.615234,6.862305
4564,-10969.226562,-10969.520508,0.293945
4565,-12904.196289,-12894.333008,9.863281
4566,-10436.806641,-10441.627930,4.821289
4567,-12170.720703,-12216.250977,45.530273
4568,-10952.687500,-10937.048828,15.638672
4569,-10849.952148,-10801.415039,48.537109
4570,-10566.533203,-10566.268555,0.264648
4571,-10572.884766,-10565.521484,7.363281
4572,-9764.593750,-9766.246094,1.652344
4573,-11540.024414,-11542.601562,2.577148
4574,-10998.790039,-11001.750977,2.960938
4575,-11906.187500,-11916.575195,10.387695
4576,-9925.249023,-9933.444336,8.195312
4577,-11445.910156,-11440.230469,5.679688
4578,-10329.786133,-10328.824219,0.961914
4579,-10909.804688,-10904.625000,5.179688
4580,-11507.178711,-11511.555664,4.376953
4581,-9454.427734,-9464.487305,10.059570
4582,-13412.970703,-13433.758789,20.788086
4583,-12896.774414,-12925.836914,29.062500
4584,-9590.363281,-9588.986328,1.376953
4585,-11968.437500,-11979.166992,10.729492
4586,-11956.052734,-11948.106445,7.946289
4587,-12465.069336,-12489.197266,24.127930
4588,-10371.007812,-10363.438477,7.569336
4589,-11952.992188,-11948.110352,4.881836
4590,-9931.927734,-9924.977539,6.950195
4591,-11981.228516,-11981.144531,0.083984
4592,-12913.128906,-12926.698242,13.569336
4593,-12388.062500,-12385.839844,2.222656
4594,-9966.692383,-9958.981445,7.710938
4595,-12401.819336,-12425.072266,23.252930
4596,-12433.787109,-12454.919922,21.132812
4597,-11381.583008,-11375.010742,6.572266
4598,-9981.516602,-9956.211914,25.304688
4599,-10233.165039,-10235.180664,2.015625
4600,-12887.028320,-12894.894531,7.866211
4601,-11424.097656,-11406.834961,17.262695
4602,-11935.963867,-11948.048828,12.084961
4603,-11011.123047,-11003.455078,7.667969
4604,-12793.118164,-12755.651367,37.466797
4605,-12903.471680,-12926.904297,23.432617
4606,-10938.074219,-10937.539062,0.535156
4607,-11790.517578,-11780.618164,9.899414
4608,-12486.623047,-12488.153320,1.530273
4609,-12513.013672,-12521.081055,8.067383
4610,-11003.332031,-11002.958984,0.373047
4611,-10910.253906,-10904.124023,6.129883
4612,-11203.963867,-11238.977539,35.013672
4613,-12517.460938,-12522.807617,5.346680
4614,-10396.607422,-10396.241211,0.366211
4615,-10974.254883,-10970.320312,3.934570
4616,-11504.105469,-11509.330078,5.224609
4617,-11220.784180,-11218.356445,2.427734
4618,-10504.271484,-10499.800781,4.470703
4619,-12409.064453,-12416.482422,7.417969
4620,-11558.580078,-11577.226562,18.646484
4621,-11277.467773,-11284.019531,6.551758
4622,-10027.308594,-9990.691406,36.617188
4623,-10949.516602,-10936.942383,12.574219
4624,-10969.672852,-10969.662109,0.010742
4625,-11371.625000,-11375.529297,3.904297
4626,-11504.348633,-11510.914062,6.565430
4627,-11544.464844,-11543.935547,0.529297
4628,-12868.396484,-13007.155273,138.758789
4629,-9490.299805,-9488.419922,1.879883
4630,-11922.512695,-11916.309570,6.203125
4631,-11498.669922,-11508.724609,10.054688
4632,-12526.561523,-12521.992188,4.569336
4633,-11422.973633,-11405.891602,17.082031
4634,-11518.904297,-11508.155273,10.749023
4635,-9927.260742,-9901.937500,25.323242
4636,-10967.081055,-10969.061523,1.980469
4637,-11956.801758,-11947.759766,9.041992
4638,-11498.250977,-11509.470703,11.219727
4639,-12448.459961,-12456.674805,8.214844
4640,-12493.100586,-12486.819336,6.281250
4641,-11901.337891,-11912.364258,11.026367
4642,-11830.418945,-11811.856445,18.562500
4643,-10981.145508,-10968.978516,12.166992
4644,-12358.034180,-12353.194336,4.839844
4645,-9993.996094,-9990.713867,3.282227
4646,-10890.020508,-10846.295898,43.724609
4647,-11513.666016,-11512.293945,1.372070
4648,-11433.616211,-11440.379883,6.763672
4649,-10574.350586,-10566.055664,8.294922
4650,-11943.795898,-11948.495117,4.699219
4651,-10545.289062,-10534.022461,11.266602
4652,-9908.199219,-9935.468750,27.269531
4653,-10401.163086,-10395.187500,5.975586
4654,-10387.910156,-10396.062500,8.152344
4655,-11906.746094,-11914.000000,7.253906
4656,-10530.441406,-10532.241211,1.799805
4657,-10948.012695,-10937.103516,10.909180
4658,-13869.278320,-14358.611328,489.333008
4659,-12928.054688,-12924.090820,3.963867
4660,-11983.199219,-11978.782227,4.416992
4661,-12891.056641,-12893.134766,2.078125
4662,-10519.375977,-10441.875977,77.500000
4663,-10594.327148,-10598.497070,4.169922
4664,-11544.925781,-11543.491211,1.434570
4665,-11514.648438,-11509.491211,5.157227
4666,-12011.563477,-12014.295898,2.732422
4667,-9484.478516,-9490.328125,5.849609
4668,-10981.357422,-10972.215820,9.141602
4669,-13724.491211,-13767.142578,42.651367
4670,-13487.025391,-13500.380859,13.355469
4671,-11950.945312,-11946.970703,3.974609
4672,-11941.707031,-11948.402344,6.695312
4673,-10537.988281,-10533.542969,4.445312
4674,-10368.455078,-10361.654297,6.800781
4675,-9560.783203,-9522.808594,37.974609
4676,-10534.160156,-10532.899414,1.260742
4677,-9450.432617,-9429.552734,20.879883
4678,-11910.287109,-11915.625000,5.337891
4679,-11832.189453,-11844.333008,12.143555
4680,-12405.448242,-12386.767578,18.680664
4681,-11943.244141,-11947.996094,4.751953
4682,-11912.908203,-11917.119141,4.210938
4683,-11796.755859,-11780.290039,16.465820
4684,-11427.859375,-11407.096680,20.762695
4685,-12479.269531,-12487.632812,8.363281
4686,-10567.149414,-10565.169922,1.979492
4687,-9539.072266,-9522.083008,16.989258
4688,-10937.652344,-10935.498047,2.154297
4689,-11833.189453,-11811.202148,21.987305
4690,-10449.696289,-10430.310547,19.385742
4691,-11390.171875,-11374.763672,15.408203
4692,-10876.284180,-10878.887695,2.603516
4693,-11947.004883,-11947.813477,0.808594
4694,-11544.264648,-11544.250977,0.013672
4695,-10562.007812,-10565.134766,3.126953
4696,-10474.047852,-10474.364258,0.316406
4697,-10627.884766,-10631.695312,3.810547
4698,-10525.613281,-10533.282227,7.668945
4699,-12571.460938,-12587.094727,15.633789
4700,-10572.807617,-10566.006836,6.800781
4701,-12522.320312,-12519.649414,2.670898
4702,-10570.735352,-10564.066406,6.668945
4703,-11537.586914,-11543.598633,6.011719
4704,-11973.728516,-11981.031250,7.302734
4705,-11812.213867,-11812.198242,0.015625
4706,-10504.019531,-10498.403320,5.616211
4707,-9564.012695,-9555.833984,8.178711
4708,-8389.020508,-8266.701172,122.319336
4709,-10511.334961,-10500.022461,11.312500
4710,-11035.996094,-11034.829102,1.166992
4711,-12477.158203,-12489.283203,12.125000
4712,-9530.667969,-9522.046875,8.621094
4713,-12510.037109,-12521.819336,11.782227
4714,-13203.530273,-13228.400391,24.870117
4715,-10598.413086,-10598.225586,0.187500
4716,-10552.285156,-10532.079102,20.206055
4717,-10293.787109,-10274.082031,19.705078
4718,-10529.640625,-10531.176758,1.536133
4719,-11341.894531,-11340.621094,1.273438
4720,-11376.567383,-11374.142578,2.424805
4721,-10546.997070,-10532.149414,14.847656
4722,-10566.317383,-10565.383789,0.933594
4723,-10977.926758,-10971.993164,5.933594
4724,-11914.133789,-11912.932617,1.201172
4725,-11452.929688,-11452.165039,0.764648
4726,-10883.646484,-10878.970703,4.675781
4727,-11544.152344,-11542.204102,1.948242
4728,-10968.542969,-10969.115234,0.572266
4729,-10502.430664,-10498.727539,3.703125
4730,-11383.527344,-11375.935547,7.591797
4731,-12461.002930,-12457.827148,3.175781
4732,-11760.414062,-11810.543945,50.129883
4733,-9596.884766,-9587.643555,9.241211
4734,-11514.160156,-11508.802734,5.357422
4735,-10766.757812,-10775.146484,8.388672
4736,-10497.698242,-10499.927734,2.229492
4737,-11514.957031,-11509.434570,5.522461
4738,-10742.881836,-10741.676758,1.205078
4739,-11538.963867,-11543.767578,4.803711
4740,-11915.537109,-11916.692383,1.155273
4741,-11246.799805,-11238.830078,7.969727
4742,-12485.890625,-12490.001953,4.111328
4743,-9588.560547,-9554.666992,33.893555
4744,-11498.903320,-11513.143555,14.240234
4745,-9524.650391,-9523.167969,1.482422
4746,-11329.392578,-11341.413086,12.020508
4747,-11499.327148,-11512.424805,13.097656
4748,-9938.327148,-9924.873047,13.454102
4749,-10355.307617,-10337.007812,18.299805
4750,-12279.198242,-12281.513672,2.315430
4751,-11227.208008,-11284.725586,57.517578
4752,-13883.023438,-14089.716797,206.693359
4753,-10805.248047,-10801.891602,3.356445
4754,-12517.638672,-12521.626953,3.988281
4755,-12247.047852,-12250.157227,3.109375
4756,-10953.798828,-10937.125977,16.672852
4757,-12328.577148,-12318.031250,10.545898
4758,-10024.766602,-9991.198242,33.568359
4759,-9955.571289,-9955.348633,0.222656
4760,-10513.898438,-10498.649414,15.249023
4761,-10563.863281,-10565.225586,1.362305
4762,-12811.709961,-12822.833008,11.123047
4763,-11839.465820,-11845.173828,5.708008
4764,-11950.627930,-11946.608398,4.019531
4765,-9495.227539,-9520.311523,25.083984
4766,-10964.704102,-10968.971680,4.267578
4767,-11516.284180,-11511.112305,5.171875
4768,-9455.099609,-9360.571289,94.528320
4769,-10965.918945,-10968.300781,2.381836
4770,-11557.043945,-11576.051758,19.007812
4771,-9334.859375,-9329.426758,5.432617
4772,-11444.083984,-11444.588867,0.504883
4773,-7584.983398,-7391.067383,193.916016
4774,-11344.276367,-11339.944336,4.332031
4775,-11950.681641,-11948.476562,2.205078
4776,-11749.894531,-11779.581055,29.686523
4777,-11919.040039,-11916.409180,2.630859
4778,-10539.940430,-10533.243164,6.697266
4779,-10534.145508,-10532.471680,1.673828
4780,-10529.618164,-10532.246094,2.627930
4781,-10534.041016,-10532.226562,1.814453
4782,-11946.155273,-11949.711914,3.556641
4783,-8549.067383,-8485.388672,63.678711
4784,-10541.000000,-10533.718750,7.281250
4785,-12486.182617,-12487.069336,0.886719
4786,-11851.055664,-11845.434570,5.621094
4787,-11720.882812,-11708.627930,12.254883
4788,-9431.830078,-9430.678711,1.151367
4789,-12002.126953,-12014.148438,12.021484
4790,-11513.792969,-11510.624023,3.168945
4791,-9937.242188,-9927.039062,10.203125
4792,-12863.218750,-12892.348633,29.129883
4793,-10509.602539,-10498.035156,11.567383
4794,-10351.626953,-10365.661133,14.034180
4795,-10860.819336,-10867.161133,6.341797
4796,-9475.071289,-9471.088867,3.982422
4797,-11820.245117,-11811.419922,8.825195
4798,-11409.368164,-11407.263672,2.104492
4799,-11377.179688,-11373.462891,3.716797
4800,-10547.068359,-10532.676758,14.391602
4801,-12484.902344,-12488.617188,3.714844
4802,-10364.401367,-10370.599609,6.198242
4803,-12478.059570,-12487.162109,9.102539
4804,-11506.574219,-11509.538086,2.963867
4805,-12967.648438,-12959.789062,7.859375
4806,-11005.855469,-11003.813477,2.041992
4807,-11950.869141,-11945.854492,5.014648
4808,-12866.813477,-12894.259766,27.446289
4809,-10414.339844,-10395.981445,18.358398
4810,-12481.711914,-12486.950195,5.238281
4811,-10470.549805,-10466.107422,4.442383
4812,-12285.733398,-12249.500000,36.233398
4813,-11515.206055,-11508.130859,7.075195
4814,-11687.444336,-11675.521484,11.922852
4815,-11922.657227,-11913.734375,8.922852
4816,-8905.751953,-9587.342773,681.590820
4817,-10506.155273,-10499.996094,6.159180
4818,-11499.875977,-11509.896484,10.020508
4819,-10489.925781,-10499.564453,9.638672
4820,-10532.279297,-10532.729492,0.450195
4821,-11518.052734,-11510.484375,7.568359
4822,-11543.753906,-11543.655273,0.098633
4823,-8407.512695,-8453.207031,45.694336
4824,-11571.480469,-11575.781250,4.300781
4825,-10363.717773,-10362.971680,0.746094
4826,-11378.716797,-11340.473633,38.243164
4827,-11909.953125,-11914.751953,4.798828
4828,-10514.545898,-10533.576172,19.030273
4829,-13504.425781,-13532.068359,27.642578
4830,-12324.212891,-12353.418945,29.206055
4831,-11506.551758,-11509.539062,2.987305
4832,-10893.178711,-10903.972656,10.793945
4833,-9498.643555,-9488.175781,10.467773
4834,-10962.228516,-10968.520508,6.291992
4835,-9904.835938,-9901.152344,3.683594
4836,-12365.830078,-12353.316406,12.513672
4837,-9991.925781,-9991.286133,0.639648
4838,-11931.587891,-11948.302734,16.714844
4839,-9794.945312,-9834.036133,39.090820
4840,-10939.618164,-10934.111328,5.506836
4841,-12459.001953,-12489.572266,30.570312
4842,-10969.494141,-10968.180664,1.313477
4843,-11985.327148,-11979.399414,5.927734
4844,-10518.018555,-10474.639648,43.378906
4845,-9545.724609,-9521.036133,24.688477
4846,-10550.677734,-10566.062500,15.384766
4847,-10600.390625,-10599.081055,1.309570
4848,-10575.843750,-10565.185547,10.658203
4849,-11778.366211,-11779.135742,0.769531
4850,-10500.894531,-10499.281250,1.613281
4851,-12415.453125,-12418.497070,3.043945
4852,-12512.230469,-12522.150391,9.919922
4853,-11401.625977,-11407.917969,6.291992
4854,-11512.041016,-11511.002930,1.038086
4855,-9562.274414,-9555.726562,6.547852
4856,-8553.768555,-8493.654297,60.114258
4857,-9893.198242,-9867.935547,25.262695
4858,-10505.755859,-10508.016602,2.260742
4859,-10364.368164,-10304.464844,59.903320
4860,-8219.484375,-8226.105469,6.621094
4861,-11520.596680,-11510.241211,10.355469
4862,-10969.477539,-10969.228516,0.249023
4863,-11388.870117,-11374.973633,13.896484
4864,-10971.227539,-10969.651367,1.576172
4865,-11681.025391,-11675.040039,5.985352
4866,-11514.028320,-11509.284180,4.744141
4867,-8505.583008,-8518.458008,12.875000
4868,-10025.153320,-10024.699219,0.454102
4869,-10610.514648,-10598.300781,12.213867
4870,-10534.934570,-10532.849609,2.084961
4871,-12792.417969,-12787.151367,5.266602
4872,-11510.686523,-11512.472656,1.786133
4873,-11871.277344,-11845.221680,26.055664
4874,-9598.093750,-9586.898438,11.195312
4875,-11455.310547,-11419.260742,36.049805
4876,-11836.165039,-11844.762695,8.597656
4877,-12368.182617,-12352.970703,15.211914
4878,-10994.285156,-11004.708984,10.423828
4879,-10975.764648,-10971.183594,4.581055
4880,-9921.233398,-9924.163086,2.929688
4881,-12938.828125,-12926.516602,12.311523
4882,-10004.654297,-9992.329102,12.325195
4883,-10449.486328,-10429.504883,19.981445
4884,-11541.231445,-11542.342773,1.111328
4885,-11917.138672,-11915.166016,1.972656
4886,-11945.793945,-11949.258789,3.464844
4887,-9953.810547,-9928.061523,25.749023
4888,-10566.683594,-10565.903320,0.780273
4889,-9524.990234,-9529.684570,4.694336
4890,-10977.243164,-10968.150391,9.092773
4891,-12239.070312,-12249.061523,9.991211
4892,-8897.917969,-8888.224609,9.693359
4893,-12515.434570,-12522.030273,6.595703
4894,-11950.558594,-11947.780273,2.778320
4895,-11910.498047,-11916.712891,6.214844
4896,-12469.276367,-12488.542969,19.266602
4897,-10540.479492,-10532.916992,7.562500
4898,-11385.409180,-11374.596680,10.812500
4899,-10363.410156,-10363.377930,0.032227
4900,-11517.721680,-11510.209961,7.511719
4901,-9687.229492,-9808.843750,121.614258
4902,-11476.940430,-11475.397461,1.542969
4903,-10600.933594,-10598.549805,2.383789
4904,-11576.114258,-11576.568359,0.454102
4905,-11938.730469,-11948.240234,9.509766
4906,-12881.494141,-12894.973633,13.479492
4907,-10805.232422,-10801.894531,3.337891
4908,-10541.175781,-10531.905273,9.270508
4909,-10568.141602,-10564.946289,3.195312
4910,-12391.695312,-12384.290039,7.405273
4911,-11460.113281,-11439.900391,20.212891
4912,-11879.136719,-11882.335938,3.199219
4913,-10498.642578,-10497.860352,0.782227
4914,-11478.106445,-11478.877930,0.771484
4915,-9971.076172,-9965.413086,5.663086
4916,-10939.484375,-10937.000000,2.484375
4917,-10886.085938,-10880.109375,5.976562
4918,-10973.606445,-10968.895508,4.710938
4919,-8393.603516,-8266.433594,127.169922
4920,-10991.670898,-11001.873047,10.202148
4921,-9503.341797,-9487.651367,15.690430
4922,-11832.932617,-11845.281250,12.348633
4923,-10958.018555,-10970.272461,12.253906
4924,-11810.920898,-11812.249023,1.328125
4925,-10525.084961,-10532.535156,7.450195
4926,-12894.700195,-12894.430664,0.269531
4927,-11987.587891,-11980.893555,6.694336
4928,-10933.233398,-10960.991211,27.757812
4929,-9482.053711,-9463.992188,18.061523
4930,-11918.107422,-11912.646484,5.460938
4931,-11504.998047,-11510.551758,5.553711
4932,-11550.041992,-11542.455078,7.586914
4933,-10664.327148,-10711.137695,46.810547
4934,-11512.703125,-11510.478516,2.224609
4935,-11962.701172,-11979.094727,16.393555
4936,-11950.801758,-11948.784180,2.017578
4937,-10867.686523,-10829.525391,38.161133
4938,-10629.066406,-10631.576172,2.509766
4939,-10602.102539,-10598.344727,3.757812
4940,-11402.140625,-11405.171875,3.031250
4941,-10902.486328,-10904.988281,2.501953
4942,-11384.192383,-11373.756836,10.435547
4943,-11945.527344,-11948.836914,3.309570
4944,-11690.781250,-11707.787109,17.005859
4945,-10951.635742,-10939.214844,12.420898
4946,-12246.676758,-12281.980469,35.303711
4947,-12886.342773,-12893.541992,7.199219
4948,-10394.673828,-10395.835938,1.162109
4949,-11346.285156,-11339.274414,7.010742
4950,-11442.505859,-11443.651367,1.145508
4951,-10551.020508,-10506.825195,44.195312
4952,-10493.960938,-10499.953125,5.992188
4953,-12339.291992,-12354.823242,15.531250
4954,-12011.927734,-12012.353516,0.425781
4955,-11947.690430,-11948.835938,1.145508
4956,-11445.651367,-11440.383789,5.267578
4957,-9588.875977,-9588.092773,0.783203
4958,-10974.828125,-10969.753906,5.074219
4959,-11515.917969,-11510.583984,5.333984
4960,-11513.115234,-11511.390625,1.724609
4961,-10835.655273,-10801.023438,34.631836
4962,-10939.072266,-10936.257812,2.814453
4963,-12514.606445,-12489.618164,24.988281
4964,-10823.603516,-10802.232422,21.371094
4965,-10542.464844,-10533.426758,9.038086
4966,-11514.049805,-11509.909180,4.140625
4967,-11956.930664,-11948.649414,8.281250
4968,-10957.114258,-10969.515625,12.401367
4969,-11383.856445,-11374.188477,9.667969
4970,-9310.997070,-9327.344727,16.347656
4971,-12320.207031,-12352.459961,32.252930
4972,-10762.503906,-10801.364258,38.860352
4973,-12345.474609,-12352.600586,7.125977
4974,-12907.475586,-12925.167969,17.692383
4975,-9419.752930,-9437.602539,17.849609
4976,-9108.461914,-8485.613281,622.848633
4977,-12342.332031,-12320.271484,22.060547
4978,-12487.521484,-12487.096680,0.424805
4979,-11910.120117,-11915.779297,5.659180
4980,-10828.285156,-10802.748047,25.537109
4981,-12344.809570,-12351.540039,6.730469
4982,-9786.882812,-9797.707031,10.824219
4983,-10945.661133,-10944.021484,1.639648
4984,-11387.803711,-11373.463867,14.339844
4985,-13658.732422,-13500.599609,158.132812
4986,-11950.219727,-11947.629883,2.589844
4987,-12435.637695,-12424.944336,10.693359
4988,-13382.546875,-13364.739258,17.807617
4989,-13282.857422,-13330.165039,47.307617
4990,-11510.275391,-11511.607422,1.332031
4991,-11437.583984,-11440.067383,2.483398
4992,-9873.280273,-9867.019531,6.260742
4993,-9609.498047,-9587.640625,21.857422
4994,-13657.003906,-13797.671875,140.667969
4995,-10972.424805,-10968.752930,3.671875
4996,-11662.054688,-11720.831055,58.776367
4997,-8471.261719,-8426.903320,44.358398
4998,-10545.814453,-10533.348633,12.465820
4999,-11574.725586,-11576.767578,2.041992
5000,-11511.962891,-11511.490234,0.472656
5001,-11389.098633,-11406.163086,17.064453
5002,-9544.983398,-9520.903320,24.080078
5003,-11000.208008,-11001.553711,1.345703
5004,-9472.103516,-9464.552734,7.550781
5005,-10923.276367,-10937.229492,13.953125
5006,-11511.804688,-11509.446289,2.358398
5007,-11584.230469,-11420.998047,163.232422
5008,-10941.029297,-10938.039062,2.990234
5009,-10485.880859,-10475.353516,10.527344
5010,-11523.695312,-11543.723633,20.028320
5011,-12925.068359,-12958.598633,33.530273
5012,-10955.780273,-10935.159180,20.621094
5013,-11407.488281,-11407.115234,0.373047
5014,-11378.115234,-11373.806641,4.308594
5015,-10559.162109,-10566.045898,6.883789
5016,-11952.849609,-11946.796875,6.052734
5017,-11482.625000,-11474.013672,8.611328
5018,-10969.023438,-10968.687500,0.335938
5019,-12345.503906,-12321.088867,24.415039
5020,-11966.897461,-11981.252930,14.355469
5021,-10971.478516,-10969.354492,2.124023
5022,-11572.812500,-11576.432617,3.620117
5023,-11539.559570,-11544.083984,4.524414
5024,-12282.185547,-12319.199219,37.013672
5025,-9491.957031,-9464.091797,27.865234
5026,-11954.263672,-11945.875000,8.388672
5027,-10948.121094,-10935.763672,12.357422
5028,-11404.259766,-11404.915039,0.655273
5029,-11844.646484,-11845.172852,0.526367
5030,-11913.246094,-11917.369141,4.123047
5031,-12533.578125,-12521.490234,12.087891
5032,-10886.908203,-10788.648438,98.259766
5033,-10509.533203,-10500.301758,9.231445
5034,-11917.547852,-11915.499023,2.048828
5035,-10969.471680,-10970.220703,0.749023
5036,-10858.890625,-10869.868164,10.977539
5037,-12932.835938,-12959.367188,26.531250
5038,-10420.271484,-10396.759766,23.511719
5039,-10504.041016,-10498.958008,5.083008
5040,-12920.560547,-12926.989258,6.428711
5041,-11422.894531,-11406.724609,16.169922
5042,-10942.705078,-10935.012695,7.692383
5043,-11475.351562,-11480.031250,4.679688
5044,-10375.433594,-10362.660156,12.773438
5045,-11000.066406,-11002.500977,2.434570
5046,-11689.701172,-11708.711914,19.010742
5047,-11537.091797,-11542.616211,5.524414
5048,-10530.927734,-10532.166992,1.239258
5049,-11337.716797,-11342.121094,4.404297
5050,-11395.004883,-11375.423828,19.581055
5051,-10538.541016,-10533.593750,4.947266
5052,-9597.166016,-9588.119141,9.046875
5053,-11572.679688,-11576.114258,3.434570
5054,-9936.048828,-9924.711914,11.336914
5055,-10936.889648,-10913.146484,23.743164
5056,-9975.592773,-9958.621094,16.971680
5057,-11246.017578,-11239.529297,6.488281
5058,-9913.866211,-9894.085938,19.780273
5059,-10941.594727,-10935.503906,6.090820
5060,-11515.491211,-11511.213867,4.277344
5061,-10973.808594,-10971.797852,2.010742
5062,-9994.115234,-9990.364258,3.750977
5063,-12509.407227,-12521.428711,12.021484
5064,-11508.548828,-11510.769531,2.220703
5065,-12370.167969,-12386.352539,16.184570
5066,-10533.706055,-10532.858398,0.847656
5067,-11953.087891,-11947.509766,5.578125
5068,-12523.701172,-12521.047852,2.653320
5069,-11031.141602,-11035.152344,4.010742
5070,-12539.079102,-12554.340820,15.261719
5071,-11383.630859,-11373.500977,10.129883
5072,-11777.018555,-11812.637695,35.619141
5073,-11960.280273,-11947.664062,12.616211
5074,-11405.866211,-11376.123047,29.743164
5075,-10593.668945,-10598.591797,4.922852
5076,-11370.476562,-11374.347656,3.871094
5077,-10945.631836,-10943.230469,2.401367
5078,-10567.002930,-10565.213867,1.789062
5079,-11944.518555,-11945.746094,1.227539
5080,-11503.292969,-11508.632812,5.339844
5081,-8388.577148,-8427.238281,38.661133
5082,-11952.144531,-11947.086914,5.057617
5083,-11285.278320,-11316.380859,31.102539
5084,-10363.812500,-10338.528320,25.284180
5085,34771.976562,-1101.487305,35873.463867
5086,-10498.666992,-10498.827148,0.160156
5087,-10537.215820,-10533.301758,3.914062
5088,-11909.822266,-11948.221680,38.399414
5089,-11514.939453,-11509.535156,5.404297
5090,-10010.996094,-9991.178711,19.817383
5091,-12446.115234,-12456.457031,10.341797
5092,-11403.815430,-11407.436523,3.621094
5093,-12470.551758,-12456.021484,14.530273
5094,-12331.733398,-12319.190430,12.542969
5095,-10947.545898,-10937.767578,9.778320
5096,-10542.935547,-10533.214844,9.720703
5097,-10957.935547,-10970.481445,12.545898
5098,-11483.480469,-11476.996094,6.484375
5099,-13000.542969,-12959.743164,40.799805
5100,-10346.857422,-10333.333008,13.524414
5101,-11922.101562,-11915.762695,6.338867
5102,-9416.932617,-9429.517578,12.584961
5103,-10937.384766,-10939.677734,2.292969
5104,-12922.688477,-12926.279297,3.590820
5105,-8501.250000,-8486.407227,14.842773
5106,-11385.000977,-11375.101562,9.899414
5107,-12887.910156,-12894.134766,6.224609
5108,-11543.121094,-11543.738281,0.617188
5109,-11945.599609,-11948.263672,2.664062
5110,-10952.321289,-10936.483398,15.837891
5111,-10443.663086,-10441.309570,2.353516
5112,-10998.382812,-11003.349609,4.966797
5113,-11917.936523,-11915.486328,2.450195
5114,-12514.508789,-12521.312500,6.803711
5115,-12537.494141,-12554.499023,17.004883
5116,-11503.835938,-11510.371094,6.535156
5117,-11480.077148,-11475.755859,4.321289
5118,-10541.687500,-10532.202148,9.485352
5119,-10448.557617,-10427.341797,21.215820
5120,-11014.578125,-11001.509766,13.068359
5121,-10539.979492,-10533.104492,6.875000
5122,-11367.084961,-11374.541992,7.457031
5123,-9913.393555,-9927.818359,14.424805
5124,-10545.907227,-10533.084961,12.822266
5125,-11506.086914,-11508.858398,2.771484
5126,-11360.653320,-11342.388672,18.264648
5127,-7827.922363,-7820.763672,7.158691
5128,-11400.631836,-11376.422852,24.208984
5129,-10501.742188,-10498.615234,3.126953
5130,-10982.769531,-10970.587891,12.181641
5131,-10595.080078,-10598.526367,3.446289
5132,-12902.515625,-12925.806641,23.291016
5133,-11882.019531,-11882.506836,0.487305
5134,-11411.344727,-11407.327148,4.017578
5135,-12475.327148,-12488.109375,12.782227
5136,-9326.472656,-9437.893555,111.420898
5137,-9584.392578,-9555.266602,29.125977
5138,-11601.083008,-11609.230469,8.147461
5139,-10566.553711,-10566.599609,0.045898
5140,-10567.172852,-10565.045898,2.126953
5141,-11538.315430,-11544.271484,5.956055
5142,-9445.341797,-9432.283203,13.058594
5143,-12570.874023,-12586.629883,15.755859
5144,-12004.436523,-12012.502930,8.066406
5145,-9457.783203,-9464.346680,6.563477
5146,-11520.191406,-11510.088867,10.102539
5147,-12492.047852,-12487.099609,4.948242
5148,-12355.400391,-12353.630859,1.769531
5149,-9916.279297,-9900.815430,15.463867
5150,-12894.617188,-12894.537109,0.080078
5151,-10475.756836,-10475.923828,0.166992
5152,-10860.915039,-10879.727539,18.812500
5153,-9514.337891,-9490.262695,24.075195
5154,-11500.741211,-11509.069336,8.328125
5155,-10507.330078,-10500.418945,6.911133
5156,-10914.635742,-10903.262695,11.373047
5157,-11835.759766,-11850.266602,14.506836
5158,-11903.879883,-11916.314453,12.434570
5159,-12889.585938,-12894.159180,4.573242
5160,-11377.812500,-11371.548828,6.263672
5161,-9970.625000,-9959.569336,11.055664
5162,-10531.741211,-10532.676758,0.935547
5163,-11543.633789,-11542.612305,1.021484
5164,-11554.833008,-11484.166992,70.666016
5165,-10537.744141,-10507.555664,30.188477
5166,-10965.281250,-10938.510742,26.770508
5167,-10020.933594,-9990.792969,30.140625
5168,-11369.985352,-11375.386719,5.401367
5169,-11906.187500,-11916.192383,10.004883
5170,-12642.650391,-12685.976562,43.326172
5171,-11536.843750,-11543.840820,6.997070
5172,-11973.565430,-11981.837891,8.272461
5173,-11852.616211,-11849.689453,2.926758
5174,-10916.738281,-10912.046875,4.691406
5175,-11394.846680,-11372.471680,22.375000
5176,-10942.820312,-10936.280273,6.540039
5177,-11376.703125,-11374.614258,2.088867
5178,-9573.746094,-9554.683594,19.062500
5179,-10562.830078,-10565.515625,2.685547
5180,-10544.060547,-10531.151367,12.909180
5181,-9453.223633,-9462.601562,9.377930
5182,-12448.550781,-12455.957031,7.406250
5183,-11352.942383,-11340.138672,12.803711
5184,-11538.225586,-11543.606445,5.380859
5185,-11364.470703,-11374.280273,9.809570
5186,-10971.355469,-10969.755859,1.599609
5187,-10309.511719,-10307.264648,2.247070
5188,-12447.637695,-12456.698242,9.060547
5189,-11363.946289,-11350.753906,13.192383
5190,-9992.083008,-9992.245117,0.162109
5191,-10892.658203,-10875.506836,17.151367
5192,-11016.408203,-11001.788086,14.620117
5193,-11948.555664,-11948.796875,0.241211
5194,-8529.660156,-8487.303711,42.356445
5195,-10531.159180,-10532.791992,1.632812
5196,-11491.883789,-11475.693359,16.190430
5197,-12487.173828,-12487.304688,0.130859
5198,-9878.099609,-9868.137695,9.961914
5199,-10933.505859,-10937.045898,3.540039
5200,-9579.704102,-9556.104492,23.599609
5201,-9580.910156,-9554.044922,26.865234
5202,-12935.666016,-12926.964844,8.701172
5203,-10472.322266,-10465.624023,6.698242
5204,-10973.395508,-10970.891602,2.503906
5205,-10424.292969,-10428.112305,3.819336
5206,-10606.315430,-10598.151367,8.164062
5207,-9891.045898,-9901.311523,10.265625
5208,-11944.604492,-11948.645508,4.041016
5209,-11936.974609,-11945.362305,8.387695
5210,-9378.158203,-9398.365234,20.207031
5211,-9520.541992,-9487.907227,32.634766
5212,-12793.202148,-12790.945312,2.256836
5213,-11485.995117,-11477.562500,8.432617
5214,-10472.410156,-10468.833984,3.576172
5215,-9931.156250,-9925.201172,5.955078
5216,-10572.597656,-10566.605469,5.992188
5217,-11509.967773,-11510.995117,1.027344
5218,-10773.869141,-10743.431641,30.437500
5219,-10392.280273,-10395.845703,3.565430
5220,-10936.413086,-10935.617188,0.795898
5221,-8440.497070,-8427.405273,13.091797
5222,-11303.979492,-11308.778320,4.798828
5223,-12663.049805,-12617.747070,45.302734
5224,-11541.787109,-11543.735352,1.948242
5225,-11510.014648,-11510.047852,0.033203
5226,-6035.227539,-6314.031250,278.803711
5227,-10540.947266,-10533.403320,7.543945
5228,-10999.806641,-11001.676758,1.870117
5229,-10395.085938,-10371.995117,23.090820
5230,-9909.220703,-9899.442383,9.778320
5231,-9910.256836,-9900.258789,9.998047
5232,-11979.593750,-11979.731445,0.137695
5233,-10342.736328,-10371.410156,28.673828
5234,-10911.835938,-10902.833984,9.001953
5235,-11484.541016,-11478.083984,6.457031
5236,-11004.866211,-11003.640625,1.225586
5237,-10989.029297,-11000.369141,11.339844
5238,-12930.250000,-12925.031250,5.218750
5239,-12930.386719,-12926.714844,3.671875
5240,-10363.802734,-10364.175781,0.373047
5241,-11505.724609,-11510.934570,5.209961
5242,-12524.412109,-12520.775391,3.636719
5243,-11539.171875,-11542.721680,3.549805
5244,-11791.910156,-11780.003906,11.906250
5245,-13363.218750,-13330.383789,32.834961
5246,-12480.785156,-12487.742188,6.957031
5247,-11953.015625,-11891.575195,61.440430
5248,-13333.625000,-13363.947266,30.322266
5249,-10974.768555,-10967.360352,7.408203
5250,-12272.097656,-12248.729492,23.368164
5251,-9662.992188,-9653.911133,9.081055
5252,-11369.414062,-11374.283203,4.869141
5253,-11978.279297,-11980.790039,2.510742
5254,-11382.377930,-11371.577148,10.800781
5255,-10936.152344,-10935.050781,1.101562
5256,-11007.338867,-11001.401367,5.937500
5257,-12478.538086,-12488.045898,9.507812
5258,-12387.186523,-12385.986328,1.200195
5259,-10527.018555,-10532.246094,5.227539
5260,-9505.250977,-9496.761719,8.489258
5261,-8543.320312,-8485.263672,58.056641
5262,-11593.914062,-11608.861328,14.947266
5263,-10000.785156,-9992.344727,8.440430
5264,-12702.294922,-12757.251953,54.957031
5265,-12476.096680,-12489.206055,13.109375
5266,-12189.548828,-12216.737305,27.188477
5267,-10901.207031,-10901.077148,0.129883
5268,-10417.487305,-10429.858398,12.371094
5269,-9607.618164,-9587.510742,20.107422
5270,-10339.115234,-10305.508789,33.606445
5271,-9977.194336,-9991.015625,13.821289
5272,-11774.433594,-11779.743164,5.309570
5273,-12264.527344,-12287.254883,22.727539
5274,-10906.030273,-10906.065430,0.035156
5275,-11335.306641,-11342.497070,7.190430
5276,-11478.936523,-11477.804688,1.131836
5277,-12544.764648,-12553.583008,8.818359
5278,-11513.140625,-11509.491211,3.649414
5279,-10532.813477,-10531.927734,0.885742
5280,-11502.153320,-11509.806641,7.653320
5281,-11952.797852,-11947.678711,5.119141
5282,-10923.447266,-10934.837891,11.390625
5283,-11507.247070,-11510.423828,3.176758
5284,-11560.288086,-11577.157227,16.869141
5285,-10964.448242,-10971.513672,7.065430
5286,-9999.250977,-9990.644531,8.606445
5287,-10967.441406,-10970.286133,2.844727
5288,-12912.398438,-12926.881836,14.483398
5289,-11945.280273,-11947.211914,1.931641
5290,-8421.835938,-8459.888672,38.052734
5291,-10482.111328,-10440.480469,41.630859
5292,-9967.383789,-9960.525391,6.858398
5293,-10565.142578,-10566.202148,1.059570
5294,-9967.023438,-9958.538086,8.485352
5295,-10462.873047,-10439.928711,22.944336
5296,-11861.823242,-11878.401367,16.578125
5297,-10360.878906,-10338.587891,22.291016
5298,-12783.152344,-12790.140625,6.988281
5299,-10497.016602,-10497.859375,0.842773
5300,-10979.592773,-10968.996094,10.596680
5301,-7951.357422,-7918.998047,32.359375
5302,-9484.758789,-9463.589844,21.168945
5303,-9308.765625,-9302.746094,6.019531
5304,-12797.920898,-12822.591797,24.670898
5305,-11413.776367,-11407.625000,6.151367
5306,-11940.478516,-11946.557617,6.079102
5307,-10898.486328,-10878.723633,19.762695
5308,-10980.736328,-10970.449219,10.287109
5309,-11439.536133,-11444.421875,4.885742
5310,-10551.463867,-10532.904297,18.559570
5311,-12824.636719,-12822.119141,2.517578
5312,-12473.510742,-12486.845703,13.334961
5313,-12358.098633,-12384.623047,26.524414
5314,-11784.311523,-11811.160156,26.848633
5315,-8923.296875,-8887.340820,35.956055
5316,-11535.880859,-11541.968750,6.087891
5317,-9862.118164,-9867.967773,5.849609
5318,-8559.619141,-8519.398438,40.220703
5319,-11503.143555,-11510.570312,7.426758
5320,-12315.137695,-12354.374023,39.236328
5321,-11941.510742,-11948.212891,6.702148
5322,-11421.003906,-11405.960938,15.042969
5323,-8934.189453,-8923.596680,10.592773
5324,-10958.104492,-10967.295898,9.191406
5325,-11476.213867,-11478.718750,2.504883
5326,-11001.435547,-11002.937500,1.501953
5327,-12357.195312,-12351.788086,5.407227
5328,-12445.005859,-12490.602539,45.596680
5329,-11354.516602,-11374.420898,19.904297
5330,-11951.493164,-11947.568359,3.924805
5331,-11374.228516,-11375.532227,1.303711
5332,-12907.035156,-12924.391602,17.356445
5333,-11841.974609,-11844.708008,2.733398
5334,-11384.405273,-11374.916016,9.489258
5335,-12482.772461,-12488.633789,5.861328
5336,-11906.068359,-11914.945312,8.876953
5337,-10969.086914,-10968.749023,0.337891
5338,-15174.097656,-15493.771484,319.673828
5339,-11912.925781,-11917.375977,4.450195
5340,-10900.332031,-10878.996094,21.335938
5341,-9940.885742,-9927.730469,13.155273
5342,-12539.581055,-12553.333984,13.752930
5343,-10366.322266,-10362.983398,3.338867
5344,-11912.522461,-11915.044922,2.522461
5345,-11008.705078,-11004.642578,4.062500
5346,-8521.905273,-8486.145508,35.759766
5347,-10429.317383,-10406.872070,22.445312
5348,-11409.843750,-11404.832031,5.011719
5349,-11540.414062,-11544.350586,3.936523
5350,-11241.653320,-11238.913086,2.740234
5351,-10569.862305,-10565.261719,4.600586
5352,-11829.281250,-11845.417969,16.136719
5353,-9978.742188,-9959.709961,19.032227
5354,-11897.657227,-11913.630859,15.973633
5355,-11944.591797,-11949.029297,4.437500
5356,-10537.735352,-10532.361328,5.374023
5357,-10566.693359,-10565.130859,1.562500
5358,-11926.618164,-11916.878906,9.739258
5359,-11859.872070,-11846.048828,13.823242
5360,-13842.999023,-13878.572266,35.573242
5361,-11467.822266,-11477.768555,9.946289
5362,-11388.646484,-11374.416992,14.229492
5363,-11374.092773,-11376.689453,2.596680
5364,-12492.658203,-12490.032227,2.625977
5365,-11393.396484,-11408.621094,15.224609
5366,-12391.242188,-12385.793945,5.448242
5367,-11543.541992,-11544.020508,0.478516
5368,-11925.429688,-11915.465820,9.963867
5369,-11952.156250,-11947.193359,4.962891
5370,-11541.594727,-11542.960938,1.366211
5371,-9931.188477,-9959.583984,28.395508
5372,-9909.932617,-9902.195312,7.737305
5373,-10899.969727,-10904.749023,4.779297
5374,-11413.089844,-11407.052734,6.037109
5375,-10906.509766,-10911.725586,5.215820
5376,-11950.214844,-11947.712891,2.501953
5377,-11486.897461,-11474.054688,12.842773
5378,-11946.881836,-11948.268555,1.386719
5379,-10971.704102,-10971.607422,0.096680
5380,-12377.476562,-12386.647461,9.170898
5381,-10937.606445,-10937.339844,0.266602
5382,-11006.864258,-11004.066406,2.797852
5383,-11964.394531,-11945.924805,18.469727
5384,-10374.763672,-10363.010742,11.752930
5385,-11372.019531,-11374.741211,2.721680
5386,-9466.582031,-9462.696289,3.885742
5387,-10521.476562,-10507.976562,13.500000
5388,-12674.431641,-12685.130859,10.699219
5389,-10993.465820,-11003.892578,10.426758
5390,-11915.471680,-11914.316406,1.155273
5391,-10798.621094,-10802.309570,3.688477
5392,-10916.164062,-10878.750000,37.414062
5393,-10929.251953,-10937.698242,8.446289
5394,-12356.967773,-12353.148438,3.819336
5395,-12376.187500,-12353.482422,22.705078
5396,-11918.218750,-11917.389648,0.829102
5397,-10936.277344,-10912.351562,23.925781
5398,-9347.680664,-9357.533203,9.852539
5399,-10533.835938,-10533.191406,0.644531
5400,-10974.629883,-10968.636719,5.993164
5401,-13712.835938,-13764.675781,51.839844
5402,-9958.510742,-9956.892578,1.618164
5403,-11951.900391,-11947.251953,4.648438
5404,-10358.755859,-10304.064453,54.691406
5405,-11913.468750,-11915.689453,2.220703
5406,-11510.240234,-11510.564453,0.324219
5407,-10542.657227,-10532.288086,10.369141
5408,-9915.830078,-9894.105469,21.724609
5409,-11249.811523,-11238.699219,11.112305
5410,-11509.887695,-11510.389648,0.501953
5411,-11955.142578,-11946.195312,8.947266
5412,-10618.658203,-10631.683594,13.025391
5413,-10970.934570,-10970.364258,0.570312
5414,-10410.488281,-10398.261719,12.226562
5415,-12015.432617,-12013.329102,2.103516
5416,-11000.294922,-11002.578125,2.283203
5417,-9489.875000,-9464.130859,25.744141
5418,-10478.095703,-10469.331055,8.764648
5419,-11475.022461,-11474.139648,0.882812
5420,-12484.577148,-12488.366211,3.789062
5421,-10999.968750,-11002.297852,2.329102
5422,-11539.215820,-11543.333008,4.117188
5423,-12515.730469,-12521.718750,5.988281
5424,-10823.820312,-10834.122070,10.301758
5425,-11501.546875,-11509.398438,7.851562
5426,-10837.135742,-10834.088867,3.046875
5427,-11505.876953,-11511.339844,5.462891
5428,-11825.394531,-11883.317383,57.922852
5429,-11473.126953,-11477.163086,4.036133
5430,-11482.898438,-11479.673828,3.224609
5431,-11827.052734,-11813.249023,13.803711
5432,-11541.875000,-11544.501953,2.626953
5433,-10149.444336,-10201.670898,52.226562
5434,-12001.554688,-12014.403320,12.848633
5435,-10966.615234,-10967.775391,1.160156
5436,-12861.801758,-12895.743164,33.941406
5437,-10940.316406,-10936.146484,4.169922
5438,-10023.836914,-9990.217773,33.619141
5439,-11512.080078,-11511.822266,0.257812
5440,-9492.160156,-9488.855469,3.304688
5441,-11511.397461,-11509.760742,1.636719
5442,-10937.710938,-10934.012695,3.698242
5443,-9461.758789,-9462.432617,0.673828
5444,-11949.498047,-11947.803711,1.694336
5445,-10839.438477,-10800.571289,38.867188
5446,-12339.289062,-12319.544922,19.744141
5447,-11958.544922,-11949.145508,9.399414
5448,-12517.427734,-12519.871094,2.443359
5449,-11480.413086,-11475.200195,5.212891
5450,-12203.541016,-12215.736328,12.195312
5451,-9497.895508,-9497.499023,0.396484
5452,-11317.478516,-11309.045898,8.432617
5453,-10234.560547,-10272.891602,38.331055
5454,-11942.307617,-11948.590820,6.283203
5455,-11468.633789,-11477.262695,8.628906
5456,-11571.406250,-11575.746094,4.339844
5457,-11481.366211,-11479.764648,1.601562
5458,-9967.332031,-9957.316406,10.015625
5459,-7519.179688,-7450.650879,68.528809
5460,-10347.590820,-10364.319336,16.728516
5461,-12515.815430,-12520.318359,4.502930
5462,-12479.653320,-12489.199219,9.545898
5463,-10535.358398,-10532.171875,3.186523
5464,-10897.146484,-10903.699219,6.552734
5465,-10913.863281,-10912.322266,1.541016
5466,-10339.294922,-10330.581055,8.713867
5467,-11976.788086,-11981.837891,5.049805
5468,-10539.782227,-10533.015625,6.766602
5469,-9464.604492,-9465.342773,0.738281
5470,-11541.235352,-11543.564453,2.329102
5471,-9538.550781,-9522.193359,16.357422
5472,-10977.115234,-10969.682617,7.432617
5473,-10478.004883,-10473.969727,4.035156
5474,-12356.881836,-12354.520508,2.361328
5475,-9542.151367,-9520.233398,21.917969
5476,-9922.296875,-9924.424805,2.127930
5477,-10990.160156,-10970.890625,19.269531
5478,-12668.556641,-12721.651367,53.094727
5479,-12467.395508,-12455.861328,11.534180
5480,-11545.263672,-11542.959961,2.303711
5481,-11512.741211,-11511.983398,0.757812
5482,-11476.545898,-11477.245117,0.699219
5483,-10500.056641,-10500.069336,0.012695
5484,-11501.179688,-11510.644531,9.464844
5485,-11848.781250,-11891.261719,42.480469
5486,-11544.806641,-11542.607422,2.199219
5487,-11549.317383,-11543.250000,6.067383
5488,-11887.604492,-11882.881836,4.722656
5489,-10865.399414,-10870.422852,5.023438
5490,-11513.134766,-11509.689453,3.445312
5491,-10472.387695,-10467.823242,4.564453
5492,-8849.420898,-8865.042969,15.622070
5493,-11403.316406,-11407.990234,4.673828
5494,-11950.520508,-11946.994141,3.526367
5495,-10491.336914,-10496.457031,5.120117
5496,-10492.271484,-10499.674805,7.403320
5497,-12333.702148,-12352.788086,19.085938
5498,-12479.776367,-12488.339844,8.563477
5499,-9501.344727,-9489.468750,11.875977
5500,-11417.324219,-11407.813477,9.510742
5501,-10998.247070,-11002.080078,3.833008
5502,-10520.846680,-10506.623047,14.223633
5503,-11930.069336,-11912.475586,17.593750
5504,-10543.978516,-10532.625977,11.352539
5505,-11575.429688,-11575.830078,0.400391
5506,-10417.257812,-10396.653320,20.604492
5507,-10000.756836,-9925.333008,75.423828
5508,-10371.277344,-10364.410156,6.867188
5509,-11417.887695,-11406.916016,10.971680
5510,-8314.996094,-8258.594727,56.401367
5511,-10417.358398,-10396.979492,20.378906
5512,-10961.075195,-10969.245117,8.169922
5513,-10396.635742,-10396.023438,0.612305
5514,-11558.884766,-11576.515625,17.630859
5515,-11597.463867,-11609.126953,11.663086
5516,-9614.056641,-9586.699219,27.357422
5517,-11397.321289,-11406.728516,9.407227
5518,-11508.578125,-11511.081055,2.502930
5519,-11948.325195,-11948.278320,0.046875
5520,-10940.802734,-10938.031250,2.771484
5521,-11393.463867,-11374.562500,18.901367
5522,-10510.072266,-10499.384766,10.687500
5523,-10536.509766,-10507.856445,28.653320
5524,-12549.360352,-12553.528320,4.167969
5525,-11903.707031,-11914.327148,10.620117
5526,-12594.676758,-12620.086914,25.410156
5527,-10284.231445,-10298.109375,13.877930
5528,-10538.709961,-10532.555664,6.154297
5529,-12392.767578,-12385.731445,7.036133
5530,-11382.114258,-11374.750000,7.364258
5531,-10955.994141,-10935.253906,20.740234
5532,-12012.041016,-12012.429688,0.388672
5533,-12949.113281,-12960.729492,11.616211
5534,-10576.705078,-10566.161133,10.543945
5535,-10474.241211,-10466.642578,7.598633
5536,-12861.929688,-12894.784180,32.854492
5537,-9421.740234,-9429.569336,7.829102
5538,-12928.779297,-12922.902344,5.876953
5539,-9963.165039,-9957.788086,5.376953
5540,-10540.618164,-10531.705078,8.913086
5541,-10496.791016,-10500.155273,3.364258
5542,-11505.263672,-11510.208008,4.944336
5543,-10540.898438,-10532.762695,8.135742
5544,-9550.543945,-9562.519531,11.975586
5545,-13380.193359,-13363.461914,16.731445
5546,-11846.800781,-11858.807617,12.006836
5547,-10594.382812,-10599.359375,4.976562
5548,-11502.734375,-11510.750977,8.016602
5549,-11976.609375,-11979.051758,2.442383
5550,-9538.377930,-9520.329102,18.048828
5551,-11351.363281,-11343.452148,7.911133
5552,-12226.687500,-12247.642578,20.955078
5553,-11414.019531,-11375.257812,38.761719
5554,-12523.750977,-12520.193359,3.557617
5555,-9574.490234,-9555.285156,19.205078
5556,-11960.372070,-11949.275391,11.096680
5557,-11829.957031,-11812.295898,17.661133
5558,-8592.230469,-8485.391602,106.838867
5559,-11916.415039,-11915.645508,0.769531
5560,-11955.907227,-11948.838867,7.068359
5561,-11953.622070,-11947.452148,6.169922
5562,-10787.125000,-10775.070312,12.054688
5563,-12400.663086,-12386.054688,14.608398
5564,-12364.796875,-12386.144531,21.347656
5565,-9541.069336,-9562.274414,21.205078
5566,-9831.321289,-9834.320312,2.999023
5567,-11535.865234,-11543.076172,7.210938
5568,-9728.472656,-8853.774414,874.698242
5569,-11315.593750,-11317.228516,1.634766
5570,-11728.262695,-11779.676758,51.414062
5571,-11948.223633,-11947.793945,0.429688
5572,-11400.165039,-11452.934570,52.769531
5573,-11999.347656,-12012.544922,13.197266
5574,-11263.510742,-11236.597656,26.913086
5575,-9355.137695,-9327.775391,27.362305
5576,-10534.055664,-10532.468750,1.586914
5577,-10566.100586,-10566.810547,0.709961
5578,-11240.599609,-11238.816406,1.783203
5579,-11560.051758,-11576.171875,16.120117
5580,-12399.925781,-12418.967773,19.041992
5581,-10966.651367,-10971.906250,5.254883
5582,-10565.248047,-10564.918945,0.329102
5583,-10914.260742,-10905.064453,9.196289
5584,-12507.728516,-12488.933594,18.794922
5585,-11925.143555,-11917.123047,8.020508
5586,-12345.111328,-12354.770508,9.659180
5587,-10758.345703,-10800.826172,42.480469
5588,-12348.550781,-12354.279297,5.728516
5589,-11348.807617,-11341.864258,6.943359
5590,-9353.160156,-9360.860352,7.700195
5591,-10886.096680,-10905.154297,19.057617
5592,-11542.916016,-11544.432617,1.516602
5593,-12414.215820,-12454.937500,40.721680
5594,-10999.991211,-11003.398438,3.407227
5595,-10527.503906,-10533.272461,5.768555
5596,-11522.042969,-11509.489258,12.553711
5597,-11537.948242,-11542.933594,4.985352
5598,-10485.960938,-10475.762695,10.198242
5599,-10503.643555,-10497.930664,5.712891
5600,-11506.307617,-11509.922852,3.615234
5601,-13850.727539,-13873.469727,22.742188
5602,-11787.094727,-11812.674805,25.580078
5603,-11910.826172,-11913.646484,2.820312
5604,-10942.180664,-10936.719727,5.460938
5605,-8452.610352,-8428.208984,24.401367
5606,-9961.836914,-9957.675781,4.161133
5607,-11527.376953,-11719.721680,192.344727
5608,-11455.074219,-11441.575195,13.499023
5609,-10927.969727,-10936.308594,8.338867
5610,-10603.897461,-10598.425781,5.471680
5611,-11914.476562,-11914.225586,0.250977
5612,-9961.883789,-9958.768555,3.115234
5613,-12008.010742,-12012.453125,4.442383
5614,-10974.285156,-10970.605469,3.679688
5615,-10995.625000,-11001.686523,6.061523
5616,-10911.819336,-10900.680664,11.138672
5617,-11796.641602,-11811.790039,15.148438
5618,-11840.630859,-11844.330078,3.699219
5619,-11436.072266,-11439.496094,3.423828
5620,-11471.498047,-11477.388672,5.890625
5621,-9354.778320,-9327.017578,27.760742
5622,-10933.895508,-10936.367188,2.471680
5623,-9994.887695,-9988.654297,6.233398
5624,-10479.590820,-10473.862305,5.728516
5625,-10904.311523,-10904.422852,0.111328
5626,-10903.712891,-10904.578125,0.865234
5627,-11001.022461,-11004.136719,3.114258
5628,-11472.745117,-11478.933594,6.188477
5629,-11512.451172,-11510.557617,1.893555
5630,-10972.410156,-10968.427734,3.982422
5631,-9882.378906,-9867.050781,15.328125
5632,-11288.300781,-11282.952148,5.348633
5633,-12777.139648,-12837.196289,60.056641
5634,-12394.226562,-12386.377930,7.848633
5635,-11951.680664,-11948.297852,3.382812
5636,-11310.715820,-11309.107422,1.608398
5637,-11941.694336,-11946.160156,4.465820
5638,-12354.966797,-12353.036133,1.930664
5639,-11227.053711,-11238.934570,11.880859
5640,-11344.375977,-11317.707031,26.668945
5641,-12380.197266,-12385.409180,5.211914
5642,-9589.125000,-9556.255859,32.869141
5643,-10892.560547,-10911.607422,19.046875
5644,-12883.636719,-12894.182617,10.545898
5645,-8589.186523,-8518.667969,70.518555
5646,-11896.553711,-11845.031250,51.522461
5647,-9879.159180,-9860.214844,18.944336
5648,-12486.457031,-12489.380859,2.923828
5649,-11343.585938,-11317.817383,25.768555
5650,-7424.493652,-7301.028809,123.464844
5651,-10398.577148,-10398.640625,0.063477
5652,-9874.174805,-9866.945312,7.229492
5653,-12374.435547,-12385.434570,10.999023
5654,-10489.761719,-10474.549805,15.211914
5655,-10463.096680,-10465.607422,2.510742
5656,-12451.841797,-12456.560547,4.718750
5657,-10825.717773,-10799.502930,26.214844
5658,-12301.709961,-12280.722656,20.987305
5659,-12786.870117,-12823.321289,36.451172
5660,-11473.789062,-11475.727539,1.938477
5661,-16148.747070,-16439.890625,291.143555
5662,-12469.275391,-12489.221680,19.946289
5663,-10532.908203,-10531.988281,0.919922
5664,-10905.700195,-10903.619141,2.081055
5665,-10927.151367,-10938.169922,11.018555
5666,-11802.294922,-11780.409180,21.885742
5667,-11484.617188,-11476.836914,7.780273
5668,-11379.791016,-11373.916016,5.875000
5669,-12820.324219,-12791.189453,29.134766
5670,-12351.760742,-12353.263672,1.502930
5671,-10935.370117,-10934.857422,0.512695
5672,-11478.481445,-11480.239258,1.757812
5673,-12359.857422,-12353.721680,6.135742
5674,-11367.095703,-11341.786133,25.309570
5675,-9591.753906,-9587.661133,4.092773
5676,-10522.845703,-10532.625000,9.779297
5677,-12732.859375,-12791.543945,58.684570
5678,-9928.781250,-9924.583008,4.198242
5679,-10461.611328,-10466.573242,4.961914
5680,-11943.065430,-11946.973633,3.908203
5681,-11942.357422,-11948.623047,6.265625
5682,-12244.543945,-12248.625000,4.081055
5683,-11817.418945,-11843.418945,26.000000
5684,-10502.058594,-10499.950195,2.108398
5685,-12549.366211,-12554.870117,5.503906
5686,-12812.078125,-12823.520508,11.442383
5687,-11415.143555,-11407.880859,7.262695
5688,-10940.857422,-10934.110352,6.747070
5689,-12213.921875,-12217.196289,3.274414
5690,-10940.457031,-10934.343750,6.113281
5691,-11926.726562,-11915.567383,11.159180
5692,-10455.483398,-10442.519531,12.963867
5693,-10901.797852,-10903.984375,2.186523
5694,-11596.933594,-11593.389648,3.543945
5695,-12928.055664,-12926.573242,1.482422
5696,-10468.284180,-10465.531250,2.752930
5697,-10972.164062,-10969.097656,3.066406
5698,-11539.566406,-11542.793945,3.227539
5699,-11451.678711,-11440.567383,11.111328
5700,-12771.768555,-12789.983398,18.214844
5701,-11348.311523,-11343.041016,5.270508
5702,-11306.717773,-11306.925781,0.208008
5703,-11004.210938,-11001.525391,2.685547
5704,-10935.232422,-10937.274414,2.041992
5705,-11294.066406,-11303.460938,9.394531
5706,-10538.012695,-10531.811523,6.201172
5707,-10949.051758,-10938.183594,10.868164
5708,-12338.408203,-12353.884766,15.476562
5709,-11006.526367,-11003.828125,2.698242
5710,-11484.979492,-11479.256836,5.722656
5711,-13320.882812,-13331.616211,10.733398
5712,-10965.723633,-10967.470703,1.747070
5713,-9476.685547,-9360.641602,116.043945
5714,-11532.059570,-11543.902344,11.842773
5715,-10127.918945,-10142.477539,14.558594
5716,-11947.877930,-11947.137695,0.740234
5717,-10543.376953,-10533.487305,9.889648
5718,-11897.612305,-11915.766602,18.154297
5719,-11824.919922,-11843.719727,18.799805
5720,-9545.660156,-9521.005859,24.654297
5721,-11980.429688,-11979.268555,1.161133
5722,-10570.592773,-10566.152344,4.440430
5723,-10968.783203,-10970.456055,1.672852
5724,-11421.600586,-11445.475586,23.875000
5725,-10355.668945,-10339.774414,15.894531
5726,-10966.129883,-10971.579102,5.449219
5727,-9515.941406,-9437.549805,78.391602
5728,-12909.351562,-12923.602539,14.250977
5729,-10970.265625,-10970.136719,0.128906
5730,-11499.394531,-11511.336914,11.942383
5731,-11575.194336,-11576.124023,0.929688
5732,-11926.291992,-11914.500977,11.791016
5733,-13534.638672,-13501.046875,33.591797
5734,-9857.294922,-9867.698242,10.403320
5735,-12910.255859,-12926.660156,16.404297
5736,-11394.085938,-11374.246094,19.839844
5737,-11891.550781,-11880.796875,10.753906
5738,-10571.716797,-10565.745117,5.971680
5739,-11519.979492,-11510.365234,9.614258
5740,-10985.370117,-10970.169922,15.200195
5741,-10973.952148,-10970.121094,3.831055
5742,-11920.134766,-11914.776367,5.358398
5743,-9741.651367,-9766.344727,24.693359
5744,-12509.257812,-12521.213867,11.956055
5745,-11296.008789,-11308.990234,12.981445
5746,-12906.720703,-12926.364258,19.643555
5747,-11373.879883,-11376.203125,2.323242
5748,-11547.781250,-11543.562500,4.218750
5749,-10504.034180,-10496.953125,7.081055
5750,-10946.264648,-10936.601562,9.663086
5751,-11002.296875,-11002.220703,0.076172
5752,-12348.596680,-12352.295898,3.699219
5753,-11564.947266,-11576.008789,11.061523
5754,-8411.238281,-8394.562500,16.675781
5755,-9949.438477,-9927.754883,21.683594
5756,-10795.250977,-10775.750000,19.500977
5757,-10868.616211,-10880.230469,11.614258
5758,-12463.749023,-12490.443359,26.694336
5759,-12214.821289,-12216.042969,1.221680
5760,-10899.189453,-10905.505859,6.316406
5761,-9494.139648,-9490.385742,3.753906
5762,-11849.369141,-11845.827148,3.541992
5763,-10513.827148,-10474.053711,39.773438
5764,-13972.521484,-14097.280273,124.758789
5765,-12504.970703,-12521.447266,16.476562
5766,-9522.953125,-9529.150391,6.197266
5767,-11396.928711,-11374.193359,22.735352
5768,-11391.916992,-11375.454102,16.462891
5769,-9566.339844,-9554.487305,11.852539
5770,-11712.683594,-11740.292969,27.609375
5771,-10594.462891,-10599.301758,4.838867
5772,-11812.644531,-11811.582031,1.062500
5773,-9933.921875,-9923.384766,10.537109
5774,-11482.103516,-11476.291016,5.812500
5775,-11439.644531,-11443.794922,4.150391
5776,-12483.776367,-12489.283203,5.506836
5777,-11943.025391,-11947.491211,4.465820
5778,-10972.439453,-10971.169922,1.269531
5779,-10974.866211,-10968.527344,6.338867
5780,-11569.418945,-11575.872070,6.453125
5781,-11416.312500,-11406.706055,9.606445
5782,-11414.817383,-11407.556641,7.260742
5783,-9927.314453,-9890.210938,37.103516
5784,-10453.290039,-10440.376953,12.913086
5785,-12375.513672,-12385.635742,10.122070
5786,-12718.386719,-12755.492188,37.105469
5787,-12525.992188,-12521.729492,4.262695
5788,-13470.153320,-13498.894531,28.741211
5789,-11977.863281,-11979.206055,1.342773
5790,-10004.286133,-9990.829102,13.457031
5791,-10438.978516,-10429.377930,9.600586
5792,-11978.491211,-11981.443359,2.952148
5793,-12789.270508,-12821.070312,31.799805
5794,-11499.087891,-11509.349609,10.261719
5795,-10492.998047,-10474.846680,18.151367
5796,-12617.714844,-12571.304688,46.410156
5797,-11954.469727,-11949.756836,4.712891
5798,-10958.901367,-10967.663086,8.761719
5799,-12514.067383,-12521.171875,7.104492
5800,-9372.236328,-9374.653320,2.416992
5801,-10958.519531,-10967.143555,8.624023
5802,-12519.460938,-12522.076172,2.615234
5803,-10927.907227,-10936.450195,8.542969
5804,-11516.174805,-11509.859375,6.315430
5805,-12766.459961,-12821.746094,55.286133
5806,-12903.529297,-12926.199219,22.669922
5807,-11003.328125,-11001.939453,1.388672
5808,-11985.960938,-11979.768555,6.192383
5809,-11467.077148,-11476.268555,9.191406
5810,-9540.409180,-9523.158203,17.250977
5811,-12522.655273,-12520.775391,1.879883
5812,-13263.683594,-13328.922852,65.239258
5813,-11977.135742,-11979.709961,2.574219
5814,-10964.163086,-10969.191406,5.028320
5815,-10340.747070,-10338.750977,1.996094
5816,-12949.568359,-12956.853516,7.285156
5817,-11541.299805,-11544.694336,3.394531
5818,-11509.914062,-11510.385742,0.471680
5819,-11413.708008,-11406.475586,7.232422
5820,-12516.871094,-12520.801758,3.930664
5821,-10987.143555,-10969.740234,17.403320
5822,-12967.186523,-12959.172852,8.013672
5823,-11978.988281,-11980.397461,1.409180
5824,-9958.224609,-9958.136719,0.087891
5825,-11834.953125,-11813.411133,21.541992
5826,-12515.436523,-12521.558594,6.122070
5827,-9958.171875,-9934.405273,23.766602
5828,-12476.430664,-12489.061523,12.630859
5829,-12383.803711,-12385.116211,1.312500
5830,-12392.911133,-12384.620117,8.291016
5831,-11537.945312,-11543.734375,5.789062
5832,-9008.301758,-8954.818359,53.483398
5833,-10949.087891,-10938.261719,10.826172
5834,-10491.435547,-10473.556641,17.878906
5835,-10895.156250,-10879.721680,15.434570
5836,-11573.395508,-11575.978516,2.583008
5837,-9941.981445,-9926.132812,15.848633
5838,-12383.471680,-12385.521484,2.049805
5839,-11480.843750,-11477.062500,3.781250
5840,-9627.334961,-9621.557617,5.777344
5841,-9989.583984,-9989.940430,0.356445
5842,-10395.880859,-10396.259766,0.378906
5843,-11956.873047,-11946.193359,10.679688
5844,-11511.663086,-11509.393555,2.269531
5845,-11922.336914,-11948.911133,26.574219
5846,-11917.465820,-11949.022461,31.556641
5847,-11949.643555,-11950.724609,1.081055
5848,-11946.380859,-11946.491211,0.110352
5849,-10428.918945,-10442.477539,13.558594
5850,-11951.095703,-11949.213867,1.881836
5851,-9523.166016,-9530.190430,7.024414
5852,-10559.429688,-10566.066406,6.636719
5853,-10937.926758,-10939.151367,1.224609
5854,-11450.987305,-11445.114258,5.873047
5855,-11570.444336,-11577.098633,6.654297
5856,-10606.439453,-10598.147461,8.291992
5857,-10363.855469,-10364.501953,0.646484
5858,-13450.342773,-13500.050781,49.708008
5859,-11984.644531,-11980.334961,4.309570
5860,-11488.442383,-11479.199219,9.243164
5861,-10503.945312,-10474.526367,29.418945
5862,-11932.334961,-11947.753906,15.418945
5863,-9721.057617,-9810.281250,89.223633
5864,-11582.607422,-11576.087891,6.519531
5865,-9546.979492,-9521.905273,25.074219
5866,-9433.802734,-9429.610352,4.192383
5867,-10570.305664,-10566.663086,3.642578
5868,-10533.015625,-10532.033203,0.982422
5869,-10628.421875,-10631.843750,3.421875
5870,-10550.388672,-10531.773438,18.615234
5871,-9935.989258,-9927.078125,8.911133
5872,-11512.523438,-11510.100586,2.422852
5873,-11532.497070,-11542.934570,10.437500
5874,-10495.667969,-10500.020508,4.352539
5875,-12242.022461,-12248.220703,6.198242
5876,-10527.796875,-10531.098633,3.301758
5877,-8719.363281,-8729.176758,9.813477
5878,-11397.347656,-11372.655273,24.692383
5879,-9991.239258,-9990.682617,0.556641
5880,-10476.581055,-10466.082031,10.499023
5881,-9378.519531,-9404.656250,26.136719
5882,-12007.541992,-12012.246094,4.704102
5883,-10366.197266,-10362.646484,3.550781
5884,-10544.896484,-10531.753906,13.142578
5885,-11733.988281,-11706.521484,27.466797
5886,-10336.805664,-10305.974609,30.831055
5887,-11835.705078,-11812.985352,22.719727
5888,-10585.942383,-10598.489258,12.546875
5889,-8585.793945,-8664.283203,78.489258
5890,-12354.180664,-12352.425781,1.754883
5891,-11579.405273,-11576.097656,3.307617
5892,-10817.191406,-10775.949219,41.242188
5893,-9919.491211,-9934.534180,15.042969
5894,-10877.864258,-10878.288086,0.423828
5895,-12515.651367,-12521.813477,6.162109
5896,-12219.425781,-12216.744141,2.681641
5897,-10470.971680,-10442.722656,28.249023
5898,-11493.719727,-11477.451172,16.268555
5899,-9490.331055,-9497.366211,7.035156
5900,-9898.790039,-9901.991211,3.201172
5901,-10626.484375,-10631.359375,4.875000
5902,-11262.331055,-11270.229492,7.898438
5903,-9974.350586,-9965.916016,8.434570
5904,-11851.474609,-11881.420898,29.946289
5905,-9906.059570,-9901.152344,4.907227
5906,-10533.822266,-10533.044922,0.777344
5907,-11988.385742,-11981.188477,7.197266
5908,-10536.360352,-10533.068359,3.291992
5909,-11477.331055,-11477.600586,0.269531
5910,-12091.643555,-12249.246094,157.602539
5911,-11936.917969,-11964.909180,27.991211
5912,-12272.359375,-12248.265625,24.093750
5913,-11406.532227,-11406.547852,0.015625
5914,-10970.865234,-10969.380859,1.484375
5915,-13513.515625,-13500.586914,12.928711
5916,-12522.938477,-12523.014648,0.076172
5917,-11499.497070,-11511.507812,12.010742
5918,-9555.949219,-9562.396484,6.447266
5919,-12429.587891,-12417.799805,11.788086
5920,-10928.224609,-10912.817383,15.407227
5921,-10567.872070,-10565.320312,2.551758
5922,-12887.734375,-12894.085938,6.351562
5923,-10472.613281,-10441.807617,30.805664
5924,-12180.367188,-12214.738281,34.371094
5925,-11401.755859,-11406.501953,4.746094
5926,-11506.507812,-11510.951172,4.443359
5927,-9610.010742,-9587.537109,22.473633
5928,-10965.397461,-10969.414062,4.016602
5929,-11981.742188,-11980.686523,1.055664
5930,-13369.482422,-13429.193359,59.710938
5931,-12913.114258,-12926.682617,13.568359
5932,-12324.286133,-12321.565430,2.720703
5933,-11518.659180,-11509.577148,9.082031
5934,-11370.876953,-11373.061523,2.184570
5935,-10969.781250,-10967.081055,2.700195
5936,-10981.166992,-10968.638672,12.528320
5937,-11002.440430,-11002.320312,0.120117
5938,-11368.420898,-11370.783203,2.362305
5939,-10529.025391,-10532.849609,3.824219
5940,-11577.678711,-11576.807617,0.871094
5941,-11924.077148,-11912.541992,11.535156
5942,-10562.873047,-10565.140625,2.267578
5943,-10574.707031,-10565.761719,8.945312
5944,-9880.906250,-9867.065430,13.840820
5945,-10546.724609,-10532.884766,13.839844
5946,-12760.541016,-12823.495117,62.954102
5947,-10994.683594,-11001.342773,6.659180
5948,-10132.266602,-10202.283203,70.016602
5949,-10367.769531,-10362.560547,5.208984
5950,-10534.928711,-10532.542969,2.385742
5951,-11483.229492,-11477.939453,5.290039
5952,-12932.311523,-12925.880859,6.430664
5953,-11338.549805,-11343.662109,5.112305
5954,-10473.745117,-10466.139648,7.605469
5955,-11508.249023,-11510.494141,2.245117
5956,-10956.463867,-10969.352539,12.888672
5957,-11414.412109,-11407.659180,6.752930
5958,-11549.358398,-11542.829102,6.529297
5959,-8060.297852,-7705.714355,354.583496
5960,-6553.354492,-7417.840332,864.485840
5961,-11405.671875,-11405.173828,0.498047
5962,-11270.529297,-11269.890625,0.638672
5963,-10419.478516,-10427.034180,7.555664
5964,-10976.133789,-10970.471680,5.662109
5965,-11541.286133,-11542.678711,1.392578
5966,-10947.631836,-10937.065430,10.566406
5967,-10956.951172,-10969.996094,13.044922
5968,-12399.710938,-12385.294922,14.416016
5969,-11545.640625,-11543.678711,1.961914
5970,-11477.951172,-11477.889648,0.061523
5971,-10933.916016,-10935.035156,1.119141
5972,-11908.065430,-11915.772461,7.707031
5973,-11779.989258,-11777.057617,2.931641
5974,-10845.960938,-10847.817383,1.856445
5975,-13470.560547,-13467.208008,3.352539
5976,-12399.147461,-12423.417969,24.270508
5977,-10459.983398,-10466.397461,6.414062
5978,-10433.291992,-10441.070312,7.778320
5979,-9980.419922,-9957.754883,22.665039
5980,-9945.647461,-9927.888672,17.758789
5981,-11510.459961,-11508.899414,1.560547
5982,-9910.321289,-9893.173828,17.147461
5983,-11008.786133,-11003.878906,4.907227
5984,-10576.421875,-10565.184570,11.237305
5985,-10907.417969,-10906.777344,0.640625
5986,-10964.789062,-10970.378906,5.589844
5987,-10947.951172,-10945.191406,2.759766
5988,-11825.827148,-11813.404297,12.422852
5989,-10537.732422,-10533.487305,4.245117
5990,-10546.081055,-10533.208984,12.872070
5991,-10724.668945,-10742.902344,18.233398
5992,-12945.917969,-12975.005859,29.087891
5993,-9914.171875,-9900.692383,13.479492
5994,-9417.020508,-9421.955078,4.934570
5995,-8965.990234,-8955.800781,10.189453
5996,-11942.885742,-11948.901367,6.015625
5997,-11926.674805,-11916.182617,10.492188
5998,-11553.301758,-11542.619141,10.682617
5999,-11386.347656,-11408.479492,22.131836
6000,-12484.647461,-12489.029297,4.381836
6001,-10537.977539,-10534.251953,3.725586
6002,-11005.819336,-11002.454102,3.365234
6003,-11478.292969,-11477.057617,1.235352
6004,-11325.781250,-11302.988281,22.792969
6005,-10885.354492,-10879.950195,5.404297
6006,-11362.621094,-11370.720703,8.099609
6007,-9965.036133,-9958.897461,6.138672
6008,-11505.983398,-11509.330078,3.346680
6009,-10933.935547,-10936.962891,3.027344
6010,-11381.583008,-11370.547852,11.035156
6011,-10303.129883,-10307.290039,4.160156
6012,-11919.836914,-11912.441406,7.395508
6013,-11458.083008,-11452.060547,6.022461
6014,-10946.892578,-10937.089844,9.802734
6015,-11836.731445,-11843.937500,7.206055
6016,-9433.058594,-9429.690430,3.368164
6017,-11542.052734,-11542.786133,0.733398
6018,-11888.229492,-11882.014648,6.214844
6019,-9898.224609,-9900.135742,1.911133
6020,-11581.455078,-11576.243164,5.211914
6021,-11483.774414,-11478.773438,5.000977
6022,-10971.559570,-10970.014648,1.544922
6023,-11798.806641,-11844.636719,45.830078
6024,-10362.776367,-10362.381836,0.394531
6025,-11911.151367,-11915.171875,4.020508
6026,-9459.958984,-9437.680664,22.278320
6027,-11388.208984,-11373.262695,14.946289
6028,-11942.715820,-11947.747070,5.031250
6029,-12393.659180,-12385.735352,7.923828
6030,-10526.386719,-10534.105469,7.718750
6031,-11955.000977,-11948.583008,6.417969
6032,-10893.406250,-10912.221680,18.815430
6033,-10952.546875,-10935.297852,17.249023
6034,-11951.575195,-11946.133789,5.441406
6035,-12210.423828,-12215.238281,4.814453
6036,-11514.821289,-11510.933594,3.887695
6037,-11564.598633,-11576.652344,12.053711
6038,-10941.658203,-10938.129883,3.528320
6039,-10952.555664,-10937.294922,15.260742
6040,-10975.054688,-10969.304688,5.750000
6041,-10906.031250,-10904.185547,1.845703
6042,-11000.842773,-11002.484375,1.641602
6043,-10976.093750,-10970.513672,5.580078
6044,-9546.417969,-9522.640625,23.777344
6045,-10567.369141,-10566.148438,1.220703
6046,-11324.274414,-11308.634766,15.639648
6047,-11213.979492,-11238.512695,24.533203
6048,-12481.841797,-12488.767578,6.925781
6049,-10538.050781,-10533.381836,4.668945
6050,-12890.741211,-12892.317383,1.576172
6051,-11504.079102,-11510.434570,6.355469
6052,-11516.079102,-11484.461914,31.617188
6053,-12444.581055,-12456.115234,11.534180
6054,-10536.106445,-10531.722656,4.383789
6055,-9880.203125,-9901.094727,20.891602
6056,-12417.845703,-12467.563477,49.717773
6057,-12529.449219,-12522.480469,6.968750
6058,-10500.889648,-10499.504883,1.384766
6059,-12573.558594,-12259.187500,314.371094
6060,-12957.807617,-12960.307617,2.500000
6061,-10945.251953,-10938.041992,7.209961
6062,-10939.813477,-10935.704102,4.109375
6063,-11761.292969,-11780.760742,19.467773
6064,-11489.144531,-11510.391602,21.247070
6065,-10939.227539,-10937.059570,2.167969
6066,-11399.953125,-11371.731445,28.221680
6067,-12227.031250,-12249.180664,22.149414
6068,-10327.254883,-10303.719727,23.535156
6069,-9479.869141,-9463.680664,16.188477
6070,-10971.109375,-10969.326172,1.783203
6071,-8948.957031,-8954.830078,5.873047
6072,-12369.220703,-12352.443359,16.777344
6073,-9561.976562,-9555.807617,6.168945
6074,-10568.544922,-10565.985352,2.559570
6075,-10532.364258,-10533.790039,1.425781
6076,-9314.446289,-9269.077148,45.369141
6077,-11994.937500,-12014.423828,19.486328
6078,-10570.513672,-10566.439453,4.074219
6079,-9579.656250,-9555.850586,23.805664
6080,-10498.585938,-10500.498047,1.912109
6081,-10466.080078,-10440.390625,25.689453
6082,-10376.626953,-10396.551758,19.924805
6083,-10507.487305,-10500.884766,6.602539
6084,-10858.479492,-10847.871094,10.608398
6085,-12487.988281,-12488.779297,0.791016
6086,-9435.648438,-9404.120117,31.528320
6087,-10560.428711,-10565.530273,5.101562
6088,-12405.889648,-12386.267578,19.622070
6089,-10501.520508,-10500.716797,0.803711
6090,-13518.648438,-13532.169922,13.521484
6091,-13312.380859,-13364.461914,52.081055
6092,-10414.696289,-10396.807617,17.888672
6093,-12391.457031,-12385.821289,5.635742
6094,-10968.133789,-10968.716797,0.583008
6095,-11483.955078,-11477.828125,6.126953
6096,-10900.867188,-10901.682617,0.815430
6097,-10999.160156,-11002.774414,3.614258
6098,-9366.250000,-9335.587891,30.662109
6099,-11366.987305,-11374.445312,7.458008
6100,-10992.243164,-11002.137695,9.894531
6101,-8838.626953,-8798.662109,39.964844
6102,-11772.415039,-11777.512695,5.097656
6103,-10974.585938,-10968.984375,5.601562
6104,-13458.857422,-13466.763672,7.906250
6105,-12739.716797,-12753.837891,14.121094
6106,-9938.496094,-9925.995117,12.500977
6107,-12430.566406,-12456.543945,25.977539
6108,-10631.204102,-10637.228516,6.024414
6109,-9556.475586,-9553.991211,2.484375
6110,-10871.489258,-10865.761719,5.727539
6111,-10386.973633,-10371.690430,15.283203
6112,-8498.019531,-8460.232422,37.787109
6113,-10529.270508,-10532.671875,3.401367
6114,-11934.415039,-11947.002930,12.587891
6115,-9454.458984,-8954.927734,499.531250
6116,-11761.257812,-11778.174805,16.916992
6117,-12353.808594,-12353.871094,0.062500
6118,-11881.517578,-11915.417969,33.900391
6119,-11507.995117,-11511.928711,3.933594
6120,-11576.494141,-11575.780273,0.713867
6121,-13348.241211,-13365.168945,16.927734
6122,-12751.856445,-12790.611328,38.754883
6123,-10571.794922,-10565.227539,6.567383
6124,-11948.192383,-11946.076172,2.116211
6125,-11540.774414,-11542.412109,1.637695
6126,-12842.120117,-12823.603516,18.516602
6127,-11986.939453,-11980.710938,6.228516
6128,-12536.430664,-12522.559570,13.871094
6129,-10570.823242,-10565.275391,5.547852
6130,-11854.643555,-11844.947266,9.696289
6131,-10442.591797,-10429.929688,12.662109
6132,-10847.754883,-10809.020508,38.734375
6133,-10936.794922,-10936.672852,0.122070
6134,-11955.603516,-11946.540039,9.063477
6135,-12322.853516,-12352.928711,30.075195
6136,-11508.645508,-11509.619141,0.973633
6137,-12467.896484,-12488.530273,20.633789
6138,-10757.604492,-10766.149414,8.544922
6139,-11253.080078,-11275.863281,22.783203
6140,-10972.166992,-10970.639648,1.527344
6141,-11401.424805,-11409.173828,7.749023
6142,-10565.973633,-10566.595703,0.622070
6143,-10859.172852,-10866.167969,6.995117
6144,-10962.680664,-10969.209961,6.529297
6145,-12798.243164,-12790.657227,7.585938
6146,-11193.046875,-11206.416992,13.370117
6147,-8925.783203,-8921.472656,4.310547
6148,-10576.441406,-10566.432617,10.008789
6149,-13153.290039,-13192.618164,39.328125
6150,-12494.548828,-12487.752930,6.795898
6151,-9311.333008,-9341.446289,30.113281
6152,-11919.038086,-11914.621094,4.416992
6153,-10570.486328,-10565.140625,5.345703
6154,-11813.077148,-11812.437500,0.639648
6155,-10539.824219,-10533.441406,6.382812
6156,-13468.354492,-13467.667969,0.686523
6157,-11471.612305,-11476.775391,5.163086
6158,-11972.012695,-11980.948242,8.935547
6159,-10968.442383,-10970.636719,2.194336
6160,-10958.066406,-10971.367188,13.300781
6161,-10298.559570,-10304.129883,5.570312
6162,-11987.953125,-11981.758789,6.194336
6163,-11918.677734,-11914.250000,4.427734
6164,-10494.373047,-10499.924805,5.551758
6165,-3028.021973,-5377.770020,2349.748047
6166,-12944.676758,-12960.115234,15.438477
6167,-11936.553711,-11948.136719,11.583008
6168,-10952.708008,-10935.658203,17.049805
6169,-10362.231445,-10365.722656,3.491211
6170,-11949.797852,-11948.838867,0.958984
6171,-9447.429688,-9462.991211,15.561523
6172,-10940.872070,-10936.349609,4.522461
6173,-11385.782227,-11376.375000,9.407227
6174,-10360.924805,-10328.431641,32.493164
6175,-8895.675781,-8888.481445,7.194336
6176,-11821.508789,-11844.511719,23.002930
6177,-12803.818359,-12788.192383,15.625977
6178,-10534.883789,-10533.240234,1.643555
6179,-10901.060547,-10903.683594,2.623047
6180,-11340.038086,-11315.060547,24.977539
6181,-9460.163086,-9463.708984,3.545898
6182,-11261.200195,-11272.755859,11.555664
6183,-12828.511719,-12855.903320,27.391602
6184,-12557.209961,-12554.442383,2.767578
6185,-11686.604492,-11674.330078,12.274414
6186,-11524.584961,-11543.055664,18.470703
6187,-10937.554688,-10937.850586,0.295898
6188,-8294.513672,-8292.240234,2.273438
6189,-10591.303711,-10565.171875,26.131836
6190,-10495.388672,-10507.858398,12.469727
6191,-10539.852539,-10532.060547,7.791992
6192,-11384.333008,-11372.408203,11.924805
6193,-12484.981445,-12488.810547,3.829102
6194,-10989.545898,-10971.846680,17.699219
6195,-10939.464844,-10934.083984,5.380859
6196,-10783.952148,-10800.139648,16.187500
6197,-11854.242188,-11883.955078,29.712891
6198,-9996.968750,-9990.605469,6.363281
6199,-10941.007812,-10936.054688,4.953125
6200,-11772.613281,-11752.042969,20.570312
6201,-11514.467773,-11511.403320,3.064453
6202,-10460.622070,-10465.687500,5.065430
6203,-9497.591797,-9464.421875,33.169922
6204,-10942.475586,-10934.930664,7.544922
6205,-10507.773438,-10507.027344,0.746094
6206,-11885.131836,-11882.811523,2.320312
6207,-11542.332031,-11544.360352,2.028320
6208,-11497.036133,-11512.415039,15.378906
6209,-9604.693359,-9621.770508,17.077148
6210,-10944.383789,-10936.509766,7.874023
6211,-11484.027344,-11479.785156,4.242188
6212,-11475.588867,-11475.661133,0.072266
6213,-11975.514648,-11948.456055,27.058594
6214,-9486.128906,-9496.557617,10.428711
6215,-10918.118164,-10903.786133,14.332031
6216,-11943.973633,-11948.911133,4.937500
6217,-12860.494141,-12894.662109,34.167969
6218,-10781.136719,-10775.021484,6.115234
6219,-10470.245117,-10440.341797,29.903320
6220,-12006.264648,-12012.625977,6.361328
6221,-11432.115234,-11407.892578,24.222656
6222,-10562.763672,-10565.334961,2.571289
6223,-9860.166016,-9867.155273,6.989258
6224,-12518.781250,-12520.381836,1.600586
6225,-9451.750977,-9456.361328,4.610352
6226,-10365.095703,-10333.644531,31.451172
6227,-10439.459961,-10427.645508,11.814453
6228,-11956.260742,-11948.212891,8.047852
6229,-9501.371094,-9489.686523,11.684570
6230,-11574.197266,-11544.799805,29.397461
6231,-9443.410156,-9429.666992,13.743164
6232,-10562.248047,-10565.934570,3.686523
6233,-10863.288086,-10878.510742,15.222656
6234,-11924.978516,-11916.218750,8.759766
6235,-10474.260742,-10440.463867,33.796875
6236,-14796.701172,-14919.444336,122.743164
6237,-11548.983398,-11542.885742,6.097656
6238,-12509.270508,-12521.058594,11.788086
6239,-10573.084961,-10566.624023,6.460938
6240,-7665.232910,-7482.818848,182.414062
6241,-11001.345703,-11000.407227,0.938477
6242,-10921.764648,-10936.951172,15.186523
6243,-12523.660156,-12521.361328,2.298828
6244,-9967.710938,-9958.678711,9.032227
6245,-11956.557617,-11947.196289,9.361328
6246,-11389.149414,-11375.629883,13.519531
6247,-10939.281250,-10935.071289,4.209961
6248,-10955.225586,-10937.586914,17.638672
6249,-10508.736328,-10500.685547,8.050781
6250,-11564.727539,-11575.932617,11.205078
6251,-10939.687500,-10937.043945,2.643555
6252,-11752.708984,-11778.479492,25.770508
6253,-12921.249023,-12925.860352,4.611328
6254,-11356.220703,-11376.359375,20.138672
6255,-11971.808594,-11981.125977,9.317383
6256,-12358.102539,-12353.724609,4.377930
6257,-12445.117188,-12455.959961,10.842773
6258,-9753.098633,-9700.911133,52.187500
6259,-10903.315430,-10904.110352,0.794922
6260,-10905.269531,-10905.850586,0.581055
6261,-12336.754883,-12351.849609,15.094727
6262,-12505.738281,-12521.620117,15.881836
6263,-10901.369141,-10913.379883,12.010742
6264,-12544.699219,-12547.538086,2.838867
6265,-10592.541992,-10599.202148,6.660156
6266,-10788.647461,-10770.435547,18.211914
6267,-9581.415039,-9555.217773,26.197266
6268,-11839.520508,-11844.366211,4.845703
6269,-10536.496094,-10532.931641,3.564453
6270,-10997.216797,-11003.449219,6.232422
6271,-11530.791992,-11543.920898,13.128906
6272,-9473.607422,-9464.071289,9.536133
6273,-11970.346680,-11979.277344,8.930664
6274,-11939.689453,-11948.605469,8.916016
6275,-11944.203125,-11946.947266,2.744141
6276,-9470.323242,-9462.250977,8.072266
6277,-10499.019531,-10501.223633,2.204102
6278,-10528.705078,-10531.978516,3.273438
6279,-10949.740234,-10968.284180,18.543945
6280,-12882.078125,-12894.860352,12.782227
6281,-10792.921875,-10770.224609,22.697266
6282,-10599.134766,-10598.136719,0.998047
6283,-10506.325195,-10501.081055,5.244141
6284,-10410.626953,-10395.937500,14.689453
6285,-11775.749023,-11812.349609,36.600586
6286,-9462.742188,-9463.718750,0.976562
6287,-13433.166992,-13467.027344,33.860352
6288,-11475.851562,-11452.790039,23.061523
6289,-11566.940430,-11575.646484,8.706055
6290,-11378.404297,-11375.367188,3.037109
6291,-10500.951172,-10497.339844,3.611328
6292,-10832.063477,-10801.038086,31.025391
6293,-9491.702148,-9462.699219,29.002930
6294,-12662.046875,-12684.954102,22.907227
6295,-9479.898438,-9463.763672,16.134766
6296,-10924.832031,-10937.933594,13.101562
6297,-9938.726562,-9933.347656,5.378906
6298,-11388.023438,-11374.814453,13.208984
6299,-11370.454102,-11376.949219,6.495117
6300,-11775.201172,-11746.861328,28.339844
6301,-10939.556641,-10935.325195,4.231445
6302,-9978.485352,-9957.830078,20.655273
6303,-9907.970703,-9900.231445,7.739258
6304,-11434.995117,-11445.609375,10.614258
6305,-9937.756836,-9926.439453,11.317383
6306,-10847.111328,-10832.476562,14.634766
6307,-10506.923828,-10474.677734,32.246094
6308,-11910.497070,-11946.180664,35.683594
6309,-10834.853516,-10833.856445,0.997070
6310,-10568.881836,-10565.085938,3.795898
6311,-10869.728516,-10846.225586,23.502930
6312,-10938.808594,-10935.525391,3.283203
6313,-11511.847656,-11510.147461,1.700195
6314,-10602.862305,-10598.187500,4.674805
6315,-13331.708008,-13331.017578,0.690430
6316,-11385.621094,-11374.160156,11.460938
6317,-11538.918945,-11543.142578,4.223633
6318,-11494.888672,-11510.717773,15.829102
6319,-11978.610352,-11981.158203,2.547852
6320,-11928.157227,-11947.007812,18.850586
6321,-11941.859375,-11948.187500,6.328125
6322,-11797.692383,-11811.952148,14.259766
6323,-9483.336914,-9464.154297,19.182617
6324,-12355.459961,-12352.457031,3.002930
6325,-12016.608398,-12012.301758,4.306641
6326,-12398.209961,-12422.865234,24.655273
6327,-9876.138672,-9868.408203,7.730469
6328,-11517.205078,-11512.030273,5.174805
6329,-10368.489258,-10338.574219,29.915039
6330,-10530.866211,-10531.251953,0.385742
6331,-11974.343750,-11981.266602,6.922852
6332,-12481.932617,-12489.069336,7.136719
6333,-11949.562500,-11948.494141,1.068359
6334,-11509.154297,-11512.517578,3.363281
6335,-12888.782227,-12894.058594,5.276367
6336,-10970.839844,-10969.615234,1.224609
6337,-9361.670898,-9360.319336,1.351562
6338,-9913.300781,-9898.428711,14.872070
6339,-11896.866211,-11914.474609,17.608398
6340,-11415.149414,-11408.162109,6.987305
6341,-10838.112305,-10877.237305,39.125000
6342,-10399.196289,-10395.997070,3.199219
6343,-9963.069336,-9927.988281,35.081055
6344,-11464.472656,-11474.636719,10.164062
6345,-11533.661133,-11543.029297,9.368164
6346,-10838.402344,-10879.013672,40.611328
6347,-10963.562500,-10969.248047,5.685547
6348,-11287.450195,-11316.333984,28.883789
6349,-9948.986328,-9932.275391,16.710938
6350,-11548.944336,-11543.156250,5.788086
6351,-12366.719727,-12386.563477,19.843750
6352,-10888.754883,-10899.889648,11.134766
6353,-11506.346680,-11510.255859,3.909180
6354,-11466.751953,-11478.362305,11.610352
6355,-11542.833984,-11542.799805,0.034180
6356,-10019.025391,-9990.944336,28.081055
6357,-11515.161133,-11509.520508,5.640625
6358,-11506.652344,-11511.707031,5.054688
6359,-11324.919922,-11307.742188,17.177734
6360,-10942.018555,-10936.998047,5.020508
6361,-11498.111328,-11509.796875,11.685547
6362,-10936.397461,-10937.905273,1.507812
6363,-10532.744141,-10532.910156,0.166016
6364,-10907.951172,-10936.413086,28.461914
6365,-12896.219727,-12894.595703,1.624023
6366,-12922.580078,-12927.335938,4.755859
6367,-11897.818359,-11915.028320,17.209961
6368,-12518.907227,-12521.180664,2.273438
6369,-10600.642578,-10598.570312,2.072266
6370,-11944.205078,-11948.520508,4.315430
6371,-9795.689453,-9705.731445,89.958008
6372,-11337.515625,-11307.857422,29.658203
6373,-11311.021484,-11317.273438,6.251953
6374,-12484.776367,-12488.051758,3.275391
6375,-10536.205078,-10532.860352,3.344727
6376,-10946.943359,-10936.205078,10.738281
6377,-11418.701172,-11407.763672,10.937500
6378,-11492.315430,-11508.641602,16.326172
6379,-11603.250977,-11609.514648,6.263672
6380,-10365.400391,-10362.475586,2.924805
6381,-12515.527344,-12520.986328,5.458984
6382,-11502.015625,-11510.742188,8.726562
6383,-10532.341797,-10529.913086,2.428711
6384,-11983.230469,-11981.704102,1.526367
6385,-11983.125977,-11980.180664,2.945312
6386,-11979.780273,-11981.183594,1.403320
6387,-12765.212891,-12790.095703,24.882812
6388,-12502.609375,-12522.397461,19.788086
6389,-10944.916992,-10937.999023,6.917969
6390,-10538.073242,-10532.491211,5.582031
6391,-7925.592773,-7851.728516,73.864258
6392,-11542.049805,-11542.890625,0.840820
6393,-10923.968750,-10937.510742,13.541992
6394,-11419.824219,-11408.416992,11.407227
6395,-10915.993164,-10904.225586,11.767578
6396,-10933.846680,-10937.527344,3.680664
6397,-11507.670898,-11509.393555,1.722656
6398,-12434.824219,-12456.214844,21.390625
6399,-9382.322266,-9404.697266,22.375000
6400,-10595.503906,-10598.293945,2.790039
6401,-9898.234375,-9901.551758,3.317383
6402,-12476.722656,-12487.649414,10.926758
6403,-13028.643555,-13008.165039,20.478516
6404,-8492.146484,-8487.020508,5.125977
6405,-11544.724609,-11543.875977,0.848633
6406,-10532.706055,-10532.032227,0.673828
6407,-13073.083984,-13007.541992,65.541992
6408,-13699.320312,-13763.859375,64.539062
6409,-12338.901367,-12352.653320,13.751953
6410,-11391.803711,-11374.122070,17.681641
6411,-10509.440430,-10500.298828,9.141602
6412,-10574.585938,-10565.914062,8.671875
6413,-8462.662109,-8428.314453,34.347656
6414,-10605.407227,-10599.030273,6.376953
6415,-10975.789062,-10968.126953,7.662109
6416,-10427.971680,-10430.720703,2.749023
6417,-8782.086914,-8832.421875,50.334961
6418,-10535.241211,-10531.728516,3.512695
6419,-12639.161133,-12686.356445,47.195312
6420,-11960.952148,-11949.087891,11.864258
6421,-9981.240234,-9960.348633,20.891602
6422,-9521.074219,-9496.948242,24.125977
6423,-10463.819336,-10465.332031,1.512695
6424,-12382.628906,-12386.970703,4.341797
6425,-10934.010742,-10938.887695,4.876953
6426,-12517.326172,-12522.909180,5.583008
6427,-10984.458984,-10971.184570,13.274414
6428,-11865.898438,-11882.328125,16.429688
6429,-11540.916016,-11542.382812,1.466797
6430,-10969.593750,-10968.926758,0.666992
6431,-11945.718750,-11946.458008,0.739258
6432,-9536.396484,-9521.355469,15.041016
6433,-10939.662109,-10937.861328,1.800781
6434,-10372.117188,-10362.312500,9.804688
6435,-10297.088867,-10307.152344,10.063477
6436,-10295.120117,-10305.485352,10.365234
6437,-12448.725586,-12417.501953,31.223633
6438,-9996.144531,-9991.794922,4.349609
6439,-10941.157227,-10912.362305,28.794922
6440,-10387.121094,-10362.679688,24.441406
6441,-11402.498047,-11372.613281,29.884766
6442,-11937.976562,-11946.962891,8.986328
6443,-10995.595703,-11002.601562,7.005859
6444,-11352.009766,-11343.025391,8.984375
6445,-9965.735352,-9967.184570,1.449219
6446,-12518.581055,-12521.763672,3.182617
6447,-10003.767578,-9990.000977,13.766602
6448,-10943.954102,-10937.978516,5.975586
6449,-10460.836914,-10430.442383,30.394531
6450,-7402.305664,-7357.669434,44.636230
6451,-12016.720703,-12014.994141,1.726562
6452,-9535.083008,-9495.891602,39.191406
6453,-9974.210938,-9990.221680,16.010742
6454,-11370.122070,-11375.358398,5.236328
6455,-11830.722656,-11810.471680,20.250977
6456,-10942.918945,-10937.912109,5.006836
6457,-10466.001953,-10441.705078,24.296875
6458,-11906.341797,-11914.058594,7.716797
6459,-10971.259766,-10970.208984,1.050781
6460,-12885.811523,-12892.472656,6.661133
6461,-10505.420898,-10498.848633,6.572266
6462,-11695.576172,-11707.958984,12.382812
6463,-13165.002930,-13193.564453,28.561523
6464,-11201.451172,-11206.444336,4.993164
6465,-11902.009766,-11914.106445,12.096680
6466,-11246.656250,-11271.194336,24.538086
6467,-10853.503906,-10845.550781,7.953125
6468,-10506.417969,-10499.207031,7.210938
6469,-10493.834961,-10473.474609,20.360352
6470,-11574.211914,-11575.768555,1.556641
6471,-11363.648438,-11375.027344,11.378906
6472,-12418.610352,-12418.947266,0.336914
6473,-11490.587891,-11476.148438,14.439453
6474,-10973.215820,-10969.426758,3.789062
6475,-11990.066406,-11981.442383,8.624023
6476,-11945.347656,-11948.339844,2.992188
6477,-11536.187500,-11542.722656,6.535156
6478,-12907.594727,-12925.924805,18.330078
6479,-10440.750000,-10441.251953,0.501953
6480,-11951.070312,-11947.135742,3.934570
6481,-10439.679688,-10441.303711,1.624023
6482,-11374.958984,-11386.546875,11.587891
6483,-8955.691406,-8865.152344,90.539062
6484,-12328.671875,-12353.202148,24.530273
6485,-11526.769531,-11543.372070,16.602539
6486,-10623.499023,-10598.274414,25.224609
6487,-12493.773438,-12487.866211,5.907227
6488,-11795.694336,-11779.964844,15.729492
6489,-11397.773438,-11408.416016,10.642578
6490,-11747.224609,-11779.511719,32.287109
6491,-10974.811523,-10971.464844,3.346680
6492,-11470.341797,-11475.713867,5.372070
6493,-11545.000000,-11543.994141,1.005859
6494,-10514.198242,-10499.750000,14.448242
6495,-8449.836914,-8360.398438,89.438477
6496,-10435.289062,-10442.428711,7.139648
6497,-11742.781250,-11779.994141,37.212891
6498,-12932.160156,-10382.130859,2550.029297
6499,-8393.996094,-8369.841797,24.154297
6500,-11879.551758,-11880.468750,0.916992
6501,-12953.059570,-12959.048828,5.989258
6502,-12362.519531,-12385.121094,22.601562
6503,-8808.575195,-8832.158203,23.583008
6504,-11549.620117,-11542.461914,7.158203
6505,-10889.177734,-10866.919922,22.257812
6506,-10533.154297,-10532.033203,1.121094
6507,-10557.172852,-10565.028320,7.855469
6508,-10401.795898,-10396.862305,4.933594
6509,-10976.250000,-10968.483398,7.766602
6510,-7400.288086,-7450.736328,50.448242
6511,-11916.608398,-11911.302734,5.305664
6512,-10100.459961,-10280.909180,180.449219
6513,-10936.647461,-10935.758789,0.888672
6514,-12485.177734,-12520.964844,35.787109
6515,-9598.759766,-9588.957031,9.802734
6516,-11825.982422,-11812.482422,13.500000
6517,-9929.595703,-9928.409180,1.186523
6518,-9478.012695,-9463.348633,14.664062
6519,-10957.519531,-10969.319336,11.799805
6520,-10967.506836,-10971.381836,3.875000
6521,-11340.759766,-11342.081055,1.321289
6522,-10934.015625,-10904.826172,29.189453
6523,-11957.196289,-11947.588867,9.607422
6524,-11512.959961,-11509.509766,3.450195
6525,-10558.439453,-10565.573242,7.133789
6526,-11541.057617,-11542.657227,1.599609
6527,-11537.185547,-11544.461914,7.276367
6528,-10489.756836,-10472.827148,16.929688
6529,-10969.242188,-10969.171875,0.070312
6530,-10601.579102,-10598.323242,3.255859
6531,-10534.191406,-10533.204102,0.987305
6532,-8643.845703,-8487.090820,156.754883
6533,-12484.544922,-12488.403320,3.858398
6534,-10607.822266,-10598.347656,9.474609
6535,-12511.075195,-12520.347656,9.272461
6536,-11363.332031,-11341.550781,21.781250
6537,-10890.387695,-10878.234375,12.153320
6538,-8475.585938,-8461.069336,14.516602
6539,-9931.331055,-9926.146484,5.184570
6540,-10564.477539,-10565.138672,0.661133
6541,-11004.769531,-11003.778320,0.991211
6542,-11511.511719,-11510.385742,1.125977
6543,-12517.475586,-12520.262695,2.787109
6544,-12386.477539,-12386.197266,0.280273
6545,-10944.421875,-10935.923828,8.498047
6546,-12265.465820,-12250.009766,15.456055
6547,-10536.800781,-10532.914062,3.886719
6548,-10318.964844,-10297.892578,21.072266
6549,-10895.278320,-10879.382812,15.895508
6550,-11959.000977,-11946.602539,12.398438
6551,-9561.740234,-9555.177734,6.562500
6552,-11888.343750,-11947.775391,59.431641
6553,-10939.846680,-10938.161133,1.685547
6554,-12166.991211,-12353.657227,186.666016
6555,-9823.755859,-9810.442383,13.313477
6556,-11337.121094,-11341.369141,4.248047
6557,-12354.178711,-12354.201172,0.022461
6558,-9991.502930,-9993.829102,2.326172
6559,-11510.573242,-11510.591797,0.018555
6560,-10902.700195,-10906.291992,3.591797
6561,-10545.291992,-10531.816406,13.475586
6562,-10953.929688,-10970.180664,16.250977
6563,-13343.979492,-13466.535156,122.555664
6564,-12352.233398,-12353.563477,1.330078
6565,-10467.517578,-10467.541992,0.024414
6566,-9884.425781,-9900.017578,15.591797
6567,-11356.293945,-11376.757812,20.463867
6568,-11030.464844,-11034.606445,4.141602
6569,-11950.155273,-11948.728516,1.426758
6570,-10935.288086,-10935.972656,0.684570
6571,-11515.728516,-11510.364258,5.364258
6572,-10530.406250,-10532.663086,2.256836
6573,-9454.486328,-9462.975586,8.489258
6574,-11535.294922,-11543.112305,7.817383
6575,-10968.052734,-10968.105469,0.052734
6576,-10967.824219,-10969.100586,1.276367
6577,-9602.628906,-9588.366211,14.262695
6578,-13388.481445,-13468.444336,79.962891
6579,-10538.503906,-10533.015625,5.488281
6580,-10000.899414,-9991.471680,9.427734
6581,-11577.913086,-11575.973633,1.939453
6582,-10903.882812,-10900.742188,3.140625
6583,-10871.488281,-10832.536133,38.952148
6584,-9441.085938,-9404.273438,36.812500
6585,-11471.923828,-11478.386719,6.462891
6586,-11979.726562,-11979.778320,0.051758
6587,-10417.743164,-10397.607422,20.135742
6588,-11504.129883,-11511.010742,6.880859
6589,-12939.504883,-12975.416992,35.912109
6590,-11563.923828,-11575.732422,11.808594
6591,-10436.244141,-10430.135742,6.108398
6592,-11916.577148,-11917.383789,0.806641
6593,-11824.932617,-11844.425781,19.493164
6594,-11411.033203,-11440.979492,29.946289
6595,-11542.850586,-11543.536133,0.685547
6596,-9530.136719,-9530.043945,0.092773
6597,-9947.427734,-9934.678711,12.749023
6598,-11210.666992,-11238.744141,28.077148
6599,-9518.291016,-9522.630859,4.339844
6600,-11427.198242,-11443.496094,16.297852
6601,-11582.022461,-11577.100586,4.921875
6602,-11912.532227,-11910.515625,2.016602
6603,-12269.914062,-12248.736328,21.177734
6604,-12911.446289,-12925.985352,14.539062
6605,-11988.582031,-11945.730469,42.851562
6606,-12475.912109,-12488.894531,12.982422
6607,-11490.433594,-11510.966797,20.533203
6608,-12484.347656,-12487.548828,3.201172
6609,-12887.980469,-12959.468750,71.488281
6610,-9897.902344,-9899.987305,2.084961
6611,-10540.414062,-10533.459961,6.954102
6612,-11947.319336,-11950.552734,3.233398
6613,-11801.450195,-11811.904297,10.454102
6614,-12975.808594,-12958.558594,17.250000
6615,-10970.499023,-10971.572266,1.073242
6616,-10569.164062,-10566.495117,2.668945
6617,-11883.541992,-11851.520508,32.021484
6618,-9468.178711,-9455.417969,12.760742
6619,-9487.369141,-9496.337891,8.968750
6620,-9415.361328,-9428.976562,13.615234
6621,-11348.327148,-11340.534180,7.792969
6622,-9507.670898,-9496.867188,10.803711
6623,-9588.311523,-9554.996094,33.315430
6624,-10504.015625,-10500.686523,3.329102
6625,-9340.429688,-9405.393555,64.963867
6626,-10975.183594,-10968.287109,6.896484
6627,-9901.763672,-9868.366211,33.397461
6628,-10897.974609,-10904.522461,6.547852
6629,-11856.301758,-11883.293945,26.992188
6630,-12718.659180,-12789.957031,71.297852
6631,-10333.891602,-10362.391602,28.500000
6632,-12367.500000,-12384.948242,17.448242
6633,-7372.617188,-7449.321777,76.704590
6634,-11478.916016,-11477.954102,0.961914
6635,-11548.032227,-11544.065430,3.966797
6636,-7873.895508,-7759.618164,114.277344
6637,-11980.624023,-11981.191406,0.567383
6638,-9957.258789,-9876.720703,80.538086
6639,-10925.460938,-10938.380859,12.919922
6640,-9425.497070,-9406.640625,18.856445
6641,-10843.955078,-10833.599609,10.355469
6642,-8849.853516,-8864.882812,15.029297
6643,-12438.008789,-12455.226562,17.217773
6644,-10366.962891,-10363.786133,3.176758
6645,-10901.632812,-10901.345703,0.287109
6646,-10530.338867,-10534.022461,3.683594
6647,-10942.397461,-10935.964844,6.432617
6648,-12512.369141,-12521.274414,8.905273
6649,-12915.787109,-12927.013672,11.226562
6650,-10906.202148,-10877.741211,28.460938
6651,-11525.664062,-11485.257812,40.406250
6652,-11947.928711,-11946.397461,1.531250
6653,-10506.110352,-10499.855469,6.254883
6654,-11954.222656,-11948.119141,6.103516
6655,-11909.372070,-11915.372070,6.000000
6656,-8379.312500,-8359.513672,19.798828
6657,-11474.626953,-11475.498047,0.871094
6658,-9436.863281,-9455.446289,18.583008
6659,-11922.768555,-11915.995117,6.773438
6660,-10958.127930,-10968.748047,10.620117
6661,-11560.193359,-11576.008789,15.815430
6662,-10957.861328,-10937.155273,20.706055
6663,-10572.002930,-10566.336914,5.666016
6664,-10534.712891,-10533.889648,0.823242
6665,-11978.621094,-11981.595703,2.974609
6666,-12354.568359,-12350.899414,3.668945
6667,-11397.550781,-11420.953125,23.402344
6668,-8242.287109,-8199.676758,42.610352
6669,-10973.420898,-10970.687500,2.733398
6670,-11137.027344,-11205.355469,68.328125
6671,-10443.656250,-10430.242188,13.414062
6672,-10537.522461,-10532.362305,5.160156
6673,-11516.915039,-11478.315430,38.599609
6674,-12539.267578,-12553.429688,14.162109
6675,-10972.310547,-10967.556641,4.753906
6676,-8433.753906,-8451.443359,17.689453
6677,-10532.516602,-10530.098633,2.417969
6678,-12006.321289,-12014.387695,8.066406
6679,-10976.237305,-10968.466797,7.770508
6680,-12899.916016,-12925.835938,25.919922
6681,-12365.457031,-12384.209961,18.752930
6682,-12375.961914,-12384.289062,8.327148
6683,-10968.569336,-10969.686523,1.117188
6684,-11380.402344,-11372.363281,8.039062
6685,-10904.541992,-10937.698242,33.156250
6686,-8877.119141,-8897.663086,20.543945
6687,-12940.995117,-12926.035156,14.959961
6688,-12462.367188,-12456.406250,5.960938
6689,-12777.455078,-12791.375000,13.919922
6690,-10807.299805,-10801.087891,6.211914
6691,-12478.953125,-12488.156250,9.203125
6692,-9930.714844,-9931.874023,1.159180
6693,-11372.516602,-11373.067383,0.550781
6694,-11692.975586,-11719.922852,26.947266
6695,-11543.943359,-11544.750977,0.807617
6696,-10366.199219,-10339.474609,26.724609
6697,-12515.790039,-12520.551758,4.761719
6698,-10509.373047,-10499.073242,10.299805
6699,-11500.049805,-11511.259766,11.209961
6700,-10529.101562,-10531.166016,2.064453
6701,-15311.935547,-15617.058594,305.123047
6702,-11909.430664,-11914.876953,5.446289
6703,-12866.563477,-12894.142578,27.579102
6704,-11535.465820,-11543.175781,7.709961
6705,-11543.035156,-11543.420898,0.385742
6706,-11276.541992,-11270.888672,5.653320
6707,-10491.451172,-10462.556641,28.894531
6708,-12398.373047,-12478.056641,79.683594
6709,-8284.005859,-8517.593750,233.587891
6710,-11540.497070,-11542.445312,1.948242
6711,-12236.963867,-12248.939453,11.975586
6712,-12385.363281,-12386.500977,1.137695
6713,-11507.958984,-11510.304688,2.345703
6714,5656.825195,-8552.216797,14209.041992
6715,-12893.606445,-12925.038086,31.431641
6716,-11978.428711,-11980.103516,1.674805
6717,-12523.720703,-12521.382812,2.337891
6718,-12416.098633,-12418.824219,2.725586
6719,-11308.310547,-11308.459961,0.149414
6720,-10972.876953,-10968.372070,4.504883
6721,-14772.611328,-14919.193359,146.582031
6722,-12437.474609,-12423.381836,14.092773
6723,-12774.249023,-12756.564453,17.684570
6724,-9854.136719,-9798.224609,55.912109
6725,-11397.993164,-11407.102539,9.109375
6726,-10554.083008,-10534.447266,19.635742
6727,-11390.766602,-11374.688477,16.078125
6728,-10980.546875,-10970.327148,10.219727
6729,-10900.300781,-10880.304688,19.996094
6730,-11535.163086,-11543.630859,8.467773
6731,-10329.927734,-10365.396484,35.468750
6732,-11470.929688,-11479.885742,8.956055
6733,-10516.121094,-10532.721680,16.600586
6734,-11495.533203,-11510.920898,15.387695
6735,-9931.968750,-9933.482422,1.513672
6736,-10547.634766,-10532.160156,15.474609
6737,-12511.426758,-12522.443359,11.016602
6738,-11951.520508,-11945.715820,5.804688
6739,-10511.388672,-10499.939453,11.449219
6740,-12522.918945,-12521.777344,1.141602
6741,-11946.109375,-11946.972656,0.863281
6742,-9671.816406,-9620.909180,50.907227
6743,-10851.944336,-10834.299805,17.644531
6744,-10937.362305,-10937.739258,0.376953
6745,-12629.569336,-12617.473633,12.095703
6746,-12530.918945,-12411.206055,119.712891
6747,-8965.669922,-8921.691406,43.978516
6748,-10568.371094,-10565.456055,2.915039
6749,-10545.388672,-10532.026367,13.362305
6750,-7418.789062,-7357.893555,60.895508
6751,-10536.861328,-10533.166992,3.694336
6752,-10981.611328,-10968.233398,13.377930
6753,-10443.885742,-10430.479492,13.406250
6754,-10505.000000,-10501.299805,3.700195
6755,-11542.480469,-11542.505859,0.025391
6756,-10398.345703,-10440.128906,41.783203
6757,-11373.762695,-11373.184570,0.578125
6758,-11939.458008,-11948.306641,8.848633
6759,-14091.205078,-14202.479492,111.274414
6760,-9430.766602,-9431.113281,0.346680
6761,-11562.518555,-11576.083008,13.564453
6762,-11514.787109,-11510.501953,4.285156
6763,-12735.291016,-12790.029297,54.738281
6764,-10566.847656,-10566.023438,0.824219
6765,-9379.131836,-9454.777344,75.645508
6766,-11402.711914,-11406.812500,4.100586
6767,-10938.568359,-10935.182617,3.385742
6768,-9372.391602,-9486.203125,113.811523
6769,-11534.251953,-11543.260742,9.008789
6770,-13385.796875,-13331.712891,54.083984
6771,-13733.268555,-13767.662109,34.393555
6772,-12440.248047,-12454.460938,14.212891
6773,-11918.983398,-11914.759766,4.223633
6774,-9535.586914,-9522.250977,13.335938
6775,-10979.064453,-10970.203125,8.861328
6776,-10877.803711,-10880.273438,2.469727
6777,-12350.395508,-12354.241211,3.845703
6778,-11415.688477,-11407.594727,8.093750
6779,-11478.140625,-11477.750000,0.390625
6780,-8499.456055,-8518.549805,19.093750
6781,-10910.777344,-10904.487305,6.290039
6782,-10949.013672,-10934.583008,14.430664
6783,-11806.550781,-11810.633789,4.083008
6784,-10502.893555,-10497.324219,5.569336
6785,-10934.244141,-10935.904297,1.660156
6786,-11916.672852,-11914.836914,1.835938
6787,-12068.128906,-12029.431641,38.697266
6788,-12484.935547,-12489.417969,4.482422
6789,-13337.530273,-13445.164062,107.633789
6790,-10473.734375,-10475.251953,1.517578
6791,-9607.583984,-9588.694336,18.889648
6792,-8551.727539,-8519.834961,31.892578
6793,-11970.615234,-11980.708984,10.093750
6794,-10970.293945,-10969.499023,0.794922
6795,-12509.715820,-12521.533203,11.817383
6796,-12878.070312,-12892.530273,14.459961
6797,-12485.456055,-12522.438477,36.982422
6798,-11423.166016,-11484.406250,61.240234
6799,-10509.091797,-10506.882812,2.208984
6800,-11549.511719,-11543.892578,5.619141
6801,-10535.252930,-10534.295898,0.957031
6802,-12515.136719,-12521.058594,5.921875
6803,-10571.214844,-10565.112305,6.102539
6804,-10501.442383,-10498.730469,2.711914
6805,-11426.447266,-11441.054688,14.607422
6806,-11379.835938,-11375.143555,4.692383
6807,-11339.654297,-11341.801758,2.147461
6808,-11539.423828,-11543.681641,4.257812
6809,-12931.874023,-12926.704102,5.169922
6810,-8433.277344,-8452.208984,18.931641
6811,-11950.302734,-11947.986328,2.316406
6812,-12323.826172,-12318.202148,5.624023
6813,-11914.685547,-11914.926758,0.241211
6814,-10559.316406,-10533.073242,26.243164
6815,-11957.741211,-11948.590820,9.150391
6816,-9861.950195,-9866.116211,4.166016
6817,-10571.977539,-10566.173828,5.803711
6818,-11406.373047,-11407.983398,1.610352
6819,-10972.328125,-10968.267578,4.060547
6820,-10532.810547,-10534.549805,1.739258
6821,-9932.360352,-9932.522461,0.162109
6822,-11507.642578,-11510.685547,3.042969
6823,-9860.840820,-9867.212891,6.372070
6824,-12813.151367,-12926.276367,113.125000
6825,-9591.389648,-9588.641602,2.748047
6826,-11511.470703,-11510.497070,0.973633
6827,-10536.452148,-10530.409180,6.042969
6828,-10843.424805,-10846.048828,2.624023
6829,-10971.868164,-10968.322266,3.545898
6830,-9961.986328,-9957.538086,4.448242
6831,-12436.042969,-12453.955078,17.912109
6832,-9953.046875,-9959.441406,6.394531
6833,-10495.537109,-10498.639648,3.102539
6834,-10484.029297,-10497.677734,13.648438
6835,-11921.008789,-11917.233398,3.775391
6836,-12962.162109,-12959.224609,2.937500
6837,-11510.713867,-11510.406250,0.307617
6838,-10909.050781,-10902.467773,6.583008
6839,-10494.511719,-10499.417969,4.906250
6840,-11408.408203,-11406.910156,1.498047
6841,-10994.462891,-11001.863281,7.400391
6842,-11546.311523,-11510.563477,35.748047
6843,-11913.163086,-11916.190430,3.027344
6844,-11814.120117,-11812.769531,1.350586
6845,-10904.518555,-10911.800781,7.282227
6846,-12965.848633,-12958.405273,7.443359
6847,-10498.378906,-10507.823242,9.444336
6848,-10955.174805,-10936.325195,18.849609
6849,-9970.953125,-9960.082031,10.871094
6850,-11508.066406,-11510.536133,2.469727
6851,-11570.373047,-11575.979492,5.606445
6852,-10345.994141,-10338.853516,7.140625
6853,-12354.347656,-12384.692383,30.344727
6854,-11515.898438,-11526.724609,10.826172
6855,-11490.830078,-11478.109375,12.720703
6856,-10572.099609,-10566.567383,5.532227
6857,-13426.646484,-13468.065430,41.418945
6858,-11422.253906,-11406.353516,15.900391
6859,-9902.052734,-9934.524414,32.471680
6860,-9930.785156,-9933.437500,2.652344
6861,-10939.739258,-10937.909180,1.830078
6862,-11007.175781,-11000.751953,6.423828
6863,-8473.291016,-8460.329102,12.961914
6864,-11979.306641,-11980.586914,1.280273
6865,-10913.037109,-10903.001953,10.035156
6866,-9613.418945,-9588.487305,24.931641
6867,-10571.997070,-10566.584961,5.412109
6868,-11552.766602,-11577.155273,24.388672
6869,-10533.216797,-10532.479492,0.737305
6870,-11470.268555,-11476.382812,6.114258
6871,-11501.776367,-11510.726562,8.950195
6872,-11493.772461,-11512.888672,19.116211
6873,-10918.170898,-10935.134766,16.963867
6874,-10943.541992,-10936.585938,6.956055
6875,-9528.617188,-9522.531250,6.085938
6876,-10970.413086,-10969.610352,0.802734
6877,-10941.489258,-10936.771484,4.717773
6878,-11876.062500,-11882.380859,6.318359
6879,-11913.553711,-11917.491211,3.937500
6880,-11027.749023,-11034.800781,7.051758
6881,-10948.314453,-10935.855469,12.458984
6882,-11480.872070,-11478.846680,2.025391
6883,-11483.250000,-11512.209961,28.959961
6884,-9463.532227,-9462.855469,0.676758
6885,-11950.875977,-11947.082031,3.793945
6886,-10328.183594,-10371.855469,43.671875
6887,-11917.166016,-11914.510742,2.655273
6888,-11825.248047,-11849.799805,24.551758
6889,-10992.004883,-11002.238281,10.233398
6890,-11982.011719,-11981.728516,0.283203
6891,-9364.378906,-9327.948242,36.430664
6892,-9563.887695,-9554.448242,9.439453
6893,-11527.377930,-11543.679688,16.301758
6894,-10428.933594,-10439.903320,10.969727
6895,-9478.605469,-9462.855469,15.750000
6896,-9838.381836,-9843.089844,4.708008
6897,-11593.628906,-11608.864258,15.235352
6898,-9996.960938,-9991.866211,5.094727
6899,-12369.164062,-12386.342773,17.178711
6900,-11526.348633,-11509.261719,17.086914
6901,-9977.356445,-9957.588867,19.767578
6902,-7852.193359,-7818.456055,33.737305
6903,-10978.857422,-10968.817383,10.040039
6904,-9913.442383,-9924.066406,10.624023
6905,-11567.312500,-11575.604492,8.291992
6906,-10841.070312,-10830.813477,10.256836
6907,-11473.657227,-11476.364258,2.707031
6908,-13465.235352,-13499.536133,34.300781
6909,-12514.423828,-12521.642578,7.218750
6910,-10950.683594,-10934.373047,16.310547
6911,-10830.395508,-10844.423828,14.028320
6912,-11835.403320,-11844.737305,9.333984
6913,-12805.779297,-12820.309570,14.530273
6914,-9894.668945,-9870.248047,24.420898
6915,-11944.110352,-11949.204102,5.093750
6916,-11921.078125,-11914.534180,6.543945
6917,-10889.676758,-10865.748047,23.928711
6918,-12741.875977,-12790.551758,48.675781
6919,-11425.539062,-11408.824219,16.714844
6920,-10244.586914,-10234.933594,9.653320
6921,-11515.591797,-11544.493164,28.901367
6922,-13757.468750,-13767.568359,10.099609
6923,-9609.092773,-9587.791016,21.301758
6924,-11911.571289,-11947.967773,36.396484
6925,-10541.603516,-10532.242188,9.361328
6926,-10818.434570,-10800.925781,17.508789
6927,-10937.418945,-10936.186523,1.232422
6928,-10536.140625,-10534.646484,1.494141
6929,-11410.284180,-11407.082031,3.202148
6930,-11584.988281,-11609.182617,24.194336
6931,-10944.357422,-10936.448242,7.909180
6932,-10535.403320,-10532.389648,3.013672
6933,-9978.185547,-9960.380859,17.804688
6934,-10546.741211,-10532.847656,13.893555
6935,-11413.702148,-11407.913086,5.789062
6936,-12767.880859,-12789.364258,21.483398
6937,-10566.743164,-10564.213867,2.529297
6938,-11543.180664,-11543.376953,0.196289
6939,-8770.484375,-8662.491211,107.993164
6940,-8408.595703,-8384.400391,24.195312
6941,-11916.410156,-11913.811523,2.598633
6942,-10941.910156,-10937.834961,4.075195
6943,-11880.844727,-11882.838867,1.994141
6944,-8357.075195,-8361.791016,4.715820
6945,-10502.683594,-10499.233398,3.450195
6946,-11763.963867,-11812.940430,48.976562
6947,-10922.915039,-10879.577148,43.337891
6948,-11539.704102,-11543.823242,4.119141
6949,-11968.241211,-11939.213867,29.027344
6950,-10942.752930,-10937.295898,5.457031
6951,-11880.153320,-11880.864258,0.710938
6952,-10314.397461,-10302.250977,12.146484
6953,-10998.805664,-11003.786133,4.980469
6954,-10476.246094,-10474.096680,2.149414
6955,-10540.597656,-10532.967773,7.629883
6956,-11532.929688,-11542.794922,9.865234
6957,-13862.746094,-13970.163086,107.416992
6958,-12518.738281,-12521.245117,2.506836
6959,-10504.127930,-10497.884766,6.243164
6960,-10963.813477,-10970.066406,6.252930
6961,-10969.636719,-10971.430664,1.793945
6962,-8577.349609,-8551.748047,25.601562
6963,-12480.433594,-12486.414062,5.980469
6964,-10388.896484,-10169.602539,219.293945
6965,-13343.218750,-13435.523438,92.304688
6966,-10986.337891,-11003.438477,17.100586
6967,-10871.412109,-10846.518555,24.893555
6968,-12494.581055,-12522.723633,28.142578
6969,-10959.498047,-10969.756836,10.258789
6970,-10328.829102,-10272.531250,56.297852
6971,-12263.046875,-12385.783203,122.736328
6972,-10981.889648,-10968.430664,13.458984
6973,-12476.243164,-12489.789062,13.545898
6974,-10536.204102,-10533.230469,2.973633
6975,-10934.595703,-10936.358398,1.762695
6976,-11010.919922,-11003.875000,7.044922
6977,-11881.215820,-11916.965820,35.750000
6978,-11328.898438,-11342.459961,13.561523
6979,-10907.342773,-10903.810547,3.532227
6980,-11539.738281,-11543.300781,3.562500
6981,-11003.382812,-11002.445312,0.937500
6982,-10920.194336,-10912.911133,7.283203
6983,-11565.157227,-11575.905273,10.748047
6984,-10533.826172,-10532.693359,1.132812
6985,-11947.337891,-11947.623047,0.285156
6986,-11953.331055,-11948.189453,5.141602
6987,-11834.289062,-11811.419922,22.869141
6988,-10945.559570,-10937.362305,8.197266
6989,-11514.912109,-11510.270508,4.641602
6990,-9960.845703,-9958.460938,2.384766
6991,-13675.877930,-13766.791016,90.913086
6992,-13486.718750,-13500.018555,13.299805
6993,-11916.964844,-11915.894531,1.070312
6994,-10935.069336,-10938.398438,3.329102
6995,-9991.116211,-9957.361328,33.754883
6996,-12511.468750,-12521.458984,9.990234
6997,-11975.190430,-11981.279297,6.088867
6998,-10341.916016,-10362.557617,20.641602
6999,-13317.347656,-13364.407227,47.059570
7000,-12887.947266,-12894.174805,6.227539
7001,-11359.331055,-11341.171875,18.159180
7002,-10565.414062,-10566.064453,0.650391
7003,-11486.917969,-11477.246094,9.671875
7004,-10345.896484,-10363.738281,17.841797
7005,-10566.084961,-10564.308594,1.776367
7006,-10295.822266,-10306.373047,10.550781
7007,-9437.296875,-9429.583008,7.713867
7008,-11332.372070,-11340.429688,8.057617
7009,-9849.267578,-9923.244141,73.976562
7010,-11508.261719,-11511.545898,3.284180
7011,-10938.230469,-10933.950195,4.280273
7012,-12803.270508,-12823.076172,19.805664
7013,-11981.261719,-11979.144531,2.117188
7014,-11921.334961,-11822.715820,98.619141
7015,-11511.027344,-11510.286133,0.741211
7016,-10917.767578,-10903.839844,13.927734
7017,-11392.906250,-11376.113281,16.792969
7018,-10507.055664,-10500.246094,6.809570
7019,-9487.190430,-9465.223633,21.966797
7020,-10905.643555,-10878.942383,26.701172
7021,-11510.026367,-11510.371094,0.344727
7022,-12553.807617,-12554.370117,0.562500
7023,-11408.088867,-11407.562500,0.526367
7024,-10602.222656,-10598.481445,3.741211
7025,-10564.604492,-10564.941406,0.336914
7026,-10530.925781,-10531.967773,1.041992
7027,-10421.475586,-10428.393555,6.917969
7028,-11977.693359,-11980.118164,2.424805
7029,-10431.130859,-10440.258789,9.127930
7030,-11269.348633,-11270.139648,0.791016
7031,-11574.182617,-11575.648438,1.465820
7032,-10563.631836,-10565.897461,2.265625
7033,-10565.185547,-10565.310547,0.125000
7034,-12378.589844,-12384.718750,6.128906
7035,-9518.840820,-9521.103516,2.262695
7036,-11538.738281,-11542.598633,3.860352
7037,-12793.427734,-12790.391602,3.036133
7038,-11518.459961,-11509.478516,8.981445
7039,-10540.389648,-10533.520508,6.869141
7040,-10910.467773,-10903.084961,7.382812
7041,-10618.344727,-10638.740234,20.395508
7042,-9832.669922,-9810.491211,22.178711
7043,-12900.467773,-12892.458984,8.008789
7044,-9544.769531,-9555.028320,10.258789
7045,-10499.511719,-10498.805664,0.706055
7046,-11773.410156,-11745.954102,27.456055
7047,-9513.786133,-9489.327148,24.458984
7048,-11507.730469,-11509.911133,2.180664
7049,-10494.203125,-10498.956055,4.752930
7050,-12923.571289,-12927.636719,4.065430
7051,-11481.554688,-11478.304688,3.250000
7052,-11316.638672,-11310.521484,6.117188
7053,-11352.937500,-11342.264648,10.672852
7054,-8208.737305,-8260.103516,51.366211
7055,-10575.312500,-10565.410156,9.902344
7056,-10991.591797,-11003.504883,11.913086
7057,-12487.589844,-12490.428711,2.838867
7058,-10286.252930,-10213.200195,73.052734
7059,-10872.351562,-10880.540039,8.188477
7060,-11020.412109,-11003.253906,17.158203
7061,-10418.896484,-10396.549805,22.346680
7062,-11949.717773,-11945.848633,3.869141
7063,-11562.932617,-11576.809570,13.876953
7064,-10945.910156,-10935.487305,10.422852
7065,-10189.277344,-10201.409180,12.131836
7066,-11534.648438,-11544.198242,9.549805
7067,-11918.455078,-11914.995117,3.459961
7068,-15278.583984,-15460.345703,181.761719
7069,-9564.978516,-9555.864258,9.114258
7070,-9593.086914,-9588.518555,4.568359
7071,-11822.927734,-11812.669922,10.257812
7072,-11985.275391,-11978.869141,6.406250
7073,-11476.002930,-11476.194336,0.191406
7074,-11938.662109,-11948.340820,9.678711
7075,-11944.523438,-11947.649414,3.125977
7076,-9457.105469,-9463.165039,6.059570
7077,-10572.912109,-10564.769531,8.142578
7078,-10539.065430,-10533.726562,5.338867
7079,-12943.012695,-12959.653320,16.640625
7080,-9407.542969,-9437.755859,30.212891
7081,-10393.874023,-10395.908203,2.034180
7082,-10562.498047,-10507.783203,54.714844
7083,-12486.949219,-12522.983398,36.034180
7084,-12906.822266,-12926.038086,19.215820
7085,-10939.821289,-10934.939453,4.881836
7086,-10570.260742,-10566.672852,3.587891
7087,-12355.551758,-12352.571289,2.980469
7088,-12437.292969,-12454.588867,17.295898
7089,-11981.633789,-11980.054688,1.579102
7090,-10417.841797,-10393.882812,23.958984
7091,-10560.959961,-10566.179688,5.219727
7092,-10645.842773,-10631.764648,14.078125
7093,-10919.748047,-10879.399414,40.348633
7094,-10722.195312,-10743.397461,21.202148
7095,-10956.420898,-10968.003906,11.583008
7096,-12004.086914,-11982.457031,21.629883
7097,-12267.864258,-12282.621094,14.756836
7098,-10921.809570,-10912.555664,9.253906
7099,-11435.492188,-11443.965820,8.473633
7100,-11477.036133,-11476.191406,0.844727
7101,-11417.081055,-11408.755859,8.325195
7102,-10559.239258,-10565.400391,6.161133
7103,-12415.541016,-12422.411133,6.870117
7104,-10525.047852,-10531.528320,6.480469
7105,-12542.773438,-12553.812500,11.039062
7106,-12911.617188,-12925.166992,13.549805
7107,-11367.944336,-11376.400391,8.456055
7108,-10574.798828,-10566.062500,8.736328
7109,-9475.890625,-9465.740234,10.150391
7110,-10569.857422,-10566.344727,3.512695
7111,-9506.708984,-9495.333984,11.375000
7112,-10980.115234,-10971.364258,8.750977
7113,-11568.230469,-11575.978516,7.748047
7114,-10568.973633,-10564.914062,4.059570
7115,-10937.887695,-10938.539062,0.651367
7116,-12772.435547,-12789.524414,17.088867
7117,-11394.856445,-11408.112305,13.255859
7118,-11609.942383,-11609.014648,0.927734
7119,-10970.983398,-10969.747070,1.236328
7120,-10471.262695,-10466.703125,4.559570
7121,-12719.731445,-12755.805664,36.074219
7122,-10374.579102,-10363.041016,11.538086
7123,-10719.294922,-10743.774414,24.479492
7124,-10913.267578,-10898.968750,14.298828
7125,-10941.552734,-10939.270508,2.282227
7126,-9599.756836,-9587.701172,12.055664
7127,-11418.187500,-11406.244141,11.943359
7128,-11506.618164,-11511.455078,4.836914
7129,-9494.179688,-9454.551758,39.627930
7130,-11851.702148,-11844.988281,6.713867
7131,-10464.771484,-10466.113281,1.341797
7132,-11306.275391,-11317.404297,11.128906
7133,-14066.560547,-14202.453125,135.892578
7134,-11979.900391,-11981.035156,1.134766
7135,-11497.110352,-11511.077148,13.966797
7136,-11367.993164,-11340.665039,27.328125
7137,-11944.223633,-11948.608398,4.384766
7138,-9543.580078,-9555.403320,11.823242
7139,-9540.825195,-9495.861328,44.963867
7140,-11983.160156,-11980.917969,2.242188
7141,-10991.838867,-9866.736328,1125.102539
7142,-11125.558594,-12454.870117,1329.311523
7143,-12578.793945,-12586.976562,8.182617
7144,-10921.289062,-10912.389648,8.899414
7145,-12903.802734,-12926.377930,22.575195
7146,-10970.779297,-10967.782227,2.997070
7147,-12918.640625,-12927.020508,8.379883
7148,-11221.824219,-11238.743164,16.918945
7149,-10538.854492,-10534.066406,4.788086
7150,-11537.329102,-11543.659180,6.330078
7151,-11005.116211,-11003.754883,1.361328
7152,-12558.412109,-12554.814453,3.597656
7153,-13517.583984,-13548.731445,31.147461
7154,-11969.564453,-11980.151367,10.586914
7155,-10504.594727,-10499.465820,5.128906
7156,-12528.436523,-12521.225586,7.210938
7157,-10973.775391,-10968.164062,5.611328
7158,-11918.962891,-11916.076172,2.886719
7159,-11507.125977,-11510.741211,3.615234
7160,-11544.675781,-11543.537109,1.138672
7161,-9594.097656,-9587.640625,6.457031
7162,-14023.658203,-14200.706055,177.047852
7163,-9044.790039,-8865.180664,179.609375
7164,-10849.766602,-10846.799805,2.966797
7165,-12922.707031,-12925.477539,2.770508
7166,-11946.937500,-11948.101562,1.164062
7167,-9112.013672,-8486.045898,625.967773
7168,-9473.992188,-9463.220703,10.771484
7169,-10976.273438,-10970.375977,5.897461
7170,-11820.237305,-11844.892578,24.655273
7171,-12350.907227,-12386.627930,35.720703
7172,-12893.128906,-12892.198242,0.930664
7173,-12665.549805,-12723.787109,58.237305
7174,-8300.841797,-8401.510742,100.668945
7175,-9113.468750,-9165.639648,52.170898
7176,-11605.770508,-11609.156250,3.385742
7177,-10523.476562,-10531.785156,8.308594
7178,-11978.090820,-11980.731445,2.640625
7179,-10538.542969,-10532.099609,6.443359
7180,-11404.387695,-11408.246094,3.858398
7181,-12176.719727,-12216.605469,39.885742
7182,-10971.694336,-10971.231445,0.462891
7183,-11950.615234,-11948.101562,2.513672
7184,-10315.592773,-10307.046875,8.545898
7185,-10571.529297,-10566.375977,5.153320
7186,-10317.156250,-10384.834961,67.678711
7187,-10311.226562,-10448.352539,137.125977
7188,-9367.114258,-9270.633789,96.480469
7189,-13358.602539,-13396.405273,37.802734
7190,-11402.064453,-11408.320312,6.255859
7191,-11538.374023,-11544.873047,6.499023
7192,-11531.441406,-11543.649414,12.208008
7193,-10787.195312,-10802.840820,15.645508
7194,-11941.996094,-11945.960938,3.964844
7195,-10000.899414,-9990.784180,10.115234
7196,-11509.075195,-11508.793945,0.281250
7197,-11509.528320,-11510.756836,1.228516
7198,-10942.338867,-10937.893555,4.445312
7199,-10935.652344,-10935.826172,0.173828
7200,-11381.783203,-11375.405273,6.377930
7201,-10965.209961,-10969.126953,3.916992
7202,-12343.941406,-12351.088867,7.147461
7203,-11382.125000,-11372.338867,9.786133
7204,-11265.616211,-11284.797852,19.181641
7205,-10532.828125,-10532.312500,0.515625
7206,-11837.620117,-11849.485352,11.865234
7207,-10752.067383,-10735.812500,16.254883
7208,-9904.042969,-9891.030273,13.012695
7209,-11470.801758,-11477.163086,6.361328
7210,-11496.227539,-11510.569336,14.341797
7211,-10408.274414,-10398.749023,9.525391
7212,-9932.300781,-9927.711914,4.588867
7213,-10302.953125,-10304.703125,1.750000
7214,-11040.953125,-11034.780273,6.172852
7215,-12508.333984,-12523.052734,14.718750
7216,-10522.366211,-10531.992188,9.625977
7217,-9475.327148,-9463.594727,11.732422
7218,-11422.029297,-11407.956055,14.073242
7219,-10935.461914,-10935.169922,0.291992
7220,-11519.300781,-11510.102539,9.198242
7221,-9472.887695,-9487.634766,14.747070
7222,-9928.321289,-9899.044922,29.276367
7223,-10462.854492,-10396.255859,66.598633
7224,-13429.230469,-13467.950195,38.719727
7225,-12424.876953,-12457.696289,32.819336
7226,-11517.604492,-11510.669922,6.934570
7227,-11531.044922,-11543.916016,12.871094
7228,-10532.245117,-10531.749023,0.496094
7229,-11504.408203,-11510.650391,6.242188
7230,-11850.923828,-11845.738281,5.185547
7231,-11950.565430,-11947.785156,2.780273
7232,-9459.372070,-9391.339844,68.032227
7233,-8539.073242,-8518.507812,20.565430
7234,-11562.162109,-11576.807617,14.645508
7235,-11516.125000,-11508.468750,7.656250
7236,-11838.082031,-11845.122070,7.040039
7237,-11481.808594,-11477.445312,4.363281
7238,-11540.368164,-11543.768555,3.400391
7239,-12413.863281,-12417.788086,3.924805
7240,-11880.169922,-11882.758789,2.588867
7241,-8994.521484,-8920.612305,73.909180
7242,-10752.777344,-10776.348633,23.571289
7243,-10827.067383,-10845.797852,18.730469
7244,-12388.380859,-12385.183594,3.197266
7245,-11955.460938,-11948.308594,7.152344
7246,-12913.655273,-12927.061523,13.406250
7247,-9005.765625,-8956.872070,48.893555
7248,-8460.731445,-8519.785156,59.053711
7249,-10940.910156,-10934.772461,6.137695
7250,-12461.016602,-12522.658203,61.641602
7251,-7498.746582,-7383.273438,115.473145
7252,-11281.663086,-11303.205078,21.541992
7253,-11520.286133,-11510.497070,9.789062
7254,-10364.360352,-10362.707031,1.653320
7255,-10498.228516,-10499.240234,1.011719
7256,-10547.714844,-10533.000000,14.714844
7257,-12935.185547,-12925.092773,10.092773
7258,-10784.908203,-10764.799805,20.108398
7259,-11920.402344,-11911.707031,8.695312
7260,-10937.926758,-10937.556641,0.370117
7261,-11505.767578,-11510.565430,4.797852
7262,-10922.789062,-10936.854492,14.065430
7263,-9938.989258,-9933.976562,5.012695
7264,-11505.175781,-11509.811523,4.635742
7265,-9549.012695,-9554.289062,5.276367
7266,-12511.656250,-12521.742188,10.085938
7267,-12515.670898,-12520.380859,4.709961
7268,-10539.196289,-10530.812500,8.383789
7269,-12415.910156,-12419.139648,3.229492
7270,-10736.740234,-10736.516602,0.223633
7271,-10541.520508,-10532.798828,8.721680
7272,-10506.012695,-10500.755859,5.256836
7273,-11340.064453,-11341.049805,0.985352
7274,-11912.630859,-11914.094727,1.463867
7275,-11957.949219,-11981.897461,23.948242
7276,-10986.261719,-10969.925781,16.335938
7277,-11943.884766,-11949.072266,5.187500
7278,-11920.534180,-11914.385742,6.148438
7279,-10547.693359,-10532.762695,14.930664
7280,-11540.326172,-11544.477539,4.151367
7281,-10844.601562,-10835.526367,9.075195
7282,-10879.740234,-10832.533203,47.207031
7283,-11719.517578,-11745.596680,26.079102
7284,-9532.004883,-9522.199219,9.805664
7285,-10944.952148,-10937.869141,7.083008
7286,-12880.398438,-12859.637695,20.760742
7287,-12349.962891,-12351.854492,1.891602
7288,-12428.464844,-12418.256836,10.208008
7289,-11483.655273,-11478.130859,5.524414
7290,-9598.308594,-9588.507812,9.800781
7291,-11948.227539,-11947.241211,0.986328
7292,-12779.784180,-12757.245117,22.539062
7293,-12960.546875,-12958.514648,2.032227
7294,-10971.573242,-10971.543945,0.029297
7295,-9463.145508,-9462.677734,0.467773
7296,-10384.308594,-10370.533203,13.775391
7297,-9526.274414,-9521.782227,4.492188
7298,-10914.246094,-10904.561523,9.684570
7299,-11537.424805,-11543.854492,6.429688
7300,-12256.894531,-12281.089844,24.195312
7301,-10624.857422,-10631.565430,6.708008
7302,-12438.735352,-12453.208984,14.473633
7303,-11793.509766,-11811.525391,18.015625
7304,-10381.024414,-10364.085938,16.938477
7305,-11976.298828,-11979.871094,3.572266
7306,-9951.615234,-9956.511719,4.896484
7307,-10396.508789,-10394.792969,1.715820
7308,-11975.740234,-11979.393555,3.653320
7309,-11401.189453,-11406.648438,5.458984
7310,-12377.198242,-12351.996094,25.202148
7311,-11947.595703,-11947.713867,0.118164
7312,-11941.594727,-11948.842773,7.248047
7313,-11379.927734,-11375.935547,3.992188
7314,-9518.343750,-9521.602539,3.258789
7315,-11916.698242,-11915.234375,1.463867
7316,-10570.180664,-10566.595703,3.584961
7317,-11558.273438,-11544.593750,13.679688
7318,-10527.565430,-10531.962891,4.397461
7319,-11947.592773,-11947.790039,0.197266
7320,-10853.372070,-10833.329102,20.042969
7321,-10938.880859,-10938.309570,0.571289
7322,-10948.381836,-10936.601562,11.780273
7323,-12457.268555,-12456.041016,1.227539
7324,-10547.884766,-10532.483398,15.401367
7325,-7879.285645,-6321.996094,1557.289551
7326,-11995.957031,-11979.057617,16.899414
7327,-11710.064453,-11675.842773,34.221680
7328,-12482.939453,-12522.965820,40.026367
7329,-8473.208984,-8427.908203,45.300781
7330,-11375.155273,-11374.210938,0.944336
7331,-12877.859375,-12893.017578,15.158203
7332,-9469.966797,-9464.580078,5.386719
7333,-13129.269531,-13111.979492,17.290039
7334,-9371.169922,-9328.023438,43.146484
7335,-11471.646484,-11451.750000,19.896484
7336,-9324.311523,-9329.006836,4.695312
7337,-9490.253906,-9463.692383,26.561523
7338,-10337.212891,-10338.855469,1.642578
7339,-11969.908203,-11980.848633,10.940430
7340,-10507.213867,-10498.760742,8.453125
7341,-12920.863281,-12926.172852,5.309570
7342,-11510.496094,-11510.105469,0.390625
7343,-10974.192383,-10970.776367,3.416016
7344,-12528.197266,-12553.308594,25.111328
7345,-11505.939453,-11510.492188,4.552734
7346,-11906.166016,-11914.909180,8.743164
7347,-10542.133789,-10565.108398,22.974609
7348,-11374.570312,-11374.480469,0.089844
7349,-10445.774414,-10442.239258,3.535156
7350,-11914.392578,-11914.561523,0.168945
7351,-11362.509766,-11341.403320,21.106445
7352,-10409.325195,-10396.264648,13.060547
7353,-11536.076172,-11542.863281,6.787109
7354,-9958.889648,-9962.106445,3.216797
7355,-11913.872070,-11912.553711,1.318359
7356,-11503.477539,-11512.223633,8.746094
7357,-10929.442383,-10937.320312,7.877930
7358,-12477.319336,-12487.412109,10.092773
7359,-10968.144531,-10969.532227,1.387695
7360,-10441.076172,-10430.104492,10.971680
7361,-10943.439453,-10936.991211,6.448242
7362,-11814.134766,-11844.128906,29.994141
7363,-12477.766602,-12490.507812,12.741211
7364,-11945.778320,-11946.902344,1.124023
7365,-11517.448242,-11509.856445,7.591797
7366,-12842.473633,-12860.273438,17.799805
7367,-11435.265625,-11445.100586,9.834961
7368,-10938.669922,-10935.949219,2.720703
7369,-10383.812500,-10362.878906,20.933594
7370,-10524.224609,-10499.739258,24.485352
7371,-10474.972656,-10465.894531,9.078125
7372,-12352.585938,-12353.790039,1.204102
7373,-10867.657227,-10880.292969,12.635742
7374,-12757.303711,-12755.770508,1.533203
7375,-12506.941406,-12522.740234,15.798828
7376,-12832.071289,-12860.271484,28.200195
7377,-9955.543945,-9957.563477,2.019531
7378,-10396.312500,-10372.945312,23.367188
7379,-9932.876953,-9932.380859,0.496094
7380,-11824.251953,-11813.224609,11.027344
7381,-9902.105469,-9902.209961,0.104492
7382,-9424.478516,-9437.961914,13.483398
7383,-11529.604492,-11484.227539,45.376953
7384,-10511.425781,-10498.983398,12.442383
7385,-11489.934570,-11476.413086,13.521484
7386,-9542.958984,-9523.783203,19.175781
7387,-11966.300781,-11980.884766,14.583984
7388,-9571.495117,-9555.755859,15.739258
7389,-9576.858398,-9555.734375,21.124023
7390,-11915.871094,-11915.883789,0.012695
7391,-10889.987305,-10904.736328,14.749023
7392,-11513.628906,-11510.286133,3.342773
7393,-11504.048828,-11510.857422,6.808594
7394,-11956.147461,-11948.944336,7.203125
7395,-11538.663086,-11544.960938,6.297852
7396,-11496.926758,-11510.720703,13.793945
7397,-9899.122070,-9902.430664,3.308594
7398,-11456.111328,-11440.665039,15.446289
7399,-9564.906250,-9555.513672,9.392578
7400,-9859.488281,-9835.763672,23.724609
7401,-10414.658203,-10395.825195,18.833008
7402,-11477.565430,-11476.029297,1.536133
7403,-9447.710938,-9430.148438,17.562500
7404,-10535.934570,-10532.443359,3.491211
7405,-10415.252930,-10396.104492,19.148438
7406,-11377.126953,-11376.699219,0.427734
7407,-9536.199219,-9554.593750,18.394531
7408,-10534.621094,-10532.505859,2.115234
7409,-13127.178711,-13225.996094,98.817383
7410,-10928.175781,-10912.500000,15.675781
7411,-10561.438477,-10565.305664,3.867188
7412,-12900.209961,-12923.404297,23.194336
7413,-12518.655273,-12520.620117,1.964844
7414,-11909.279297,-11917.329102,8.049805
7415,-11536.656250,-11542.280273,5.624023
7416,-11952.096680,-11947.668945,4.427734
7417,-10353.972656,-10363.206055,9.233398
7418,-11914.107422,-11912.985352,1.122070
7419,-10562.128906,-10566.385742,4.256836
7420,-10969.893555,-10969.243164,0.650391
7421,-10896.093750,-10903.178711,7.084961
7422,-10533.712891,-10532.449219,1.263672
7423,-11949.310547,-11947.975586,1.334961
7424,-10497.025391,-10474.674805,22.350586
7425,-11311.835938,-11316.051758,4.215820
7426,-11002.747070,-11003.510742,0.763672
7427,-10756.233398,-10776.501953,20.268555
7428,-10938.097656,-10934.221680,3.875977
7429,-10870.858398,-10879.660156,8.801758
7430,-9917.114258,-9932.236328,15.122070
7431,-11484.731445,-11478.875000,5.856445
7432,-11950.861328,-11947.930664,2.930664
7433,-12671.300781,-12786.902344,115.601562
7434,-10969.183594,-10969.646484,0.462891
7435,-10444.992188,-10441.650391,3.341797
7436,-11741.848633,-11747.016602,5.167969
7437,-11568.796875,-11576.000000,7.203125
7438,-11352.178711,-11372.315430,20.136719
7439,-10302.388672,-10274.273438,28.115234
7440,-11927.853516,-11915.655273,12.198242
7441,-12472.792969,-12485.942383,13.149414
7442,-10561.587891,-10565.432617,3.844727
7443,-10436.213867,-10430.291992,5.921875
7444,-10973.013672,-10970.549805,2.463867
7445,-9998.248047,-9990.847656,7.400391
7446,-9289.475586,-9292.542969,3.067383
7447,-10571.690430,-10566.461914,5.228516
7448,-11508.637695,-11510.591797,1.954102
7449,-8523.599609,-8486.605469,36.994141
7450,-11387.460938,-11406.522461,19.061523
7451,-11950.768555,-11947.860352,2.908203
7452,-11009.477539,-11003.667969,5.809570
7453,-9501.659180,-9496.952148,4.707031
7454,-10568.370117,-10565.379883,2.990234
7455,-12513.852539,-12520.075195,6.222656
7456,-12492.495117,-12487.037109,5.458008
7457,-10532.506836,-10533.464844,0.958008
7458,-11515.342773,-11511.450195,3.892578
7459,-8882.973633,-8896.791992,13.818359
7460,-12357.589844,-12353.559570,4.030273
7461,-10867.684570,-10878.974609,11.290039
7462,-11248.548828,-11270.194336,21.645508
7463,-11516.629883,-11509.292969,7.336914
7464,-11369.811523,-11373.695312,3.883789
7465,-10508.414062,-10498.890625,9.523438
7466,-11406.821289,-11408.646484,1.825195
7467,-8415.805664,-8291.084961,124.720703
7468,-10577.391602,-10564.286133,13.105469
7469,-10998.678711,-11002.425781,3.747070
7470,-11484.439453,-11420.678711,63.760742
7471,-9777.763672,-9797.552734,19.789062
7472,-11289.260742,-11304.567383,15.306641
7473,-10403.004883,-10406.918945,3.914062
7474,-10895.468750,-10867.047852,28.420898
7475,-10914.120117,-10904.290039,9.830078
7476,-12875.237305,-12891.851562,16.614258
7477,-10503.560547,-10500.135742,3.424805
7478,-11539.729492,-11542.446289,2.716797
7479,-12425.793945,-12419.125000,6.668945
7480,-11393.478516,-11407.673828,14.195312
7481,-10496.464844,-10468.017578,28.447266
7482,-10498.743164,-10499.582031,0.838867
7483,-10507.072266,-10500.445312,6.626953
7484,-11545.395508,-11543.075195,2.320312
7485,-10806.915039,-10775.217773,31.697266
7486,-9848.011719,-9867.168945,19.157227
7487,-10912.717773,-10878.335938,34.381836
7488,-9525.649414,-9496.698242,28.951172
7489,-10528.732422,-10533.109375,4.376953
7490,-10558.688477,-10565.849609,7.161133
7491,-11382.148438,-11372.497070,9.651367
7492,-11264.207031,-11237.850586,26.356445
7493,-11466.564453,-11479.696289,13.131836
7494,-11924.058594,-11915.763672,8.294922
7495,-11919.091797,-11914.833984,4.257812
7496,-11541.604492,-11543.606445,2.001953
7497,-11004.747070,-11001.857422,2.889648
7498,-11376.065430,-11373.788086,2.277344
7499,-10978.223633,-10970.052734,8.170898
7500,-12354.967773,-12354.140625,0.827148
7501,-10919.920898,-10911.616211,8.304688
7502,-6928.228516,-6782.645508,145.583008
7503,-11511.263672,-11509.272461,1.991211
7504,-10507.795898,-10499.664062,8.131836
7505,-10973.954102,-10968.668945,5.285156
7506,-10344.125977,-10363.789062,19.663086
7507,-11373.631836,-11372.774414,0.857422
7508,-12497.503906,-12488.455078,9.048828
7509,-10529.638672,-10531.906250,2.267578
7510,-11956.864258,-11948.152344,8.711914
7511,-9976.117188,-9959.415039,16.702148
7512,-10971.698242,-10971.297852,0.400391
7513,-10364.557617,-10337.803711,26.753906
7514,-11397.226562,-11406.855469,9.628906
7515,-11542.961914,-11543.828125,0.866211
7516,-11943.736328,-11947.634766,3.898438
7517,-10510.167969,-10498.020508,12.147461
7518,-11936.498047,-11947.414062,10.916016
7519,-10956.856445,-10969.467773,12.611328
7520,-9634.901367,-9620.731445,14.169922
7521,-10565.230469,-10565.832031,0.601562
7522,-10937.763672,-10936.340820,1.422852
7523,-10520.892578,-10501.186523,19.706055
7524,-11952.199219,-11946.675781,5.523438
7525,-8927.451172,-8919.013672,8.437500
7526,-11920.531250,-11948.296875,27.765625
7527,-10537.367188,-10531.952148,5.415039
7528,-11918.546875,-11914.541016,4.005859
7529,-11450.443359,-11443.967773,6.475586
7530,-10541.039062,-10531.757812,9.281250
7531,-11482.772461,-11478.412109,4.360352
7532,-9510.549805,-9488.775391,21.774414
7533,-9925.440430,-9901.628906,23.811523
7534,-10962.287109,-10971.004883,8.717773
7535,-11913.325195,-11914.397461,1.072266
7536,-11543.202148,-11543.353516,0.151367
7537,-9513.668945,-9522.159180,8.490234
7538,-9560.718750,-9555.304688,5.414062
7539,-12356.110352,-12353.256836,2.853516
7540,-11879.521484,-11882.638672,3.117188
7541,-10535.844727,-10531.962891,3.881836
7542,-11928.949219,-11915.255859,13.693359
7543,-9477.398438,-9463.286133,14.112305
7544,-11566.012695,-11575.863281,9.850586
7545,-12288.424805,-12286.731445,1.693359
7546,-10909.283203,-10901.915039,7.368164
7547,-9462.488281,-9463.623047,1.134766
7548,-9912.541016,-9899.389648,13.151367
7549,-11949.301758,-11947.907227,1.394531
7550,-10416.461914,-10409.219727,7.242188
7551,-11907.236328,-11915.566406,8.330078
7552,-9595.408203,-9587.705078,7.703125
7553,-11369.325195,-11373.412109,4.086914
7554,-8912.857422,-8866.448242,46.409180
7555,-12597.969727,-12650.896484,52.926758
7556,-10955.295898,-10969.503906,14.208008
7557,-12484.518555,-12488.780273,4.261719
7558,-10977.105469,-10970.068359,7.037109
7559,-11504.963867,-11512.156250,7.192383
7560,-11512.110352,-11512.190430,0.080078
7561,-10461.262695,-10463.688477,2.425781
7562,-9967.366211,-9958.341797,9.024414
7563,-12009.220703,-12013.816406,4.595703
7564,-10421.971680,-10398.311523,23.660156
7565,-11371.574219,-11374.239258,2.665039
7566,-11792.555664,-11776.876953,15.678711
7567,-11906.076172,-11915.909180,9.833008
7568,-12230.874023,-12247.072266,16.198242
7569,-11916.682617,-11912.973633,3.708984
7570,-9475.875000,-9429.284180,46.590820
7571,-12465.062500,-12489.392578,24.330078
7572,-9980.917969,-9957.440430,23.477539
7573,-9910.712891,-9901.259766,9.453125
7574,-9371.076172,-9360.193359,10.882812
7575,-11953.888672,-11948.579102,5.309570
7576,-9568.355469,-10831.264648,1262.909180
7577,-8540.540039,-8518.769531,21.770508
7578,-11540.802734,-11543.652344,2.849609
7579,-11381.098633,-11374.736328,6.362305
7580,-11544.838867,-11543.606445,1.232422
7581,-12386.660156,-12386.252930,0.407227
7582,-12337.051758,-12318.890625,18.161133
7583,-11501.831055,-11510.663086,8.832031
7584,-11789.902344,-11811.777344,21.875000
7585,-11445.322266,-11439.687500,5.634766
7586,-10535.591797,-10533.083984,2.507812
7587,-10535.569336,-10532.915039,2.654297
7588,-8819.780273,-8831.256836,11.476562
7589,-11193.636719,-11212.774414,19.137695
7590,-10580.802734,-10567.033203,13.769531
7591,-11768.261719,-11778.758789,10.497070
7592,-10981.540039,-10971.126953,10.413086
7593,-11976.939453,-11980.737305,3.797852
7594,-13231.568359,-13329.679688,98.111328
7595,-10874.114258,-10873.484375,0.629883
7596,-10359.771484,-10362.596680,2.825195
7597,-13225.399414,-13227.416992,2.017578
7598,-10412.828125,-10429.438477,16.610352
7599,-11943.140625,-11947.307617,4.166992
7600,-8509.723633,-8519.343750,9.620117
7601,-8876.431641,-8831.151367,45.280273
7602,-9593.681641,-9554.514648,39.166992
7603,-12828.377930,-12822.345703,6.032227
7604,-11841.372070,-11844.531250,3.159180
7605,-10816.394531,-10766.827148,49.567383
7606,-11539.260742,-11542.922852,3.662109
7607,-12914.685547,-12893.747070,20.938477
7608,-10981.139648,-11002.883789,21.744141
7609,-10372.846680,-10362.402344,10.444336
7610,-11416.684570,-11406.367188,10.317383
7611,-11566.038086,-11576.831055,10.792969
7612,-10495.558594,-10499.382812,3.824219
7613,-11520.131836,-11511.639648,8.492188
7614,-12369.258789,-12351.938477,17.320312
7615,-9869.034180,-9868.223633,0.810547
7616,-11959.689453,-11979.895508,20.206055
7617,-11843.072266,-11810.987305,32.084961
7618,-12491.471680,-12488.869141,2.602539
7619,-9574.651367,-9554.531250,20.120117
7620,-12262.733398,-12447.320312,184.586914
7621,-11837.075195,-11844.394531,7.319336
7622,-9545.804688,-9556.003906,10.199219
7623,-10857.207031,-10867.417969,10.210938
7624,-12510.021484,-12522.289062,12.267578
7625,-12939.995117,-12959.153320,19.158203
7626,-9591.772461,-9586.904297,4.868164
7627,-11483.123047,-11475.741211,7.381836
7628,-10561.458984,-10539.728516,21.730469
7629,-11546.474609,-11543.739258,2.735352
7630,-12401.708984,-12386.291016,15.417969
7631,-10573.386719,-10566.706055,6.680664
7632,-10361.682617,-10337.784180,23.898438
7633,-10425.754883,-10430.084961,4.330078
7634,-12480.387695,-12488.765625,8.377930
7635,-9928.739258,-9933.501953,4.762695
7636,-10462.118164,-10465.392578,3.274414
7637,-9370.583984,-9326.817383,43.766602
7638,-11339.593750,-11340.780273,1.186523
7639,-11545.756836,-11543.679688,2.077148
7640,-8878.682617,-8857.102539,21.580078
7641,-9517.553711,-9497.517578,20.036133
7642,-9779.285156,-9923.866211,144.581055
7643,-11728.274414,-11740.055664,11.781250
7644,-10851.051758,-10832.345703,18.706055
7645,-10971.281250,-10970.976562,0.304688
7646,-12522.574219,-12555.381836,32.807617
7647,-12891.878906,-12893.216797,1.337891
7648,-9955.962891,-9933.848633,22.114258
7649,-11478.504883,-11479.632812,1.127930
7650,-10317.097656,-10339.032227,21.934570
7651,-11409.636719,-11406.955078,2.681641
7652,-11386.014648,-11370.756836,15.257812
7653,-9319.214844,-9360.794922,41.580078
7654,-12007.062500,-12013.377930,6.315430
7655,-9576.284180,-9555.119141,21.165039
7656,-12446.714844,-12457.519531,10.804688
7657,-9510.914062,-9529.395508,18.481445
7658,-11353.340820,-11340.668945,12.671875
7659,-11510.335938,-11509.791992,0.543945
7660,-11409.769531,-11407.491211,2.278320
7661,-10429.055664,-10394.820312,34.235352
7662,-11368.155273,-11372.943359,4.788086
7663,-8475.571289,-8452.239258,23.332031
7664,-12950.068359,-12958.406250,8.337891
7665,-9964.740234,-9957.771484,6.968750
7666,-9588.383789,-9588.326172,0.057617
7667,-11837.814453,-11845.205078,7.390625
7668,-11861.910156,-11844.267578,17.642578
7669,-11499.680664,-11512.207031,12.526367
7670,-11909.619141,-11915.376953,5.757812
7671,-10948.056641,-10936.377930,11.678711
7672,-10754.760742,-10770.345703,15.584961
7673,-11510.434570,-11510.317383,0.117188
7674,-10945.299805,-10937.254883,8.044922
7675,-10963.154297,-10968.112305,4.958008
7676,-11983.404297,-11979.705078,3.699219
7677,-12402.035156,-12385.817383,16.217773
7678,-8915.693359,-8832.000977,83.692383
7679,-11830.654297,-11809.190430,21.463867
7680,-10910.036133,-10903.149414,6.886719
7681,-10458.981445,-10433.729492,25.251953
7682,-10969.225586,-10968.953125,0.272461
7683,-12393.006836,-12386.454102,6.552734
7684,-9652.527344,-9704.921875,52.394531
7685,-10874.966797,-10879.676758,4.709961
7686,-10515.379883,-10507.280273,8.099609
7687,-11377.408203,-11373.895508,3.512695
7688,-11941.744141,-11948.033203,6.289062
7689,-8498.323242,-8452.296875,46.026367
7690,-11444.599609,-11453.522461,8.922852
7691,-12978.721680,-12992.455078,13.733398
7692,-10971.693359,-10969.019531,2.673828
7693,-10979.461914,-10969.092773,10.369141
7694,-10945.624023,-10935.331055,10.292969
7695,-11913.217773,-11913.408203,0.190430
7696,-11568.575195,-11577.408203,8.833008
7697,-10974.006836,-10970.180664,3.826172
7698,-10937.292969,-10937.755859,0.462891
7699,-11508.405273,-11509.654297,1.249023
7700,-9865.779297,-9870.023438,4.244141
7701,-10498.340820,-10498.730469,0.389648
7702,-10895.561523,-10865.845703,29.715820
7703,-10406.868164,-10396.015625,10.852539
7704,-11818.143555,-11810.785156,7.358398
7705,-11476.179688,-11476.155273,0.024414
7706,-10011.304688,-9990.274414,21.030273
7707,-9491.257812,-9463.858398,27.399414
7708,-10505.839844,-10500.941406,4.898438
7709,-10968.735352,-10968.596680,0.138672
7710,-10541.268555,-10534.316406,6.952148
7711,-10537.373047,-10532.357422,5.015625
7712,-14038.484375,-14099.226562,60.742188
7713,-11507.898438,-11511.413086,3.514648
7714,-10499.190430,-10497.034180,2.156250
7715,-10572.731445,-10566.270508,6.460938
7716,-12521.911133,-12519.899414,2.011719
7717,-9817.895508,-9809.067383,8.828125
7718,-8796.057617,-8728.898438,67.159180
7719,-11966.723633,-11982.611328,15.887695
7720,-10493.046875,-10499.275391,6.228516
7721,-13439.685547,-13464.844727,25.159180
7722,-9317.176758,-9406.458984,89.282227
7723,-11373.616211,-11376.287109,2.670898
7724,-12474.412109,-12451.434570,22.977539
7725,-11738.803711,-11746.609375,7.805664
7726,-8904.743164,-8854.314453,50.428711
7727,-10435.738281,-10426.373047,9.365234
7728,-10504.833984,-10499.552734,5.281250
7729,-11907.071289,-11915.359375,8.288086
7730,-9534.119141,-9489.509766,44.609375
7731,-11799.333984,-11811.466797,12.132812
7732,-10784.928711,-10800.962891,16.034180
7733,-12915.694336,-12926.373047,10.678711
7734,-9961.795898,-9959.837891,1.958008
7735,-11401.949219,-11405.753906,3.804688
7736,-11893.513672,-11915.472656,21.958984
7737,-11542.507812,-11544.007812,1.500000
7738,-10011.666016,-9992.880859,18.785156
7739,-10969.557617,-10968.995117,0.562500
7740,-10970.974609,-10967.875000,3.099609
7741,-11955.342773,-11947.093750,8.249023
7742,-11010.061523,-11002.289062,7.772461
7743,-11384.251953,-11374.685547,9.566406
7744,-9872.939453,-9867.505859,5.433594
7745,-10523.008789,-10501.180664,21.828125
7746,-12636.365234,-12683.096680,46.731445
7747,-10440.358398,-10443.201172,2.842773
7748,-9880.076172,-9899.274414,19.198242
7749,-12987.711914,-12992.118164,4.406250
7750,-11500.161133,-11485.575195,14.585938
7751,-11388.344727,-11373.173828,15.170898
7752,-10532.287109,-10531.909180,0.377930
7753,-12226.807617,-12247.493164,20.685547
7754,-10448.666016,-10429.188477,19.477539
7755,-10945.780273,-10934.772461,11.007812
7756,-10972.866211,-10969.642578,3.223633
7757,-12010.024414,-12014.733398,4.708984
7758,-12903.501953,-12926.019531,22.517578
7759,-9600.146484,-9589.056641,11.089844
7760,-11952.240234,-11947.162109,5.078125
7761,-11952.390625,-11945.883789,6.506836
7762,-11542.519531,-11543.628906,1.109375
7763,-10917.636719,-10903.576172,14.060547
7764,-10703.785156,-10743.168945,39.383789
7765,-9864.795898,-9841.058594,23.737305
7766,-10373.761719,-10361.757812,12.003906
7767,-11325.090820,-11317.090820,8.000000
7768,-11394.288086,-11407.758789,13.470703
7769,-9533.015625,-9522.402344,10.613281
7770,-10369.690430,-10337.754883,31.935547
7771,-11956.250000,-11948.263672,7.986328
7772,-12270.857422,-12281.046875,10.189453
7773,-11439.298828,-11440.181641,0.882812
7774,-9502.900391,-9497.382812,5.517578
7775,-12380.409180,-12384.822266,4.413086
7776,-10936.840820,-10937.082031,0.241211
7777,-9924.207031,-9900.655273,23.551758
7778,-10943.590820,-10937.739258,5.851562
7779,-12952.564453,-12959.065430,6.500977
7780,-11058.392578,-11405.534180,347.141602
7781,-10633.752930,-10631.679688,2.073242
7782,-11801.906250,-11811.050781,9.144531
7783,-10403.704102,-10395.942383,7.761719
7784,-10374.841797,-10365.140625,9.701172
7785,-9714.505859,-9326.602539,387.903320
7786,-11942.792969,-11948.412109,5.619141
7787,-10985.942383,-10969.220703,16.721680
7788,-10570.442383,-10566.394531,4.047852
7789,-10999.451172,-11001.588867,2.137695
7790,-12390.435547,-12384.961914,5.473633
7791,-11512.333984,-11511.327148,1.006836
7792,-12475.831055,-12486.531250,10.700195
7793,-11640.041992,-11674.878906,34.836914
7794,-11952.331055,-11949.096680,3.234375
7795,-9477.301758,-9462.895508,14.406250
7796,-9297.175781,-9329.444336,32.268555
7797,-10971.902344,-10969.212891,2.689453
7798,-10917.459961,-10905.365234,12.094727
7799,-10945.216797,-10939.355469,5.861328
7800,-12980.600586,-12958.963867,21.636719
7801,-10999.813477,-11003.229492,3.416016
7802,-10381.505859,-10364.641602,16.864258
7803,-10924.823242,-10879.581055,45.242188
7804,-10536.691406,-10533.223633,3.467773
7805,-12517.711914,-12520.770508,3.058594
7806,-11490.536133,-11484.351562,6.184570
7807,-10571.631836,-10565.229492,6.402344
7808,-9551.083008,-9529.208984,21.874023
7809,-11517.096680,-11509.212891,7.883789
7810,-10403.038086,-10396.815430,6.222656
7811,-11416.993164,-11408.054688,8.938477
7812,-12357.452148,-12352.259766,5.192383
7813,-11509.226562,-11510.053711,0.827148
7814,-11545.474609,-11543.610352,1.864258
7815,-11952.913086,-11948.607422,4.305664
7816,-9886.660156,-9890.935547,4.275391
7817,-10398.750977,-10406.822266,8.071289
7818,-11687.460938,-11753.283203,65.822266
7819,-9840.275391,-9797.462891,42.812500
7820,-11817.061523,-11810.768555,6.292969
7821,-10945.011719,-10936.792969,8.218750
7822,-9559.037109,-9555.883789,3.153320
7823,-10344.941406,-10328.233398,16.708008
7824,-10000.596680,-9991.273438,9.323242
7825,-10975.616211,-10969.102539,6.513672
7826,-10941.878906,-10937.661133,4.217773
7827,-11537.823242,-11544.868164,7.044922
7828,-10468.298828,-10474.750000,6.451172
7829,-10584.894531,-10598.267578,13.373047
7830,-11507.930664,-11512.309570,4.378906
7831,-10538.206055,-10532.077148,6.128906
7832,-11918.778320,-11915.641602,3.136719
7833,-9599.260742,-9587.545898,11.714844
7834,-10538.026367,-10531.998047,6.028320
7835,-11002.591797,-11001.246094,1.345703
7836,-10537.356445,-10533.133789,4.222656
7837,-10967.239258,-10970.621094,3.381836
7838,-9963.783203,-9959.829102,3.954102
7839,-10365.846680,-10371.019531,5.172852
7840,-11960.411133,-11947.122070,13.289062
7841,-10980.311523,-10971.370117,8.941406
7842,-9992.477539,-9990.677734,1.799805
7843,-11395.049805,-11406.534180,11.484375
7844,-13735.643555,-13904.753906,169.110352
7845,-11691.878906,-11708.314453,16.435547
7846,-11912.817383,-11917.109375,4.291992
7847,-11540.263672,-11543.757812,3.494141
7848,-10832.471680,-10834.211914,1.740234
7849,-12930.153320,-12925.964844,4.188477
7850,-11478.775391,-11477.049805,1.725586
7851,-7926.586426,-8452.470703,525.884277
7852,-11504.823242,-11509.050781,4.227539
7853,-12440.096680,-12456.231445,16.134766
7854,-10897.542969,-10902.678711,5.135742
7855,-12390.625000,-12385.614258,5.010742
7856,-12364.274414,-12351.893555,12.380859
7857,-10427.699219,-10443.033203,15.333984
7858,-11948.107422,-11946.933594,1.173828
7859,-12896.449219,-12894.296875,2.152344
7860,-11945.040039,-11947.950195,2.910156
7861,-11809.293945,-11844.233398,34.939453
7862,-11207.732422,-11203.771484,3.960938
7863,-12925.835938,-12925.328125,0.507812
7864,-10978.115234,-10969.648438,8.466797
7865,-12027.109375,-12030.156250,3.046875
7866,-8964.478516,-9133.012695,168.534180
7867,-10496.103516,-10350.494141,145.609375
7868,-10486.732422,-10473.452148,13.280273
7869,-11518.518555,-11510.455078,8.063477
7870,-9955.891602,-9958.475586,2.583984
7871,-9724.911133,-9764.810547,39.899414
7872,-11897.248047,-11913.541016,16.292969
7873,-12228.449219,-12248.867188,20.417969
7874,-11342.161133,-11341.921875,0.239258
7875,-9516.232422,-9521.299805,5.067383
7876,-10459.090820,-10430.272461,28.818359
7877,-10952.756836,-10937.760742,14.996094
7878,-9508.177734,-9496.333008,11.844727
7879,-10949.575195,-10934.958984,14.616211
7880,-12447.626953,-12419.370117,28.256836
7881,-12828.117188,-12861.662109,33.544922
7882,-11977.454102,-11980.154297,2.700195
7883,-11950.079102,-11948.869141,1.209961
7884,-11517.052734,-11510.872070,6.180664
7885,-10502.674805,-10499.449219,3.225586
7886,-11908.239258,-11915.296875,7.057617
7887,-11010.331055,-11001.387695,8.943359
7888,-12489.057617,-12486.330078,2.727539
7889,-12933.980469,-12926.109375,7.871094
7890,-11084.501953,-11174.404297,89.902344
7891,-12911.962891,-12926.463867,14.500977
7892,-10360.189453,-10361.757812,1.568359
7893,-10541.975586,-10531.090820,10.884766
7894,-12924.445312,-12959.488281,35.042969
7895,-9597.664062,-9589.139648,8.524414
7896,-11575.011719,-11576.232422,1.220703
7897,-10438.557617,-10430.394531,8.163086
7898,-11985.657227,-11980.308594,5.348633
7899,-11983.516602,-11980.703125,2.813477
7900,-8997.203125,-8988.257812,8.945312
7901,-12407.416016,-12423.873047,16.457031
7902,-10502.439453,-10498.165039,4.274414
7903,-11979.352539,-11979.537109,0.184570
7904,-10861.338867,-10878.970703,17.631836
7905,-15021.543945,-15180.596680,159.052734
7906,-10946.370117,-10935.540039,10.830078
7907,-12362.666992,-12353.083008,9.583984
7908,-10530.134766,-10533.081055,2.946289
7909,-11501.404297,-11510.214844,8.810547
7910,-11535.811523,-11543.331055,7.519531
7911,-11345.124023,-11342.291992,2.832031
7912,-10944.000977,-10936.868164,7.132812
7913,-10368.698242,-10360.482422,8.215820
7914,-11342.458984,-11337.230469,5.228516
7915,-12486.289062,-12487.158203,0.869141
7916,-10978.662109,-10970.471680,8.190430
7917,-11171.514648,-11179.983398,8.468750
7918,-11384.557617,-11373.256836,11.300781
7919,-11892.979492,-11916.083008,23.103516
7920,-10974.086914,-10969.346680,4.740234
7921,-11421.108398,-11408.478516,12.629883
7922,-9907.033203,-9864.899414,42.133789
7923,-12384.345703,-12384.617188,0.271484
7924,-11342.898438,-11341.924805,0.973633
7925,-10901.557617,-10904.997070,3.439453
7926,-9979.484375,-9990.999023,11.514648
7927,-10939.690430,-10937.048828,2.641602
7928,-12362.073242,-12349.112305,12.960938
7929,-11406.052734,-11407.734375,1.681641
7930,-9620.360352,-9620.973633,0.613281
7931,-10907.818359,-10904.858398,2.959961
7932,5656.825195,-4275.330078,9932.155273
7933,-10539.098633,-10531.826172,7.272461
7934,-11379.416016,-11374.305664,5.110352
7935,-8448.664062,-8485.769531,37.105469
7936,-10901.177734,-10900.392578,0.785156
7937,-10619.419922,-10631.726562,12.306641
7938,-11483.972656,-11476.495117,7.477539
7939,-12444.106445,-12417.500000,26.606445
7940,-11392.090820,-11372.847656,19.243164
7941,-11919.743164,-11913.832031,5.911133
7942,-10905.482422,-10903.543945,1.938477
7943,-11373.989258,-11374.083984,0.094727
7944,-15622.427734,-15963.445312,341.017578
7945,-11477.964844,-11476.524414,1.440430
7946,-9360.656250,-9269.210938,91.445312
7947,-11956.245117,-11947.088867,9.156250
7948,-9837.412109,-9834.062500,3.349609
7949,-11378.915039,-11373.432617,5.482422
7950,-11799.454102,-11777.528320,21.925781
7951,-10602.555664,-10599.165039,3.390625
7952,-12951.768555,-12957.554688,5.786133
7953,-11951.703125,-11946.191406,5.511719
7954,-10533.061523,-10532.244141,0.817383
7955,-12914.319336,-12924.649414,10.330078
7956,-9479.919922,-9488.275391,8.355469
7957,-15972.131836,-16369.160156,397.028320
7958,-11482.861328,-11477.621094,5.240234
7959,-12443.710938,-12454.802734,11.091797
7960,-10854.747070,-10879.363281,24.616211
7961,-11988.126953,-11945.954102,42.172852
7962,-12426.033203,-12418.056641,7.976562
7963,-11392.232422,-11374.071289,18.161133
7964,-11000.023438,-11003.607422,3.583984
7965,-11505.528320,-11510.168945,4.640625
7966,-11843.417969,-11812.919922,30.498047
7967,-11543.753906,-11544.965820,1.211914
7968,-11471.277344,-11476.741211,5.463867
7969,-11945.883789,-11948.177734,2.293945
7970,-13460.817383,-13466.492188,5.674805
7971,-11976.625977,-11979.394531,2.768555
7972,-10999.074219,-11002.438477,3.364258
7973,-10564.979492,-10565.371094,0.391602
7974,-12417.460938,-12418.359375,0.898438
7975,-10968.661133,-10971.906250,3.245117
7976,-11913.497070,-11915.590820,2.093750
7977,-11965.068359,-11948.773438,16.294922
7978,-11688.656250,-11675.198242,13.458008
7979,-10534.098633,-10533.103516,0.995117
7980,-10368.967773,-10342.485352,26.482422
7981,-10601.035156,-10599.227539,1.807617
7982,-12488.337891,-12523.035156,34.697266
7983,-10961.459961,-10969.003906,7.543945
7984,-11000.556641,-11001.451172,0.894531
7985,-9486.112305,-9488.623047,2.510742
7986,-11905.160156,-11911.058594,5.898438
7987,-11944.196289,-11949.850586,5.654297
7988,-10908.765625,-10903.944336,4.821289
7989,-10410.509766,-10395.785156,14.724609
7990,-11934.497070,-11947.767578,13.270508
7991,-11477.891602,-11477.036133,0.855469
7992,-12880.174805,-12893.774414,13.599609
7993,-12367.297852,-12385.471680,18.173828
7994,-10948.541992,-10938.386719,10.155273
7995,-10809.586914,-10800.425781,9.161133
7996,-11546.795898,-11542.815430,3.980469
7997,-13688.280273,-13764.550781,76.270508
7998,-10019.956055,-10023.939453,3.983398
7999,-10950.639648,-10937.006836,13.632812
8000,-11945.779297,-11946.947266,1.167969
8001,-12888.593750,-12893.049805,4.456055
8002,-11382.462891,-11373.769531,8.693359
8003,-10540.259766,-10532.513672,7.746094
8004,-11340.529297,-11309.894531,30.634766
8005,-9359.530273,-9327.000000,32.530273
8006,-11323.500977,-11316.864258,6.636719
8007,-11495.036133,-11509.702148,14.666016
8008,-12514.369141,-12522.410156,8.041016
8009,-11376.742188,-11375.131836,1.610352
8010,-10562.575195,-10564.607422,2.032227
8011,-10501.752930,-10497.972656,3.780273
8012,-11371.454102,-11374.643555,3.189453
8013,-11247.703125,-11270.872070,23.168945
8014,-10919.268555,-10905.351562,13.916992
8015,-12446.734375,-12454.899414,8.165039
8016,-10941.767578,-10933.516602,8.250977
8017,-10972.302734,-10970.124023,2.178711
8018,-12377.968750,-12384.666016,6.697266
8019,-12359.226562,-12386.451172,27.224609
8020,-11804.977539,-11778.805664,26.171875
8021,-11939.605469,-11945.230469,5.625000
8022,-10970.241211,-10968.721680,1.519531
8023,-11471.279297,-11485.948242,14.668945
8024,-10945.417969,-10938.255859,7.162109
8025,-10963.812500,-10969.154297,5.341797
8026,-11452.572266,-11442.019531,10.552734
8027,-8926.056641,-8923.262695,2.793945
8028,-11512.080078,-11510.452148,1.627930
8029,-9905.223633,-9900.571289,4.652344
8030,-12941.908203,-12925.853516,16.054688
8031,-11289.609375,-11341.791016,52.181641
8032,-12790.536133,-12838.544922,48.008789
8033,-11473.332031,-11476.951172,3.619141
8034,-11275.475586,-11270.784180,4.691406
8035,-11387.569336,-11373.336914,14.232422
8036,-8718.625000,-8637.125977,81.499023
8037,-11795.004883,-11812.508789,17.503906
8038,-10004.836914,-9993.632812,11.204102
8039,-11008.928711,-11001.426758,7.501953
8040,-10389.326172,-10371.105469,18.220703
8041,-11509.391602,-11509.113281,0.278320
8042,-11862.312500,-11843.723633,18.588867
8043,-9524.967773,-9530.578125,5.610352
8044,-13365.934570,-13363.847656,2.086914
8045,-11535.897461,-11543.099609,7.202148
8046,-11913.541016,-11965.132812,51.591797
8047,-11540.430664,-11543.988281,3.557617
8048,-11537.167969,-11543.453125,6.285156
8049,-11394.292969,-11406.597656,12.304688
8050,-10509.594727,-10500.290039,9.304688
8051,-11980.069336,-11979.144531,0.924805
8052,-11543.830078,-11543.345703,0.484375
8053,-11452.841797,-11446.265625,6.576172
8054,-11254.285156,-11269.895508,15.610352
8055,-11571.766602,-11576.195312,4.428711
8056,-11480.040039,-11476.887695,3.152344
8057,-11923.945312,-11915.072266,8.873047
8058,-11740.500000,-11754.088867,13.588867
8059,-10512.895508,-10475.185547,37.709961
8060,-11917.692383,-11915.304688,2.387695
8061,-9527.882812,-9529.258789,1.375977
8062,-12549.584961,-12554.673828,5.088867
8063,-9998.670898,-9992.707031,5.963867
8064,-11935.223633,-11947.875977,12.652344
8065,-12531.191406,-12521.896484,9.294922
8066,-11592.016602,-11576.463867,15.552734
8067,-9976.741211,-9956.734375,20.006836
8068,-9871.521484,-9925.177734,53.656250
8069,-10883.938477,-10873.305664,10.632812
8070,-10531.050781,-10531.902344,0.851562
8071,-10971.098633,-10968.449219,2.649414
8072,-10988.073242,-10971.414062,16.659180
8073,-11750.749023,-11778.749023,28.000000
8074,-10504.746094,-10499.607422,5.138672
8075,-10975.631836,-10969.764648,5.867188
8076,-11445.453125,-11452.553711,7.100586
8077,-12485.077148,-12489.032227,3.955078
8078,-11516.436523,-11510.309570,6.126953
8079,-9930.622070,-9901.586914,29.035156
8080,-11945.353516,-11946.829102,1.475586
8081,-12483.574219,-12486.942383,3.368164
8082,-11946.533203,-11948.916992,2.383789
8083,-9320.549805,-9327.441406,6.891602
8084,-8576.073242,-8518.519531,57.553711
8085,-12466.285156,-12488.827148,22.541992
8086,-11882.011719,-11882.486328,0.474609
8087,-10306.747070,-10306.469727,0.277344
8088,-11538.655273,-11543.806641,5.151367
8089,-9919.335938,-9925.170898,5.834961
8090,-10942.300781,-10936.565430,5.735352
8091,-11925.451172,-11914.269531,11.181641
8092,-10542.155273,-10533.139648,9.015625
8093,-9516.418945,-9488.111328,28.307617
8094,-11652.142578,-11593.578125,58.564453
8095,-12821.580078,-12823.968750,2.388672
8096,-10535.414062,-10533.327148,2.086914
8097,-11472.498047,-11484.319336,11.821289
8098,-10537.066406,-10532.090820,4.975586
8099,-11905.375977,-11915.052734,9.676758
8100,-11388.926758,-11376.165039,12.761719
8101,-10932.653320,-10933.596680,0.943359
8102,-12008.902344,-12014.126953,5.224609
8103,-12487.000977,-12489.031250,2.030273
8104,-11950.639648,-11948.427734,2.211914
8105,-10925.207031,-10935.600586,10.393555
8106,-10250.479492,-10246.154297,4.325195
8107,-10397.571289,-10395.031250,2.540039
8108,-10326.028320,-10305.062500,20.965820
8109,-12355.657227,-12353.535156,2.122070
8110,-11942.254883,-11946.813477,4.558594
8111,-11979.986328,-11980.066406,0.080078
8112,-10825.365234,-10834.238281,8.873047
8113,-10437.321289,-10440.491211,3.169922
8114,-12590.695312,-12683.526367,92.831055
8115,-10944.110352,-10911.797852,32.312500
8116,-11482.881836,-11478.127930,4.753906
8117,-10567.852539,-10565.170898,2.681641
8118,-9872.031250,-9867.911133,4.120117
8119,-11845.503906,-11849.356445,3.852539
8120,-11991.108398,-12012.621094,21.512695
8121,-11710.160156,-11752.839844,42.679688
8122,-11548.272461,-11543.643555,4.628906
8123,-11978.870117,-11980.953125,2.083008
8124,-9573.493164,-9555.684570,17.808594
8125,-10904.875000,-10879.732422,25.142578
8126,-11508.915039,-11509.726562,0.811523
8127,-10530.531250,-10530.195312,0.335938
8128,-11541.341797,-11543.099609,1.757812
8129,-12485.281250,-12487.674805,2.393555
8130,-12480.123047,-12488.652344,8.529297
8131,-12442.771484,-12456.073242,13.301758
8132,-10569.647461,-10565.941406,3.706055
8133,-11509.520508,-11544.621094,35.100586
8134,-10900.970703,-10903.895508,2.924805
8135,-10475.219727,-10473.493164,1.726562
8136,-8467.410156,-8452.049805,15.360352
8137,-11342.975586,-11339.960938,3.014648
8138,-10525.384766,-10531.115234,5.730469
8139,-11401.700195,-11408.412109,6.711914
8140,-10936.807617,-10937.253906,0.446289
8141,-9911.758789,-9901.131836,10.626953
8142,-11322.975586,-11270.067383,52.908203
8143,-10413.082031,-10395.914062,17.167969
8144,-10982.413086,-10971.490234,10.922852
8145,-10968.968750,-10970.791992,1.823242
8146,-10979.808594,-10970.568359,9.240234
8147,-11433.370117,-11407.214844,26.155273
8148,-11642.113281,-11719.041992,76.928711
8149,-11907.082031,-11916.067383,8.985352
8150,-11506.809570,-11508.912109,2.102539
8151,-10896.513672,-10879.550781,16.962891
8152,-11403.344727,-11406.597656,3.252930
8153,-12974.804688,-12958.988281,15.816406
8154,-11920.868164,-11916.220703,4.647461
8155,-9434.086914,-9462.976562,28.889648
8156,-10810.860352,-10799.546875,11.313477
8157,-11541.280273,-11544.047852,2.767578
8158,-11516.887695,-11510.360352,6.527344
8159,-16036.353516,-16368.759766,332.406250
8160,-10886.910156,-10870.327148,16.583008
8161,-11954.651367,-11947.803711,6.847656
8162,-10515.459961,-10506.586914,8.873047
8163,-11320.081055,-11311.091797,8.989258
8164,-12818.025391,-12822.287109,4.261719
8165,-9585.498047,-9555.283203,30.214844
8166,-11010.354492,-11003.590820,6.763672
8167,-12028.424805,-12029.978516,1.553711
8168,-12404.766602,-12419.816406,15.049805
8169,-11516.136719,-11511.357422,4.779297
8170,-11007.879883,-11003.571289,4.308594
8171,-12388.797852,-12385.279297,3.518555
8172,-11567.807617,-11577.239258,9.431641
8173,-9527.960938,-9520.688477,7.272461
8174,-11479.495117,-11476.005859,3.489258
8175,-12938.431641,-12958.719727,20.288086
8176,-10483.622070,-10473.925781,9.696289
8177,-10319.169922,-10307.547852,11.622070
8178,-11932.709961,-11949.545898,16.835938
8179,-8970.833984,-8921.861328,48.972656
8180,-12794.877930,-12855.892578,61.014648
8181,-11446.444336,-11452.157227,5.712891
8182,-11984.231445,-11980.102539,4.128906
8183,-9468.631836,-9461.702148,6.929688
8184,-11910.364258,-11916.986328,6.622070
8185,-12362.450195,-12354.203125,8.247070
8186,-12773.419922,-12822.958984,49.539062
8187,-10424.812500,-10427.134766,2.322266
8188,-11913.494141,-11915.618164,2.124023
8189,-9361.642578,-9269.893555,91.749023
8190,-10896.167969,-10904.903320,8.735352
8191,-11570.781250,-11576.192383,5.411133
8192,-10910.869141,-10905.579102,5.290039
8193,-10934.341797,-10938.066406,3.724609
8194,-11566.353516,-11576.923828,10.570312
8195,-11344.987305,-11339.080078,5.907227
8196,-11957.236328,-11948.061523,9.174805
8197,-11515.739258,-11511.943359,3.795898
8198,-9620.101562,-9588.404297,31.697266
8199,-10507.313477,-10499.988281,7.325195
8200,-11976.509766,-11979.389648,2.879883
8201,-12880.753906,-12894.118164,13.364258
8202,-11983.714844,-11980.144531,3.570312
8203,-10853.841797,-10879.359375,25.517578
8204,-11956.410156,-11947.541016,8.869141
8205,-11399.770508,-11408.146484,8.375977
8206,-10946.865234,-10938.357422,8.507812
8207,-11955.855469,-11946.799805,9.055664
8208,-10397.780273,-10396.397461,1.382812
8209,-11503.413086,-11510.656250,7.243164
8210,-11954.344727,-11946.765625,7.579102
8211,-8979.916016,-9959.460938,979.544922
8212,-12383.247070,-12384.511719,1.264648
8213,-10809.315430,-10802.681641,6.633789
8214,-11744.498047,-11776.461914,31.963867
8215,-11423.699219,-11408.278320,15.420898
8216,-13465.933594,-13549.341797,83.408203
8217,-11972.566406,-11981.430664,8.864258
8218,-11941.714844,-11949.496094,7.781250
8219,-11962.208984,-11949.866211,12.342773
8220,-9948.595703,-9932.647461,15.948242
8221,-10311.845703,-10307.327148,4.518555
8222,-10544.559570,-10531.444336,13.115234
8223,-11412.568359,-11453.901367,41.333008
8224,-11121.942383,-11075.479492,46.462891
8225,-10852.245117,-10846.286133,5.958984
8226,-10429.294922,-10428.974609,0.320312
8227,-11558.410156,-11576.320312,17.910156
8228,-11547.740234,-11542.534180,5.206055
8229,-11920.020508,-11916.867188,3.153320
8230,-11437.815430,-11444.271484,6.456055
8231,-11914.745117,-11914.566406,0.178711
8232,-10970.845703,-10968.243164,2.602539
8233,-11568.941406,-11575.967773,7.026367
8234,-11338.699219,-11343.551758,4.852539
8235,-11293.580078,-11283.834961,9.745117
8236,-9573.032227,-9554.385742,18.646484
8237,-11539.013672,-11543.832031,4.818359
8238,-10997.820312,-11002.985352,5.165039
8239,-11510.412109,-11511.683594,1.271484
8240,-12923.076172,-12926.620117,3.543945
8241,-10943.811523,-10937.459961,6.351562
8242,-10505.494141,-10500.919922,4.574219
8243,-12343.382812,-12385.283203,41.900391
8244,-10541.275391,-10533.201172,8.074219
8245,-11508.375000,-11511.535156,3.160156
8246,-11377.067383,-11374.213867,2.853516
8247,-11359.986328,-11337.082031,22.904297
8248,-11514.518555,-11510.818359,3.700195
8249,-9453.637695,-9462.515625,8.877930
8250,-11959.873047,-11981.164062,21.291016
8251,-10563.643555,-10565.951172,2.307617
8252,-11941.307617,-11947.751953,6.444336
8253,-10933.514648,-10937.125000,3.610352
8254,-11752.176758,-11720.063477,32.113281
8255,-11515.583984,-11510.860352,4.723633
8256,-10910.279297,-10879.080078,31.199219
8257,-11498.785156,-11511.302734,12.517578
8258,-11504.011719,-11509.112305,5.100586
8259,-9942.994141,-9956.495117,13.500977
8260,-11920.502930,-11915.229492,5.273438
8261,-11966.050781,-11981.403320,15.352539
8262,-10939.852539,-10938.643555,1.208984
8263,-11954.555664,-11947.972656,6.583008
8264,-10976.141602,-10971.045898,5.095703
8265,-8481.388672,-8485.367188,3.978516
8266,-12388.520508,-12385.735352,2.785156
8267,-10724.051758,-10775.784180,51.732422
8268,-10943.453125,-10912.201172,31.251953
8269,-10533.134766,-10532.877930,0.256836
8270,-10943.029297,-10936.525391,6.503906
8271,-10359.589844,-10365.491211,5.901367
8272,-9545.602539,-9529.401367,16.201172
8273,-9897.918945,-9901.856445,3.937500
8274,-11910.501953,-11914.705078,4.203125
8275,-10520.536133,-10473.336914,47.199219
8276,-10541.276367,-10534.388672,6.887695
8277,-12400.384766,-12384.144531,16.240234
8278,-13436.159180,-13356.212891,79.946289
8279,-12392.968750,-12385.248047,7.720703
8280,-11856.364258,-11914.525391,58.161133
8281,-12523.763672,-12520.583984,3.179688
8282,-10360.561523,-10340.067383,20.494141
8283,-11512.083008,-11545.424805,33.341797
8284,-11864.112305,-11811.435547,52.676758
8285,-10938.042969,-10938.004883,0.038086
8286,-11512.609375,-11511.555664,1.053711
8287,-9971.741211,-9965.859375,5.881836
8288,-11507.081055,-11509.495117,2.414062
8289,-11548.585938,-11542.680664,5.905273
8290,-11432.469727,-11441.546875,9.077148
8291,-10570.595703,-10566.027344,4.568359
8292,-15556.410156,-15761.713867,205.303711
8293,-11263.743164,-11270.760742,7.017578
8294,-11920.564453,-11914.383789,6.180664
8295,-12383.923828,-12386.044922,2.121094
8296,-11951.587891,-11950.592773,0.995117
8297,-9864.391602,-9869.872070,5.480469
8298,-11949.736328,-11947.150391,2.585938
8299,-10493.863281,-10498.797852,4.934570
8300,-9901.841797,-9890.994141,10.847656
8301,-11949.046875,-11980.631836,31.584961
8302,-12569.365234,-12555.007812,14.357422
8303,-9877.940430,-9809.658203,68.282227
8304,-9553.510742,-9562.645508,9.134766
8305,-8921.042969,-8921.448242,0.405273
8306,-9957.849609,-9927.094727,30.754883
8307,-10364.343750,-10362.972656,1.371094
8308,-10565.835938,-10566.472656,0.636719
8309,-11726.335938,-11744.338867,18.002930
8310,-12931.786133,-12926.215820,5.570312
8311,-12457.079102,-12489.172852,32.093750
8312,-10999.722656,-11003.777344,4.054688
8313,-12879.125977,-12894.256836,15.130859
8314,-11927.236328,-11913.519531,13.716797
8315,-12923.455078,-12925.439453,1.984375
8316,-9567.744141,-9554.107422,13.636719
8317,-12988.085938,-13007.465820,19.379883
8318,-13180.261719,-13228.670898,48.409180
8319,-9578.156250,-9554.481445,23.674805
8320,-10534.845703,-10533.125000,1.720703
8321,-14379.197266,-14516.166016,136.968750
8322,-11399.340820,-11407.305664,7.964844
8323,-10471.085938,-10465.333984,5.751953
8324,-9526.288086,-9521.197266,5.090820
8325,-9938.276367,-9903.081055,35.195312
8326,-11520.273438,-11510.023438,10.250000
8327,-11483.169922,-11476.754883,6.415039
8328,-10920.529297,-10905.436523,15.092773
8329,-10947.963867,-10969.088867,21.125000
8330,-10367.461914,-10372.579102,5.117188
8331,-10974.157227,-10970.851562,3.305664
8332,-12259.920898,-12351.716797,91.795898
8333,-11503.789062,-11509.879883,6.090820
8334,-11475.063477,-11349.339844,125.723633
8335,-9441.066406,-9429.752930,11.313477
8336,-10352.429688,-10336.437500,15.992188
8337,-11188.419922,-11179.326172,9.093750
8338,-12507.708008,-12521.187500,13.479492
8339,-13482.440430,-13499.000977,16.560547
8340,-9944.804688,-9924.243164,20.561523
8341,-11702.205078,-11707.341797,5.136719
8342,-10463.657227,-10466.426758,2.769531
8343,-11877.385742,-11876.542969,0.842773
8344,-12504.589844,-12521.201172,16.611328
8345,-10828.726562,-10834.032227,5.305664
8346,-11011.632812,-11001.890625,9.742188
8347,-10898.679688,-10911.299805,12.620117
8348,-11985.275391,-11981.163086,4.112305
8349,-9205.971680,-9164.949219,41.022461
8350,-12882.381836,-12926.217773,43.835938
8351,-12484.273438,-12488.236328,3.962891
8352,-12299.931641,-12287.675781,12.255859
8353,-12397.397461,-12385.682617,11.714844
8354,-11506.951172,-11511.751953,4.800781
8355,-12754.761719,-12787.571289,32.809570
8356,-12239.120117,-12250.229492,11.109375
8357,-10897.474609,-10877.754883,19.719727
8358,-10495.358398,-10499.044922,3.686523
8359,-7945.312500,-7821.665527,123.646973
8360,-11954.982422,-11946.026367,8.956055
8361,-7859.484863,-7762.767578,96.717285
8362,-10942.185547,-10938.336914,3.848633
8363,-11451.901367,-11440.538086,11.363281
8364,-11962.443359,-11948.291016,14.152344
8365,-10949.791016,-10938.838867,10.952148
8366,-11510.807617,-11509.429688,1.377930
8367,-12486.496094,-12487.923828,1.427734
8368,-10533.334961,-10532.980469,0.354492
8369,-12508.022461,-12521.503906,13.481445
8370,-13316.310547,-13364.192383,47.881836
8371,-9901.405273,-9900.378906,1.026367
8372,-10973.081055,-10969.859375,3.221680
8373,-11834.932617,-11848.789062,13.856445
8374,-11857.583984,-11882.185547,24.601562
8375,-10971.659180,-10968.705078,2.954102
8376,-10544.511719,-10531.947266,12.564453
8377,-11538.151367,-11543.732422,5.581055
8378,-10563.102539,-10566.438477,3.335938
8379,-11454.064453,-11442.953125,11.111328
8380,-7885.662598,-7854.524902,31.137695
8381,-10984.936523,-11001.972656,17.036133
8382,-11384.358398,-11374.237305,10.121094
8383,-9432.177734,-9429.281250,2.896484
8384,-10534.041992,-10532.277344,1.764648
8385,-11028.012695,-11034.958984,6.946289
8386,-10935.360352,-10938.409180,3.048828
8387,-10533.986328,-10532.416016,1.570312
8388,-10977.210938,-10969.805664,7.405273
8389,-11820.579102,-11812.076172,8.502930
8390,-10577.878906,-10565.155273,12.723633
8391,-11508.118164,-11485.055664,23.062500
8392,-11432.808594,-11439.975586,7.166992
8393,-9610.298828,-9471.196289,139.102539
8394,-9908.639648,-9924.906250,16.266602
8395,-10594.720703,-10598.409180,3.688477
8396,-11981.677734,-11980.265625,1.412109
8397,-11970.751953,-11981.025391,10.273438
8398,-11950.486328,-11949.470703,1.015625
8399,-11981.350586,-11982.287109,0.936523
8400,-10903.364258,-10870.234375,33.129883
8401,-8426.845703,-8452.250000,25.404297
8402,-10534.966797,-10533.005859,1.960938
8403,-10971.541992,-10968.293945,3.248047
8404,-11940.275391,-11946.147461,5.872070
8405,-9580.493164,-9554.276367,26.216797
8406,-12975.492188,-12992.013672,16.521484
8407,-11921.208008,-11916.061523,5.146484
8408,-11474.069336,-11477.500000,3.430664
8409,-11515.552734,-11510.585938,4.966797
8410,-10217.774414,-10234.262695,16.488281
8411,-11508.168945,-11512.306641,4.137695
8412,-12376.931641,-12383.916016,6.984375
8413,-11895.243164,-11916.666016,21.422852
8414,-10964.113281,-10970.473633,6.360352
8415,-11377.333008,-11372.250000,5.083008
8416,-10581.116211,-10565.076172,16.040039
8417,-10886.460938,-10872.935547,13.525391
8418,-10827.321289,-10801.514648,25.806641
8419,-10761.287109,-10774.982422,13.695312
8420,-8905.161133,-8921.731445,16.570312
8421,-11974.354492,-11979.548828,5.194336
8422,-11298.316406,-11310.315430,11.999023
8423,-11506.781250,-11510.909180,4.127930
8424,-12507.195312,-12520.916016,13.720703
8425,-10315.364258,-10296.545898,18.818359
8426,-11401.851562,-11408.026367,6.174805
8427,-8911.802734,-8857.503906,54.298828
8428,-9493.854492,-9602.207031,108.352539
8429,-12447.210938,-12489.842773,42.631836
8430,-10573.085938,-10566.150391,6.935547
8431,-9977.348633,-9991.628906,14.280273
8432,-12547.639648,-12554.648438,7.008789
8433,-11951.064453,-11948.123047,2.941406
8434,-10997.273438,-11004.018555,6.745117
8435,-10500.138672,-10473.653320,26.485352
8436,-12050.465820,-12030.245117,20.220703
8437,-10576.447266,-10565.487305,10.959961
8438,-9587.298828,-9554.703125,32.595703
8439,-11912.968750,-11913.087891,0.119141
8440,-10581.316406,-10598.279297,16.962891
8441,-9941.662109,-9965.542969,23.880859
8442,-10535.960938,-10532.069336,3.891602
8443,-10526.603516,-10500.180664,26.422852
8444,-10838.990234,-10829.459961,9.530273
8445,-10934.765625,-10936.997070,2.231445
8446,-12478.878906,-12487.523438,8.644531
8447,-11910.621094,-11912.948242,2.327148
8448,-10840.171875,-10834.302734,5.869141
8449,-11527.672852,-11510.859375,16.813477
8450,-12011.808594,-12013.068359,1.259766
8451,-10502.226562,-10500.298828,1.927734
8452,-10499.269531,-10499.939453,0.669922
8453,-12445.972656,-12466.475586,20.502930
8454,-9859.529297,-9869.030273,9.500977
8455,-12331.828125,-12352.100586,20.272461
8456,-11920.633789,-11914.337891,6.295898
8457,-12441.152344,-12454.754883,13.602539
8458,-11788.075195,-11779.117188,8.958008
8459,-11907.511719,-11915.464844,7.953125
8460,-8878.960938,-8890.411133,11.450195
8461,-10571.833984,-10566.562500,5.271484
8462,-9923.431641,-9901.343750,22.087891
8463,-12363.990234,-12384.160156,20.169922
8464,-10958.256836,-10969.778320,11.521484
8465,-13478.252930,-13499.157227,20.904297
8466,-12007.544922,-12014.458984,6.914062
8467,-10978.538086,-10970.488281,8.049805
8468,-9283.439453,-9296.715820,13.276367
8469,-12370.231445,-12352.800781,17.430664
8470,-8906.525391,-8888.641602,17.883789
8471,-11915.965820,-11915.578125,0.387695
8472,-11969.699219,-11949.432617,20.266602
8473,-12469.396484,-12487.916992,18.520508
8474,-12918.684570,-12925.600586,6.916016
8475,-8498.095703,-8393.903320,104.192383
8476,-9746.892578,-9733.494141,13.398438
8477,-10501.228516,-10497.434570,3.793945
8478,-11400.251953,-11406.553711,6.301758
8479,-9959.414062,-9957.276367,2.137695
8480,-12404.254883,-12385.198242,19.056641
8481,-12479.908203,-12486.831055,6.922852
8482,-11379.023438,-11374.061523,4.961914
8483,-10897.873047,-10905.251953,7.378906
8484,-10435.597656,-10440.953125,5.355469
8485,-10595.221680,-10598.446289,3.224609
8486,-12362.663086,-12353.335938,9.327148
8487,-12423.446289,-12418.000977,5.445312
8488,-10937.484375,-10936.107422,1.376953
8489,-10995.696289,-11004.042969,8.346680
8490,-8852.310547,-8833.528320,18.782227
8491,-10973.446289,-10969.434570,4.011719
8492,-12479.246094,-12488.633789,9.387695
8493,-9971.416016,-9957.892578,13.523438
8494,-11425.882812,-11439.617188,13.734375
8495,-12004.810547,-12013.617188,8.806641
8496,-10886.199219,-10878.214844,7.984375
8497,-9486.374023,-9495.230469,8.856445
8498,-13296.408203,-13332.369141,35.960938
8499,-9501.022461,-9496.280273,4.742188
8500,-10316.472656,-10339.352539,22.879883
8501,-11856.875000,-11844.325195,12.549805
8502,-11531.005859,-11544.291016,13.285156
8503,-11564.825195,-11576.187500,11.362305
8504,-8208.581055,-8227.469727,18.888672
8505,-11480.399414,-11479.034180,1.365234
8506,-10958.839844,-10937.462891,21.376953
8507,-11465.584961,-11478.710938,13.125977
8508,-10544.362305,-10533.954102,10.408203
8509,-13026.573242,-13007.605469,18.967773
8510,-10544.708008,-10532.846680,11.861328
8511,-11953.811523,-11947.977539,5.833984
8512,-12351.825195,-12352.760742,0.935547
8513,-9876.154297,-9866.823242,9.331055
8514,-9941.420898,-9934.596680,6.824219
8515,-12265.303711,-12247.918945,17.384766
8516,-10601.381836,-10599.694336,1.687500
8517,-9630.425781,-9719.137695,88.711914
8518,-11884.082031,-11884.449219,0.367188
8519,-11541.408203,-11543.796875,2.388672
8520,-10412.321289,-10397.961914,14.359375
8521,-11465.795898,-11478.187500,12.391602
8522,-8463.675781,-8485.487305,21.811523
8523,-10532.678711,-10532.838867,0.160156
8524,-9564.308594,-9555.040039,9.268555
8525,-9561.039062,-9530.220703,30.818359
8526,-9970.384766,-9959.721680,10.663086
8527,-11536.314453,-11544.768555,8.454102
8528,-12955.806641,-12958.580078,2.773438
8529,-12526.387695,-12521.403320,4.984375
8530,-10815.202148,-10838.738281,23.536133
8531,-12379.815430,-12385.388672,5.573242
8532,-10944.943359,-10937.733398,7.209961
8533,-11955.214844,-11947.519531,7.695312
8534,-11391.851562,-11375.473633,16.377930
8535,-12514.341797,-12520.523438,6.181641
8536,-11783.749023,-11780.094727,3.654297
8537,-9570.271484,-9555.766602,14.504883
8538,-11411.883789,-11406.658203,5.225586
8539,-10564.321289,-10565.625000,1.303711
8540,-11504.341797,-11509.219727,4.877930
8541,-11856.320312,-11844.240234,12.080078
8542,-10913.251953,-10901.466797,11.785156
8543,-10492.652344,-10499.508789,6.856445
8544,-11362.878906,-11373.628906,10.750000
8545,-10941.209961,-10936.999023,4.210938
8546,-9964.918945,-9957.489258,7.429688
8547,-10532.419922,-10533.341797,0.921875
8548,-10534.582031,-10531.628906,2.953125
8549,-11455.148438,-11444.866211,10.282227
8550,-11519.219727,-11517.924805,1.294922
8551,-10453.612305,-10462.364258,8.751953
8552,-10575.090820,-10566.059570,9.031250
8553,-11780.248047,-11811.310547,31.062500
8554,-12871.416992,-12895.764648,24.347656
8555,-10938.988281,-10935.807617,3.180664
8556,-11514.627930,-11509.707031,4.920898
8557,-10825.968750,-10837.615234,11.646484
8558,-11475.158203,-11479.875000,4.716797
8559,-11479.520508,-11477.663086,1.857422
8560,-11980.183594,-11980.982422,0.798828
8561,-10539.644531,-10532.072266,7.572266
8562,-12965.343750,-12959.793945,5.549805
8563,-10492.694336,-10498.961914,6.267578
8564,-12303.767578,-12320.375977,16.608398
8565,-10884.900391,-10880.181641,4.718750
8566,-10928.112305,-10936.276367,8.164062
8567,-10390.813477,-10396.121094,5.307617
8568,-11342.857422,-11340.993164,1.864258
8569,-9418.659180,-9429.762695,11.103516
8570,-10500.272461,-10498.636719,1.635742
8571,-11043.276367,-11034.909180,8.367188
8572,-11691.763672,-11675.818359,15.945312
8573,-12936.489258,-12958.086914,21.597656
8574,-10939.289062,-10933.671875,5.617188
8575,-10762.075195,-10771.002930,8.927734
8576,-10525.217773,-10473.377930,51.839844
8577,-12500.600586,-12522.282227,21.681641
8578,-10535.620117,-10532.297852,3.322266
8579,-10965.451172,-10969.497070,4.045898
8580,-11483.252930,-11479.281250,3.971680
8581,-12388.711914,-12384.318359,4.393555
8582,-10009.379883,-9990.862305,18.517578
8583,-12489.120117,-12485.049805,4.070312
8584,-12548.431641,-12553.740234,5.308594
8585,-10449.443359,-10430.084961,19.358398
8586,-10500.460938,-10498.270508,2.190430
8587,-12511.987305,-12520.486328,8.499023
8588,-10537.245117,-10533.420898,3.824219
8589,-11798.733398,-11812.955078,14.221680
8590,-10536.324219,-10533.148438,3.175781
8591,-10948.136719,-10937.730469,10.406250
8592,-10532.192383,-10534.379883,2.187500
8593,-10498.888672,-10497.548828,1.339844
8594,-10779.570312,-10800.753906,21.183594
8595,-11891.590820,-11881.948242,9.642578
8596,-10977.226562,-10969.283203,7.943359
8597,-9962.241211,-9958.077148,4.164062
8598,-12531.200195,-12521.924805,9.275391
8599,-10300.040039,-10304.196289,4.156250
8600,-12477.155273,-12489.766602,12.611328
8601,-11390.706055,-11407.853516,17.147461
8602,-10909.262695,-10878.578125,30.684570
8603,-12524.772461,-12520.842773,3.929688
8604,-12514.304688,-12519.816406,5.511719
8605,-9997.905273,-9959.660156,38.245117
8606,-12896.669922,-12925.625000,28.955078
8607,-10565.833984,-10565.747070,0.086914
8608,-10536.173828,-10534.001953,2.171875
8609,-11535.552734,-11542.773438,7.220703
8610,-11943.579102,-11948.607422,5.028320
8611,-12920.740234,-12926.518555,5.778320
8612,-10978.161133,-10969.089844,9.071289
8613,-12601.981445,-12553.958008,48.023438
8614,-12383.890625,-12385.704102,1.813477
8615,-12601.792969,-12570.707031,31.085938
8616,-9605.958984,-9587.632812,18.326172
8617,-9434.745117,-9430.014648,4.730469
8618,-9732.940430,-9733.314453,0.374023
8619,-12475.419922,-12489.737305,14.317383
8620,-11520.888672,-11510.909180,9.979492
8621,-10957.301758,-10968.843750,11.541992
8622,-11397.431641,-11407.905273,10.473633
8623,-10539.313477,-10532.771484,6.541992
8624,-13447.666016,-13468.294922,20.628906
8625,-11507.125000,-11510.164062,3.039062
8626,-12879.283203,-12894.212891,14.929688
8627,-10881.413086,-10868.502930,12.910156
8628,-10612.399414,-10598.442383,13.957031
8629,-11902.975586,-11915.700195,12.724609
8630,-11951.922852,-11946.541992,5.380859
8631,-11386.800781,-11376.051758,10.749023
8632,-10997.502930,-11001.690430,4.187500
8633,-10934.966797,-10933.848633,1.118164
8634,-11344.713867,-11342.352539,2.361328
8635,-11939.708984,-11948.639648,8.930664
8636,-8939.999023,-8897.344727,42.654297
8637,-10569.764648,-10564.485352,5.279297
8638,-12437.300781,-12419.101562,18.199219
8639,-11487.844727,-11477.949219,9.895508
8640,-10967.468750,-10968.003906,0.535156
8641,-10764.086914,-10775.334961,11.248047
8642,-12321.808594,-12319.179688,2.628906
8643,-10855.484375,-10800.923828,54.560547
8644,-11809.953125,-11844.144531,34.191406
8645,-12332.767578,-12318.747070,14.020508
8646,-11509.874023,-11510.424805,0.550781
8647,-10968.496094,-10970.026367,1.530273
8648,-11780.705078,-11778.188477,2.516602
8649,-10858.539062,-10848.038086,10.500977
8650,-12801.538086,-12823.229492,21.691406
8651,-8444.115234,-8452.017578,7.902344
8652,-11515.164062,-11510.586914,4.577148
8653,-10833.200195,-10832.045898,1.154297
8654,-10527.181641,-10533.454102,6.272461
8655,-12925.196289,-12927.335938,2.139648
8656,-10789.251953,-10768.458008,20.793945
8657,-9981.208984,-9957.760742,23.448242
8658,-10497.996094,-10472.763672,25.232422
8659,-10541.216797,-10532.920898,8.295898
8660,-10932.612305,-10933.777344,1.165039
8661,-12481.711914,-12487.662109,5.950195
8662,-11503.490234,-11511.259766,7.769531
8663,-10902.407227,-10903.555664,1.148438
8664,-10906.101562,-10906.688477,0.586914
8665,-8435.934570,-8394.903320,41.031250
8666,-10916.911133,-10905.337891,11.573242
8667,-11409.470703,-11452.236328,42.765625
8668,-9332.938477,-9371.776367,38.837891
8669,-11894.155273,-11915.526367,21.371094
8670,-9747.122070,-9731.169922,15.952148
8671,-11954.401367,-11947.909180,6.492188
8672,-10514.718750,-10507.411133,7.307617
8673,-11418.452148,-11406.569336,11.882812
8674,-10568.454102,-10566.397461,2.056641
8675,-11516.041016,-11511.395508,4.645508
8676,-10891.224609,-10879.759766,11.464844
8677,-11546.046875,-11543.310547,2.736328
8678,-11474.575195,-11478.736328,4.161133
8679,-11309.613281,-11316.525391,6.912109
8680,-11032.082031,-11036.345703,4.263672
8681,-10536.513672,-10533.751953,2.761719
8682,-10926.697266,-10903.500000,23.197266
8683,-9963.830078,-9956.568359,7.261719
8684,-10405.545898,-10370.953125,34.592773
8685,-10900.967773,-10902.262695,1.294922
8686,-10543.954102,-10532.947266,11.006836
8687,-11509.341797,-11510.298828,0.957031
8688,-10145.182617,-10170.488281,25.305664
8689,-13293.232422,-13363.984375,70.751953
8690,-11976.930664,-11980.181641,3.250977
8691,-11360.406250,-11339.430664,20.975586
8692,-9496.976562,-9521.251953,24.275391
8693,-11824.979492,-11843.971680,18.992188
8694,-11352.755859,-11342.929688,9.826172
8695,-10540.070312,-10533.527344,6.542969
8696,-11970.608398,-11948.365234,22.243164
8697,-10535.840820,-10506.920898,28.919922
8698,-10944.708008,-10936.649414,8.058594
8699,-11362.559570,-11372.997070,10.437500
8700,-9510.594727,-9497.106445,13.488281
8701,-10525.667969,-10533.621094,7.953125
8702,-9614.500000,-9588.704102,25.795898
8703,-10394.035156,-10396.121094,2.085938
8704,-11003.800781,-11001.721680,2.079102
8705,-11830.248047,-11810.318359,19.929688
8706,-10565.849609,-10565.951172,0.101562
8707,-11948.459961,-11945.987305,2.472656
8708,-9489.140625,-9520.109375,30.968750
8709,-10986.360352,-11003.522461,17.162109
8710,-11443.430664,-11444.895508,1.464844
8711,-9542.220703,-9529.950195,12.270508
8712,-11520.564453,-11510.751953,9.812500
8713,-11533.796875,-11543.158203,9.361328
8714,-11784.352539,-11779.384766,4.967773
8715,-11692.532227,-11754.028320,61.496094
8716,-11383.710938,-11374.231445,9.479492
8717,-11923.500000,-11948.618164,25.118164
8718,-10995.845703,-11001.713867,5.868164
8719,-9512.369141,-9497.291992,15.077148
8720,-11542.596680,-11542.546875,0.049805
8721,-11350.686523,-11342.606445,8.080078
8722,-9963.922852,-9967.926758,4.003906
8723,-10042.147461,-10025.921875,16.225586
8724,-11977.344727,-11979.439453,2.094727
8725,-9916.071289,-9900.551758,15.519531
8726,-12452.417969,-12454.708008,2.290039
8727,-10972.568359,-10969.769531,2.798828
8728,-12308.838867,-12288.933594,19.905273
8729,-9540.082031,-9529.041992,11.040039
8730,-10905.663086,-10904.660156,1.002930
8731,-10496.508789,-10500.116211,3.607422
8732,-11815.233398,-11812.146484,3.086914
8733,-12013.259766,-12012.872070,0.387695
8734,-11957.204102,-11949.080078,8.124023
8735,-12900.145508,-12975.266602,75.121094
8736,-11377.994141,-11375.238281,2.755859
8737,-8839.781250,-8856.572266,16.791016
8738,-11922.023438,-11947.570312,25.546875
8739,-10559.562500,-10566.671875,7.109375
8740,-11542.588867,-11544.403320,1.814453
8741,-8543.187500,-8552.835938,9.648438
8742,-12897.162109,-12926.159180,28.997070
8743,-11541.625000,-11543.052734,1.427734
8744,-12947.464844,-12925.244141,22.220703
8745,-10981.915039,-10970.620117,11.294922
8746,-10821.102539,-10802.438477,18.664062
8747,-11589.065430,-11609.333984,20.268555
8748,-11945.986328,-11946.321289,0.334961
8749,-11970.098633,-11978.778320,8.679688
8750,-11536.419922,-11544.133789,7.713867
8751,-9489.709961,-9463.979492,25.730469
8752,-11971.929688,-11981.578125,9.648438
8753,-10563.995117,-10565.423828,1.428711
8754,-7823.764648,-7854.758301,30.993652
8755,-10496.042969,-10497.979492,1.936523
8756,-12502.245117,-12490.010742,12.234375
8757,-12844.908203,-12895.294922,50.386719
8758,-10521.074219,-10497.730469,23.343750
8759,-11566.288086,-11575.729492,9.441406
8760,-15082.510742,-15357.625000,275.114258
8761,-10846.244141,-10833.349609,12.894531
8762,-10573.258789,-10565.993164,7.265625
8763,-9948.025391,-9956.721680,8.696289
8764,-12422.531250,-12386.600586,35.930664
8765,-10885.938477,-10866.117188,19.821289
8766,-12007.456055,-11936.508789,70.947266
8767,-10537.117188,-10533.682617,3.434570
8768,-12335.741211,-12319.556641,16.184570
8769,-10533.612305,-10533.576172,0.036133
8770,-12389.331055,-12385.082031,4.249023
8771,-10361.123047,-10364.271484,3.148438
8772,-10940.433594,-10934.181641,6.251953
8773,-12480.357422,-12488.550781,8.193359
8774,-11910.622070,-11915.588867,4.966797
8775,-11335.331055,-11343.684570,8.353516
8776,-10896.818359,-10881.604492,15.213867
8777,-10942.745117,-10936.611328,6.133789
8778,-10547.861328,-10535.067383,12.793945
8779,-10422.997070,-10433.507812,10.510742
8780,-12908.968750,-12893.718750,15.250000
8781,-10505.848633,-10506.417969,0.569336
8782,-10653.249023,-10637.716797,15.532227
8783,-10942.453125,-10936.172852,6.280273
8784,-12838.747070,-12914.573242,75.826172
8785,-11950.142578,-11945.876953,4.265625
8786,-11906.049805,-11915.108398,9.058594
8787,-11502.319336,-11508.569336,6.250000
8788,-10345.597656,-10328.539062,17.058594
8789,-12511.450195,-12520.292969,8.842773
8790,-11583.160156,-11575.819336,7.340820
8791,-10935.507812,-10911.875000,23.632812
8792,-11929.081055,-11913.396484,15.684570
8793,-11885.656250,-11844.191406,41.464844
8794,-11213.574219,-11205.154297,8.419922
8795,-10465.727539,-10475.706055,9.978516
8796,-11925.433594,-11914.550781,10.882812
8797,-9805.647461,-9868.747070,63.099609
8798,-9567.321289,-9553.476562,13.844727
8799,-11949.401367,-11947.671875,1.729492
8800,-11481.539062,-11479.066406,2.472656
8801,-11529.924805,-11543.185547,13.260742
8802,-11917.650391,-11915.226562,2.423828
8803,-11432.431641,-11443.129883,10.698242
8804,-10980.730469,-10969.542969,11.187500
8805,-12256.985352,-12247.647461,9.337891
8806,-10488.313477,-10465.489258,22.824219
8807,-10404.448242,-10362.847656,41.600586
8808,-11373.090820,-11373.250977,0.160156
8809,-12380.324219,-12354.867188,25.457031
8810,-10949.945312,-10938.224609,11.720703
8811,-10286.935547,-10274.405273,12.530273
8812,-12383.843750,-12385.052734,1.208984
8813,-10949.068359,-10938.699219,10.369141
8814,-11509.020508,-11511.492188,2.471680
8815,-10533.753906,-10531.423828,2.330078
8816,-10526.623047,-10532.964844,6.341797
8817,-10857.007812,-10801.390625,55.617188
8818,-10970.554688,-10968.526367,2.028320
8819,-10538.854492,-10533.441406,5.413086
8820,-11512.307617,-11510.217773,2.089844
8821,-11414.307617,-11406.102539,8.205078
8822,-9922.325195,-9933.267578,10.942383
8823,-10407.510742,-10395.058594,12.452148
8824,-9944.657227,-9926.404297,18.252930
8825,-11351.100586,-11376.858398,25.757812
8826,-12773.989258,-12791.385742,17.396484
8827,-11425.473633,-11405.492188,19.981445
8828,-11409.898438,-11408.383789,1.514648
8829,-11891.346680,-11879.996094,11.350586
8830,-10534.710938,-10533.118164,1.592773
8831,-10543.560547,-10533.459961,10.100586
8832,-11980.705078,-11980.129883,0.575195
8833,-12519.908203,-12522.895508,2.987305
8834,-11908.875977,-11915.617188,6.741211
8835,-10439.767578,-10440.649414,0.881836
8836,-9518.266602,-9497.228516,21.038086
8837,-12482.388672,-12488.925781,6.537109
8838,-10400.238281,-10395.108398,5.129883
8839,-8918.918945,-8954.733398,35.814453
8840,-11542.250000,-11542.945312,0.695312
8841,-10832.242188,-10798.690430,33.551758
8842,-9806.589844,-9923.987305,117.397461
8843,-12414.455078,-12417.460938,3.005859
8844,-10509.571289,-10474.514648,35.056641
8845,-11537.058594,-11543.732422,6.673828
8846,-12842.382812,-12893.747070,51.364258
8847,-11509.546875,-11511.239258,1.692383
8848,-9914.338867,-9901.312500,13.026367
8849,-11521.281250,-11511.168945,10.112305
8850,-10452.277344,-10441.020508,11.256836
8851,-11571.174805,-11576.917969,5.743164
8852,-10571.820312,-10564.245117,7.575195
8853,-11807.846680,-11810.278320,2.431641
8854,-10942.303711,-10938.871094,3.432617
8855,-11370.931641,-11373.548828,2.617188
8856,-10527.434570,-10531.838867,4.404297
8857,-10934.763672,-10936.554688,1.791016
8858,-10530.661133,-10533.028320,2.367188
8859,-10021.033203,-9992.274414,28.758789
8860,-12511.297852,-12522.224609,10.926758
8861,-12154.061523,-12145.327148,8.734375
8862,-9935.838867,-9933.681641,2.157227
8863,-10329.364258,-10333.572266,4.208008
8864,-9535.911133,-9529.339844,6.571289
8865,-12911.430664,-12894.834961,16.595703
8866,-11538.447266,-11543.684570,5.237305
8867,-10973.784180,-10969.735352,4.048828
8868,-11843.577148,-11811.700195,31.876953
8869,-11541.773438,-11543.502930,1.729492
8870,-9520.948242,-9529.241211,8.292969
8871,-10533.979492,-10532.620117,1.359375
8872,-10778.297852,-10800.671875,22.374023
8873,-11007.235352,-11000.702148,6.533203
8874,-10927.348633,-10944.329102,16.980469
8875,-11529.204102,-11542.190430,12.986328
8876,-11368.976562,-11374.857422,5.880859
8877,-11589.129883,-11452.661133,136.468750
8878,-10946.096680,-10936.489258,9.607422
8879,-10969.760742,-10969.787109,0.026367
8880,-11954.991211,-11948.563477,6.427734
8881,-10604.291016,-10598.463867,5.827148
8882,-11784.641602,-11746.616211,38.025391
8883,-11873.501953,-11883.688477,10.186523
8884,-11545.904297,-11543.598633,2.305664
8885,-11542.118164,-11542.756836,0.638672
8886,-10963.340820,-10968.273438,4.932617
8887,-10480.361328,-10466.646484,13.714844
8888,-12530.355469,-12522.413086,7.942383
8889,-11419.263672,-11408.118164,11.145508
8890,-9496.117188,-9463.107422,33.009766
8891,-11967.940430,-11979.438477,11.498047
8892,-12443.571289,-12456.413086,12.841797
8893,-12889.891602,-12926.188477,36.296875
8894,-11541.955078,-11543.611328,1.656250
8895,-11563.911133,-11575.710938,11.799805
8896,-10543.693359,-10531.830078,11.863281
8897,-10563.517578,-10565.190430,1.672852
8898,-10832.001953,-10838.690430,6.688477
8899,-8942.482422,-8921.822266,20.660156
8900,-12376.893555,-12385.223633,8.330078
8901,-10510.398438,-10500.222656,10.175781
8902,-11475.616211,-11477.591797,1.975586
8903,-10037.235352,-10057.085938,19.850586
8904,-11368.506836,-11371.181641,2.674805
8905,-11570.033203,-11576.024414,5.991211
8906,-11815.250000,-11812.508789,2.741211
8907,-10537.905273,-10539.562500,1.657227
8908,-10956.738281,-10969.591797,12.853516
8909,-9547.537109,-9525.242188,22.294922
8910,-11521.657227,-11509.609375,12.047852
8911,-11923.564453,-11912.569336,10.995117
8912,-11459.323242,-11452.553711,6.769531
8913,-11959.783203,-11981.994141,22.210938
8914,-10464.147461,-10466.711914,2.564453
8915,-11949.660156,-11947.954102,1.706055
8916,-11342.557617,-11341.377930,1.179688
8917,-12412.198242,-12417.247070,5.048828
8918,-10770.233398,-10775.523438,5.290039
8919,-11920.708008,-11948.320312,27.612305
8920,-10535.010742,-10532.552734,2.458008
8921,-10565.420898,-10565.303711,0.117188
8922,-9505.293945,-9496.399414,8.894531
8923,-10543.518555,-10534.509766,9.008789
8924,-13362.113281,-13397.246094,35.132812
8925,-10969.987305,-10970.282227,0.294922
8926,-11923.302734,-11948.772461,25.469727
8927,-11914.253906,-11913.417969,0.835938
8928,-10978.458008,-10970.752930,7.705078
8929,-12306.749023,-12351.310547,44.561523
8930,-10351.870117,-10338.117188,13.752930
8931,-10543.813477,-10533.748047,10.065430
8932,-10627.231445,-10631.271484,4.040039
8933,-8455.011719,-8453.235352,1.776367
8934,-10618.338867,-10638.763672,20.424805
8935,-10568.126953,-10565.362305,2.764648
8936,-12449.362305,-12418.384766,30.977539
8937,-9597.928711,-9588.590820,9.337891
8938,-9596.764648,-9588.961914,7.802734
8939,-11869.174805,-11915.276367,46.101562
8940,-14815.644531,-14952.400391,136.755859
8941,-11505.458008,-11508.755859,3.297852
8942,-9889.634766,-9867.995117,21.639648
8943,-9481.949219,-9496.378906,14.429688
8944,-10443.864258,-10441.040039,2.824219
8945,-12947.138672,-12959.679688,12.541016
8946,-11577.410156,-11576.978516,0.431641
8947,-12510.050781,-12520.478516,10.427734
8948,-10332.636719,-10339.774414,7.137695
8949,-12377.241211,-12384.294922,7.053711
8950,-9913.790039,-9925.424805,11.634766
8951,-10568.286133,-10566.150391,2.135742
8952,-11542.047852,-11543.554688,1.506836
8953,-12447.816406,-12457.786133,9.969727
8954,-9975.643555,-9958.376953,17.266602
8955,-9862.797852,-9868.202148,5.404297
8956,-11946.185547,-11945.930664,0.254883
8957,-11352.438477,-11343.096680,9.341797
8958,-11502.013672,-11517.940430,15.926758
8959,-9501.662109,-9497.093750,4.568359
8960,-11799.798828,-11811.406250,11.607422
8961,-9939.148438,-9924.595703,14.552734
8962,-10825.723633,-10799.436523,26.287109
8963,-10778.338867,-10770.354492,7.984375
8964,-11410.280273,-11408.297852,1.982422
8965,-10341.167969,-10332.303711,8.864258
8966,-10005.457031,-9989.993164,15.463867
8967,-10938.982422,-10934.661133,4.321289
8968,-12953.664062,-12958.817383,5.153320
8969,-10540.153320,-10533.189453,6.963867
8970,-11397.659180,-11375.344727,22.314453
8971,-11950.786133,-11948.397461,2.388672
8972,-12391.158203,-12384.281250,6.876953
8973,-11793.912109,-11823.611328,29.699219
8974,-11480.568359,-11476.931641,3.636719
8975,-12802.620117,-12822.629883,20.009766
8976,-12350.214844,-12353.004883,2.790039
8977,-15176.226562,-15325.723633,149.497070
8978,-12356.764648,-12353.000000,3.764648
8979,-9516.695312,-9522.482422,5.787109
8980,-7391.083984,-7449.546875,58.462891
8981,-11545.536133,-11543.070312,2.465820
8982,-11813.018555,-11779.688477,33.330078
8983,-12373.214844,-12385.964844,12.750000
8984,-10737.544922,-10743.276367,5.731445
8985,-12300.563477,-12319.908203,19.344727
8986,-11807.757812,-11810.274414,2.516602
8987,-11371.740234,-11373.712891,1.972656
8988,-10416.019531,-10395.955078,20.064453
8989,-11951.801758,-11947.681641,4.120117
8990,-10981.194336,-10970.513672,10.680664
8991,-12372.516602,-12351.305664,21.210938
8992,-10494.510742,-10501.008789,6.498047
8993,-12393.924805,-12386.514648,7.410156
8994,-10596.052734,-10598.391602,2.338867
8995,-10468.692383,-10474.532227,5.839844
8996,-11931.507812,-11948.067383,16.559570
8997,-10904.041016,-10900.587891,3.453125
8998,-9902.721680,-9956.546875,53.825195
8999,-10434.820312,-10427.308594,7.511719
9000,-10409.359375,-10396.339844,13.019531
9001,-10564.183594,-10566.231445,2.047852
9002,-9938.808594,-9927.051758,11.756836
9003,-13323.638672,-13396.829102,73.190430
9004,-10488.171875,-10473.670898,14.500977
9005,-11538.949219,-11543.804688,4.855469
9006,-11002.333008,-11001.579102,0.753906
9007,-12352.367188,-12354.282227,1.915039
9008,-9522.361328,-9497.388672,24.972656
9009,-11421.664062,-11408.141602,13.522461
9010,-11546.241211,-11542.983398,3.257812
9011,-11487.812500,-11477.456055,10.356445
9012,-11000.446289,-11002.313477,1.867188
9013,-9908.187500,-9900.506836,7.680664
9014,-12508.548828,-12520.320312,11.771484
9015,-10923.371094,-10905.204102,18.166992
9016,-10300.484375,-10274.370117,26.114258
9017,-11385.607422,-11374.405273,11.202148
9018,-11852.753906,-11812.275391,40.478516
9019,-9383.007812,-9361.083008,21.924805
9020,-10537.221680,-10533.464844,3.756836
9021,-10478.009766,-10442.048828,35.960938
9022,-10536.795898,-10530.532227,6.263672
9023,-12512.924805,-12522.600586,9.675781
9024,-10989.655273,-11002.823242,13.167969
9025,-13411.078125,-13433.373047,22.294922
9026,-12420.688477,-12417.613281,3.075195
9027,-9409.784180,-9399.195312,10.588867
9028,-11505.155273,-11509.752930,4.597656
9029,-12892.164062,-12958.334961,66.170898
9030,-12856.279297,-12894.992188,38.712891
9031,-8888.512695,-8891.263672,2.750977
9032,-11255.420898,-11284.554688,29.133789
9033,-11949.522461,-11948.407227,1.115234
9034,-12875.997070,-12893.375977,17.378906
9035,-11539.280273,-11544.344727,5.064453
9036,-10567.532227,-10564.650391,2.881836
9037,-12194.304688,-11766.250977,428.053711
9038,-10883.137695,-10873.887695,9.250000
9039,-10444.312500,-10429.031250,15.281250
9040,-11867.571289,-11913.104492,45.533203
9041,-11958.243164,-11948.439453,9.803711
9042,-11808.498047,-11812.125977,3.627930
9043,-10302.213867,-10307.063477,4.849609
9044,-11314.574219,-11342.441406,27.867188
9045,-12337.648438,-12352.839844,15.191406
9046,-10008.921875,-9990.190430,18.731445
9047,-10343.291016,-10338.369141,4.921875
9048,-11849.558594,-11844.631836,4.926758
9049,-11950.308594,-11947.833008,2.475586
9050,-10536.060547,-10531.238281,4.822266
9051,-12968.346680,-12958.703125,9.643555
9052,-12909.532227,-12927.160156,17.627930
9053,-11945.766602,-11948.645508,2.878906
9054,-11981.041016,-11980.972656,0.068359
9055,-12410.304688,-12386.092773,24.211914
9056,-11441.905273,-11444.216797,2.311523
9057,-11487.866211,-11477.315430,10.550781
9058,-10380.703125,-10365.974609,14.728516
9059,-10974.574219,-10969.927734,4.646484
9060,-10455.703125,-10440.103516,15.599609
9061,-12859.450195,-12959.970703,100.520508
9062,-7827.107422,-7659.487793,167.619629
9063,-10427.183594,-10393.956055,33.227539
9064,-10522.261719,-10507.573242,14.688477
9065,-10975.600586,-10971.435547,4.165039
9066,-12923.122070,-12893.590820,29.531250
9067,-12521.084961,-12521.368164,0.283203
9068,-10976.384766,-10969.118164,7.266602
9069,-7795.893555,-7821.477051,25.583496
9070,-11912.367188,-11916.229492,3.862305
9071,-11951.481445,-11947.756836,3.724609
9072,-10941.801758,-10935.739258,6.062500
9073,-11533.719727,-11544.004883,10.285156
9074,-10965.516602,-10969.836914,4.320312
9075,-10594.687500,-10599.368164,4.680664
9076,-11513.227539,-11508.050781,5.176758
9077,-10440.335938,-10429.206055,11.129883
9078,-11508.528320,-11509.737305,1.208984
9079,-11548.034180,-11542.710938,5.323242
9080,-10843.512695,-10833.830078,9.682617
9081,-10570.419922,-10566.245117,4.174805
9082,-10876.642578,-10878.740234,2.097656
9083,-10943.991211,-10938.144531,5.846680
9084,-11541.881836,-11543.328125,1.446289
9085,-10919.951172,-10904.906250,15.044922
9086,-10009.545898,-9992.688477,16.857422
9087,-11511.902344,-11511.500000,0.402344
9088,-9874.760742,-9866.867188,7.893555
9089,-13485.031250,-13500.394531,15.363281
9090,-10426.849609,-10442.633789,15.784180
9091,-11546.171875,-11542.422852,3.749023
9092,-11436.748047,-11446.975586,10.227539
9093,-10938.946289,-10937.183594,1.762695
9094,-10887.615234,-10876.886719,10.728516
9095,-11350.631836,-11341.302734,9.329102
9096,-11918.181641,-11915.000000,3.181641
9097,-11357.541992,-11338.966797,18.575195
9098,-12014.154297,-12013.967773,0.186523
9099,-9472.688477,-9464.179688,8.508789
9100,-10205.582031,-10247.833984,42.251953
9101,-12810.382812,-12822.770508,12.387695
9102,-9565.755859,-9554.438477,11.317383
9103,-9442.277344,-9431.656250,10.621094
9104,-9485.330078,-9488.353516,3.023438
9105,-9900.406250,-9899.079102,1.327148
9106,-11920.075195,-11913.870117,6.205078
9107,-11983.088867,-11981.266602,1.822266
9108,-8621.491211,-9555.787109,934.295898
9109,-11543.442383,-11542.591797,0.850586
9110,-10916.135742,-10905.325195,10.810547
9111,-10861.576172,-10866.791016,5.214844
9112,-10573.754883,-10566.389648,7.365234
9113,-11471.906250,-11477.938477,6.032227
9114,-13340.720703,-13332.297852,8.422852
9115,-8322.767578,-8360.134766,37.367188
9116,-7807.577637,-7795.169922,12.407715
9117,-10447.119141,-10442.073242,5.045898
9118,-9854.541992,-9867.287109,12.745117
9119,-8861.041992,-8832.130859,28.911133
9120,-11537.038086,-11543.483398,6.445312
9121,-11696.127930,-11707.398438,11.270508
9122,-10503.981445,-10498.624023,5.357422
9123,-9540.765625,-9521.336914,19.428711
9124,-10820.647461,-10834.591797,13.944336
9125,-11339.057617,-11343.573242,4.515625
9126,-10948.452148,-10937.859375,10.592773
9127,-11530.189453,-11544.101562,13.912109
9128,-10896.385742,-10878.002930,18.382812
9129,-11894.939453,-11844.733398,50.206055
9130,-10546.433594,-10532.817383,13.616211
9131,-10494.474609,-10499.492188,5.017578
9132,-10547.120117,-10507.530273,39.589844
9133,-11008.686523,-11003.441406,5.245117
9134,-11411.529297,-11407.836914,3.692383
9135,-11927.880859,-11915.911133,11.969727
9136,-11385.984375,-11375.754883,10.229492
9137,-10516.811523,-10500.230469,16.581055
9138,-11436.986328,-11408.075195,28.911133
9139,-13441.358398,-13499.300781,57.942383
9140,-10967.937500,-10970.331055,2.393555
9141,-11947.616211,-11947.730469,0.114258
9142,-11545.182617,-11543.416992,1.765625
9143,-10504.725586,-10498.916992,5.808594
9144,-12234.726562,-12249.957031,15.230469
9145,-11982.485352,-11980.687500,1.797852
9146,-8509.066406,-8518.490234,9.423828
9147,-11980.509766,-11981.186523,0.676758
9148,-10972.734375,-10968.868164,3.866211
9149,-10891.901367,-10878.373047,13.528320
9150,-12379.750000,-12387.230469,7.480469
9151,-10978.695312,-10968.794922,9.900391
9152,-11364.638672,-11374.886719,10.248047
9153,-13022.955078,-13008.306641,14.648438
9154,-11982.480469,-11981.454102,1.026367
9155,-10450.902344,-10441.211914,9.690430
9156,-11909.440430,-11915.132812,5.692383
9157,-10633.648438,-10631.521484,2.126953
9158,-11972.554688,-11980.626953,8.072266
9159,-11532.172852,-11542.017578,9.844727
9160,-10938.028320,-10938.709961,0.681641
9161,-10966.302734,-10970.212891,3.910156
9162,-10570.783203,-10566.591797,4.191406
9163,-11949.523438,-11949.858398,0.334961
9164,-10502.482422,-10499.942383,2.540039
9165,-9936.808594,-9932.581055,4.227539
9166,-11532.463867,-11542.879883,10.416016
9167,-9938.898438,-9892.036133,46.862305
9168,-9033.927734,-9165.021484,131.093750
9169,-10569.482422,-10566.552734,2.929688
9170,-13462.956055,-13499.613281,36.657227
9171,-11940.994141,-11946.926758,5.932617
9172,-10938.492188,-10935.142578,3.349609
9173,-10938.722656,-10938.091797,0.630859
9174,-11331.190430,-11342.510742,11.320312
9175,-11003.930664,-11003.077148,0.853516
9176,-10977.438477,-10970.352539,7.085938
9177,-11977.630859,-11981.222656,3.591797
9178,-11975.291016,-11979.658203,4.367188
9179,-10948.681641,-10937.331055,11.350586
9180,-9881.830078,-9867.633789,14.196289
9181,-11383.992188,-11373.621094,10.371094
9182,-10473.169922,-10465.544922,7.625000
9183,-11555.875000,-11543.327148,12.547852
9184,-9472.461914,-9439.169922,33.291992
9185,-11850.205078,-11878.262695,28.057617
9186,-12352.013672,-12353.391602,1.377930
9187,-9430.919922,-9430.884766,0.035156
9188,-11039.863281,-11035.838867,4.024414
9189,-11810.128906,-11813.031250,2.902344
9190,-9876.199219,-9867.984375,8.214844
9191,-11340.351562,-11340.221680,0.129883
9192,-9462.611328,-9462.294922,0.316406
9193,-10830.158203,-10799.742188,30.416016
9194,-10503.929688,-10499.281250,4.648438
9195,-9978.031250,-9961.098633,16.932617
9196,-9521.035156,-9496.076172,24.958984
9197,-10330.432617,-10331.589844,1.157227
9198,-11778.474609,-11780.328125,1.853516
9199,-11928.332031,-11915.871094,12.460938
9200,-10828.311523,-10802.188477,26.123047
9201,-11913.895508,-11913.526367,0.369141
9202,-9926.388672,-9901.414062,24.974609
9203,-12516.614258,-12520.022461,3.408203
9204,-7618.570801,-7416.234375,202.336426
9205,-11501.675781,-11510.371094,8.695312
9206,-9369.213867,-9300.713867,68.500000
9207,-10923.546875,-10905.599609,17.947266
9208,-10533.043945,-10532.788086,0.255859
9209,-11950.368164,-11947.599609,2.768555
9210,-11758.590820,-11780.418945,21.828125
9211,-9942.919922,-9900.625000,42.294922
9212,-13402.463867,-13467.096680,64.632812
9213,-11964.472656,-11947.392578,17.080078
9214,-10901.588867,-10902.731445,1.142578
9215,-10944.791992,-10938.111328,6.680664
9216,-9872.758789,-9869.026367,3.732422
9217,-12415.077148,-12419.989258,4.912109
9218,-9790.288086,-9809.129883,18.841797
9219,-10999.802734,-11002.660156,2.857422
9220,-10596.947266,-10598.620117,1.672852
9221,-12402.842773,-12416.997070,14.154297
9222,-12481.013672,-12488.258789,7.245117
9223,-10943.744141,-10935.234375,8.509766
9224,-10565.270508,-10565.113281,0.157227
9225,-8926.040039,-8921.463867,4.576172
9226,-14132.703125,-14202.436523,69.733398
9227,-10968.102539,-10971.251953,3.149414
9228,-9960.485352,-9991.251953,30.766602
9229,-10969.201172,-10970.019531,0.818359
9230,-11511.913086,-11511.024414,0.888672
9231,-11792.819336,-11776.465820,16.353516
9232,-10475.767578,-10440.231445,35.536133
9233,-11571.458984,-11575.927734,4.468750
9234,-10568.487305,-10564.997070,3.490234
9235,-9311.130859,-9470.412109,159.281250
9236,-12433.446289,-12457.296875,23.850586
9237,-7522.453125,-6322.178223,1200.274902
9238,-10524.759766,-10532.638672,7.878906
9239,-12382.933594,-12385.403320,2.469727
9240,-10930.541016,-10937.275391,6.734375
9241,-11504.712891,-11509.867188,5.154297
9242,-12010.700195,-12014.246094,3.545898
9243,-11911.592773,-11915.068359,3.475586
9244,-9917.567383,-9894.000000,23.567383
9245,-9983.369141,-9991.735352,8.366211
9246,-10280.779297,-10304.770508,23.991211
9247,-11578.520508,-11575.926758,2.593750
9248,-11505.098633,-11509.443359,4.344727
9249,-11952.303711,-11945.335938,6.967773
9250,-10918.698242,-10935.647461,16.949219
9251,-12809.364258,-12789.283203,20.081055
9252,-9875.671875,-9868.284180,7.387695
9253,-9924.324219,-9924.224609,0.099609
9254,-7926.355469,-7796.599121,129.756348
9255,-10983.238281,-10971.079102,12.159180
9256,-10228.828125,-10234.970703,6.142578
9257,-10537.125000,-10531.916992,5.208008
9258,-12950.224609,-13008.456055,58.231445
9259,-11945.675781,-11947.080078,1.404297
9260,-10230.896484,-10271.209961,40.313477
9261,-10602.558594,-10598.388672,4.169922
9262,-11952.357422,-11948.707031,3.650391
9263,-8474.595703,-8427.137695,47.458008
9264,-10901.050781,-10903.991211,2.940430
9265,-10962.147461,-10969.224609,7.077148
9266,-9863.931641,-9867.300781,3.369141
9267,-10781.490234,-10742.463867,39.026367
9268,-11506.513672,-11510.678711,4.165039
9269,-13737.091797,-13768.168945,31.077148
9270,-12476.849609,-12489.652344,12.802734
9271,-10339.581055,-10364.041016,24.459961
9272,-10548.802734,-10531.956055,16.846680
9273,-10961.944336,-10971.221680,9.277344
9274,-11913.619141,-11914.471680,0.852539
9275,-11432.262695,-11438.877930,6.615234
9276,-10938.769531,-10937.118164,1.651367
9277,-12367.552734,-12352.348633,15.204102
9278,-11515.464844,-11510.857422,4.607422
9279,-10534.451172,-10534.528320,0.077148
9280,-11384.479492,-11372.409180,12.070312
9281,-15193.825195,-15527.025391,333.200195
9282,-10950.899414,-10944.004883,6.894531
9283,-9965.284180,-9923.517578,41.766602
9284,-13339.129883,-13363.488281,24.358398
9285,-11504.651367,-11509.966797,5.315430
9286,-11536.617188,-11543.368164,6.750977
9287,-11817.813477,-11811.871094,5.942383
9288,-11537.201172,-11542.184570,4.983398
9289,-10508.685547,-10501.116211,7.569336
9290,-7102.992188,-7222.949707,119.957520
9291,-10532.725586,-10532.821289,0.095703
9292,-11910.692383,-11914.162109,3.469727
9293,-10570.604492,-10564.490234,6.114258
9294,-12458.996094,-12488.556641,29.560547
9295,-12369.231445,-12352.321289,16.910156
9296,-10575.585938,-10565.934570,9.651367
9297,-9935.847656,-9924.268555,11.579102
9298,-10319.719727,-10337.007812,17.288086
9299,-9255.050781,-9371.334961,116.284180
9300,-11389.092773,-11406.396484,17.303711
9301,-12761.261719,-12790.926758,29.665039
9302,-10963.237305,-10969.291016,6.053711
9303,-11980.025391,-11980.123047,0.097656
9304,-11765.602539,-11776.890625,11.288086
9305,-12376.123047,-12353.199219,22.923828
9306,-10509.059570,-10500.715820,8.343750
9307,-11842.704102,-11812.814453,29.889648
9308,-11521.033203,-11512.594727,8.438477
9309,-11942.126953,-11947.730469,5.603516
9310,-11968.607422,-11948.540039,20.067383
9311,-10903.709961,-10903.894531,0.184570
9312,-8987.964844,-8896.524414,91.440430
9313,-11364.621094,-11349.949219,14.671875
9314,-12869.803711,-12902.938477,33.134766
9315,-9879.137695,-9864.780273,14.357422
9316,-10995.788086,-10970.394531,25.393555
9317,-10539.227539,-10532.626953,6.600586
9318,-10346.333008,-10338.797852,7.535156
9319,-13399.074219,-13436.041992,36.967773
9320,-9888.829102,-9925.177734,36.348633
9321,-12918.456055,-12926.446289,7.990234
9322,-10971.931641,-10968.142578,3.789062
9323,-11917.979492,-11915.866211,2.113281
9324,-9888.477539,-9898.436523,9.958984
9325,-12524.404297,-12520.895508,3.508789
9326,-10940.913086,-10936.280273,4.632812
9327,-10454.416016,-10474.852539,20.436523
9328,-12342.084961,-12353.807617,11.722656
9329,-11911.224609,-11914.413086,3.188477
9330,-11513.360352,-11511.947266,1.413086
9331,-11933.726562,-11946.391602,12.665039
9332,-9497.720703,-9495.701172,2.019531
9333,-11954.664062,-11948.101562,6.562500
9334,-13517.569336,-13531.097656,13.528320
9335,-12860.021484,-12861.062500,1.041016
9336,-11325.452148,-11311.365234,14.086914
9337,-11477.012695,-11477.776367,0.763672
9338,-10398.055664,-10408.111328,10.055664
9339,-11684.402344,-11674.820312,9.582031
9340,-11538.878906,-11542.334961,3.456055
9341,-9518.009766,-9530.609375,12.599609
9342,-11883.454102,-11916.072266,32.618164
9343,-12393.739258,-12386.756836,6.982422
9344,-10965.576172,-10969.615234,4.039062
9345,-11536.950195,-11542.317383,5.367188
9346,-9987.404297,-9992.130859,4.726562
9347,-9861.425781,-9869.919922,8.494141
9348,-10923.175781,-10911.171875,12.003906
9349,-9870.295898,-9900.101562,29.805664
9350,-10486.829102,-10474.718750,12.110352
9351,-12387.305664,-12382.236328,5.069336
9352,-10528.000977,-10533.019531,5.018555
9353,-10399.929688,-10397.776367,2.153320
9354,-12183.614258,-12216.278320,32.664062
9355,-11960.469727,-11948.278320,12.191406
9356,-11918.351562,-11917.509766,0.841797
9357,-11477.225586,-11477.410156,0.184570
9358,-11383.989258,-11374.202148,9.787109
9359,-11473.772461,-11477.500977,3.728516
9360,-11870.908203,-11844.312500,26.595703
9361,-12318.807617,-12319.432617,0.625000
9362,-10549.609375,-10532.024414,17.584961
9363,-11980.909180,-11980.001953,0.907227
9364,-11419.351562,-11419.057617,0.293945
9365,-12482.447266,-12489.793945,7.346680
9366,-9632.572266,-9620.884766,11.687500
9367,-12514.069336,-12521.633789,7.564453
9368,-11004.603516,-11003.074219,1.529297
9369,-10541.902344,-10532.087891,9.814453
9370,-11535.449219,-11543.181641,7.732422
9371,-10411.627930,-10429.226562,17.598633
9372,-11001.385742,-11002.345703,0.959961
9373,-11392.669922,-11376.153320,16.516602
9374,-11801.408203,-11813.284180,11.875977
9375,-10507.244141,-10499.936523,7.307617
9376,-12387.670898,-12385.271484,2.399414
9377,-10418.642578,-10407.586914,11.055664
9378,-11846.467773,-11845.305664,1.162109
9379,-10470.910156,-10441.525391,29.384766
9380,-10821.740234,-10800.082031,21.658203
9381,-9575.160156,-9555.450195,19.709961
9382,-11245.411133,-11236.583008,8.828125
9383,-12489.107422,-12487.887695,1.219727
9384,-10978.932617,-10971.861328,7.071289
9385,-12373.861328,-12399.117188,25.255859
9386,-10894.619141,-10904.543945,9.924805
9387,-10577.514648,-10566.805664,10.708984
9388,-12324.932617,-12353.651367,28.718750
9389,-10931.381836,-10938.377930,6.996094
9390,-11888.112305,-11881.209961,6.902344
9391,-12987.322266,-12991.765625,4.443359
9392,-11501.937500,-11511.251953,9.314453
9393,-11801.513672,-11778.788086,22.725586
9394,-10571.304688,-10565.734375,5.570312
9395,-10966.387695,-10970.943359,4.555664
9396,-10936.997070,-10938.809570,1.812500
9397,-11949.715820,-11946.990234,2.725586
9398,-11506.166992,-11510.291016,4.124023
9399,-9503.984375,-9463.006836,40.977539
9400,-9691.509766,-9777.833008,86.323242
9401,-11415.841797,-11406.552734,9.289062
9402,-10544.344727,-10530.994141,13.350586
9403,-10535.002930,-10532.170898,2.832031
9404,-10972.459961,-10969.481445,2.978516
9405,-10592.125977,-10598.786133,6.660156
9406,-10945.567383,-10937.434570,8.132812
9407,-10926.085938,-10910.945312,15.140625
9408,-12370.091797,-12384.574219,14.482422
9409,-9907.098633,-9924.434570,17.335938
9410,-10429.676758,-10432.296875,2.620117
9411,-11898.450195,-11914.979492,16.529297
9412,-11345.200195,-11419.976562,74.776367
9413,-11370.226562,-11375.279297,5.052734
9414,-10942.852539,-10936.190430,6.662109
9415,-9447.376953,-9464.333008,16.956055
9416,-12449.947266,-12455.685547,5.738281
9417,-10975.085938,-10970.241211,4.844727
9418,-10970.423828,-10970.558594,0.134766
9419,-11944.435547,-11947.348633,2.913086
9420,-10471.817383,-10466.165039,5.652344
9421,-9949.231445,-9924.178711,25.052734
9422,-11574.383789,-11576.182617,1.798828
9423,-7881.656250,-7885.701660,4.045410
9424,-10580.376953,-10565.267578,15.109375
9425,-11328.077148,-11341.381836,13.304688
9426,-11545.522461,-11544.139648,1.382812
9427,-11839.662109,-11809.927734,29.734375
9428,-12007.582031,-12013.352539,5.770508
9429,-11808.744141,-11813.800781,5.056641
9430,-10575.222656,-10566.502930,8.719727
9431,-10534.207031,-10533.796875,0.410156
9432,-10381.976562,-10364.053711,17.922852
9433,-11534.511719,-11543.474609,8.962891
9434,-12484.546875,-12487.266602,2.719727
9435,-10950.199219,-10934.810547,15.388672
9436,-11832.525391,-11844.225586,11.700195
9437,-11507.383789,-11510.462891,3.079102
9438,-12394.134766,-12385.637695,8.497070
9439,-11343.584961,-11340.707031,2.877930
9440,-13491.394531,-13500.710938,9.316406
9441,-9964.246094,-9927.695312,36.550781
9442,-11001.962891,-11002.630859,0.667969
9443,-11506.526367,-11509.150391,2.624023
9444,-10971.235352,-10970.295898,0.939453
9445,-10884.455078,-10878.115234,6.339844
9446,-10597.157227,-10598.195312,1.038086
9447,-10592.729492,-10598.542969,5.813477
9448,-10972.607422,-10968.049805,4.557617
9449,-12515.479492,-12521.643555,6.164062
9450,-10840.950195,-10838.922852,2.027344
9451,-11797.941406,-11812.516602,14.575195
9452,-9599.306641,-9588.918945,10.387695
9453,-11332.932617,-11315.304688,17.627930
9454,-12866.768555,-12895.125000,28.356445
9455,-12965.869141,-12957.475586,8.393555
9456,-11825.402344,-11778.555664,46.846680
9457,-11261.490234,-11270.847656,9.357422
9458,-12482.485352,-12487.109375,4.624023
9459,-10534.101562,-10533.419922,0.681641
9460,-12764.957031,-12790.094727,25.137695
9461,-9897.669922,-9892.064453,5.605469
9462,-11989.743164,-11980.051758,9.691406
9463,-10891.572266,-10912.293945,20.721680
9464,-11411.021484,-11408.097656,2.923828
9465,-13460.012695,-13564.519531,104.506836
9466,-11945.606445,-11947.963867,2.357422
9467,-11477.749023,-11437.990234,39.758789
9468,-12406.491211,-12417.470703,10.979492
9469,-10532.999023,-10532.013672,0.985352
9470,-9311.200195,-9370.978516,59.778320
9471,-10335.576172,-10338.137695,2.561523
9472,-11793.267578,-11813.462891,20.195312
9473,-11568.029297,-11576.199219,8.169922
9474,-10845.739258,-10832.490234,13.249023
9475,-12391.297852,-12386.570312,4.727539
9476,-10943.768555,-10938.036133,5.732422
9477,-11812.729492,-11813.297852,0.568359
9478,-12266.661133,-12282.301758,15.640625
9479,-11459.902344,-11477.264648,17.362305
9480,-11483.970703,-11477.428711,6.541992
9481,-11379.013672,-11373.856445,5.157227
9482,-9494.757812,-9488.239258,6.518555
9483,-10942.460938,-10937.753906,4.707031
9484,-10307.531250,-10360.091797,52.560547
9485,-11544.504883,-11542.834961,1.669922
9486,-11388.458984,-11373.564453,14.894531
9487,-12449.084961,-12454.168945,5.083984
9488,-11412.546875,-11406.941406,5.605469
9489,-9508.653320,-9497.618164,11.035156
9490,-10506.848633,-10500.315430,6.533203
9491,-11440.782227,-11443.900391,3.118164
9492,-11538.355469,-11543.221680,4.866211
9493,-10533.884766,-10532.704102,1.180664
9494,-11421.415039,-11408.445312,12.969727
9495,-9502.397461,-9522.767578,20.370117
9496,-11411.419922,-11382.310547,29.109375
9497,-9560.940430,-9555.780273,5.160156
9498,-11815.558594,-11812.238281,3.320312
9499,-13417.785156,-13500.204102,82.418945
9500,-11912.784180,-11915.193359,2.409180
9501,-10749.384766,-10769.424805,20.040039
9502,-9882.591797,-9867.305664,15.286133
9503,-10969.629883,-10967.961914,1.667969
9504,-9911.766602,-9900.741211,11.025391
9505,-11932.499023,-11948.774414,16.275391
9506,-11465.889648,-11479.636719,13.747070
9507,-12441.111328,-12454.801758,13.690430
9508,-7429.472656,-7358.809082,70.663574
9509,-11548.541016,-11544.651367,3.889648
9510,-9581.291016,-9554.635742,26.655273
9511,-10961.588867,-10971.116211,9.527344
9512,-11384.854492,-11375.621094,9.233398
9513,-10945.749023,-10945.296875,0.452148
9514,-11570.224609,-11575.374023,5.149414
9515,-12377.035156,-12386.158203,9.123047
9516,-10539.681641,-10534.286133,5.395508
9517,-11205.918945,-11236.575195,30.656250
9518,-10507.921875,-10501.647461,6.274414
9519,-11541.950195,-11543.754883,1.804688
9520,-11912.750000,-11913.766602,1.016602
9521,-11233.930664,-11237.297852,3.367188
9522,-10325.888672,-10363.456055,37.567383
9523,-13302.687500,-13331.088867,28.401367
9524,-8403.984375,-8426.005859,22.021484
9525,-9929.941406,-9933.515625,3.574219
9526,-10409.592773,-10441.690430,32.097656
9527,-10942.790039,-10935.908203,6.881836
9528,-10912.855469,-10880.047852,32.807617
9529,-10975.858398,-10969.349609,6.508789
9530,-11915.429688,-11917.001953,1.572266
9531,-9831.746094,-9835.689453,3.943359
9532,-12267.937500,-12280.565430,12.627930
9533,-10935.890625,-10936.360352,0.469727
9534,-12356.550781,-12352.833008,3.717773
9535,-11382.053711,-11375.336914,6.716797
9536,-12048.091797,-12030.326172,17.765625
9537,-9653.152344,-9776.983398,123.831055
9538,-12509.617188,-12522.762695,13.145508
9539,-10495.352539,-10499.261719,3.909180
9540,-11945.456055,-11946.901367,1.445312
9541,-11903.779297,-11877.774414,26.004883
9542,-11741.111328,-11745.774414,4.663086
9543,-11437.443359,-11445.529297,8.085938
9544,-11511.661133,-11509.623047,2.038086
9545,-12367.995117,-12353.213867,14.781250
9546,-11534.147461,-11543.560547,9.413086
9547,-10031.963867,-10025.010742,6.953125
9548,-10881.754883,-10873.029297,8.725586
9549,-10880.127930,-10865.818359,14.309570
9550,-11452.936523,-11447.131836,5.804688
9551,-11374.355469,-11375.021484,0.666016
9552,-12490.889648,-12553.230469,62.340820
9553,-12438.547852,-12456.703125,18.155273
9554,-10539.757812,-10531.971680,7.786133
9555,-11454.829102,-11479.816406,24.987305
9556,-10840.553711,-10832.591797,7.961914
9557,-11947.379883,-11947.595703,0.215820
9558,-10862.278320,-10869.764648,7.486328
9559,-11404.228516,-11374.470703,29.757812
9560,-11501.832031,-11511.191406,9.359375
9561,-9589.640625,-9587.114258,2.526367
9562,-11009.330078,-11003.649414,5.680664
9563,-10458.755859,-10465.675781,6.919922
9564,-11884.329102,-11882.017578,2.311523
9565,-10332.501953,-10338.617188,6.115234
9566,-12352.884766,-12352.028320,0.856445
9567,-11824.041992,-11812.470703,11.571289
9568,-12002.166992,-12015.080078,12.913086
9569,-11951.200195,-11949.614258,1.585938
9570,-10537.806641,-10534.099609,3.707031
9571,-10999.285156,-11034.537109,35.251953
9572,-11384.516602,-11444.698242,60.181641
9573,-11971.859375,-11980.557617,8.698242
9574,-12905.675781,-12926.454102,20.778320
9575,-8696.014648,-8519.231445,176.783203
9576,-11517.669922,-11509.311523,8.358398
9577,-12745.651367,-12791.766602,46.115234
9578,-10469.953125,-10466.950195,3.002930
9579,-9354.630859,-9361.904297,7.273438
9580,-11443.804688,-11444.821289,1.016602
9581,-11510.236328,-11510.785156,0.548828
9582,-10513.201172,-10499.140625,14.060547
9583,-10992.207031,-11002.611328,10.404297
9584,-12951.763672,-12956.832031,5.068359
9585,-12450.592773,-12454.679688,4.086914
9586,-11508.667969,-11510.209961,1.541992
9587,-11012.000000,-11003.779297,8.220703
9588,-9559.901367,-9555.782227,4.119141
9589,-11398.763672,-11375.688477,23.075195
9590,-10935.781250,-10943.066406,7.285156
9591,-11854.609375,-11845.290039,9.319336
9592,-10373.095703,-10362.425781,10.669922
9593,-11356.839844,-11349.013672,7.826172
9594,-9530.428711,-9529.189453,1.239258
9595,-12775.866211,-12789.735352,13.869141
9596,-11822.335938,-11843.862305,21.526367
9597,-11949.833008,-11948.573242,1.259766
9598,-10990.160156,-11001.749023,11.588867
9599,-9883.250977,-9869.212891,14.038086
9600,-10372.127930,-10363.865234,8.262695
9601,-11972.416992,-11981.013672,8.596680
9602,-10862.972656,-10832.862305,30.110352
9603,-10497.181641,-10500.197266,3.015625
9604,-11579.921875,-11575.630859,4.291016
9605,-10910.347656,-10904.350586,5.997070
9606,-11008.044922,-11002.263672,5.781250
9607,-11470.270508,-11477.105469,6.834961
9608,-11924.763672,-11916.385742,8.377930
9609,-11937.820312,-11946.242188,8.421875
9610,-11550.046875,-11575.888672,25.841797
9611,-11514.691406,-11512.206055,2.485352
9612,-11506.205078,-11511.025391,4.820312
9613,-12320.150391,-12354.024414,33.874023
9614,-9607.099609,-9588.395508,18.704102
9615,-11377.068359,-11372.998047,4.070312
9616,-9589.379883,-9587.575195,1.804688
9617,-10977.512695,-10971.296875,6.215820
9618,-9402.882812,-9391.386719,11.496094
9619,-13002.417969,-13008.006836,5.588867
9620,-11977.120117,-11982.155273,5.035156
9621,-11417.053711,-11406.702148,10.351562
9622,-11825.843750,-11812.201172,13.642578
9623,-10538.023438,-10533.478516,4.544922
9624,-11958.219727,-11982.428711,24.208984
9625,-11469.669922,-11478.579102,8.909180
9626,-11477.373047,-11476.743164,0.629883
9627,-7748.629883,-7819.998047,71.368164
9628,-9411.085938,-9521.655273,110.569336
9629,-12387.988281,-12386.124023,1.864258
9630,-11568.681641,-11576.933594,8.251953
9631,-6698.140625,-6785.535156,87.394531
9632,-11539.134766,-11543.577148,4.442383
9633,-12552.560547,-12553.166992,0.606445
9634,-12543.402344,-12553.933594,10.531250
9635,-11544.033203,-11544.075195,0.041992
9636,-10360.737305,-10329.737305,31.000000
9637,-10105.226562,-10109.157227,3.930664
9638,-11344.290039,-11341.897461,2.392578
9639,-11509.193359,-11510.336914,1.143555
9640,-12549.912109,-12553.195312,3.283203
9641,-11474.401367,-11479.611328,5.209961
9642,-11384.886719,-11374.943359,9.943359
9643,-12526.361328,-12521.320312,5.041016
9644,-10343.354492,-10338.378906,4.975586
9645,-10527.605469,-10531.879883,4.274414
9646,-11543.813477,-11542.715820,1.097656
9647,-11572.786133,-11575.668945,2.882812
9648,-11900.653320,-11882.886719,17.766602
9649,-10341.343750,-10304.455078,36.888672
9650,-12529.963867,-12522.086914,7.876953
9651,-11344.190430,-11340.419922,3.770508
9652,-9497.715820,-9496.335938,1.379883
9653,-11016.649414,-11003.419922,13.229492
9654,-9926.681641,-9932.683594,6.001953
9655,-11381.512695,-11374.125977,7.386719
9656,-11543.403320,-11484.851562,58.551758
9657,-11476.114258,-11477.855469,1.741211
9658,-11486.235352,-11477.678711,8.556641
9659,-10502.188477,-10499.140625,3.047852
9660,-10539.455078,-10532.014648,7.440430
9661,-11854.652344,-11843.591797,11.060547
9662,-12417.652344,-12417.814453,0.162109
9663,-11548.792969,-11543.645508,5.147461
9664,-11366.816406,-11316.481445,50.334961
9665,-11346.895508,-11341.043945,5.851562
9666,-9294.637695,-9296.025391,1.387695
9667,-13508.911133,-13531.975586,23.064453
9668,-11425.580078,-11439.951172,14.371094
9669,-11918.692383,-11914.860352,3.832031
9670,-11476.878906,-11477.313477,0.434570
9671,-6708.029297,-6783.609375,75.580078
9672,-9497.013672,-9489.184570,7.829102
9673,-10534.712891,-10531.700195,3.012695
9674,-10528.774414,-10532.500000,3.725586
9675,-11404.421875,-11373.620117,30.801758
9676,-11515.001953,-11509.537109,5.464844
9677,-11841.322266,-11811.632812,29.689453
9678,-9546.244141,-9521.941406,24.302734
9679,-9843.669922,-9924.620117,80.950195
9680,-10938.084961,-10934.909180,3.175781
9681,-10005.418945,-9990.663086,14.755859
9682,-11960.912109,-11979.812500,18.900391
9683,-10924.313477,-10937.156250,12.842773
9684,-9448.034180,-9429.471680,18.562500
9685,-10971.143555,-10970.032227,1.111328
9686,-10972.400391,-10967.852539,4.547852
9687,-11478.936523,-11477.594727,1.341797
9688,-8777.324219,-8708.456055,68.868164
9689,-9529.073242,-9496.651367,32.421875
9690,-10563.038086,-10566.666016,3.627930
9691,-9921.095703,-9898.040039,23.055664
9692,-11347.832031,-11373.893555,26.061523
9693,-11232.124023,-11239.767578,7.643555
9694,-10353.041016,-10363.888672,10.847656
9695,-11473.173828,-11479.345703,6.171875
9696,-10934.570312,-10911.385742,23.184570
9697,-12885.295898,-12894.736328,9.440430
9698,-10499.147461,-10499.195312,0.047852
9699,-11525.382812,-11511.590820,13.791992
9700,-9552.281250,-9529.184570,23.096680
9701,-11980.106445,-11981.350586,1.244141
9702,-10405.637695,-10396.589844,9.047852
9703,-11509.725586,-11510.264648,0.539062
9704,-12487.674805,-12522.144531,34.469727
9705,-10394.360352,-10396.238281,1.877930
9706,-11407.410156,-11407.491211,0.081055
9707,-10802.483398,-10801.145508,1.337891
9708,-12775.206055,-12789.539062,14.333008
9709,-10858.659180,-10833.377930,25.281250
9710,-10734.345703,-10743.579102,9.233398
9711,-12545.900391,-12554.553711,8.653320
9712,-9556.310547,-9554.937500,1.373047
9713,-8856.290039,-8833.507812,22.782227
9714,-11512.947266,-11509.430664,3.516602
9715,-9488.717773,-9495.949219,7.231445
9716,-10973.637695,-10969.127930,4.509766
9717,-10561.852539,-10565.261719,3.409180
9718,-11501.784180,-11510.473633,8.689453
9719,-10327.096680,-10336.732422,9.635742
9720,-11947.428711,-11947.446289,0.017578
9721,-10567.952148,-10565.871094,2.081055
9722,-10485.025391,-10465.952148,19.073242
9723,-11971.718750,-11981.203125,9.484375
9724,-10986.217773,-10967.427734,18.790039
9725,-12378.557617,-12386.388672,7.831055
9726,-11462.845703,-11477.969727,15.124023
9727,-12807.143555,-12791.507812,15.635742
9728,-10969.332031,-10969.690430,0.358398
9729,-11417.489258,-11406.393555,11.095703
9730,-10971.863281,-10970.668945,1.194336
9731,-10570.325195,-10565.821289,4.503906
9732,-10378.414062,-10397.338867,18.924805
9733,-8899.837891,-8887.648438,12.189453
9734,-10425.006836,-10429.397461,4.390625
9735,-10006.350586,-9991.471680,14.878906
9736,-12491.219727,-12523.122070,31.902344
9737,-10971.546875,-10969.573242,1.973633
9738,-10501.167969,-10498.712891,2.455078
9739,-9634.738281,-9620.882812,13.855469
9740,-10561.746094,-10565.209961,3.463867
9741,-9537.708008,-9520.221680,17.486328
9742,-11501.867188,-11509.739258,7.872070
9743,-11509.059570,-11510.200195,1.140625
9744,-10976.563477,-10970.232422,6.331055
9745,-10397.010742,-10396.352539,0.658203
9746,-9940.885742,-9927.194336,13.691406
9747,-11970.870117,-11980.650391,9.780273
9748,-12550.628906,-12555.217773,4.588867
9749,-12344.348633,-12354.789062,10.440430
9750,-9930.387695,-9926.009766,4.377930
9751,-11952.783203,-11948.012695,4.770508
9752,-9963.811523,-9927.495117,36.316406
9753,-11944.825195,-11948.867188,4.041992
9754,-10494.963867,-10473.832031,21.131836
9755,-9557.148438,-9554.636719,2.511719
9756,-11943.911133,-11948.517578,4.606445
9757,-9527.975586,-9555.819336,27.843750
9758,-12883.965820,-12894.759766,10.793945
9759,-12386.136719,-12384.561523,1.575195
9760,-12490.695312,-12523.139648,32.444336
9761,-10439.426758,-10430.246094,9.180664
9762,-11512.615234,-11510.544922,2.070312
9763,-10972.638672,-10967.336914,5.301758
9764,-12937.318359,-12926.750000,10.568359
9765,-11480.028320,-11476.948242,3.080078
9766,-10508.786133,-10498.593750,10.192383
9767,-12479.224609,-12489.033203,9.808594
9768,-11473.701172,-11479.492188,5.791016
9769,-10385.653320,-10397.116211,11.462891
9770,-11503.736328,-11508.953125,5.216797
9771,-13360.590820,-13328.607422,31.983398
9772,-10452.176758,-10465.554688,13.377930
9773,-10536.820312,-10532.591797,4.228516
9774,-12044.725586,-12029.694336,15.031250
9775,-10932.561523,-10936.107422,3.545898
9776,-12014.390625,-11980.785156,33.605469
9777,-10566.196289,-10565.334961,0.861328
9778,-13369.064453,-13441.637695,72.573242
9779,-11536.501953,-11543.407227,6.905273
9780,-10541.910156,-10533.618164,8.291992
9781,-12009.000977,-12012.341797,3.340820
9782,-10969.534180,-10969.559570,0.025391
9783,-10934.946289,-10935.141602,0.195312
9784,-12871.538086,-12892.837891,21.299805
9785,-10532.291016,-10531.707031,0.583984
9786,-11948.315430,-11947.565430,0.750000
9787,-11350.323242,-11375.249023,24.925781
9788,-11977.190430,-11981.239258,4.048828
9789,-12483.271484,-12488.769531,5.498047
9790,-11508.898438,-11509.754883,0.856445
9791,-11815.688477,-11844.401367,28.712891
9792,-9859.438477,-9923.591797,64.153320
9793,-5430.685547,-5311.302246,119.383301
9794,-9860.298828,-9842.638672,17.660156
9795,-11942.159180,-11982.275391,40.116211
9796,-10927.471680,-10936.662109,9.190430
9797,-11509.792969,-11510.897461,1.104492
9798,-11146.431641,-11180.566406,34.134766
9799,-11251.894531,-11239.256836,12.637695
9800,-11268.879883,-11238.699219,30.180664
9801,-11001.247070,-11003.856445,2.609375
9802,-11542.879883,-11543.541016,0.661133
9803,-11512.746094,-11511.951172,0.794922
9804,-11981.248047,-11981.702148,0.454102
9805,-11235.086914,-11238.544922,3.458008
9806,-11392.212891,-11407.930664,15.717773
9807,-11923.494141,-11915.553711,7.940430
9808,-6702.083496,-6786.448242,84.364746
9809,-11971.863281,-11981.402344,9.539062
9810,-10764.009766,-10770.010742,6.000977
9811,-12494.995117,-12489.092773,5.902344
9812,-10378.429688,-10395.789062,17.359375
9813,-11543.997070,-11543.755859,0.241211
9814,-11913.687500,-11915.304688,1.617188
9815,-10538.060547,-10531.995117,6.065430
9816,-10399.818359,-10396.231445,3.586914
9817,-10969.097656,-10968.592773,0.504883
9818,-9612.891602,-9589.017578,23.874023
9819,-11010.264648,-10970.291992,39.972656
9820,-9514.196289,-9520.834961,6.638672
9821,-12342.704102,-12352.204102,9.500000
9822,-11452.945312,-11447.483398,5.461914
9823,-11274.905273,-11238.765625,36.139648
9824,-10537.200195,-10533.110352,4.089844
9825,-10021.559570,-10023.216797,1.657227
9826,-10398.797852,-10393.116211,5.681641
9827,-12367.067383,-12351.568359,15.499023
9828,-14643.212891,-14742.636719,99.423828
9829,-10404.763672,-10397.054688,7.708984
9830,-11914.302734,-11915.216797,0.914062
9831,-11583.182617,-11609.258789,26.076172
9832,-10531.782227,-10532.614258,0.832031
9833,-9917.258789,-9897.000000,20.258789
9834,-10170.832031,-10203.326172,32.494141
9835,-10470.578125,-10467.645508,2.932617
9836,-10994.869141,-11002.342773,7.473633
9837,-10021.689453,-10024.096680,2.407227
9838,-10968.579102,-10970.859375,2.280273
9839,-11910.978516,-11914.241211,3.262695
9840,-10914.510742,-10877.824219,36.686523
9841,-9387.747070,-9405.492188,17.745117
9842,-7817.533203,-7855.410156,37.876953
9843,-10924.387695,-10934.832031,10.444336
9844,-10894.129883,-10905.001953,10.872070
9845,-10971.947266,-10968.541992,3.405273
9846,-10990.796875,-11001.692383,10.895508
9847,-10370.896484,-10377.409180,6.512695
9848,-9986.266602,-9990.018555,3.751953
9849,-11501.609375,-11510.894531,9.285156
9850,-11977.643555,-11981.001953,3.358398
9851,-11977.659180,-11980.733398,3.074219
9852,-12787.885742,-12822.707031,34.821289
9853,-11019.268555,-11035.672852,16.404297
9854,-9932.872070,-9934.579102,1.707031
9855,-11978.266602,-11981.239258,2.972656
9856,-10343.080078,-10361.613281,18.533203
9857,-10940.385742,-10936.659180,3.726562
9858,-10983.176758,-10969.153320,14.023438
9859,-10974.224609,-10969.618164,4.606445
9860,-11862.246094,-11889.869141,27.623047
9861,-10465.373047,-10475.554688,10.181641
9862,-10906.013672,-10900.803711,5.209961
9863,-10866.671875,-10867.076172,0.404297
9864,-11831.955078,-11844.395508,12.440430
9865,-11358.379883,-11349.805664,8.574219
9866,-9466.171875,-9486.835938,20.664062
9867,-11905.556641,-11915.239258,9.682617
9868,-12519.953125,-12521.955078,2.001953
9869,-11918.543945,-11914.033203,4.510742
9870,-9652.009766,-9706.983398,54.973633
9871,-9984.740234,-9990.190430,5.450195
9872,-12388.578125,-12383.646484,4.931641
9873,-11460.219727,-11452.235352,7.984375
9874,-11218.058594,-11238.577148,20.518555
9875,-10374.959961,-10362.033203,12.926758
9876,-10823.196289,-10800.717773,22.478516
9877,-10409.194336,-10409.390625,0.196289
9878,-10943.671875,-10935.375977,8.295898
9879,-12917.448242,-12926.980469,9.532227
9880,-11509.612305,-11511.374023,1.761719
9881,-10404.776367,-10409.282227,4.505859
9882,-12389.672852,-12384.964844,4.708008
9883,-11520.443359,-11510.210938,10.232422
9884,-12339.748047,-12352.467773,12.719727
9885,-11949.585938,-11945.760742,3.825195
9886,-9906.767578,-9901.117188,5.650391
9887,-9566.294922,-9555.156250,11.138672
9888,-11375.847656,-11374.583008,1.264648
9889,-11243.912109,-11270.804688,26.892578
9890,-9411.914062,-9437.762695,25.848633
9891,-9496.748047,-9406.673828,90.074219
9892,-10981.876953,-10969.162109,12.714844
9893,-11395.300781,-11420.528320,25.227539
9894,-10537.594727,-10532.062500,5.532227
9895,-9909.831055,-9902.164062,7.666992
9896,-11973.111328,-11980.958984,7.847656
9897,-12362.738281,-12354.196289,8.541992
9898,-11545.192383,-11544.125977,1.066406
9899,-11873.495117,-11845.863281,27.631836
9900,-11409.061523,-11406.176758,2.884766
9901,-11821.322266,-11811.019531,10.302734
9902,-10532.468750,-10532.394531,0.074219
9903,-10366.991211,-10337.955078,29.036133
9904,-11507.053711,-11509.443359,2.389648
9905,-10566.849609,-10567.265625,0.416016
9906,-12380.232422,-12382.469727,2.237305
9907,-11537.742188,-11543.083008,5.340820
9908,-10502.390625,-10499.848633,2.541992
9909,-10550.955078,-10564.212891,13.257812
9910,-10730.819336,-10741.968750,11.149414
9911,-12482.728516,-12489.819336,7.090820
9912,-12485.592773,-12489.294922,3.702148
9913,-10975.910156,-10971.216797,4.693359
9914,-12900.048828,-12892.965820,7.083008
9915,-11829.348633,-11812.352539,16.996094
9916,-11330.236328,-11340.667969,10.431641
9917,-10627.166992,-10631.541016,4.374023
9918,-10930.929688,-10936.833984,5.904297
9919,-10972.315430,-10969.365234,2.950195
9920,-11975.535156,-11982.408203,6.873047
9921,-11276.985352,-11177.096680,99.888672
9922,-12930.639648,-12926.099609,4.540039
9923,-11894.351562,-11914.936523,20.584961
9924,-11664.037109,-11706.666992,42.629883
9925,-11507.458984,-11508.209961,0.750977
9926,-10505.475586,-10500.180664,5.294922
9927,-9959.138672,-9934.386719,24.751953
9928,-9943.309570,-9934.311523,8.998047
9929,-12905.140625,-12927.398438,22.257812
9930,-10912.582031,-10847.349609,65.232422
9931,-11509.817383,-11510.668945,0.851562
9932,-11459.414062,-11452.273438,7.140625
9933,-12521.796875,-12521.251953,0.544922
9934,-12920.698242,-12925.631836,4.933594
9935,-10033.184570,-10024.189453,8.995117
9936,-13382.981445,-13446.982422,64.000977
9937,-10397.027344,-10396.086914,0.940430
9938,-16088.835938,-16504.414062,415.578125
9939,-10533.236328,-10533.800781,0.564453
9940,-10372.942383,-10364.093750,8.848633
9941,-12510.597656,-12521.672852,11.075195
9942,-10940.504883,-10935.685547,4.819336
9943,-11599.541016,-11609.093750,9.552734
9944,-10942.424805,-10936.341797,6.083008
9945,-11945.856445,-11948.009766,2.153320
9946,-10499.755859,-10498.939453,0.816406
9947,-7012.473145,-7223.017578,210.544434
9948,-9625.521484,-9620.896484,4.625000
9949,-10874.277344,-10846.279297,27.998047
9950,-11417.959961,-11407.270508,10.689453
9951,-10958.036133,-10968.932617,10.896484
9952,-12344.701172,-12352.535156,7.833984
9953,-12363.228516,-12354.295898,8.932617
9954,-12951.843750,-12958.676758,6.833008
9955,-12510.113281,-12520.215820,10.102539
9956,-11380.053711,-11375.020508,5.033203
9957,-11793.027344,-11779.791992,13.235352
9958,-12304.546875,-12318.093750,13.546875
9959,-11519.666016,-11510.415039,9.250977
9960,-11222.053711,-11239.084961,17.031250
9961,-11514.436523,-11510.541992,3.894531
9962,-11407.553711,-11407.842773,0.289062
9963,-11399.939453,-11407.803711,7.864258
9964,-10528.120117,-10533.371094,5.250977
9965,-12208.110352,-12249.817383,41.707031
9966,-10462.225586,-10441.434570,20.791016
9967,-9538.445312,-9521.118164,17.327148
9968,-10713.547852,-10740.436523,26.888672
9969,-12745.899414,-12789.948242,44.048828
9970,-11915.453125,-11915.829102,0.375977
9971,-11973.217773,-11981.056641,7.838867
9972,-12937.287109,-12959.135742,21.848633
9973,-12851.546875,-12862.077148,10.530273
9974,-10490.698242,-10474.990234,15.708008
9975,-10569.362305,-10566.028320,3.333984
9976,-10336.072266,-10306.513672,29.558594
9977,-10537.091797,-10534.474609,2.617188
9978,-12324.454102,-12318.874023,5.580078
9979,-9402.310547,-9397.745117,4.565430
9980,-11444.116211,-11413.902344,30.213867
9981,-9941.482422,-9923.578125,17.904297
9982,-10360.387695,-10329.404297,30.983398
9983,-10561.886719,-10565.113281,3.226562
9984,-11809.627930,-11843.666992,34.039062
9985,-11379.052734,-11375.229492,3.823242
9986,-11950.383789,-11948.891602,1.492188
9987,-10972.553711,-10969.889648,2.664062
9988,-10524.414062,-10499.469727,24.944336
9989,-10978.418945,-10971.114258,7.304688
9990,-11568.208008,-11575.791016,7.583008
9991,-11924.855469,-11915.809570,9.045898
9992,-9948.686523,-9927.635742,21.050781
9993,-9624.477539,-9620.857422,3.620117
9994,-11516.455078,-11510.787109,5.667969
9995,-9491.806641,-9490.382812,1.423828
9996,-12191.887695,-12181.678711,10.208984
9997,-11358.770508,-11371.492188,12.721680
9998,-12922.416016,-12925.821289,3.405273
9999,-9111.922852,-9523.380859,411.458008
10000,-10976.436523,-10970.260742,6.175781
10001,-11978.954102,-11980.153320,1.199219
10002,-9971.324219,-9923.563477,47.760742
10003,-10559.246094,-10565.367188,6.121094
10004,-10954.519531,-10937.085938,17.433594
10005,-12881.351562,-12892.115234,10.763672
10006,-12769.557617,-12853.639648,84.082031
10007,-11508.147461,-11510.680664,2.533203
10008,-10407.512695,-10395.918945,11.593750
10009,-11228.402344,-11239.283203,10.880859
10010,-11459.359375,-11480.122070,20.762695
10011,-10504.253906,-10499.480469,4.773438
10012,-11452.214844,-11452.132812,0.082031
10013,-11576.016602,-11576.536133,0.519531
10014,-10264.068359,-10200.699219,63.369141
10015,-11313.071289,-11307.932617,5.138672
10016,-12366.885742,-12354.243164,12.642578
10017,-11811.211914,-11811.854492,0.642578
10018,-11938.590820,-11948.417969,9.827148
10019,-10898.560547,-10911.843750,13.283203
10020,-10976.258789,-10968.788086,7.470703
10021,-15573.929688,-15898.055664,324.125977
10022,-12461.034180,-12455.234375,5.799805
10023,-10465.289062,-10465.896484,0.607422
10024,-10969.591797,-10968.205078,1.386719
10025,-8921.305664,-8921.228516,0.077148
10026,-8935.328125,-8921.498047,13.830078
10027,-11945.523438,-11948.846680,3.323242
10028,-11346.957031,-11342.455078,4.501953
10029,-12519.109375,-12522.327148,3.217773
10030,-9316.820312,-9404.483398,87.663086
10031,-8856.973633,-8864.100586,7.126953
10032,-10438.288086,-10410.938477,27.349609
10033,-10975.391602,-10968.930664,6.460938
10034,-11501.237305,-11510.215820,8.978516
10035,-11786.806641,-11780.213867,6.592773
10036,-11542.548828,-11542.691406,0.142578
10037,-9820.573242,-9835.723633,15.150391
10038,-12377.473633,-12385.677734,8.204102
10039,-10564.600586,-10566.783203,2.182617
10040,-8411.951172,-8393.832031,18.119141
10041,-10906.699219,-10901.479492,5.219727
10042,-11718.840820,-11741.316406,22.475586
10043,-11374.853516,-11373.054688,1.798828
10044,-12345.807617,-12352.825195,7.017578
10045,-10936.650391,-10911.850586,24.799805
10046,-9500.457031,-9496.091797,4.365234
10047,-9520.794922,-9521.800781,1.005859
10048,-10913.230469,-10900.928711,12.301758
10049,-10505.440430,-10500.997070,4.443359
10050,-9569.810547,-9554.401367,15.409180
10051,-10375.357422,-10361.794922,13.562500
10052,-11914.939453,-11914.851562,0.087891
10053,-11947.383789,-11947.810547,0.426758
10054,-12481.804688,-12488.558594,6.753906
10055,-9990.775391,-9960.340820,30.434570
10056,-10469.361328,-10466.761719,2.599609
10057,-12471.687500,-12490.001953,18.314453
10058,-10462.915039,-10464.756836,1.841797
10059,-9765.187500,-9958.505859,193.318359
10060,-10463.277344,-10465.074219,1.796875
10061,-10527.419922,-10532.381836,4.961914
10062,-11943.124023,-11946.980469,3.856445
10063,-12470.711914,-12488.736328,18.024414
10064,-11418.802734,-11406.489258,12.313477
10065,-11947.506836,-11949.362305,1.855469
10066,-11928.165039,-11913.510742,14.654297
10067,-11485.528320,-11509.890625,24.362305
10068,-11487.397461,-11511.026367,23.628906
10069,-11526.148438,-11543.420898,17.272461
10070,-10497.406250,-10501.734375,4.328125
10071,-8916.811523,-8921.637695,4.826172
10072,-11981.358398,-11982.542969,1.184570
10073,-12404.708008,-12419.442383,14.734375
10074,-12011.278320,-11978.901367,32.376953
10075,-11504.319336,-11511.376953,7.057617
10076,-11415.919922,-11408.528320,7.391602
10077,-10599.819336,-10598.253906,1.565430
10078,-10473.989258,-10474.537109,0.547852
10079,-11311.845703,-11303.607422,8.238281
10080,-10538.207031,-10532.887695,5.319336
10081,-10534.311523,-10532.181641,2.129883
10082,-10433.274414,-10441.708984,8.434570
10083,-10266.403320,-10202.147461,64.255859
10084,-9503.743164,-9497.643555,6.099609
10085,-9494.694336,-9496.077148,1.382812
10086,-11929.748047,-11915.528320,14.219727
10087,-10357.041992,-10328.447266,28.594727
10088,-10332.400391,-10333.693359,1.292969
10089,-11574.428711,-11576.778320,2.349609
10090,-9870.085938,-9866.754883,3.331055
10091,-12567.577148,-12554.412109,13.165039
10092,-8471.767578,-8451.590820,20.176758
10093,-9476.034180,-9463.570312,12.463867
10094,-10383.888672,-10362.837891,21.050781
10095,-9586.321289,-9588.783203,2.461914
10096,-10568.952148,-10566.136719,2.815430
10097,-10542.303711,-10534.394531,7.909180
10098,-12305.593750,-12321.292969,15.699219
10099,-11563.276367,-11575.619141,12.342773
10100,-11542.886719,-11543.721680,0.834961
10101,-12352.523438,-12321.855469,30.667969
10102,-11543.422852,-11543.826172,0.403320
10103,-12346.525391,-12353.643555,7.118164
10104,-11967.614258,-11948.877930,18.736328
10105,-9587.830078,-9589.121094,1.291016
10106,-11033.829102,-11036.875977,3.046875
10107,-13416.576172,-13432.067383,15.491211
10108,-8294.889648,-7383.828613,911.061035
10109,-13925.740234,-13905.365234,20.375000
10110,-11866.691406,-11846.031250,20.660156
10111,-11488.969727,-11475.924805,13.044922
10112,-11972.206055,-11979.196289,6.990234
10113,-12482.594727,-12489.553711,6.958984
10114,-10336.292969,-10337.725586,1.432617
10115,-10961.935547,-10936.896484,25.039062
10116,-9576.065430,-9562.615234,13.450195
10117,-11943.599609,-11949.382812,5.783203
10118,-10980.034180,-10968.644531,11.389648
10119,-9748.779297,-9798.073242,49.293945
10120,-11480.126953,-11477.911133,2.215820
10121,-11565.561523,-11577.306641,11.745117
10122,-12479.666992,-12487.555664,7.888672
10123,-10905.242188,-10904.055664,1.186523
10124,-11213.244141,-11237.844727,24.600586
10125,-10917.348633,-10905.165039,12.183594
10126,-12956.658203,-12960.072266,3.414062
10127,-11450.483398,-11445.621094,4.862305
10128,-12501.412109,-12555.352539,53.940430
10129,-9933.173828,-9931.878906,1.294922
10130,-11532.955078,-11543.821289,10.866211
10131,-11498.519531,-11485.238281,13.281250
10132,-10342.568359,-10395.773438,53.205078
10133,-11005.907227,-11001.521484,4.385742
10134,-10968.430664,-10969.429688,0.999023
10135,-10447.971680,-10429.964844,18.006836
10136,-11945.294922,-11948.263672,2.968750
10137,-10441.523438,-10432.789062,8.734375
10138,-8543.239258,-9523.602539,980.363281
10139,-10447.262695,-10442.930664,4.332031
10140,-12012.491211,-12014.263672,1.772461
10141,-11422.920898,-11408.017578,14.903320
10142,-11312.658203,-11309.928711,2.729492
10143,-12445.137695,-12453.489258,8.351562
10144,-12950.252930,-12959.350586,9.097656
10145,-11980.396484,-11982.241211,1.844727
10146,-11834.031250,-11811.379883,22.651367
10147,-10568.511719,-10566.160156,2.351562
10148,-9884.009766,-9869.226562,14.783203
10149,-11570.333984,-11576.918945,6.584961
10150,-10964.788086,-10968.871094,4.083008
10151,-10542.452148,-10533.598633,8.853516
10152,-12767.837891,-12821.313477,53.475586
10153,-10915.118164,-10903.669922,11.448242
10154,-9970.633789,-9965.556641,5.077148
10155,-11800.622070,-11812.062500,11.440430
10156,-8479.448242,-8369.313477,110.134766
10157,-10985.553711,-10971.116211,14.437500
10158,-12009.165039,-12014.568359,5.403320
10159,-9878.603516,-9866.832031,11.771484
10160,-11968.267578,-11980.521484,12.253906
10161,-9847.339844,-9797.435547,49.904297
10162,-10976.965820,-10970.520508,6.445312
10163,-11543.316406,-11543.708984,0.392578
10164,-11571.708008,-11576.217773,4.509766
10165,-11980.373047,-11981.248047,0.875000
10166,-9927.688477,-9935.449219,7.760742
10167,-10403.807617,-10397.728516,6.079102
10168,-11994.098633,-11980.599609,13.499023
10169,-10976.554688,-10971.168945,5.385742
10170,-10538.606445,-10532.071289,6.535156
10171,-11949.272461,-11948.808594,0.463867
10172,-11506.394531,-11510.749023,4.354492
10173,-11006.745117,-11003.938477,2.806641
10174,-12510.288086,-12521.842773,11.554688
10175,-9917.685547,-9893.271484,24.414062
10176,-11951.326172,-11949.015625,2.310547
10177,-11917.524414,-11914.954102,2.570312
10178,-11368.269531,-11375.483398,7.213867
10179,-10542.739258,-10533.243164,9.496094
10180,-10934.476562,-10934.649414,0.172852
10181,-12313.640625,-12320.428711,6.788086
10182,-11378.967773,-11375.322266,3.645508
10183,-10374.449219,-10364.552734,9.896484
10184,-10564.966797,-10564.974609,0.007812
10185,-11481.812500,-11479.875977,1.936523
10186,-11350.569336,-11342.036133,8.533203
10187,-11276.631836,-11307.945312,31.313477
10188,-11346.157227,-11343.777344,2.379883
10189,-10802.988281,-10833.739258,30.750977
10190,-8464.253906,-8486.777344,22.523438
10191,-11510.339844,-11452.340820,57.999023
10192,-11945.202148,-11947.235352,2.033203
10193,-11542.811523,-11544.971680,2.160156
10194,-11476.895508,-11476.890625,0.004883
10195,-9569.564453,-9555.675781,13.888672
10196,-10934.384766,-10936.116211,1.731445
10197,-12395.055664,-12386.066406,8.989258
10198,-11482.699219,-11478.585938,4.113281
10199,-9609.185547,-9588.941406,20.244141
10200,-10528.790039,-10534.117188,5.327148
10201,-10508.929688,-10498.659180,10.270508
10202,-13337.106445,-13396.286133,59.179688
10203,-12910.130859,-12892.924805,17.206055
10204,-10954.180664,-10937.362305,16.818359
10205,-10400.023438,-10395.991211,4.032227
10206,-12375.333008,-12354.107422,21.225586
10207,-10896.707031,-10832.660156,64.046875
10208,-12900.715820,-12926.268555,25.552734
10209,-11508.184570,-11509.833008,1.648438
10210,-10912.126953,-10912.155273,0.028320
10211,-9271.433594,-9268.516602,2.916992
10212,-12511.157227,-12521.862305,10.705078
10213,-10564.278320,-10566.237305,1.958984
10214,-9776.382812,-9797.704102,21.321289
10215,-10971.850586,-10969.349609,2.500977
10216,-10378.934570,-10362.977539,15.957031
10217,-10496.261719,-10500.699219,4.437500
10218,-11395.142578,-11373.596680,21.545898
10219,-11766.269531,-11748.082031,18.187500
10220,-10036.482422,-10023.676758,12.805664
10221,-10994.537109,-11002.364258,7.827148
10222,-9584.221680,-9554.428711,29.792969
10223,-11531.622070,-11543.689453,12.067383
10224,-10942.117188,-10935.948242,6.168945
10225,-11480.467773,-11476.265625,4.202148
10226,-9942.899414,-9932.605469,10.293945
10227,-12407.620117,-12384.911133,22.708984
10228,-10601.709961,-10598.424805,3.285156
10229,-9902.498047,-9898.569336,3.928711
10230,-9985.949219,-9958.973633,26.975586
10231,-11437.637695,-11439.830078,2.192383
10232,-9329.066406,-9293.033203,36.033203
10233,-12978.138672,-12991.736328,13.597656
10234,-11380.535156,-11375.016602,5.518555
10235,-11948.052734,-11946.343750,1.708984
10236,-10503.702148,-10498.863281,4.838867
10237,-11457.672852,-11444.715820,12.957031
10238,-9896.267578,-9902.748047,6.480469
10239,-11541.054688,-11543.646484,2.591797
10240,-10573.778320,-10565.519531,8.258789
10241,-9493.256836,-9495.958984,2.702148
10242,-10562.327148,-10566.222656,3.895508
10243,-11506.868164,-11509.607422,2.739258
10244,-10503.522461,-10500.343750,3.178711
10245,-10844.560547,-10833.668945,10.891602
10246,-11474.521484,-11477.674805,3.153320
10247,-11983.533203,-11982.551758,0.981445
10248,-9611.246094,-9587.547852,23.698242
10249,-10998.097656,-11001.780273,3.682617
10250,-11518.084961,-11510.378906,7.706055
10251,-11379.485352,-11336.967773,42.517578
10252,-10976.315430,-10971.314453,5.000977
10253,-9945.526367,-9932.443359,13.083008
10254,-11943.110352,-11948.376953,5.266602
10255,-9410.010742,-9488.522461,78.511719
10256,-10948.399414,-10937.643555,10.755859
10257,-11470.303711,-11478.414062,8.110352
10258,-11552.085938,-11543.656250,8.429688
10259,-12214.419922,-12247.765625,33.345703
10260,-11046.530273,-11034.475586,12.054688
10261,-11507.851562,-11510.604492,2.752930
10262,-13504.702148,-13499.264648,5.437500
10263,-11272.285156,-11304.311523,32.026367
10264,-11574.373047,-11576.961914,2.588867
10265,-11340.956055,-11388.118164,47.162109
10266,-8912.195312,-8892.746094,19.449219
10267,-10438.431641,-10441.693359,3.261719
10268,-10962.644531,-10968.171875,5.527344
10269,-10592.102539,-10564.785156,27.317383
10270,-12956.710938,-12958.473633,1.762695
10271,-12373.048828,-12385.905273,12.856445
10272,-12397.063477,-12385.511719,11.551758
10273,-8501.849609,-8426.239258,75.610352
10274,-11569.663086,-11576.086914,6.423828
10275,-10902.404297,-10904.744141,2.339844
10276,-10817.577148,-10769.551758,48.025391
10277,-10476.486328,-10474.407227,2.079102
10278,-11603.463867,-11593.588867,9.875000
10279,-10923.777344,-10936.135742,12.358398
10280,-10409.706055,-10441.591797,31.885742
10281,-13374.628906,-13443.417969,68.789062
10282,-11911.747070,-11947.874023,36.126953
10283,-10553.857422,-10533.533203,20.324219
10284,-10472.437500,-10465.898438,6.539062
10285,-13177.869141,-13225.990234,48.121094
10286,-10442.395508,-10430.113281,12.282227
10287,-9989.075195,-9990.901367,1.826172
10288,-11945.370117,-11948.917969,3.547852
10289,-11959.569336,-11946.268555,13.300781
10290,-10943.500977,-10937.700195,5.800781
10291,-11418.361328,-11439.885742,21.524414
10292,-10994.407227,-11001.912109,7.504883
10293,-12911.785156,-12926.984375,15.199219
10294,-8893.679688,-8830.930664,62.749023
10295,-13553.373047,-13549.156250,4.216797
10296,-10953.027344,-10945.442383,7.584961
10297,-10820.946289,-10845.681641,24.735352
10298,-11952.704102,-11949.436523,3.267578
10299,-11095.598633,-11271.623047,176.024414
10300,-11378.105469,-11374.665039,3.440430
10301,-10987.536133,-11001.291016,13.754883
10302,-12210.591797,-12216.561523,5.969727
10303,-11501.943359,-11511.898438,9.955078
10304,-11411.701172,-11407.837891,3.863281
10305,-10900.737305,-10903.042969,2.305664
10306,-13186.034180,-13227.756836,41.722656
10307,-11943.902344,-11949.015625,5.113281
10308,-10947.013672,-10936.991211,10.022461
10309,-9464.088867,-9462.783203,1.305664
10310,-11511.503906,-11509.453125,2.050781
10311,-10546.000977,-10533.041016,12.959961
10312,-11009.078125,-11001.978516,7.099609
10313,-11362.592773,-11317.120117,45.472656
10314,-10512.827148,-10501.075195,11.751953
10315,-11944.496094,-11943.925781,0.570312
10316,-10500.020508,-10497.629883,2.390625
10317,-12543.989258,-12554.408203,10.418945
10318,-13439.845703,-13468.000977,28.155273
10319,-8884.274414,-8888.897461,4.623047
10320,-10391.540039,-10409.791016,18.250977
10321,-12545.916992,-12553.729492,7.812500
10322,-9444.244141,-9463.004883,18.760742
10323,-10944.886719,-10935.922852,8.963867
10324,-11415.947266,-11407.093750,8.853516
10325,-10876.295898,-10880.860352,4.564453
10326,-11541.649414,-11543.637695,1.988281
10327,-12548.424805,-12554.311523,5.886719
10328,-11569.500000,-11576.913086,7.413086
10329,-11831.527344,-11833.987305,2.459961
10330,-11343.978516,-11342.085938,1.892578
10331,-12485.162109,-12487.580078,2.417969
10332,-11919.699219,-11914.708008,4.991211
10333,-11903.940430,-11914.400391,10.459961
10334,-10534.010742,-10533.743164,0.267578
10335,-11579.375977,-11608.845703,29.469727
10336,-12550.771484,-12554.239258,3.467773
10337,-11509.080078,-11509.539062,0.458984
10338,-11353.979492,-11341.793945,12.185547
10339,-11753.378906,-11746.897461,6.481445
10340,-9881.563477,-9867.407227,14.156250
10341,-10535.463867,-10533.371094,2.092773
10342,-11510.357422,-11511.917969,1.560547
10343,-11503.793945,-11511.836914,8.042969
10344,-9907.875977,-9925.518555,17.642578
10345,-11955.677734,-11947.893555,7.784180
10346,-10534.996094,-10531.181641,3.814453
10347,-12614.111328,-12571.589844,42.521484
10348,-10834.156250,-10834.458984,0.302734
10349,-10901.742188,-10904.039062,2.296875
10350,-10615.388672,-10599.681641,15.707031
10351,-10939.304688,-10938.637695,0.666992
10352,-10526.862305,-10532.169922,5.307617
10353,-12355.239258,-12352.973633,2.265625
10354,-10103.261719,-10026.011719,77.250000
10355,-10935.960938,-10936.432617,0.471680
10356,-10979.649414,-10971.734375,7.915039
10357,-12329.902344,-12319.814453,10.087891
10358,-11417.388672,-11407.502930,9.885742
10359,-11343.202148,-11340.247070,2.955078
10360,-10915.215820,-10905.154297,10.061523
10361,-11476.892578,-11475.826172,1.066406
10362,-10977.835938,-10969.439453,8.396484
10363,-12528.227539,-12521.419922,6.807617
10364,-10723.238281,-10415.205078,308.033203
10365,-11498.916992,-11509.559570,10.642578
10366,-11919.230469,-11914.691406,4.539062
10367,-9542.983398,-9522.873047,20.110352
10368,-10939.141602,-10937.846680,1.294922
10369,-10867.784180,-10869.615234,1.831055
10370,-10580.902344,-10565.383789,15.518555
10371,-11986.222656,-11980.600586,5.622070
10372,-12880.382812,-12892.503906,12.121094
10373,-12549.363281,-12553.916016,4.552734
10374,-12501.273438,-12521.489258,20.215820
10375,-11478.930664,-11476.018555,2.912109
10376,-9585.607422,-9589.095703,3.488281
10377,-12517.433594,-12522.990234,5.556641
10378,-11236.020508,-11237.793945,1.773438
10379,-11876.722656,-11916.024414,39.301758
10380,-11340.674805,-11343.405273,2.730469
10381,-11888.823242,-11881.748047,7.075195
10382,-10861.604492,-10846.750000,14.854492
10383,-7869.569824,-7854.683594,14.886230
10384,-10914.948242,-10911.685547,3.262695
10385,-12946.601562,-12958.813477,12.211914
10386,-12505.107422,-12523.003906,17.896484
10387,-9916.003906,-9901.455078,14.548828
10388,-12526.047852,-12520.425781,5.622070
10389,-11500.075195,-11512.868164,12.792969
10390,-10498.305664,-10476.595703,21.709961
10391,-11944.554688,-11949.656250,5.101562
10392,-11547.020508,-11544.030273,2.990234
10393,-10543.404297,-10534.632812,8.771484
10394,-11983.935547,-11981.146484,2.789062
10395,-10534.293945,-10532.838867,1.455078
10396,-8909.126953,-8896.770508,12.356445
10397,-10882.319336,-10911.389648,29.070312
10398,-9279.398438,-9261.865234,17.533203
10399,-11506.107422,-11509.878906,3.771484
10400,-11959.671875,-11947.335938,12.335938
10401,-10432.162109,-10408.322266,23.839844
10402,-11406.963867,-11374.569336,32.394531
10403,-11969.500977,-11982.076172,12.575195
10404,-11508.217773,-11510.952148,2.734375
10405,-11737.426758,-11747.865234,10.438477
10406,-10862.864258,-10877.138672,14.274414
10407,-9568.966797,-9554.394531,14.572266
10408,-11372.291992,-11373.475586,1.183594
10409,-10448.023438,-10442.195312,5.828125
10410,-11545.061523,-11542.677734,2.383789
10411,-10500.583008,-10499.638672,0.944336
10412,-10929.438477,-10937.193359,7.754883
10413,-12489.167969,-12488.666992,0.500977
10414,-12547.000000,-12554.476562,7.476562
10415,-10971.922852,-10971.166016,0.756836
10416,-12865.175781,-12894.514648,29.338867
10417,-11932.214844,-11949.097656,16.882812
10418,-11011.918945,-10944.282227,67.636719
10419,-11402.455078,-11408.748047,6.292969
10420,-11390.860352,-11373.972656,16.887695
10421,-11914.441406,-11914.028320,0.413086
10422,-10468.983398,-10464.805664,4.177734
10423,-9435.419922,-9429.712891,5.707031
10424,-10500.335938,-10499.686523,0.649414
10425,-12405.440430,-12417.597656,12.157227
10426,-11949.376953,-11947.677734,1.699219
10427,-9379.966797,-9268.471680,111.495117
10428,-9513.658203,-9489.056641,24.601562
10429,-11015.623047,-11003.402344,12.220703
10430,-9919.911133,-9898.792969,21.118164
10431,-11374.313477,-11374.612305,0.298828
10432,-7861.721680,-7795.696777,66.024902
10433,-10919.328125,-10912.916992,6.411133
10434,-9552.219727,-9521.926758,30.292969
10435,-11518.512695,-11509.688477,8.824219
10436,-10998.449219,-10968.195312,30.253906
10437,-10430.320312,-10441.197266,10.876953
10438,-13347.553711,-13330.695312,16.858398
10439,-10870.443359,-10877.157227,6.713867
10440,-9470.213867,-9404.603516,65.610352
10441,-12510.712891,-12520.544922,9.832031
10442,-9518.240234,-9489.164062,29.076172
10443,-10962.274414,-10969.122070,6.847656
10444,-10786.683594,-10775.204102,11.479492
10445,-11947.585938,-11945.708984,1.876953
10446,-11915.291016,-11916.230469,0.939453
10447,-10978.241211,-10971.127930,7.113281
10448,-11943.052734,-11949.583008,6.530273
10449,-11946.378906,-11948.092773,1.713867
10450,-11478.418945,-11477.314453,1.104492
10451,-10495.356445,-10499.649414,4.292969
10452,-11369.760742,-11340.498047,29.262695
10453,-11885.686523,-11883.600586,2.085938
10454,-10502.708984,-10500.283203,2.425781
10455,-11670.669922,-11754.306641,83.636719
10456,-10998.110352,-11002.716797,4.606445
10457,-12373.958984,-12386.133789,12.174805
10458,-10534.406250,-10532.459961,1.946289
10459,-10570.533203,-10565.209961,5.323242
10460,-8513.596680,-8460.439453,53.157227
10461,-12573.029297,-12554.912109,18.117188
10462,-10935.656250,-10937.253906,1.597656
10463,-11878.688477,-11882.373047,3.684570
10464,-9477.153320,-9464.414062,12.739258
10465,-10968.187500,-10968.696289,0.508789
10466,-10973.911133,-10968.894531,5.016602
10467,-11364.750977,-11374.581055,9.830078
10468,-14550.230469,-14640.038086,89.807617
10469,-11853.022461,-11844.686523,8.335938
10470,-11434.985352,-11439.699219,4.713867
10471,-12225.002930,-12249.957031,24.954102
10472,-11826.543945,-11811.835938,14.708008
10473,-11414.358398,-11405.041992,9.316406
10474,-11461.408203,-11478.618164,17.209961
10475,-9942.727539,-9934.570312,8.157227
10476,-9518.288086,-7382.581543,2135.706543
10477,-10964.817383,-10969.592773,4.775391
10478,-9845.550781,-9834.702148,10.848633
10479,-11540.686523,-11544.214844,3.528320
10480,-11936.000000,-11947.819336,11.819336
10481,-12449.005859,-12456.007812,7.001953
10482,-11950.852539,-11948.473633,2.378906
10483,-12263.884766,-12281.683594,17.798828
10484,-10561.420898,-10565.955078,4.534180
10485,-10369.282227,-10364.126953,5.155273
10486,-10455.443359,-10474.312500,18.869141
10487,-11909.486328,-11915.809570,6.323242
10488,-9936.223633,-9957.397461,21.173828
10489,-11798.971680,-11810.405273,11.433594
10490,-10569.815430,-10565.228516,4.586914
10491,-12443.834961,-12456.004883,12.169922
10492,-11002.459961,-11002.985352,0.525391
10493,-12785.541016,-12791.423828,5.882812
10494,-9522.785156,-9520.879883,1.905273
10495,-11539.299805,-11543.350586,4.050781
10496,-10455.823242,-10429.011719,26.811523
10497,-11531.531250,-11542.595703,11.064453
10498,-10538.858398,-10533.265625,5.592773
10499,-8450.852539,-8418.801758,32.050781
10500,-10955.376953,-10937.672852,17.704102
10501,-10963.166016,-10970.885742,7.719727
10502,-10970.331055,-10970.054688,0.276367
10503,-11571.187500,-11576.759766,5.572266
10504,-11403.835938,-11372.842773,30.993164
10505,-10904.459961,-10903.875977,0.583984
10506,-7860.659180,-7828.643066,32.016113
10507,-12230.289062,-12249.101562,18.812500
10508,-11558.966797,-11544.541992,14.424805
10509,-11911.391602,-11914.479492,3.087891
10510,-12505.095703,-12521.391602,16.295898
10511,-9572.647461,-9587.699219,15.051758
10512,-11371.669922,-11372.471680,0.801758
10513,-8299.230469,-8291.151367,8.079102
10514,-10317.799805,-10329.299805,11.500000
10515,-12538.839844,-12554.243164,15.403320
10516,-11628.537109,-11720.478516,91.941406
10517,-10840.811523,-10866.899414,26.087891
10518,-10508.941406,-10500.721680,8.219727
10519,-10975.777344,-10969.737305,6.040039
10520,-9759.512695,-9764.324219,4.811523
10521,-9956.882812,-9959.218750,2.335938
10522,-10877.445312,-10902.349609,24.904297
10523,-11486.287109,-11476.052734,10.234375
10524,-12426.620117,-12418.953125,7.666992
10525,-9576.875000,-9555.990234,20.884766
10526,-11799.056641,-11813.731445,14.674805
10527,-11907.259766,-11915.304688,8.044922
10528,-9969.327148,-9958.349609,10.977539
10529,-11541.921875,-11544.443359,2.521484
10530,-11981.806641,-12411.254883,429.448242
10531,-11917.134766,-11915.449219,1.685547
10532,-10537.104492,-10533.291992,3.812500
10533,-11538.470703,-11542.796875,4.326172
10534,-10305.646484,-10338.393555,32.747070
10535,-10881.494141,-10878.315430,3.178711
10536,-10597.517578,-10598.426758,0.909180
10537,-10520.153320,-10531.900391,11.747070
10538,-11518.465820,-11510.180664,8.285156
10539,-10600.997070,-10598.388672,2.608398
10540,-10975.396484,-10970.153320,5.243164
10541,-9526.357422,-9496.433594,29.923828
10542,-10935.554688,-10937.440430,1.885742
10543,-12515.721680,-12554.065430,38.343750
10544,-12362.270508,-12353.729492,8.541016
10545,-12447.923828,-12456.691406,8.767578
10546,-11762.430664,-11722.726562,39.704102
10547,-10896.722656,-10902.941406,6.218750
10548,-8885.065430,-8864.656250,20.409180
10549,-11953.641602,-11949.108398,4.533203
10550,-9520.940430,-9522.877930,1.937500
10551,-10565.142578,-10564.754883,0.387695
10552,-9570.229492,-9554.759766,15.469727
10553,-11808.300781,-11780.133789,28.166992
10554,-10505.697266,-10497.032227,8.665039
10555,-11489.116211,-11476.574219,12.541992
10556,-8550.686523,-8520.072266,30.614258
10557,-11517.537109,-11509.772461,7.764648
10558,-11987.665039,-11979.434570,8.230469
10559,-9582.302734,-9562.290039,20.012695
10560,-7619.177246,-7450.830078,168.347168
10561,-12440.286133,-12455.894531,15.608398
10562,-10507.501953,-10501.173828,6.328125
10563,-8701.187500,-8729.226562,28.039062
10564,-10528.708008,-10532.277344,3.569336
10565,-12450.235352,-12479.372070,29.136719
10566,-11932.365234,-11948.274414,15.909180
10567,-8476.220703,-8552.536133,76.315430
10568,-12509.331055,-12521.625000,12.293945
10569,-11984.031250,-11981.564453,2.466797
10570,-10936.584961,-10935.385742,1.199219
10571,-11776.404297,-11812.044922,35.640625
10572,-12492.388672,-12521.813477,29.424805
10573,-9478.690430,-9488.556641,9.866211
10574,-9519.621094,-9520.414062,0.792969
10575,-10978.687500,-10970.200195,8.487305
10576,-9593.263672,-9587.727539,5.536133
10577,-12455.672852,-12451.109375,4.563477
10578,-11466.347656,-11478.574219,12.226562
10579,-11915.421875,-11915.782227,0.360352
10580,-12482.837891,-12488.807617,5.969727
10581,-9942.629883,-9960.616211,17.986328
10582,-11393.496094,-11374.011719,19.484375
10583,-10524.098633,-10532.361328,8.262695
10584,-11379.533203,-11373.749023,5.784180
10585,-11245.999023,-11238.913086,7.085938
10586,-11481.023438,-11476.222656,4.800781
10587,-11544.777344,-11541.418945,3.358398
10588,-11909.223633,-11913.794922,4.571289
10589,-11549.936523,-11543.730469,6.206055
10590,-9974.078125,-9957.541992,16.536133
10591,-10531.262695,-10533.549805,2.287109
10592,-10908.664062,-10903.947266,4.716797
10593,-10524.414062,-10507.019531,17.394531
10594,-11480.380859,-11477.198242,3.182617
10595,-11849.813477,-11844.058594,5.754883
10596,-11821.532227,-11889.750977,68.218750
10597,-10930.109375,-10936.045898,5.936523
10598,-10010.082031,-10023.862305,13.780273
10599,-12215.242188,-12249.624023,34.381836
10600,-9865.139648,-9859.752930,5.386719
10601,-12522.594727,-12522.357422,0.237305
10602,-11375.686523,-11376.347656,0.661133
10603,-9977.802734,-9957.873047,19.929688
10604,-10907.567383,-10905.017578,2.549805
10605,-9945.037109,-9934.832031,10.205078
10606,-11539.718750,-11543.587891,3.869141
10607,-9379.308594,-9405.266602,25.958008
10608,-12761.892578,-12756.633789,5.258789
10609,-12942.138672,-12926.751953,15.386719
10610,-12492.751953,-12522.453125,29.701172
10611,-11302.801758,-11308.604492,5.802734
10612,-10931.666016,-10936.454102,4.788086
10613,-11482.465820,-11477.610352,4.855469
10614,-8508.930664,-8460.257812,48.672852
10615,-12335.393555,-12352.591797,17.198242
10616,-10809.842773,-10802.229492,7.613281
10617,-12374.547852,-12386.829102,12.281250
10618,-9971.878906,-9960.895508,10.983398
10619,-10913.330078,-10902.727539,10.602539
10620,-10897.160156,-10903.872070,6.711914
10621,-11381.679688,-11374.855469,6.824219
10622,-9917.628906,-9935.426758,17.797852
10623,-11392.146484,-11374.541992,17.604492
10624,-10448.117188,-10427.252930,20.864258
10625,-11505.857422,-11484.604492,21.252930
10626,-10947.095703,-10939.301758,7.793945
10627,-11471.249023,-11479.320312,8.071289
10628,-9888.846680,-9866.061523,22.785156
10629,-11514.142578,-11509.826172,4.316406
10630,-11511.404297,-11509.577148,1.827148
10631,-10595.774414,-10599.291016,3.516602
10632,-11511.862305,-11510.922852,0.939453
10633,-9960.253906,-9924.231445,36.022461
10634,-9278.377930,-9328.552734,50.174805
10635,-13437.450195,-13500.494141,63.043945
10636,-11945.038086,-11946.875000,1.836914
10637,-9464.398438,-9463.818359,0.580078
10638,-11408.574219,-11408.313477,0.260742
10639,-12283.018555,-12353.721680,70.703125
10640,-9522.772461,-9522.643555,0.128906
10641,-10960.570312,-10935.457031,25.113281
10642,-11935.636719,-11948.400391,12.763672
10643,-11963.195312,-11948.846680,14.348633
10644,-11358.826172,-11342.265625,16.560547
10645,-12394.962891,-12418.753906,23.791016
10646,-11539.755859,-11542.743164,2.987305
10647,-10569.234375,-10566.566406,2.667969
10648,-9535.794922,-9437.515625,98.279297
10649,-11481.104492,-11478.179688,2.924805
10650,-10533.664062,-10531.828125,1.835938
10651,-12363.978516,-12351.608398,12.370117
10652,-12549.332031,-12554.155273,4.823242
10653,-10479.487305,-10466.783203,12.704102
10654,-11513.019531,-11509.540039,3.479492
10655,-10568.991211,-10566.165039,2.826172
10656,-9205.133789,-9588.088867,382.955078
10657,-10502.198242,-10499.600586,2.597656
10658,-10949.642578,-10937.782227,11.860352
10659,-10942.066406,-10937.224609,4.841797
10660,-12915.651367,-12960.288086,44.636719
10661,-12939.015625,-12956.534180,17.518555
10662,-10428.780273,-10430.081055,1.300781
10663,-12510.506836,-12520.909180,10.402344
10664,-13497.034180,-13500.138672,3.104492
10665,-11549.028320,-11542.932617,6.095703
10666,-10950.295898,-10937.395508,12.900391
10667,-10933.016602,-10937.163086,4.146484
10668,-11803.954102,-11811.431641,7.477539
10669,-10542.181641,-10532.272461,9.909180
10670,-12942.368164,-12959.145508,16.777344
10671,-12718.132812,-12757.426758,39.293945
10672,-10538.746094,-10534.599609,4.146484
10673,-11510.906250,-11510.190430,0.715820
10674,-11918.623047,-11915.894531,2.728516
10675,-11506.757812,-11509.778320,3.020508
10676,-8488.300781,-8486.846680,1.454102
10677,-9964.207031,-9957.375000,6.832031
10678,-11368.977539,-11375.335938,6.358398
10679,-10570.113281,-10567.267578,2.845703
10680,-9576.381836,-9556.082031,20.299805
10681,-10389.752930,-10398.244141,8.491211
10682,-12478.271484,-12489.407227,11.135742
10683,-10945.038086,-10939.632812,5.405273
10684,-10971.716797,-10969.843750,1.873047
10685,-12007.954102,-12012.454102,4.500000
10686,-11387.535156,-11375.554688,11.980469
10687,-10316.583984,-10306.495117,10.088867
10688,-10381.006836,-10364.334961,16.671875
10689,-11474.134766,-11477.613281,3.478516
10690,-11952.810547,-11948.161133,4.649414
10691,-10375.471680,-10364.399414,11.072266
10692,-11571.563477,-11575.718750,4.155273
10693,-11414.307617,-11407.704102,6.603516
10694,-10871.116211,-10877.889648,6.773438
10695,-10539.103516,-10532.390625,6.712891
10696,-10546.355469,-10533.103516,13.251953
10697,-11507.912109,-11507.529297,0.382812
10698,-9662.150391,-9653.914062,8.236328
10699,-10577.541016,-10565.912109,11.628906
10700,-9605.202148,-9589.051758,16.150391
10701,-10498.121094,-10498.826172,0.705078
10702,-12223.903320,-12249.992188,26.088867
10703,-11980.961914,-11978.081055,2.880859
10704,-11929.051758,-11947.119141,18.067383
10705,-8547.285156,-8518.624023,28.661133
10706,-10567.585938,-10565.127930,2.458008
10707,-9980.443359,-9989.869141,9.425781
10708,-13330.946289,-13447.014648,116.068359
10709,-10338.886719,-10330.336914,8.549805
10710,-10556.958984,-10531.643555,25.315430
10711,-9947.756836,-9957.811523,10.054688
10712,-10966.421875,-10970.408203,3.986328
10713,-10979.693359,-10971.860352,7.833008
10714,-12524.694336,-12522.094727,2.599609
10715,-9973.034180,-9926.499023,46.535156
10716,-11953.240234,-11948.663086,4.577148
10717,-12860.859375,-12860.322266,0.537109
10718,-10351.493164,-10337.257812,14.235352
10719,-10542.509766,-10533.255859,9.253906
10720,-11505.870117,-11509.350586,3.480469
10721,-11922.763672,-11915.634766,7.128906
10722,-9564.646484,-9554.712891,9.933594
10723,-10937.591797,-10936.989258,0.602539
10724,-9453.188477,-9431.920898,21.267578
10725,-11568.889648,-11576.695312,7.805664
10726,-13397.984375,-13444.219727,46.235352
10727,-8491.845703,-8486.002930,5.842773
10728,-11997.921875,-12155.478516,157.556641
10729,-12256.752930,-12215.811523,40.941406
10730,-9474.892578,-9462.910156,11.982422
10731,-11812.203125,-11813.686523,1.483398
10732,-10473.974609,-10468.809570,5.165039
10733,-8793.880859,-8451.982422,341.898438
10734,-10943.191406,-10939.191406,4.000000
10735,-9544.408203,-9529.389648,15.018555
10736,-10714.253906,-10742.187500,27.933594
10737,-10426.680664,-10396.708008,29.972656
10738,-11414.717773,-11453.284180,38.566406
10739,-11376.623047,-11373.287109,3.335938
10740,-11565.280273,-11576.584961,11.304688
10741,-10996.935547,-11003.686523,6.750977
10742,-12328.908203,-12385.157227,56.249023
10743,-13370.969727,-13467.064453,96.094727
10744,-10374.269531,-10365.254883,9.014648
10745,-9971.869141,-9960.754883,11.114258
10746,-11438.413086,-11444.115234,5.702148
10747,-11542.627930,-11543.115234,0.487305
10748,-10956.010742,-10969.436523,13.425781
10749,-12447.944336,-12454.734375,6.790039
10750,-10997.765625,-11001.541016,3.775391
10751,-11959.782227,-11947.008789,12.773438
10752,-12476.252930,-12489.754883,13.501953
10753,-15958.870117,-16471.908203,513.038086
10754,-10550.955078,-10532.120117,18.834961
10755,-10994.100586,-11002.381836,8.281250
10756,-12476.291992,-12489.645508,13.353516
10757,-11308.684570,-11307.813477,0.871094
10758,-11953.164062,-11948.332031,4.832031
10759,-9434.852539,-9430.953125,3.899414
10760,-10853.379883,-10833.486328,19.893555
10761,-11514.085938,-11511.641602,2.444336
10762,-11446.132812,-11443.847656,2.285156
10763,-10531.946289,-10532.846680,0.900391
10764,-12244.979492,-12288.597656,43.618164
10765,-10525.464844,-10533.581055,8.116211
10766,-10352.450195,-10369.066406,16.616211
10767,-10513.165039,-10475.159180,38.005859
10768,-11483.775391,-11478.218750,5.556641
10769,-11955.923828,-11949.125977,6.797852
10770,-10884.692383,-10834.166016,50.526367
10771,-12404.622070,-12417.944336,13.322266
10772,-11919.917969,-11914.790039,5.127930
10773,-10564.083984,-10565.350586,1.266602
10774,-8421.828125,-8452.115234,30.287109
10775,-11009.758789,-11003.417969,6.340820
10776,-9435.237305,-9429.341797,5.895508
10777,-11449.646484,-11445.026367,4.620117
10778,-10965.936523,-10970.825195,4.888672
10779,-10374.462891,-10365.373047,9.089844
10780,-11843.803711,-11844.975586,1.171875
10781,-10946.301758,-10935.910156,10.391602
10782,-11405.997070,-11453.498047,47.500977
10783,-10942.920898,-10935.923828,6.997070
10784,-11340.170898,-11343.452148,3.281250
10785,-12595.041992,-12685.914062,90.872070
10786,-11952.174805,-11937.458008,14.716797
10787,-10569.640625,-10566.366211,3.274414
10788,-11473.936523,-11479.020508,5.083984
10789,-15959.031250,-16471.070312,512.039062
10790,-11936.797852,-11948.029297,11.231445
10791,-10916.647461,-10905.806641,10.840820
10792,-11847.541016,-11811.322266,36.218750
10793,-12181.958008,-12214.929688,32.971680
10794,-11513.001953,-11511.785156,1.216797
10795,-12871.955078,-12892.671875,20.716797
10796,-10527.626953,-10532.460938,4.833984
10797,-11034.543945,-11034.919922,0.375977
10798,-10598.434570,-10598.332031,0.102539
10799,-12514.676758,-12522.251953,7.575195
10800,-9475.748047,-9462.064453,13.683594
10801,-11903.989258,-11916.574219,12.584961
10802,-11989.026367,-11980.489258,8.537109
10803,-10984.593750,-10968.670898,15.922852
10804,-11427.336914,-11404.698242,22.638672
10805,-12451.719727,-12455.759766,4.040039
10806,-10520.250000,-10533.832031,13.582031
10807,-11535.610352,-11542.925781,7.315430
10808,-12876.552734,-12892.942383,16.389648
10809,-11416.538086,-11407.986328,8.551758
10810,-9466.316406,-9463.511719,2.804688
10811,-10530.413086,-10532.827148,2.414062
10812,-11780.462891,-11890.601562,110.138672
10813,-11347.626953,-11342.046875,5.580078
10814,-9503.868164,-9495.697266,8.170898
10815,-12790.038086,-12790.139648,0.101562
10816,-11501.565430,-11511.551758,9.986328
10817,-11920.333008,-11915.987305,4.345703
10818,-10937.650391,-10933.805664,3.844727
10819,-12985.458008,-13007.396484,21.938477
10820,-10994.252930,-11034.764648,40.511719
10821,-8490.789062,-8485.316406,5.472656
10822,-9466.184570,-9463.016602,3.167969
10823,-11787.580078,-11810.304688,22.724609
10824,-10854.949219,-10839.882812,15.066406
10825,-10011.110352,-9991.087891,20.022461
10826,-10533.434570,-10533.107422,0.327148
10827,-11888.822266,-11878.176758,10.645508
10828,-11813.516602,-11811.758789,1.757812
10829,-11036.580078,-11034.709961,1.870117
10830,-11977.583008,-12014.712891,37.129883
10831,-10962.161133,-10970.313477,8.152344
10832,-10568.240234,-10565.612305,2.627930
10833,-9394.505859,-9357.549805,36.956055
10834,-10504.679688,-10499.864258,4.815430
10835,-10972.209961,-10970.356445,1.853516
10836,-12437.643555,-12456.191406,18.547852
10837,-10586.422852,-10599.066406,12.643555
10838,-11448.578125,-11439.610352,8.967773
10839,-11889.583008,-11883.355469,6.227539
10840,-11397.919922,-11374.188477,23.731445
10841,-12806.419922,-12789.830078,16.589844
10842,-11950.527344,-11948.978516,1.548828
10843,-10950.204102,-10937.148438,13.055664
10844,-12495.650391,-12488.158203,7.492188
10845,-13308.969727,-13332.350586,23.380859
10846,-12316.629883,-12321.391602,4.761719
10847,-9893.829102,-9902.782227,8.953125
10848,-11953.389648,-11949.339844,4.049805
10849,-11921.893555,-11916.241211,5.652344
10850,-11422.003906,-11405.785156,16.218750
10851,-11372.751953,-11375.408203,2.656250
10852,-10570.150391,-10566.612305,3.538086
10853,-11831.855469,-11884.559570,52.704102
10854,-9931.674805,-9899.943359,31.731445
10855,-10485.753906,-10473.792969,11.960938
10856,-9921.605469,-9933.166016,11.560547
10857,-11905.356445,-11915.583008,10.226562
10858,-9507.811523,-9496.822266,10.989258
10859,-11808.830078,-11844.695312,35.865234
10860,-12414.966797,-12418.190430,3.223633
10861,-12876.417969,-12895.113281,18.695312
10862,-11486.306641,-11477.069336,9.237305
10863,-8882.626953,-8865.208984,17.417969
10864,-11697.792969,-11707.866211,10.073242
10865,-12449.335938,-12456.887695,7.551758
10866,-11259.929688,-11317.166016,57.236328
10867,-10742.410156,-10776.213867,33.803711
10868,-12369.187500,-12385.866211,16.678711
10869,-11341.809570,-11341.363281,0.446289
10870,-11435.241211,-11316.415039,118.826172
10871,-9775.083008,-9957.228516,182.145508
10872,-11987.236328,-11981.396484,5.839844
10873,-9516.752930,-9529.424805,12.671875
10874,-11572.872070,-11575.779297,2.907227
10875,-8898.711914,-8864.957031,33.754883
10876,-9884.193359,-9870.495117,13.698242
10877,-11914.777344,-11913.538086,1.239258
10878,-12534.800781,-12554.979492,20.178711
10879,-10969.340820,-10969.188477,0.152344
10880,-9993.827148,-9992.371094,1.456055
10881,-10965.443359,-10969.366211,3.922852
10882,-10379.333984,-10362.531250,16.802734
10883,-11436.352539,-11444.399414,8.046875
10884,-10658.229492,-10671.065430,12.835938
10885,-11397.220703,-11419.833984,22.613281
10886,-9496.694336,-9489.584961,7.109375
10887,-10532.648438,-10533.117188,0.468750
10888,-11749.438477,-11779.993164,30.554688
10889,-11955.055664,-11947.918945,7.136719
10890,-11371.030273,-11374.079102,3.048828
10891,-12909.005859,-12924.962891,15.957031
10892,-9994.618164,-9991.559570,3.058594
10893,-11919.041016,-11914.465820,4.575195
10894,-11508.414062,-11509.356445,0.942383
10895,-11981.672852,-11979.979492,1.693359
10896,-8538.763672,-8519.884766,18.878906
10897,-11031.334961,-11034.755859,3.420898
10898,-12502.023438,-12522.810547,20.787109
10899,-9899.734375,-9901.352539,1.618164
10900,-11536.492188,-11542.680664,6.188477
10901,-10967.395508,-10968.425781,1.030273
10902,-12900.659180,-12926.256836,25.597656
10903,-10542.850586,-10533.131836,9.718750
10904,-10958.185547,-10967.979492,9.793945
10905,-10878.960938,-10880.581055,1.620117
10906,-12379.463867,-12373.382812,6.081055
10907,-10571.084961,-10565.126953,5.958008
10908,-9858.567383,-9834.985352,23.582031
10909,-11504.956055,-11509.048828,4.092773
10910,-9554.404297,-9555.197266,0.792969
10911,-10413.425781,-10397.112305,16.313477
10912,-10944.753906,-10938.194336,6.559570
10913,-8919.290039,-8921.652344,2.362305
10914,-9578.578125,-9555.658203,22.919922
10915,-11501.980469,-11509.957031,7.976562
10916,-11978.572266,-11980.549805,1.977539
10917,-12912.836914,-12925.849609,13.012695
10918,-10567.833984,-10565.202148,2.631836
10919,-11509.384766,-11509.093750,0.291016
10920,-11541.304688,-11542.747070,1.442383
10921,-11518.485352,-11511.934570,6.550781
10922,-11542.907227,-11542.652344,0.254883
10923,-11950.288086,-11949.067383,1.220703
10924,-12521.617188,-12554.370117,32.752930
10925,-10488.417969,-10440.380859,48.037109
10926,-9779.761719,-9809.486328,29.724609
10927,-11390.827148,-11375.611328,15.215820
10928,-10947.050781,-10938.166992,8.883789
10929,-10566.680664,-10566.571289,0.109375
10930,-11510.486328,-11512.544922,2.058594
10931,-11408.033203,-11406.818359,1.214844
10932,-12373.494141,-12384.677734,11.183594
10933,-11885.247070,-11882.253906,2.993164
10934,-11442.083984,-11439.498047,2.585938
10935,-13349.732422,-13363.089844,13.357422
10936,-11503.679688,-11509.249023,5.569336
10937,-11926.293945,-11915.299805,10.994141
10938,-7903.567383,-7762.806641,140.760742
10939,-10460.438477,-10440.169922,20.268555
10940,-10930.761719,-10937.212891,6.451172
10941,-10912.533203,-10901.413086,11.120117
10942,-12970.874023,-12958.801758,12.072266
10943,-9995.697266,-9959.647461,36.049805
10944,-9425.979492,-9429.633789,3.654297
10945,-9920.042969,-9934.280273,14.237305
10946,-10198.901367,-10234.518555,35.617188
10947,-10435.936523,-10428.837891,7.098633
10948,-8459.494141,-8426.744141,32.750000
10949,-10568.636719,-10566.095703,2.541016
10950,-11952.466797,-11948.212891,4.253906
10951,-10978.137695,-10969.936523,8.201172
10952,-12412.949219,-12417.463867,4.514648
10953,-11513.376953,-11511.809570,1.567383
10954,-11878.135742,-11882.936523,4.800781
10955,-11861.273438,-11844.272461,17.000977
10956,-10934.785156,-10937.963867,3.178711
10957,-11560.558594,-11576.014648,15.456055
10958,-11512.746094,-11511.509766,1.236328
10959,-11505.932617,-11508.245117,2.312500
10960,-9334.160156,-9327.639648,6.520508
10961,-11417.117188,-11406.362305,10.754883
10962,-10883.458984,-10866.963867,16.495117
10963,-12477.258789,-12488.044922,10.786133
10964,-11510.629883,-11511.168945,0.539062
10965,-12542.983398,-12554.465820,11.482422
10966,-11354.489258,-11341.040039,13.449219
10967,-10954.161133,-10969.514648,15.353516
10968,-9906.010742,-9901.397461,4.613281
10969,-11403.132812,-11410.557617,7.424805
10970,-9495.216797,-9497.310547,2.093750
10971,-9514.748047,-9489.413086,25.334961
10972,-11881.296875,-11880.822266,0.474609
10973,-10397.463867,-10395.801758,1.662109
10974,-12003.237305,-12012.728516,9.491211
10975,-10507.804688,-10498.161133,9.643555
10976,-11531.696289,-11543.004883,11.308594
10977,-11936.231445,-11948.662109,12.430664
10978,-11539.930664,-11543.721680,3.791016
10979,-8484.027344,-8452.342773,31.684570
10980,-11470.773438,-11478.259766,7.486328
10981,-10573.181641,-10565.114258,8.067383
10982,-11362.703125,-11373.292969,10.589844
10983,-11380.648438,-11374.704102,5.944336
10984,-11912.667969,-11914.336914,1.668945
10985,-10601.652344,-10599.140625,2.511719
10986,-10390.750977,-10397.474609,6.723633
10987,-9892.789062,-9891.791016,0.998047
10988,-11543.138672,-11543.858398,0.719727
10989,-11474.298828,-11476.549805,2.250977
10990,-12994.171875,-13008.584961,14.413086
10991,-10869.926758,-10878.682617,8.755859
10992,-10545.197266,-10533.752930,11.444336
10993,-11502.745117,-11510.964844,8.219727
10994,-12545.958984,-12553.200195,7.241211
10995,-10847.075195,-10833.949219,13.125977
10996,-11376.082031,-11375.799805,0.282227
10997,-11542.656250,-11544.209961,1.553711
10998,-11490.814453,-11510.855469,20.041016
10999,-10591.246094,-10598.200195,6.954102
11000,-11914.580078,-11949.041992,34.461914
11001,-12928.903320,-12927.669922,1.233398
11002,-12797.239258,-12822.034180,24.794922
11003,-12512.044922,-12521.008789,8.963867
11004,-9287.710938,-9326.879883,39.168945
11005,-10478.726562,-10474.413086,4.313477
11006,-10419.407227,-10397.332031,22.075195
11007,-10535.456055,-10533.185547,2.270508
11008,-9472.561523,-9463.887695,8.673828
11009,-10466.849609,-10473.510742,6.661133
11010,-10943.728516,-10938.152344,5.576172
11011,-10569.433594,-10565.063477,4.370117
11012,-12487.491211,-12487.935547,0.444336
11013,-12551.968750,-12553.821289,1.852539
11014,-11503.874023,-11511.918945,8.044922
11015,-11554.723633,-11576.291992,21.568359
11016,-12394.543945,-12384.686523,9.857422
11017,-10524.228516,-10533.931641,9.703125
11018,-12714.833008,-12791.264648,76.431641
11019,-10444.535156,-10439.648438,4.886719
11020,-9568.355469,-7218.741211,2349.614258
11021,-11790.269531,-11778.999023,11.270508
11022,-11951.792969,-11947.723633,4.069336
11023,-10955.354492,-10938.265625,17.088867
11024,-10965.735352,-10969.431641,3.696289
11025,-10988.952148,-11002.002930,13.050781
11026,-13687.054688,-13764.689453,77.634766
11027,-9629.047852,-9621.729492,7.318359
11028,-10503.585938,-10500.493164,3.092773
11029,-11917.987305,-11917.540039,0.447266
11030,-10568.886719,-10566.205078,2.681641
11031,-11499.541016,-11507.998047,8.457031
11032,-10944.104492,-10937.431641,6.672852
11033,-9831.360352,-9833.166016,1.805664
11034,-11312.370117,-11305.610352,6.759766
11035,-10521.236328,-10533.668945,12.432617
11036,-11479.561523,-11477.555664,2.005859
11037,-9537.821289,-9522.570312,15.250977
11038,-11468.522461,-11477.318359,8.795898
11039,-9482.132812,-9458.721680,23.411133
11040,-12417.814453,-12418.383789,0.569336
11041,-11191.252930,-11205.933594,14.680664
11042,-10998.706055,-11001.356445,2.650391
11043,-12301.703125,-12319.563477,17.860352
11044,-11946.235352,-11949.056641,2.821289
11045,-10789.061523,-10770.175781,18.885742
11046,-8913.153320,-8923.709961,10.556641
11047,-11511.706055,-11508.744141,2.961914
11048,-11479.967773,-11477.468750,2.499023
11049,-10520.468750,-10500.738281,19.730469
11050,-9885.847656,-9900.945312,15.097656
11051,-12751.877930,-12789.125977,37.248047
11052,-10543.245117,-10531.850586,11.394531
11053,-11377.843750,-11374.373047,3.470703
11054,-11510.938477,-11507.706055,3.232422
11055,-10802.708008,-10799.363281,3.344727
11056,-12945.320312,-12958.025391,12.705078
11057,-10927.759766,-10937.611328,9.851562
11058,-13280.539062,-13332.416016,51.876953
11059,-11913.583984,-11915.948242,2.364258
11060,-11365.488281,-11376.104492,10.616211
11061,-11411.603516,-11407.024414,4.579102
11062,-10499.559570,-10500.432617,0.873047
11063,-9500.951172,-9496.878906,4.072266
11064,-10784.434570,-10775.934570,8.500000
11065,-10953.817383,-10969.682617,15.865234
11066,-10992.833008,-11003.358398,10.525391
11067,-10538.500000,-10532.221680,6.278320
11068,-9878.928711,-9837.384766,41.543945
11069,-10423.984375,-10397.568359,26.416016
11070,-12715.914062,-12789.249023,73.334961
11071,-10351.598633,-10362.601562,11.002930
11072,-11437.448242,-11437.897461,0.449219
11073,-10601.221680,-10598.456055,2.765625
11074,-11953.459961,-11947.977539,5.482422
11075,-10484.246094,-10468.228516,16.017578
11076,-10308.204102,-10307.174805,1.029297
11077,-11521.759766,-11542.760742,21.000977
11078,-10539.568359,-10532.518555,7.049805
11079,-9651.612305,-9620.958008,30.654297
11080,-11852.898438,-11851.512695,1.385742
11081,-11249.028320,-11239.009766,10.018555
11082,-11500.606445,-11510.890625,10.284180
11083,-13257.410156,-13297.908203,40.498047
11084,-10528.697266,-10531.846680,3.149414
11085,-12935.051758,-12927.261719,7.790039
11086,-11481.250000,-11475.884766,5.365234
11087,-10963.557617,-10970.495117,6.937500
11088,-11945.816406,-11948.313477,2.497070
11089,-11537.358398,-11544.172852,6.814453
11090,-10861.975586,-10845.271484,16.704102
11091,-11340.608398,-11342.105469,1.497070
11092,-10939.204102,-10936.953125,2.250977
11093,-12850.383789,-12894.500000,44.116211
11094,-11427.061523,-11440.353516,13.291992
11095,-9851.703125,-9866.952148,15.249023
11096,-12519.688477,-12521.590820,1.902344
11097,-10824.753906,-10835.083008,10.329102
11098,-9599.812500,-9587.597656,12.214844
11099,-12393.552734,-12386.187500,7.365234
11100,-11362.371094,-11318.628906,43.742188
11101,-10514.708984,-10498.546875,16.162109
11102,-10937.509766,-10936.816406,0.693359
11103,-11358.267578,-11341.883789,16.383789
11104,-11511.879883,-11510.524414,1.355469
11105,-11922.293945,-11914.795898,7.498047
11106,-12373.115234,-12385.857422,12.742188
11107,-8937.550781,-8862.739258,74.811523
11108,-11504.738281,-11511.907227,7.168945
11109,-12376.513672,-12384.367188,7.853516
11110,-11912.703125,-11912.466797,0.236328
11111,-10549.180664,-10534.136719,15.043945
11112,-12370.660156,-12354.078125,16.582031
11113,-7907.026367,-7853.980957,53.045410
11114,-10493.041992,-10507.814453,14.772461
11115,-11541.391602,-11543.734375,2.342773
11116,-10933.605469,-10936.951172,3.345703
11117,-11955.599609,-11948.623047,6.976562
11118,-11886.238281,-11884.113281,2.125000
11119,-15126.011719,-15292.879883,166.868164
11120,-10568.269531,-10565.396484,2.873047
11121,-12997.035156,-13007.275391,10.240234
11122,-11005.582031,-11002.591797,2.990234
11123,-11533.882812,-11542.843750,8.960938
11124,-11991.697266,-12013.821289,22.124023
11125,-11945.874023,-11948.450195,2.576172
11126,-11039.038086,-11036.599609,2.438477
11127,-12005.850586,-12013.315430,7.464844
11128,-11944.516602,-11947.931641,3.415039
11129,-11539.939453,-11543.168945,3.229492
11130,-11467.854492,-11476.096680,8.242188
11131,-11363.089844,-11374.305664,11.215820
11132,-11951.485352,-11947.390625,4.094727
11133,-11941.208984,-11948.652344,7.443359
11134,-10904.970703,-10903.194336,1.776367
11135,-11539.634766,-11543.796875,4.162109
11136,-9991.729492,-9959.811523,31.917969
11137,-11466.638672,-11474.180664,7.541992
11138,-12012.994141,-12014.111328,1.117188
11139,-12390.726562,-12386.357422,4.369141
11140,-9973.898438,-9957.033203,16.865234
11141,-11548.579102,-11543.509766,5.069336
11142,-11811.578125,-11814.070312,2.492188
11143,-10574.385742,-10565.365234,9.020508
11144,-11538.170898,-11543.849609,5.678711
11145,-10592.610352,-10599.296875,6.686523
11146,-11924.043945,-11913.028320,11.015625
11147,-11409.249023,-11408.794922,0.454102
11148,-12383.231445,-12353.386719,29.844727
11149,-11263.482422,-11271.004883,7.522461
11150,-10943.762695,-10938.569336,5.193359
11151,-13875.447266,-13985.388672,109.941406
11152,-12430.917969,-12478.051758,47.133789
11153,-11368.844727,-11374.328125,5.483398
11154,-11545.326172,-11543.930664,1.395508
11155,-9955.282227,-9959.151367,3.869141
11156,-11203.272461,-11206.149414,2.876953
11157,-10559.696289,-10566.557617,6.861328
11158,-10876.592773,-10874.745117,1.847656
11159,-10948.697266,-10933.984375,14.712891
11160,-11950.924805,-11949.877930,1.046875
11161,-10982.062500,-10971.107422,10.955078
11162,-10966.173828,-10968.150391,1.976562
11163,-11535.346680,-11544.564453,9.217773
11164,-12771.046875,-12757.321289,13.725586
11165,-9855.114258,-9834.042969,21.071289
11166,-11912.294922,-11915.268555,2.973633
11167,-9893.393555,-9866.330078,27.063477
11168,-11508.838867,-11510.607422,1.768555
11169,-11389.925781,-11408.325195,18.399414
11170,-11383.161133,-11374.036133,9.125000
11171,-10370.611328,-10363.592773,7.018555
11172,-12808.593750,-12821.705078,13.111328
11173,-12448.485352,-12454.748047,6.262695
11174,-9958.098633,-9924.458984,33.639648
11175,-12585.155273,-12586.973633,1.818359
11176,-12936.226562,-12926.330078,9.896484
11177,-10900.975586,-10906.441406,5.465820
11178,-10935.082031,-10936.955078,1.873047
11179,-12420.489258,-12417.520508,2.968750
11180,-10535.000977,-10532.478516,2.522461
11181,-11354.151367,-11340.035156,14.116211
11182,-11785.272461,-11857.370117,72.097656
11183,-10968.738281,-10968.494141,0.244141
11184,-11570.886719,-11575.968750,5.082031
11185,-11850.742188,-11844.373047,6.369141
11186,-11956.093750,-11949.384766,6.708984
11187,-10539.362305,-10532.316406,7.045898
11188,-10860.999023,-10844.904297,16.094727
11189,-9973.621094,-9957.868164,15.752930
11190,-12519.551758,-12520.214844,0.663086
11191,-10493.925781,-10500.807617,6.881836
11192,-11978.550781,-11979.333984,0.783203
11193,-11373.581055,-11373.625977,0.044922
11194,-11166.616211,-11271.660156,105.043945
11195,-12779.798828,-12788.847656,9.048828
11196,-10971.631836,-10788.506836,183.125000
11197,-11378.392578,-11374.393555,3.999023
11198,-10817.367188,-10834.500977,17.133789
11199,-11569.847656,-11576.820312,6.972656
11200,-9854.382812,-9868.115234,13.732422
11201,-10992.304688,-11001.347656,9.042969
11202,-11013.134766,-11003.961914,9.172852
11203,-11540.088867,-11543.599609,3.510742
11204,-10972.362305,-10970.049805,2.312500
11205,-10939.217773,-10943.320312,4.102539
11206,-11413.591797,-11406.564453,7.027344
11207,-10941.041016,-10935.993164,5.047852
11208,-11979.409180,-11980.872070,1.462891
11209,-11296.644531,-11307.875000,11.230469
11210,-7455.697266,-7391.153809,64.543457
11211,-11548.334961,-11543.768555,4.566406
11212,-11372.418945,-11373.728516,1.309570
11213,-11536.174805,-11544.196289,8.021484
11214,-11478.629883,-11476.718750,1.911133
11215,-12296.171875,-12287.316406,8.855469
11216,-10972.770508,-10968.816406,3.954102
11217,-11955.822266,-11946.802734,9.019531
11218,-10995.488281,-11003.952148,8.463867
11219,-12390.259766,-12385.723633,4.536133
11220,-12518.554688,-12521.525391,2.970703
11221,-12522.910156,-12521.756836,1.153320
11222,-11551.113281,-11526.666992,24.446289
11223,-11539.154297,-11543.819336,4.665039
11224,-9274.687500,-9292.661133,17.973633
11225,-11948.573242,-11947.783203,0.790039
11226,-9542.434570,-9555.662109,13.227539
11227,-10971.798828,-10970.517578,1.281250
11228,-10552.035156,-10539.981445,12.053711
11229,-12513.419922,-12521.335938,7.916016
11230,-11413.624023,-11408.073242,5.550781
11231,-10899.788086,-10903.053711,3.265625
11232,-11478.469727,-11478.738281,0.268555
11233,-12968.992188,-12957.533203,11.458984
11234,-8495.224609,-8485.381836,9.842773
11235,-10349.750000,-10395.169922,45.419922
11236,-10710.510742,-10743.523438,33.012695
11237,-11827.708984,-11813.164062,14.544922
11238,-10974.775391,-10971.426758,3.348633
11239,-12489.078125,-12489.105469,0.027344
11240,-12970.834961,-12990.287109,19.452148
11241,-10570.881836,-10565.977539,4.904297
11242,-10929.930664,-10936.076172,6.145508
11243,-12649.335938,-12651.794922,2.458984
11244,-11510.527344,-11509.238281,1.289062
11245,-10457.596680,-10441.091797,16.504883
11246,-9501.557617,-9490.507812,11.049805
11247,-10440.444336,-10441.366211,0.921875
11248,-10852.202148,-10832.362305,19.839844
11249,-11419.387695,-11406.536133,12.851562
11250,-11977.941406,-11979.341797,1.400391
11251,-11567.440430,-11575.891602,8.451172
11252,-8835.734375,-8833.031250,2.703125
11253,-11475.809570,-11478.756836,2.947266
11254,-11020.916992,-10821.072266,199.844727
11255,-11438.529297,-11440.822266,2.292969
11256,-11891.317383,-11947.624023,56.306641
11257,-9494.896484,-9495.863281,0.966797
11258,-11502.816406,-11510.452148,7.635742
11259,-10998.550781,-11002.892578,4.341797
11260,-11515.587891,-11511.684570,3.903320
11261,-10932.041016,-10936.004883,3.963867
11262,-11912.933594,-11913.467773,0.534180
11263,-11858.418945,-11844.463867,13.955078
11264,-11976.646484,-11978.926758,2.280273
11265,-10384.330078,-10364.909180,19.420898
11266,-12259.000000,-12281.178711,22.178711
11267,-10537.430664,-10532.863281,4.567383
11268,-10549.588867,-10532.250977,17.337891
11269,-11501.152344,-11510.181641,9.029297
11270,-10535.867188,-10531.804688,4.062500
11271,-13355.997070,-13332.410156,23.586914
11272,-11828.954102,-11812.359375,16.594727
11273,-10939.244141,-10936.647461,2.596680
11274,-5900.969727,-6186.184082,285.214355
11275,-5412.211914,-5657.703613,245.491699
11276,-9481.263672,-9463.237305,18.026367
11277,-12472.374023,-12490.294922,17.920898
11278,-10327.694336,-10376.899414,49.205078
11279,-10887.801758,-10878.427734,9.374023
11280,-9303.298828,-9327.822266,24.523438
11281,-10899.267578,-10904.970703,5.703125
11282,-10922.471680,-10936.085938,13.614258
11283,-12545.953125,-12554.713867,8.760742
11284,-11682.168945,-11754.008789,71.839844
11285,-12360.820312,-12352.921875,7.898438
11286,-11541.173828,-11543.740234,2.566406
11287,-10964.773438,-10971.702148,6.928711
11288,-10579.344727,-10565.326172,14.018555
11289,-11990.263672,-11979.830078,10.433594
11290,-11851.666016,-11845.461914,6.204102
11291,-11543.533203,-11542.476562,1.056641
11292,-10975.076172,-10967.893555,7.182617
11293,-11672.712891,-11676.706055,3.993164
11294,-11355.271484,-11342.935547,12.335938
11295,-11433.466797,-11443.447266,9.980469
11296,-11375.924805,-11375.116211,0.808594
11297,-10940.191406,-10937.671875,2.519531
11298,-9797.584961,-9829.847656,32.262695
11299,-10504.556641,-10497.320312,7.236328
11300,-11491.153320,-11476.166992,14.986328
11301,-10938.506836,-10937.679688,0.827148
11302,-10394.379883,-10398.352539,3.972656
11303,-12359.593750,-12352.598633,6.995117
11304,-7448.796875,-7416.478516,32.318359
11305,-12488.040039,-12488.372070,0.332031
11306,-9927.469727,-9928.425781,0.956055
11307,-11751.812500,-11779.720703,27.908203
11308,-11564.158203,-11575.658203,11.500000
11309,-10509.039062,-10499.020508,10.018555
11310,-11542.759766,-11543.355469,0.595703
11311,-10938.504883,-10936.336914,2.167969
11312,-9974.365234,-9958.981445,15.383789
11313,-11943.685547,-11948.162109,4.476562
11314,-13573.734375,-13917.038086,343.303711
11315,-10972.217773,-10971.791016,0.426758
11316,-9317.792969,-9293.514648,24.278320
11317,-9772.529297,-9797.665039,25.135742
11318,-8833.749023,-8801.190430,32.558594
11319,-11952.837891,-11947.973633,4.864258
11320,-12924.509766,-12925.727539,1.217773
11321,-11576.245117,-11576.719727,0.474609
11322,-12806.992188,-12821.647461,14.655273
11323,-9981.427734,-9957.607422,23.820312
11324,-11934.655273,-11945.069336,10.414062
11325,-10529.926758,-10531.724609,1.797852
11326,-10474.601562,-10475.231445,0.629883
11327,-11902.188477,-11915.988281,13.799805
11328,-10504.842773,-10500.542969,4.299805
11329,-11400.413086,-11408.612305,8.199219
11330,-12515.115234,-12520.331055,5.215820
11331,-10976.779297,-10969.835938,6.943359
11332,-12451.256836,-12458.097656,6.840820
11333,-12892.441406,-12894.843750,2.402344
11334,-12495.126953,-12489.216797,5.910156
11335,-12304.911133,-12319.546875,14.635742
11336,-12351.861328,-12351.809570,0.051758
11337,-11778.948242,-11777.774414,1.173828
11338,-11402.029297,-11408.097656,6.068359
11339,-9559.524414,-9562.362305,2.837891
11340,-11506.942383,-11510.837891,3.895508
11341,-11520.972656,-11510.134766,10.837891
11342,-12341.234375,-12386.537109,45.302734
11343,-12210.826172,-12250.883789,40.057617
11344,-11907.673828,-11916.653320,8.979492
11345,-12899.557617,-12926.154297,26.596680
11346,-12455.577148,-12457.458008,1.880859
11347,-11346.583008,-11340.663086,5.919922
11348,-11917.025391,-11914.454102,2.571289
11349,-11513.262695,-11510.193359,3.069336
11350,-13404.291016,-13532.564453,128.273438
11351,-12544.483398,-12553.269531,8.786133
11352,-11921.968750,-11913.522461,8.446289
11353,-10973.471680,-10969.497070,3.974609
11354,-11374.745117,-11341.748047,32.997070
11355,-11330.146484,-11340.565430,10.418945
11356,-10861.958008,-10833.293945,28.664062
11357,-10611.056641,-10599.267578,11.789062
11358,-11514.233398,-11510.359375,3.874023
11359,-11924.422852,-11917.280273,7.142578
11360,-11549.489258,-11544.203125,5.286133
11361,-12416.158203,-12418.446289,2.288086
11362,-10531.458008,-10533.672852,2.214844
11363,-11931.273438,-11947.423828,16.150391
11364,-10351.325195,-10340.020508,11.304688
11365,-11414.055664,-11406.715820,7.339844
11366,-9463.446289,-9464.322266,0.875977
11367,-10975.225586,-10970.388672,4.836914
11368,-9919.669922,-9925.799805,6.129883
11369,-12477.667969,-12489.960938,12.292969
11370,-8622.152344,-8728.833008,106.680664
11371,-13244.287109,-13363.977539,119.690430
11372,-10906.883789,-10902.299805,4.583984
11373,-11953.199219,-11947.113281,6.085938
11374,-9756.998047,-9798.023438,41.025391
11375,-11513.256836,-11511.579102,1.677734
11376,-11539.028320,-11544.704102,5.675781
11377,-10185.981445,-10169.650391,16.331055
11378,-11512.482422,-11511.524414,0.958008
11379,-10604.118164,-10598.079102,6.039062
11380,-11957.766602,-11947.653320,10.113281
11381,-11808.970703,-11812.099609,3.128906
11382,-11941.506836,-11947.246094,5.739258
11383,-10567.214844,-10565.330078,1.884766
11384,-12478.526367,-12488.865234,10.338867
11385,-9960.758789,-9957.613281,3.145508
11386,-10696.479492,-10710.282227,13.802734
11387,-11519.426758,-11512.108398,7.318359
11388,-10548.368164,-10532.152344,16.215820
11389,-10546.567383,-10531.085938,15.481445
11390,-11436.852539,-11440.172852,3.320312
11391,-11514.417969,-11509.713867,4.704102
11392,-11874.092773,-11883.264648,9.171875
11393,-11468.452148,-11478.995117,10.542969
11394,-9906.250977,-9901.451172,4.799805
11395,-10970.675781,-10969.410156,1.265625
11396,-10364.852539,-10362.493164,2.359375
11397,-11641.803711,-11674.958984,33.155273
11398,-11881.333008,-11882.339844,1.006836
11399,-10740.579102,-10201.158203,539.420898
11400,-9479.834961,-9465.722656,14.112305
11401,-9526.947266,-9437.842773,89.104492
11402,-10966.970703,-10969.761719,2.791016
11403,-10941.264648,-10936.143555,5.121094
11404,-10843.557617,-10832.230469,11.327148
11405,-10899.307617,-10905.752930,6.445312
11406,-9966.130859,-9957.032227,9.098633
11407,-10890.359375,-10879.294922,11.064453
11408,-10929.720703,-10937.306641,7.585938
11409,-7842.912598,-8096.875488,253.962891
11410,-11509.912109,-11512.842773,2.930664
11411,-10974.262695,-10970.555664,3.707031
11412,-11267.089844,-11318.035156,50.945312
11413,-9232.545898,-9372.539062,139.993164
11414,-11577.010742,-11575.607422,1.403320
11415,-10936.717773,-10911.530273,25.187500
11416,-10472.712891,-10466.726562,5.986328
11417,-11943.570312,-11948.279297,4.708984
11418,-11942.394531,-11947.201172,4.806641
11419,-10594.890625,-10598.296875,3.406250
11420,-10970.388672,-10969.986328,0.402344
11421,-9915.894531,-9902.333984,13.560547
11422,-11951.722656,-11948.468750,3.253906
11423,-10844.674805,-10846.799805,2.125000
11424,-10558.658203,-10565.494141,6.835938
11425,-11958.580078,-11946.935547,11.644531
11426,-12742.593750,-12756.298828,13.705078
11427,-9454.825195,-9463.825195,9.000000
11428,-11978.794922,-11981.147461,2.352539
11429,-11533.847656,-11544.254883,10.407227
11430,-9453.676758,-9371.183594,82.493164
11431,-11172.565430,-11181.912109,9.346680
11432,-10507.284180,-10500.518555,6.765625
11433,-9548.488281,-9554.426758,5.938477
11434,-11000.913086,-11002.265625,1.352539
11435,-12913.055664,-12925.268555,12.212891
11436,-9639.272461,-9620.833008,18.439453
11437,-11817.952148,-11852.022461,34.070312
11438,-12515.157227,-12522.496094,7.338867
11439,-10537.774414,-10531.867188,5.907227
11440,-9721.046875,-9732.040039,10.993164
11441,-12852.697266,-12861.496094,8.798828
11442,-11503.960938,-11510.305664,6.344727
11443,-10940.545898,-10936.396484,4.149414
11444,-11513.831055,-11511.618164,2.212891
11445,-12456.850586,-12455.536133,1.314453
11446,-11915.669922,-11915.041016,0.628906
11447,-9910.152344,-9901.344727,8.807617
11448,-9507.755859,-9497.298828,10.457031
11449,-11514.458008,-11512.021484,2.436523
11450,-9481.347656,-9464.064453,17.283203
11451,-11970.138672,-11979.420898,9.282227
11452,-11920.230469,-11913.309570,6.920898
11453,-11451.097656,-11544.296875,93.199219
11454,-11508.166016,-11510.547852,2.381836
11455,-10903.296875,-10902.995117,0.301758
11456,-11517.443359,-11508.622070,8.821289
11457,-10420.659180,-10430.782227,10.123047
11458,-11807.467773,-11811.704102,4.236328
11459,-11969.160156,-11981.062500,11.902344
11460,-10976.384766,-10970.530273,5.854492
11461,-12907.175781,-12893.643555,13.532227
11462,-11943.616211,-12012.612305,68.996094
11463,-10802.210938,-10769.374023,32.836914
11464,-12391.409180,-12386.445312,4.963867
11465,-10973.233398,-10968.763672,4.469727
11466,-11328.412109,-11340.083008,11.670898
11467,-11943.546875,-11945.928711,2.381836
11468,-11807.224609,-11779.411133,27.813477
11469,-11513.116211,-11509.202148,3.914062
11470,-11952.213867,-11948.725586,3.488281
11471,-11573.441406,-11577.064453,3.623047
11472,-12487.936523,-12486.893555,1.042969
11473,-9924.703125,-9924.603516,0.099609
11474,-11540.688477,-11541.763672,1.075195
11475,-11954.579102,-11948.175781,6.403320
11476,-10507.345703,-10474.795898,32.549805
11477,-10439.151367,-10435.036133,4.115234
11478,-10892.602539,-10911.659180,19.056641
11479,-12393.376953,-12383.720703,9.656250
11480,-10963.263672,-10970.194336,6.930664
11481,-12790.559570,-12790.383789,0.175781
11482,-10948.888672,-10938.341797,10.546875
11483,-9100.645508,-8289.783203,810.862305
11484,-10926.128906,-10905.802734,20.326172
11485,-11916.658203,-11915.430664,1.227539
11486,-11795.105469,-11811.139648,16.034180
11487,-12304.667969,-12319.814453,15.146484
11488,-11003.289062,-11001.655273,1.633789
11489,-9937.390625,-9925.702148,11.688477
11490,-11514.606445,-11512.407227,2.199219
11491,-11414.291992,-11407.443359,6.848633
11492,-9962.602539,-9960.859375,1.743164
11493,-9310.363281,-9294.740234,15.623047
11494,-9061.685547,-9165.410156,103.724609
11495,-10563.483398,-10565.479492,1.996094
11496,-12531.345703,-12522.102539,9.243164
11497,-10530.591797,-10532.557617,1.965820
11498,-10945.301758,-10937.893555,7.408203
11499,-11923.705078,-11882.222656,41.482422
11500,-12539.217773,-12554.446289,15.228516
11501,-9998.529297,-9991.160156,7.369141
11502,-10343.519531,-10330.131836,13.387695
11503,-12982.273438,-12957.363281,24.910156
11504,-11359.959961,-11342.164062,17.795898
11505,-10971.580078,-10968.859375,2.720703
11506,-8674.423828,-8551.744141,122.679688
11507,-12821.448242,-12823.972656,2.524414
11508,-10569.822266,-10565.565430,4.256836
11509,-11515.693359,-11510.047852,5.645508
11510,-9522.162109,-9496.800781,25.361328
11511,-11494.846680,-11478.144531,16.702148
11512,-9468.548828,-9463.347656,5.201172
11513,-11538.280273,-11542.966797,4.686523
11514,-10978.976562,-10968.887695,10.088867
11515,-11516.934570,-11511.791016,5.143555
11516,-11942.885742,-11946.732422,3.846680
11517,-12909.618164,-12926.009766,16.391602
11518,-10594.896484,-10598.360352,3.463867
11519,-10538.090820,-10533.881836,4.208984
11520,-10953.539062,-10938.471680,15.067383
11521,-11475.015625,-11476.304688,1.289062
11522,-10535.361328,-10532.540039,2.821289
11523,-10501.455078,-10498.621094,2.833984
11524,-11945.234375,-11945.300781,0.066406
11525,-10941.853516,-10936.094727,5.758789
11526,-11536.340820,-11543.998047,7.657227
11527,-11387.465820,-11437.783203,50.317383
11528,-10900.826172,-10903.716797,2.890625
11529,-8496.962891,-8493.503906,3.458984
11530,-10028.916016,-10023.952148,4.963867
11531,-12430.767578,-12457.040039,26.272461
11532,-11328.055664,-11313.196289,14.859375
11533,-9413.723633,-9438.633789,24.910156
11534,-10546.687500,-10533.098633,13.588867
11535,-10574.741211,-10565.423828,9.317383
11536,-11411.419922,-11407.717773,3.702148
11537,-11948.482422,-11947.852539,0.629883
11538,-10861.585938,-10832.666992,28.918945
11539,-11882.185547,-11883.615234,1.429688
11540,-12484.062500,-12489.849609,5.787109
11541,-12187.835938,-12217.035156,29.199219
11542,-10545.200195,-10533.025391,12.174805
11543,-11382.034180,-11373.654297,8.379883
11544,-12343.320312,-12355.072266,11.751953
11545,-12558.873047,-12553.375000,5.498047
11546,-10888.340820,-10901.801758,13.460938
11547,-11523.116211,-11509.584961,13.531250
11548,-10417.809570,-10394.625977,23.183594
11549,-12256.794922,-12214.744141,42.050781
11550,-9545.677734,-9522.763672,22.914062
11551,-9974.919922,-9966.091797,8.828125
11552,-11800.067383,-11812.979492,12.912109
11553,-12561.619141,-12554.302734,7.316406
11554,-7846.236816,-7853.957520,7.720703
11555,-10383.407227,-10363.278320,20.128906
11556,-10516.549805,-10507.136719,9.413086
11557,-12418.574219,-12417.190430,1.383789
11558,-9459.795898,-9463.964844,4.168945
11559,-10967.533203,-10970.621094,3.087891
11560,-10355.246094,-10338.015625,17.230469
11561,-12619.039062,-12650.637695,31.598633
11562,-11411.791992,-11407.787109,4.004883
11563,-7412.774902,-7300.342773,112.432129
11564,-13914.275391,-13905.083008,9.192383
11565,-10416.294922,-10393.895508,22.399414
11566,-11546.265625,-11542.547852,3.717773
11567,-11549.337891,-11544.226562,5.111328
11568,-11382.329102,-11373.219727,9.109375
11569,-12881.152344,-12893.643555,12.491211
11570,-10498.503906,-10498.803711,0.299805
11571,-10451.336914,-10442.240234,9.096680
11572,-9948.264648,-9926.657227,21.607422
11573,-11458.376953,-11445.215820,13.161133
11574,-11384.988281,-11373.651367,11.336914
11575,-11481.205078,-11478.416016,2.789062
11576,-11949.062500,-11948.012695,1.049805
11577,-11911.456055,-11913.112305,1.656250
11578,-10935.392578,-10936.000977,0.608398
11579,-11521.732422,-11509.621094,12.111328
11580,-11478.618164,-11478.003906,0.614258
11581,-11513.361328,-11511.316406,2.044922
11582,-11415.939453,-11408.409180,7.530273
11583,-12964.433594,-12958.263672,6.169922
11584,-10975.661133,-10969.241211,6.419922
11585,-8872.075195,-8864.625000,7.450195
11586,-11531.274414,-11544.493164,13.218750
11587,-11783.855469,-11754.071289,29.784180
11588,-11949.156250,-11949.201172,0.044922
11589,-11424.344727,-11407.143555,17.201172
11590,-11931.528320,-11949.871094,18.342773
11591,-12347.253906,-12353.485352,6.231445
11592,-11947.150391,-11947.501953,0.351562
11593,-9907.137695,-9899.001953,8.135742
11594,-11390.306641,-11375.233398,15.073242
11595,-10530.454102,-10533.508789,3.054688
11596,-12876.294922,-12894.051758,17.756836
11597,-9067.509766,-8551.909180,515.600586
11598,-10978.376953,-10971.301758,7.075195
11599,-11400.678711,-11407.465820,6.787109
11600,-11507.372070,-11510.210938,2.838867
11601,-11954.005859,-11946.625000,7.380859
11602,-10543.792969,-10533.024414,10.768555
11603,-7436.450195,-7325.831055,110.619141
11604,-11534.473633,-11543.765625,9.291992
11605,-11549.646484,-11543.218750,6.427734
11606,-11879.406250,-11884.197266,4.791016
11607,-11397.418945,-11373.701172,23.717773
11608,-10357.546875,-10338.436523,19.110352
11609,-10381.916016,-10404.737305,22.821289
11610,-9563.473633,-9589.001953,25.528320
11611,-11458.484375,-11446.611328,11.873047
11612,-11478.002930,-11477.845703,0.157227
11613,-12509.941406,-12522.137695,12.196289
11614,-12405.872070,-12385.117188,20.754883
11615,-11822.268555,-11811.626953,10.641602
11616,-10534.892578,-10529.786133,5.106445
11617,-9589.605469,-9556.360352,33.245117
11618,-10889.696289,-10879.586914,10.109375
11619,-10490.873047,-10498.860352,7.987305
11620,-13198.960938,-13225.307617,26.346680
11621,-10947.696289,-10938.023438,9.672852
11622,-11425.924805,-11407.277344,18.647461
11623,-9525.927734,-9521.810547,4.117188
11624,-11000.686523,-11001.608398,0.921875
11625,-11489.565430,-11478.754883,10.810547
11626,-10976.598633,-10969.217773,7.380859
11627,-11538.277344,-11542.904297,4.626953
11628,-9437.328125,-9430.439453,6.888672
11629,-11992.995117,-11980.433594,12.561523
11630,-11430.781250,-11406.879883,23.901367
11631,-10997.621094,-11003.410156,5.789062
11632,-10406.072266,-10398.000977,8.071289
11633,-9542.908203,-9554.639648,11.731445
11634,-11527.158203,-11542.761719,15.603516
11635,-11923.898438,-11913.832031,10.066406
11636,-11407.580078,-11407.648438,0.068359
11637,-10507.657227,-10498.755859,8.901367
11638,-12485.588867,-12489.638672,4.049805
11639,-10396.990234,-10392.699219,4.291016
11640,-11684.693359,-11708.939453,24.246094
11641,-10920.325195,-10911.096680,9.228516
11642,-11534.673828,-11543.382812,8.708984
11643,-9346.900391,-9360.134766,13.234375
11644,-11346.579102,-11340.518555,6.060547
11645,-12278.499023,-12353.938477,75.439453
11646,-11456.440430,-11441.041992,15.398438
11647,-11508.298828,-11509.205078,0.906250
11648,-10857.598633,-10879.188477,21.589844
11649,-9966.543945,-9958.743164,7.800781
11650,-10945.538086,-10934.912109,10.625977
11651,-10999.583984,-11002.069336,2.485352
11652,-9517.149414,-9521.470703,4.321289
11653,-10934.809570,-10938.426758,3.617188
11654,-11367.389648,-11342.991211,24.398438
11655,-11570.807617,-11575.773438,4.965820
11656,-11881.688477,-11882.460938,0.772461
11657,-12676.064453,-12757.434570,81.370117
11658,-11528.542969,-11511.011719,17.531250
11659,-11012.673828,-11001.977539,10.696289
11660,-11838.415039,-11811.746094,26.668945
11661,-12201.583008,-12249.502930,47.919922
11662,-11912.083008,-11913.312500,1.229492
11663,-11267.963867,-11270.666016,2.702148
11664,-10865.726562,-10866.913086,1.186523
11665,-10941.487305,-10937.768555,3.718750
11666,-11942.942383,-11947.580078,4.637695
11667,-11482.560547,-11478.459961,4.100586
11668,-10500.291016,-10507.804688,7.513672
11669,-11476.715820,-11477.734375,1.018555
11670,-10834.240234,-10833.260742,0.979492
11671,-8874.395508,-8890.784180,16.388672
11672,-11532.126953,-11544.371094,12.244141
11673,-10875.624023,-10870.154297,5.469727
11674,-11929.775391,-11912.645508,17.129883
11675,-8934.637695,-8924.729492,9.908203
11676,-12473.947266,-12489.859375,15.912109
11677,-11815.588867,-11778.814453,36.774414
11678,-12493.931641,-12488.112305,5.819336
11679,-11947.776367,-11947.667969,0.108398
11680,-12511.859375,-12521.100586,9.241211
11681,-11609.219727,-11608.943359,0.276367
11682,-10966.685547,-10969.082031,2.396484
11683,-10966.521484,-10970.421875,3.900391
11684,-10489.142578,-10500.372070,11.229492
11685,-11480.478516,-11477.685547,2.792969
11686,-7603.116699,-7659.875488,56.758789
11687,-11944.035156,-11946.325195,2.290039
11688,-11982.716797,-11979.187500,3.529297
11689,-10950.974609,-10937.277344,13.697266
11690,-11981.831055,-11980.972656,0.858398
11691,-9935.231445,-9924.440430,10.791016
11692,-11956.258789,-11963.433594,7.174805
11693,-11808.114258,-11813.456055,5.341797
11694,-10929.078125,-10936.468750,7.390625
11695,-10567.098633,-10565.813477,1.285156
11696,-10962.686523,-10969.680664,6.994141
11697,-11426.658203,-11406.993164,19.665039
11698,-11533.903320,-11542.872070,8.968750
11699,-10506.456055,-10499.952148,6.503906
11700,-15015.793945,-15178.532227,162.738281
11701,-9748.284180,-9766.656250,18.372070
11702,-10909.232422,-10905.365234,3.867188
11703,-12338.301758,-12353.753906,15.452148
11704,-9853.990234,-9833.916992,20.073242
11705,-11985.093750,-11978.851562,6.242188
11706,-11952.419922,-11948.108398,4.311523
11707,-11991.522461,-11979.076172,12.446289
11708,-9701.354492,-9706.739258,5.384766
11709,-11961.275391,-11948.566406,12.708984
11710,-12550.871094,-12554.557617,3.686523
11711,-9557.151367,-9554.491211,2.660156
11712,-12420.220703,-12454.565430,34.344727
11713,-10980.494141,-10970.182617,10.311523
11714,-11833.847656,-11844.883789,11.036133
11715,-11466.901367,-11475.910156,9.008789
11716,-13035.874023,-12991.669922,44.204102
11717,-10934.559570,-10936.607422,2.047852
11718,-10397.048828,-10409.042969,11.994141
11719,-11546.828125,-11517.431641,29.396484
11720,-10475.781250,-10474.348633,1.432617
11721,-8318.433594,-8292.055664,26.377930
11722,-10980.092773,-10970.546875,9.545898
11723,-12489.353516,-12488.119141,1.234375
11724,-10484.553711,-10501.095703,16.541992
11725,-10856.103516,-10879.816406,23.712891
11726,-11510.908203,-11510.539062,0.369141
11727,-12230.506836,-12216.411133,14.095703
11728,-11578.994141,-11575.964844,3.029297
11729,-10461.489258,-10466.719727,5.230469
11730,-10987.352539,-10968.262695,19.089844
11731,-11980.514648,-11981.197266,0.682617
11732,-11520.617188,-11510.351562,10.265625
11733,-10563.019531,-10566.361328,3.341797
11734,-12707.385742,-12716.744141,9.358398
11735,-10940.148438,-10937.146484,3.001953
11736,-12276.518555,-12248.263672,28.254883
11737,-11467.080078,-11478.769531,11.689453
11738,-11888.653320,-11881.628906,7.024414
11739,-12257.367188,-12249.994141,7.373047
11740,-8496.865234,-8486.393555,10.471680
11741,-10498.010742,-10501.334961,3.324219
11742,-11866.651367,-11844.530273,22.121094
11743,-10533.233398,-10531.944336,1.289062
11744,-11509.163086,-11510.309570,1.146484
11745,-10544.430664,-10534.336914,10.093750
11746,-11545.893555,-11543.713867,2.179688
11747,-10977.251953,-10969.289062,7.962891
11748,-12481.406250,-12490.509766,9.103516
11749,-10964.499023,-10970.471680,5.972656
11750,-12490.398438,-12488.691406,1.707031
11751,-11501.214844,-11479.662109,21.552734
11752,-9977.758789,-9990.756836,12.998047
11753,-11476.593750,-11476.647461,0.053711
11754,-11376.198242,-11376.770508,0.572266
11755,-11448.294922,-11407.481445,40.813477
11756,-12993.301758,-13007.973633,14.671875
11757,-11390.930664,-11372.533203,18.397461
11758,-11547.290039,-11543.538086,3.751953
11759,-12015.923828,-11981.203125,34.720703
11760,-12920.388672,-12926.392578,6.003906
11761,-9994.221680,-9992.384766,1.836914
11762,-10368.454102,-10363.423828,5.030273
11763,-10975.014648,-10967.237305,7.777344
11764,-9905.718750,-9901.526367,4.192383
11765,-10926.644531,-10945.501953,18.857422
11766,-10561.514648,-10539.913086,21.601562
11767,-12439.482422,-12455.116211,15.633789
11768,-11537.299805,-11544.580078,7.280273
11769,-10505.492188,-10498.965820,6.526367
11770,-11911.930664,-11913.742188,1.811523
11771,-10979.660156,-10970.830078,8.830078
11772,-11417.710938,-11407.084961,10.625977
11773,-9614.686523,-9621.826172,7.139648
11774,-10528.574219,-10532.996094,4.421875
11775,-10576.816406,-10566.108398,10.708008
11776,-11510.810547,-11509.448242,1.362305
11777,-11923.627930,-11916.635742,6.992188
11778,-11908.405273,-11916.169922,7.764648
11779,-10381.458008,-10363.206055,18.251953
11780,-11499.973633,-11511.032227,11.058594
11781,-11560.720703,-11576.308594,15.587891
11782,-10791.222656,-10801.848633,10.625977
11783,-12488.494141,-12487.753906,0.740234
11784,-11916.338867,-11912.447266,3.891602
11785,-11956.730469,-11949.738281,6.992188
11786,-11918.846680,-11917.322266,1.524414
11787,-9993.489258,-9992.055664,1.433594
11788,-11319.152344,-11316.160156,2.992188
11789,-9553.703125,-9554.766602,1.063477
11790,-10546.225586,-10533.685547,12.540039
11791,-10405.441406,-10442.597656,37.156250
11792,-11921.075195,-11912.677734,8.397461
11793,-10536.453125,-10539.919922,3.466797
11794,-13767.611328,-13881.218750,113.607422
11795,-12797.805664,-12927.506836,129.701172
11796,-11482.919922,-11477.303711,5.616211
11797,-10568.223633,-10564.555664,3.667969
11798,-11520.160156,-11510.106445,10.053711
11799,-10000.531250,-9990.684570,9.846680
11800,-9480.916992,-9496.316406,15.399414
11801,-12339.364258,-12353.945312,14.581055
11802,-11938.791992,-11949.090820,10.298828
11803,-10359.917969,-10300.803711,59.114258
11804,-11322.556641,-11308.535156,14.021484
11805,-10471.721680,-10465.486328,6.235352
11806,-12923.565430,-12960.210938,36.645508
11807,-10497.860352,-10498.342773,0.482422
11808,-12272.990234,-12281.152344,8.162109
11809,-9928.537109,-9932.446289,3.909180
11810,-11949.843750,-11947.972656,1.871094
11811,-11563.583008,-11575.747070,12.164062
11812,-9407.278320,-9523.155273,115.876953
11813,-10811.400391,-10801.092773,10.307617
11814,-10471.199219,-10466.606445,4.592773
11815,-10421.240234,-10429.223633,7.983398
11816,-10372.532227,-10339.802734,32.729492
11817,-11986.593750,-11980.541016,6.052734
11818,-12862.927734,-12927.797852,64.870117
11819,-10950.177734,-10936.669922,13.507812
11820,-12837.692383,-12788.978516,48.713867
11821,-10933.364258,-10934.378906,1.014648
11822,-9559.997070,-9554.659180,5.337891
11823,-11565.843750,-11575.705078,9.861328
11824,-10543.142578,-10534.102539,9.040039
11825,-12971.275391,-12959.333984,11.941406
11826,-13344.816406,-13442.721680,97.905273
11827,-11413.176758,-11407.574219,5.602539
11828,-10966.343750,-10969.588867,3.245117
11829,-12477.408203,-12487.399414,9.991211
11830,-11921.054688,-11916.570312,4.484375
11831,-10526.625977,-10530.901367,4.275391
11832,-12805.469727,-12822.235352,16.765625
11833,-11517.194336,-11511.038086,6.156250
11834,-9888.812500,-9901.612305,12.799805
11835,-11864.573242,-11849.817383,14.755859
11836,-10533.408203,-10532.667969,0.740234
11837,-10503.157227,-10499.622070,3.535156
11838,-10845.740234,-10831.615234,14.125000
11839,-11357.668945,-11375.059570,17.390625
11840,-12367.007812,-12353.076172,13.931641
11841,-11917.694336,-11914.960938,2.733398
11842,-9477.205078,-9462.016602,15.188477
11843,-10388.393555,-10362.899414,25.494141
11844,-11542.974609,-11543.372070,0.397461
11845,-10395.579102,-10397.414062,1.834961
11846,-11971.631836,-11979.123047,7.491211
11847,-9523.365234,-9522.363281,1.001953
11848,-13705.326172,-13766.458008,61.131836
11849,-11307.143555,-11340.213867,33.070312
11850,-11339.363281,-11315.010742,24.352539
11851,-11507.923828,-11510.108398,2.184570
11852,-12419.663086,-12421.625977,1.962891
11853,-11223.408203,-11206.149414,17.258789
11854,-11877.711914,-11881.062500,3.350586
11855,-11548.775391,-11544.015625,4.759766
11856,-9942.841797,-9956.952148,14.110352
11857,-12502.882812,-12523.030273,20.147461
11858,-10944.250000,-10935.493164,8.756836
11859,-10539.295898,-10533.107422,6.188477
11860,-12793.181641,-12788.540039,4.641602
11861,-11368.961914,-11373.467773,4.505859
11862,-11000.274414,-11003.622070,3.347656
11863,-10435.275391,-10427.452148,7.823242
11864,-10536.958984,-10531.928711,5.030273
11865,-12924.183594,-12927.080078,2.896484
11866,-9449.607422,-9461.861328,12.253906
11867,-10568.653320,-10565.903320,2.750000
11868,-11357.240234,-11341.060547,16.179688
11869,-9492.191406,-9464.022461,28.168945
11870,-10501.426758,-10499.555664,1.871094
11871,-10975.457031,-10968.143555,7.313477
11872,-11508.558594,-11511.287109,2.728516
11873,-11955.632812,-11947.941406,7.691406
11874,-12304.977539,-12354.529297,49.551758
11875,-13297.248047,-13330.237305,32.989258
11876,-12391.409180,-12385.563477,5.845703
11877,-11917.636719,-11915.402344,2.234375
11878,-13489.027344,-13498.857422,9.830078
11879,-11945.796875,-11947.551758,1.754883
11880,-11481.444336,-11477.227539,4.216797
11881,-11357.232422,-11342.196289,15.036133
11882,-9920.317383,-9900.588867,19.728516
11883,-12391.417969,-12386.071289,5.346680
11884,-8941.130859,-8923.208984,17.921875
11885,-10848.411133,-10832.419922,15.991211
11886,-10888.999023,-10876.847656,12.151367
11887,-11542.020508,-11543.566406,1.545898
11888,-11508.985352,-11509.321289,0.335938
11889,-10460.869141,-10462.355469,1.486328
11890,-12520.872070,-12520.433594,0.438477
11891,-9640.498047,-9620.732422,19.765625
11892,-11362.013672,-11341.515625,20.498047
11893,-11378.990234,-11375.538086,3.452148
11894,-11884.114258,-11882.220703,1.893555
11895,-12326.410156,-12319.835938,6.574219
11896,-10508.792969,-10498.416992,10.375977
11897,-4555.070801,-5377.769531,822.698730
11898,-12900.519531,-12925.006836,24.487305
11899,-11392.777344,-11408.032227,15.254883
11900,-10527.652344,-10532.170898,4.518555
11901,-11506.157227,-11511.064453,4.907227
11902,-9528.390625,-9521.334961,7.055664
11903,-10576.619141,-10565.340820,11.278320
11904,-12878.592773,-12893.298828,14.706055
11905,-10505.164062,-10499.347656,5.816406
11906,-11905.877930,-11913.947266,8.069336
11907,-12518.901367,-12520.293945,1.392578
11908,-8638.748047,-8517.821289,120.926758
11909,-8609.976562,-8322.085938,287.890625
11910,-12414.525391,-12386.453125,28.072266
11911,-11819.526367,-11812.189453,7.336914
11912,-11946.745117,-11947.506836,0.761719
11913,-11543.770508,-11543.966797,0.196289
11914,-9112.199219,-9166.031250,53.832031
11915,-11507.371094,-11511.538086,4.166992
11916,-9494.172852,-9496.440430,2.267578
11917,-10533.193359,-10532.366211,0.827148
11918,-11951.660156,-11944.900391,6.759766
11919,-9474.761719,-9462.841797,11.919922
11920,-11910.321289,-11914.979492,4.658203
11921,-11475.477539,-11477.516602,2.039062
11922,-11309.076172,-11309.892578,0.816406
11923,-11942.906250,-11948.021484,5.115234
11924,-11551.978516,-11543.889648,8.088867
11925,-11783.431641,-11779.142578,4.289062
11926,-10625.513672,-10631.619141,6.105469
11927,-11503.572266,-11510.623047,7.050781
11928,-11513.643555,-11511.494141,2.149414
11929,-10866.450195,-10866.737305,0.287109
11930,-10348.253906,-10335.699219,12.554688
11931,-11548.164062,-11543.740234,4.423828
11932,-10457.419922,-10441.750000,15.669922
11933,-10572.532227,-10565.074219,7.458008
11934,-11503.353516,-11509.012695,5.659180
11935,-11848.339844,-11844.494141,3.845703
11936,-10530.628906,-10532.176758,1.547852
11937,-11776.375000,-11780.319336,3.944336
11938,-11945.624023,-11948.048828,2.424805
11939,-9873.918945,-9810.604492,63.314453
11940,-11512.521484,-11508.521484,4.000000
11941,-10434.965820,-10429.193359,5.772461
11942,-11516.948242,-11509.365234,7.583008
11943,-12398.673828,-12386.319336,12.354492
11944,-11766.442383,-11780.501953,14.059570
11945,-11332.447266,-11340.668945,8.221680
11946,-9552.888672,-9556.087891,3.199219
11947,-13502.380859,-13532.092773,29.711914
11948,-11242.076172,-11235.425781,6.650391
11949,-11507.670898,-11509.592773,1.921875
11950,-10975.575195,-10971.411133,4.164062
11951,-10938.253906,-10937.441406,0.812500
11952,-13366.393555,-13468.194336,101.800781
11953,-8423.902344,-8395.179688,28.722656
11954,-10448.033203,-10439.444336,8.588867
11955,-8986.154297,-8923.675781,62.478516
11956,-10018.513672,-9991.382812,27.130859
11957,-9961.477539,-9958.960938,2.516602
11958,-10444.943359,-10430.526367,14.416992
11959,-11447.164062,-11443.372070,3.791992
11960,-10859.794922,-10869.705078,9.910156
11961,-10500.833008,-10500.883789,0.050781
11962,-9599.085938,-9588.644531,10.441406
11963,-11939.036133,-11947.421875,8.385742
11964,-11516.981445,-11544.387695,27.406250
11965,-10452.751953,-10441.807617,10.944336
11966,-10508.238281,-10498.625977,9.612305
11967,-11973.931641,-11980.393555,6.461914
11968,-11511.304688,-11511.039062,0.265625
11969,-12521.629883,-12521.151367,0.478516
11970,-10865.987305,-10879.672852,13.685547
11971,-12787.665039,-12822.817383,35.152344
11972,-12380.302734,-12387.839844,7.537109
11973,-11918.235352,-11914.089844,4.145508
11974,-11472.477539,-11475.914062,3.436523
11975,-9979.874023,-9958.532227,21.341797
11976,-10405.336914,-10397.167969,8.168945
11977,-10541.568359,-10534.791992,6.776367
11978,-9927.267578,-9933.741211,6.473633
11979,-11857.191406,-11916.049805,58.858398
11980,-9511.501953,-9529.482422,17.980469
11981,-10944.271484,-10936.958984,7.312500
11982,-12255.906250,-12215.900391,40.005859
11983,-12176.539062,-12260.411133,83.872070
11984,-11502.079102,-11509.945312,7.866211
11985,-10959.847656,-10968.655273,8.807617
11986,-10370.562500,-10364.311523,6.250977
11987,-9574.107422,-9555.462891,18.644531
11988,-10980.374023,-10970.140625,10.233398
11989,-11946.188477,-11948.043945,1.855469
11990,-9467.149414,-9462.936523,4.212891
11991,-12391.826172,-12385.433594,6.392578
11992,-11003.595703,-11002.599609,0.996094
11993,-12379.038086,-12385.135742,6.097656
11994,-11894.091797,-11923.351562,29.259766
11995,-11921.270508,-11916.507812,4.762695
11996,-10563.843750,-10566.371094,2.527344
11997,-10853.710938,-10834.458984,19.251953
11998,-10395.200195,-10338.271484,56.928711
11999,-9281.747070,-9360.518555,78.771484
12000,-10979.319336,-10971.627930,7.691406
12001,-10818.624023,-10799.043945,19.580078
12002,-10570.309570,-10566.074219,4.235352
12003,-10976.199219,-10970.386719,5.812500
12004,-11956.958984,-11947.975586,8.983398
12005,-12906.381836,-12925.832031,19.450195
12006,-12165.324219,-12286.728516,121.404297
12007,-9861.810547,-9868.818359,7.007812
12008,-11041.384766,-11035.824219,5.560547
12009,-11373.050781,-11371.791992,1.258789
12010,-10374.532227,-10415.883789,41.351562
12011,-11372.971680,-11375.976562,3.004883
12012,-10567.423828,-10564.793945,2.629883
12013,-11535.813477,-11543.561523,7.748047
12014,-10532.420898,-10531.724609,0.696289
12015,-11954.911133,-11948.493164,6.417969
12016,-9458.099609,-9496.975586,38.875977
12017,-11544.676758,-11543.391602,1.285156
12018,-11517.248047,-11511.828125,5.419922
12019,-11479.343750,-11451.672852,27.670898
12020,-10531.777344,-10532.741211,0.963867
12021,-11494.198242,-11513.061523,18.863281
12022,-10945.169922,-10937.351562,7.818359
12023,-10536.017578,-10532.748047,3.269531
12024,-11506.710938,-11511.389648,4.678711
12025,-13296.037109,-13363.389648,67.352539
12026,-10444.977539,-10429.109375,15.868164
12027,-10591.363281,-10565.215820,26.147461
12028,-10502.794922,-10501.007812,1.787109
12029,-9379.542969,-9301.929688,77.613281
12030,-10510.312500,-10500.135742,10.176758
12031,-9561.307617,-9562.669922,1.362305
12032,-11371.400391,-11372.868164,1.467773
12033,-10967.856445,-10969.625000,1.768555
12034,-11328.240234,-11342.734375,14.494141
12035,-11480.912109,-11478.386719,2.525391
12036,-10969.781250,-10967.420898,2.360352
12037,-12411.980469,-12417.774414,5.793945
12038,-10526.500000,-10531.986328,5.486328
12039,-10503.929688,-10499.859375,4.070312
12040,-10998.512695,-11002.541016,4.028320
12041,-12542.468750,-12554.254883,11.786133
12042,-11806.351562,-11812.536133,6.184570
12043,-12451.937500,-12455.337891,3.400391
12044,-9954.710938,-9926.305664,28.405273
12045,-11918.221680,-11912.979492,5.242188
12046,-9876.898438,-9889.974609,13.076172
12047,-10972.803711,-10968.153320,4.650391
12048,-11508.841797,-11511.324219,2.482422
12049,-9962.282227,-9956.500977,5.781250
12050,-10537.332031,-10533.287109,4.044922
12051,-11558.343750,-11576.047852,17.704102
12052,-9338.521484,-9325.749023,12.772461
12053,-11532.994141,-11543.657227,10.663086
12054,-12813.543945,-12791.848633,21.695312
12055,-10939.854492,-10936.402344,3.452148
12056,-9999.537109,-9990.863281,8.673828
12057,-11411.837891,-11419.777344,7.939453
12058,-10504.913086,-10501.027344,3.885742
12059,-11476.811523,-11477.099609,0.288086
12060,-11533.807617,-11543.283203,9.475586
12061,-10952.996094,-10934.160156,18.835938
12062,-9518.970703,-9495.842773,23.127930
12063,-10358.914062,-10362.895508,3.981445
12064,-11004.676758,-11001.943359,2.733398
12065,-10571.984375,-10565.379883,6.604492
12066,-11841.749023,-11844.108398,2.359375
12067,-11956.767578,-11946.321289,10.446289
12068,-11412.512695,-11407.567383,4.945312
12069,-9813.804688,-9924.195312,110.390625
12070,-11509.696289,-11510.975586,1.279297
12071,-10966.799805,-10969.079102,2.279297
12072,-9899.037109,-9902.301758,3.264648
12073,-11540.822266,-11542.664062,1.841797
12074,-11960.543945,-11946.875000,13.668945
12075,-9167.583984,-8921.657227,245.926758
12076,-12544.600586,-12555.160156,10.559570
12077,-10511.825195,-10501.585938,10.239258
12078,-10346.339844,-10305.306641,41.033203
12079,-11874.643555,-11914.943359,40.299805
12080,-11924.485352,-11916.783203,7.702148
12081,-10948.741211,-10938.039062,10.702148
12082,-8628.736328,-8585.040039,43.696289
12083,-13291.896484,-13332.839844,40.943359
12084,-9981.034180,-9961.256836,19.777344
12085,-9879.863281,-9868.907227,10.956055
12086,-11539.820312,-11543.691406,3.871094
12087,-12350.308594,-12352.953125,2.644531
12088,-10983.227539,-10970.111328,13.116211
12089,-13300.416992,-13364.224609,63.807617
12090,-10975.498047,-10968.824219,6.673828
12091,-11437.808594,-11446.186523,8.377930
12092,-8838.496094,-8695.692383,142.803711
12093,-10571.287109,-10566.725586,4.561523
12094,-12052.562500,-11937.886719,114.675781
12095,-7986.244141,-7383.439453,602.804688
12096,-9515.526367,-9522.218750,6.692383
12097,-10948.818359,-10936.403320,12.415039
12098,-11908.607422,-11913.423828,4.816406
12099,-9964.972656,-9957.968750,7.003906
12100,-10950.494141,-10937.362305,13.131836
12101,-10864.260742,-10870.254883,5.994141
12102,-11948.549805,-11945.358398,3.191406
12103,-11886.263672,-11883.898438,2.365234
12104,-11759.680664,-11777.142578,17.461914
12105,-11568.460938,-11577.117188,8.656250
12106,-11759.594727,-11778.905273,19.310547
12107,-9929.642578,-9925.774414,3.868164
12108,-12206.443359,-12217.826172,11.382812
12109,-12951.683594,-12992.534180,40.850586
12110,-10936.616211,-10938.557617,1.941406
12111,-11916.676758,-11915.089844,1.586914
12112,-11506.401367,-11509.768555,3.367188
12113,-11533.313477,-11543.524414,10.210938
12114,-11942.397461,-11948.920898,6.523438
12115,-10859.719727,-10872.882812,13.163086
12116,-11906.363281,-11913.355469,6.992188
12117,-11449.916016,-11444.810547,5.105469
12118,-8848.312500,-8854.463867,6.151367
12119,-11914.370117,-11914.541992,0.171875
12120,-10409.420898,-10394.815430,14.605469
12121,-11506.936523,-11510.620117,3.683594
12122,-11489.907227,-11511.878906,21.971680
12123,-12383.920898,-12386.170898,2.250000
12124,-11513.938477,-11510.165039,3.773438
12125,-10968.081055,-10969.215820,1.134766
12126,-10375.596680,-10363.792969,11.803711
12127,-11454.114258,-11441.008789,13.105469
12128,-5711.441406,-6381.631348,670.189941
12129,-9879.080078,-9868.389648,10.690430
12130,-10942.222656,-10937.440430,4.782227
12131,-12866.551758,-12990.039062,123.487305
12132,-11528.391602,-11543.537109,15.145508
12133,-10922.201172,-10898.783203,23.417969
12134,-12509.253906,-12521.645508,12.391602
12135,-11515.581055,-11509.259766,6.321289
12136,-10944.889648,-10936.504883,8.384766
12137,-11519.625977,-11509.686523,9.939453
12138,-10948.381836,-10938.443359,9.938477
12139,-9981.403320,-9957.558594,23.844727
12140,-12785.314453,-12789.631836,4.317383
12141,-11330.281250,-11342.224609,11.943359
12142,-10719.658203,-10821.750977,102.092773
12143,-10533.408203,-10533.207031,0.201172
12144,-10528.674805,-10533.148438,4.473633
12145,-11479.357422,-11450.957031,28.400391
12146,-9574.439453,-9555.958008,18.481445
12147,-12546.360352,-12554.629883,8.269531
12148,-9528.532227,-9488.345703,40.186523
12149,-10971.961914,-10970.406250,1.555664
12150,-12407.185547,-12465.509766,58.324219
12151,-11550.238281,-11544.213867,6.024414
12152,-9918.927734,-9867.686523,51.241211
12153,-11947.902344,-11948.788086,0.885742
12154,-10506.251953,-10498.950195,7.301758
12155,-9531.885742,-9589.203125,57.317383
12156,-12531.226562,-12538.320312,7.093750
12157,-10381.323242,-10361.820312,19.502930
12158,-9946.015625,-9924.271484,21.744141
12159,-11942.951172,-11947.903320,4.952148
12160,-11511.426758,-11511.740234,0.313477
12161,-8640.822266,-8519.652344,121.169922
12162,-10502.223633,-10499.029297,3.194336
12163,-8790.105469,-8831.593750,41.488281
12164,-10901.829102,-10903.615234,1.786133
12165,-11831.343750,-11845.018555,13.674805
12166,-11519.689453,-11512.378906,7.310547
12167,-10943.077148,-10937.553711,5.523438
12168,-12478.787109,-12487.874023,9.086914
12169,-11484.414062,-11512.185547,27.771484
12170,-10972.022461,-10969.005859,3.016602
12171,-10571.233398,-10565.979492,5.253906
12172,-12406.603516,-12418.731445,12.127930
12173,-10572.621094,-10565.971680,6.649414
12174,-11511.443359,-11451.702148,59.741211
12175,-12523.619141,-12522.518555,1.100586
12176,-10970.450195,-10969.009766,1.440430
12177,-10872.503906,-10880.896484,8.392578
12178,-8459.894531,-8427.137695,32.756836
12179,-10499.951172,-10501.418945,1.467773
12180,-12372.486328,-12351.647461,20.838867
12181,-10464.350586,-10443.676758,20.673828
12182,-9550.435547,-9562.537109,12.101562
12183,-9863.896484,-9869.110352,5.213867
12184,-11991.673828,-11979.871094,11.802734
12185,-10907.062500,-10905.679688,1.382812
12186,-11538.569336,-11543.580078,5.010742
12187,-10984.823242,-10970.602539,14.220703
12188,-10578.171875,-10566.403320,11.768555
12189,-9898.338867,-9925.245117,26.906250
12190,-10904.744141,-10907.139648,2.395508
12191,-11954.637695,-11947.797852,6.839844
12192,-11541.366211,-11542.853516,1.487305
12193,-10412.020508,-10365.331055,46.689453
12194,-10339.439453,-10306.576172,32.863281
12195,-9359.565430,-9326.989258,32.576172
12196,-12374.641602,-12385.807617,11.166016
12197,-8323.461914,-8224.344727,99.117188
12198,-11148.395508,-11210.719727,62.324219
12199,-10713.487305,-10775.470703,61.983398
12200,-10902.580078,-10905.796875,3.216797
12201,-8868.638672,-8855.535156,13.103516
12202,-11474.034180,-11476.340820,2.306641
12203,-10561.458984,-10566.517578,5.058594
12204,-11316.368164,-11283.379883,32.988281
12205,-9886.854492,-9866.964844,19.889648
12206,-8873.221680,-8831.786133,41.435547
12207,-11517.295898,-11511.826172,5.469727
12208,-9627.405273,-9621.593750,5.811523
12209,-12478.113281,-12489.107422,10.994141
12210,-10974.564453,-10970.968750,3.595703
12211,-10969.810547,-10971.160156,1.349609
12212,-11944.948242,-11946.928711,1.980469
12213,-10993.710938,-11001.728516,8.017578
12214,-10559.343750,-10565.314453,5.970703
12215,-9557.790039,-9555.926758,1.863281
12216,-9497.805664,-9520.900391,23.094727
12217,-12491.688477,-12488.267578,3.420898
12218,-11373.145508,-11376.414062,3.268555
12219,-10833.967773,-10832.748047,1.219727
12220,-9552.447266,-9522.792969,29.654297
12221,-11365.549805,-11375.898438,10.348633
12222,-10936.348633,-10938.284180,1.935547
12223,-10094.137695,-9842.831055,251.306641
12224,-12978.082031,-12958.631836,19.450195
12225,-11951.743164,-11948.494141,3.249023
12226,-11843.392578,-11845.505859,2.113281
12227,-7957.198242,-6726.686523,1230.511719
12228,-11478.227539,-11509.458984,31.231445
12229,-12784.107422,-12790.232422,6.125000
12230,-11509.125000,-11484.568359,24.556641
12231,-13440.038086,-13468.075195,28.037109
12232,-10934.176758,-10937.352539,3.175781
12233,-10540.424805,-10532.299805,8.125000
12234,-12499.237305,-12487.328125,11.909180
12235,-12539.404297,-12552.922852,13.518555
12236,-11921.285156,-11948.337891,27.052734
12237,-12650.126953,-12686.173828,36.046875
12238,-11971.772461,-11979.493164,7.720703
12239,-12752.998047,-12788.109375,35.111328
12240,-8484.566406,-8484.529297,0.037109
12241,-12910.939453,-12925.813477,14.874023
12242,-10912.781250,-10906.330078,6.451172
12243,-12140.952148,-12142.253906,1.301758
12244,-11366.320312,-11375.086914,8.766602
12245,-12346.420898,-12350.865234,4.444336
12246,-12312.508789,-12353.662109,41.153320
12247,-12895.030273,-13467.598633,572.568359
12248,-12375.757812,-12384.998047,9.240234
12249,-11504.166992,-11509.355469,5.188477
12250,-12483.915039,-12488.821289,4.906250
12251,-11536.777344,-11541.908203,5.130859
12252,-7827.969727,-7796.536133,31.433594
12253,-9954.152344,-9934.059570,20.092773
12254,-11924.327148,-11916.478516,7.848633
12255,-11939.629883,-11948.502930,8.873047
12256,-12356.707031,-12385.011719,28.304688
12257,-10760.818359,-10767.436523,6.618164
12258,-11433.159180,-11445.287109,12.127930
12259,-11447.452148,-11444.647461,2.804688
12260,-10910.750977,-10904.783203,5.967773
12261,-12369.043945,-12401.580078,32.536133
12262,-11473.839844,-11452.029297,21.810547
12263,-10503.063477,-10501.178711,1.884766
12264,-11513.701172,-11510.474609,3.226562
12265,-10504.116211,-10499.534180,4.582031
12266,-12941.583984,-12927.075195,14.508789
12267,-10703.815430,-10671.709961,32.105469
12268,-11384.683594,-11374.250977,10.432617
12269,-10961.046875,-10969.775391,8.728516
12270,-10944.698242,-10936.307617,8.390625
12271,-11344.471680,-11283.548828,60.922852
12272,-11335.139648,-11342.685547,7.545898
12273,-10606.297852,-10598.592773,7.705078
12274,-8877.274414,-8887.724609,10.450195
12275,-10911.549805,-10911.947266,0.397461
12276,-10951.666016,-10938.453125,13.212891
12277,-11503.458008,-11512.050781,8.592773
12278,-10462.158203,-10464.731445,2.573242
12279,-11955.919922,-11948.040039,7.879883
12280,-11533.243164,-11545.197266,11.954102
12281,-11578.106445,-11575.915039,2.191406
12282,-12482.931641,-12490.449219,7.517578
12283,-12431.416992,-12418.568359,12.848633
12284,-12337.904297,-12353.957031,16.052734
12285,-9500.849609,-9487.285156,13.564453
12286,-9572.110352,-9555.757812,16.352539
12287,-11832.593750,-11810.682617,21.911133
12288,-12876.122070,-12892.878906,16.756836
12289,-11581.109375,-11576.670898,4.438477
12290,-10540.192383,-10534.090820,6.101562
12291,-10937.807617,-10938.218750,0.411133
12292,-11481.661133,-11476.446289,5.214844
12293,-12463.274414,-12489.096680,25.822266
12294,-10562.138672,-10566.285156,4.146484
12295,-10502.185547,-10498.952148,3.233398
12296,-11501.012695,-11510.447266,9.434570
12297,-11800.776367,-11857.721680,56.945312
12298,-10618.248047,-10638.911133,20.663086
12299,-10446.393555,-10440.970703,5.422852
12300,-10469.638672,-10466.426758,3.211914
12301,-7460.385254,-7659.477051,199.091797
12302,-12783.065430,-12821.803711,38.738281
12303,-9268.761719,-9295.132812,26.371094
12304,-10819.395508,-10800.167969,19.227539
12305,-10891.089844,-10876.482422,14.607422
12306,-12194.894531,-12214.909180,20.014648
12307,-11514.226562,-11511.856445,2.370117
12308,-11355.145508,-11371.657227,16.511719
12309,-10930.742188,-10935.672852,4.930664
12310,-11342.416016,-11350.060547,7.644531
12311,-10939.532227,-10935.648438,3.883789
12312,-12377.182617,-12353.635742,23.546875
12313,-10838.698242,-10832.868164,5.830078
12314,-12963.333008,-12991.909180,28.576172
12315,-11474.794922,-11477.710938,2.916016
12316,-10498.885742,-10499.632812,0.747070
12317,-10806.119141,-10833.434570,27.315430
12318,-9539.595703,-9530.136719,9.458984
12319,-10942.058594,-10936.075195,5.983398
12320,-12338.776367,-12350.774414,11.998047
12321,-12252.457031,-12247.668945,4.788086
12322,-12771.349609,-12697.243164,74.106445
12323,-12010.026367,-12013.096680,3.070312
12324,-8471.258789,-8486.542969,15.284180
12325,-10422.409180,-10429.233398,6.824219
12326,-11950.444336,-11948.964844,1.479492
12327,-10331.798828,-10303.595703,28.203125
12328,-11354.444336,-11343.536133,10.908203
12329,-11893.987305,-11877.977539,16.009766
12330,-12377.201172,-12384.972656,7.771484
12331,-10477.989258,-10475.108398,2.880859
12332,-10816.411133,-10802.212891,14.198242
12333,-10968.527344,-10969.312500,0.785156
12334,-7506.071777,-7382.909668,123.162109
12335,-11516.609375,-11507.931641,8.677734
12336,-11939.011719,-11948.967773,9.956055
12337,-12474.858398,-12487.824219,12.965820
12338,-11469.894531,-11477.658203,7.763672
12339,-11275.389648,-11270.548828,4.840820
12340,-11421.242188,-11407.225586,14.016602
12341,-8507.662109,-8426.655273,81.006836
12342,-10605.122070,-10598.983398,6.138672
12343,-11946.637695,-11947.862305,1.224609
12344,-10598.107422,-10598.463867,0.356445
12345,-11377.125977,-11374.971680,2.154297
12346,-10944.221680,-10934.703125,9.518555
12347,-12896.178711,-12894.855469,1.323242
12348,-10535.625977,-10532.817383,2.808594
12349,-11510.540039,-11511.251953,0.711914
12350,-10993.977539,-11002.527344,8.549805
12351,-10336.367188,-10337.485352,1.118164
12352,-12933.238281,-12959.718750,26.480469
12353,-11807.224609,-11811.780273,4.555664
12354,-11205.537109,-11205.866211,0.329102
12355,-11978.590820,-11979.900391,1.309570
12356,-10842.208984,-10833.939453,8.269531
12357,-11520.248047,-11506.904297,13.343750
12358,-11542.791016,-11543.623047,0.832031
12359,-10431.755859,-10441.311523,9.555664
12360,-10471.602539,-10473.149414,1.546875
12361,-10453.535156,-10440.894531,12.640625
12362,-11885.578125,-11880.155273,5.422852
12363,-10949.601562,-10938.527344,11.074219
12364,-12965.843750,-12959.767578,6.076172
12365,-11975.418945,-11947.367188,28.051758
12366,-12542.974609,-12553.592773,10.618164
12367,-11371.271484,-11375.942383,4.670898
12368,-10979.900391,-10971.208008,8.692383
12369,-12358.192383,-12386.887695,28.695312
12370,-12487.049805,-12487.712891,0.663086
12371,-11814.210938,-11813.233398,0.977539
12372,-10363.853516,-10363.275391,0.578125
12373,-10377.920898,-10362.317383,15.603516
12374,-11395.088867,-11374.436523,20.652344
12375,-12545.919922,-12554.103516,8.183594
12376,-11505.883789,-11510.914062,5.030273
12377,-9997.371094,-9990.687500,6.683594
12378,-12469.900391,-12385.781250,84.119141
12379,-10871.782227,-10867.144531,4.637695
12380,-12495.078125,-12489.932617,5.145508
12381,-10940.315430,-10939.156250,1.159180
12382,-10533.663086,-10532.429688,1.233398
12383,-11949.353516,-11948.960938,0.392578
12384,-15196.488281,-15493.582031,297.093750
12385,-10535.893555,-10531.791016,4.102539
12386,-10537.853516,-10532.267578,5.585938
12387,-10508.549805,-10500.027344,8.522461
12388,-10531.369141,-10531.606445,0.237305
12389,-11344.446289,-11343.482422,0.963867
12390,-12493.632812,-12488.796875,4.835938
12391,-10564.918945,-10564.516602,0.402344
12392,-12558.372070,-12553.500977,4.871094
12393,-11381.815430,-11373.356445,8.458984
12394,-11928.505859,-11948.206055,19.700195
12395,-10279.756836,-10298.045898,18.289062
12396,-11936.356445,-11914.936523,21.419922
12397,-9583.915039,-9555.211914,28.703125
12398,-7917.348633,-7852.758301,64.590332
12399,-10559.280273,-10566.458984,7.178711
12400,-10967.857422,-10967.410156,0.447266
12401,-10945.867188,-10934.353516,11.513672
12402,-10943.212891,-10937.431641,5.781250
12403,-10414.597656,-10395.473633,19.124023
12404,-10978.983398,-10968.731445,10.251953
12405,-10409.399414,-10396.269531,13.129883
12406,-12366.851562,-12351.821289,15.030273
12407,-11392.750000,-11374.628906,18.121094
12408,-9539.125977,-9554.616211,15.490234
12409,-10525.506836,-10474.910156,50.596680
12410,-10949.916992,-10933.088867,16.828125
12411,-12351.094727,-12352.416992,1.322266
12412,-10918.275391,-10904.797852,13.477539
12413,-10940.043945,-10937.010742,3.033203
12414,-9473.561523,-9463.112305,10.449219
12415,-10474.392578,-10464.328125,10.064453
12416,-12537.420898,-12555.421875,18.000977
12417,-10531.867188,-10531.822266,0.044922
12418,-11488.748047,-11477.810547,10.937500
12419,-8899.454102,-8892.064453,7.389648
12420,-11478.847656,-11476.378906,2.468750
12421,-10314.327148,-10302.645508,11.681641
12422,-9495.060547,-9463.025391,32.035156
12423,-10499.285156,-10498.764648,0.520508
12424,-11012.084961,-11002.570312,9.514648
12425,-12755.376953,-12789.476562,34.099609
12426,-11957.656250,-11947.522461,10.133789
12427,-9528.037109,-9522.598633,5.438477
12428,-10971.437500,-10969.326172,2.111328
12429,-10975.781250,-10971.406250,4.375000
12430,-11383.907227,-11373.421875,10.485352
12431,-11414.425781,-11408.570312,5.855469
12432,-13442.296875,-13547.093750,104.796875
12433,-11508.327148,-11511.049805,2.722656
12434,-10963.984375,-10970.468750,6.484375
12435,-11371.130859,-11375.171875,4.041016
12436,-12487.310547,-12490.399414,3.088867
12437,-11929.403320,-11915.454102,13.949219
12438,-12946.951172,-12957.228516,10.277344
12439,-9416.396484,-9430.093750,13.697266
12440,-11915.760742,-11914.632812,1.127930
12441,-11978.772461,-11981.793945,3.021484
12442,-11550.557617,-11543.256836,7.300781
12443,-10033.353516,-10023.947266,9.406250
12444,-10480.062500,-10474.625977,5.436523
12445,-12541.340820,-12553.352539,12.011719
12446,-12333.651367,-12321.809570,11.841797
12447,-11506.083984,-11501.708008,4.375977
12448,-10995.076172,-11002.413086,7.336914
12449,-10523.497070,-10507.179688,16.317383
12450,-10913.541016,-10911.967773,1.573242
12451,-11947.113281,-11948.794922,1.681641
12452,-11938.801758,-11947.969727,9.167969
12453,-9928.937500,-9926.422852,2.514648
12454,-10788.095703,-10801.679688,13.583984
12455,-11442.929688,-11443.900391,0.970703
12456,-11902.565430,-11916.315430,13.750000
12457,-11405.342773,-11407.635742,2.292969
12458,-10394.945312,-10395.275391,0.330078
12459,-11382.111328,-11374.417969,7.693359
12460,-12452.966797,-12454.621094,1.654297
12461,-12360.362305,-12384.245117,23.882812
12462,-11520.036133,-11510.370117,9.666016
12463,-12353.943359,-12353.867188,0.076172
12464,-11946.735352,-11948.108398,1.373047
12465,-10316.282227,-10305.565430,10.716797
12466,-11414.524414,-11407.496094,7.028320
12467,-11816.324219,-11812.854492,3.469727
12468,-10944.495117,-10939.647461,4.847656
12469,-10996.192383,-11003.531250,7.338867
12470,-11947.369141,-11948.515625,1.146484
12471,-11479.848633,-11479.091797,0.756836
12472,-10923.979492,-10937.833984,13.854492
12473,-11916.833984,-11914.772461,2.061523
12474,-10976.174805,-10970.595703,5.579102
12475,-8493.920898,-8493.396484,0.524414
12476,-9049.851562,-9523.562500,473.710938
12477,-10826.297852,-10800.915039,25.382812
12478,-8526.436523,-8419.189453,107.247070
12479,-10459.456055,-10440.637695,18.818359
12480,-12478.690430,-12488.458984,9.768555
12481,-12925.282227,-12926.360352,1.078125
12482,-11017.935547,-11034.903320,16.967773
12483,-9417.432617,-9341.574219,75.858398
12484,-12713.881836,-12789.833984,75.952148
12485,-10279.150391,-10270.809570,8.340820
12486,-10502.020508,-10500.395508,1.625000
12487,-10608.548828,-10598.387695,10.161133
12488,-11937.720703,-11947.937500,10.216797
12489,-12015.790039,-12014.369141,1.420898
12490,-10911.385742,-10901.960938,9.424805
12491,-12960.048828,-12958.717773,1.331055
12492,-12949.482422,-12925.736328,23.746094
12493,-12515.176758,-12520.117188,4.940430
12494,-11908.671875,-11916.593750,7.921875
12495,-9903.364258,-9900.012695,3.351562
12496,-11391.771484,-11374.791992,16.979492
12497,-9921.643555,-9894.431641,27.211914
12498,-9528.616211,-9496.255859,32.360352
12499,-12383.654297,-12385.538086,1.883789
12500,-11503.846680,-11511.901367,8.054688
12501,-11933.107422,-11916.521484,16.585938
12502,-9511.826172,-9522.009766,10.183594
12503,-11506.687500,-11511.726562,5.039062
12504,-11468.135742,-11576.265625,108.129883
12505,-11942.078125,-11947.481445,5.403320
12506,-10849.593750,-10833.066406,16.527344
12507,-10434.816406,-10426.614258,8.202148
12508,-11502.985352,-11509.285156,6.299805
12509,-10932.023438,-10937.142578,5.119141
12510,-10473.239258,-10470.156250,3.083008
12511,-11912.088867,-11914.144531,2.055664
12512,-10594.734375,-10599.164062,4.429688
12513,-11335.906250,-11340.574219,4.667969
12514,-12514.093750,-12521.971680,7.877930
12515,-9475.529297,-9464.014648,11.514648
12516,-10937.646484,-10936.075195,1.571289
12517,-10436.831055,-10440.720703,3.889648
12518,-12477.983398,-12488.222656,10.239258
12519,-11675.911133,-11674.624023,1.287109
12520,-11926.853516,-11915.987305,10.866211
12521,-11482.583984,-11476.218750,6.365234
12522,-10567.576172,-10566.010742,1.565430
12523,-10510.693359,-10501.217773,9.475586
12524,-11364.055664,-11339.150391,24.905273
12525,-10968.770508,-10968.721680,0.048828
12526,-11402.651367,-11407.046875,4.395508
12527,-11539.439453,-11542.819336,3.379883
12528,-10526.388672,-10532.772461,6.383789
12529,-11152.559570,-11180.385742,27.826172
12530,-11953.432617,-11948.872070,4.560547
12531,-11356.863281,-11341.495117,15.368164
12532,-12699.055664,-12823.544922,124.489258
12533,-10914.580078,-10866.632812,47.947266
12534,-9568.946289,-9562.621094,6.325195
12535,-10531.800781,-10499.909180,31.891602
12536,-8922.142578,-8863.546875,58.595703
12537,-10936.096680,-10933.795898,2.300781
12538,-9903.129883,-9899.166016,3.963867
12539,-10965.045898,-10969.308594,4.262695
12540,-12228.590820,-12249.253906,20.663086
12541,-11377.584961,-11374.999023,2.585938
12542,-8429.308594,-8361.823242,67.485352
12543,-11970.447266,-11981.636719,11.189453
12544,-12545.988281,-12553.167969,7.179688
12545,-11913.149414,-11915.774414,2.625000
12546,-11005.270508,-11003.811523,1.458984
12547,-13789.949219,-13765.492188,24.457031
12548,-9910.897461,-9899.351562,11.545898
12549,-11531.185547,-11544.157227,12.971680
12550,-10536.240234,-10532.548828,3.691406
12551,-11959.537109,-11946.094727,13.442383
12552,-11542.403320,-11543.978516,1.575195
12553,-10397.213867,-10362.700195,34.513672
12554,-9896.125977,-9900.305664,4.179688
12555,-11944.337891,-11948.155273,3.817383
12556,-12342.046875,-12319.646484,22.400391
12557,-10571.834961,-10565.218750,6.616211
12558,-10498.040039,-10499.853516,1.813477
12559,-11553.296875,-11543.129883,10.166992
12560,-9842.982422,-9829.613281,13.369141
12561,-10884.810547,-10866.884766,17.925781
12562,-11512.574219,-11510.065430,2.508789
12563,-11479.245117,-11477.975586,1.269531
12564,-10541.593750,-10533.441406,8.152344
12565,-11336.145508,-11341.320312,5.174805
12566,-11430.553711,-11440.092773,9.539062
12567,-9534.100586,-9521.895508,12.205078
12568,-6134.204590,-6355.107422,220.902832
12569,-11392.706055,-11375.203125,17.502930
12570,-12514.009766,-12521.398438,7.388672
12571,-11806.893555,-11780.089844,26.803711
12572,-11397.350586,-11373.123047,24.227539
12573,-10807.521484,-10770.233398,37.288086
12574,-10921.119141,-10904.189453,16.929688
12575,-11978.830078,-11979.556641,0.726562
12576,-11226.105469,-11239.189453,13.083984
12577,-9943.536133,-9924.580078,18.956055
12578,-10847.708008,-10836.136719,11.571289
12579,-11966.421875,-11948.609375,17.812500
12580,-9495.058594,-9489.573242,5.485352
12581,-11814.902344,-11811.947266,2.955078
12582,-10970.025391,-10970.554688,0.529297
12583,-10807.286133,-10802.052734,5.233398
12584,-10540.523438,-10534.007812,6.515625
12585,-10976.820312,-10967.800781,9.019531
12586,-10939.230469,-10938.289062,0.941406
12587,-11535.128906,-11544.190430,9.061523
12588,-10912.960938,-10904.676758,8.284180
12589,-12284.146484,-12246.477539,37.668945
12590,-9904.746094,-9898.403320,6.342773
12591,-10961.943359,-10968.815430,6.872070
12592,-12531.238281,-12521.866211,9.372070
12593,-11294.423828,-11283.859375,10.564453
12594,-12026.303711,-12014.482422,11.821289
12595,-11165.311523,-11234.831055,69.519531
12596,-11769.945312,-11779.787109,9.841797
12597,-9529.840820,-9521.950195,7.890625
12598,-11360.338867,-11339.755859,20.583008
12599,-12947.961914,-12956.753906,8.791992
12600,-11953.032227,-11949.198242,3.833984
12601,-9942.753906,-9965.387695,22.633789
12602,-11480.317383,-11476.025391,4.291992
12603,-11573.211914,-11577.029297,3.817383
12604,-11875.659180,-11843.122070,32.537109
12605,-11471.119141,-11511.248047,40.128906
12606,-11507.352539,-11509.602539,2.250000
12607,-9582.011719,-9555.620117,26.391602
12608,-11969.656250,-11978.836914,9.180664
12609,-9448.224609,-9461.733398,13.508789
12610,-12943.364258,-12959.935547,16.571289
12611,-11142.559570,-11041.415039,101.144531
12612,-10505.899414,-10499.047852,6.851562
12613,-11398.010742,-11405.506836,7.496094
12614,-13352.599609,-13364.164062,11.564453
12615,-10469.177734,-10464.302734,4.875000
12616,-12289.200195,-12321.402344,32.202148
12617,-10466.844727,-10441.871094,24.973633
12618,-10437.359375,-10428.684570,8.674805
12619,-10410.082031,-10396.472656,13.609375
12620,-11816.750000,-11813.163086,3.586914
12621,-10502.152344,-10499.475586,2.676758
12622,-10502.937500,-10501.367188,1.570312
12623,-12475.888672,-12487.960938,12.072266
12624,-11951.479492,-11948.104492,3.375000
12625,-9519.848633,-9530.271484,10.422852
12626,-9907.512695,-9900.424805,7.087891
12627,-10427.258789,-10441.725586,14.466797
12628,-12340.656250,-12319.612305,21.043945
12629,-10869.808594,-10870.879883,1.071289
12630,-11978.274414,-11982.090820,3.816406
12631,-10539.063477,-10532.986328,6.077148
12632,-11480.559570,-11478.751953,1.807617
12633,-9526.248047,-9496.527344,29.720703
12634,-11412.707031,-11407.490234,5.216797
12635,-11393.046875,-11374.064453,18.982422
12636,-11990.036133,-11980.765625,9.270508
12637,-11004.393555,-11004.542969,0.149414
12638,-11481.113281,-11479.126953,1.986328
12639,-11915.890625,-11947.790039,31.899414
12640,-11901.569336,-11916.263672,14.694336
12641,-11996.003906,-12013.071289,17.067383
12642,-10564.877930,-10565.500000,0.622070
12643,-11508.574219,-11511.471680,2.897461
12644,-11816.886719,-11813.346680,3.540039
12645,-11979.291016,-11980.699219,1.408203
12646,-11653.040039,-11739.523438,86.483398
12647,-11392.450195,-11375.391602,17.058594
12648,-11507.486328,-11510.246094,2.759766
12649,-12783.205078,-12788.123047,4.917969
12650,-12272.985352,-12279.908203,6.922852
12651,-11482.188477,-11476.718750,5.469727
12652,-10565.396484,-10565.458984,0.062500
12653,-9259.146484,-9269.337891,10.191406
12654,-13457.107422,-13468.152344,11.044922
12655,-10981.951172,-10970.143555,11.807617
12656,-10391.795898,-10362.235352,29.560547
12657,-10512.288086,-10501.647461,10.640625
12658,-11928.099609,-11980.708984,52.609375
12659,-10335.172852,-10329.351562,5.821289
12660,-12966.160156,-12959.517578,6.642578
12661,-10052.769531,-10143.499023,90.729492
12662,-10542.490234,-10532.112305,10.377930
12663,-9561.806641,-9554.590820,7.215820
12664,-10950.677734,-10935.409180,15.268555
12665,-12223.147461,-12249.369141,26.221680
12666,-12397.165039,-12384.323242,12.841797
12667,-12348.722656,-12321.892578,26.830078
12668,-11426.424805,-11444.824219,18.399414
12669,-9546.083984,-9555.213867,9.129883
12670,-9537.109375,-9523.236328,13.873047
12671,-10541.254883,-10533.560547,7.694336
12672,-9365.375000,-9371.129883,5.754883
12673,-12440.813477,-12455.167969,14.354492
12674,-11572.249023,-11576.645508,4.396484
12675,-10974.118164,-10969.223633,4.894531
12676,-10544.969727,-10531.841797,13.127930
12677,-11841.049805,-11845.225586,4.175781
12678,-11962.473633,-11981.469727,18.996094
12679,-11501.982422,-11510.615234,8.632812
12680,-11499.010742,-11511.251953,12.241211
12681,-10511.391602,-10498.400391,12.991211
12682,-9537.908203,-9521.704102,16.204102
12683,-6593.868652,-6380.693848,213.174805
12684,-11511.293945,-11511.133789,0.160156
12685,-11531.805664,-11544.431641,12.625977
12686,-11940.855469,-11947.368164,6.512695
12687,-11395.319336,-11406.686523,11.367188
12688,-11941.398438,-11948.007812,6.609375
12689,-12351.168945,-12418.224609,67.055664
12690,-10514.323242,-10501.249023,13.074219
12691,-11507.756836,-11510.480469,2.723633
12692,-11764.504883,-11778.380859,13.875977
12693,-10373.036133,-10363.706055,9.330078
12694,-11206.427734,-11210.805664,4.377930
12695,-10875.228516,-10866.003906,9.224609
12696,-10346.074219,-10338.722656,7.351562
12697,-10562.621094,-10564.735352,2.114258
12698,-10537.416992,-10532.683594,4.733398
12699,-9990.634766,-9957.275391,33.359375
12700,-11001.414062,-11001.412109,0.001953
12701,-8378.090820,-8454.168945,76.078125
12702,-11927.012695,-11914.417969,12.594727
12703,-11363.462891,-11375.385742,11.922852
12704,-13472.550781,-13499.834961,27.284180
12705,-11910.817383,-11912.114258,1.296875
12706,-11263.862305,-11271.714844,7.852539
12707,-10427.467773,-10426.263672,1.204102
12708,-11527.670898,-11543.557617,15.886719
12709,-11952.606445,-11946.951172,5.655273
12710,-9951.590820,-9932.666016,18.924805
12711,-7484.726562,-7449.546875,35.179688
12712,-10492.311523,-10506.754883,14.443359
12713,-11342.546875,-11340.382812,2.164062
12714,-10945.398438,-10936.512695,8.885742
12715,-10938.893555,-10934.828125,4.065430
12716,-10970.561523,-10970.741211,0.179688
12717,-11483.394531,-11476.935547,6.458984
12718,-8541.672852,-8519.211914,22.460938
12719,-11393.828125,-11407.667969,13.839844
12720,-11982.066406,-11980.911133,1.155273
12721,-12429.678711,-12418.400391,11.278320
12722,-11262.455078,-11303.634766,41.179688
12723,-10539.974609,-10532.761719,7.212891
12724,-9917.925781,-9842.421875,75.503906
12725,-11912.418945,-11914.561523,2.142578
12726,-10503.880859,-10499.406250,4.474609
12727,-11471.703125,-11476.042969,4.339844
12728,-10936.894531,-10935.714844,1.179688
12729,-11210.284180,-11250.238281,39.954102
12730,-11464.134766,-11473.616211,9.481445
12731,-11895.381836,-11880.055664,15.326172
12732,-9441.125000,-9404.147461,36.977539
12733,-10371.385742,-10363.968750,7.416992
12734,-12396.069336,-12385.899414,10.169922
12735,-11978.063477,-11980.881836,2.818359
12736,-11859.007812,-11844.687500,14.320312
12737,-11480.753906,-11475.253906,5.500000
12738,-10500.088867,-10500.915039,0.826172
12739,-12908.865234,-12927.548828,18.683594
12740,-11012.868164,-11002.833008,10.035156
12741,-10963.669922,-10970.757812,7.087891
12742,-9339.102539,-9325.693359,13.409180
12743,-12469.191406,-12489.416992,20.225586
12744,-10861.354492,-10843.494141,17.860352
12745,-11546.803711,-11543.351562,3.452148
12746,-12356.611328,-12353.199219,3.412109
12747,-9338.484375,-9270.209961,68.274414
12748,-10978.992188,-10970.781250,8.210938
12749,-12954.451172,-12958.553711,4.102539
12750,-11478.409180,-11477.515625,0.893555
12751,-9536.459961,-9521.694336,14.765625
12752,-9572.405273,-9555.265625,17.139648
12753,-12863.388672,-12893.646484,30.257812
12754,-11387.839844,-11375.304688,12.535156
12755,-11373.409180,-11374.606445,1.197266
12756,-12510.941406,-12521.180664,10.239258
12757,-12300.541016,-12280.961914,19.579102
12758,-12404.097656,-12415.837891,11.740234
12759,-11503.598633,-11509.611328,6.012695
12760,-10598.428711,-10598.575195,0.146484
12761,-10529.612305,-10531.703125,2.090820
12762,-9577.268555,-9554.901367,22.367188
12763,-10445.208008,-10429.026367,16.181641
12764,-8463.227539,-8428.424805,34.802734
12765,-9376.809570,-9361.129883,15.679688
12766,-11365.212891,-11341.893555,23.319336
12767,-11146.177734,-11212.741211,66.563477
12768,-11379.868164,-11374.423828,5.444336
12769,-13313.812500,-13330.849609,17.037109
12770,-10945.364258,-10939.516602,5.847656
12771,-11953.666992,-11947.870117,5.796875
12772,-10937.308594,-10937.312500,0.003906
12773,-11846.091797,-11844.406250,1.685547
12774,-9911.238281,-9901.457031,9.781250
12775,-11536.350586,-11542.857422,6.506836
12776,-9975.555664,-9959.641602,15.914062
12777,-11505.856445,-11509.311523,3.455078
12778,-10004.430664,-9990.978516,13.452148
12779,-11501.075195,-11511.806641,10.731445
12780,-12479.097656,-12456.764648,22.333008
12781,-10340.966797,-10362.848633,21.881836
12782,-12252.179688,-12248.320312,3.859375
12783,-12349.499023,-12352.131836,2.632812
12784,-9337.565430,-9270.680664,66.884766
12785,-10839.657227,-10800.097656,39.559570
12786,-11538.113281,-11543.573242,5.459961
12787,-10893.956055,-10903.615234,9.659180
12788,-10906.885742,-10905.029297,1.856445
12789,-10506.189453,-10498.595703,7.593750
12790,-11377.255859,-11372.970703,4.285156
12791,-11547.732422,-11544.598633,3.133789
12792,-11417.656250,-11407.518555,10.137695
12793,-9960.474609,-9924.334961,36.139648
12794,-11942.881836,-11947.916992,5.035156
12795,-10545.195312,-10531.957031,13.238281
12796,-11400.647461,-11406.940430,6.292969
12797,-11940.932617,-11947.745117,6.812500
12798,-9945.683594,-9923.049805,22.633789
12799,-11943.818359,-11949.501953,5.683594
12800,-11947.745117,-11948.973633,1.228516
12801,-12909.937500,-12926.461914,16.524414
12802,-10512.499023,-10499.083008,13.416016
12803,-12945.807617,-12958.012695,12.205078
12804,-11841.552734,-11844.654297,3.101562
12805,-11520.347656,-11509.109375,11.238281
12806,-9916.405273,-9925.280273,8.875000
12807,-11376.583984,-11373.427734,3.156250
12808,-10937.536133,-10938.088867,0.552734
12809,-9334.514648,-9326.949219,7.565430
12810,-9335.271484,-9359.820312,24.548828
12811,-12211.875000,-12430.940430,219.065430
12812,-11468.802734,-11476.818359,8.015625
12813,-12769.910156,-12791.195312,21.285156
12814,-11005.879883,-11001.887695,3.992188
12815,-10918.461914,-10912.044922,6.416992
12816,-12544.049805,-12552.779297,8.729492
12817,-10968.932617,-10971.540039,2.607422
12818,-11533.407227,-11543.476562,10.069336
12819,-11378.973633,-11376.508789,2.464844
12820,-11787.474609,-11779.185547,8.289062
12821,-11911.120117,-11914.668945,3.548828
12822,-10723.506836,-10741.787109,18.280273
12823,-11949.210938,-11963.769531,14.558594
12824,-11951.069336,-11947.243164,3.826172
12825,-10752.070312,-10799.151367,47.081055
12826,-11953.604492,-11946.972656,6.631836
12827,-10926.139648,-10935.648438,9.508789
12828,-11712.704102,-11707.963867,4.740234
12829,-12988.827148,-12958.829102,29.998047
12830,-11507.653320,-11511.695312,4.041992
12831,-11970.952148,-11980.515625,9.563477
12832,-10998.240234,-11001.357422,3.117188
12833,-10377.242188,-10370.819336,6.422852
12834,-11940.612305,-11948.022461,7.410156
12835,-11951.483398,-11945.940430,5.542969
12836,-10975.722656,-10971.607422,4.115234
12837,-11474.944336,-11502.146484,27.202148
12838,-13396.521484,-13435.074219,38.552734
12839,-8930.158203,-8921.692383,8.465820
12840,-11409.347656,-11406.397461,2.950195
12841,-12386.900391,-12382.668945,4.231445
12842,-11696.739258,-11706.435547,9.696289
12843,-11982.382812,-11980.899414,1.483398
12844,-11540.398438,-11543.953125,3.554688
12845,-10536.519531,-10532.117188,4.402344
12846,-11375.492188,-11374.990234,0.501953
12847,-11920.016602,-11914.860352,5.156250
12848,-11409.245117,-11407.929688,1.315430
12849,-11882.575195,-11881.176758,1.398438
12850,-10572.774414,-10566.333008,6.441406
12851,-11922.222656,-11913.811523,8.411133
12852,-12015.226562,-12014.028320,1.198242
12853,-10380.118164,-10362.756836,17.361328
12854,-11390.164062,-11375.057617,15.106445
12855,-11912.285156,-11914.519531,2.234375
12856,-9938.647461,-9934.452148,4.195312
12857,-11978.754883,-11978.944336,0.189453
12858,-10861.396484,-10834.854492,26.541992
12859,-9994.877930,-9989.855469,5.022461
12860,-11780.080078,-11776.107422,3.972656
12861,-10299.816406,-10305.332031,5.515625
12862,-12549.281250,-12554.355469,5.074219
12863,-11885.434570,-11878.159180,7.275391
12864,-11504.909180,-11512.056641,7.147461
12865,-10579.770508,-10566.093750,13.676758
12866,-9899.167969,-9900.869141,1.701172
12867,-11483.244141,-11477.392578,5.851562
12868,-12866.017578,-12893.120117,27.102539
12869,-10973.624023,-10970.719727,2.904297
12870,-12867.130859,-12893.336914,26.206055
12871,-11383.629883,-11373.394531,10.235352
12872,-12388.523438,-12385.306641,3.216797
12873,-8515.644531,-8551.770508,36.125977
12874,-10480.314453,-10442.917969,37.396484
12875,-8889.354492,-8890.523438,1.168945
12876,-12889.074219,-12893.662109,4.587891
12877,-12265.016602,-12216.614258,48.402344
12878,-10002.375977,-9993.742188,8.633789
12879,-8891.814453,-8829.469727,62.344727
12880,-11506.493164,-11509.494141,3.000977
12881,-8096.738281,-8338.072266,241.333984
12882,-11544.709961,-11544.247070,0.462891
12883,-12453.776367,-12456.574219,2.797852
12884,-12354.806641,-12352.546875,2.259766
12885,-11338.873047,-11339.280273,0.407227
12886,-11511.210938,-11509.873047,1.337891
12887,-11506.672852,-11511.592773,4.919922
12888,-8475.009766,-8290.950195,184.059570
12889,-10903.735352,-10910.680664,6.945312
12890,-12774.729492,-12791.806641,17.077148
12891,-10567.590820,-10565.020508,2.570312
12892,-10530.303711,-10532.886719,2.583008
12893,-9514.419922,-9530.097656,15.677734
12894,-10493.807617,-10499.478516,5.670898
12895,-11644.733398,-11739.423828,94.690430
12896,-11523.301758,-11509.453125,13.848633
12897,-10939.675781,-10937.045898,2.629883
12898,-11483.395508,-11476.949219,6.446289
12899,-11965.741211,-11981.427734,15.686523
12900,-10980.838867,-10970.042969,10.795898
12901,-9239.729492,-9404.787109,165.057617
12902,-10569.708008,-10565.569336,4.138672
12903,-13775.853516,-13764.790039,11.063477
12904,-9885.825195,-9901.303711,15.478516
12905,-11415.261719,-11408.356445,6.905273
12906,-12509.533203,-12520.955078,11.421875
12907,-11826.564453,-11846.155273,19.590820
12908,-10534.981445,-10531.556641,3.424805
12909,-10945.149414,-10934.802734,10.346680
12910,-13436.170898,-13466.201172,30.030273
12911,-10466.012695,-10465.161133,0.851562
12912,-13860.754883,-13905.134766,44.379883
12913,-11518.669922,-11510.343750,8.326172
12914,-11314.888672,-11317.772461,2.883789
12915,-12896.747070,-12927.575195,30.828125
12916,-10343.346680,-10336.771484,6.575195
12917,-11905.240234,-11916.141602,10.901367
12918,-10503.328125,-10500.568359,2.759766
12919,-12542.125977,-12553.484375,11.358398
12920,-11505.127930,-11509.510742,4.382812
12921,-11951.880859,-11947.312500,4.568359
12922,-11356.185547,-11343.362305,12.823242
12923,-12354.036133,-12353.505859,0.530273
12924,-10501.878906,-10498.621094,3.257812
12925,-11545.000977,-11544.221680,0.779297
12926,-11468.910156,-11477.666992,8.756836
12927,-11480.820312,-11475.576172,5.244141
12928,-12683.732422,-12686.488281,2.755859
12929,-10530.924805,-10532.394531,1.469727
12930,-11538.706055,-11543.707031,5.000977
12931,-9939.500000,-9925.411133,14.088867
12932,-11938.599609,-11946.031250,7.431641
12933,-11917.446289,-11914.553711,2.892578
12934,-11504.483398,-11511.350586,6.867188
12935,-12536.672852,-12553.949219,17.276367
12936,-10539.201172,-10533.427734,5.773438
12937,-11973.199219,-11980.922852,7.723633
12938,-12450.502930,-12457.585938,7.083008
12939,-11507.291992,-11511.246094,3.954102
12940,-10970.760742,-10969.281250,1.479492
12941,-10537.191406,-10532.953125,4.238281
12942,-11355.742188,-11342.557617,13.184570
12943,-11508.239258,-11509.919922,1.680664
12944,-13328.957031,-13331.972656,3.015625
12945,-11511.812500,-11511.567383,0.245117
12946,-12488.468750,-12521.563477,33.094727
12947,-10539.491211,-10532.961914,6.529297
12948,-10969.594727,-10970.722656,1.127930
12949,-11002.950195,-11001.666992,1.283203
12950,-10410.639648,-10397.073242,13.566406
12951,-9502.514648,-9496.921875,5.592773
12952,-10536.416992,-10531.789062,4.627930
12953,-9543.362305,-9555.197266,11.834961
12954,-9734.902344,-9764.876953,29.974609
12955,-10999.693359,-11001.354492,1.661133
12956,-12453.217773,-12454.825195,1.607422
12957,-11916.994141,-11915.854492,1.139648
12958,-10892.059570,-10877.966797,14.092773
12959,-9543.500977,-9555.291992,11.791016
12960,-10464.018555,-10463.023438,0.995117
12961,-10465.135742,-10462.195312,2.940430
12962,-10939.448242,-10937.202148,2.246094
12963,-11421.217773,-11408.617188,12.600586
12964,-10367.369141,-10362.732422,4.636719
12965,-11566.056641,-11575.924805,9.868164
12966,-11392.569336,-11373.701172,18.868164
12967,-11541.028320,-11543.581055,2.552734
12968,-8447.325195,-8426.867188,20.458008
12969,-10911.795898,-10901.958008,9.837891
12970,-11006.130859,-11002.035156,4.095703
12971,-10996.226562,-11003.473633,7.247070
12972,-10562.660156,-10564.579102,1.918945
12973,-11241.330078,-11238.050781,3.279297
12974,-11422.916992,-11407.253906,15.663086
12975,-10957.734375,-10970.316406,12.582031
12976,-10559.250977,-10565.866211,6.615234
12977,-15291.307617,-15526.656250,235.348633
12978,-12262.584961,-12248.325195,14.259766
12979,-11400.453125,-11407.933594,7.480469
12980,-11389.625977,-11375.915039,13.710938
12981,-10924.650391,-10903.432617,21.217773
12982,-11308.155273,-11271.001953,37.153320
12983,-10905.130859,-10903.561523,1.569336
12984,-11888.048828,-11856.921875,31.126953
12985,-11517.010742,-11510.745117,6.265625
12986,-12383.630859,-12386.197266,2.566406
12987,-9409.515625,-9405.535156,3.980469
12988,-10391.101562,-10395.785156,4.683594
12989,-11251.434570,-11270.011719,18.577148
12990,-11480.073242,-11477.229492,2.843750
12991,-10963.225586,-10970.147461,6.921875
12992,-9560.367188,-9555.968750,4.398438
12993,-11393.037109,-11371.983398,21.053711
12994,-11803.111328,-11779.584961,23.526367
12995,-11975.791016,-11981.629883,5.838867
12996,-10537.638672,-10533.221680,4.416992
12997,-11914.661133,-11915.408203,0.747070
12998,-12998.123047,-12991.893555,6.229492
12999,-10934.814453,-10936.830078,2.015625
13000,-9989.476562,-9797.974609,191.501953
13001,-11882.372070,-11882.709961,0.337891
13002,-12439.622070,-12418.663086,20.958984
13003,-11518.952148,-11509.679688,9.272461
13004,-10868.235352,-10866.798828,1.436523
13005,-9558.610352,-9522.142578,36.467773
13006,-11916.641602,-11913.803711,2.837891
13007,-12444.636719,-12455.790039,11.153320
13008,-11456.467773,-11440.613281,15.854492
13009,-11968.820312,-11980.713867,11.893555
13010,-9989.870117,-9958.972656,30.897461
13011,-9488.875000,-9487.815430,1.059570
13012,-11946.006836,-11947.927734,1.920898
13013,-11481.178711,-11476.716797,4.461914
13014,-12348.865234,-12387.143555,38.278320
13015,-12352.344727,-12352.968750,0.624023
13016,-11957.185547,-11947.363281,9.822266
13017,-9976.830078,-9960.156250,16.673828
13018,-10541.780273,-10532.912109,8.868164
13019,-10574.119141,-10565.178711,8.940430
13020,-11957.416016,-11948.949219,8.466797
13021,-12338.812500,-12353.820312,15.007812
13022,-9267.191406,-9293.516602,26.325195
13023,-10907.388672,-10903.961914,3.426758
13024,-9965.698242,-9959.723633,5.974609
13025,-8635.655273,-8453.228516,182.426758
13026,-12752.506836,-12790.113281,37.606445
13027,-12541.736328,-12553.445312,11.708984
13028,-12010.427734,-12030.115234,19.687500
13029,-11441.460938,-11443.735352,2.274414
13030,-11388.708984,-11375.909180,12.799805
13031,-12408.935547,-12422.302734,13.367188
13032,-11014.118164,-11001.527344,12.590820
13033,-10641.661133,-10631.492188,10.168945
13034,-11515.024414,-11510.451172,4.573242
13035,-9507.986328,-9497.161133,10.825195
13036,-11476.945312,-11486.001953,9.056641
13037,-10508.343750,-10497.578125,10.765625
13038,-9414.983398,-9521.825195,106.841797
13039,-11545.562500,-11543.316406,2.246094
13040,-10974.231445,-10969.259766,4.971680
13041,-9228.406250,-8486.760742,741.645508
13042,-11978.479492,-11981.430664,2.951172
13043,-7805.698730,-7788.002930,17.695801
13044,-12334.518555,-12353.041992,18.523438
13045,-12951.393555,-12925.911133,25.482422
13046,-12928.425781,-12926.256836,2.168945
13047,-11504.102539,-11510.825195,6.722656
13048,-12524.789062,-12521.956055,2.833008
13049,-10754.725586,-10742.497070,12.228516
13050,-11923.284180,-11913.061523,10.222656
13051,-10566.203125,-10566.557617,0.354492
13052,-9887.265625,-9867.574219,19.691406
13053,-11808.666992,-11752.667969,55.999023
13054,-9572.462891,-9555.755859,16.707031
13055,-10537.353516,-10532.430664,4.922852
13056,-12491.690430,-12489.758789,1.931641
13057,-10906.711914,-10902.074219,4.637695
13058,-10899.906250,-10903.460938,3.554688
13059,-12919.900391,-12923.382812,3.482422
13060,-11532.368164,-11544.735352,12.367188
13061,-11424.348633,-11407.684570,16.664062
13062,-11336.011719,-11341.897461,5.885742
13063,-10496.433594,-10500.583984,4.150391
13064,-9955.925781,-9957.478516,1.552734
13065,-9890.355469,-9891.528320,1.172852
13066,-10596.810547,-10599.372070,2.561523
13067,-9673.276367,-9705.817383,32.541016
13068,-11470.790039,-11478.538086,7.748047
13069,-10598.447266,-10598.532227,0.084961
13070,-11527.653320,-11510.123047,17.530273
13071,-10268.606445,-10351.247070,82.640625
13072,-9481.669922,-9462.720703,18.949219
13073,-11920.339844,-11917.122070,3.217773
13074,-11361.410156,-11373.504883,12.094727
13075,-12139.725586,-8774.152344,3365.573242
13076,-11995.471680,-12012.493164,17.021484
13077,-12457.384766,-12489.473633,32.088867
13078,-10944.239258,-10903.744141,40.495117
13079,-10503.110352,-10500.243164,2.867188
13080,-10899.681641,-10879.722656,19.958984
13081,-12377.684570,-12384.467773,6.783203
13082,-12971.833984,-13007.571289,35.737305
13083,-11481.364258,-11476.497070,4.867188
