index,predicted,target,abs_error
0,-13396.432617,-13498.684570,102.251953
1,-12576.486328,-12553.394531,23.091797
2,-10620.652344,-10565.196289,55.456055
3,-11576.270508,-11511.768555,64.501953
4,-10954.274414,-10936.218750,18.055664
5,-10558.199219,-10564.536133,6.336914
6,-11985.272461,-11978.977539,6.294922
7,-11343.734375,-11420.879883,77.145508
8,-10583.454102,-10533.431641,50.022461
9,-10108.492188,-9933.640625,174.851562
10,-10486.971680,-10469.112305,17.859375
11,-11572.401367,-11508.370117,64.031250
12,-14017.736328,-13937.166992,80.569336
13,-9585.901367,-9554.845703,31.055664
14,-9641.225586,-10003.875977,362.650391
15,-11396.024414,-11375.015625,21.008789
16,-10937.307617,-10905.177734,32.129883
17,-11870.483398,-11913.840820,43.357422
18,-11748.208008,-11543.761719,204.446289
19,-10919.550781,-10911.668945,7.881836
20,-11840.660156,-11811.770508,28.889648
21,-11866.558594,-11844.586914,21.971680
22,-12775.483398,-12757.309570,18.173828
23,-10556.915039,-10566.061523,9.146484
24,-10318.365234,-10340.071289,21.706055
25,-9548.313477,-9554.411133,6.097656
26,-12541.723633,-12488.501953,53.221680
27,-9177.316406,-9620.880859,443.564453
28,-10389.190430,-10329.749023,59.441406
29,-10982.943359,-10969.043945,13.899414
30,-10582.625977,-10566.407227,16.218750
31,-11909.957031,-11914.469727,4.512695
32,-12541.759766,-12553.772461,12.012695
33,-10588.972656,-10834.231445,245.258789
34,-11591.850586,-11575.876953,15.973633
35,-11563.858398,-11544.002930,19.855469
36,-10487.684570,-10499.958008,12.273438
37,-14253.305664,-14089.933594,163.372070
38,-12421.464844,-12354.044922,67.419922
39,-10959.777344,-10937.226562,22.550781
40,-12260.406250,-12246.777344,13.628906
41,-11337.604492,-11303.146484,34.458008
42,-11016.306641,-11001.580078,14.726562
43,-11360.683594,-11374.910156,14.226562
44,-11573.710938,-11542.752930,30.958008
45,-10960.598633,-10967.206055,6.607422
46,-11040.806641,-10968.337891,72.468750
47,-10496.221680,-10532.243164,36.021484
48,-12767.230469,-12823.902344,56.671875
49,-9256.882812,-8865.435547,391.447266
50,-10636.607422,-10598.396484,38.210938
51,-9964.914062,-9989.923828,25.009766
52,-12427.460938,-12415.283203,12.177734
53,-10942.626953,-10971.535156,28.908203
54,-11495.119141,-11543.732422,48.613281
55,-10890.776367,-10869.083984,21.692383
56,-9905.148438,-9934.561523,29.413086
57,-12931.427734,-12861.800781,69.626953
58,-10377.390625,-10339.115234,38.275391
59,-10374.171875,-10339.620117,34.551758
60,-10590.099609,-10531.671875,58.427734
61,-11339.038086,-11337.657227,1.380859
62,-11545.390625,-11512.333984,33.056641
63,-12915.320312,-12924.502930,9.182617
64,-10484.820312,-10466.745117,18.075195
65,-12439.529297,-12490.454102,50.924805
66,-11548.716797,-11542.567383,6.149414
67,-11928.545898,-11916.375000,12.170898
68,-11383.632812,-11374.641602,8.991211
69,-10938.181641,-10937.666992,0.514648
70,-11528.447266,-11510.581055,17.866211
71,-12029.748047,-11979.778320,49.969727
72,-12851.515625,-12790.191406,61.324219
73,-9404.598633,-9464.125000,59.526367
74,-10989.635742,-10971.105469,18.530273
75,-12410.990234,-12351.949219,59.041016
76,-10921.204102,-10911.768555,9.435547
77,-12436.584961,-12455.587891,19.002930
78,-11478.042969,-11477.454102,0.588867
79,-12943.216797,-12926.005859,17.210938
80,-12680.517578,-12431.525391,248.992188
81,-12171.636719,-12373.346680,201.709961
82,-11014.095703,-11001.740234,12.355469
83,-11553.338867,-11542.741211,10.597656
84,-11555.690430,-11576.146484,20.456055
85,-10523.344727,-10499.601562,23.743164
86,-8861.257812,-8858.500977,2.756836
87,-12299.892578,-12319.694336,19.801758
88,-11406.123047,-11374.217773,31.905273
89,-10357.096680,-10330.314453,26.782227
90,-10541.310547,-10531.974609,9.335938
91,-12516.356445,-12522.051758,5.695312
92,-12275.099609,-12352.669922,77.570312
93,-14199.021484,-14202.872070,3.850586
94,-10553.910156,-10565.432617,11.522461
95,-9996.087891,-9990.643555,5.444336
96,-9934.642578,-9957.859375,23.216797
97,-10574.089844,-10566.213867,7.875977
98,-11495.642578,-11477.249023,18.393555
99,-11941.816406,-11946.578125,4.761719
100,-11932.507812,-11945.985352,13.477539
101,-12809.992188,-12789.951172,20.041016
102,-10233.248047,-10272.914062,39.666016
103,-9814.766602,-9797.851562,16.915039
104,-11939.804688,-11948.402344,8.597656
105,-9192.208984,-9393.004883,200.795898
106,-11364.451172,-11341.975586,22.475586
107,-11868.611328,-11844.517578,24.093750
108,-6423.191406,-6413.638184,9.553223
109,-11985.903320,-11915.433594,70.469727
110,-10892.435547,-10902.692383,10.256836
111,-10591.611328,-10631.538086,39.926758
112,-11756.005859,-11914.928711,158.922852
113,-10972.540039,-10935.870117,36.669922
114,-11940.614258,-11915.978516,24.635742
115,-10983.854492,-10968.888672,14.965820
116,-11515.342773,-11542.441406,27.098633
117,-11970.052734,-11947.549805,22.502930
118,-12482.505859,-12521.248047,38.742188
119,-11458.217773,-11444.850586,13.367188
120,-10563.649414,-10533.569336,30.080078
121,-10547.560547,-10533.243164,14.317383
122,-12327.201172,-12352.593750,25.392578
123,-10998.542969,-10968.888672,29.654297
124,-10421.219727,-10464.478516,43.258789
125,-11963.147461,-11980.868164,17.720703
126,-12148.719727,-12111.850586,36.869141
127,-10573.830078,-10533.057617,40.772461
128,-10919.354492,-10870.758789,48.595703
129,-11362.299805,-11341.973633,20.326172
130,-12284.751953,-12250.300781,34.451172
131,-11012.869141,-11002.237305,10.631836
132,-11507.968750,-11479.807617,28.161133
133,-11493.978516,-11511.004883,17.026367
134,-11427.553711,-11511.188477,83.634766
135,-9497.393555,-9522.361328,24.967773
136,-11501.058594,-11476.503906,24.554688
137,-10869.738281,-10834.408203,35.330078
138,-11437.740234,-11407.258789,30.481445
139,-13271.727539,-13226.476562,45.250977
140,-11942.130859,-11946.218750,4.087891
141,-11504.725586,-11510.857422,6.131836
142,-10567.427734,-10566.059570,1.368164
143,-11805.156250,-11812.869141,7.712891
144,-12377.842773,-12386.082031,8.239258
145,-11418.284180,-11405.760742,12.523438
146,-9761.479492,-9437.475586,324.003906
147,-10952.416016,-10967.454102,15.038086
148,-11012.562500,-11001.651367,10.911133
149,-11440.475586,-11406.745117,33.730469
150,-11406.223633,-11407.640625,1.416992
151,-12367.906250,-12353.238281,14.667969
152,-10963.438477,-10969.220703,5.782227
153,-11890.142578,-11915.239258,25.096680
154,-10497.954102,-10273.270508,224.683594
155,-10946.560547,-10935.821289,10.739258
156,-12360.583984,-12353.587891,6.996094
157,-11936.723633,-11948.673828,11.950195
158,-11395.918945,-11373.148438,22.770508
159,-11892.687500,-11916.332031,23.644531
160,-11161.353516,-11283.283203,121.929688
161,-10626.234375,-10599.689453,26.544922
162,-10517.653320,-10534.330078,16.676758
163,-10570.241211,-10565.091797,5.149414
164,-11887.566406,-11914.689453,27.123047
165,-11516.305664,-11478.558594,37.747070
166,-10554.542969,-10532.727539,21.815430
167,-11599.159180,-11541.607422,57.551758
168,-11404.812500,-11408.954102,4.141602
169,-8726.832031,-8832.089844,105.257812
170,-10880.368164,-10866.784180,13.583984
171,-11830.023438,-11609.236328,220.787109
172,-11245.807617,-11342.840820,97.033203
173,-11832.079102,-11776.840820,55.238281
174,-9805.121094,-9900.498047,95.376953
175,-10600.221680,-10531.018555,69.203125
176,-10524.082031,-10501.610352,22.471680
177,-11985.750000,-11916.420898,69.329102
178,-11491.165039,-11476.269531,14.895508
179,-12444.677734,-12456.193359,11.515625
180,-10518.442383,-10499.897461,18.544922
181,-9412.435547,-9496.232422,83.796875
182,-11146.502930,-11316.409180,169.906250
183,-7250.753906,-6381.682617,869.071289
184,-12510.829102,-12521.106445,10.277344
185,-10551.417969,-10531.911133,19.506836
186,-9897.113281,-9868.079102,29.034180
187,-12372.423828,-12351.472656,20.951172
188,-11714.875977,-11511.301758,203.574219
189,-11978.711914,-11946.583984,32.127930
190,-10500.528320,-10441.358398,59.169922
191,-11310.323242,-11308.295898,2.027344
192,-12458.714844,-12454.038086,4.676758
193,-9989.384766,-9991.027344,1.642578
194,-11885.931641,-11848.615234,37.316406
195,-10750.474609,-10800.943359,50.468750
196,-10977.797852,-10969.740234,8.057617
197,-12774.896484,-12787.853516,12.957031
198,-10595.462891,-10566.928711,28.534180
199,-10926.756836,-10937.490234,10.733398
200,-10784.105469,-10838.405273,54.299805
201,-9765.962891,-9837.361328,71.398438
202,-8718.275391,-8519.438477,198.836914
203,-11892.771484,-11914.277344,21.505859
204,-9631.136719,-9588.096680,43.040039
205,-11518.930664,-11543.677734,24.747070
206,-10559.644531,-10566.449219,6.804688
207,-11518.586914,-11543.645508,25.058594
208,-10499.176758,-10499.347656,0.170898
209,-12458.017578,-12554.077148,96.059570
210,-11411.190430,-11406.921875,4.268555
211,-11421.864258,-11478.509766,56.645508
212,-10027.599609,-9960.317383,67.282227
213,-12320.770508,-12385.833008,65.062500
214,-9930.927734,-9899.817383,31.110352
215,-9578.997070,-9463.702148,115.294922
216,-12361.172852,-12354.606445,6.566406
217,-12956.125977,-12894.528320,61.597656
218,-10917.667969,-11002.842773,85.174805
219,-10454.007812,-10441.290039,12.717773
220,-10837.085938,-10880.791992,43.706055
221,-11441.877930,-11511.022461,69.144531
222,-12986.893555,-12924.450195,62.443359
223,-10452.874023,-10426.010742,26.863281
224,-9548.690430,-9552.243164,3.552734
225,-11448.491211,-11478.140625,29.649414
226,-11910.091797,-11913.915039,3.823242
227,-10502.812500,-10498.988281,3.824219
228,-11512.697266,-11510.583008,2.114258
229,-10976.223633,-10970.231445,5.992188
230,-11067.788086,-11034.735352,33.052734
231,-10916.433594,-10937.887695,21.454102
232,-9515.145508,-9522.030273,6.884766
233,-13474.633789,-13467.668945,6.964844
234,-11905.882812,-11947.890625,42.007812
235,-9553.323242,-9521.739258,31.583984
236,-10417.346680,-10429.400391,12.053711
237,-11622.386719,-11576.194336,46.192383
238,-10470.987305,-10408.854492,62.132812
239,-11402.140625,-11373.472656,28.667969
240,-10335.076172,-10304.251953,30.824219
241,-11937.935547,-11948.479492,10.543945
242,-10557.075195,-10566.514648,9.439453
243,-9757.332031,-9866.088867,108.756836
244,-10633.064453,-10565.408203,67.656250
245,-11367.517578,-11340.927734,26.589844
246,-10521.245117,-10501.295898,19.949219
247,-8628.804688,-8485.269531,143.535156
248,-11408.963867,-11375.903320,33.060547
249,-11385.868164,-11373.913086,11.955078
250,-12491.410156,-12425.038086,66.372070
251,-11493.537109,-11477.542969,15.994141
252,-13003.453125,-12927.091797,76.361328
253,-10380.588867,-10395.939453,15.350586
254,-11495.172852,-11479.095703,16.077148
255,-9019.252930,-8924.677734,94.575195
256,-9924.392578,-9958.392578,34.000000
257,-9533.561523,-9555.601562,22.040039
258,-12056.751953,-11916.341797,140.410156
259,-10530.711914,-10531.988281,1.276367
260,-8867.621094,-8452.689453,414.931641
261,-11963.027344,-11945.949219,17.078125
262,-10952.350586,-10935.984375,16.366211
263,-13337.887695,-13330.035156,7.852539
264,-10971.962891,-10970.596680,1.366211
265,-10218.877930,-10407.875977,188.998047
266,-10560.352539,-10498.956055,61.396484
267,-11488.738281,-11477.142578,11.595703
268,-11822.889648,-11884.930664,62.041016
269,-11489.069336,-11476.231445,12.837891
270,-11466.161133,-11445.089844,21.071289
271,-11018.233398,-11001.897461,16.335938
272,-10933.304688,-10937.544922,4.240234
273,-13434.460938,-13363.359375,71.101562
274,-10494.667969,-10465.111328,29.556641
275,-8495.859375,-8551.990234,56.130859
276,-12263.969727,-12321.399414,57.429688
277,-10585.849609,-10566.445312,19.404297
278,-10963.271484,-10970.824219,7.552734
279,-11005.993164,-10945.304688,60.688477
280,-10498.437500,-10497.916016,0.521484
281,-13825.322266,-13905.029297,79.707031
282,-12934.590820,-12924.894531,9.696289
283,-12516.770508,-12521.003906,4.233398
284,-8639.451172,-8798.003906,158.552734
285,-10448.401367,-10306.114258,142.287109
286,-12329.282227,-12283.141602,46.140625
287,-7953.950684,-8259.398438,305.447754
288,-11970.627930,-11947.580078,23.047852
289,-11556.450195,-11543.821289,12.628906
290,-10385.926758,-10328.772461,57.154297
291,-11701.041016,-11675.176758,25.864258
292,-9391.877930,-9463.276367,71.398438
293,-11006.476562,-11001.612305,4.864258
294,-9540.248047,-9521.494141,18.753906
295,-11059.907227,-11511.387695,451.480469
296,-9562.678711,-9554.298828,8.379883
297,-11593.265625,-11576.951172,16.314453
298,-11966.987305,-11948.176758,18.810547
299,-12408.231445,-12385.495117,22.736328
300,-11515.217773,-11510.320312,4.897461
301,-11541.264648,-11576.220703,34.956055
302,-11458.640625,-11406.876953,51.763672
303,-10570.777344,-10565.299805,5.477539
304,-11906.413086,-11981.275391,74.862305
305,-12579.176758,-12553.662109,25.514648
306,-10964.287109,-10936.375977,27.911133
307,-10507.785156,-10498.850586,8.934570
308,-11509.205078,-11511.674805,2.469727
309,-9476.328125,-9554.922852,78.594727
310,-10791.622070,-10834.426758,42.804688
311,-11980.537109,-11948.156250,32.380859
312,-11473.857422,-11477.575195,3.717773
313,-11910.446289,-11948.941406,38.495117
314,-10543.372070,-10498.708008,44.664062
315,-12349.839844,-12386.484375,36.644531
316,-11508.097656,-11543.395508,35.297852
317,-12841.870117,-12757.315430,84.554688
318,-13103.241211,-13122.995117,19.753906
319,-9746.477539,-9901.152344,154.674805
320,-9846.831055,-9899.161133,52.330078
321,-12376.222656,-12386.866211,10.643555
322,-11962.055664,-11946.568359,15.487305
323,-11757.157227,-11779.550781,22.393555
324,-11784.803711,-11812.072266,27.268555
325,-12421.488281,-12415.602539,5.885742
326,-10590.357422,-10565.130859,25.226562
327,-12076.745117,-11980.053711,96.691406
328,-10992.481445,-10968.589844,23.891602
329,-10144.725586,-9900.097656,244.627930
330,-10430.814453,-10426.318359,4.496094
331,-10670.577148,-10936.499023,265.921875
332,-9074.696289,-8888.487305,186.208984
333,-10969.350586,-10970.094727,0.744141
334,-11873.144531,-11812.013672,61.130859
335,-11577.796875,-11576.324219,1.472656
336,-10500.009766,-10532.875000,32.865234
337,-11000.024414,-10969.038086,30.986328
338,-12938.011719,-12957.711914,19.700195
339,-9759.868164,-9836.131836,76.263672
340,-12501.906250,-12486.986328,14.919922
341,-10561.575195,-10533.437500,28.137695
342,-12330.199219,-12285.872070,44.327148
343,-8915.775391,-8891.828125,23.947266
344,-10956.854492,-10938.022461,18.832031
345,-11859.710938,-11948.373047,88.662109
346,-11786.074219,-11843.418945,57.344727
347,-10372.717773,-10363.073242,9.644531
348,-11312.901367,-11303.894531,9.006836
349,-12388.006836,-12385.622070,2.384766
350,-10378.383789,-10337.533203,40.850586
351,-11539.863281,-11510.134766,29.728516
352,-11800.296875,-11844.141602,43.844727
353,-10968.420898,-10878.721680,89.699219
354,-11931.234375,-11884.611328,46.623047
355,-9965.354492,-9958.732422,6.622070
356,-9054.407227,-9589.267578,534.860352
357,-11999.223633,-11980.787109,18.436523
358,-9842.141602,-9900.881836,58.740234
359,-11431.760742,-11509.678711,77.917969
360,-11026.114258,-11002.281250,23.833008
361,-9957.855469,-9958.738281,0.882812
362,-11885.769531,-11844.211914,41.557617
363,-11953.405273,-11948.875977,4.529297
364,-11690.568359,-11813.000000,122.431641
365,-11031.177734,-11003.915039,27.262695
366,-11538.106445,-11509.713867,28.392578
367,-11872.015625,-11881.531250,9.515625
368,-12489.578125,-12554.611328,65.033203
369,-8478.377930,-8551.812500,73.434570
370,-12430.666992,-12353.338867,77.328125
371,-9484.235352,-9529.467773,45.232422
372,-10510.572266,-10507.832031,2.740234
373,-9877.443359,-9899.425781,21.982422
374,-11602.992188,-11542.270508,60.721680
375,-10995.325195,-10970.139648,25.185547
376,-10927.734375,-10937.270508,9.536133
377,-11580.000000,-11575.712891,4.287109
378,-11985.677734,-12014.625977,28.948242
379,-9522.946289,-9521.320312,1.625977
380,-11306.903320,-11342.052734,35.149414
381,-11396.845703,-11341.646484,55.199219
382,-12520.345703,-12522.758789,2.413086
383,-11929.501953,-11949.000000,19.498047
384,-10391.848633,-10393.131836,1.283203
385,-13949.818359,-13905.529297,44.289062
386,-9557.129883,-9554.618164,2.511719
387,-12929.430664,-12893.791992,35.638672
388,-11977.673828,-11947.460938,30.212891
389,-11430.404297,-11439.832031,9.427734
390,-13037.050781,-12926.743164,110.307617
391,-10544.125977,-10533.506836,10.619141
392,-12283.977539,-12249.118164,34.859375
393,-10907.541016,-10905.270508,2.270508
394,-12205.118164,-12156.314453,48.803711
395,-10757.552734,-10507.024414,250.528320
396,-10898.895508,-10904.828125,5.932617
397,-9955.309570,-9958.418945,3.109375
398,-12363.406250,-12353.389648,10.016602
399,-10572.057617,-10565.212891,6.844727
400,-12986.735352,-12894.116211,92.619141
401,-11005.974609,-10968.677734,37.296875
402,-12013.785156,-11979.612305,34.172852
403,-12524.822266,-12553.404297,28.582031
404,-12017.539062,-11981.179688,36.359375
405,-9851.503906,-9925.521484,74.017578
406,-9955.403320,-9956.794922,1.391602
407,-9903.648438,-9957.438477,53.790039
408,-10951.340820,-10938.566406,12.774414
409,-11544.097656,-11511.636719,32.460938
410,-12504.718750,-12554.804688,50.085938
411,-13008.361328,-13007.827148,0.534180
412,-10896.465820,-10901.385742,4.919922
413,-10997.744141,-10969.004883,28.739258
414,-10834.463867,-10872.269531,37.805664
415,-11963.308594,-11947.281250,16.027344
416,-9642.586914,-9811.785156,169.198242
417,-10887.480469,-10865.519531,21.960938
418,-10997.320312,-10967.965820,29.354492
419,-10697.389648,-10498.638672,198.750977
420,-11384.467773,-11403.731445,19.263672
421,-10506.465820,-10233.808594,272.657227
422,-12391.341797,-12385.437500,5.904297
423,-11322.805664,-11340.177734,17.372070
424,-10520.937500,-10499.203125,21.734375
425,-12902.317383,-12927.125977,24.808594
426,-13072.542969,-13228.088867,155.545898
427,-10916.911133,-10937.374023,20.462891
428,-12444.458984,-12487.666992,43.208008
429,-11423.702148,-11406.515625,17.186523
430,-11535.641602,-11511.041016,24.600586
431,-10979.131836,-10936.421875,42.709961
432,-10882.007812,-10905.961914,23.954102
433,-11007.731445,-11002.399414,5.332031
434,-11533.091797,-11510.977539,22.114258
435,-9951.066406,-9932.246094,18.820312
436,-11952.526367,-11947.133789,5.392578
437,-11514.215820,-11543.380859,29.165039
438,-16174.621094,-15930.724609,243.896484
439,-10327.474609,-10363.933594,36.458984
440,-12917.244141,-12923.398438,6.154297
441,-11370.377930,-11371.608398,1.230469
442,-9981.458008,-9931.501953,49.956055
443,-11376.945312,-11510.325195,133.379883
444,-10750.128906,-10833.143555,83.014648
445,-13355.019531,-13332.208008,22.811523
446,-11360.222656,-11373.690430,13.467773
447,-9382.663086,-9268.807617,113.855469
448,-10547.553711,-10499.641602,47.912109
449,-9921.497070,-9960.943359,39.446289
450,-11903.913086,-11914.126953,10.213867
451,-11758.991211,-11811.609375,52.618164
452,-11522.520508,-11510.260742,12.259766
453,-11534.822266,-11512.141602,22.680664
454,-10607.683594,-10442.702148,164.981445
455,-11870.527344,-11813.614258,56.913086
456,-9518.166016,-9492.637695,25.528320
457,-10972.261719,-10970.096680,2.165039
458,-10413.958008,-10506.791992,92.833984
459,-11542.362305,-11509.474609,32.887695
460,-9900.475586,-9925.022461,24.546875
461,-11808.209961,-11777.748047,30.461914
462,-9508.878906,-9554.907227,46.028320
463,-9729.040039,-9868.125000,139.084961
464,-10579.312500,-10531.848633,47.463867
465,-11959.999023,-11945.510742,14.488281
466,-11911.009766,-11845.142578,65.867188
467,-11887.411133,-11948.614258,61.203125
468,-9246.873047,-9358.317383,111.444336
469,-11355.393555,-11311.598633,43.794922
470,-11955.537109,-11882.555664,72.981445
471,-12832.093750,-12788.775391,43.318359
472,-10948.732422,-10938.045898,10.686523
473,-12005.750977,-12012.601562,6.850586
474,-9472.126953,-9399.690430,72.436523
475,-11922.978516,-11948.084961,25.106445
476,-12952.310547,-13007.868164,55.557617
477,-12154.183594,-11718.796875,435.386719
478,-11853.987305,-11843.401367,10.585938
479,-11968.210938,-11981.406250,13.195312
480,-9516.227539,-9488.181641,28.045898
481,-10487.101562,-10466.417969,20.683594
482,-10515.647461,-10531.215820,15.568359
483,-11031.609375,-10970.628906,60.980469
484,-12403.212891,-12351.925781,51.287109
485,-11532.682617,-11543.141602,10.458984
486,-10509.966797,-10498.814453,11.152344
487,-11432.719727,-11404.826172,27.893555
488,-10430.409180,-10427.248047,3.161133
489,-11436.879883,-11510.354492,73.474609
490,-11491.115234,-11406.655273,84.459961
491,-11858.701172,-11880.005859,21.304688
492,-10999.411133,-11001.923828,2.512695
493,-12488.756836,-12450.703125,38.053711
494,-12530.327148,-12521.280273,9.046875
495,-11908.138672,-11915.139648,7.000977
496,-12014.970703,-11979.129883,35.840820
497,-10406.724609,-10533.269531,126.544922
498,-9951.303711,-9924.355469,26.948242
499,-10980.334961,-10968.504883,11.830078
500,-10502.189453,-10499.622070,2.567383
501,-9015.916016,-8801.067383,214.848633
502,-9074.008789,-8921.100586,152.908203
503,-10955.582031,-10971.175781,15.593750
504,-10402.315430,-10272.185547,130.129883
505,-11425.594727,-11476.225586,50.630859
506,-11485.389648,-11478.658203,6.731445
507,-10937.589844,-10934.016602,3.573242
508,-12950.040039,-12925.981445,24.058594
509,-9925.046875,-9932.818359,7.771484
510,-10934.427734,-10938.574219,4.146484
511,-11478.280273,-11510.656250,32.375977
512,-12867.509766,-12822.050781,45.458984
513,-10932.983398,-10937.945312,4.961914
514,-10059.063477,-9959.411133,99.652344
515,-12545.319336,-12555.344727,10.025391
516,-11393.359375,-11408.152344,14.792969
517,-9859.257812,-9932.546875,73.289062
518,-9354.613281,-9496.049805,141.436523
519,-11285.642578,-11372.738281,87.095703
520,-12505.694336,-12488.493164,17.201172
521,-12482.778320,-12456.610352,26.167969
522,-11321.925781,-11338.798828,16.873047
523,-10919.748047,-10937.444336,17.696289
524,-12091.786133,-11857.872070,233.914062
525,-10888.285156,-10905.308594,17.023438
526,-11489.061523,-11510.508789,21.447266
527,-11980.230469,-11948.898438,31.332031
528,-11432.592773,-11478.458984,45.866211
529,-10551.000000,-10533.769531,17.230469
530,-10523.999023,-10532.219727,8.220703
531,-11496.865234,-11478.696289,18.168945
532,-11398.191406,-11478.064453,79.873047
533,-9502.028320,-9430.081055,71.947266
534,-10227.978516,-10305.170898,77.192383
535,-10970.425781,-10970.476562,0.050781
536,-11435.328125,-11406.974609,28.353516
537,-11762.773438,-11811.155273,48.381836
538,-11615.015625,-11576.529297,38.486328
539,-12397.864258,-12385.457031,12.407227
540,-15540.476562,-15494.766602,45.709961
541,-11828.393555,-11890.765625,62.372070
542,-11018.791992,-10937.767578,81.024414
543,-12784.915039,-12789.845703,4.930664
544,-11873.817383,-11776.574219,97.243164
545,-11397.099609,-11373.199219,23.900391
546,-11495.363281,-11508.694336,13.331055
547,-9814.411133,-9764.291992,50.119141
548,-9884.409180,-9926.296875,41.887695
549,-11979.521484,-11947.734375,31.787109
550,-12459.657227,-12488.838867,29.181641
551,-11002.075195,-10967.678711,34.396484
552,-13098.924805,-12959.859375,139.065430
553,-11571.172852,-11544.371094,26.801758
554,-11430.142578,-11476.867188,46.724609
555,-10516.007812,-10500.836914,15.170898
556,-10980.053711,-10809.052734,171.000977
557,-10536.663086,-10499.857422,36.805664
558,-11617.244141,-11509.145508,108.098633
559,-11405.983398,-11407.963867,1.980469
560,-8454.304688,-8428.347656,25.957031
561,-11961.315430,-11946.854492,14.460938
562,-10434.554688,-10430.757812,3.796875
563,-9926.261719,-9924.402344,1.859375
564,-11051.494141,-10938.647461,112.846680
565,-11834.944336,-11810.879883,24.064453
566,-11538.365234,-11512.867188,25.498047
567,-11351.023438,-11343.040039,7.983398
568,-11724.165039,-11811.361328,87.196289
569,-11826.313477,-11810.788086,15.525391
570,-10370.525391,-10442.050781,71.525391
571,-11961.123047,-11948.041016,13.082031
572,-10407.283203,-10462.424805,55.141602
573,-11915.182617,-11947.917969,32.735352
574,-10998.872070,-10970.747070,28.125000
575,-11557.348633,-11543.453125,13.895508
576,-11500.488281,-11509.801758,9.313477
577,-10953.378906,-10970.649414,17.270508
578,-11930.016602,-11946.120117,16.103516
579,-11972.263672,-11980.123047,7.859375
580,-12825.480469,-12860.288086,34.807617
581,-11974.047852,-11947.137695,26.910156
582,-11413.041016,-11374.681641,38.359375
583,-11840.718750,-11876.485352,35.766602
584,-12004.139648,-11947.030273,57.109375
585,-9456.002930,-9497.461914,41.458984
586,-9494.364258,-9523.314453,28.950195
587,-9960.708984,-9926.965820,33.743164
588,-8435.020508,-8428.019531,7.000977
589,-11581.018555,-11577.054688,3.963867
590,-12741.661133,-12821.078125,79.416992
591,-6365.054688,-6322.972168,42.082520
592,-11556.638672,-11543.547852,13.090820
593,-11962.599609,-11948.591797,14.007812
594,-10522.942383,-10532.998047,10.055664
595,-11547.931641,-11512.228516,35.703125
596,-11858.612305,-11914.195312,55.583008
597,-12814.544922,-12756.151367,58.393555
598,-11054.083008,-10913.313477,140.769531
599,-11038.284180,-11001.587891,36.696289
600,-8502.433594,-8201.402344,301.031250
601,-11001.405273,-10969.226562,32.178711
602,-13004.587891,-12927.022461,77.565430
603,-10878.562500,-10904.622070,26.059570
604,-11553.290039,-11512.452148,40.837891
605,-11927.362305,-11915.759766,11.602539
606,-12914.946289,-12891.358398,23.587891
607,-12319.629883,-12354.109375,34.479492
608,-10535.853516,-10534.184570,1.668945
609,-11838.463867,-11777.203125,61.260742
610,-10598.376953,-10565.539062,32.837891
611,-7597.894531,-7762.208008,164.313477
612,-10391.927734,-10362.531250,29.396484
613,-12395.990234,-12320.797852,75.192383
614,-10515.740234,-10409.248047,106.492188
615,-9445.750000,-9303.206055,142.543945
616,-10926.905273,-10904.315430,22.589844
617,-9440.627930,-9461.547852,20.919922
618,-10832.877930,-10833.701172,0.823242
619,-12050.388672,-11947.344727,103.043945
620,-11986.577148,-11948.057617,38.519531
621,-11358.788086,-11373.691406,14.903320
622,-12039.045898,-11947.801758,91.244141
623,-12676.366211,-12788.855469,112.489258
624,-9433.353516,-9463.814453,30.460938
625,-12431.955078,-12488.934570,56.979492
626,-11399.985352,-11375.660156,24.325195
627,-11020.111328,-10938.835938,81.275391
628,-10841.239258,-10833.012695,8.226562
629,-10029.767578,-9990.623047,39.144531
630,-12461.737305,-12456.758789,4.978516
631,-11920.243164,-11948.753906,28.510742
632,-11413.340820,-11373.351562,39.989258
633,-12013.022461,-11980.041016,32.981445
634,-10970.306641,-10970.344727,0.038086
635,-11470.639648,-11542.831055,72.191406
636,-10514.046875,-10530.978516,16.931641
637,-11537.365234,-11510.436523,26.928711
638,-12883.487305,-12893.290039,9.802734
639,-12813.649414,-12791.440430,22.208984
640,-10464.333008,-10500.633789,36.300781
641,-8755.345703,-8584.876953,170.468750
642,-10440.149414,-10361.540039,78.609375
643,-6928.610840,-7566.379395,637.768555
644,-10951.265625,-10935.073242,16.192383
645,-11469.527344,-11444.916016,24.611328
646,-11004.284180,-11003.083984,1.200195
647,-11475.716797,-11407.017578,68.699219
648,-11569.657227,-11510.929688,58.727539
649,-9940.354492,-9902.072266,38.282227
650,-11860.258789,-11809.925781,50.333008
651,-11436.685547,-11373.197266,63.488281
652,-10800.564453,-10879.431641,78.867188
653,-11975.146484,-11945.975586,29.170898
654,-11451.535156,-11444.761719,6.773438
655,-9936.443359,-9933.475586,2.967773
656,-11253.127930,-10775.513672,477.614258
657,-11946.574219,-11946.858398,0.284180
658,-11439.193359,-11407.414062,31.779297
659,-7591.360352,-7763.420410,172.060059
660,-11052.262695,-11001.852539,50.410156
661,-12512.250977,-12520.776367,8.525391
662,-9710.944336,-9766.366211,55.421875
663,-10979.410156,-10971.281250,8.128906
664,-10980.608398,-10967.459961,13.148438
665,-12409.485352,-12383.799805,25.685547
666,-10456.338867,-10469.331055,12.992188
667,-11408.170898,-11373.417969,34.752930
668,-9947.091797,-9992.689453,45.597656
669,-11194.659180,-11206.767578,12.108398
670,-11493.250977,-11479.462891,13.788086
671,-11518.423828,-11509.121094,9.302734
672,-12051.928711,-12011.967773,39.960938
673,-11566.732422,-11543.954102,22.778320
674,-10013.691406,-9990.678711,23.012695
675,-12318.977539,-12249.831055,69.146484
676,-10564.333008,-10566.033203,1.700195
677,-9549.805664,-9521.677734,28.127930
678,-11979.188477,-11915.233398,63.955078
679,-11898.777344,-11844.472656,54.304688
680,-11377.466797,-11375.391602,2.075195
681,-10487.307617,-10464.765625,22.541992
682,-11275.504883,-11342.777344,67.272461
683,-11953.155273,-11948.484375,4.670898
684,-11511.794922,-11577.000977,65.206055
685,-12718.863281,-12791.077148,72.213867
686,-13309.349609,-13191.540039,117.809570
687,-11573.456055,-11543.026367,30.429688
688,-11555.617188,-11511.630859,43.986328
689,-9881.240234,-9895.438477,14.198242
690,-12455.718750,-12489.057617,33.338867
691,-10957.525391,-10935.954102,21.571289
692,-11516.983398,-11510.681641,6.301758
693,-11958.608398,-11913.883789,44.724609
694,-10960.182617,-10938.697266,21.485352
695,-11033.549805,-10935.579102,97.970703
696,-10011.376953,-9965.822266,45.554688
697,-12894.537109,-12892.448242,2.088867
698,-10021.378906,-9899.731445,121.647461
699,-11533.459961,-11509.839844,23.620117
700,-9527.573242,-9496.002930,31.570312
701,-12453.796875,-12521.144531,67.347656
702,-7295.695312,-7659.539062,363.843750
703,-12511.919922,-12489.550781,22.369141
704,-11947.087891,-11947.740234,0.652344
705,-10948.860352,-10935.983398,12.876953
706,-11496.136719,-11511.839844,15.703125
707,-10554.365234,-10337.875977,216.489258
708,-12500.744141,-12554.242188,53.498047
709,-9694.075195,-9496.262695,197.812500
710,-11547.467773,-11575.633789,28.166016
711,-7152.643066,-7359.023926,206.380859
712,-10588.382812,-10565.446289,22.936523
713,-11370.345703,-11374.459961,4.114258
714,-11551.816406,-11543.630859,8.185547
715,-9551.127930,-9522.009766,29.118164
716,-10585.303711,-10566.085938,19.217773
717,-9777.096680,-9901.942383,124.845703
718,-10774.268555,-10776.077148,1.808594
719,-12495.412109,-12489.591797,5.820312
720,-11376.758789,-11375.084961,1.673828
721,-11341.640625,-11374.804688,33.164062
722,-10983.100586,-10968.534180,14.566406
723,-11567.160156,-11509.550781,57.609375
724,-12531.195312,-12488.830078,42.365234
725,-11568.139648,-11477.717773,90.421875
726,-11450.262695,-11406.316406,43.946289
727,-11294.480469,-11452.275391,157.794922
728,-11316.878906,-11375.099609,58.220703
729,-11456.366211,-11237.453125,218.913086
730,-8544.302734,-8427.591797,116.710938
731,-11497.254883,-11509.553711,12.298828
732,-10990.907227,-10968.601562,22.305664
733,-11737.542969,-11745.933594,8.390625
734,-11276.319336,-11237.213867,39.105469
735,-10568.587891,-10532.944336,35.643555
736,-10900.944336,-10904.065430,3.121094
737,-8489.122070,-8460.489258,28.632812
738,-12804.607422,-12788.594727,16.012695
739,-9542.706055,-9437.826172,104.879883
740,-10536.224609,-10499.370117,36.854492
741,-8441.057617,-8426.961914,14.095703
742,-10405.704102,-10394.412109,11.291992
743,-12463.260742,-12487.714844,24.454102
744,-11450.983398,-11478.546875,27.563477
745,-10593.661133,-10499.777344,93.883789
746,-11491.212891,-11542.505859,51.292969
747,-12459.706055,-12455.501953,4.204102
748,-9955.076172,-9923.334961,31.741211
749,-11536.739258,-11542.721680,5.982422
750,-11547.265625,-11543.069336,4.196289
751,-12917.717773,-12925.539062,7.821289
752,-11956.994141,-11947.725586,9.268555
753,-9239.113281,-9326.698242,87.584961
754,-11400.675781,-11374.048828,26.626953
755,-12307.486328,-12286.147461,21.338867
756,-11932.039062,-11948.628906,16.589844
757,-11345.108398,-11374.810547,29.702148
758,-10940.088867,-10866.760742,73.328125
759,-12898.127930,-12959.628906,61.500977
760,-11771.670898,-11812.757812,41.086914
761,-12958.597656,-12926.000977,32.596680
762,-12476.957031,-12520.592773,43.635742
763,-8620.781250,-8395.823242,224.958008
764,-10508.930664,-10500.444336,8.486328
765,-11928.610352,-11949.562500,20.952148
766,-12443.826172,-12385.957031,57.869141
767,-11489.806641,-11508.356445,18.549805
768,-11579.879883,-11543.790039,36.089844
769,-11413.454102,-11375.314453,38.139648
770,-10989.083008,-10936.697266,52.385742
771,-10639.724609,-10531.617188,108.107422
772,-11359.682617,-11406.755859,47.073242
773,-10904.766602,-10904.060547,0.706055
774,-11459.442383,-11477.654297,18.211914
775,-10948.290039,-10969.492188,21.202148
776,-10974.439453,-10971.346680,3.092773
777,-11411.664062,-11443.836914,32.172852
778,-10976.948242,-10970.310547,6.637695
779,-11893.757812,-11948.971680,55.213867
780,-12427.132812,-12455.283203,28.150391
781,-10607.817383,-10598.513672,9.303711
782,-11288.986328,-11238.940430,50.045898
783,-10397.593750,-10393.088867,4.504883
784,-11556.143555,-11510.226562,45.916992
785,-10898.864258,-10506.788086,392.076172
786,-10836.012695,-10835.456055,0.556641
787,-12293.368164,-12247.723633,45.644531
788,-11021.666016,-11002.406250,19.259766
789,-12965.311523,-12958.740234,6.571289
790,-11997.344727,-12012.397461,15.052734
791,-8992.527344,-8922.295898,70.231445
792,-11508.446289,-11406.916992,101.529297
793,-10991.238281,-10968.123047,23.115234
794,-11530.311523,-11542.796875,12.485352
795,-12681.388672,-12790.190430,108.801758
796,-10478.448242,-10442.561523,35.886719
797,-10864.760742,-10899.000977,34.240234
798,-10596.812500,-10566.115234,30.697266
799,-11474.320312,-11510.844727,36.524414
800,-9978.562500,-9990.708008,12.145508
801,-11784.441406,-11810.813477,26.372070
802,-11483.429688,-11445.234375,38.195312
803,-12197.849609,-12248.637695,50.788086
804,-11512.495117,-11478.172852,34.322266
805,-11540.994141,-11512.101562,28.892578
806,-11472.813477,-11478.649414,5.835938
807,-11829.552734,-11850.301758,20.749023
808,-9506.306641,-9293.840820,212.465820
809,-11474.247070,-11479.714844,5.467773
810,-12014.875000,-11947.349609,67.525391
811,-11000.489258,-11002.591797,2.102539
812,-8819.893555,-8923.171875,103.278320
813,-11941.007812,-11948.464844,7.457031
814,-11449.182617,-11406.594727,42.587891
815,-9804.897461,-9923.778320,118.880859
816,-11625.918945,-11674.757812,48.838867
817,-12477.000977,-12488.177734,11.176758
818,-9232.323242,-9328.300781,95.977539
819,-10846.406250,-10879.417969,33.011719
820,-12332.821289,-12353.770508,20.949219
821,-11868.049805,-11914.766602,46.716797
822,-10966.966797,-10936.007812,30.958984
823,-11469.868164,-11476.059570,6.191406
824,-10975.824219,-10969.574219,6.250000
825,-11408.224609,-11407.247070,0.977539
826,-10906.246094,-10905.046875,1.199219
827,-10520.142578,-10499.732422,20.410156
828,-10530.236328,-10501.414062,28.822266
829,-12873.470703,-12893.440430,19.969727
830,-11533.399414,-11510.540039,22.859375
831,-10639.037109,-10598.208984,40.828125
832,-11031.469727,-10969.364258,62.105469
833,-12360.761719,-12319.499023,41.262695
834,-12535.365234,-12521.818359,13.546875
835,-10913.231445,-10969.457031,56.225586
836,-11367.905273,-11375.876953,7.971680
837,-11395.217773,-11419.094727,23.876953
838,-13314.646484,-13330.207031,15.560547
839,-11518.001953,-11543.585938,25.583984
840,-12398.223633,-12319.790039,78.433594
841,-11488.213867,-11479.066406,9.147461
842,-11306.365234,-11342.979492,36.614258
843,-12433.440430,-12385.100586,48.339844
844,-10954.807617,-10938.275391,16.532227
845,-13455.148438,-13433.984375,21.164062
846,-12517.927734,-12521.851562,3.923828
847,-11935.918945,-11948.672852,12.753906
848,-11324.927734,-11341.141602,16.213867
849,-9992.421875,-9990.006836,2.415039
850,-10979.208984,-10968.252930,10.956055
851,-10945.311523,-10901.868164,43.443359
852,-9451.064453,-9496.960938,45.896484
853,-10148.754883,-9901.004883,247.750000
854,-10415.733398,-10467.169922,51.436523
855,-11005.525391,-11001.806641,3.718750
856,-9556.976562,-9554.539062,2.437500
857,-11945.815430,-11916.139648,29.675781
858,-9515.269531,-9487.931641,27.337891
859,-11899.972656,-11914.826172,14.853516
860,-10981.712891,-11004.592773,22.879883
861,-10414.748047,-10473.759766,59.011719
862,-11971.310547,-11916.872070,54.438477
863,-11563.183594,-11478.882812,84.300781
864,-10802.794922,-10800.390625,2.404297
865,-12571.882812,-12570.751953,1.130859
866,-9978.458984,-9927.512695,50.946289
867,-8461.725586,-8427.803711,33.921875
868,-9559.758789,-9554.485352,5.273438
869,-10918.874023,-10905.211914,13.662109
870,-10050.701172,-10460.486328,409.785156
871,-10377.844727,-10393.259766,15.415039
872,-11030.058594,-11002.287109,27.771484
873,-10994.107422,-10968.481445,25.625977
874,-12958.998047,-12895.031250,63.966797
875,-10811.091797,-10865.787109,54.695312
876,-10145.752930,-10394.170898,248.417969
877,-12568.830078,-12519.885742,48.944336
878,-11519.010742,-11509.809570,9.201172
879,-12530.063477,-12487.885742,42.177734
880,-12505.899414,-12486.697266,19.202148
881,-11424.064453,-11406.698242,17.366211
882,-10500.113281,-10499.581055,0.532227
883,-12517.459961,-12488.382812,29.077148
884,-10919.050781,-10912.168945,6.881836
885,-14673.697266,-14639.417969,34.279297
886,-10561.027344,-10532.649414,28.377930
887,-11550.385742,-11543.854492,6.531250
888,-8942.736328,-8485.719727,457.016602
889,-13508.332031,-13466.482422,41.849609
890,-11895.798828,-11914.438477,18.639648
891,-12516.496094,-12352.465820,164.030273
892,-11255.683594,-11270.760742,15.077148
893,-12441.460938,-12520.631836,79.170898
894,-11591.106445,-11575.686523,15.419922
895,-11984.692383,-11949.021484,35.670898
896,-11619.590820,-11477.104492,142.486328
897,-11591.641602,-11544.599609,47.041992
898,-11500.215820,-11511.122070,10.906250
899,-11004.035156,-10967.181641,36.853516
900,-9485.740234,-9489.197266,3.457031
901,-11603.411133,-11543.368164,60.042969
902,-11930.437500,-11915.245117,15.192383
903,-10595.032227,-10565.163086,29.869141
904,-13530.117188,-13532.427734,2.310547
905,-10454.723633,-10473.702148,18.978516
906,-11941.671875,-11948.214844,6.542969
907,-13505.072266,-13434.662109,70.410156
908,-10957.339844,-10970.508789,13.168945
909,-11475.992188,-11510.930664,34.938477
910,-11054.983398,-10776.912109,278.071289
911,-10837.108398,-10833.277344,3.831055
912,-10569.535156,-10532.825195,36.709961
913,-10559.872070,-10531.958984,27.913086
914,-9421.632812,-9463.504883,41.872070
915,-12478.734375,-12554.196289,75.461914
916,-9528.896484,-9555.725586,26.829102
917,-12232.171875,-12281.531250,49.359375
918,-12570.095703,-12553.749023,16.346680
919,-12516.429688,-12385.958984,130.470703
920,-11494.133789,-11511.024414,16.890625
921,-10505.457031,-10531.785156,26.328125
922,-5986.272461,-5625.188477,361.083984
923,-13009.644531,-12959.790039,49.854492
924,-12270.857422,-12353.993164,83.135742
925,-10877.620117,-10878.649414,1.029297
926,-13005.172852,-12958.865234,46.307617
927,-9951.633789,-9934.833008,16.800781
928,-9953.945312,-9957.752930,3.807617
929,-10862.298828,-10801.984375,60.314453
930,-10187.835938,-10273.036133,85.200195
931,-11550.434570,-11609.059570,58.625000
932,-12450.467773,-12418.951172,31.516602
933,-10764.885742,-10878.794922,113.909180
934,-9974.375000,-9991.553711,17.178711
935,-11322.306641,-11484.373047,162.066406
936,-10963.706055,-10970.838867,7.132812
937,-11005.453125,-10970.716797,34.736328
938,-9935.997070,-9898.178711,37.818359
939,-10801.354492,-10708.287109,93.067383
940,-11343.557617,-11375.152344,31.594727
941,-11217.528320,-11439.706055,222.177734
942,-11364.747070,-11374.865234,10.118164
943,-7907.918945,-7797.215332,110.703613
944,-10107.109375,-10274.349609,167.240234
945,-9207.826172,-8923.276367,284.549805
946,-9986.524414,-9932.602539,53.921875
947,-11967.658203,-11947.883789,19.774414
948,-11504.955078,-11512.097656,7.142578
949,-9508.880859,-9521.061523,12.180664
950,-12278.500977,-12456.982422,178.481445
951,-10023.081055,-10057.116211,34.035156
952,-7989.592773,-7821.249512,168.343262
953,-11566.700195,-11576.693359,9.993164
954,-10980.348633,-10935.502930,44.845703
955,-10972.703125,-10968.144531,4.558594
956,-11844.784180,-11878.021484,33.237305
957,-12689.267578,-12430.715820,258.551758
958,-10392.984375,-10362.776367,30.208008
959,-12884.037109,-12925.898438,41.861328
960,-11542.183594,-11510.368164,31.815430
961,-11514.552734,-11510.187500,4.365234
962,-11890.844727,-11882.367188,8.477539
963,-10531.245117,-10473.750000,57.495117
964,-11425.761719,-11477.193359,51.431641
965,-11913.550781,-11915.829102,2.278320
966,-11124.883789,-11273.552734,148.668945
967,-10757.181641,-10878.626953,121.445312
968,-12057.967773,-11980.282227,77.685547
969,-10954.619141,-10902.917969,51.701172
970,-13405.854492,-13332.231445,73.623047
971,-11557.937500,-11510.595703,47.341797
972,-11951.435547,-11914.643555,36.791992
973,-11466.900391,-11475.031250,8.130859
974,-10546.539062,-10565.390625,18.851562
975,-10490.083008,-10499.083008,9.000000
976,-10870.286133,-10879.182617,8.896484
977,-11491.791016,-11476.222656,15.568359
978,-11558.623047,-11576.684570,18.061523
979,-10482.230469,-10507.574219,25.343750
980,-11524.708984,-11510.715820,13.993164
981,-9629.430664,-9495.964844,133.465820
982,-10582.065430,-10534.163086,47.902344
983,-11431.072266,-11406.791992,24.280273
984,-11543.585938,-11576.463867,32.877930
985,-10537.331055,-10566.259766,28.928711
986,-11964.668945,-11946.659180,18.009766
987,-12386.016602,-11888.626953,497.389648
988,-13406.641602,-13466.880859,60.239258
989,-11894.058594,-11917.136719,23.078125
990,-9986.353516,-9893.699219,92.654297
991,-10293.449219,-10339.565430,46.116211
992,-9505.468750,-9554.468750,49.000000
993,-11483.947266,-11480.242188,3.705078
994,-10915.333984,-10905.130859,10.203125
995,-11556.543945,-11543.897461,12.646484
996,-12448.148438,-12487.000000,38.851562
997,-12431.585938,-12385.979492,45.606445
998,-12744.248047,-12788.378906,44.130859
999,-12387.279297,-12384.940430,2.338867
1000,-11861.666016,-11844.150391,17.515625
1001,-9015.759766,-8858.437500,157.322266
1002,-12544.746094,-12520.044922,24.701172
1003,-10939.108398,-10900.929688,38.178711
1004,-10490.754883,-10466.165039,24.589844
1005,-10579.227539,-10565.199219,14.028320
1006,-10311.434570,-10304.708008,6.726562
1007,-12222.133789,-12553.816406,331.682617
1008,-11446.109375,-11419.511719,26.597656
1009,-9535.041992,-9495.952148,39.089844
1010,-12907.347656,-12925.525391,18.177734
1011,-12473.457031,-12487.685547,14.228516
1012,-12001.395508,-11979.692383,21.703125
1013,-11509.598633,-11511.083984,1.485352
1014,-12308.852539,-12248.100586,60.751953
1015,-11374.953125,-11342.028320,32.924805
1016,-10513.764648,-10500.740234,13.024414
1017,-10945.909180,-10970.645508,24.736328
1018,-11978.098633,-11980.231445,2.132812
1019,-9977.294922,-9990.875977,13.581055
1020,-12652.078125,-12684.015625,31.937500
1021,-10867.063477,-10813.398438,53.665039
1022,-10383.953125,-10464.406250,80.453125
1023,-10916.334961,-10938.031250,21.696289
1024,-8573.749023,-8518.734375,55.014648
1025,-10777.546875,-10876.716797,99.169922
1026,-11589.776367,-11309.980469,279.795898
1027,-11428.063477,-11478.100586,50.037109
1028,-11905.627930,-11912.783203,7.155273
1029,-7500.019531,-7327.246094,172.773438
1030,-11561.704102,-11452.673828,109.030273
1031,-10570.313477,-10565.172852,5.140625
1032,-11545.478516,-11543.976562,1.501953
1033,-10571.779297,-10565.728516,6.050781
1034,-10538.739258,-10531.968750,6.770508
1035,-11028.119141,-10969.742188,58.376953
1036,-11107.308594,-10934.254883,173.053711
1037,-11947.306641,-11947.841797,0.535156
1038,-11120.982422,-10776.870117,344.112305
1039,-10957.118164,-11003.905273,46.787109
1040,-11368.552734,-11406.532227,37.979492
1041,-9385.969727,-9429.763672,43.793945
1042,-10540.410156,-10533.303711,7.106445
1043,-11423.255859,-11444.806641,21.550781
1044,-9717.065430,-9438.547852,278.517578
1045,-11011.991211,-11001.902344,10.088867
1046,-11579.006836,-11575.861328,3.145508
1047,-11969.151367,-11949.765625,19.385742
1048,-11978.083008,-11980.078125,1.995117
1049,-10509.948242,-10534.811523,24.863281
1050,-10959.497070,-10936.720703,22.776367
1051,-10626.203125,-10598.125000,28.078125
1052,-12497.249023,-12489.411133,7.837891
1053,-11376.147461,-11374.704102,1.443359
1054,-11520.322266,-11544.192383,23.870117
1055,-9855.416016,-9900.200195,44.784180
1056,-11004.192383,-10969.748047,34.444336
1057,-10636.642578,-10506.695312,129.947266
1058,-11376.999023,-11374.154297,2.844727
1059,-10479.741211,-10500.214844,20.473633
1060,-10954.677734,-10970.453125,15.775391
1061,-11938.325195,-11948.300781,9.975586
1062,-12425.245117,-12386.025391,39.219727
1063,-10556.516602,-10565.537109,9.020508
1064,-12501.869141,-12486.829102,15.040039
1065,-10583.769531,-10532.080078,51.689453
1066,-10876.543945,-10902.797852,26.253906
1067,-10627.360352,-10599.135742,28.224609
1068,-11577.684570,-11350.366211,227.318359
1069,-10017.191406,-10024.008789,6.817383
1070,-12042.129883,-12012.351562,29.778320
1071,-10272.529297,-10304.391602,31.862305
1072,-10567.844727,-10531.999023,35.845703
1073,-11039.132812,-11001.717773,37.415039
1074,-10521.590820,-10498.911133,22.679688
1075,-9231.569336,-9437.604492,206.035156
1076,-11005.576172,-10967.900391,37.675781
1077,-10555.002930,-10498.837891,56.165039
1078,-10575.636719,-10598.337891,22.701172
1079,-10529.702148,-10506.844727,22.857422
1080,-11001.800781,-10838.430664,163.370117
1081,-10619.400391,-10474.775391,144.625000
1082,-12321.837891,-12352.950195,31.112305
1083,-10995.103516,-10968.405273,26.698242
1084,-10474.945312,-10465.557617,9.387695
1085,-12472.823242,-12522.734375,49.911133
1086,-12638.066406,-12684.752930,46.686523
1087,-10909.700195,-10938.209961,28.509766
1088,-11965.997070,-11948.711914,17.285156
1089,-12009.714844,-11981.625000,28.089844
1090,-12438.175781,-12385.316406,52.859375
1091,-10996.203125,-10970.727539,25.475586
1092,-12960.851562,-12957.028320,3.823242
1093,-11901.112305,-11948.339844,47.227539
1094,-11929.305664,-11945.037109,15.731445
1095,-10516.190430,-10499.542969,16.647461
1096,-10737.984375,-10800.805664,62.821289
1097,-10573.464844,-10709.035156,135.570312
1098,-9544.419922,-9554.630859,10.210938
1099,-10920.343750,-10936.163086,15.819336
1100,-9854.541992,-9926.386719,71.844727
1101,-11953.787109,-11981.394531,27.607422
1102,-10979.302734,-10969.627930,9.674805
1103,-11263.809570,-11406.868164,143.058594
1104,-12414.688477,-12455.267578,40.579102
1105,-10350.336914,-10365.076172,14.739258
1106,-11894.132812,-11949.375000,55.242188
1107,-10578.503906,-10866.596680,288.092773
1108,-10125.200195,-9934.596680,190.603516
1109,-10920.369141,-10937.259766,16.890625
1110,-9064.642578,-6727.351562,2337.291016
1111,-11244.564453,-11237.989258,6.575195
1112,-15228.307617,-14919.209961,309.097656
1113,-12874.388672,-12903.519531,29.130859
1114,-12371.503906,-12351.045898,20.458008
1115,-10548.329102,-10565.440430,17.111328
1116,-10667.226562,-10598.481445,68.745117
1117,-10899.146484,-11407.716797,508.570312
1118,-12963.049805,-12958.298828,4.750977
1119,-12016.438477,-11947.834961,68.603516
1120,-11993.288086,-11948.810547,44.477539
1121,-10511.913086,-10499.400391,12.512695
1122,-11582.245117,-11576.943359,5.301758
1123,-11475.023438,-11512.166016,37.142578
1124,-9888.550781,-9925.658203,37.107422
1125,-11966.184570,-12014.711914,48.527344
1126,-10605.464844,-10565.229492,40.235352
1127,-9876.629883,-9867.598633,9.031250
1128,-12359.409180,-12385.965820,26.556641
1129,-9938.323242,-9897.159180,41.164062
1130,-11809.433594,-11778.361328,31.072266
1131,-12488.523438,-12454.824219,33.699219
1132,-10584.996094,-10565.463867,19.532227
1133,-10565.987305,-10499.757812,66.229492
1134,-11421.175781,-11407.510742,13.665039
1135,-11469.329102,-11510.783203,41.454102
1136,-12483.479492,-12454.505859,28.973633
1137,-11986.750977,-11948.751953,37.999023
1138,-10606.754883,-10566.549805,40.205078
1139,-10934.421875,-10937.856445,3.434570
1140,-11559.049805,-11510.128906,48.920898
1141,-11535.128906,-11512.063477,23.065430
1142,-12410.737305,-12521.587891,110.850586
1143,-12541.004883,-12555.059570,14.054688
1144,-13512.887695,-13466.393555,46.494141
1145,-12473.431641,-12455.580078,17.851562
1146,-11365.426758,-10911.362305,454.064453
1147,-10294.879883,-10332.670898,37.791016
1148,-12462.401367,-12489.342773,26.941406
1149,-9477.404297,-9487.315430,9.911133
1150,-9797.470703,-9866.296875,68.826172
1151,-12290.207031,-12321.337891,31.130859
1152,-10447.408203,-10473.354492,25.946289
1153,-10955.249023,-10937.140625,18.108398
1154,-11466.373047,-11316.609375,149.763672
1155,-12513.917969,-12488.859375,25.058594
1156,-10510.455078,-10441.500000,68.955078
1157,-10182.879883,-10273.735352,90.855469
1158,-10770.291992,-10767.538086,2.753906
1159,-11375.511719,-11406.740234,31.228516
1160,-10321.217773,-10329.443359,8.225586
1161,-10889.262695,-10832.113281,57.149414
1162,-12392.512695,-12385.166992,7.345703
1163,-12397.833008,-12386.157227,11.675781
1164,-10983.833984,-10968.550781,15.283203
1165,-12894.631836,-12924.890625,30.258789
1166,-11967.680664,-11980.487305,12.806641
1167,-11398.425781,-11476.132812,77.707031
1168,-11524.959961,-11542.683594,17.723633
1169,-11907.822266,-11915.533203,7.710938
1170,-11509.560547,-11510.405273,0.844727
1171,-9421.637695,-9495.692383,74.054688
1172,-10352.535156,-10372.552734,20.017578
1173,-10485.988281,-10466.823242,19.165039
1174,-12513.712891,-12398.154297,115.558594
1175,-10583.194336,-10566.000977,17.193359
1176,-12466.450195,-12466.822266,0.372070
1177,-9926.773438,-9926.540039,0.233398
1178,-9991.345703,-9835.652344,155.693359
1179,-12013.795898,-11948.779297,65.016602
1180,-11454.013672,-11396.724609,57.289062
1181,-10589.135742,-10598.464844,9.329102
1182,-12566.624023,-12519.974609,46.649414
1183,-11920.745117,-11914.706055,6.039062
1184,-11864.156250,-11812.266602,51.889648
1185,-12315.048828,-12320.102539,5.053711
1186,-9799.136719,-9730.769531,68.367188
1187,-9585.533203,-9521.591797,63.941406
1188,-9996.034180,-9933.324219,62.709961
1189,-11473.471680,-11510.080078,36.608398
1190,-12266.348633,-12353.735352,87.386719
1191,-10951.815430,-10969.101562,17.286133
1192,-12524.691406,-12521.225586,3.465820
1193,-11561.859375,-11542.470703,19.388672
1194,-10426.603516,-10364.191406,62.412109
1195,-12898.981445,-12927.330078,28.348633
1196,-11519.615234,-11509.393555,10.221680
1197,-11529.132812,-11543.424805,14.291992
1198,-11487.291016,-11477.587891,9.703125
1199,-8399.794922,-8393.809570,5.985352
1200,-11465.671875,-11477.842773,12.170898
1201,-11552.501953,-11544.425781,8.076172
1202,-11485.934570,-11510.697266,24.762695
1203,-11215.223633,-11207.387695,7.835938
1204,-10531.179688,-10533.753906,2.574219
1205,-10515.906250,-10466.549805,49.356445
1206,-7785.345703,-7852.896973,67.551270
1207,-11914.043945,-11948.056641,34.012695
1208,-12006.890625,-11949.261719,57.628906
1209,-11804.962891,-11372.469727,432.493164
1210,-5575.499023,-5344.570312,230.928711
1211,-11999.431641,-11980.823242,18.608398
1212,-10851.505859,-10847.933594,3.572266
1213,-9859.264648,-9898.262695,38.998047
1214,-8877.819336,-8889.248047,11.428711
1215,-10524.461914,-10466.780273,57.681641
1216,-10946.204102,-10935.120117,11.083984
1217,-10415.923828,-10428.085938,12.162109
1218,-8900.083984,-8831.656250,68.427734
1219,-6643.399414,-6726.451172,83.051758
1220,-11512.382812,-11447.074219,65.308594
1221,-10543.455078,-10531.965820,11.489258
1222,-10560.768555,-10565.430664,4.662109
1223,-12472.542969,-12386.713867,85.829102
1224,-9977.523438,-9901.275391,76.248047
1225,-10889.561523,-10935.768555,46.207031
1226,-11016.935547,-10741.524414,275.411133
1227,-10939.483398,-10935.458984,4.024414
1228,-11511.843750,-11511.762695,0.081055
1229,-12402.281250,-12385.390625,16.890625
1230,-10575.248047,-10565.230469,10.017578
1231,-11570.493164,-11406.791992,163.701172
1232,-10467.897461,-10500.916016,33.018555
1233,-10901.873047,-10877.211914,24.661133
1234,-11390.131836,-11374.244141,15.887695
1235,-9954.742188,-9924.857422,29.884766
1236,-10575.219727,-10531.327148,43.892578
1237,-9296.296875,-9359.615234,63.318359
1238,-10769.077148,-10878.594727,109.517578
1239,-12443.674805,-12457.330078,13.655273
1240,-11414.950195,-11408.005859,6.944336
1241,-11595.732422,-11542.417969,53.314453
1242,-12081.161133,-11981.923828,99.237305
1243,-10549.739258,-10565.279297,15.540039
1244,-9610.810547,-9462.933594,147.876953
1245,-10536.060547,-10533.437500,2.623047
1246,-12423.987305,-12422.224609,1.762695
1247,-9586.804688,-9587.701172,0.896484
1248,-10340.782227,-10364.854492,24.072266
1249,-10796.612305,-10812.885742,16.273438
1250,-11506.654297,-11508.979492,2.325195
1251,-11424.573242,-11407.928711,16.644531
1252,-9492.174805,-9455.811523,36.363281
1253,-11469.396484,-11441.174805,28.221680
1254,-10980.075195,-10970.427734,9.647461
1255,-9571.458984,-9555.716797,15.742188
1256,-11789.728516,-11778.096680,11.631836
1257,-11759.458984,-11720.666992,38.791992
1258,-10987.906250,-10969.868164,18.038086
1259,-10900.027344,-10902.804688,2.777344
1260,-10916.614258,-10971.393555,54.779297
1261,-12522.977539,-12519.797852,3.179688
1262,-10617.269531,-10598.324219,18.945312
1263,-10551.672852,-10499.410156,52.262695
1264,-10886.498047,-10904.821289,18.323242
1265,-10518.292969,-10499.446289,18.846680
1266,-11792.399414,-11812.548828,20.149414
1267,-11510.581055,-11510.492188,0.088867
1268,-10576.725586,-10565.908203,10.817383
1269,-11976.661133,-11947.373047,29.288086
1270,-12013.456055,-11914.567383,98.888672
1271,-11405.791992,-11406.447266,0.655273
1272,-12026.996094,-11881.056641,145.939453
1273,-10099.005859,-9933.648438,165.357422
1274,-10398.400391,-10395.823242,2.577148
1275,-11384.333984,-11372.560547,11.773438
1276,-10783.903320,-10813.390625,29.487305
1277,-11488.413086,-11512.062500,23.649414
1278,-9904.807617,-9923.937500,19.129883
1279,-12482.238281,-12488.159180,5.920898
1280,-9819.412109,-9868.195312,48.783203
1281,-11551.565430,-11543.654297,7.911133
1282,-12321.838867,-12354.133789,32.294922
1283,-10510.269531,-10534.054688,23.785156
1284,-11022.631836,-11001.340820,21.291016
1285,-11437.113281,-11475.841797,38.728516
1286,-7657.979980,-7852.793457,194.813477
1287,-12346.737305,-12352.816406,6.079102
1288,-11995.085938,-11981.238281,13.847656
1289,-12807.222656,-12894.035156,86.812500
1290,-11326.953125,-11342.751953,15.798828
1291,-12557.153320,-12520.904297,36.249023
1292,-11916.869141,-11949.053711,32.184570
1293,-11942.773438,-11948.372070,5.598633
1294,-11597.315430,-11286.252930,311.062500
1295,-10583.029297,-10598.346680,15.317383
1296,-11558.958984,-11542.799805,16.159180
1297,-10630.162109,-10598.458008,31.704102
1298,-11559.680664,-11542.832031,16.848633
1299,-10818.455078,-10800.737305,17.717773
1300,-10119.332031,-10440.633789,321.301758
1301,-9743.839844,-9495.903320,247.936523
1302,-10822.063477,-10880.966797,58.903320
1303,-12863.921875,-12895.554688,31.632812
1304,-10642.846680,-10742.898438,100.051758
1305,-10539.382812,-10532.896484,6.486328
1306,-11474.859375,-11510.125977,35.266602
1307,-11941.628906,-11948.268555,6.639648
1308,-10837.779297,-10802.830078,34.949219
1309,-11984.112305,-11948.833984,35.278320
1310,-11965.053711,-11947.883789,17.169922
1311,-10940.977539,-10936.420898,4.556641
1312,-12347.181641,-12456.825195,109.643555
1313,-10805.689453,-10871.527344,65.837891
1314,-10017.290039,-9956.468750,60.821289
1315,-9613.562500,-9554.735352,58.827148
1316,-10898.378906,-10971.773438,73.394531
1317,-10953.665039,-11004.395508,50.730469
1318,-10749.062500,-10533.636719,215.425781
1319,-9111.478516,-8920.917969,190.560547
1320,-12309.252930,-12384.543945,75.291016
1321,-10553.107422,-10533.454102,19.653320
1322,-10353.340820,-10364.125000,10.784180
1323,-11939.389648,-11948.362305,8.972656
1324,-12260.812500,-12249.946289,10.866211
1325,-9987.148438,-9991.675781,4.527344
1326,-12462.743164,-12418.292969,44.450195
1327,-12007.390625,-11980.365234,27.025391
1328,-9527.766602,-9587.654297,59.887695
1329,-10980.478516,-10935.037109,45.441406
1330,-10534.677734,-10498.831055,35.846680
1331,-13220.884766,-13226.498047,5.613281
1332,-10990.932617,-10970.437500,20.495117
1333,-11559.877930,-11543.432617,16.445312
1334,-12275.360352,-12248.320312,27.040039
1335,-10944.665039,-10879.450195,65.214844
1336,-9423.340820,-9497.043945,73.703125
1337,-10168.351562,-10463.684570,295.333008
1338,-11021.723633,-10970.183594,51.540039
1339,-10568.843750,-10533.340820,35.502930
1340,-11495.605469,-11509.542969,13.937500
1341,-9620.381836,-9588.474609,31.907227
1342,-10950.975586,-10937.899414,13.076172
1343,-8802.610352,-8921.810547,119.200195
1344,-11919.339844,-11915.517578,3.822266
1345,-11563.816406,-11544.581055,19.235352
1346,-10597.197266,-10599.228516,2.031250
1347,-8611.976562,-8393.664062,218.312500
1348,-10816.166016,-10801.544922,14.621094
1349,-10381.782227,-10364.875977,16.906250
1350,-11558.631836,-11544.177734,14.454102
1351,-11004.696289,-10971.767578,32.928711
1352,-10962.639648,-10970.036133,7.396484
1353,-10960.269531,-10936.451172,23.818359
1354,-13832.517578,-13765.717773,66.799805
1355,-11343.090820,-11373.816406,30.725586
1356,-11996.685547,-11938.018555,58.666992
1357,-10534.992188,-10566.417969,31.425781
1358,-12243.699219,-11858.447266,385.251953
1359,-9898.572266,-9404.955078,493.617188
1360,-10099.967773,-9933.895508,166.072266
1361,-10472.167969,-10473.482422,1.314453
1362,-9935.192383,-9956.544922,21.352539
1363,-11957.601562,-11949.342773,8.258789
1364,-11952.725586,-11945.065430,7.660156
1365,-10809.009766,-10832.353516,23.343750
1366,-10518.573242,-10532.056641,13.483398
1367,-10933.592773,-11001.333984,67.741211
1368,-11851.336914,-11881.459961,30.123047
1369,-10446.980469,-10466.218750,19.238281
1370,-11926.022461,-11947.362305,21.339844
1371,-10548.695312,-10532.735352,15.959961
1372,-11553.064453,-11510.933594,42.130859
1373,-9929.132812,-9925.761719,3.371094
1374,-9893.422852,-9926.309570,32.886719
1375,-10985.596680,-10969.663086,15.933594
1376,-11613.120117,-11484.170898,128.949219
1377,-11000.472656,-10936.777344,63.695312
1378,-10522.685547,-10533.673828,10.988281
1379,-10307.404297,-9900.920898,406.483398
1380,-10448.000977,-10465.955078,17.954102
1381,-11431.246094,-11408.774414,22.471680
1382,-10391.274414,-10169.004883,222.269531
1383,-10966.793945,-10935.325195,31.468750
1384,-11398.481445,-11406.617188,8.135742
1385,-11535.504883,-11510.561523,24.943359
1386,-10571.912109,-10565.200195,6.711914
1387,-9962.254883,-9927.344727,34.910156
1388,-10555.618164,-10533.470703,22.147461
1389,-11234.094727,-11307.571289,73.476562
1390,-10572.294922,-10599.685547,27.390625
1391,-12513.697266,-12385.205078,128.492188
1392,-10943.347656,-10938.560547,4.787109
1393,-9561.159180,-9587.779297,26.620117
1394,-10351.950195,-10363.583984,11.633789
1395,-11985.894531,-11945.530273,40.364258
1396,-10371.632812,-10473.096680,101.463867
1397,-11518.928711,-11510.944336,7.984375
1398,-10559.991211,-10565.116211,5.125000
1399,-9941.322266,-9957.794922,16.472656
1400,-12431.602539,-12398.551758,33.050781
1401,-12344.436523,-12353.259766,8.823242
1402,-9992.532227,-9902.083984,90.448242
1403,-9896.146484,-9860.064453,36.082031
1404,-11500.186523,-11509.784180,9.597656
1405,-10950.920898,-10934.512695,16.408203
1406,-9804.597656,-9901.308594,96.710938
1407,-11433.015625,-11408.101562,24.914062
1408,-11791.955078,-11707.648438,84.306641
1409,-12391.946289,-12386.525391,5.420898
1410,-12336.499023,-12350.460938,13.961914
1411,-10513.264648,-10371.005859,142.258789
1412,-11526.672852,-11510.773438,15.899414
1413,-12001.994141,-11981.256836,20.737305
1414,-10488.277344,-10507.144531,18.867188
1415,-9473.034180,-9463.096680,9.937500
1416,-10486.561523,-10500.047852,13.486328
1417,-12543.460938,-12554.968750,11.507812
1418,-12524.930664,-12522.146484,2.784180
1419,-11322.630859,-11341.806641,19.175781
1420,-12808.938477,-12823.771484,14.833008
1421,-9487.791992,-9488.458984,0.666992
1422,-12106.491211,-12013.708008,92.783203
1423,-11924.061523,-11948.269531,24.208008
1424,-10615.862305,-10565.199219,50.663086
1425,-7913.199707,-7852.171387,61.028320
1426,-9939.436523,-9925.391602,14.044922
1427,-11801.790039,-11778.695312,23.094727
1428,-8705.148438,-8829.703125,124.554688
1429,-10984.331055,-10939.842773,44.488281
1430,-11899.314453,-11915.454102,16.139648
1431,-10598.029297,-10532.299805,65.729492
1432,-10529.768555,-10499.354492,30.414062
1433,-11986.745117,-11948.616211,38.128906
1434,-10515.141602,-10498.053711,17.087891
1435,-10965.128906,-10880.187500,84.941406
1436,-12061.437500,-11978.534180,82.903320
1437,-10561.452148,-10533.542969,27.909180
1438,-12313.377930,-12279.995117,33.382812
1439,-6394.158691,-6413.632812,19.474121
1440,-11448.041992,-11406.518555,41.523438
1441,-10612.052734,-10598.744141,13.308594
1442,-11972.645508,-11980.764648,8.119141
1443,-12016.887695,-12012.534180,4.353516
1444,-11934.964844,-11947.629883,12.665039
1445,-8473.585938,-8484.656250,11.070312
1446,-13454.021484,-13329.452148,124.569336
1447,-12523.780273,-12522.014648,1.765625
1448,-9818.019531,-9868.929688,50.910156
1449,-12314.467773,-12353.723633,39.255859
1450,-10376.913086,-10304.250000,72.663086
1451,-10930.506836,-10935.577148,5.070312
1452,-13933.720703,-13388.602539,545.118164
1453,-9480.038086,-9522.898438,42.860352
1454,-11884.368164,-11914.611328,30.243164
1455,-10968.980469,-10970.647461,1.666992
1456,-9940.047852,-9956.678711,16.630859
1457,-9978.021484,-9958.639648,19.381836
1458,-10028.657227,-9991.982422,36.674805
1459,-11017.069336,-11002.098633,14.970703
1460,-8964.683594,-8420.912109,543.771484
1461,-10528.733398,-10533.326172,4.592773
1462,-11340.571289,-11576.029297,235.458008
1463,-11965.220703,-11945.011719,20.208984
1464,-11967.207031,-11981.355469,14.148438
1465,-11527.651367,-11544.340820,16.689453
1466,-11381.734375,-11445.992188,64.257812
1467,-11078.749023,-10969.668945,109.080078
1468,-11425.025391,-11407.168945,17.856445
1469,-11026.686523,-10968.617188,58.069336
1470,-8604.550781,-8484.567383,119.983398
1471,-10371.669922,-10363.583008,8.086914
1472,-10532.967773,-10465.939453,67.028320
1473,-11530.910156,-11543.415039,12.504883
1474,-11876.450195,-11849.284180,27.166016
1475,-10930.831055,-10937.126953,6.295898
1476,-10514.096680,-10473.837891,40.258789
1477,-10972.952148,-11003.812500,30.860352
1478,-10439.622070,-10429.126953,10.495117
1479,-11001.219727,-10969.079102,32.140625
1480,-8531.291992,-8427.346680,103.945312
1481,-12329.726562,-12386.582031,56.855469
1482,-11335.730469,-11373.750977,38.020508
1483,-11417.341797,-11374.502930,42.838867
1484,-11538.016602,-11510.951172,27.065430
1485,-10620.389648,-10598.598633,21.791016
1486,-10275.124023,-10272.150391,2.973633
1487,-10955.949219,-10935.325195,20.624023
1488,-11406.967773,-11408.273438,1.305664
1489,-10503.641602,-10499.415039,4.226562
1490,-11799.367188,-11811.720703,12.353516
1491,-11336.776367,-11341.395508,4.619141
1492,-11542.029297,-11510.079102,31.950195
1493,-12049.250977,-11947.782227,101.468750
1494,-11366.961914,-11373.383789,6.421875
1495,-11347.868164,-11373.973633,26.105469
1496,-10362.061523,-10361.674805,0.386719
1497,-11356.109375,-11342.835938,13.273438
1498,-11395.953125,-11406.321289,10.368164
1499,-11938.706055,-11914.994141,23.711914
1500,-10897.864258,-10938.059570,40.195312
1501,-9928.647461,-9926.280273,2.367188
1502,-11596.259766,-11542.698242,53.561523
1503,-11930.908203,-11949.059570,18.151367
1504,-11515.333984,-11542.594727,27.260742
1505,-10327.276367,-10333.328125,6.051758
1506,-11409.159180,-11340.508789,68.650391
1507,-12010.712891,-11947.980469,62.732422
1508,-9383.091797,-9463.096680,80.004883
1509,-10582.011719,-10565.765625,16.246094
1510,-9539.804688,-8856.162109,683.642578
1511,-12574.627930,-12554.110352,20.517578
1512,-11513.612305,-11511.454102,2.158203
1513,-11338.210938,-11374.045898,35.834961
1514,-10363.583008,-10305.645508,57.937500
1515,-9421.945312,-9456.421875,34.476562
1516,-11392.305664,-11373.682617,18.623047
1517,-11553.188477,-11511.870117,41.318359
1518,-9618.237305,-9496.896484,121.340820
1519,-11643.285156,-11543.416016,99.869141
1520,-11899.028320,-11844.701172,54.327148
1521,-9862.595703,-9867.168945,4.573242
1522,-10418.541992,-10507.854492,89.312500
1523,-10461.246094,-10429.204102,32.041992
1524,-11885.828125,-11949.194336,63.366211
1525,-12428.461914,-12457.381836,28.919922
1526,-11878.624023,-11880.913086,2.289062
1527,-10953.771484,-10866.757812,87.013672
1528,-11929.346680,-11948.753906,19.407227
1529,-11966.494141,-11948.306641,18.187500
1530,-11983.980469,-12013.377930,29.397461
1531,-11021.249023,-11001.695312,19.553711
1532,-12273.226562,-12248.969727,24.256836
1533,-11889.822266,-11947.884766,58.062500
1534,-13557.096680,-13498.459961,58.636719
1535,-10360.154297,-10397.312500,37.158203
1536,-12419.436523,-12382.351562,37.084961
1537,-10840.663086,-10906.353516,65.690430
1538,-13736.123047,-13661.620117,74.502930
1539,-10955.424805,-10932.347656,23.077148
1540,-9935.410156,-9926.730469,8.679688
1541,-12430.750977,-12554.166016,123.415039
1542,-9963.200195,-9935.528320,27.671875
1543,-10048.168945,-9900.902344,147.266602
1544,-10774.565430,-10880.246094,105.680664
1545,-11008.208008,-10968.242188,39.965820
1546,-12028.997070,-11915.370117,113.626953
1547,-10532.128906,-10533.692383,1.563477
1548,-9436.954102,-9405.990234,30.963867
1549,-10922.433594,-10936.051758,13.618164
1550,-10525.325195,-10532.605469,7.280273
1551,-10348.727539,-10274.039062,74.688477
1552,-14489.933594,-14526.299805,36.366211
1553,-10432.715820,-10429.004883,3.710938
1554,-11851.076172,-11844.616211,6.459961
1555,-9381.490234,-9496.375000,114.884766
1556,-12979.160156,-12959.142578,20.017578
1557,-10569.253906,-10534.034180,35.219727
1558,-11840.974609,-11882.502930,41.528320
1559,-10468.542969,-10498.767578,30.224609
1560,-11551.043945,-11576.569336,25.525391
1561,-10643.772461,-10742.688477,98.916016
1562,-8875.668945,-8920.833984,45.165039
1563,-11521.453125,-11476.151367,45.301758
1564,-12261.545898,-12249.258789,12.287109
1565,-11064.793945,-11036.105469,28.688477
1566,-10930.337891,-10936.915039,6.577148
1567,-9289.880859,-9360.098633,70.217773
1568,-10963.136719,-10968.558594,5.421875
1569,-10348.377930,-10338.438477,9.939453
1570,-11975.137695,-11948.763672,26.374023
1571,-9910.402344,-9899.198242,11.204102
1572,-11373.960938,-11341.297852,32.663086
1573,-11491.632812,-11512.459961,20.827148
1574,-12411.455078,-12384.571289,26.883789
1575,-12435.184570,-12455.076172,19.891602
1576,-9248.369141,-9327.651367,79.282227
1577,-10991.870117,-10968.956055,22.914062
1578,-12391.160156,-12320.492188,70.667969
1579,-9910.730469,-9923.798828,13.068359
1580,-12513.254883,-12553.817383,40.562500
1581,-10574.187500,-10532.871094,41.316406
1582,-11517.311523,-11510.393555,6.917969
1583,-11830.693359,-11779.915039,50.778320
1584,-10292.936523,-10506.370117,213.433594
1585,-12403.020508,-12385.087891,17.932617
1586,-11567.777344,-11512.346680,55.430664
1587,-11010.185547,-10968.676758,41.508789
1588,-11468.517578,-11477.845703,9.328125
1589,-11927.214844,-11947.750977,20.536133
1590,-11915.945312,-11914.231445,1.713867
1591,-10411.890625,-10394.372070,17.518555
1592,-9544.624023,-9589.240234,44.616211
1593,-10935.315430,-10903.823242,31.492188
1594,-10543.508789,-10534.111328,9.397461
1595,-11943.353516,-11944.236328,0.882812
1596,-10969.142578,-10968.260742,0.881836
1597,-11923.725586,-11914.666992,9.058594
1598,-11159.698242,-10878.633789,281.064453
1599,-9686.320312,-9733.481445,47.161133
1600,-11421.099609,-11444.499023,23.399414
1601,-10944.652344,-10937.025391,7.626953
1602,-8739.285156,-8832.022461,92.737305
1603,-11060.085938,-11002.217773,57.868164
1604,-11658.243164,-11509.791992,148.451172
1605,-11502.233398,-11512.094727,9.861328
1606,-10999.980469,-11002.656250,2.675781
1607,-11359.731445,-11408.285156,48.553711
1608,-11353.601562,-11376.306641,22.705078
1609,-7474.388184,-7482.745117,8.356934
1610,-13601.851562,-13548.634766,53.216797
1611,-10909.237305,-10905.362305,3.875000
1612,-10995.494141,-10968.243164,27.250977
1613,-9464.346680,-9405.533203,58.813477
1614,-12451.996094,-12488.378906,36.382812
1615,-11584.250977,-11543.841797,40.409180
1616,-10508.986328,-10498.398438,10.587891
1617,-10925.651367,-10902.934570,22.716797
1618,-11562.550781,-11543.838867,18.711914
1619,-10533.304688,-10532.902344,0.402344
1620,-10534.242188,-10500.840820,33.401367
1621,-12692.830078,-12959.056641,266.226562
1622,-10896.862305,-10904.701172,7.838867
1623,-11474.099609,-11510.787109,36.687500
1624,-10956.683594,-10970.500977,13.817383
1625,-9525.291992,-9488.211914,37.080078
1626,-10939.976562,-10936.142578,3.833984
1627,-11820.069336,-11779.490234,40.579102
1628,-11971.572266,-11981.920898,10.348633
1629,-13041.896484,-12958.606445,83.290039
1630,-10963.369141,-10969.221680,5.852539
1631,-6452.322754,-6380.364746,71.958008
1632,-10605.335938,-10599.567383,5.768555
1633,-11569.533203,-11477.505859,92.027344
1634,-10496.875977,-10497.908203,1.032227
1635,-9752.270508,-9959.131836,206.861328
1636,-10499.773438,-10566.805664,67.032227
1637,-8772.525391,-8889.327148,116.801758
1638,-11535.938477,-11509.714844,26.223633
1639,-11800.090820,-11778.708008,21.382812
1640,-12445.406250,-12489.055664,43.649414
1641,-12490.074219,-12489.061523,1.012695
1642,-10514.310547,-10393.744141,120.566406
1643,-11570.256836,-11544.098633,26.158203
1644,-11913.751953,-11948.247070,34.495117
1645,-11032.970703,-10968.061523,64.909180
1646,-11589.359375,-11544.542969,44.816406
1647,-12485.160156,-12488.580078,3.419922
1648,-9427.866211,-9497.099609,69.233398
1649,-12501.861328,-12521.291992,19.430664
1650,-11570.315430,-11542.416992,27.898438
1651,-12402.609375,-12353.753906,48.855469
1652,-12006.430664,-11945.493164,60.937500
1653,-12436.788086,-12319.508789,117.279297
1654,-11940.969727,-11982.193359,41.223633
1655,-11024.024414,-11002.677734,21.346680
1656,-11397.281250,-11407.482422,10.201172
1657,-14489.004883,-14526.499023,37.494141
1658,-12496.266602,-12486.695312,9.571289
1659,-9787.302734,-9620.860352,166.442383
1660,-10254.530273,-10374.816406,120.286133
1661,-10567.107422,-10531.924805,35.182617
1662,-12426.020508,-12456.248047,30.227539
1663,-11408.422852,-11376.470703,31.952148
1664,-12673.410156,-12570.816406,102.593750
1665,-10475.320312,-10274.197266,201.123047
1666,-11532.502930,-11510.112305,22.390625
1667,-10931.194336,-10937.892578,6.698242
1668,-11350.738281,-11270.301758,80.436523
1669,-9396.096680,-9429.209961,33.113281
1670,-11569.299805,-11544.026367,25.273438
1671,-9749.533203,-9835.265625,85.732422
1672,-12515.714844,-12520.023438,4.308594
1673,-12418.212891,-12351.671875,66.541016
1674,-9529.597656,-9588.993164,59.395508
1675,-10114.713867,-10203.339844,88.625977
1676,-9813.489258,-9867.422852,53.933594
1677,-10950.554688,-10937.065430,13.489258
1678,-11378.271484,-11477.908203,99.636719
1679,-10039.860352,-10024.117188,15.743164
1680,-11967.581055,-11981.008789,13.427734
1681,-11340.586914,-11371.675781,31.088867
1682,-9499.910156,-9522.078125,22.167969
1683,-13314.732422,-13443.424805,128.692383
1684,-10144.005859,-10306.760742,162.754883
1685,-12491.698242,-12488.853516,2.844727
1686,-11846.850586,-11812.304688,34.545898
1687,-11595.790039,-11543.669922,52.120117
1688,-10903.654297,-10938.771484,35.117188
1689,-11919.160156,-11915.500977,3.659180
1690,-12411.022461,-12352.694336,58.328125
1691,-11540.548828,-11509.302734,31.246094
1692,-11887.245117,-11916.727539,29.482422
1693,-10528.876953,-10499.545898,29.331055
1694,-10958.990234,-10937.077148,21.913086
1695,-10533.246094,-10533.267578,0.021484
1696,-9941.027344,-9925.796875,15.230469
1697,-8832.468750,-8456.002930,376.465820
1698,-11118.000000,-11453.630859,335.630859
1699,-10577.583984,-10531.977539,45.606445
1700,-11003.916016,-11001.382812,2.533203
1701,-9617.697266,-9555.825195,61.872070
1702,-12905.133789,-12958.645508,53.511719
1703,-10856.849609,-10832.356445,24.493164
1704,-7575.570312,-7359.244629,216.325684
1705,-11452.306641,-11509.602539,57.295898
1706,-10428.585938,-10433.851562,5.265625
1707,-11639.500000,-11609.114258,30.385742
1708,-10428.807617,-10362.804688,66.002930
1709,-12049.394531,-11981.347656,68.046875
1710,-10935.021484,-10937.094727,2.073242
1711,-11407.694336,-11372.765625,34.928711
1712,-10287.677734,-9933.394531,354.283203
1713,-11494.200195,-11510.245117,16.044922
1714,-9834.470703,-9497.318359,337.152344
1715,-11194.060547,-10880.870117,313.190430
1716,-11458.938477,-11443.633789,15.304688
1717,-12088.193359,-12012.285156,75.908203
1718,-10322.141602,-10361.011719,38.870117
1719,-11388.915039,-11375.639648,13.275391
1720,-11456.020508,-11408.651367,47.369141
1721,-11484.276367,-11510.746094,26.469727
1722,-10511.490234,-10467.108398,44.381836
1723,-9948.432617,-9933.941406,14.491211
1724,-9944.025391,-9927.597656,16.427734
1725,-9891.817383,-9927.708984,35.891602
1726,-11566.628906,-11542.680664,23.948242
1727,-9997.991211,-10023.865234,25.874023
1728,-11438.743164,-11374.150391,64.592773
1729,-10142.582031,-10406.722656,264.140625
1730,-11531.768555,-11511.241211,20.527344
1731,-11971.212891,-11946.929688,24.283203
1732,-11971.894531,-11916.051758,55.842773
1733,-11403.917969,-11373.997070,29.920898
1734,-9879.517578,-9869.940430,9.577148
1735,-11490.225586,-11517.341797,27.116211
1736,-9475.133789,-9489.121094,13.987305
1737,-11367.827148,-11342.336914,25.490234
1738,-10091.219727,-9875.010742,216.208984
1739,-11988.731445,-11979.735352,8.996094
1740,-10454.548828,-10298.118164,156.430664
1741,-11466.792969,-11408.309570,58.483398
1742,-11002.818359,-10910.891602,91.926758
1743,-9950.140625,-9960.041016,9.900391
1744,-10968.744141,-10904.032227,64.711914
1745,-9947.945312,-9927.549805,20.395508
1746,-11782.951172,-11844.695312,61.744141
1747,-10604.868164,-10473.370117,131.498047
1748,-11973.842773,-11979.102539,5.259766
1749,-12020.612305,-11979.863281,40.749023
1750,-11558.269531,-11543.614258,14.655273
1751,-10178.642578,-9934.951172,243.691406
1752,-12508.374023,-12486.831055,21.542969
1753,-12444.047852,-12454.726562,10.678711
1754,-11338.915039,-11412.337891,73.422852
1755,-11400.338867,-11753.652344,353.313477
1756,-12492.991211,-12489.425781,3.565430
1757,-11497.210938,-11511.607422,14.396484
1758,-10523.604492,-10532.729492,9.125000
1759,-11902.582031,-11845.120117,57.461914
1760,-11546.195312,-11510.790039,35.405273
1761,-12500.799805,-12487.355469,13.444336
1762,-8792.488281,-8832.221680,39.733398
1763,-11566.133789,-11576.748047,10.614258
1764,-11429.960938,-11408.028320,21.932617
1765,-12075.801758,-11981.783203,94.018555
1766,-10845.687500,-10865.321289,19.633789
1767,-9940.859375,-9925.732422,15.126953
1768,-11901.705078,-11916.445312,14.740234
1769,-11428.683594,-11406.713867,21.969727
1770,-11556.534180,-11543.510742,13.023438
1771,-12635.292969,-12586.905273,48.387695
1772,-11470.000000,-11510.445312,40.445312
1773,-12808.330078,-12789.417969,18.912109
1774,-10675.771484,-10539.900391,135.871094
1775,-11837.305664,-11812.979492,24.326172
1776,-10930.559570,-10904.919922,25.639648
1777,-9034.107422,-8987.992188,46.115234
1778,-11523.784180,-11510.389648,13.394531
1779,-8455.799805,-8453.079102,2.720703
1780,-10984.338867,-10971.490234,12.848633
1781,-9240.140625,-9132.916016,107.224609
1782,-12474.589844,-12489.370117,14.780273
1783,-11925.223633,-11979.302734,54.079102
1784,-11568.344727,-11512.281250,56.063477
1785,-10557.219727,-10473.720703,83.499023
1786,-11890.020508,-11914.151367,24.130859
1787,-10110.978516,-9797.816406,313.162109
1788,-10230.021484,-10338.941406,108.919922
1789,-10572.208008,-10531.807617,40.400391
1790,-12533.896484,-12553.324219,19.427734
1791,-11624.959961,-11609.103516,15.856445
1792,-10538.021484,-10502.727539,35.293945
1793,-12000.100586,-11949.638672,50.461914
1794,-10968.829102,-10878.575195,90.253906
1795,-11455.432617,-11510.092773,54.660156
1796,-10915.806641,-10937.924805,22.118164
1797,-11429.582031,-11374.479492,55.102539
1798,-10558.893555,-10532.866211,26.027344
1799,-10536.004883,-10743.595703,207.590820
1800,-9989.346680,-9959.519531,29.827148
1801,-12323.786133,-12353.073242,29.287109
1802,-11556.265625,-11511.891602,44.374023
1803,-11995.769531,-11946.751953,49.017578
1804,-10961.968750,-10936.713867,25.254883
1805,-10626.099609,-10565.798828,60.300781
1806,-10526.212891,-10534.071289,7.858398
1807,-9976.065430,-9991.861328,15.795898
1808,-12536.876953,-12520.586914,16.290039
1809,-11941.814453,-11914.778320,27.036133
1810,-11866.900391,-11916.570312,49.669922
1811,-11027.540039,-10935.221680,92.318359
1812,-11442.722656,-11408.362305,34.360352
1813,-11424.966797,-11407.477539,17.489258
1814,-10767.411133,-10802.526367,35.115234
1815,-11355.748047,-11375.431641,19.683594
1816,-10949.905273,-10969.246094,19.340820
1817,-9974.153320,-9960.275391,13.877930
1818,-9732.226562,-9796.390625,64.164062
1819,-10414.911133,-10474.215820,59.304688
1820,-13837.410156,-13938.203125,100.792969
1821,-11411.410156,-11342.159180,69.250977
1822,-10483.083984,-10499.899414,16.815430
1823,-10501.261719,-10473.901367,27.360352
1824,-9971.476562,-9992.465820,20.989258
1825,-10938.291992,-10971.243164,32.951172
1826,-12559.631836,-12685.056641,125.424805
1827,-11499.533203,-11477.524414,22.008789
1828,-9946.423828,-9923.547852,22.875977
1829,-11365.544922,-11340.625000,24.919922
1830,-10454.994141,-10392.967773,62.026367
1831,-12512.405273,-12488.631836,23.773438
1832,-12351.167969,-12317.808594,33.359375
1833,-12652.224609,-12554.233398,97.991211
1834,-11516.488281,-11509.792969,6.695312
1835,-12575.945312,-12489.416016,86.529297
1836,-10546.126953,-10532.061523,14.065430
1837,-10596.937500,-10532.766602,64.170898
1838,-12517.155273,-12520.804688,3.649414
1839,-12391.892578,-12352.801758,39.090820
1840,-9503.117188,-9521.220703,18.103516
1841,-11507.676758,-11510.965820,3.289062
1842,-9535.334961,-9464.121094,71.213867
1843,-11338.596680,-11340.782227,2.185547
1844,-12013.556641,-11980.031250,33.525391
1845,-11994.962891,-11946.559570,48.403320
1846,-11933.958008,-11946.144531,12.186523
1847,-12489.753906,-12522.021484,32.267578
1848,-10923.676758,-10867.413086,56.263672
1849,-10410.250000,-10430.042969,19.792969
1850,-10072.406250,-10441.862305,369.456055
1851,-10523.488281,-10533.070312,9.582031
1852,-10944.208008,-10938.606445,5.601562
1853,-11959.101562,-11947.135742,11.965820
1854,-11939.482422,-11914.508789,24.973633
1855,-11514.442383,-11510.572266,3.870117
1856,-9894.095703,-9891.656250,2.439453
1857,-11357.312500,-11376.009766,18.697266
1858,-12508.562500,-12456.500977,52.061523
1859,-11366.061523,-11376.056641,9.995117
1860,-10912.004883,-10904.203125,7.801758
1861,-10909.775391,-10902.047852,7.727539
1862,-11495.729492,-11478.828125,16.901367
1863,-12148.584961,-12248.431641,99.846680
1864,-11317.241211,-11341.948242,24.707031
1865,-10375.177734,-10428.098633,52.920898
1866,-11887.990234,-11917.063477,29.073242
1867,-11978.037109,-11947.113281,30.923828
1868,-11508.585938,-11510.988281,2.402344
1869,-11944.231445,-11949.538086,5.306641
1870,-12925.228516,-12927.376953,2.148438
1871,-10576.498047,-10531.970703,44.527344
1872,-11458.102539,-11509.576172,51.473633
1873,-11876.068359,-11912.768555,36.700195
1874,-9952.417969,-9958.926758,6.508789
1875,-9990.344727,-9707.074219,283.270508
1876,-9466.191406,-9488.369141,22.177734
1877,-11947.830078,-11948.118164,0.288086
1878,-12084.114258,-12134.333984,50.219727
1879,-10970.339844,-10970.189453,0.150391
1880,-14792.709961,-14887.848633,95.138672
1881,-12320.757812,-12319.609375,1.148438
1882,-11519.395508,-11510.417969,8.977539
1883,-11348.814453,-11341.392578,7.421875
1884,-11566.148438,-11543.794922,22.353516
1885,-12342.907227,-12384.366211,41.458984
1886,-11953.224609,-11947.685547,5.539062
1887,-12389.230469,-12354.191406,35.039062
1888,-8413.586914,-8335.795898,77.791016
1889,-11408.982422,-11374.282227,34.700195
1890,-10378.859375,-10397.226562,18.367188
1891,-12039.439453,-11948.736328,90.703125
1892,-12995.439453,-12344.596680,650.842773
1893,-11179.259766,-11484.723633,305.463867
1894,-10531.557617,-10533.332031,1.774414
1895,-10989.618164,-10971.041016,18.577148
1896,-11388.132812,-11408.464844,20.332031
1897,-10932.812500,-10869.821289,62.991211
1898,-9545.514648,-9588.406250,42.891602
1899,-11477.329102,-11543.315430,65.986328
1900,-11899.072266,-11948.852539,49.780273
1901,-11630.857422,-11544.116211,86.741211
1902,-12493.599609,-12488.462891,5.136719
1903,-11499.657227,-11510.974609,11.317383
1904,-9717.854492,-9797.746094,79.891602
1905,-9706.429688,-9529.222656,177.207031
1906,-11606.283203,-11543.385742,62.897461
1907,-12373.111328,-12352.947266,20.164062
1908,-13281.074219,-13224.622070,56.452148
1909,-12408.545898,-12384.336914,24.208984
1910,-10013.039062,-9902.394531,110.644531
1911,-12035.204102,-12015.138672,20.065430
1912,-10763.026367,-10533.744141,229.282227
1913,-10616.557617,-10474.518555,142.039062
1914,-8568.081055,-8393.703125,174.377930
1915,-12991.978516,-13005.789062,13.810547
1916,-10924.499023,-10938.752930,14.253906
1917,-11007.669922,-10968.325195,39.344727
1918,-13308.917969,-13331.618164,22.700195
1919,-9516.791016,-9488.846680,27.944336
1920,-10918.945312,-10937.549805,18.604492
1921,-10845.871094,-10944.792969,98.921875
1922,-12533.778320,-12522.615234,11.163086
1923,-9458.024414,-9521.442383,63.417969
1924,-13074.677734,-12927.455078,147.222656
1925,-10591.267578,-10566.351562,24.916016
1926,-10481.238281,-10499.916016,18.677734
1927,-11981.649414,-11948.029297,33.620117
1928,-12985.457031,-12927.908203,57.548828
1929,-8503.748047,-8486.669922,17.078125
1930,-11565.441406,-11510.619141,54.822266
1931,-10420.012695,-10394.354492,25.658203
1932,-11504.248047,-11543.130859,38.882812
1933,-11344.091797,-11310.137695,33.954102
1934,-11606.208984,-11510.070312,96.138672
1935,-10789.668945,-10768.902344,20.766602
1936,-10896.289062,-10903.927734,7.638672
1937,-9947.325195,-9957.427734,10.102539
1938,-12468.402344,-12521.313477,52.911133
1939,-11022.383789,-11001.773438,20.610352
1940,-12364.481445,-12385.065430,20.583984
1941,-11479.606445,-11509.233398,29.626953
1942,-10995.562500,-10969.798828,25.763672
1943,-12512.524414,-12521.302734,8.778320
1944,-13373.790039,-13467.028320,93.238281
1945,-10953.078125,-10936.651367,16.426758
1946,-9938.943359,-9958.672852,19.729492
1947,-11892.611328,-11949.207031,56.595703
1948,-11649.127930,-11608.833984,40.293945
1949,-13020.130859,-12925.765625,94.365234
1950,-9613.605469,-9588.895508,24.709961
1951,-10127.541016,-9867.576172,259.964844
1952,-12410.765625,-12384.405273,26.360352
1953,-9368.099609,-9497.618164,129.518555
1954,-12583.337891,-12520.892578,62.445312
1955,-10706.549805,-10809.159180,102.609375
1956,-11026.355469,-10939.598633,86.756836
1957,-10982.199219,-11002.460938,20.261719
1958,-9879.451172,-9895.382812,15.931641
1959,-10803.997070,-10866.477539,62.480469
1960,-10954.377930,-10936.510742,17.867188
1961,-10527.184570,-10533.297852,6.113281
1962,-10965.360352,-10970.030273,4.669922
1963,-12026.875000,-11980.723633,46.151367
1964,-12479.394531,-12456.547852,22.846680
1965,-11111.913086,-11034.473633,77.439453
1966,-10043.476562,-9992.695312,50.781250
1967,-9524.299805,-9555.615234,31.315430
1968,-11325.456055,-11315.403320,10.052734
1969,-12771.602539,-12790.835938,19.233398
1970,-11885.387695,-11917.377930,31.990234
1971,-11877.959961,-11915.285156,37.325195
1972,-15214.111328,-14952.520508,261.590820
1973,-11670.101562,-11510.138672,159.962891
1974,-11553.160156,-11509.375977,43.784180
1975,-11038.174805,-11001.750977,36.423828
1976,-11985.201172,-11979.154297,6.046875
1977,-9144.753906,-8833.221680,311.532227
1978,-10936.707031,-10969.107422,32.400391
1979,-12002.442383,-11948.072266,54.370117
1980,-9839.789062,-9967.932617,128.143555
1981,-10914.524414,-10970.005859,55.481445
1982,-11334.208008,-11269.807617,64.400391
1983,-11934.264648,-11917.185547,17.079102
1984,-7491.159668,-7755.074707,263.915039
1985,-11169.007812,-10911.619141,257.388672
1986,-10601.847656,-10565.318359,36.529297
1987,-9910.446289,-9923.555664,13.109375
1988,-11993.370117,-11981.559570,11.810547
1989,-12572.068359,-12489.921875,82.146484
1990,-11786.714844,-11844.405273,57.690430
1991,-11388.365234,-11406.892578,18.527344
1992,-8374.561523,-8323.909180,50.652344
1993,-10971.525391,-10937.087891,34.437500
1994,-12274.593750,-12319.595703,45.001953
1995,-11421.145508,-11371.718750,49.426758
1996,-11942.634766,-11917.401367,25.233398
1997,-6277.910645,-6347.202148,69.291504
1998,-12722.495117,-12823.426758,100.931641
1999,-11988.077148,-11917.094727,70.982422
2000,-11414.848633,-11408.027344,6.821289
2001,-12926.058594,-12957.535156,31.476562
2002,-11222.101562,-11238.078125,15.976562
2003,-14004.242188,-13985.773438,18.468750
2004,-8652.290039,-8427.910156,224.379883
2005,-11579.757812,-11575.574219,4.183594
2006,-8489.882812,-8328.596680,161.286133
2007,-11316.533203,-11316.370117,0.163086
2008,-12409.659180,-12353.083008,56.576172
2009,-8378.377930,-8292.090820,86.287109
2010,-10576.750000,-10565.424805,11.325195
2011,-11555.312500,-11542.677734,12.634766
2012,-12433.479492,-12456.251953,22.772461
2013,-12007.666016,-11947.734375,59.931641
2014,-10417.666016,-10371.209961,46.456055
2015,-11506.225586,-11441.829102,64.396484
2016,-11497.695312,-11510.512695,12.817383
2017,-9918.691406,-9957.445312,38.753906
2018,-11979.809570,-11982.262695,2.453125
2019,-12640.596680,-12686.108398,45.511719
2020,-11609.082031,-11609.474609,0.392578
2021,-11565.203125,-11542.968750,22.234375
2022,-11575.286133,-11543.775391,31.510742
2023,-11716.691406,-11746.207031,29.515625
2024,-10022.854492,-9900.877930,121.976562
2025,-10560.593750,-10911.631836,351.038086
2026,-10568.584961,-10532.024414,36.560547
2027,-10774.117188,-10801.467773,27.350586
2028,-12526.573242,-12522.418945,4.154297
2029,-11046.365234,-11608.742188,562.376953
2030,-12455.996094,-12456.416992,0.420898
2031,-11966.427734,-11947.880859,18.546875
2032,-9478.365234,-9471.249023,7.116211
2033,-11500.392578,-11511.622070,11.229492
2034,-11957.594727,-11949.129883,8.464844
2035,-11370.775391,-11270.621094,100.154297
2036,-11323.480469,-11341.598633,18.118164
2037,-9877.255859,-9934.163086,56.907227
2038,-11320.664062,-11340.144531,19.480469
2039,-9600.703125,-9588.692383,12.010742
2040,-11900.181641,-11843.492188,56.689453
2041,-10548.435547,-10565.348633,16.913086
2042,-9993.863281,-9797.931641,195.931641
2043,-9496.632812,-9487.538086,9.094727
2044,-10222.185547,-10337.748047,115.562500
2045,-9513.884766,-9521.382812,7.498047
2046,-10397.402344,-9811.765625,585.636719
2047,-9462.634766,-9462.221680,0.413086
2048,-10583.042969,-10565.427734,17.615234
2049,-9480.122070,-9523.721680,43.599609
2050,-12759.291992,-12789.515625,30.223633
2051,-8034.137695,-8454.473633,420.335938
2052,-8744.679688,-8887.542969,142.863281
2053,-10528.179688,-10531.188477,3.008789
2054,-11028.424805,-11003.985352,24.439453
2055,-11514.581055,-11542.939453,28.358398
2056,-11789.507812,-11813.382812,23.875000
2057,-12476.007812,-12486.883789,10.875977
2058,-11914.566406,-11913.925781,0.640625
2059,-11943.281250,-11917.250977,26.030273
2060,-11534.520508,-11543.674805,9.154297
2061,-9834.168945,-9463.588867,370.580078
2062,-10552.677734,-10534.555664,18.122070
2063,-12299.006836,-12354.312500,55.305664
2064,-10525.891602,-10531.433594,5.541992
2065,-11859.469727,-11845.174805,14.294922
2066,-11958.094727,-11947.885742,10.208984
2067,-8969.938477,-8896.418945,73.519531
2068,-9996.445312,-9992.893555,3.551758
2069,-11847.998047,-11811.112305,36.885742
2070,-9849.497070,-9797.037109,52.459961
2071,-11525.714844,-11510.530273,15.184570
2072,-9620.302734,-9553.963867,66.338867
2073,-9321.968750,-8924.947266,397.021484
2074,-10406.926758,-10338.658203,68.268555
2075,-11476.657227,-11476.100586,0.556641
2076,-10459.904297,-10426.618164,33.286133
2077,-12328.680664,-12352.773438,24.092773
2078,-10995.517578,-10968.516602,27.000977
2079,-10539.269531,-10531.350586,7.918945
2080,-11925.884766,-11914.755859,11.128906
2081,-10884.710938,-10865.890625,18.820312
2082,-12740.434570,-12790.834961,50.400391
2083,-11003.721680,-10971.185547,32.536133
2084,-11947.050781,-11948.167969,1.117188
2085,-10998.004883,-10965.666992,32.337891
2086,-11337.080078,-11371.102539,34.022461
2087,-11807.602539,-11810.966797,3.364258
2088,-12046.886719,-11948.359375,98.527344
2089,-9864.184570,-9901.074219,36.889648
2090,-11317.807617,-11270.172852,47.634766
2091,-9430.398438,-9488.546875,58.148438
2092,-9537.711914,-9555.855469,18.143555
2093,-11528.350586,-11543.088867,14.738281
2094,-12989.407227,-12926.280273,63.126953
2095,-10761.389648,-10912.064453,150.674805
2096,-11797.614258,-11883.020508,85.406250
2097,-11028.472656,-11003.173828,25.298828
2098,-10457.185547,-10465.750000,8.564453
2099,-12408.507812,-12386.736328,21.771484
2100,-10330.744141,-10396.655273,65.911133
2101,-9432.300781,-9462.900391,30.599609
2102,-10943.626953,-10971.537109,27.910156
2103,-10373.703125,-10409.647461,35.944336
2104,-11586.988281,-11545.072266,41.916016
2105,-10523.651367,-10500.058594,23.592773
2106,-11984.858398,-11948.279297,36.579102
2107,-10944.129883,-10971.882812,27.752930
2108,-10573.034180,-10565.401367,7.632812
2109,-10523.192383,-10532.829102,9.636719
2110,-11952.662109,-11912.875977,39.786133
2111,-10564.503906,-10532.713867,31.790039
2112,-10922.932617,-10903.050781,19.881836
2113,-10917.206055,-10935.318359,18.112305
2114,-11952.592773,-11979.413086,26.820312
2115,-11473.148438,-11543.298828,70.150391
2116,-11482.239258,-11476.954102,5.285156
2117,-11317.147461,-11341.425781,24.278320
2118,-10319.305664,-10371.112305,51.806641
2119,-10579.607422,-10534.015625,45.591797
2120,-9944.478516,-10271.285156,326.806641
2121,-9952.810547,-9927.605469,25.205078
2122,-11469.861328,-11476.963867,7.102539
2123,-11976.539062,-11948.208984,28.330078
2124,-12438.105469,-12384.201172,53.904297
2125,-10276.166016,-10305.467773,29.301758
2126,-12793.020508,-12823.547852,30.527344
2127,-9586.813477,-9588.454102,1.640625
2128,-8844.079102,-8921.338867,77.259766
2129,-10974.226562,-10970.203125,4.023438
2130,-10530.077148,-10474.725586,55.351562
2131,-11531.672852,-11543.715820,12.042969
2132,-12765.287109,-12791.017578,25.730469
2133,-11525.347656,-11508.797852,16.549805
2134,-10524.165039,-10532.368164,8.203125
2135,-11255.997070,-11309.162109,53.165039
2136,-11300.804688,-11239.162109,61.642578
2137,-11407.166992,-11476.500977,69.333984
2138,-12413.106445,-12554.363281,141.256836
2139,-11884.227539,-11915.590820,31.363281
2140,-11802.741211,-11775.661133,27.080078
2141,-10924.842773,-10936.073242,11.230469
2142,-10806.720703,-10801.625000,5.095703
2143,-11743.994141,-11485.142578,258.851562
2144,-11366.744141,-11407.083008,40.338867
2145,-11165.703125,-10879.960938,285.742188
2146,-10926.144531,-10905.007812,21.136719
2147,-10840.557617,-11001.551758,160.994141
2148,-11941.415039,-11947.536133,6.121094
2149,-11460.396484,-11444.287109,16.109375
2150,-12995.059570,-13007.501953,12.442383
2151,-10957.490234,-10970.451172,12.960938
2152,-12536.233398,-12521.306641,14.926758
2153,-10914.317383,-10938.110352,23.792969
2154,-9575.655273,-9521.993164,53.662109
2155,-10580.995117,-10565.185547,15.809570
2156,-11539.888672,-11542.933594,3.044922
2157,-11945.090820,-11982.132812,37.041992
2158,-11983.017578,-11979.434570,3.583008
2159,-10510.264648,-10531.589844,21.325195
2160,-11466.717773,-11476.365234,9.647461
2161,-10962.218750,-10933.541992,28.676758
2162,-11887.075195,-11914.859375,27.784180
2163,-11395.607422,-11407.700195,12.092773
2164,-11950.206055,-11948.137695,2.068359
2165,-11402.750000,-11374.216797,28.533203
2166,-11914.723633,-11914.109375,0.614258
2167,-10770.059570,-10833.109375,63.049805
2168,-11295.408203,-11376.210938,80.802734
2169,-11600.030273,-11511.376953,88.653320
2170,-10873.374023,-10905.566406,32.192383
2171,-10788.349609,-10878.650391,90.300781
2172,-12911.856445,-12822.663086,89.193359
2173,-12462.814453,-12384.429688,78.384766
2174,-10521.693359,-10432.125977,89.567383
2175,-12396.403320,-12353.385742,43.017578
2176,-10995.742188,-10968.363281,27.378906
2177,-12555.129883,-12488.233398,66.896484
2178,-10396.269531,-10429.285156,33.015625
2179,-11821.334961,-11778.149414,43.185547
2180,-12558.279297,-12488.849609,69.429688
2181,-10436.759766,-10442.288086,5.528320
2182,-10824.018555,-10879.257812,55.239258
2183,-10479.804688,-10497.597656,17.792969
2184,-11978.223633,-11980.568359,2.344727
2185,-10993.167969,-10937.136719,56.031250
2186,-11499.601562,-11543.432617,43.831055
2187,-11943.572266,-11916.553711,27.018555
2188,-10402.430664,-10395.944336,6.486328
2189,-11556.858398,-11508.591797,48.266602
2190,-10885.403320,-10846.825195,38.578125
2191,-11347.165039,-11375.458984,28.293945
2192,-9402.251953,-9268.558594,133.693359
2193,-11746.905273,-11811.913086,65.007812
2194,-12522.681641,-12553.127930,30.446289
2195,-10853.199219,-10835.334961,17.864258
2196,-11924.221680,-11914.720703,9.500977
2197,-11519.430664,-11543.612305,24.181641
2198,-11005.942383,-11003.392578,2.549805
2199,-10977.335938,-10937.604492,39.731445
2200,-12920.023438,-12926.010742,5.987305
2201,-12117.542969,-12112.265625,5.277344
2202,-11027.273438,-10967.899414,59.374023
2203,-11495.177734,-11477.013672,18.164062
2204,-11958.133789,-11948.785156,9.348633
2205,-10282.882812,-9899.891602,382.991211
2206,-11417.457031,-11372.916992,44.540039
2207,-10497.404297,-10466.544922,30.859375
2208,-9481.918945,-9462.653320,19.265625
2209,-10787.494141,-10910.237305,122.743164
2210,-11942.962891,-11915.991211,26.971680
2211,-11620.300781,-11576.939453,43.361328
2212,-9551.196289,-9521.714844,29.481445
2213,-9761.643555,-9463.361328,298.282227
2214,-11512.096680,-11511.035156,1.061523
2215,-10912.672852,-10903.565430,9.107422
2216,-10585.664062,-10532.860352,52.803711
2217,-11539.356445,-11478.145508,61.210938
2218,-12751.674805,-12823.496094,71.821289
2219,-10984.672852,-10968.081055,16.591797
2220,-11391.227539,-11374.363281,16.864258
2221,-10905.718750,-10904.570312,1.148438
2222,-11837.095703,-11778.885742,58.209961
2223,-10938.298828,-10968.210938,29.912109
2224,-10939.166992,-10971.818359,32.651367
2225,-10983.819336,-10971.096680,12.722656
2226,-12505.595703,-12519.787109,14.191406
2227,-11494.444336,-11510.782227,16.337891
2228,-10681.697266,-10598.619141,83.078125
2229,-11277.828125,-11239.000000,38.828125
2230,-11773.143555,-11778.923828,5.780273
2231,-9944.695312,-9923.573242,21.122070
2232,-10786.321289,-10833.006836,46.685547
2233,-10378.767578,-10395.952148,17.184570
2234,-10450.759766,-10442.307617,8.452148
2235,-10923.946289,-10935.458984,11.512695
2236,-11007.637695,-10968.210938,39.426758
2237,-11532.970703,-11512.204102,20.766602
2238,-9534.949219,-9522.424805,12.524414
2239,-11025.095703,-11034.948242,9.852539
2240,-11972.501953,-11948.642578,23.859375
2241,-10353.161133,-10363.021484,9.860352
2242,-11422.708984,-11374.547852,48.161133
2243,-12023.881836,-11981.399414,42.482422
2244,-9952.742188,-9933.287109,19.455078
2245,-12498.392578,-12489.194336,9.198242
2246,-10596.907227,-10598.080078,1.172852
2247,-9615.451172,-9620.638672,5.187500
2248,-11848.384766,-11811.321289,37.063477
2249,-10988.180664,-10970.109375,18.071289
2250,-10412.564453,-10467.672852,55.108398
2251,-11943.660156,-11980.917969,37.257812
2252,-11027.905273,-10776.550781,251.354492
2253,-10424.049805,-10432.190430,8.140625
2254,-11470.240234,-11479.031250,8.791016
2255,-10933.279297,-10938.027344,4.748047
2256,-10997.037109,-10970.633789,26.403320
2257,-11859.279297,-11881.426758,22.147461
2258,-10779.035156,-10774.666992,4.368164
2259,-11369.196289,-11372.823242,3.626953
2260,-11828.579102,-11812.117188,16.461914
2261,-10963.871094,-10967.461914,3.590820
2262,-9504.703125,-9523.152344,18.449219
2263,-12281.756836,-12320.089844,38.333008
2264,-10378.799805,-10395.828125,17.028320
2265,-11904.833008,-11914.730469,9.897461
2266,-10945.976562,-10934.931641,11.044922
2267,-9942.408203,-9933.201172,9.207031
2268,-12865.666992,-12926.381836,60.714844
2269,-11918.670898,-11947.766602,29.095703
2270,-11540.002930,-11542.397461,2.394531
2271,-11966.464844,-11948.336914,18.127930
2272,-11555.908203,-11542.353516,13.554688
2273,-12906.733398,-12894.824219,11.909180
2274,-10421.614258,-10565.617188,144.002930
2275,-11585.529297,-11576.084961,9.444336
2276,-12781.822266,-12820.156250,38.333984
2277,-11347.752930,-11372.411133,24.658203
2278,-10459.163086,-10532.934570,73.771484
2279,-9950.912109,-9957.411133,6.499023
2280,-9958.482422,-9959.261719,0.779297
2281,-11513.219727,-11510.463867,2.755859
2282,-10976.188477,-10936.551758,39.636719
2283,-10566.035156,-10565.410156,0.625000
2284,-10965.122070,-10969.914062,4.791992
2285,-11813.682617,-11981.503906,167.821289
2286,-10872.347656,-10905.354492,33.006836
2287,-10999.529297,-10968.549805,30.979492
2288,-9936.324219,-9934.694336,1.629883
2289,-11975.201172,-11948.158203,27.042969
2290,-9930.883789,-9932.553711,1.669922
2291,-10903.152344,-10904.781250,1.628906
2292,-11547.268555,-11575.925781,28.657227
2293,-9535.874023,-9620.973633,85.099609
2294,-10513.400391,-10438.641602,74.758789
2295,-11356.527344,-11372.499023,15.971680
2296,-12382.277344,-12385.576172,3.298828
2297,-13362.817383,-13332.687500,30.129883
2298,-11969.080078,-11915.854492,53.225586
2299,-10600.208984,-10566.747070,33.461914
2300,-7526.798828,-7449.371094,77.427734
2301,-10625.091797,-10599.304688,25.787109
2302,-12391.156250,-12350.504883,40.651367
2303,-10487.692383,-10540.129883,52.437500
2304,-13468.568359,-13395.397461,73.170898
2305,-9884.447266,-9925.364258,40.916992
2306,-8511.801758,-8452.739258,59.062500
2307,-9514.776367,-9431.106445,83.669922
2308,-11973.213867,-11947.402344,25.811523
2309,-10484.076172,-10500.369141,16.292969
2310,-12010.181641,-11316.956055,693.225586
2311,-11809.676758,-11849.132812,39.456055
2312,-10001.813477,-9990.997070,10.816406
2313,-12974.480469,-12863.036133,111.444336
2314,-12475.920898,-12489.636719,13.715820
2315,-11866.180664,-11850.197266,15.983398
2316,-12791.805664,-12790.422852,1.382812
2317,-11984.254883,-11948.230469,36.024414
2318,-11478.481445,-11510.437500,31.956055
2319,-11527.744141,-11510.712891,17.031250
2320,-11618.022461,-11577.092773,40.929688
2321,-12218.250000,-12279.113281,60.863281
2322,-9419.858398,-9496.009766,76.151367
2323,-11358.208984,-11376.694336,18.485352
2324,-9924.355469,-9900.189453,24.166016
2325,-11275.567383,-11271.348633,4.218750
2326,-10891.555664,-10879.531250,12.024414
2327,-10530.133789,-10466.175781,63.958008
2328,-10953.150391,-10970.886719,17.736328
2329,-10964.269531,-10905.148438,59.121094
2330,-10730.394531,-10564.963867,165.430664
2331,-11401.196289,-11408.486328,7.290039
2332,-9357.061523,-9360.313477,3.251953
2333,-12459.407227,-12456.560547,2.846680
2334,-10295.036133,-10338.694336,43.658203
2335,-11560.529297,-11577.198242,16.668945
2336,-12755.855469,-12521.589844,234.265625
2337,-10692.512695,-10775.706055,83.193359
2338,-11943.123047,-11915.500977,27.622070
2339,-11526.708008,-11543.011719,16.303711
2340,-11533.598633,-11510.980469,22.618164
2341,-11367.268555,-11374.799805,7.531250
2342,-11006.271484,-10969.683594,36.587891
2343,-12292.539062,-12212.937500,79.601562
2344,-10388.504883,-10396.128906,7.624023
2345,-12447.968750,-12488.414062,40.445312
2346,-12215.954102,-12321.639648,105.685547
2347,-10989.674805,-11002.265625,12.590820
2348,-10918.006836,-10904.353516,13.653320
2349,-11525.169922,-11477.329102,47.840820
2350,-12354.725586,-12384.028320,29.302734
2351,-10545.892578,-10500.247070,45.645508
2352,-9489.808594,-9430.901367,58.907227
2353,-10956.693359,-10961.196289,4.502930
2354,-11079.601562,-11339.361328,259.759766
2355,-11735.944336,-11946.513672,210.569336
2356,-10994.366211,-11001.582031,7.215820
2357,-10897.818359,-10877.700195,20.118164
2358,-10936.332031,-10938.229492,1.897461
2359,-11034.574219,-11002.408203,32.166016
2360,-12412.943359,-12353.086914,59.856445
2361,-11438.458008,-11439.260742,0.802734
2362,-11318.874023,-11342.180664,23.306641
2363,-11368.159180,-11373.987305,5.828125
2364,-11183.324219,-11285.538086,102.213867
2365,-10353.285156,-10359.668945,6.383789
2366,-10929.448242,-10970.684570,41.236328
2367,-10918.926758,-10901.631836,17.294922
2368,-10930.674805,-10903.516602,27.158203
2369,-10963.518555,-11004.581055,41.062500
2370,-8176.387207,-8232.683594,56.296387
2371,-10527.448242,-10532.524414,5.076172
2372,-10821.236328,-10813.263672,7.972656
2373,-12553.644531,-12554.533203,0.888672
2374,-11580.225586,-11544.851562,35.374023
2375,-10517.968750,-10500.391602,17.577148
2376,-11426.824219,-11445.133789,18.309570
2377,-12465.249023,-12489.737305,24.488281
2378,-10322.438477,-10304.574219,17.864258
2379,-11004.486328,-10971.163086,33.323242
2380,-10412.116211,-10474.406250,62.290039
2381,-9450.403320,-9429.571289,20.832031
2382,-10539.090820,-10532.894531,6.196289
2383,-11386.957031,-11403.658203,16.701172
2384,-11422.046875,-11443.554688,21.507812
2385,-10968.485352,-10969.791992,1.306641
2386,-11893.157227,-11811.979492,81.177734
2387,-12743.583008,-12790.126953,46.543945
2388,-10854.719727,-10832.241211,22.478516
2389,-13874.497070,-13937.680664,63.183594
2390,-8679.111328,-8460.155273,218.956055
2391,-12005.991211,-11981.416016,24.575195
2392,-11931.921875,-11946.910156,14.988281
2393,-11953.355469,-11947.379883,5.975586
2394,-11003.227539,-10939.823242,63.404297
2395,-10608.767578,-10565.841797,42.925781
2396,-11439.674805,-11374.257812,65.416992
2397,-11024.867188,-11002.711914,22.155273
2398,-11545.296875,-11511.318359,33.978516
2399,-11547.973633,-11542.755859,5.217773
2400,-11394.705078,-11375.156250,19.548828
2401,-10496.242188,-10499.800781,3.558594
2402,-10528.500000,-10507.328125,21.171875
2403,-11918.764648,-11947.461914,28.697266
2404,-10873.065430,-10912.175781,39.110352
2405,-10208.772461,-10441.629883,232.857422
2406,-11438.848633,-11372.772461,66.076172
2407,-10520.031250,-10500.026367,20.004883
2408,-11507.758789,-11510.875000,3.116211
2409,-11572.901367,-11543.832031,29.069336
2410,-11911.512695,-11881.402344,30.110352
2411,-9878.113281,-9901.576172,23.462891
2412,-10403.121094,-10464.879883,61.758789
2413,-11926.520508,-11978.383789,51.863281
2414,-11936.434570,-11949.155273,12.720703
2415,-10496.003906,-10499.147461,3.143555
2416,-10937.535156,-10937.190430,0.344727
2417,-10951.678711,-10935.197266,16.481445
2418,-12290.103516,-12353.458984,63.355469
2419,-11946.277344,-11947.825195,1.547852
2420,-8900.802734,-9521.471680,620.668945
2421,-11932.514648,-11915.925781,16.588867
2422,-11858.163086,-11881.683594,23.520508
2423,-10539.516602,-10499.850586,39.666016
2424,-12452.875000,-12353.316406,99.558594
2425,-10011.648438,-9931.530273,80.118164
2426,-9948.698242,-9958.879883,10.181641
2427,-11511.936523,-11478.644531,33.291992
2428,-12624.834961,-12904.213867,279.378906
2429,-11935.533203,-11914.866211,20.666992
2430,-11809.855469,-11812.029297,2.173828
2431,-12513.685547,-12417.335938,96.349609
2432,-11030.686523,-11001.312500,29.374023
2433,-11957.904297,-11947.876953,10.027344
2434,-10964.552734,-10935.464844,29.087891
2435,-9897.186523,-9892.883789,4.302734
2436,-11998.489258,-11915.108398,83.380859
2437,-11519.603516,-11512.256836,7.346680
2438,-9517.091797,-9521.178711,4.086914
2439,-10932.975586,-10934.988281,2.012695
2440,-12898.767578,-12926.534180,27.766602
2441,-11427.085938,-11374.331055,52.754883
2442,-11017.723633,-11000.957031,16.766602
2443,-12502.330078,-12486.655273,15.674805
2444,-10018.215820,-9993.665039,24.550781
2445,-11488.267578,-11510.375000,22.107422
2446,-12158.525391,-12248.125977,89.600586
2447,-10575.415039,-10565.451172,9.963867
2448,-11989.533203,-11947.840820,41.692383
2449,-10884.849609,-10839.861328,44.988281
2450,-9942.531250,-9959.505859,16.974609
2451,-10578.868164,-10532.255859,46.612305
2452,-11023.179688,-11036.745117,13.565430
2453,-12471.447266,-12455.194336,16.252930
2454,-10918.300781,-10937.593750,19.292969
2455,-11750.226562,-11675.609375,74.617188
2456,-10997.567383,-10970.502930,27.064453
2457,-9481.911133,-9489.267578,7.356445
2458,-12483.204102,-12488.641602,5.437500
2459,-10352.638672,-10364.093750,11.455078
2460,-12384.255859,-12454.799805,70.543945
2461,-12247.990234,-12215.931641,32.058594
2462,-10399.547852,-10339.065430,60.482422
2463,-11941.972656,-11915.990234,25.982422
2464,-9823.716797,-9429.721680,393.995117
2465,-11545.865234,-11542.636719,3.228516
2466,-13374.199219,-13364.418945,9.780273
2467,-10359.577148,-10466.097656,106.520508
2468,-10385.448242,-10362.972656,22.475586
2469,-11914.109375,-11914.286133,0.176758
2470,-11373.304688,-11374.872070,1.567383
2471,-11013.763672,-11001.701172,12.062500
2472,-12401.877930,-12486.094727,84.216797
2473,-11567.603516,-11544.869141,22.734375
2474,-10565.494141,-10566.538086,1.043945
2475,-10966.742188,-10935.897461,30.844727
2476,-11933.976562,-11915.436523,18.540039
2477,-12525.972656,-12554.194336,28.221680
2478,-12354.739258,-12353.844727,0.894531
2479,-12526.420898,-12520.623047,5.797852
2480,-13220.997070,-13223.509766,2.512695
2481,-12937.593750,-12926.954102,10.639648
2482,-10936.250000,-10879.588867,56.661133
2483,-11979.304688,-11944.385742,34.918945
2484,-11944.268555,-11948.231445,3.962891
2485,-12877.360352,-12902.931641,25.571289
2486,-11674.713867,-11609.138672,65.575195
2487,-12471.289062,-12486.765625,15.476562
2488,-9933.586914,-9924.172852,9.414062
2489,-11805.344727,-11811.325195,5.980469
2490,-8690.845703,-8584.940430,105.905273
2491,-10644.056641,-10598.397461,45.659180
2492,-12946.791992,-12960.485352,13.693359
2493,-9936.485352,-9989.996094,53.510742
2494,-11888.063477,-11845.147461,42.916016
2495,-10510.081055,-10500.174805,9.906250
2496,-10433.390625,-10397.375977,36.014648
2497,-11070.904297,-10970.786133,100.118164
2498,-11383.284180,-11374.403320,8.880859
2499,-10612.972656,-10599.455078,13.517578
2500,-9508.915039,-9522.070312,13.155273
2501,-7431.039551,-7483.472168,52.432617
2502,-10584.252930,-10565.705078,18.547852
2503,-9589.979492,-9496.667969,93.311523
2504,-11385.744141,-11407.578125,21.833984
2505,-12372.227539,-12384.819336,12.591797
2506,-7350.347656,-7349.719727,0.627930
2507,-11972.002930,-11980.038086,8.035156
2508,-9597.896484,-9587.621094,10.275391
2509,-9150.491211,-9236.274414,85.783203
2510,-11943.893555,-11949.125977,5.232422
2511,-9590.133789,-9556.389648,33.744141
2512,-11487.410156,-11477.909180,9.500977
2513,-7637.092773,-7754.268555,117.175781
2514,-11507.863281,-11511.163086,3.299805
2515,-9968.887695,-9959.220703,9.666992
2516,-10987.750000,-10968.416992,19.333008
2517,-11615.583008,-11675.631836,60.048828
2518,-9494.988281,-9496.276367,1.288086
2519,-10510.489258,-10534.521484,24.032227
2520,-10944.490234,-10934.221680,10.268555
2521,-12590.786133,-12553.428711,37.357422
2522,-11400.864258,-11477.901367,77.037109
2523,-11488.015625,-11478.750977,9.264648
2524,-11512.660156,-11478.527344,34.132812
2525,-9966.131836,-9958.570312,7.561523
2526,-10579.614258,-10533.592773,46.021484
2527,-11584.319336,-11510.884766,73.434570
2528,-10514.122070,-10499.851562,14.270508
2529,-12374.128906,-12354.417969,19.710938
2530,-10989.659180,-10968.948242,20.710938
2531,-10851.069336,-10847.523438,3.545898
2532,-11513.611328,-11512.750000,0.861328
2533,-11025.496094,-11036.695312,11.199219
2534,-10930.370117,-10972.034180,41.664062
2535,-11519.781250,-11512.167969,7.613281
2536,-11404.007812,-11371.098633,32.909180
2537,-11000.006836,-11001.892578,1.885742
2538,-11435.820312,-11406.940430,28.879883
2539,-12440.794922,-12352.037109,88.757812
2540,-10560.895508,-10566.096680,5.201172
2541,-11497.982422,-11510.701172,12.718750
2542,-10509.764648,-10532.845703,23.081055
2543,-10719.453125,-10409.791992,309.661133
2544,-9784.578125,-9901.312500,116.734375
2545,-10981.625000,-10938.122070,43.502930
2546,-12440.974609,-12486.626953,45.652344
2547,-10927.373047,-10936.823242,9.450195
2548,-11496.156250,-11541.853516,45.697266
2549,-11709.595703,-11812.856445,103.260742
2550,-10320.977539,-10395.044922,74.067383
2551,-11988.145508,-11947.811523,40.333984
2552,-9587.166016,-9497.500977,89.665039
2553,-10969.575195,-10970.258789,0.683594
2554,-11912.088867,-11948.672852,36.583984
2555,-10868.973633,-10971.669922,102.696289
2556,-11043.854492,-11001.345703,42.508789
2557,-13426.758789,-13532.414062,105.655273
2558,-11950.091797,-11948.310547,1.781250
2559,-11124.839844,-11272.888672,148.048828
2560,-9923.324219,-9901.346680,21.977539
2561,-11535.621094,-11543.428711,7.807617
2562,-11943.451172,-11946.155273,2.704102
2563,-10875.211914,-10909.718750,34.506836
2564,-11928.872070,-11945.014648,16.142578
2565,-11029.178711,-11001.608398,27.570312
2566,-8682.595703,-8519.828125,162.767578
2567,-11871.937500,-11810.470703,61.466797
2568,-11398.007812,-11407.579102,9.571289
2569,-12053.649414,-12014.435547,39.213867
2570,-11476.083008,-11542.666992,66.583984
2571,-10968.734375,-10879.876953,88.857422
2572,-10499.838867,-10339.197266,160.641602
2573,-10358.458008,-9810.709961,547.748047
2574,-10951.705078,-10938.671875,13.033203
2575,-11290.971680,-11341.179688,50.208008
2576,-10947.954102,-10937.246094,10.708008
2577,-10581.528320,-10566.155273,15.373047
2578,-12806.647461,-12791.043945,15.603516
2579,-11895.688477,-11844.722656,50.965820
2580,-10401.441406,-10398.310547,3.130859
2581,-10555.229492,-10498.677734,56.551758
2582,-10442.877930,-10427.431641,15.446289
2583,-10358.835938,-10329.421875,29.414062
2584,-10595.563477,-10565.175781,30.387695
2585,-9828.611328,-9809.716797,18.894531
2586,-10997.207031,-10971.854492,25.352539
2587,-11378.539062,-11238.709961,139.829102
2588,-9571.158203,-9555.001953,16.156250
2589,-10827.987305,-10802.456055,25.531250
2590,-10864.617188,-10832.729492,31.887695
2591,-10533.235352,-10564.779297,31.543945
2592,-10992.453125,-10969.698242,22.754883
2593,-11514.227539,-11542.615234,28.387695
2594,-10838.184570,-10834.426758,3.757812
2595,-11924.315430,-11948.336914,24.021484
2596,-11422.597656,-11406.837891,15.759766
2597,-11680.232422,-11675.570312,4.662109
2598,-11995.210938,-11980.929688,14.281250
2599,-9958.145508,-9990.791016,32.645508
2600,-10354.531250,-10370.868164,16.336914
2601,-9379.986328,-9568.295898,188.309570
2602,-10889.552734,-10902.416016,12.863281
2603,-11599.640625,-11576.318359,23.322266
2604,-12732.735352,-12571.439453,161.295898
2605,-10957.980469,-10936.758789,21.221680
2606,-11001.231445,-10936.599609,64.631836
2607,-11944.474609,-11915.214844,29.259766
2608,-9894.114258,-9924.485352,30.371094
2609,-10955.689453,-10938.435547,17.253906
2610,-12898.219727,-12792.165039,106.054688
2611,-10427.733398,-10429.019531,1.286133
2612,-11957.837891,-11948.189453,9.648438
2613,-11026.838867,-11003.709961,23.128906
2614,-10888.271484,-10902.911133,14.639648
2615,-11024.333984,-11001.743164,22.590820
2616,-12052.249023,-12014.888672,37.360352
2617,-12489.561523,-12488.013672,1.547852
2618,-11423.083008,-11373.157227,49.925781
2619,-9348.878906,-9327.505859,21.373047
2620,-11920.610352,-11915.594727,5.015625
2621,-11022.508789,-11001.357422,21.151367
2622,-11386.873047,-11341.348633,45.524414
2623,-10983.318359,-10969.271484,14.046875
2624,-11572.077148,-11609.086914,37.009766
2625,-11854.337891,-11915.471680,61.133789
2626,-11980.714844,-12013.265625,32.550781
2627,-9965.767578,-9958.766602,7.000977
2628,-11403.961914,-11375.157227,28.804688
2629,-12413.028320,-12386.372070,26.656250
2630,-10979.623047,-10969.498047,10.125000
2631,-11972.177734,-11980.112305,7.934570
2632,-9934.947266,-9958.272461,23.325195
2633,-11305.469727,-11341.533203,36.063477
2634,-12008.715820,-11948.339844,60.375977
2635,-10660.416992,-10768.805664,108.388672
2636,-8181.070801,-8337.114258,156.043457
2637,-10962.398438,-10936.128906,26.269531
2638,-12540.949219,-12489.255859,51.693359
2639,-9304.549805,-9290.865234,13.684570
2640,-10334.465820,-10330.998047,3.467773
2641,-11892.284180,-11914.133789,21.849609
2642,-11928.074219,-11947.794922,19.720703
2643,-10404.405273,-10365.102539,39.302734
2644,-11952.614258,-11947.686523,4.927734
2645,-10382.927734,-10427.965820,45.038086
2646,-11771.182617,-11811.720703,40.538086
2647,-12924.308594,-12958.249023,33.940430
2648,-9999.763672,-9958.052734,41.710938
2649,-12479.588867,-12488.220703,8.631836
2650,-10969.075195,-10967.916016,1.159180
2651,-12454.783203,-12488.665039,33.881836
2652,-11948.306641,-11947.957031,0.349609
2653,-11310.421875,-11374.211914,63.790039
2654,-12513.944336,-12570.833008,56.888672
2655,-11500.059570,-11510.641602,10.582031
2656,-10964.766602,-11004.553711,39.787109
2657,-9563.811523,-9554.599609,9.211914
2658,-11402.906250,-11406.416016,3.509766
2659,-10587.782227,-10502.383789,85.398438
2660,-11000.015625,-10969.358398,30.657227
2661,-11168.099609,-11237.407227,69.307617
2662,-11053.214844,-11001.886719,51.328125
2663,-11832.875000,-11877.676758,44.801758
2664,-10934.342773,-10936.256836,1.914062
2665,-11897.814453,-11916.010742,18.196289
2666,-11928.351562,-11915.137695,13.213867
2667,-10946.013672,-10912.479492,33.534180
2668,-11499.333984,-11510.545898,11.211914
2669,-10495.519531,-10534.180664,38.661133
2670,-10513.996094,-10531.755859,17.759766
2671,-11936.801758,-11913.068359,23.733398
2672,-9604.830078,-9554.628906,50.201172
2673,-11844.192383,-11811.255859,32.936523
2674,-11812.863281,-11810.709961,2.153320
2675,-11885.882812,-11982.087891,96.205078
2676,-10995.377930,-10970.331055,25.046875
2677,-11514.980469,-11544.549805,29.569336
2678,-11560.651367,-11576.285156,15.633789
2679,-11925.012695,-11914.082031,10.930664
2680,-9618.561523,-9236.907227,381.654297
2681,-13006.348633,-12958.590820,47.757812
2682,-10455.999023,-10599.089844,143.090820
2683,-10964.720703,-10968.976562,4.255859
2684,-11515.919922,-11410.593750,105.326172
2685,-10937.139648,-10938.364258,1.224609
2686,-10920.121094,-10903.578125,16.542969
2687,-10500.139648,-10473.639648,26.500000
2688,-12943.188477,-12925.684570,17.503906
2689,-11423.303711,-11405.535156,17.768555
2690,-11949.929688,-11913.861328,36.068359
2691,-11374.324219,-11407.232422,32.908203
2692,-11543.327148,-11576.140625,32.813477
2693,-12326.052734,-12384.614258,58.561523
2694,-11013.149414,-10910.073242,103.076172
2695,-11530.819336,-11543.717773,12.898438
2696,-11463.789062,-11511.653320,47.864258
2697,-9537.544922,-9554.788086,17.243164
2698,-9538.819336,-9554.279297,15.459961
2699,-10818.821289,-10800.330078,18.491211
2700,-10480.675781,-10408.250000,72.425781
2701,-10128.320312,-10441.150391,312.830078
2702,-9993.904297,-9991.850586,2.053711
2703,-9966.871094,-9956.471680,10.399414
2704,-11419.166992,-11407.058594,12.108398
2705,-10420.083984,-10474.880859,54.796875
2706,-10568.753906,-10532.541016,36.212891
2707,-10918.674805,-10945.375000,26.700195
2708,-12899.130859,-12925.813477,26.682617
2709,-11869.026367,-11948.579102,79.552734
2710,-8896.576172,-8922.132812,25.556641
2711,-10934.135742,-10938.265625,4.129883
2712,-11428.880859,-11440.572266,11.691406
2713,-11397.603516,-11341.529297,56.074219
2714,-12957.013672,-12925.106445,31.907227
2715,-11906.187500,-11915.114258,8.926758
2716,-12564.396484,-12553.177734,11.218750
2717,-10922.011719,-10935.582031,13.570312
2718,-10913.794922,-10939.249023,25.454102
2719,-11453.130859,-11476.301758,23.170898
2720,-11381.743164,-11406.968750,25.225586
2721,-11994.308594,-11981.989258,12.319336
2722,-10950.056641,-10968.576172,18.519531
2723,-12350.480469,-12353.995117,3.514648
2724,-10551.666992,-10533.064453,18.602539
2725,-11534.550781,-11542.560547,8.009766
2726,-10253.675781,-10332.175781,78.500000
2727,-11872.751953,-11844.945312,27.806641
2728,-11414.938477,-11440.491211,25.552734
2729,-8387.707031,-8427.693359,39.986328
2730,-11462.338867,-11478.152344,15.813477
2731,-11548.796875,-11510.474609,38.322266
2732,-10488.841797,-10499.763672,10.921875
2733,-11926.905273,-11916.392578,10.512695
2734,-11541.535156,-11542.347656,0.812500
2735,-10919.720703,-10935.825195,16.104492
2736,-8424.439453,-8324.150391,100.289062
2737,-11544.040039,-11543.552734,0.487305
2738,-9697.881836,-9463.000000,234.881836
2739,-10537.241211,-10498.835938,38.405273
2740,-10636.377930,-10533.024414,103.353516
2741,-7433.684082,-7448.638672,14.954590
2742,-10937.681641,-10967.751953,30.070312
2743,-11561.605469,-11511.616211,49.989258
2744,-10888.545898,-10872.981445,15.564453
2745,-10571.488281,-10566.262695,5.225586
2746,-10608.629883,-10598.192383,10.437500
2747,-11977.034180,-11948.221680,28.812500
2748,-10507.402344,-10498.048828,9.353516
2749,-11883.797852,-11948.149414,64.351562
2750,-10929.208008,-10879.572266,49.635742
2751,-10137.514648,-10305.143555,167.628906
2752,-10942.973633,-10935.322266,7.651367
2753,-10947.310547,-10936.218750,11.091797
2754,-11537.886719,-11543.459961,5.573242
2755,-11835.357422,-11813.788086,21.569336
2756,-11003.014648,-11001.048828,1.965820
2757,-10381.844727,-10364.329102,17.515625
2758,-12716.603516,-12787.984375,71.380859
2759,-10567.480469,-10564.529297,2.951172
2760,-11996.215820,-11978.204102,18.011719
2761,-9935.414062,-9958.431641,23.017578
2762,-11506.448242,-11510.899414,4.451172
2763,-12431.102539,-12385.119141,45.983398
2764,-8985.494141,-8921.989258,63.504883
2765,-10541.291016,-10532.086914,9.204102
2766,-11038.027344,-11000.495117,37.532227
2767,-10563.923828,-10566.431641,2.507812
2768,-12296.552734,-12354.295898,57.743164
2769,-10846.096680,-10835.442383,10.654297
2770,-11948.226562,-11948.994141,0.767578
2771,-10462.503906,-10533.487305,70.983398
2772,-12078.370117,-11981.993164,96.376953
2773,-8577.214844,-8452.380859,124.833984
2774,-11586.375977,-11576.906250,9.469727
2775,-10991.296875,-11001.488281,10.191406
2776,-9189.945312,-9302.630859,112.685547
2777,-10459.578125,-10498.810547,39.232422
2778,-12095.178711,-12145.211914,50.033203
2779,-12357.575195,-12386.193359,28.618164
2780,-12983.195312,-12958.605469,24.589844
2781,-11563.688477,-11508.862305,54.826172
2782,-11602.166016,-11577.538086,24.627930
2783,-10531.208984,-10499.833008,31.375977
2784,-8925.838867,-8519.961914,405.876953
2785,-12503.351562,-12521.450195,18.098633
2786,-12513.215820,-12521.199219,7.983398
2787,-11359.320312,-11238.838867,120.481445
2788,-12363.366211,-12351.662109,11.704102
2789,-13345.101562,-13364.036133,18.934570
2790,-10781.110352,-10845.142578,64.032227
2791,-11909.088867,-11844.460938,64.627930
2792,-11309.316406,-11236.973633,72.342773
2793,-11936.957031,-11810.208984,126.748047
2794,-11450.828125,-11445.554688,5.273438
2795,-11503.500977,-11510.106445,6.605469
2796,-9418.754883,-9455.760742,37.005859
2797,-10250.613281,-10468.632812,218.019531
2798,-10825.389648,-10764.996094,60.393555
2799,-12820.746094,-12789.243164,31.502930
2800,-12994.191406,-12894.006836,100.184570
2801,-11099.396484,-10844.802734,254.593750
2802,-10631.696289,-10533.298828,98.397461
2803,-10882.692383,-10744.290039,138.402344
2804,-12502.489258,-12490.327148,12.162109
2805,-9473.392578,-9522.442383,49.049805
2806,-9964.966797,-9960.405273,4.561523
2807,-10919.289062,-10938.010742,18.721680
2808,-10593.306641,-10566.193359,27.113281
2809,-11149.477539,-10912.230469,237.247070
2810,-12421.654297,-12386.504883,35.149414
2811,-9491.750977,-9326.137695,165.613281
2812,-11358.699219,-11339.896484,18.802734
2813,-11977.408203,-11948.684570,28.723633
2814,-11562.340820,-11541.672852,20.667969
2815,-11557.608398,-11542.490234,15.118164
2816,-10962.754883,-10936.791992,25.962891
2817,-8826.294922,-8863.562500,37.267578
2818,-11570.500000,-11479.407227,91.092773
2819,-12008.827148,-11949.103516,59.723633
2820,-11923.067383,-11946.691406,23.624023
2821,-10938.981445,-10935.455078,3.526367
2822,-11150.029297,-11270.176758,120.147461
2823,-11620.510742,-11543.782227,76.728516
2824,-9843.635742,-9901.092773,57.457031
2825,-11956.802734,-11915.687500,41.115234
2826,-11018.053711,-11002.922852,15.130859
2827,-11592.579102,-11576.900391,15.678711
2828,-10634.356445,-10598.807617,35.548828
2829,-11981.163086,-11947.970703,33.192383
2830,-10535.691406,-10500.141602,35.549805
2831,-12547.049805,-12520.515625,26.534180
2832,-9404.774414,-9429.597656,24.823242
2833,-10579.631836,-10565.151367,14.480469
2834,-10423.341797,-10427.132812,3.791016
2835,-11484.199219,-11509.410156,25.210938
2836,-11001.335938,-10968.081055,33.254883
2837,-11568.318359,-10911.329102,656.989258
2838,-12756.014648,-12860.526367,104.511719
2839,-11947.995117,-11948.882812,0.887695
2840,-13437.710938,-13444.412109,6.701172
2841,-11922.134766,-11947.728516,25.593750
2842,-10989.780273,-11003.862305,14.082031
2843,-9719.296875,-9496.829102,222.467773
2844,-12010.348633,-11947.264648,63.083984
2845,-11764.279297,-11812.428711,48.149414
2846,-11355.729492,-11373.357422,17.627930
2847,-12359.835938,-12350.261719,9.574219
2848,-9559.921875,-9555.833008,4.088867
2849,-9293.673828,-9269.726562,23.947266
2850,-11624.054688,-11575.642578,48.412109
2851,-10521.451172,-10474.351562,47.099609
2852,-12000.916016,-11948.270508,52.645508
2853,-12496.810547,-12522.085938,25.275391
2854,-11490.954102,-11508.931641,17.977539
2855,-10903.318359,-10800.663086,102.655273
2856,-11357.348633,-11270.925781,86.422852
2857,-10394.991211,-10364.164062,30.827148
2858,-10345.446289,-10337.833984,7.612305
2859,-9433.814453,-9490.370117,56.555664
2860,-11963.396484,-11949.505859,13.890625
2861,-11582.683594,-11543.411133,39.272461
2862,-9370.201172,-9495.478516,125.277344
2863,-10524.417969,-10440.688477,83.729492
2864,-12031.953125,-12014.753906,17.199219
2865,-11521.310547,-11510.707031,10.603516
2866,-12509.610352,-12521.375000,11.764648
2867,-9497.556641,-9521.303711,23.747070
2868,-12377.831055,-12321.250000,56.581055
2869,-11540.905273,-11486.424805,54.480469
2870,-11525.718750,-11608.865234,83.146484
2871,-11294.763672,-11270.232422,24.531250
2872,-8388.917969,-8427.523438,38.605469
2873,-9118.991211,-9371.063477,252.072266
2874,-11431.911133,-11510.826172,78.915039
2875,-10681.126953,-10775.057617,93.930664
2876,-10544.661133,-10532.969727,11.691406
2877,-11895.604492,-11913.796875,18.192383
2878,-11549.908203,-11544.527344,5.380859
2879,-10886.707031,-10903.208984,16.501953
2880,-12009.960938,-11949.945312,60.015625
2881,-11324.772461,-11269.706055,55.066406
2882,-11536.102539,-11511.657227,24.445312
2883,-10976.763672,-10933.847656,42.916016
2884,-11493.670898,-11575.809570,82.138672
2885,-10991.685547,-10937.764648,53.920898
2886,-11010.403320,-10969.071289,41.332031
2887,-16018.380859,-15613.668945,404.711914
2888,-10937.689453,-10970.714844,33.025391
2889,-11506.899414,-11511.693359,4.793945
2890,-10483.172852,-10506.800781,23.627930
2891,-11920.635742,-11916.541016,4.094727
2892,-11436.103516,-11341.862305,94.241211
2893,-11572.223633,-11541.708984,30.514648
2894,-10522.510742,-10498.885742,23.625000
2895,-10474.626953,-10501.182617,26.555664
2896,-10485.948242,-10465.562500,20.385742
2897,-8469.056641,-8485.222656,16.166016
2898,-10590.368164,-10564.348633,26.019531
2899,-11508.253906,-11477.375977,30.877930
2900,-12021.216797,-11947.947266,73.269531
2901,-11356.570312,-11342.660156,13.910156
2902,-12938.413086,-12958.905273,20.492188
2903,-10940.355469,-10935.162109,5.193359
2904,-12489.427734,-12520.847656,31.419922
2905,-10847.752930,-10865.594727,17.841797
2906,-11452.604492,-11440.236328,12.368164
2907,-10996.037109,-10970.075195,25.961914
2908,-8846.009766,-8697.049805,148.959961
2909,-11545.000977,-11544.893555,0.107422
2910,-10956.735352,-10910.264648,46.470703
2911,-9509.598633,-9462.851562,46.747070
2912,-10542.935547,-10533.200195,9.735352
2913,-9889.396484,-9923.602539,34.206055
2914,-11822.965820,-11811.161133,11.804688
2915,-10457.873047,-10499.478516,41.605469
2916,-12803.232422,-12790.225586,13.006836
2917,-9508.583008,-9487.587891,20.995117
2918,-11915.481445,-11949.040039,33.558594
2919,-11536.143555,-11544.310547,8.166992
2920,-9510.919922,-9301.640625,209.279297
2921,-10390.228516,-10532.795898,142.567383
2922,-10917.159180,-10903.553711,13.605469
2923,-9513.513672,-9521.189453,7.675781
2924,-12473.376953,-12521.075195,47.698242
2925,-12179.940430,-12247.117188,67.176758
2926,-12332.128906,-12353.929688,21.800781
2927,-10953.538086,-10968.550781,15.012695
2928,-11571.122070,-11609.325195,38.203125
2929,-10919.841797,-10903.367188,16.474609
2930,-10937.244141,-10938.738281,1.494141
2931,-10509.617188,-10534.166992,24.549805
2932,-12360.359375,-12352.888672,7.470703
2933,-11509.291992,-11508.547852,0.744141
2934,-10289.495117,-10532.965820,243.470703
2935,-10990.646484,-10971.380859,19.265625
2936,-11391.499023,-11407.868164,16.369141
2937,-12462.474609,-12457.311523,5.163086
2938,-8959.734375,-9523.727539,563.993164
2939,-10568.407227,-10566.557617,1.849609
2940,-10494.899414,-10467.026367,27.873047
2941,-11149.615234,-11146.181641,3.433594
2942,-12355.791016,-12353.931641,1.859375
2943,-10816.879883,-10833.190430,16.310547
2944,-11334.651367,-11342.403320,7.751953
2945,-13482.595703,-13499.001953,16.406250
2946,-11570.280273,-11511.235352,59.044922
2947,-11028.757812,-11001.703125,27.054688
2948,-10901.070312,-10906.108398,5.038086
2949,-10471.028320,-10500.023438,28.995117
2950,-11833.151367,-11947.239258,114.087891
2951,-8782.385742,-8805.140625,22.754883
2952,-10868.488281,-10912.249023,43.760742
2953,-11959.669922,-11948.849609,10.820312
2954,-10574.802734,-10598.330078,23.527344
2955,-10951.291992,-10934.100586,17.191406
2956,-11396.622070,-11407.655273,11.033203
2957,-11564.506836,-11543.438477,21.068359
2958,-12456.679688,-12488.346680,31.666992
2959,-11525.067383,-11511.170898,13.896484
2960,-11365.440430,-11339.593750,25.846680
2961,-11390.113281,-11372.411133,17.702148
2962,-11416.575195,-11372.496094,44.079102
2963,-11963.804688,-11947.979492,15.825195
2964,-11454.994141,-11477.134766,22.140625
2965,-9979.723633,-9991.114258,11.390625
2966,-10985.101562,-10969.298828,15.802734
2967,-11453.589844,-11374.344727,79.245117
2968,-11410.315430,-11342.761719,67.553711
2969,-9441.385742,-9588.979492,147.593750
2970,-10968.496094,-10970.376953,1.880859
2971,-11302.459961,-11270.906250,31.553711
2972,-10985.636719,-10970.486328,15.150391
2973,-7763.347656,-7887.831543,124.483887
2974,-9523.771484,-9554.535156,30.763672
2975,-10431.421875,-10466.537109,35.115234
2976,-9831.803711,-9901.107422,69.303711
2977,-11011.536133,-11001.705078,9.831055
2978,-11337.815430,-11398.339844,60.524414
2979,-9443.561523,-9397.755859,45.805664
2980,-10503.612305,-10532.665039,29.052734
2981,-9968.823242,-9923.458008,45.365234
2982,-10504.703125,-10506.659180,1.956055
2983,-10613.983398,-10565.463867,48.519531
2984,-9928.340820,-9933.260742,4.919922
2985,-10972.966797,-10937.039062,35.927734
2986,-8537.511719,-8395.803711,141.708008
2987,-11008.096680,-10969.345703,38.750977
2988,-11486.427734,-11510.240234,23.812500
2989,-10352.657227,-10362.656250,9.999023
2990,-11941.884766,-11915.879883,26.004883
2991,-8936.853516,-8889.427734,47.425781
2992,-11469.328125,-11478.638672,9.310547
2993,-11599.306641,-11544.131836,55.174805
2994,-11402.250977,-11420.391602,18.140625
2995,-12364.839844,-12350.880859,13.958984
2996,-10824.828125,-10833.494141,8.666016
2997,-12893.234375,-12957.332031,64.097656
2998,-12513.485352,-12489.931641,23.553711
2999,-9531.895508,-9521.440430,10.455078
3000,-11355.141602,-11339.906250,15.235352
3001,-11394.887695,-11373.945312,20.942383
3002,-10915.420898,-10938.025391,22.604492
3003,-10601.514648,-10598.626953,2.887695
3004,-10955.746094,-10936.490234,19.255859
3005,-10555.932617,-10565.173828,9.241211
3006,-11920.759766,-11913.258789,7.500977
3007,-11009.629883,-11002.708984,6.920898
3008,-11912.410156,-11945.103516,32.693359
3009,-11499.318359,-11477.455078,21.863281
3010,-12048.383789,-11947.472656,100.911133
3011,-10510.989258,-10499.772461,11.216797
3012,-8978.362305,-8924.485352,53.876953
3013,-11502.242188,-11543.620117,41.377930
3014,-11945.540039,-11947.577148,2.037109
3015,-11922.215820,-11915.753906,6.461914
3016,-11929.704102,-11948.578125,18.874023
3017,-10553.001953,-10327.459961,225.541992
3018,-12407.260742,-12386.438477,20.822266
3019,-11548.563477,-11542.905273,5.658203
3020,-11469.880859,-11509.487305,39.606445
3021,-7895.524902,-7853.954102,41.570801
3022,-10040.421875,-10025.998047,14.423828
3023,-11549.937500,-11543.851562,6.085938
3024,-11480.125977,-11510.508789,30.382812
3025,-10950.579102,-10937.120117,13.458984
3026,-10533.719727,-10534.629883,0.910156
3027,-11518.832031,-11509.125000,9.707031
3028,-12034.507812,-11981.385742,53.122070
3029,-10977.249023,-10936.909180,40.339844
3030,-11591.716797,-11451.983398,139.733398
3031,-11534.176758,-11511.454102,22.722656
3032,-11540.648438,-11542.007812,1.359375
3033,-11505.548828,-11544.038086,38.489258
3034,-9541.261719,-9554.343750,13.082031
3035,-11419.512695,-11406.440430,13.072266
3036,-9459.995117,-9488.488281,28.493164
3037,-9082.888672,-6346.170898,2736.717773
3038,-12503.153320,-12373.375977,129.777344
3039,-11499.149414,-11543.408203,44.258789
3040,-11581.022461,-11576.104492,4.917969
3041,-11366.375000,-11374.332031,7.957031
3042,-10971.018555,-10968.807617,2.210938
3043,-11844.548828,-11825.421875,19.126953
3044,-12488.039062,-12522.467773,34.428711
3045,-11985.515625,-11979.639648,5.875977
3046,-10597.486328,-10473.879883,123.606445
3047,-10950.903320,-10904.172852,46.730469
3048,-10854.098633,-10906.572266,52.473633
3049,-14220.966797,-14202.466797,18.500000
3050,-9610.240234,-9620.889648,10.649414
3051,-11382.071289,-11373.306641,8.764648
3052,-11368.203125,-11373.623047,5.419922
3053,-11217.313477,-11453.245117,235.931641
3054,-12767.611328,-12787.973633,20.362305
3055,-11566.274414,-11542.203125,24.071289
3056,-10583.386719,-10532.293945,51.092773
3057,-12592.001953,-12488.051758,103.950195
3058,-11469.783203,-11439.494141,30.289062
3059,-10555.150391,-10566.044922,10.894531
3060,-11130.219727,-10847.927734,282.291992
3061,-8312.845703,-8486.578125,173.732422
3062,-14693.242188,-14637.000000,56.242188
3063,-10580.925781,-10533.236328,47.689453
3064,-10370.551758,-10396.145508,25.593750
3065,-10843.897461,-10837.929688,5.967773
3066,-12201.442383,-12215.741211,14.298828
3067,-9928.866211,-9464.926758,463.939453
3068,-10519.353516,-10498.686523,20.666992
3069,-10938.118164,-10936.976562,1.141602
3070,-11508.879883,-11544.626953,35.747070
3071,-15281.341797,-15460.208008,178.866211
3072,-10523.210938,-10532.886719,9.675781
3073,-10989.765625,-11001.138672,11.373047
3074,-11960.189453,-11914.182617,46.006836
3075,-12369.725586,-12351.909180,17.816406
3076,-9576.941406,-9553.881836,23.059570
3077,-12896.683594,-12855.876953,40.806641
3078,-12803.291992,-12820.302734,17.010742
3079,-12404.080078,-12382.445312,21.634766
3080,-10766.625000,-10832.524414,65.899414
3081,-11562.134766,-11475.940430,86.194336
3082,-10396.145508,-10395.965820,0.179688
3083,-11026.451172,-11003.745117,22.706055
3084,-9379.054688,-9438.955078,59.900391
3085,-11641.339844,-11478.600586,162.739258
3086,-13044.515625,-12991.558594,52.957031
3087,-11376.424805,-11408.972656,32.547852
3088,-8309.331055,-7449.341797,859.989258
3089,-10342.620117,-10631.789062,289.168945
3090,-12827.326172,-12891.790039,64.463867
3091,-11514.850586,-11543.666992,28.816406
3092,-11512.251953,-11479.819336,32.432617
3093,-9776.748047,-9869.153320,92.405273
3094,-10476.673828,-10532.771484,56.097656
3095,-9283.650391,-9405.003906,121.353516
3096,-12821.329102,-12891.301758,69.972656
3097,-12916.153320,-12891.820312,24.333008
3098,-12431.925781,-12457.319336,25.393555
3099,-10920.736328,-10936.852539,16.116211
3100,-10537.234375,-10533.439453,3.794922
3101,-11991.810547,-11947.305664,44.504883
3102,-7802.388672,-7821.307617,18.918945
3103,-10354.485352,-10475.792969,121.307617
3104,-13823.022461,-13871.909180,48.886719
3105,-12268.142578,-12150.783203,117.359375
3106,-11503.121094,-11510.409180,7.288086
3107,-11550.556641,-11542.605469,7.951172
3108,-11500.320312,-11543.416016,43.095703
3109,-13386.270508,-13548.284180,162.013672
3110,-12426.686523,-12385.767578,40.918945
3111,-10957.486328,-10968.478516,10.992188
3112,-11473.490234,-11478.652344,5.162109
3113,-13991.527344,-13880.080078,111.447266
3114,-11553.894531,-11511.614258,42.280273
3115,-10571.526367,-10565.092773,6.433594
3116,-10901.778320,-10905.237305,3.458984
3117,-10343.720703,-10329.163086,14.557617
3118,-11131.130859,-11269.852539,138.721680
3119,-11288.448242,-11373.967773,85.519531
3120,-10786.602539,-10832.535156,45.932617
3121,-12802.961914,-12823.488281,20.526367
3122,-9157.917969,-9358.476562,200.558594
3123,-11368.062500,-11341.880859,26.181641
3124,-11567.937500,-11542.694336,25.243164
3125,-11817.756836,-11810.633789,7.123047
3126,-10506.634766,-10499.179688,7.455078
3127,-10517.862305,-10473.741211,44.121094
3128,-11920.779297,-11883.256836,37.522461
3129,-11942.622070,-11948.207031,5.584961
3130,-9788.144531,-9837.028320,48.883789
3131,-9802.644531,-9430.254883,372.389648
3132,-10965.670898,-10970.410156,4.739258
3133,-11191.586914,-11211.561523,19.974609
3134,-10899.166016,-10878.625977,20.540039
3135,-10958.576172,-10936.471680,22.104492
3136,-11474.623047,-11512.026367,37.403320
3137,-8676.455078,-8393.020508,283.434570
3138,-11532.675781,-11544.601562,11.925781
3139,-11863.486328,-11915.393555,51.907227
3140,-10946.638672,-10912.095703,34.542969
3141,-12403.144531,-12385.321289,17.823242
3142,-11548.133789,-11511.583008,36.550781
3143,-11840.912109,-11779.292969,61.619141
3144,-11531.257812,-11510.482422,20.775391
3145,-12412.916992,-12385.861328,27.055664
3146,-11014.839844,-11001.611328,13.228516
3147,-10947.029297,-10935.732422,11.296875
3148,-11927.388672,-11916.093750,11.294922
3149,-13227.427734,-12431.176758,796.250977
3150,-10549.257812,-10499.296875,49.960938
3151,-10942.802734,-10938.344727,4.458008
3152,-10897.237305,-10832.158203,65.079102
3153,-11511.697266,-11509.644531,2.052734
3154,-11343.079102,-11374.810547,31.731445
3155,-8680.150391,-8857.155273,177.004883
3156,-10556.885742,-10499.554688,57.331055
3157,-12506.214844,-12488.584961,17.629883
3158,-10978.608398,-10968.635742,9.972656
3159,-12813.877930,-12821.394531,7.516602
3160,-11936.027344,-11946.899414,10.872070
3161,-11383.471680,-11373.926758,9.544922
3162,-12172.327148,-12247.368164,75.041016
3163,-9977.563477,-9990.849609,13.286133
3164,-10990.902344,-10934.299805,56.602539
3165,-11534.066406,-11509.571289,24.495117
3166,-11506.285156,-11509.179688,2.894531
3167,-9309.291016,-9407.237305,97.946289
3168,-9504.602539,-9529.518555,24.916016
3169,-10546.463867,-10566.106445,19.642578
3170,-12213.341797,-12215.947266,2.605469
3171,-10949.514648,-10937.966797,11.547852
3172,-12261.022461,-12216.496094,44.526367
3173,-12891.029297,-12894.268555,3.239258
3174,-11246.984375,-11270.442383,23.458008
3175,-8732.678711,-8519.372070,213.306641
3176,-9467.652344,-9496.247070,28.594727
3177,-12369.212891,-12385.352539,16.139648
3178,-11029.499023,-10970.263672,59.235352
3179,-10374.813477,-10434.992188,60.178711
3180,-9416.505859,-9379.471680,37.034180
3181,-10997.942383,-11002.872070,4.929688
3182,-10522.941406,-10532.140625,9.199219
3183,-12833.832031,-12431.206055,402.625977
3184,-10573.043945,-10532.048828,40.995117
3185,-10444.761719,-10474.125977,29.364258
3186,-11118.505859,-11203.635742,85.129883
3187,-12269.503906,-12353.023438,83.519531
3188,-9779.340820,-9867.916016,88.575195
3189,-10414.107422,-10532.970703,118.863281
3190,-11584.226562,-11746.172852,161.946289
3191,-11345.624023,-11374.644531,29.020508
3192,-10935.459961,-10937.224609,1.764648
3193,-11774.591797,-11825.672852,51.081055
3194,-9144.029297,-7416.485352,1727.543945
3195,-10579.059570,-10566.166992,12.892578
3196,-10931.840820,-10934.571289,2.730469
3197,-11688.343750,-11744.565430,56.221680
3198,-10511.535156,-10533.099609,21.564453
3199,-9947.536133,-9959.442383,11.906250
3200,-10942.539062,-10936.452148,6.086914
3201,-11543.110352,-11510.513672,32.596680
3202,-10445.940430,-10440.435547,5.504883
3203,-10530.346680,-10498.708984,31.637695
3204,-12740.297852,-12791.923828,51.625977
3205,-10513.201172,-10499.010742,14.190430
3206,-10933.094727,-10903.013672,30.081055
3207,-11023.250977,-10969.608398,53.642578
3208,-9569.826172,-9555.124023,14.702148
3209,-9494.608398,-9294.646484,199.961914
3210,-12386.587891,-12417.072266,30.484375
3211,-10910.678711,-10870.935547,39.743164
3212,-11899.966797,-11845.144531,54.822266
3213,-11552.829102,-11545.228516,7.600586
3214,-11243.970703,-11238.027344,5.943359
3215,-12115.578125,-12352.475586,236.897461
3216,-11011.763672,-10937.324219,74.439453
3217,-10877.003906,-10903.575195,26.571289
3218,-11650.499023,-11675.022461,24.523438
3219,-10520.888672,-10464.512695,56.375977
3220,-7410.948242,-7221.797852,189.150391
3221,-10073.683594,-9866.013672,207.669922
3222,-10566.768555,-10531.916992,34.851562
3223,-10585.062500,-10500.505859,84.556641
3224,-11443.451172,-11440.340820,3.110352
3225,-12213.945312,-12586.296875,372.351562
3226,-9953.286133,-9898.475586,54.810547
3227,-6723.609863,-6693.548340,30.061523
3228,-9582.282227,-9587.520508,5.238281
3229,-14664.153320,-14482.785156,181.368164
3230,-12215.500000,-12249.875977,34.375977
3231,-11345.136719,-11373.916992,28.780273
3232,-11989.356445,-11946.541016,42.815430
3233,-10954.289062,-10935.619141,18.669922
3234,-10569.403320,-10565.119141,4.284180
3235,-11414.267578,-11376.763672,37.503906
3236,-9420.414062,-9238.302734,182.111328
3237,-14440.781250,-14421.514648,19.266602
3238,-11929.019531,-11915.412109,13.607422
3239,-10484.615234,-10466.445312,18.169922
3240,-9473.692383,-9455.688477,18.003906
3241,-11894.837891,-11845.213867,49.624023
3242,-10384.015625,-10362.351562,21.664062
3243,-9058.293945,-8923.808594,134.485352
3244,-11307.163086,-11284.950195,22.212891
3245,-11349.582031,-11511.427734,161.845703
3246,-11368.718750,-11373.806641,5.087891
3247,-11226.176758,-11335.437500,109.260742
3248,-11987.230469,-11945.076172,42.154297
3249,-10684.536133,-10846.658203,162.122070
3250,-11584.241211,-11543.174805,41.066406
3251,-8974.089844,-8896.908203,77.181641
3252,-11799.177734,-11813.416992,14.239258
3253,-11000.093750,-10968.494141,31.599609
3254,-11846.382812,-11811.028320,35.354492
3255,-10992.189453,-10969.033203,23.156250
3256,-11575.936523,-11544.880859,31.055664
3257,-10356.869141,-10362.576172,5.707031
3258,-6965.302734,-6785.388672,179.914062
3259,-11508.959961,-11509.851562,0.891602
3260,-10345.470703,-10365.186523,19.715820
3261,-10901.113281,-10936.955078,35.841797
3262,-7310.834961,-6815.876465,494.958496
3263,-11333.612305,-11303.475586,30.136719
3264,-12308.272461,-12320.987305,12.714844
3265,-9452.680664,-9488.447266,35.766602
3266,-10299.708984,-10365.501953,65.792969
3267,-11416.505859,-11374.270508,42.235352
3268,-10893.686523,-10598.320312,295.366211
3269,-10492.708008,-10466.740234,25.967773
3270,-9758.153320,-9463.679688,294.473633
3271,-12320.355469,-12349.999023,29.643555
3272,-9825.332031,-9934.324219,108.992188
3273,-13946.359375,-13873.048828,73.310547
3274,-10441.729492,-10395.930664,45.798828
3275,-10711.486328,-10802.272461,90.786133
3276,-11573.598633,-11576.854492,3.255859
3277,-10982.514648,-10971.190430,11.324219
3278,-11041.791016,-11001.500977,40.290039
3279,-11910.844727,-11949.188477,38.343750
3280,-9883.459961,-9895.558594,12.098633
3281,-8992.826172,-9438.704102,445.877930
3282,-10416.456055,-10396.114258,20.341797
3283,-10390.230469,-10338.106445,52.124023
3284,-11396.802734,-11374.911133,21.891602
3285,-11380.666016,-11439.707031,59.041016
3286,-11541.981445,-11542.969727,0.988281
3287,-11544.842773,-11543.534180,1.308594
3288,-9585.595703,-9588.968750,3.373047
3289,-11536.307617,-11543.930664,7.623047
3290,-12418.134766,-12455.891602,37.756836
3291,-9546.893555,-9588.377930,41.484375
3292,-11379.042969,-11374.638672,4.404297
3293,-10572.541016,-10598.986328,26.445312
3294,-10281.378906,-10410.887695,129.508789
3295,-13429.514648,-13401.913086,27.601562
3296,-10515.092773,-10498.936523,16.156250
3297,-12227.519531,-12249.358398,21.838867
3298,-10417.853516,-10364.315430,53.538086
3299,-10993.956055,-10970.583008,23.373047
3300,-10573.295898,-10566.457031,6.838867
3301,-7516.549805,-7763.599121,247.049316
3302,-11844.761719,-11844.013672,0.748047
3303,-11595.451172,-11576.136719,19.314453
3304,-12457.208984,-12456.398438,0.810547
3305,-12422.830078,-12419.684570,3.145508
3306,-12373.969727,-12350.866211,23.103516
3307,-10409.738281,-10360.210938,49.527344
3308,-11863.935547,-11882.321289,18.385742
3309,-12507.833008,-12489.336914,18.496094
3310,-10986.113281,-10968.536133,17.577148
3311,-10883.611328,-10878.560547,5.050781
3312,-10397.778320,-10339.534180,58.244141
3313,-10940.402344,-10936.968750,3.433594
3314,-11386.306641,-11341.549805,44.756836
3315,-10604.850586,-10531.838867,73.011719
3316,-11477.013672,-11511.358398,34.344727
3317,-10271.999023,-10464.942383,192.943359
3318,-11466.860352,-11477.118164,10.257812
3319,-12969.802734,-12926.897461,42.905273
3320,-11559.109375,-11509.446289,49.663086
3321,-11425.998047,-11376.278320,49.719727
3322,-9560.421875,-9555.877930,4.543945
3323,-11488.663086,-11406.537109,82.125977
3324,-12979.120117,-12926.235352,52.884766
3325,-11001.094727,-10971.813477,29.281250
3326,-12001.590820,-11945.833008,55.757812
3327,-10459.172852,-10393.076172,66.096680
3328,-9479.699219,-9497.288086,17.588867
3329,-11931.954102,-11914.212891,17.741211
3330,-10008.896484,-9960.629883,48.266602
3331,-11910.301758,-11916.176758,5.875000
3332,-11942.383789,-11948.418945,6.035156
3333,-9954.954102,-9990.939453,35.985352
3334,-12004.217773,-11916.532227,87.685547
3335,-13446.818359,-13468.125977,21.307617
3336,-11351.735352,-11337.957031,13.778320
3337,-11547.240234,-11510.824219,36.416016
3338,-13440.255859,-13434.762695,5.493164
3339,-10923.734375,-10938.144531,14.410156
3340,-10322.984375,-10363.666016,40.681641
3341,-10897.019531,-10833.671875,63.347656
3342,-9056.730469,-9202.767578,146.037109
3343,-11531.928711,-11542.750000,10.821289
3344,-12473.769531,-12520.362305,46.592773
3345,-11584.125000,-11575.789062,8.335938
3346,-10452.809570,-10396.270508,56.539062
3347,-11962.327148,-11945.754883,16.572266
3348,-12000.275391,-11980.155273,20.120117
3349,-10408.733398,-10430.916016,22.182617
3350,-11521.073242,-11543.604492,22.531250
3351,-10865.034180,-10832.185547,32.848633
3352,-13441.989258,-13531.694336,89.705078
3353,-9568.267578,-9555.706055,12.561523
3354,-10472.389648,-10469.167969,3.221680
3355,-10598.517578,-10599.134766,0.617188
3356,-10994.731445,-10934.250977,60.480469
3357,-12241.154297,-12248.634766,7.480469
3358,-11930.493164,-11882.258789,48.234375
3359,-9577.205078,-9462.959961,114.245117
3360,-10351.656250,-10395.054688,43.398438
3361,-11283.732422,-11342.884766,59.152344
3362,-11030.161133,-11001.579102,28.582031
3363,-10555.715820,-10566.433594,10.717773
3364,-10015.416992,-10023.858398,8.441406
3365,-11534.536133,-11510.688477,23.847656
3366,-11528.012695,-11575.791016,47.778320
3367,-12505.234375,-12521.970703,16.736328
3368,-11236.268555,-11420.844727,184.576172
3369,-8910.765625,-8359.979492,550.786133
3370,-10493.976562,-10500.408203,6.431641
3371,-11372.669922,-11372.750000,0.080078
3372,-11943.996094,-11844.494141,99.501953
3373,-11504.520508,-11476.501953,28.018555
3374,-12517.868164,-12553.967773,36.099609
3375,-10498.380859,-10566.069336,67.688477
3376,-10589.014648,-10565.148438,23.866211
3377,-10162.764648,-10274.172852,111.408203
3378,-12295.986328,-12353.777344,57.791016
3379,-10569.618164,-10565.020508,4.597656
3380,-12472.039062,-12489.774414,17.735352
3381,-11981.016602,-11916.377930,64.638672
3382,-10978.133789,-10968.509766,9.624023
3383,-9372.023438,-9588.360352,216.336914
3384,-12919.368164,-12926.399414,7.031250
3385,-12365.186523,-12417.601562,52.415039
3386,-10384.393555,-10395.697266,11.303711
3387,-9578.200195,-9428.725586,149.474609
3388,-11771.134766,-11476.884766,294.250000
3389,-10942.254883,-10936.184570,6.070312
3390,-10372.588867,-10365.125977,7.462891
3391,-12004.149414,-11947.197266,56.952148
3392,-11975.092773,-11948.821289,26.271484
3393,-10506.531250,-10499.930664,6.600586
3394,-11337.346680,-11375.630859,38.284180
3395,-11470.937500,-11509.954102,39.016602
3396,-11514.697266,-11542.766602,28.069336
3397,-10981.511719,-10934.009766,47.501953
3398,-11993.906250,-11980.890625,13.015625
3399,-11322.322266,-11340.935547,18.613281
3400,-11360.701172,-11338.207031,22.494141
3401,-11491.440430,-11478.505859,12.934570
3402,-12918.306641,-12925.236328,6.929688
3403,-11527.586914,-11511.209961,16.376953
3404,-10514.025391,-10531.144531,17.119141
3405,-12017.479492,-11981.103516,36.375977
3406,-11923.679688,-11883.321289,40.358398
3407,-10241.099609,-10440.297852,199.198242
3408,-10595.129883,-10599.153320,4.023438
3409,-10452.056641,-10397.606445,54.450195
3410,-9834.252930,-9899.452148,65.199219
3411,-10080.643555,-9932.578125,148.065430
3412,-10972.842773,-10969.855469,2.987305
3413,-10980.768555,-10969.658203,11.110352
3414,-9975.535156,-9898.236328,77.298828
3415,-10348.181641,-10467.124023,118.942383
3416,-10566.974609,-10531.875977,35.098633
3417,-10574.274414,-10499.921875,74.352539
3418,-10153.395508,-9934.143555,219.251953
3419,-12495.863281,-12466.693359,29.169922
3420,-12466.732422,-12489.076172,22.343750
3421,-9869.228516,-9859.731445,9.497070
3422,-9270.707031,-8890.333984,380.373047
3423,-11033.109375,-11034.626953,1.517578
3424,-11809.451172,-11780.300781,29.150391
3425,-12365.482422,-12354.071289,11.411133
3426,-8265.739258,-8361.621094,95.881836
3427,-9590.689453,-9521.518555,69.170898
3428,-10933.880859,-10938.583984,4.703125
3429,-11218.388672,-11419.324219,200.935547
3430,-9538.959961,-9555.754883,16.794922
3431,-10935.307617,-10936.391602,1.083984
3432,-11530.222656,-11543.866211,13.643555
3433,-10331.077148,-10360.204102,29.126953
3434,-10532.121094,-10500.371094,31.750000
3435,-11545.764648,-11544.095703,1.668945
3436,-10538.417969,-10566.056641,27.638672
3437,-10965.148438,-10971.268555,6.120117
3438,-11471.181641,-11477.244141,6.062500
3439,-11947.875977,-11946.791016,1.084961
3440,-11489.467773,-11477.298828,12.168945
3441,-10359.414062,-10362.589844,3.175781
3442,-9507.449219,-9522.439453,14.990234
3443,-9997.132812,-9991.675781,5.457031
3444,-11542.044922,-11576.884766,34.839844
3445,-11038.054688,-11001.674805,36.379883
3446,-11552.630859,-11511.221680,41.409180
3447,-11047.386719,-10913.083984,134.302734
3448,-10554.868164,-10565.129883,10.261719
3449,-10963.810547,-10972.108398,8.297852
3450,-9879.154297,-9923.544922,44.390625
3451,-11004.462891,-11036.541016,32.078125
3452,-12353.111328,-12354.916992,1.805664
3453,-8848.761719,-8922.012695,73.250977
3454,-11980.341797,-11947.708984,32.632812
3455,-10907.856445,-10866.989258,40.867188
3456,-10471.923828,-10508.692383,36.768555
3457,-12241.611328,-12319.560547,77.949219
3458,-9520.782227,-9520.611328,0.170898
3459,-11363.851562,-11373.281250,9.429688
3460,-11498.535156,-11510.633789,12.098633
3461,-10522.086914,-10531.850586,9.763672
3462,-12440.208984,-12386.709961,53.499023
3463,-11922.864258,-11915.834961,7.029297
3464,-11475.166016,-11511.485352,36.319336
3465,-12352.379883,-12350.329102,2.050781
3466,-11384.789062,-11406.873047,22.083984
3467,-11916.261719,-11883.223633,33.038086
3468,-12715.961914,-12683.987305,31.974609
3469,-12353.442383,-12385.322266,31.879883
3470,-10954.697266,-10904.706055,49.991211
3471,-10515.549805,-10532.728516,17.178711
3472,-11588.252930,-11509.647461,78.605469
3473,-10926.171875,-10938.621094,12.449219
3474,-11356.185547,-11374.292969,18.107422
3475,-10046.075195,-10025.999023,20.076172
3476,-11992.706055,-11916.272461,76.433594
3477,-11524.788086,-11512.226562,12.561523
3478,-11881.181641,-11882.031250,0.849609
3479,-10486.462891,-10473.900391,12.562500
3480,-11936.786133,-11917.639648,19.146484
3481,-10614.576172,-10565.228516,49.347656
3482,-10304.651367,-10330.554688,25.903320
3483,-12007.870117,-11980.909180,26.960938
3484,-12468.537109,-12553.461914,84.924805
3485,-9447.742188,-9521.166016,73.423828
3486,-10947.917969,-10968.607422,20.689453
3487,-11517.680664,-11510.185547,7.495117
3488,-12418.044922,-12384.870117,33.174805
3489,-10713.003906,-10800.382812,87.378906
3490,-11038.013672,-11001.752930,36.260742
3491,-11098.547852,-11317.814453,219.266602
3492,-11260.714844,-11179.325195,81.389648
3493,-11889.500977,-11947.763672,58.262695
3494,-10618.461914,-10439.958984,178.502930
3495,-9490.057617,-9497.354492,7.296875
3496,-12260.914062,-12250.678711,10.235352
3497,-12440.818359,-12455.132812,14.314453
3498,-11051.716797,-11034.441406,17.275391
3499,-11538.262695,-11542.494141,4.231445
3500,-12463.591797,-12456.114258,7.477539
3501,-9590.004883,-9554.571289,35.433594
3502,-11494.816406,-11478.762695,16.053711
3503,-15798.498047,-15459.993164,338.504883
3504,-11333.952148,-11374.803711,40.851562
3505,-12051.854492,-12014.776367,37.078125
3506,-11894.632812,-11809.821289,84.811523
3507,-9355.419922,-9329.276367,26.143555
3508,-11916.179688,-11914.494141,1.685547
3509,-11810.087891,-11809.827148,0.260742
3510,-11417.834961,-11408.838867,8.996094
3511,-12441.489258,-12522.754883,81.265625
3512,-10937.597656,-10904.161133,33.436523
3513,-10487.058594,-10431.027344,56.031250
3514,-12032.319336,-11980.737305,51.582031
3515,-11945.926758,-11948.208984,2.282227
3516,-10964.919922,-10936.323242,28.596680
3517,-11929.542969,-11721.577148,207.965820
3518,-10350.220703,-10473.183594,122.962891
3519,-12019.213867,-11980.179688,39.034180
3520,-11151.407227,-11282.958008,131.550781
3521,-11544.016602,-11543.825195,0.191406
3522,-5832.774902,-6256.387207,423.612305
3523,-9988.345703,-9959.509766,28.835938
3524,-12373.167969,-12353.109375,20.058594
3525,-9428.469727,-9462.876953,34.407227
3526,-12511.695312,-12521.308594,9.613281
3527,-11324.306641,-11237.847656,86.458984
3528,-10977.799805,-10969.874023,7.925781
3529,-9908.272461,-9956.718750,48.446289
3530,-12478.811523,-12488.486328,9.674805
3531,-9427.957031,-9555.696289,127.739258
3532,-10973.274414,-10968.183594,5.090820
3533,-12537.284180,-12521.004883,16.279297
3534,-9353.960938,-9407.334961,53.374023
3535,-9975.621094,-9957.541992,18.079102
3536,-11488.831055,-11477.750977,11.080078
3537,-10613.488281,-10507.852539,105.635742
3538,-11830.928711,-11813.402344,17.526367
3539,-11248.285156,-11420.662109,172.376953
3540,-11614.404297,-11575.920898,38.483398
3541,-11441.888672,-11373.861328,68.027344
3542,-12952.095703,-12925.556641,26.539062
3543,-11944.978516,-11916.008789,28.969727
3544,-11766.630859,-11813.215820,46.584961
3545,-12894.462891,-12956.766602,62.303711
3546,-10555.579102,-10533.698242,21.880859
3547,-10999.904297,-10969.891602,30.012695
3548,-9104.766602,-9166.297852,61.531250
3549,-10397.329102,-10532.585938,135.256836
3550,-11823.716797,-11780.605469,43.111328
3551,-11806.407227,-11812.995117,6.587891
3552,-11922.589844,-11914.854492,7.735352
3553,-10625.965820,-10565.172852,60.792969
3554,-11529.630859,-11576.074219,46.443359
3555,-11616.002930,-11543.358398,72.644531
3556,-10881.570312,-10911.145508,29.575195
3557,-10969.575195,-10969.781250,0.206055
3558,-9764.637695,-9934.483398,169.845703
3559,-10538.483398,-10530.960938,7.522461
3560,-10939.999023,-10879.791992,60.207031
3561,-12004.534180,-11914.808594,89.725586
3562,-10496.583008,-10465.552734,31.030273
3563,-10391.535156,-10397.564453,6.029297
3564,-11985.379883,-11945.750000,39.629883
3565,-11386.370117,-11576.771484,190.401367
3566,-10894.766602,-10802.178711,92.587891
3567,-12226.259766,-12522.739258,296.479492
3568,-12002.385742,-12012.163086,9.777344
3569,-10084.207031,-9867.356445,216.850586
3570,-11382.875977,-11373.411133,9.464844
3571,-12898.303711,-12894.807617,3.496094
3572,-11479.972656,-11478.752930,1.219727
3573,-12380.447266,-12352.292969,28.154297
3574,-10566.551758,-10566.589844,0.038086
3575,-11548.959961,-11542.167969,6.791992
3576,-12870.060547,-12592.184570,277.875977
3577,-11814.665039,-11812.007812,2.657227
3578,-10429.599609,-10468.003906,38.404297
3579,-9973.294922,-9965.813477,7.481445
3580,-10497.705078,-10497.963867,0.258789
3581,-11925.345703,-11913.763672,11.582031
3582,-10019.375977,-9992.283203,27.092773
3583,-10454.162109,-10399.692383,54.469727
3584,-12860.085938,-13007.571289,147.485352
3585,-10520.083984,-10532.431641,12.347656
3586,-12027.462891,-11979.042969,48.419922
3587,-10933.249023,-10935.958984,2.709961
3588,-11157.373047,-11206.099609,48.726562
3589,-10521.472656,-10498.003906,23.468750
3590,-11986.356445,-11947.506836,38.849609
3591,-12364.958008,-12385.682617,20.724609
3592,-11021.374023,-11003.257812,18.116211
3593,-9799.585938,-9836.970703,37.384766
3594,-13351.125000,-13329.762695,21.362305
3595,-10598.477539,-10598.554688,0.077148
3596,-10535.846680,-10498.544922,37.301758
3597,-11579.533203,-11543.388672,36.144531
3598,-10529.312500,-10533.007812,3.695312
3599,-10545.528320,-10566.443359,20.915039
3600,-11894.532227,-11948.589844,54.057617
3601,-11512.285156,-11474.071289,38.213867
3602,-11185.382812,-11180.401367,4.981445
3603,-10417.518555,-10365.484375,52.034180
3604,-11422.323242,-11511.083984,88.760742
3605,-12267.652344,-12248.732422,18.919922
3606,-10300.086914,-10306.320312,6.233398
3607,-8443.376953,-8486.562500,43.185547
3608,-10652.748047,-10474.431641,178.316406
3609,-13589.338867,-13434.243164,155.095703
3610,-10400.213867,-10474.269531,74.055664
3611,-10463.263672,-10498.708008,35.444336
3612,-10489.802734,-10430.279297,59.523438
3613,-10548.595703,-10532.157227,16.438477
3614,-11502.502930,-11509.080078,6.577148
3615,-10982.559570,-10906.071289,76.488281
3616,-10540.751953,-10498.878906,41.873047
3617,-11610.472656,-11576.213867,34.258789
3618,-11989.349609,-11947.241211,42.108398
3619,-12351.470703,-12353.184570,1.713867
3620,-10564.986328,-10566.572266,1.585938
3621,-12429.878906,-12451.613281,21.734375
3622,-12541.349609,-12586.902344,45.552734
3623,-10794.354492,-10801.608398,7.253906
3624,-12440.962891,-12487.896484,46.933594
3625,-11371.044922,-11311.686523,59.358398
3626,-11866.869141,-11914.992188,48.123047
3627,-10547.599609,-10405.894531,141.705078
3628,-11431.103516,-11444.199219,13.095703
3629,-11167.766602,-10878.732422,289.034180
3630,-11484.349609,-11510.719727,26.370117
3631,-10907.807617,-10903.199219,4.608398
3632,-11325.740234,-11239.602539,86.137695
3633,-11010.913086,-11003.185547,7.727539
3634,-10481.294922,-10564.736328,83.441406
3635,-10609.860352,-10498.670898,111.189453
3636,-11430.665039,-11406.863281,23.801758
3637,-12660.020508,-12956.908203,296.887695
3638,-10570.533203,-10566.183594,4.349609
3639,-9488.762695,-9521.096680,32.333984
3640,-10961.023438,-10937.637695,23.385742
3641,-11430.474609,-11437.892578,7.417969
3642,-11942.672852,-11917.047852,25.625000
3643,-9476.456055,-9489.400391,12.944336
3644,-11466.006836,-11476.805664,10.798828
3645,-9785.819336,-9901.217773,115.398438
3646,-11557.280273,-11576.753906,19.473633
3647,-10892.123047,-10834.127930,57.995117
3648,-12862.779297,-12893.497070,30.717773
3649,-11949.273438,-11947.055664,2.217773
3650,-12972.444336,-12926.635742,45.808594
3651,-11037.020508,-10968.745117,68.275391
3652,-10954.005859,-10937.297852,16.708008
3653,-10229.047852,-10087.437500,141.610352
3654,-8501.460938,-8728.505859,227.044922
3655,-8561.484375,-8394.277344,167.207031
3656,-10536.485352,-10533.276367,3.208984
3657,-12503.267578,-12488.731445,14.536133
3658,-10937.182617,-10938.314453,1.131836
3659,-11536.511719,-11510.889648,25.622070
3660,-11709.554688,-11845.826172,136.271484
3661,-10940.747070,-10938.039062,2.708008
3662,-10493.902344,-10531.965820,38.063477
3663,-9383.740234,-9463.283203,79.542969
3664,-10885.110352,-10935.634766,50.524414
3665,-11965.005859,-11913.556641,51.449219
3666,-11786.661133,-11811.318359,24.657227
3667,-11389.498047,-11373.552734,15.945312
3668,-11549.747070,-11509.158203,40.588867
3669,-10955.837891,-10943.041016,12.796875
3670,-10789.367188,-10912.176758,122.809570
3671,-9949.547852,-9926.308594,23.239258
3672,-12039.165039,-11981.447266,57.717773
3673,-12455.300781,-12489.264648,33.963867
3674,-9393.700195,-9361.113281,32.586914
3675,-10338.998047,-10363.972656,24.974609
3676,-12444.727539,-12417.985352,26.742188
3677,-11379.661133,-11239.544922,140.116211
3678,-7801.327148,-7416.551758,384.775391
3679,-13407.629883,-13330.866211,76.763672
3680,-10396.495117,-10395.902344,0.592773
3681,-8903.908203,-8922.104492,18.196289
3682,-9919.207031,-9927.772461,8.565430
3683,-11968.011719,-11981.787109,13.775391
3684,-9981.533203,-9990.284180,8.750977
3685,-10963.519531,-10968.890625,5.371094
3686,-11814.802734,-11812.159180,2.643555
3687,-10559.245117,-10500.697266,58.547852
3688,-10961.164062,-10971.436523,10.272461
3689,-11754.774414,-11746.149414,8.625000
3690,-11533.477539,-11544.472656,10.995117
3691,-11919.989258,-11914.013672,5.975586
3692,-10553.185547,-10566.110352,12.924805
3693,-10909.689453,-10903.662109,6.027344
3694,-12370.377930,-12354.568359,15.809570
3695,-10960.078125,-10937.268555,22.809570
3696,-10540.082031,-10532.154297,7.927734
3697,-11003.558594,-10968.975586,34.583008
3698,-12463.743164,-12488.330078,24.586914
3699,-11949.966797,-11980.651367,30.684570
3700,-10585.207031,-10565.880859,19.326172
3701,-11029.394531,-11003.501953,25.892578
3702,-10535.921875,-10533.126953,2.794922
3703,-10993.307617,-10969.374023,23.933594
3704,-11600.973633,-11576.860352,24.113281
3705,-11515.096680,-11510.246094,4.850586
3706,-12565.245117,-12553.920898,11.324219
3707,-10301.332031,-10364.430664,63.098633
3708,-11883.884766,-11844.911133,38.973633
3709,-10319.017578,-10472.511719,153.494141
3710,-11994.446289,-11914.127930,80.318359
3711,-11885.955078,-11916.303711,30.348633
3712,-10959.234375,-10880.137695,79.096680
3713,-9407.866211,-8485.907227,921.958984
3714,-12527.227539,-12487.838867,39.388672
3715,-8291.115234,-8426.653320,135.538086
3716,-11380.914062,-11407.722656,26.808594
3717,-12498.958984,-12489.816406,9.142578
3718,-10955.031250,-10968.566406,13.535156
3719,-11610.485352,-11609.475586,1.009766
3720,-13311.559570,-13329.545898,17.986328
3721,-11988.258789,-11948.234375,40.024414
3722,-11400.067383,-11341.303711,58.763672
3723,-11079.611328,-11036.129883,43.481445
3724,-9577.749023,-9465.331055,112.417969
3725,-9327.696289,-9327.051758,0.644531
3726,-10987.592773,-10773.764648,213.828125
3727,-11866.462891,-11844.486328,21.976562
3728,-11494.607422,-11511.138672,16.531250
3729,-9796.941406,-9902.249023,105.307617
3730,-11569.776367,-11511.756836,58.019531
3731,-9965.307617,-9992.351562,27.043945
3732,-11899.207031,-11915.658203,16.451172
3733,-9583.460938,-9555.775391,27.685547
3734,-9488.342773,-9521.791992,33.449219
3735,-10813.244141,-10337.450195,475.793945
3736,-10506.614258,-10533.606445,26.992188
3737,-9703.189453,-9811.729492,108.540039
3738,-10015.230469,-9993.801758,21.428711
3739,-10001.455078,-9992.439453,9.015625
3740,-10641.950195,-10598.101562,43.848633
3741,-12911.749023,-12927.796875,16.047852
3742,-10375.079102,-10440.799805,65.720703
3743,-11213.629883,-10474.188477,739.441406
3744,-9603.998047,-9587.252930,16.745117
3745,-11956.046875,-11917.297852,38.749023
3746,-11343.268555,-11375.875977,32.607422
3747,-10872.848633,-10879.765625,6.916992
3748,-11545.808594,-11543.866211,1.942383
3749,-12447.393555,-12522.140625,74.747070
3750,-10442.771484,-10501.168945,58.397461
3751,-12271.063477,-12320.278320,49.214844
3752,-10863.204102,-10833.701172,29.502930
3753,-11253.802734,-11451.769531,197.966797
3754,-9829.431641,-10142.412109,312.980469
3755,-10397.721680,-10393.747070,3.974609
3756,-11995.375977,-12014.357422,18.981445
3757,-11417.558594,-11404.771484,12.787109
3758,-10950.185547,-10971.019531,20.833984
3759,-10935.548828,-10905.163086,30.385742
3760,-11545.852539,-11511.876953,33.975586
3761,-10022.477539,-10393.905273,371.427734
3762,-11488.005859,-11477.579102,10.426758
3763,-8898.964844,-8863.133789,35.831055
3764,-10522.056641,-10532.917969,10.861328
3765,-12921.510742,-12926.125977,4.615234
3766,-9263.641602,-9269.698242,6.056641
3767,-11404.363281,-11616.233398,211.870117
3768,-11015.112305,-10969.860352,45.251953
3769,-9400.799805,-9454.896484,54.096680
3770,-11572.024414,-11575.819336,3.794922
3771,-9489.896484,-9495.431641,5.535156
3772,-12472.514648,-12488.416992,15.902344
3773,-12356.322266,-12280.834961,75.487305
3774,-11529.603516,-11511.793945,17.809570
3775,-11554.169922,-11441.774414,112.395508
3776,-9947.352539,-9959.858398,12.505859
3777,-11813.806641,-11778.925781,34.880859
3778,-12667.520508,-12788.588867,121.068359
3779,-10643.914062,-10631.299805,12.614258
3780,-11933.784180,-11948.413086,14.628906
3781,-11433.405273,-11407.684570,25.720703
3782,-11908.198242,-11914.625977,6.427734
3783,-10597.645508,-10565.209961,32.435547
3784,-12590.209961,-12586.943359,3.266602
3785,-12999.170898,-12925.178711,73.992188
3786,-10498.056641,-10498.833008,0.776367
3787,-10394.766602,-10396.018555,1.251953
3788,-11938.456055,-11914.584961,23.871094
3789,-10459.237305,-10396.686523,62.550781
3790,-11529.581055,-11511.629883,17.951172
3791,-10519.320312,-10531.672852,12.352539
3792,-11308.012695,-11342.870117,34.857422
3793,-9984.222656,-9956.777344,27.445312
3794,-9938.209961,-9901.078125,37.131836
3795,-10432.332031,-10565.231445,132.899414
3796,-11014.897461,-10969.015625,45.881836
3797,-10975.709961,-10971.350586,4.359375
3798,-11532.297852,-11510.266602,22.031250
3799,-12865.424805,-12894.972656,29.547852
3800,-10548.099609,-10498.687500,49.412109
3801,-11313.781250,-11339.300781,25.519531
3802,-10551.001953,-10565.477539,14.475586
3803,-11375.355469,-11375.226562,0.128906
3804,-12513.089844,-12554.576172,41.486328
3805,-10043.516602,-9832.737305,210.779297
3806,-12909.113281,-12894.757812,14.355469
3807,-10384.878906,-10365.644531,19.234375
3808,-11371.582031,-11374.078125,2.496094
3809,-12416.893555,-12384.724609,32.168945
3810,-12320.200195,-12456.277344,136.077148
3811,-10949.537109,-10970.609375,21.072266
3812,-11557.250977,-11543.749023,13.501953
3813,-9517.554688,-9554.353516,36.798828
3814,-11029.898438,-10970.096680,59.801758
3815,-10498.430664,-10534.380859,35.950195
3816,-9489.101562,-9495.995117,6.893555
3817,-11539.100586,-11542.445312,3.344727
3818,-11891.707031,-11945.954102,54.247070
3819,-10387.659180,-10363.306641,24.352539
3820,-11346.739258,-11374.229492,27.490234
3821,-10508.652344,-10500.340820,8.311523
3822,-10591.856445,-10532.693359,59.163086
3823,-9321.859375,-9269.954102,51.905273
3824,-10412.658203,-9866.156250,546.501953
3825,-9964.060547,-9989.689453,25.628906
3826,-12553.764648,-12552.984375,0.780273
3827,-12427.234375,-12417.885742,9.348633
3828,-4627.710449,-4613.901367,13.809082
3829,-11504.463867,-11510.847656,6.383789
3830,-10551.925781,-10533.216797,18.708984
3831,-13294.073242,-13467.519531,173.446289
3832,-11613.881836,-11608.871094,5.010742
3833,-12992.394531,-12959.397461,32.997070
3834,-11392.395508,-11341.882812,50.512695
3835,-10897.970703,-10935.326172,37.355469
3836,-11959.091797,-11911.701172,47.390625
3837,-11123.436523,-11004.385742,119.050781
3838,-12022.429688,-11947.545898,74.883789
3839,-12439.521484,-12383.974609,55.546875
3840,-11468.914062,-11420.062500,48.851562
3841,-11483.877930,-11542.906250,59.028320
3842,-11821.549805,-11849.767578,28.217773
3843,-10783.422852,-10801.472656,18.049805
3844,-10864.880859,-10905.809570,40.928711
3845,-11811.649414,-11711.594727,100.054688
3846,-10852.654297,-10801.342773,51.311523
3847,-9557.594727,-9621.531250,63.936523
3848,-12555.513672,-12520.970703,34.542969
3849,-11345.520508,-11406.831055,61.310547
3850,-9694.664062,-9705.899414,11.235352
3851,-12450.846680,-12385.275391,65.571289
3852,-11554.087891,-11542.940430,11.147461
3853,-10529.888672,-10530.520508,0.631836
3854,-9494.706055,-9463.511719,31.194336
3855,-10977.789062,-10968.237305,9.551758
3856,-13628.296875,-13661.609375,33.312500
3857,-11541.915039,-11575.724609,33.809570
3858,-12520.788086,-12490.477539,30.310547
3859,-12985.847656,-12926.592773,59.254883
3860,-10845.669922,-10801.189453,44.480469
3861,-11937.637695,-11913.791016,23.846680
3862,-9571.252930,-9556.015625,15.237305
3863,-13259.222656,-13361.752930,102.530273
3864,-12457.823242,-12487.213867,29.390625
3865,-8279.590820,-8426.673828,147.083008
3866,-10990.264648,-10970.427734,19.836914
3867,-11950.333984,-11811.544922,138.789062
3868,-11966.954102,-11916.129883,50.824219
3869,-10579.546875,-10566.072266,13.474609
3870,-11551.090820,-11542.454102,8.636719
3871,-9509.624023,-9490.278320,19.345703
3872,-11529.082031,-11510.786133,18.295898
3873,-10316.178711,-10396.944336,80.765625
3874,-10852.390625,-10846.458984,5.931641
3875,-10889.154297,-10765.051758,124.102539
3876,-11914.692383,-11914.728516,0.036133
3877,-11373.854492,-11339.973633,33.880859
3878,-9975.360352,-9899.357422,76.002930
3879,-9462.853516,-9463.238281,0.384766
3880,-10539.241211,-10533.101562,6.139648
3881,-10995.751953,-11002.309570,6.557617
3882,-9599.100586,-9706.628906,107.528320
3883,-11401.377930,-11406.720703,5.342773
3884,-11254.447266,-11349.511719,95.064453
3885,-8835.249023,-10395.370117,1560.121094
3886,-10802.552734,-10833.305664,30.752930
3887,-9559.725586,-9587.725586,28.000000
3888,-9398.676758,-9463.098633,64.421875
3889,-11514.635742,-11476.916016,37.719727
3890,-11749.377930,-11844.994141,95.616211
3891,-11255.674805,-11309.424805,53.750000
3892,-9542.717773,-9555.407227,12.689453
3893,-10530.990234,-10565.074219,34.083984
3894,-13383.355469,-13531.731445,148.375977
3895,-12803.417969,-12789.712891,13.705078
3896,-10975.176758,-10968.429688,6.747070
3897,-11957.782227,-11882.676758,75.105469
3898,-10748.301758,-10384.205078,364.096680
3899,-9526.166016,-9555.491211,29.325195
3900,-11573.254883,-11577.030273,3.775391
3901,-11893.906250,-11945.260742,51.354492
3902,-11045.911133,-11034.848633,11.062500
3903,-10992.546875,-11003.282227,10.735352
3904,-10478.429688,-10474.868164,3.561523
3905,-10746.186523,-10833.310547,87.124023
3906,-10496.216797,-10498.583984,2.367188
3907,-11039.654297,-11034.338867,5.315430
3908,-10395.925781,-10396.072266,0.146484
3909,-9987.294922,-9992.251953,4.957031
3910,-11775.442383,-11779.001953,3.559570
3911,-11984.753906,-11948.127930,36.625977
3912,-10935.105469,-10937.706055,2.600586
3913,-10887.565430,-10903.886719,16.321289
3914,-11027.926758,-10945.759766,82.166992
3915,-8272.293945,-8395.014648,122.720703
3916,-10422.412109,-10507.286133,84.874023
3917,-12257.345703,-12354.306641,96.960938
3918,-10994.495117,-10967.250000,27.245117
3919,-12532.708008,-12457.282227,75.425781
3920,-11509.382812,-11509.652344,0.269531
3921,-11970.454102,-11915.493164,54.960938
3922,-13747.866211,-13660.667969,87.198242
3923,-11528.416016,-11508.948242,19.467773
3924,-13379.643555,-13329.863281,49.780273
3925,-11834.121094,-11777.976562,56.144531
3926,-10951.940430,-10971.655273,19.714844
3927,-11010.114258,-11002.488281,7.625977
3928,-8919.940430,-8520.131836,399.808594
3929,-14455.685547,-14419.575195,36.110352
3930,-11013.483398,-10970.055664,43.427734
3931,-11259.856445,-11303.750000,43.893555
3932,-12674.257812,-12685.375000,11.117188
3933,-10461.284180,-10466.024414,4.740234
3934,-11355.249023,-11376.271484,21.022461
3935,-10681.979492,-10383.397461,298.582031
3936,-10708.623047,-10878.745117,170.122070
3937,-9914.612305,-9923.603516,8.991211
3938,-8669.084961,-8493.579102,175.505859
3939,-10492.668945,-10468.484375,24.184570
3940,-8798.630859,-8865.399414,66.768555
3941,-10478.815430,-10430.422852,48.392578
3942,-11467.376953,-11510.674805,43.297852
3943,-13777.902344,-13548.599609,229.302734
3944,-11754.818359,-11844.280273,89.461914
3945,-10969.352539,-10971.271484,1.918945
3946,-11423.649414,-11406.776367,16.873047
3947,-11741.181641,-11712.424805,28.756836
3948,-11599.419922,-11576.705078,22.714844
3949,-10961.298828,-10934.921875,26.376953
3950,-13501.215820,-13467.775391,33.440430
3951,-10400.738281,-10408.343750,7.605469
3952,-12546.853516,-12487.083008,59.770508
3953,-10551.637695,-10565.317383,13.679688
3954,-9663.878906,-9841.633789,177.754883
3955,-12492.919922,-12488.772461,4.147461
3956,-12419.915039,-12456.457031,36.541992
3957,-9983.461914,-9958.463867,24.998047
3958,-11496.768555,-11542.234375,45.465820
3959,-11963.404297,-11915.708984,47.695312
3960,-10591.783203,-10533.866211,57.916992
3961,-10242.082031,-10565.916016,323.833984
3962,-11732.937500,-11889.935547,156.998047
3963,-10923.923828,-10903.383789,20.540039
3964,-9462.119141,-9522.277344,60.158203
3965,-11023.400391,-11002.200195,21.200195
3966,-11949.673828,-11917.089844,32.583984
3967,-9541.385742,-9588.585938,47.200195
3968,-11464.821289,-11405.653320,59.167969
3969,-10960.759766,-10937.938477,22.821289
3970,-11809.567383,-11812.451172,2.883789
3971,-9196.128906,-9338.822266,142.693359
3972,-9426.353516,-9431.774414,5.420898
3973,-11563.332031,-11543.679688,19.652344
3974,-11629.128906,-11609.104492,20.024414
3975,-11961.554688,-11946.373047,15.181641
3976,-10498.053711,-10534.155273,36.101562
3977,-10879.352539,-10935.747070,56.394531
3978,-10496.254883,-10497.202148,0.947266
3979,-11421.814453,-11407.829102,13.985352
3980,-10323.404297,-10363.766602,40.362305
3981,-9404.454102,-8551.949219,852.504883
3982,-9988.718750,-9992.695312,3.976562
3983,-12464.190430,-12385.573242,78.617188
3984,-11512.559570,-11480.320312,32.239258
3985,-10379.973633,-10396.812500,16.838867
3986,-11527.191406,-11544.525391,17.333984
3987,-9017.114258,-8923.059570,94.054688
3988,-11511.743164,-11510.275391,1.467773
3989,-11024.180664,-10969.431641,54.749023
3990,-11372.691406,-11343.631836,29.059570
3991,-12172.970703,-12249.236328,76.265625
3992,-10549.623047,-10566.145508,16.522461
3993,-9982.174805,-9992.393555,10.218750
3994,-8576.583984,-8459.945312,116.638672
3995,-10542.335938,-10564.554688,22.218750
3996,-10537.659180,-10498.970703,38.688477
3997,-10520.236328,-10531.528320,11.291992
3998,-10488.371094,-10466.089844,22.281250
3999,-11512.223633,-11509.535156,2.688477
4000,-9879.867188,-10834.199219,954.332031
4001,-10306.372070,-10337.828125,31.456055
4002,-10304.505859,-10440.848633,136.342773
4003,-11552.964844,-11510.284180,42.680664
4004,-10368.732422,-10363.921875,4.810547
4005,-11953.239258,-11946.622070,6.617188
4006,-9541.066406,-9554.916016,13.849609
4007,-10555.159180,-10474.740234,80.418945
4008,-9343.031250,-9431.963867,88.932617
4009,-12545.120117,-12487.848633,57.271484
4010,-13013.070312,-13005.947266,7.123047
4011,-11502.774414,-11511.256836,8.482422
4012,-12503.352539,-12486.447266,16.905273
4013,-11546.921875,-11542.509766,4.412109
4014,-11432.065430,-11341.565430,90.500000
4015,-11523.025391,-11542.263672,19.238281
4016,-9546.403320,-9523.573242,22.830078
4017,-11679.040039,-11675.132812,3.907227
4018,-10580.013672,-10466.755859,113.257812
4019,-11367.748047,-11408.346680,40.598633
4020,-11503.042969,-11477.498047,25.544922
4021,-10906.919922,-10934.893555,27.973633
4022,-10520.082031,-10499.920898,20.161133
4023,-11324.895508,-11343.144531,18.249023
4024,-8338.320312,-8427.949219,89.628906
4025,-9504.359375,-9496.367188,7.992188
4026,-12402.328125,-12385.832031,16.496094
4027,-9972.593750,-9958.886719,13.707031
4028,-11277.556641,-11307.720703,30.164062
4029,-9912.068359,-9869.688477,42.379883
4030,-12357.634766,-12386.081055,28.446289
4031,-12006.421875,-11948.472656,57.949219
4032,-10780.799805,-10565.858398,214.941406
4033,-10535.542969,-10462.109375,73.433594
4034,-13514.724609,-13499.866211,14.858398
4035,-10843.212891,-10507.810547,335.402344
4036,-10842.858398,-10867.024414,24.166016
4037,-12724.078125,-12790.811523,66.733398
4038,-11475.215820,-11446.051758,29.164062
4039,-8600.123047,-6288.608887,2311.514160
4040,-10447.415039,-10566.568359,119.153320
4041,-11844.199219,-11780.791016,63.408203
4042,-11551.922852,-11542.909180,9.013672
4043,-11930.330078,-11914.506836,15.823242
4044,-11935.435547,-11947.729492,12.293945
4045,-10601.469727,-10599.560547,1.909180
4046,-11582.935547,-11543.335938,39.599609
4047,-11526.563477,-11510.330078,16.233398
4048,-9842.816406,-9868.188477,25.372070
4049,-10607.738281,-10565.176758,42.561523
4050,-10078.307617,-10057.077148,21.230469
4051,-10922.314453,-10838.682617,83.631836
4052,-10972.286133,-10936.099609,36.186523
4053,-12017.124023,-11982.323242,34.800781
4054,-11483.944336,-11510.475586,26.531250
4055,-12220.680664,-12215.793945,4.886719
4056,-11485.374023,-11510.662109,25.288086
4057,-10175.617188,-10303.556641,127.939453
4058,-11989.660156,-11913.641602,76.018555
4059,-11945.599609,-11916.013672,29.585938
4060,-10977.701172,-10935.947266,41.753906
4061,-12447.485352,-12490.127930,42.642578
4062,-11013.360352,-11001.512695,11.847656
4063,-11345.078125,-11343.330078,1.748047
4064,-7295.402832,-6786.392578,509.010254
4065,-10438.732422,-10395.747070,42.985352
4066,-11033.479492,-11003.666016,29.813477
4067,-12032.908203,-11980.082031,52.826172
4068,-12407.435547,-12321.026367,86.409180
4069,-10968.217773,-10968.263672,0.045898
4070,-11991.197266,-11981.371094,9.826172
4071,-11414.805664,-11485.381836,70.576172
4072,-11619.464844,-11577.897461,41.567383
4073,-12760.806641,-12854.854492,94.047852
4074,-10450.255859,-10566.539062,116.283203
4075,-11397.440430,-11338.252930,59.187500
4076,-11305.522461,-11303.516602,2.005859
4077,-9753.313477,-9763.905273,10.591797
4078,-9571.271484,-9588.990234,17.718750
4079,-10978.987305,-10936.180664,42.806641
4080,-11977.371094,-11946.637695,30.733398
4081,-11770.513672,-11778.581055,8.067383
4082,-12460.074219,-12521.951172,61.876953
4083,-10478.118164,-10398.512695,79.605469
4084,-10488.426758,-10500.587891,12.161133
4085,-9008.226562,-9236.079102,227.852539
4086,-9219.198242,-8922.132812,297.065430
4087,-10643.688477,-10598.583984,45.104492
4088,-12060.449219,-11981.134766,79.314453
4089,-10595.743164,-10566.094727,29.648438
4090,-12404.964844,-12385.276367,19.688477
4091,-10993.754883,-10970.033203,23.721680
4092,-10663.063477,-10774.743164,111.679688
4093,-11412.476562,-11372.762695,39.713867
4094,-10569.053711,-10564.596680,4.457031
4095,-10981.848633,-10970.073242,11.775391
4096,-12790.899414,-12822.414062,31.514648
4097,-11442.832031,-11507.760742,64.928711
4098,-11540.527344,-11544.318359,3.791016
4099,-8559.141602,-8395.389648,163.751953
4100,-10609.959961,-10566.787109,43.172852
4101,-10524.444336,-10533.043945,8.599609
4102,-10582.951172,-10566.095703,16.855469
4103,-10936.895508,-10937.286133,0.390625
4104,-12419.888672,-12352.925781,66.962891
4105,-12236.160156,-12250.166992,14.006836
4106,-11959.442383,-11913.315430,46.126953
4107,-10617.747070,-10565.000000,52.747070
4108,-9576.946289,-9588.875977,11.929688
4109,-12029.284180,-12586.797852,557.513672
4110,-10938.554688,-10903.442383,35.112305
4111,-9949.083008,-9924.558594,24.524414
4112,-11402.349609,-11408.481445,6.131836
4113,-10925.203125,-10934.393555,9.190430
4114,-11279.210938,-11309.795898,30.584961
4115,-9756.236328,-9733.731445,22.504883
4116,-9245.488281,-9589.274414,343.786133
4117,-11801.650391,-11845.229492,43.579102
4118,-11552.771484,-11509.120117,43.651367
4119,-11843.204102,-11844.328125,1.124023
4120,-9617.206055,-9462.792969,154.413086
4121,-9894.673828,-10342.885742,448.211914
4122,-10953.905273,-10971.241211,17.335938
4123,-11358.521484,-11373.003906,14.482422
4124,-11047.596680,-10970.492188,77.104492
4125,-13491.798828,-13532.008789,40.209961
4126,-11365.251953,-11375.381836,10.129883
4127,-10273.039062,-10306.005859,32.966797
4128,-11476.143555,-11479.715820,3.572266
4129,-10922.101562,-10867.500000,54.601562
4130,-11299.602539,-11341.476562,41.874023
4131,-11987.356445,-11980.139648,7.216797
4132,-12352.078125,-12925.651367,573.573242
4133,-11491.557617,-11511.761719,20.204102
4134,-13459.954102,-13395.818359,64.135742
4135,-12416.122070,-12351.954102,64.167969
4136,-12284.938477,-12318.885742,33.947266
4137,-11321.238281,-11376.326172,55.087891
4138,-11428.506836,-11477.604492,49.097656
4139,-10720.913086,-10847.759766,126.846680
4140,-10624.696289,-10846.155273,221.458984
4141,-11563.142578,-11544.085938,19.056641
4142,-10795.036133,-10800.605469,5.569336
4143,-10949.244141,-10970.502930,21.258789
4144,-10567.889648,-10532.319336,35.570312
4145,-10508.555664,-10501.802734,6.752930
4146,-11780.033203,-11813.019531,32.986328
4147,-10604.878906,-10506.833984,98.044922
4148,-10911.659180,-10906.330078,5.329102
4149,-10545.175781,-10534.273438,10.902344
4150,-10810.294922,-10800.154297,10.140625
4151,-11006.187500,-10969.627930,36.559570
4152,-11463.218750,-11485.890625,22.671875
4153,-10437.857422,-10442.912109,5.054688
4154,-11895.500977,-11912.815430,17.314453
4155,-11950.039062,-11948.753906,1.285156
4156,-9522.888672,-9405.345703,117.542969
4157,-11528.500977,-11479.543945,48.957031
4158,-10809.933594,-10833.247070,23.313477
4159,-9825.528320,-9894.467773,68.939453
4160,-10540.892578,-10465.596680,75.295898
4161,-11904.015625,-11913.500977,9.485352
4162,-11777.000000,-11845.095703,68.095703
4163,-10958.471680,-10833.531250,124.940430
4164,-11382.527344,-11407.573242,25.045898
4165,-9352.630859,-9429.451172,76.820312
4166,-10998.923828,-10937.913086,61.010742
4167,-11942.965820,-11948.449219,5.483398
4168,-11449.375000,-11477.291016,27.916016
4169,-9590.783203,-9587.916992,2.866211
4170,-9940.703125,-9991.639648,50.936523
4171,-10971.210938,-10969.115234,2.095703
4172,-10990.252930,-11001.625977,11.373047
4173,-11904.008789,-11915.646484,11.637695
4174,-9924.682617,-9960.687500,36.004883
4175,-12461.098633,-12456.288086,4.810547
4176,-9960.864258,-9923.653320,37.210938
4177,-9528.523438,-9529.583008,1.059570
4178,-9994.046875,-9992.163086,1.883789
4179,-10542.748047,-10566.262695,23.514648
4180,-11403.849609,-11405.976562,2.126953
4181,-10500.076172,-10533.259766,33.183594
4182,-10570.576172,-10532.500000,38.076172
4183,-11924.202148,-11914.590820,9.611328
4184,-10788.979492,-10507.755859,281.223633
4185,-11436.472656,-11441.845703,5.373047
4186,-11523.969727,-11510.196289,13.773438
4187,-11743.848633,-11813.206055,69.357422
4188,-10547.841797,-10565.457031,17.615234
4189,-11853.986328,-11811.596680,42.389648
4190,-8897.793945,-8864.812500,32.981445
4191,-11942.463867,-11946.362305,3.898438
4192,-7875.512695,-8260.203125,384.690430
4193,-9090.907227,-9489.375000,398.467773
4194,-11602.728516,-11575.789062,26.939453
4195,-11377.235352,-11477.306641,100.071289
4196,-12395.196289,-12386.748047,8.448242
4197,-10931.773438,-10938.689453,6.916016
4198,-9401.438477,-9464.257812,62.819336
4199,-10353.609375,-10362.829102,9.219727
4200,-12786.150391,-12821.899414,35.749023
4201,-12464.154297,-12488.541992,24.387695
4202,-11835.000000,-11722.206055,112.793945
4203,-10728.594727,-10506.883789,221.710938
4204,-8492.280273,-8518.589844,26.309570
4205,-11529.859375,-11510.781250,19.078125
4206,-9412.609375,-9522.552734,109.943359
4207,-10351.432617,-10332.030273,19.402344
4208,-9662.525391,-9464.486328,198.039062
4209,-11543.793945,-11508.777344,35.016602
4210,-12457.075195,-12319.045898,138.029297
4211,-10933.535156,-10938.303711,4.768555
4212,-10604.861328,-10566.275391,38.585938
4213,-11547.268555,-11406.991211,140.277344
4214,-11512.376953,-11512.540039,0.163086
4215,-11881.731445,-11915.551758,33.820312
4216,-9928.480469,-9902.294922,26.185547
4217,-11345.611328,-11373.822266,28.210938
4218,-10494.013672,-10532.041992,38.028320
4219,-7242.184082,-7764.229492,522.045410
4220,-10530.256836,-10370.446289,159.810547
4221,-12097.233398,-12012.411133,84.822266
4222,-11890.007812,-11915.437500,25.429688
4223,-11380.168945,-11406.635742,26.466797
4224,-9941.474609,-9958.919922,17.445312
4225,-11912.300781,-11915.454102,3.153320
4226,-10411.078125,-10428.879883,17.801758
4227,-11911.930664,-11916.160156,4.229492
4228,-11431.191406,-11285.245117,145.946289
4229,-11869.716797,-11813.516602,56.200195
4230,-10291.515625,-10307.340820,15.825195
4231,-11537.375000,-11511.537109,25.837891
4232,-10639.058594,-10631.522461,7.536133
4233,-10970.779297,-10934.407227,36.372070
4234,-11391.868164,-11372.338867,19.529297
4235,-11939.983398,-11947.551758,7.568359
4236,-10692.216797,-10439.437500,252.779297
4237,-10449.350586,-10599.147461,149.796875
4238,-10477.217773,-10473.651367,3.566406
4239,-11020.466797,-11001.464844,19.001953
4240,-13403.533203,-13332.066406,71.466797
4241,-10950.626953,-10970.852539,20.225586
4242,-10975.943359,-10937.860352,38.083008
4243,-9484.582031,-9496.491211,11.909180
4244,-10510.856445,-10532.897461,22.041016
4245,-11428.485352,-11412.162109,16.323242
4246,-10528.985352,-10531.977539,2.992188
4247,-10125.785156,-9764.538086,361.247070
4248,-10413.633789,-10362.552734,51.081055
4249,-10037.212891,-9866.006836,171.206055
4250,-7989.985352,-8200.674805,210.689453
4251,-11517.982422,-11510.336914,7.645508
4252,-12555.390625,-12554.382812,1.007812
4253,-12500.078125,-12457.525391,42.552734
4254,-10965.048828,-10971.061523,6.012695
4255,-10373.131836,-10360.077148,13.054688
4256,-10945.719727,-10935.886719,9.833008
4257,-11400.175781,-11375.250977,24.924805
4258,-9463.869141,-9302.253906,161.615234
4259,-10587.754883,-10507.148438,80.606445
4260,-10515.643555,-10441.182617,74.460938
4261,-10419.853516,-10339.078125,80.775391
4262,-11935.509766,-12012.262695,76.752930
4263,-10558.242188,-10425.942383,132.299805
4264,-11415.792969,-11445.892578,30.099609
4265,-10564.058594,-10533.432617,30.625977
4266,-10977.122070,-10968.980469,8.141602
4267,-12004.055664,-11979.923828,24.131836
4268,-12386.408203,-12455.325195,68.916992
4269,-11554.877930,-11509.542969,45.334961
4270,-10977.593750,-10938.383789,39.209961
4271,-11559.955078,-11511.803711,48.151367
4272,-10813.498047,-10801.013672,12.484375
4273,-10907.296875,-10936.746094,29.449219
4274,-15727.187500,-15898.483398,171.295898
4275,-12469.715820,-12520.483398,50.767578
4276,-12666.435547,-12685.061523,18.625977
4277,-10551.943359,-10565.937500,13.994141
4278,-11947.978516,-11948.606445,0.627930
4279,-11445.708984,-11442.918945,2.790039
4280,-12410.588867,-12353.112305,57.476562
4281,-11949.722656,-11949.291016,0.431641
4282,-11345.416992,-11270.091797,75.325195
4283,-12324.781250,-12384.462891,59.681641
4284,-11547.146484,-11576.016602,28.870117
4285,-10486.461914,-10500.226562,13.764648
4286,-10858.399414,-10945.645508,87.246094
4287,-10841.322266,-10904.941406,63.619141
4288,-11442.792969,-11438.279297,4.513672
4289,-12200.342773,-12249.977539,49.634766
4290,-13047.654297,-12957.147461,90.506836
4291,-11966.781250,-11948.851562,17.929688
4292,-9760.761719,-9868.083984,107.322266
4293,-9376.000000,-9461.888672,85.888672
4294,-11545.134766,-11576.033203,30.898438
4295,-11556.488281,-11577.204102,20.715820
4296,-10367.215820,-10362.820312,4.395508
4297,-10483.574219,-10500.789062,17.214844
4298,-12882.009766,-12895.416016,13.406250
4299,-11504.408203,-11509.476562,5.068359
4300,-11599.501953,-11593.467773,6.034180
4301,-11539.825195,-11510.399414,29.425781
4302,-12730.466797,-12791.506836,61.040039
4303,-12450.196289,-12487.373047,37.176758
4304,-10543.561523,-10532.158203,11.403320
4305,-10346.809570,-10297.942383,48.867188
4306,-10808.998047,-10799.934570,9.063477
4307,-10951.512695,-10937.772461,13.740234
4308,-10530.368164,-10474.108398,56.259766
4309,-10950.791016,-10935.064453,15.726562
4310,-11456.493164,-11478.149414,21.656250
4311,-13375.753906,-13443.854492,68.100586
4312,-10490.142578,-10533.292969,43.150391
4313,-12336.426758,-12320.173828,16.252930
4314,-11448.305664,-11443.089844,5.215820
4315,-10369.105469,-10362.507812,6.597656
4316,-10571.402344,-10499.153320,72.249023
4317,-11396.681641,-11338.692383,57.989258
4318,-11377.396484,-11406.280273,28.883789
4319,-11231.259766,-10775.305664,455.954102
4320,-11020.075195,-10969.668945,50.406250
4321,-11786.321289,-11812.501953,26.180664
4322,-11936.843750,-11883.461914,53.381836
4323,-11258.124023,-11236.591797,21.532227
4324,-11501.919922,-11510.059570,8.139648
4325,-11737.889648,-11778.918945,41.029297
4326,-10885.732422,-10835.449219,50.283203
4327,-11552.008789,-11543.905273,8.103516
4328,-10998.138672,-10905.993164,92.145508
4329,-10861.469727,-10742.090820,119.378906
4330,-10633.199219,-10508.026367,125.172852
4331,-12983.615234,-12960.313477,23.301758
4332,-12493.929688,-12456.537109,37.392578
4333,-12242.385742,-12260.850586,18.464844
4334,-11036.282227,-11034.601562,1.680664
4335,-11497.500977,-11512.056641,14.555664
4336,-11598.425781,-11576.477539,21.948242
4337,-10434.461914,-10429.488281,4.973633
4338,-9808.456055,-9866.986328,58.530273
4339,-12525.445312,-12488.662109,36.783203
4340,-12468.111328,-12455.959961,12.151367
4341,-10590.029297,-10566.152344,23.876953
4342,-12329.867188,-12295.785156,34.082031
4343,-11998.718750,-11947.079102,51.639648
4344,-11961.041016,-11981.083008,20.041992
4345,-10924.964844,-10904.748047,20.216797
4346,-12025.471680,-11979.372070,46.099609
4347,-12293.490234,-12280.692383,12.797852
4348,-11249.857422,-11311.233398,61.375977
4349,-10477.669922,-10468.205078,9.464844
4350,-9982.005859,-9958.479492,23.526367
4351,-11666.210938,-11575.897461,90.313477
4352,-12942.241211,-12960.072266,17.831055
4353,-10462.486328,-10365.144531,97.341797
4354,-9502.842773,-9555.873047,53.030273
4355,-11889.938477,-11915.557617,25.619141
4356,-12510.928711,-12487.971680,22.957031
4357,-13395.725586,-13444.111328,48.385742
4358,-9870.741211,-9901.983398,31.242188
4359,-10557.007812,-10532.155273,24.852539
4360,-10354.265625,-10409.268555,55.002930
4361,-11777.098633,-11844.510742,67.412109
4362,-10531.794922,-10533.154297,1.359375
4363,-9956.346680,-9959.181641,2.834961
4364,-9891.913086,-9899.098633,7.185547
4365,-11443.322266,-11407.795898,35.526367
4366,-12507.277344,-12486.013672,21.263672
4367,-10893.477539,-10866.971680,26.505859
4368,-11294.380859,-11342.402344,48.021484
4369,-10274.178711,-10305.576172,31.397461
4370,-10825.286133,-10870.337891,45.051758
4371,-11986.267578,-12013.434570,27.166992
4372,-11950.247070,-11948.356445,1.890625
4373,-11943.259766,-11948.445312,5.185547
4374,-10974.322266,-10968.510742,5.811523
4375,-12453.208984,-12488.273438,35.064453
4376,-13297.529297,-13466.639648,169.110352
4377,-11012.166016,-11001.652344,10.513672
4378,-11005.269531,-10969.592773,35.676758
4379,-11419.931641,-11376.006836,43.924805
4380,-10554.420898,-10565.288086,10.867188
4381,-11506.833984,-11543.579102,36.745117
4382,-11424.583008,-11407.174805,17.408203
4383,-12495.178711,-12489.041016,6.137695
4384,-11544.101562,-11542.875000,1.226562
4385,-12800.437500,-12431.767578,368.669922
4386,-13299.695312,-13331.032227,31.336914
4387,-9600.943359,-9529.375977,71.567383
4388,-11916.021484,-11914.540039,1.481445
4389,-11695.938477,-11675.435547,20.502930
4390,-12594.344727,-12554.322266,40.022461
4391,-11592.954102,-11510.771484,82.182617
4392,-11009.811523,-11003.765625,6.045898
4393,-11494.713867,-11509.397461,14.683594
4394,-10410.084961,-10338.832031,71.252930
4395,-13377.556641,-13443.520508,65.963867
4396,-13395.046875,-13362.637695,32.409180
4397,-11301.103516,-11342.110352,41.006836
4398,-11526.056641,-11510.205078,15.851562
4399,-10532.703125,-10499.829102,32.874023
4400,-11567.514648,-11543.384766,24.129883
4401,-10569.620117,-10531.658203,37.961914
4402,-9533.580078,-9463.380859,70.199219
4403,-9810.349609,-10833.655273,1023.305664
4404,-9526.679688,-9522.958984,3.720703
4405,-8996.288086,-8857.273438,139.014648
4406,-11511.686523,-11510.429688,1.256836
4407,-9531.898438,-9488.248047,43.650391
4408,-11574.226562,-11543.306641,30.919922
4409,-9964.329102,-9990.338867,26.009766
4410,-11518.366211,-11511.301758,7.064453
4411,-10294.886719,-10304.940430,10.053711
4412,-11559.871094,-11576.878906,17.007812
4413,-12510.609375,-12455.266602,55.342773
4414,-11364.825195,-11343.297852,21.527344
4415,-9580.810547,-9520.396484,60.414062
4416,-13005.492188,-12925.521484,79.970703
4417,-10448.897461,-10507.715820,58.818359
4418,-9551.422852,-9463.986328,87.436523
4419,-9569.167969,-9587.824219,18.656250
4420,-11643.611328,-11576.831055,66.780273
4421,-9981.523438,-9958.958008,22.565430
4422,-11663.425781,-11542.583984,120.841797
4423,-10716.263672,-10507.647461,208.616211
4424,-11895.758789,-11914.551758,18.792969
4425,-11946.150391,-11946.514648,0.364258
4426,-11987.856445,-11947.572266,40.284180
4427,-11018.683594,-11001.833008,16.850586
4428,-11430.180664,-11406.983398,23.197266
4429,-11452.923828,-11373.887695,79.036133
4430,-7929.629395,-7819.282227,110.347168
4431,-9832.875000,-9901.410156,68.535156
4432,-10903.050781,-10832.235352,70.815430
4433,-10002.510742,-9992.788086,9.722656
4434,-12759.769531,-12821.864258,62.094727
4435,-11507.870117,-11510.997070,3.126953
4436,-11922.979492,-11948.456055,25.476562
4437,-9806.857422,-9835.664062,28.806641
4438,-12317.613281,-12401.545898,83.932617
4439,-11488.000977,-11350.872070,137.128906
4440,-11317.140625,-11375.149414,58.008789
4441,-12980.233398,-12926.482422,53.750977
4442,-11493.540039,-11476.022461,17.517578
4443,-12460.319336,-12467.196289,6.876953
4444,-12433.516602,-12353.214844,80.301758
4445,-12551.210938,-12554.866211,3.655273
4446,-11461.260742,-11405.243164,56.017578
4447,-10962.089844,-10935.050781,27.039062
4448,-9322.865234,-9361.507812,38.642578
4449,-11574.166992,-11544.188477,29.978516
4450,-9649.432617,-9765.308594,115.875977
4451,-11551.678711,-11510.142578,41.536133
4452,-9322.074219,-8485.165039,836.909180
4453,-11356.525391,-11408.418945,51.893555
4454,-9906.895508,-9864.631836,42.263672
4455,-11393.873047,-11340.381836,53.491211
4456,-11500.674805,-11477.197266,23.477539
4457,-9505.772461,-9554.390625,48.618164
4458,-10991.476562,-10935.852539,55.624023
4459,-11964.653320,-11949.136719,15.516602
4460,-10948.007812,-11003.619141,55.611328
4461,-12573.582031,-12554.586914,18.995117
4462,-10817.173828,-10775.333008,41.840820
4463,-10956.474609,-10970.579102,14.104492
4464,-11920.079102,-11948.571289,28.492188
4465,-12524.914062,-12554.228516,29.314453
4466,-10972.722656,-10967.172852,5.549805
4467,-8457.617188,-8393.545898,64.071289
4468,-11938.419922,-11945.326172,6.906250
4469,-11368.793945,-11374.816406,6.022461
4470,-10916.032227,-10867.077148,48.955078
4471,-14040.481445,-13984.116211,56.365234
4472,-11049.493164,-10913.111328,136.381836
4473,-14160.956055,-14390.896484,229.940430
4474,-11451.244141,-11479.451172,28.207031
4475,-11864.072266,-11844.286133,19.786133
4476,-10988.571289,-10847.610352,140.960938
4477,-11485.673828,-11476.690430,8.983398
4478,-10073.343750,-10023.849609,49.494141
4479,-11347.077148,-11373.622070,26.544922
4480,-10562.431641,-10499.930664,62.500977
4481,-10720.695312,-10800.811523,80.116211
4482,-10362.555664,-10383.688477,21.132812
4483,-11365.538086,-11370.583008,5.044922
4484,-11578.524414,-11544.264648,34.259766
4485,-10761.462891,-10833.697266,72.234375
4486,-10571.946289,-10566.283203,5.663086
4487,-12565.828125,-12522.244141,43.583984
4488,-11987.028320,-11948.567383,38.460938
4489,-10919.997070,-10903.945312,16.051758
4490,-10992.653320,-11002.331055,9.677734
4491,-11462.478516,-11478.579102,16.100586
4492,-8490.626953,-8394.916992,95.709961
4493,-10947.848633,-10935.153320,12.695312
4494,-12055.253906,-12012.982422,42.271484
4495,-11822.868164,-11779.882812,42.985352
4496,-12701.687500,-12684.719727,16.967773
4497,-10933.047852,-10902.484375,30.563477
4498,-10970.361328,-10902.774414,67.586914
4499,-11971.855469,-11982.041016,10.185547
4500,-10562.023438,-10564.428711,2.405273
4501,-9186.456055,-9178.463867,7.992188
4502,-12517.033203,-12522.642578,5.609375
4503,-10559.309570,-10463.647461,95.662109
4504,-9811.118164,-9834.312500,23.194336
4505,-11356.541016,-11375.662109,19.121094
4506,-9958.674805,-9926.384766,32.290039
4507,-12416.635742,-12489.154297,72.518555
4508,-10395.631836,-10362.750000,32.881836
4509,-11375.265625,-11374.157227,1.108398
4510,-10500.135742,-10532.883789,32.748047
4511,-10512.346680,-10500.880859,11.465820
4512,-9635.217773,-9587.636719,47.581055
4513,-10528.747070,-10532.616211,3.869141
4514,-11965.540039,-11949.765625,15.774414
4515,-11396.074219,-11408.292969,12.218750
4516,-9979.326172,-9991.520508,12.194336
4517,-10193.062500,-10500.296875,307.234375
4518,-11929.091797,-11881.131836,47.959961
4519,-10596.580078,-10598.929688,2.349609
4520,-11507.420898,-11511.242188,3.821289
4521,-12337.764648,-12349.919922,12.155273
4522,-12524.198242,-12486.499023,37.699219
4523,-9402.344727,-9456.681641,54.336914
4524,-12407.630859,-12384.975586,22.655273
4525,-11679.455078,-11675.446289,4.008789
4526,-10954.814453,-10968.841797,14.027344
4527,-12934.081055,-12926.666992,7.414062
4528,-12318.017578,-12353.510742,35.493164
4529,-12508.169922,-12452.760742,55.409180
4530,-12492.235352,-12457.803711,34.431641
4531,-10423.539062,-10430.031250,6.492188
4532,-11887.181641,-11913.597656,26.416016
4533,-10406.722656,-10395.868164,10.854492
4534,-10900.674805,-10846.877930,53.796875
4535,-10529.825195,-10532.139648,2.314453
4536,-11006.826172,-11002.657227,4.168945
4537,-11968.572266,-11980.302734,11.730469
4538,-11339.646484,-11375.601562,35.955078
4539,-11594.989258,-11825.828125,230.838867
4540,-9825.242188,-9465.760742,359.481445
4541,-10561.323242,-10498.577148,62.746094
4542,-11573.170898,-11544.432617,28.738281
4543,-9549.028320,-9586.754883,37.726562
4544,-11764.780273,-11778.500000,13.719727
4545,-12479.237305,-12376.164062,103.073242
4546,-11339.824219,-11451.082031,111.257812
4547,-8780.933594,-8890.545898,109.612305
4548,-11552.408203,-11509.409180,42.999023
4549,-10313.016602,-10364.121094,51.104492
4550,-11537.427734,-11543.799805,6.372070
4551,-11423.220703,-11439.598633,16.377930
4552,-12467.427734,-12521.228516,53.800781
4553,-11957.763672,-11979.048828,21.285156
4554,-10579.994141,-10532.280273,47.713867
4555,-10633.489258,-10540.050781,93.438477
4556,-11511.890625,-11509.637695,2.252930
4557,-11572.246094,-11542.666992,29.579102
4558,-9611.720703,-9496.872070,114.848633
4559,-11345.041016,-11340.252930,4.788086
4560,-12555.213867,-12521.122070,34.091797
4561,-10593.778320,-10685.172852,91.394531
4562,-10445.818359,-10443.912109,1.906250
4563,-12416.990234,-12418.615234,1.625000
4564,-10939.560547,-10969.520508,29.959961
4565,-12922.875000,-12894.333008,28.541992
4566,-10490.370117,-10441.627930,48.742188
4567,-12245.400391,-12216.250977,29.149414
4568,-10897.826172,-10937.048828,39.222656
4569,-10764.224609,-10801.415039,37.190430
4570,-10616.728516,-10566.268555,50.459961
4571,-10559.916992,-10565.521484,5.604492
4572,-9768.829102,-9766.246094,2.583008
4573,-11523.621094,-11542.601562,18.980469
4574,-11012.548828,-11001.750977,10.797852
4575,-11917.898438,-11916.575195,1.323242
4576,-9945.939453,-9933.444336,12.495117
4577,-11425.183594,-11440.230469,15.046875
4578,-10292.392578,-10328.824219,36.431641
4579,-10913.094727,-10904.625000,8.469727
4580,-11534.661133,-11511.555664,23.105469
4581,-9407.767578,-9464.487305,56.719727
4582,-13565.253906,-13433.758789,131.495117
4583,-12849.649414,-12925.836914,76.187500
4584,-9587.102539,-9588.986328,1.883789
4585,-11986.725586,-11979.166992,7.558594
4586,-11982.158203,-11948.106445,34.051758
4587,-12483.316406,-12489.197266,5.880859
4588,-10377.217773,-10363.438477,13.779297
4589,-12036.635742,-11948.110352,88.525391
4590,-9836.364258,-9924.977539,88.613281
4591,-11952.300781,-11981.144531,28.843750
4592,-13010.355469,-12926.698242,83.657227
4593,-12385.348633,-12385.839844,0.491211
4594,-9972.020508,-9958.981445,13.039062
4595,-12445.660156,-12425.072266,20.587891
4596,-12411.093750,-12454.919922,43.826172
4597,-11338.124023,-11375.010742,36.886719
4598,-9951.131836,-9956.211914,5.080078
4599,-10284.050781,-10235.180664,48.870117
4600,-12902.244141,-12894.894531,7.349609
4601,-11394.197266,-11406.834961,12.637695
4602,-11947.452148,-11948.048828,0.596680
4603,-11044.969727,-11003.455078,41.514648
4604,-12731.000000,-12755.651367,24.651367
4605,-13084.602539,-12926.904297,157.698242
4606,-10914.878906,-10937.539062,22.660156
4607,-11635.920898,-11780.618164,144.697266
4608,-12447.982422,-12488.153320,40.170898
4609,-12510.154297,-12521.081055,10.926758
4610,-10981.708008,-11002.958984,21.250977
4611,-10921.186523,-10904.124023,17.062500
4612,-11299.275391,-11238.977539,60.297852
4613,-12526.732422,-12522.807617,3.924805
4614,-10443.556641,-10396.241211,47.315430
4615,-10948.581055,-10970.320312,21.739258
4616,-11509.734375,-11509.330078,0.404297
4617,-11151.449219,-11218.356445,66.907227
4618,-10556.019531,-10499.800781,56.218750
4619,-12441.460938,-12416.482422,24.978516
4620,-11563.971680,-11577.226562,13.254883
4621,-11405.016602,-11284.019531,120.997070
4622,-9958.674805,-9990.691406,32.016602
4623,-10918.630859,-10936.942383,18.311523
4624,-10985.017578,-10969.662109,15.355469
4625,-11388.560547,-11375.529297,13.031250
4626,-11520.224609,-11510.914062,9.310547
4627,-11561.537109,-11543.935547,17.601562
4628,-12885.381836,-13007.155273,121.773438
4629,-9515.791016,-9488.419922,27.371094
4630,-11918.844727,-11916.309570,2.535156
4631,-11444.548828,-11508.724609,64.175781
4632,-12476.787109,-12521.992188,45.205078
4633,-11422.363281,-11405.891602,16.471680
4634,-11628.057617,-11508.155273,119.902344
4635,-9934.073242,-9901.937500,32.135742
4636,-10981.671875,-10969.061523,12.610352
4637,-11979.742188,-11947.759766,31.982422
4638,-11509.063477,-11509.470703,0.407227
4639,-12423.506836,-12456.674805,33.167969
4640,-13098.088867,-12486.819336,611.269531
4641,-11929.782227,-11912.364258,17.417969
4642,-11803.945312,-11811.856445,7.911133
4643,-10978.340820,-10968.978516,9.362305
4644,-12375.420898,-12353.194336,22.226562
4645,-10020.500000,-9990.713867,29.786133
4646,-10804.164062,-10846.295898,42.131836
4647,-11535.575195,-11512.293945,23.281250
4648,-11446.226562,-11440.379883,5.846680
4649,-10726.986328,-10566.055664,160.930664
4650,-11961.505859,-11948.495117,13.010742
4651,-10561.444336,-10534.022461,27.421875
4652,-9848.993164,-9935.468750,86.475586
4653,-10405.636719,-10395.187500,10.449219
4654,-10339.723633,-10396.062500,56.338867
4655,-11915.193359,-11914.000000,1.193359
4656,-10592.063477,-10532.241211,59.822266
4657,-10873.282227,-10937.103516,63.821289
4658,-14545.228516,-14358.611328,186.617188
4659,-12945.828125,-12924.090820,21.737305
4660,-11991.748047,-11978.782227,12.965820
4661,-12803.580078,-12893.134766,89.554688
4662,-10561.525391,-10441.875977,119.649414
4663,-10638.759766,-10598.497070,40.262695
4664,-11568.071289,-11543.491211,24.580078
4665,-11474.413086,-11509.491211,35.078125
4666,-12021.442383,-12014.295898,7.146484
4667,-9485.387695,-9490.328125,4.940430
4668,-10964.964844,-10972.215820,7.250977
4669,-13816.697266,-13767.142578,49.554688
4670,-13411.182617,-13500.380859,89.198242
4671,-11980.551758,-11946.970703,33.581055
4672,-12043.376953,-11948.402344,94.974609
4673,-10536.818359,-10533.542969,3.275391
4674,-10333.194336,-10361.654297,28.459961
4675,-9516.827148,-9522.808594,5.981445
4676,-10509.495117,-10532.899414,23.404297
4677,-9444.349609,-9429.552734,14.796875
4678,-11843.402344,-11915.625000,72.222656
4679,-11796.571289,-11844.333008,47.761719
4680,-12370.991211,-12386.767578,15.776367
4681,-11963.156250,-11947.996094,15.160156
4682,-11989.324219,-11917.119141,72.205078
4683,-11835.847656,-11780.290039,55.557617
4684,-11081.345703,-11407.096680,325.750977
4685,-12498.561523,-12487.632812,10.928711
4686,-10563.829102,-10565.169922,1.340820
4687,-9518.479492,-9522.083008,3.603516
4688,-10969.318359,-10935.498047,33.820312
4689,-11848.735352,-11811.202148,37.533203
4690,-10480.562500,-10430.310547,50.251953
4691,-11367.370117,-11374.763672,7.393555
4692,-10911.667969,-10878.887695,32.780273
4693,-11928.548828,-11947.813477,19.264648
4694,-11538.326172,-11544.250977,5.924805
4695,-10602.763672,-10565.134766,37.628906
4696,-10446.151367,-10474.364258,28.212891
4697,-10654.417969,-10631.695312,22.722656
4698,-10525.261719,-10533.282227,8.020508
4699,-12512.897461,-12587.094727,74.197266
4700,-10535.600586,-10566.006836,30.406250
4701,-12488.852539,-12519.649414,30.796875
4702,-10610.048828,-10564.066406,45.982422
4703,-11576.602539,-11543.598633,33.003906
4704,-12022.017578,-11981.031250,40.986328
4705,-11756.469727,-11812.198242,55.728516
4706,-10464.678711,-10498.403320,33.724609
4707,-9536.425781,-9555.833984,19.408203
4708,-8192.587891,-8266.701172,74.113281
4709,-10493.914062,-10500.022461,6.108398
4710,-11066.787109,-11034.829102,31.958008
4711,-12458.470703,-12489.283203,30.812500
4712,-9520.800781,-9522.046875,1.246094
4713,-12456.571289,-12521.819336,65.248047
4714,-13187.021484,-13228.400391,41.378906
4715,-10608.541992,-10598.225586,10.316406
4716,-10579.976562,-10532.079102,47.897461
4717,-10240.596680,-10274.082031,33.485352
4718,-10531.776367,-10531.176758,0.599609
4719,-11302.618164,-11340.621094,38.002930
4720,-11354.395508,-11374.142578,19.747070
4721,-10529.493164,-10532.149414,2.656250
4722,-10566.887695,-10565.383789,1.503906
4723,-10988.876953,-10971.993164,16.883789
4724,-11913.798828,-11912.932617,0.866211
4725,-11249.839844,-11452.165039,202.325195
4726,-10875.730469,-10878.970703,3.240234
4727,-11522.143555,-11542.204102,20.060547
4728,-10957.424805,-10969.115234,11.690430
4729,-10483.742188,-10498.727539,14.985352
4730,-11395.530273,-11375.935547,19.594727
4731,-12465.502930,-12457.827148,7.675781
4732,-11842.500977,-11810.543945,31.957031
4733,-9587.920898,-9587.643555,0.277344
4734,-11507.629883,-11508.802734,1.172852
4735,-10954.073242,-10775.146484,178.926758
4736,-10494.421875,-10499.927734,5.505859
4737,-11528.666016,-11509.434570,19.231445
4738,-10660.644531,-10741.676758,81.032227
4739,-11542.303711,-11543.767578,1.463867
4740,-11903.472656,-11916.692383,13.219727
4741,-11295.926758,-11238.830078,57.096680
4742,-12490.554688,-12490.001953,0.552734
4743,-9517.572266,-9554.666992,37.094727
4744,-11562.257812,-11513.143555,49.114258
4745,-9458.391602,-9523.167969,64.776367
4746,-11339.546875,-11341.413086,1.866211
4747,-11501.473633,-11512.424805,10.951172
4748,-9974.328125,-9924.873047,49.455078
4749,-10378.671875,-10337.007812,41.664062
4750,-12291.523438,-12281.513672,10.009766
4751,-11515.515625,-11284.725586,230.790039
4752,-14008.845703,-14089.716797,80.871094
4753,-10856.402344,-10801.891602,54.510742
4754,-12490.130859,-12521.626953,31.496094
4755,-12312.073242,-12250.157227,61.916016
4756,-10929.242188,-10937.125977,7.883789
4757,-12315.927734,-12318.031250,2.103516
4758,-9976.461914,-9991.198242,14.736328
4759,-9934.945312,-9955.348633,20.403320
4760,-10515.055664,-10498.649414,16.406250
4761,-10565.656250,-10565.225586,0.430664
4762,-12645.585938,-12822.833008,177.247070
4763,-11802.156250,-11845.173828,43.017578
4764,-11964.036133,-11946.608398,17.427734
4765,-9536.159180,-9520.311523,15.847656
4766,-10986.658203,-10968.971680,17.686523
4767,-11525.696289,-11511.112305,14.583984
4768,-9190.616211,-9360.571289,169.955078
4769,-10967.610352,-10968.300781,0.690430
4770,-11557.539062,-11576.051758,18.512695
4771,-9654.884766,-9329.426758,325.458008
4772,-11481.455078,-11444.588867,36.866211
4773,-7625.261719,-7391.067383,234.194336
4774,-11400.218750,-11339.944336,60.274414
4775,-11930.148438,-11948.476562,18.328125
4776,-11777.951172,-11779.581055,1.629883
4777,-11894.345703,-11916.409180,22.063477
4778,-10545.788086,-10533.243164,12.544922
4779,-10567.381836,-10532.471680,34.910156
4780,-10503.458984,-10532.246094,28.787109
4781,-10527.070312,-10532.226562,5.156250
4782,-11960.034180,-11949.711914,10.322266
4783,-8726.450195,-8485.388672,241.061523
4784,-10604.661133,-10533.718750,70.942383
4785,-12477.135742,-12487.069336,9.933594
4786,-11799.986328,-11845.434570,45.448242
4787,-11826.587891,-11708.627930,117.959961
4788,-9490.429688,-9430.678711,59.750977
4789,-11998.867188,-12014.148438,15.281250
4790,-11422.281250,-11510.624023,88.342773
4791,-9956.278320,-9927.039062,29.239258
4792,-12894.686523,-12892.348633,2.337891
4793,-10501.061523,-10498.035156,3.026367
4794,-10433.352539,-10365.661133,67.691406
4795,-10954.429688,-10867.161133,87.268555
4796,-9314.871094,-9471.088867,156.217773
4797,-11817.414062,-11811.419922,5.994141
4798,-11425.930664,-11407.263672,18.666992
4799,-11335.464844,-11373.462891,37.998047
4800,-10561.399414,-10532.676758,28.722656
4801,-12481.459961,-12488.617188,7.157227
4802,-10390.690430,-10370.599609,20.090820
4803,-12370.253906,-12487.162109,116.908203
4804,-11533.962891,-11509.538086,24.424805
4805,-12894.781250,-12959.789062,65.007812
4806,-10989.041992,-11003.813477,14.771484
4807,-11878.821289,-11945.854492,67.033203
4808,-12843.697266,-12894.259766,50.562500
4809,-10407.839844,-10395.981445,11.858398
4810,-12495.634766,-12486.950195,8.684570
4811,-10532.279297,-10466.107422,66.171875
4812,-12213.753906,-12249.500000,35.746094
4813,-11565.149414,-11508.130859,57.018555
4814,-11697.953125,-11675.521484,22.431641
4815,-11933.213867,-11913.734375,19.479492
4816,-9607.174805,-9587.342773,19.832031
4817,-10428.432617,-10499.996094,71.563477
4818,-11546.268555,-11509.896484,36.372070
4819,-10541.665039,-10499.564453,42.100586
4820,-10558.867188,-10532.729492,26.137695
4821,-11493.678711,-11510.484375,16.805664
4822,-11536.041016,-11543.655273,7.614258
4823,-8133.172852,-8453.207031,320.034180
4824,-11598.458008,-11575.781250,22.676758
4825,-10402.812500,-10362.971680,39.840820
4826,-11364.507812,-11340.473633,24.034180
4827,-11895.992188,-11914.751953,18.759766
4828,-10181.010742,-10533.576172,352.565430
4829,-13393.284180,-13532.068359,138.784180
4830,-12286.417969,-12353.418945,67.000977
4831,-11463.906250,-11509.539062,45.632812
4832,-10969.131836,-10903.972656,65.159180
4833,-9491.617188,-9488.175781,3.441406
4834,-10983.841797,-10968.520508,15.321289
4835,-9859.828125,-9901.152344,41.324219
4836,-12362.043945,-12353.316406,8.727539
4837,-9977.304688,-9991.286133,13.981445
4838,-11999.618164,-11948.302734,51.315430
4839,-9874.066406,-9834.036133,40.030273
4840,-10937.302734,-10934.111328,3.191406
4841,-12490.813477,-12489.572266,1.241211
4842,-10975.666016,-10968.180664,7.485352
4843,-12016.718750,-11979.399414,37.319336
4844,-10608.346680,-10474.639648,133.707031
4845,-9483.411133,-9521.036133,37.625000
4846,-10523.037109,-10566.062500,43.025391
4847,-10623.318359,-10599.081055,24.237305
4848,-10595.490234,-10565.185547,30.304688
4849,-11868.929688,-11779.135742,89.793945
4850,-10537.458984,-10499.281250,38.177734
4851,-12418.112305,-12418.497070,0.384766
4852,-12482.469727,-12522.150391,39.680664
4853,-11452.887695,-11407.917969,44.969727
4854,-11522.967773,-11511.002930,11.964844
4855,-9597.194336,-9555.726562,41.467773
4856,-8499.376953,-8493.654297,5.722656
4857,-9874.107422,-9867.935547,6.171875
4858,-10511.327148,-10508.016602,3.310547
4859,-10394.822266,-10304.464844,90.357422
4860,-7843.008301,-8226.105469,383.097168
4861,-11485.256836,-11510.241211,24.984375
4862,-11012.650391,-10969.228516,43.421875
4863,-11403.538086,-11374.973633,28.564453
4864,-10987.951172,-10969.651367,18.299805
4865,-11637.827148,-11675.040039,37.212891
4866,-11514.746094,-11509.284180,5.461914
4867,-8401.538086,-8518.458008,116.919922
4868,-10024.833008,-10024.699219,0.133789
4869,-10609.285156,-10598.300781,10.984375
4870,-10535.331055,-10532.849609,2.481445
4871,-12797.264648,-12787.151367,10.113281
4872,-11502.661133,-11512.472656,9.811523
4873,-11828.680664,-11845.221680,16.541016
4874,-9595.352539,-9586.898438,8.454102
4875,-11259.416016,-11419.260742,159.844727
4876,-11852.586914,-11844.762695,7.824219
4877,-12311.806641,-12352.970703,41.164062
4878,-10963.832031,-11004.708984,40.876953
4879,-10987.957031,-10971.183594,16.773438
4880,-9930.943359,-9924.163086,6.780273
4881,-13006.859375,-12926.516602,80.342773
4882,-10012.450195,-9992.329102,20.121094
4883,-10432.300781,-10429.504883,2.795898
4884,-11548.482422,-11542.342773,6.139648
4885,-11893.746094,-11915.166016,21.419922
4886,-11962.275391,-11949.258789,13.016602
4887,-9968.598633,-9928.061523,40.537109
4888,-10596.558594,-10565.903320,30.655273
4889,-9484.819336,-9529.684570,44.865234
4890,-10963.109375,-10968.150391,5.041016
4891,-12295.166016,-12249.061523,46.104492
4892,-9448.645508,-8888.224609,560.420898
4893,-12566.433594,-12522.030273,44.403320
4894,-11964.100586,-11947.780273,16.320312
4895,-11990.589844,-11916.712891,73.876953
4896,-12449.818359,-12488.542969,38.724609
4897,-10523.607422,-10532.916992,9.309570
4898,-11339.909180,-11374.596680,34.687500
4899,-10333.819336,-10363.377930,29.558594
4900,-11523.957031,-11510.209961,13.747070
4901,-9699.804688,-9808.843750,109.039062
4902,-11466.710938,-11475.397461,8.686523
4903,-10646.677734,-10598.549805,48.127930
4904,-11568.344727,-11576.568359,8.223633
4905,-12015.498047,-11948.240234,67.257812
4906,-12917.714844,-12894.973633,22.741211
4907,-10825.303711,-10801.894531,23.409180
4908,-10549.719727,-10531.905273,17.814453
4909,-10673.287109,-10564.946289,108.340820
4910,-12400.284180,-12384.290039,15.994141
4911,-11475.627930,-11439.900391,35.727539
4912,-11849.925781,-11882.335938,32.410156
4913,-10440.613281,-10497.860352,57.247070
4914,-11493.300781,-11478.877930,14.422852
4915,-9960.629883,-9965.413086,4.783203
4916,-10972.672852,-10937.000000,35.672852
4917,-10854.605469,-10880.109375,25.503906
4918,-10996.070312,-10968.895508,27.174805
4919,-8195.691406,-8266.433594,70.742188
4920,-11009.024414,-11001.873047,7.151367
4921,-9384.999023,-9487.651367,102.652344
4922,-11838.451172,-11845.281250,6.830078
4923,-10958.532227,-10970.272461,11.740234
4924,-11927.266602,-11812.249023,115.017578
4925,-10546.630859,-10532.535156,14.095703
4926,-12928.269531,-12894.430664,33.838867
4927,-12025.010742,-11980.893555,44.117188
4928,-11003.140625,-10960.991211,42.149414
4929,-9603.546875,-9463.992188,139.554688
4930,-11937.049805,-11912.646484,24.403320
4931,-11534.182617,-11510.551758,23.630859
4932,-11534.229492,-11542.455078,8.225586
4933,-10621.226562,-10711.137695,89.911133
4934,-11547.285156,-11510.478516,36.806641
4935,-12002.166992,-11979.094727,23.072266
4936,-11990.805664,-11948.784180,42.021484
4937,-10747.188477,-10829.525391,82.336914
4938,-10565.871094,-10631.576172,65.705078
4939,-10607.709961,-10598.344727,9.365234
4940,-11420.845703,-11405.171875,15.673828
4941,-10910.267578,-10904.988281,5.279297
4942,-11371.976562,-11373.756836,1.780273
4943,-11969.126953,-11948.836914,20.290039
4944,-11710.922852,-11707.787109,3.135742
4945,-10858.669922,-10939.214844,80.544922
4946,-12307.197266,-12281.980469,25.216797
4947,-12925.118164,-12893.541992,31.576172
4948,-10404.123047,-10395.835938,8.287109
4949,-11334.474609,-11339.274414,4.799805
4950,-11544.577148,-11443.651367,100.925781
4951,-10304.254883,-10506.825195,202.570312
4952,-10457.958008,-10499.953125,41.995117
4953,-12335.589844,-12354.823242,19.233398
4954,-11967.102539,-12012.353516,45.250977
4955,-11982.219727,-11948.835938,33.383789
4956,-11402.146484,-11440.383789,38.237305
4957,-9524.493164,-9588.092773,63.599609
4958,-10958.633789,-10969.753906,11.120117
4959,-11549.096680,-11510.583984,38.512695
4960,-11606.519531,-11511.390625,95.128906
4961,-10755.830078,-10801.023438,45.193359
4962,-10935.452148,-10936.257812,0.805664
4963,-12534.977539,-12489.618164,45.359375
4964,-10826.803711,-10802.232422,24.571289
4965,-10703.592773,-10533.426758,170.166016
4966,-11521.664062,-11509.909180,11.754883
4967,-11925.517578,-11948.649414,23.131836
4968,-11008.745117,-10969.515625,39.229492
4969,-11444.074219,-11374.188477,69.885742
4970,-9456.765625,-9327.344727,129.420898
4971,-12297.828125,-12352.459961,54.631836
4972,-10380.157227,-10801.364258,421.207031
4973,-12373.742188,-12352.600586,21.141602
4974,-12910.390625,-12925.167969,14.777344
4975,-9357.947266,-9437.602539,79.655273
4976,-8930.812500,-8485.613281,445.199219
4977,-12380.925781,-12320.271484,60.654297
4978,-12459.217773,-12487.096680,27.878906
4979,-11923.005859,-11915.779297,7.226562
4980,-10796.439453,-10802.748047,6.308594
4981,-12354.100586,-12351.540039,2.560547
4982,-9777.736328,-9797.707031,19.970703
4983,-11280.529297,-10944.021484,336.507812
4984,-11377.474609,-11373.463867,4.010742
4985,-13422.796875,-13500.599609,77.802734
4986,-11893.767578,-11947.629883,53.862305
4987,-12402.174805,-12424.944336,22.769531
4988,-13379.583984,-13364.739258,14.844727
4989,-13372.186523,-13330.165039,42.021484
4990,-11528.500977,-11511.607422,16.893555
4991,-11416.466797,-11440.067383,23.600586
4992,-9757.973633,-9867.019531,109.045898
4993,-9587.264648,-9587.640625,0.375977
4994,-13794.490234,-13797.671875,3.181641
4995,-10966.307617,-10968.752930,2.445312
4996,-11599.644531,-11720.831055,121.186523
4997,-8360.364258,-8426.903320,66.539062
4998,-10556.458008,-10533.348633,23.109375
4999,-11565.376953,-11576.767578,11.390625
5000,-11532.625977,-11511.490234,21.135742
5001,-11343.460938,-11406.163086,62.702148
5002,-9474.727539,-9520.903320,46.175781
5003,-10991.481445,-11001.553711,10.072266
5004,-9820.611328,-9464.552734,356.058594
5005,-11012.329102,-10937.229492,75.099609
5006,-11516.305664,-11509.446289,6.859375
5007,-11571.812500,-11420.998047,150.814453
5008,-10977.776367,-10938.039062,39.737305
5009,-10599.911133,-10475.353516,124.557617
5010,-11592.653320,-11543.723633,48.929688
5011,-12929.736328,-12958.598633,28.862305
5012,-10947.094727,-10935.159180,11.935547
5013,-11397.290039,-11407.115234,9.825195
5014,-11366.324219,-11373.806641,7.482422
5015,-10535.404297,-10566.045898,30.641602
5016,-11958.313477,-11946.796875,11.516602
5017,-11483.815430,-11474.013672,9.801758
5018,-11043.760742,-10968.687500,75.073242
5019,-12329.540039,-12321.088867,8.451172
5020,-11992.909180,-11981.252930,11.656250
5021,-10989.310547,-10969.354492,19.956055
5022,-11586.802734,-11576.432617,10.370117
5023,-11534.219727,-11544.083984,9.864258
5024,-12288.436523,-12319.199219,30.762695
5025,-9653.109375,-9464.091797,189.017578
5026,-11970.416016,-11945.875000,24.541016
5027,-10964.916016,-10935.763672,29.152344
5028,-11493.541016,-11404.915039,88.625977
5029,-11882.699219,-11845.172852,37.526367
5030,-11921.891602,-11917.369141,4.522461
5031,-12506.702148,-12521.490234,14.788086
5032,-10643.669922,-10788.648438,144.978516
5033,-10518.409180,-10500.301758,18.107422
5034,-11900.151367,-11915.499023,15.347656
5035,-10958.437500,-10970.220703,11.783203
5036,-10918.166992,-10869.868164,48.298828
5037,-13007.242188,-12959.367188,47.875000
5038,-10370.112305,-10396.759766,26.647461
5039,-10476.274414,-10498.958008,22.683594
5040,-13034.406250,-12926.989258,107.416992
5041,-11449.968750,-11406.724609,43.244141
5042,-10972.665039,-10935.012695,37.652344
5043,-11459.729492,-11480.031250,20.301758
5044,-10340.647461,-10362.660156,22.012695
5045,-11009.981445,-11002.500977,7.480469
5046,-11726.846680,-11708.711914,18.134766
5047,-11550.716797,-11542.616211,8.100586
5048,-10518.891602,-10532.166992,13.275391
5049,-11378.892578,-11342.121094,36.771484
5050,-11396.104492,-11375.423828,20.680664
5051,-10547.731445,-10533.593750,14.137695
5052,-9540.749023,-9588.119141,47.370117
5053,-11597.736328,-11576.114258,21.622070
5054,-9938.621094,-9924.711914,13.909180
5055,-10828.930664,-10913.146484,84.215820
5056,-9953.730469,-9958.621094,4.890625
5057,-11251.978516,-11239.529297,12.449219
5058,-9844.709961,-9894.085938,49.375977
5059,-10962.373047,-10935.503906,26.869141
5060,-11552.861328,-11511.213867,41.647461
5061,-10966.969727,-10971.797852,4.828125
5062,-9973.593750,-9990.364258,16.770508
5063,-12534.105469,-12521.428711,12.676758
5064,-11513.672852,-11510.769531,2.903320
5065,-12303.426758,-12386.352539,82.925781
5066,-10562.020508,-10532.858398,29.162109
5067,-11944.870117,-11947.509766,2.639648
5068,-12471.124023,-12521.047852,49.923828
5069,-11039.028320,-11035.152344,3.875977
5070,-12553.225586,-12554.340820,1.115234
5071,-11357.041992,-11373.500977,16.458984
5072,-11784.306641,-11812.637695,28.331055
5073,-11908.066406,-11947.664062,39.597656
5074,-11389.756836,-11376.123047,13.633789
5075,-10608.311523,-10598.591797,9.719727
5076,-11367.366211,-11374.347656,6.981445
5077,-11194.279297,-10943.230469,251.048828
5078,-10544.722656,-10565.213867,20.491211
5079,-11979.995117,-11945.746094,34.249023
5080,-11449.345703,-11508.632812,59.287109
5081,-8520.121094,-8427.238281,92.882812
5082,-11974.092773,-11947.086914,27.005859
5083,-11361.977539,-11316.380859,45.596680
5084,-10105.239258,-10338.528320,233.289062
5085,3395.849609,-1101.488281,4497.337891
5086,-10582.744141,-10498.827148,83.916992
5087,-10556.358398,-10533.301758,23.056641
5088,-11970.725586,-11948.221680,22.503906
5089,-11521.207031,-11509.535156,11.671875
5090,-10004.154297,-9991.178711,12.975586
5091,-12420.278320,-12456.457031,36.178711
5092,-11413.113281,-11407.436523,5.676758
5093,-12434.393555,-12456.021484,21.627930
5094,-12236.912109,-12319.190430,82.278320
5095,-10987.636719,-10937.767578,49.869141
5096,-10600.244141,-10533.214844,67.029297
5097,-10926.342773,-10970.481445,44.138672
5098,-11477.299805,-11476.996094,0.303711
5099,-13103.517578,-12959.743164,143.774414
5100,-10337.883789,-10333.333008,4.550781
5101,-11896.730469,-11915.762695,19.032227
5102,-9419.260742,-9429.517578,10.256836
5103,-10971.755859,-10939.677734,32.078125
5104,-12946.095703,-12926.279297,19.816406
5105,-8645.592773,-8486.407227,159.185547
5106,-11430.506836,-11375.101562,55.405273
5107,-12819.356445,-12894.134766,74.778320
5108,-11557.272461,-11543.738281,13.534180
5109,-11976.614258,-11948.263672,28.350586
5110,-10923.047852,-10936.483398,13.435547
5111,-10453.173828,-10441.309570,11.864258
5112,-11021.041016,-11003.349609,17.691406
5113,-11932.730469,-11915.486328,17.244141
5114,-12506.120117,-12521.312500,15.192383
5115,-12483.001953,-12554.499023,71.497070
5116,-11534.405273,-11510.371094,24.034180
5117,-11492.184570,-11475.755859,16.428711
5118,-10564.013672,-10532.202148,31.811523
5119,-10421.845703,-10427.341797,5.496094
5120,-10999.974609,-11001.509766,1.535156
5121,-10517.681641,-10533.104492,15.422852
5122,-11348.916992,-11374.541992,25.625000
5123,-9974.669922,-9927.818359,46.851562
5124,-10549.175781,-10533.084961,16.090820
5125,-11488.974609,-11508.858398,19.883789
5126,-11280.115234,-11342.388672,62.273438
5127,-7961.576172,-7820.763672,140.812500
5128,-11364.716797,-11376.422852,11.706055
5129,-10512.601562,-10498.615234,13.986328
5130,-10950.608398,-10970.587891,19.979492
5131,-10616.015625,-10598.526367,17.489258
5132,-12958.243164,-12925.806641,32.436523
5133,-11897.499023,-11882.506836,14.992188
5134,-11429.150391,-11407.327148,21.823242
5135,-12432.725586,-12488.109375,55.383789
5136,-9279.626953,-9437.893555,158.266602
5137,-9554.699219,-9555.266602,0.567383
5138,-11649.030273,-11609.230469,39.799805
5139,-10553.071289,-10566.599609,13.528320
5140,-10563.578125,-10565.045898,1.467773
5141,-11571.837891,-11544.271484,27.566406
5142,-9327.881836,-9432.283203,104.401367
5143,-12538.171875,-12586.629883,48.458008
5144,-11977.372070,-12012.502930,35.130859
5145,-9638.644531,-9464.346680,174.297852
5146,-11490.032227,-11510.088867,20.056641
5147,-12447.622070,-12487.099609,39.477539
5148,-12339.576172,-12353.630859,14.054688
5149,-9846.517578,-9900.815430,54.297852
5150,-12960.104492,-12894.537109,65.567383
5151,-10426.250977,-10475.923828,49.672852
5152,-10912.197266,-10879.727539,32.469727
5153,-9461.180664,-9490.262695,29.082031
5154,-11483.144531,-11509.069336,25.924805
5155,-10502.166992,-10500.418945,1.748047
5156,-10895.246094,-10903.262695,8.016602
5157,-11800.733398,-11850.266602,49.533203
5158,-11938.261719,-11916.314453,21.947266
5159,-12920.835938,-12894.159180,26.676758
5160,-11352.145508,-11371.548828,19.403320
5161,-9946.715820,-9959.569336,12.853516
5162,-10533.990234,-10532.676758,1.313477
5163,-11543.630859,-11542.612305,1.018555
5164,-11858.098633,-11484.166992,373.931641
5165,-10428.650391,-10507.555664,78.905273
5166,-11005.533203,-10938.510742,67.022461
5167,-9990.791016,-9990.792969,0.001953
5168,-11392.261719,-11375.386719,16.875000
5169,-11974.508789,-11916.192383,58.316406
5170,-12667.475586,-12685.976562,18.500977
5171,-11580.423828,-11543.840820,36.583008
5172,-11957.301758,-11981.837891,24.536133
5173,-11840.565430,-11849.689453,9.124023
5174,-10996.822266,-10912.046875,84.775391
5175,-11396.917969,-11372.471680,24.446289
5176,-10951.297852,-10936.280273,15.017578
5177,-11376.777344,-11374.614258,2.163086
5178,-9566.014648,-9554.683594,11.331055
5179,-10593.422852,-10565.515625,27.907227
5180,-10556.706055,-10531.151367,25.554688
5181,-9603.310547,-9462.601562,140.708984
5182,-12419.050781,-12455.957031,36.906250
5183,-11398.772461,-11340.138672,58.633789
5184,-11560.731445,-11543.606445,17.125000
5185,-11386.984375,-11374.280273,12.704102
5186,-10989.115234,-10969.755859,19.359375
5187,-10271.197266,-10307.264648,36.067383
5188,-12464.244141,-12456.698242,7.545898
5189,-11436.013672,-11350.753906,85.259766
5190,-9995.760742,-9992.245117,3.515625
5191,-10682.251953,-10875.506836,193.254883
5192,-11049.990234,-11001.788086,48.202148
5193,-11950.009766,-11948.796875,1.212891
5194,-8854.808594,-8487.303711,367.504883
5195,-10528.633789,-10532.791992,4.158203
5196,-11464.423828,-11475.693359,11.269531
5197,-12470.451172,-12487.304688,16.853516
5198,-9849.558594,-9868.137695,18.579102
5199,-10979.283203,-10937.045898,42.237305
5200,-9406.412109,-9556.104492,149.692383
5201,-9596.481445,-9554.044922,42.436523
5202,-12883.473633,-12926.964844,43.491211
5203,-10443.621094,-10465.624023,22.002930
5204,-10958.966797,-10970.891602,11.924805
5205,-10418.316406,-10428.112305,9.795898
5206,-10639.090820,-10598.151367,40.939453
5207,-9926.289062,-9901.311523,24.977539
5208,-11948.889648,-11948.645508,0.244141
5209,-11948.563477,-11945.362305,3.201172
5210,-9930.875000,-9398.365234,532.509766
5211,-9471.566406,-9487.907227,16.340820
5212,-12783.312500,-12790.945312,7.632812
5213,-11505.124023,-11477.562500,27.561523
5214,-10517.500000,-10468.833984,48.666016
5215,-9879.564453,-9925.201172,45.636719
5216,-10564.193359,-10566.605469,2.412109
5217,-11560.008789,-11510.995117,49.013672
5218,-10598.954102,-10743.431641,144.477539
5219,-10348.354492,-10395.845703,47.491211
5220,-10962.255859,-10935.617188,26.638672
5221,-8591.208008,-8427.405273,163.802734
5222,-11364.372070,-11308.778320,55.593750
5223,-12690.858398,-12617.747070,73.111328
5224,-11547.309570,-11543.735352,3.574219
5225,-11474.765625,-11510.047852,35.282227
5226,-6845.444824,-6314.031250,531.413574
5227,-10545.916016,-10533.403320,12.512695
5228,-11039.452148,-11001.676758,37.775391
5229,-10272.120117,-10371.995117,99.875000
5230,-9874.404297,-9899.442383,25.038086
5231,-9973.220703,-9900.258789,72.961914
5232,-11966.075195,-11979.731445,13.656250
5233,-10290.752930,-10371.410156,80.657227
5234,-10886.562500,-10902.833984,16.271484
5235,-11469.007812,-11478.083984,9.076172
5236,-11116.847656,-11003.640625,113.207031
5237,-11009.170898,-11000.369141,8.801758
5238,-12903.710938,-12925.031250,21.320312
5239,-12956.739258,-12926.714844,30.024414
5240,-10399.131836,-10364.175781,34.956055
5241,-11530.114258,-11510.934570,19.179688
5242,-12536.810547,-12520.775391,16.035156
5243,-11565.882812,-11542.721680,23.161133
5244,-11851.173828,-11780.003906,71.169922
5245,-13422.873047,-13330.383789,92.489258
5246,-12486.215820,-12487.742188,1.526367
5247,-12026.393555,-11891.575195,134.818359
5248,-13367.306641,-13363.947266,3.359375
5249,-10980.123047,-10967.360352,12.762695
5250,-12247.372070,-12248.729492,1.357422
5251,-9638.839844,-9653.911133,15.071289
5252,-11366.743164,-11374.283203,7.540039
5253,-11985.102539,-11980.790039,4.312500
5254,-11405.719727,-11371.577148,34.142578
5255,-10961.041992,-10935.050781,25.991211
5256,-11078.912109,-11001.401367,77.510742
5257,-12225.463867,-12488.045898,262.582031
5258,-12411.810547,-12385.986328,25.824219
5259,-10537.297852,-10532.246094,5.051758
5260,-9441.361328,-9496.761719,55.400391
5261,-8403.705078,-8485.263672,81.558594
5262,-11521.170898,-11608.861328,87.690430
5263,-9976.706055,-9992.344727,15.638672
5264,-12768.958008,-12757.251953,11.706055
5265,-12481.210938,-12489.206055,7.995117
5266,-12242.203125,-12216.737305,25.465820
5267,-10905.517578,-10901.077148,4.440430
5268,-10430.707031,-10429.858398,0.848633
5269,-9606.172852,-9587.510742,18.662109
5270,-10425.968750,-10305.508789,120.459961
5271,-9967.090820,-9991.015625,23.924805
5272,-11748.463867,-11779.743164,31.279297
5273,-12275.052734,-12287.254883,12.202148
5274,-11010.334961,-10906.065430,104.269531
5275,-11315.639648,-11342.497070,26.857422
5276,-11486.619141,-11477.804688,8.814453
5277,-12497.753906,-12553.583008,55.829102
5278,-11477.350586,-11509.491211,32.140625
5279,-10555.006836,-10531.927734,23.079102
5280,-11547.349609,-11509.806641,37.542969
5281,-11940.136719,-11947.678711,7.541992
5282,-10811.115234,-10934.837891,123.722656
5283,-11455.695312,-11510.423828,54.728516
5284,-11637.801758,-11577.157227,60.644531
5285,-10977.689453,-10971.513672,6.175781
5286,-9953.859375,-9990.644531,36.785156
5287,-10974.245117,-10970.286133,3.958984
5288,-12964.018555,-12926.881836,37.136719
5289,-11943.111328,-11947.211914,4.100586
5290,-8612.894531,-8459.888672,153.005859
5291,-10395.289062,-10440.480469,45.191406
5292,-9952.370117,-9960.525391,8.155273
5293,-10612.293945,-10566.202148,46.091797
5294,-10004.653320,-9958.538086,46.115234
5295,-10338.764648,-10439.928711,101.164062
5296,-11870.121094,-11878.401367,8.280273
5297,-10405.705078,-10338.587891,67.117188
5298,-12781.342773,-12790.140625,8.797852
5299,-10521.065430,-10497.859375,23.206055
5300,-10997.208008,-10968.996094,28.211914
5301,-7812.644531,-7918.998047,106.353516
5302,-9542.846680,-9463.589844,79.256836
5303,-9220.309570,-9302.746094,82.436523
5304,-12844.601562,-12822.591797,22.009766
5305,-11403.334961,-11407.625000,4.290039
5306,-11907.159180,-11946.557617,39.398438
5307,-10932.956055,-10878.723633,54.232422
5308,-10961.545898,-10970.449219,8.903320
5309,-11483.165039,-11444.421875,38.743164
5310,-10509.802734,-10532.904297,23.101562
5311,-12821.564453,-12822.119141,0.554688
5312,-12526.873047,-12486.845703,40.027344
5313,-12335.294922,-12384.623047,49.328125
5314,-11820.294922,-11811.160156,9.134766
5315,-8897.042969,-8887.340820,9.702148
5316,-11566.814453,-11541.968750,24.845703
5317,-9730.256836,-9867.967773,137.710938
5318,-8932.925781,-8519.398438,413.527344
5319,-11558.791992,-11510.570312,48.221680
5320,-12269.009766,-12354.374023,85.364258
5321,-11977.316406,-11948.212891,29.103516
5322,-11459.210938,-11405.960938,53.250000
5323,-9077.243164,-8923.596680,153.646484
5324,-11003.776367,-10967.295898,36.480469
5325,-11478.531250,-11478.718750,0.187500
5326,-11017.794922,-11002.937500,14.857422
5327,-12403.443359,-12351.788086,51.655273
5328,-12481.111328,-12490.602539,9.491211
5329,-11395.636719,-11374.420898,21.215820
5330,-12020.965820,-11947.568359,73.397461
5331,-11360.138672,-11375.532227,15.393555
5332,-12955.948242,-12924.391602,31.556641
5333,-11867.163086,-11844.708008,22.455078
5334,-11334.803711,-11374.916016,40.112305
5335,-12513.935547,-12488.633789,25.301758
5336,-12010.915039,-11914.945312,95.969727
5337,-10980.243164,-10968.749023,11.494141
5338,-15688.527344,-15493.771484,194.755859
5339,-11934.288086,-11917.375977,16.912109
5340,-10981.231445,-10878.996094,102.235352
5341,-9939.789062,-9927.730469,12.058594
5342,-12454.010742,-12553.333984,99.323242
5343,-10335.148438,-10362.983398,27.834961
5344,-11858.313477,-11915.044922,56.731445
5345,-10973.011719,-11004.642578,31.630859
5346,-9120.349609,-8486.145508,634.204102
5347,-10469.309570,-10406.872070,62.437500
5348,-11475.377930,-11404.832031,70.545898
5349,-11176.569336,-11544.350586,367.781250
5350,-11294.393555,-11238.913086,55.480469
5351,-10597.109375,-10565.261719,31.847656
5352,-11905.906250,-11845.417969,60.488281
5353,-9969.449219,-9959.709961,9.739258
5354,-11813.162109,-11913.630859,100.468750
5355,-11897.228516,-11949.029297,51.800781
5356,-10513.523438,-10532.361328,18.837891
5357,-10573.801758,-10565.130859,8.670898
5358,-11897.783203,-11916.878906,19.095703
5359,-11841.710938,-11846.048828,4.337891
5360,-13840.307617,-13878.572266,38.264648
5361,-11487.845703,-11477.768555,10.077148
5362,-11434.275391,-11374.416992,59.858398
5363,-11354.046875,-11376.689453,22.642578
5364,-12469.653320,-12490.032227,20.378906
5365,-11410.590820,-11408.621094,1.969727
5366,-12382.603516,-12385.793945,3.190430
5367,-11556.646484,-11544.020508,12.625977
5368,-11899.782227,-11915.465820,15.683594
5369,-11955.582031,-11947.193359,8.388672
5370,-11511.512695,-11542.960938,31.448242
5371,-9938.336914,-9959.583984,21.247070
5372,-9826.279297,-9902.195312,75.916016
5373,-10860.289062,-10904.749023,44.459961
5374,-11408.074219,-11407.052734,1.021484
5375,-11016.987305,-10911.725586,105.261719
5376,-11923.892578,-11947.712891,23.820312
5377,-11419.745117,-11474.054688,54.309570
5378,-11930.728516,-11948.268555,17.540039
5379,-10951.425781,-10971.607422,20.181641
5380,-12335.868164,-12386.647461,50.779297
5381,-10951.906250,-10937.339844,14.566406
5382,-10973.450195,-11004.066406,30.616211
5383,-12036.145508,-11945.924805,90.220703
5384,-10310.160156,-10363.010742,52.850586
5385,-11291.047852,-11374.741211,83.693359
5386,-9435.791016,-9462.696289,26.905273
5387,-10543.535156,-10507.976562,35.558594
5388,-12692.708008,-12685.130859,7.577148
5389,-10984.862305,-11003.892578,19.030273
5390,-11964.162109,-11914.316406,49.845703
5391,-10840.459961,-10802.309570,38.150391
5392,-10949.569336,-10878.750000,70.819336
5393,-10964.638672,-10937.698242,26.940430
5394,-12420.824219,-12353.148438,67.675781
5395,-12324.695312,-12353.482422,28.787109
5396,-11929.207031,-11917.389648,11.817383
5397,-10976.744141,-10912.351562,64.392578
5398,-9465.762695,-9357.533203,108.229492
5399,-10558.885742,-10533.191406,25.694336
5400,-11020.333984,-10968.636719,51.697266
5401,-13841.947266,-13764.675781,77.271484
5402,-9965.958008,-9956.892578,9.065430
5403,-11973.875000,-11947.251953,26.623047
5404,-10502.581055,-10304.064453,198.516602
5405,-11863.932617,-11915.689453,51.756836
5406,-11547.289062,-11510.564453,36.724609
5407,-10619.901367,-10532.288086,87.613281
5408,-9925.396484,-9894.105469,31.291016
5409,-11156.210938,-11238.699219,82.488281
5410,-11362.435547,-11510.389648,147.954102
5411,-11997.963867,-11946.195312,51.768555
5412,-10605.122070,-10631.683594,26.561523
5413,-10973.260742,-10970.364258,2.896484
5414,-10404.948242,-10398.261719,6.686523
5415,-12007.176758,-12013.329102,6.152344
5416,-11018.736328,-11002.578125,16.158203
5417,-9592.265625,-9464.130859,128.134766
5418,-10516.024414,-10469.331055,46.693359
5419,-11468.691406,-11474.139648,5.448242
5420,-12472.609375,-12488.366211,15.756836
5421,-11043.855469,-11002.297852,41.557617
5422,-11514.199219,-11543.333008,29.133789
5423,-12483.742188,-12521.718750,37.976562
5424,-10889.991211,-10834.122070,55.869141
5425,-11529.908203,-11509.398438,20.509766
5426,-10861.836914,-10834.088867,27.748047
5427,-11534.361328,-11511.339844,23.021484
5428,-11881.931641,-11883.317383,1.385742
5429,-11497.251953,-11477.163086,20.088867
5430,-11484.933594,-11479.673828,5.259766
5431,-11840.169922,-11813.249023,26.920898
5432,-11483.839844,-11544.501953,60.662109
5433,-10414.965820,-10201.670898,213.294922
5434,-11999.716797,-12014.403320,14.686523
5435,-10971.948242,-10967.775391,4.172852
5436,-12902.509766,-12895.743164,6.766602
5437,-10944.347656,-10936.146484,8.201172
5438,-9978.888672,-9990.217773,11.329102
5439,-11490.587891,-11511.822266,21.234375
5440,-9411.394531,-9488.855469,77.460938
5441,-11519.634766,-11509.760742,9.874023
5442,-10955.209961,-10934.012695,21.197266
5443,-9403.243164,-9462.432617,59.189453
5444,-11920.552734,-11947.803711,27.250977
5445,-10751.099609,-10800.571289,49.471680
5446,-12343.619141,-12319.544922,24.074219
5447,-11968.386719,-11949.145508,19.241211
5448,-12496.737305,-12519.871094,23.133789
5449,-11431.712891,-11475.200195,43.487305
5450,-12326.829102,-12215.736328,111.092773
5451,-9531.195312,-9497.499023,33.696289
5452,-11317.265625,-11309.045898,8.219727
5453,-10041.493164,-10272.891602,231.398438
5454,-11971.179688,-11948.590820,22.588867
5455,-11528.591797,-11477.262695,51.329102
5456,-11594.175781,-11575.746094,18.429688
5457,-11485.334961,-11479.764648,5.570312
5458,-9922.017578,-9957.316406,35.298828
5459,-7407.092773,-7450.650879,43.558105
5460,-10398.072266,-10364.319336,33.752930
5461,-12460.303711,-12520.318359,60.014648
5462,-12443.062500,-12489.199219,46.136719
5463,-10534.147461,-10532.171875,1.975586
5464,-10897.813477,-10903.699219,5.885742
5465,-11039.211914,-10912.322266,126.889648
5466,-10328.384766,-10330.581055,2.196289
5467,-11970.140625,-11981.837891,11.697266
5468,-10553.703125,-10533.015625,20.687500
5469,-9462.480469,-9465.342773,2.862305
5470,-11491.450195,-11543.564453,52.114258
5471,-9494.046875,-9522.193359,28.146484
5472,-10957.852539,-10969.682617,11.830078
5473,-10480.739258,-10473.969727,6.769531
5474,-12352.164062,-12354.520508,2.356445
5475,-8737.469727,-9520.233398,782.763672
5476,-9969.518555,-9924.424805,45.093750
5477,-10960.011719,-10970.890625,10.878906
5478,-12712.563477,-12721.651367,9.087891
5479,-12394.868164,-12455.861328,60.993164
5480,-11551.032227,-11542.959961,8.072266
5481,-11473.346680,-11511.983398,38.636719
5482,-11517.400391,-11477.245117,40.155273
5483,-10512.218750,-10500.069336,12.149414
5484,-11506.307617,-11510.644531,4.336914
5485,-11971.099609,-11891.261719,79.837891
5486,-11562.052734,-11542.607422,19.445312
5487,-11587.018555,-11543.250000,43.768555
5488,-11866.605469,-11882.881836,16.276367
5489,-10824.161133,-10870.422852,46.261719
5490,-11486.874023,-11509.689453,22.815430
5491,-10484.476562,-10467.823242,16.653320
5492,-8802.726562,-8865.042969,62.316406
5493,-11417.910156,-11407.990234,9.919922
5494,-11968.566406,-11946.994141,21.572266
5495,-10482.483398,-10496.457031,13.973633
5496,-10498.328125,-10499.674805,1.346680
5497,-12393.753906,-12352.788086,40.965820
5498,-12475.732422,-12488.339844,12.607422
5499,-9578.227539,-9489.468750,88.758789
5500,-11411.574219,-11407.813477,3.760742
5501,-11003.167969,-11002.080078,1.087891
5502,-10709.382812,-10506.623047,202.759766
5503,-11947.853516,-11912.475586,35.377930
5504,-10506.249023,-10532.625977,26.376953
5505,-11557.834961,-11575.830078,17.995117
5506,-10494.397461,-10396.653320,97.744141
5507,-9934.382812,-9925.333008,9.049805
5508,-10362.109375,-10364.410156,2.300781
5509,-11406.848633,-11406.916016,0.067383
5510,-8397.207031,-8258.594727,138.612305
5511,-10402.220703,-10396.979492,5.241211
5512,-10976.117188,-10969.245117,6.872070
5513,-10394.255859,-10396.023438,1.767578
5514,-11575.968750,-11576.515625,0.546875
5515,-11615.919922,-11609.126953,6.792969
5516,-9538.141602,-9586.699219,48.557617
5517,-11479.955078,-11406.728516,73.226562
5518,-11516.389648,-11511.081055,5.308594
5519,-11954.050781,-11948.278320,5.772461
5520,-10895.641602,-10938.031250,42.389648
5521,-11382.906250,-11374.562500,8.343750
5522,-10508.436523,-10499.384766,9.051758
5523,-10484.555664,-10507.856445,23.300781
5524,-12466.133789,-12553.528320,87.394531
5525,-11902.443359,-11914.327148,11.883789
5526,-12603.014648,-12620.086914,17.072266
5527,-10325.877930,-10298.109375,27.768555
5528,-10510.000977,-10532.555664,22.554688
5529,-12423.495117,-12385.731445,37.763672
5530,-11364.465820,-11374.750000,10.284180
5531,-10954.659180,-10935.253906,19.405273
5532,-11977.964844,-12012.429688,34.464844
5533,-12934.647461,-12960.729492,26.082031
5534,-10556.404297,-10566.161133,9.756836
5535,-10480.313477,-10466.642578,13.670898
5536,-12882.177734,-12894.784180,12.606445
5537,-9532.956055,-9429.569336,103.386719
5538,-12799.854492,-12922.902344,123.047852
5539,-9974.830078,-9957.788086,17.041992
5540,-10573.745117,-10531.705078,42.040039
5541,-10462.299805,-10500.155273,37.855469
5542,-11419.398438,-11510.208008,90.809570
5543,-10540.244141,-10532.762695,7.481445
5544,-9565.766602,-9562.519531,3.247070
5545,-13373.149414,-13363.461914,9.687500
5546,-12197.563477,-11858.807617,338.755859
5547,-10643.353516,-10599.359375,43.994141
5548,-11599.605469,-11510.750977,88.854492
5549,-11993.703125,-11979.051758,14.651367
5550,-9519.108398,-9520.329102,1.220703
5551,-11360.929688,-11343.452148,17.477539
5552,-12168.533203,-12247.642578,79.109375
5553,-11329.576172,-11375.257812,45.681641
5554,-12493.191406,-12520.193359,27.001953
5555,-9560.418945,-9555.285156,5.133789
5556,-11939.613281,-11949.275391,9.662109
5557,-11778.298828,-11812.295898,33.997070
5558,-8389.704102,-8485.391602,95.687500
5559,-11866.388672,-11915.645508,49.256836
5560,-12002.993164,-11948.838867,54.154297
5561,-11991.253906,-11947.452148,43.801758
5562,-10757.835938,-10775.070312,17.234375
5563,-12436.098633,-12386.054688,50.043945
5564,-12309.157227,-12386.144531,76.987305
5565,-9609.433594,-9562.274414,47.159180
5566,-9739.476562,-9834.320312,94.843750
5567,-11553.807617,-11543.076172,10.731445
5568,-9083.772461,-8853.774414,229.998047
5569,-11275.302734,-11317.228516,41.925781
5570,-11838.653320,-11779.676758,58.976562
5571,-11987.193359,-11947.793945,39.399414
5572,-11577.288086,-11452.934570,124.353516
5573,-11976.718750,-12012.544922,35.826172
5574,-11277.629883,-11236.597656,41.032227
5575,-9236.673828,-9327.775391,91.101562
5576,-10556.647461,-10532.468750,24.178711
5577,-10604.958984,-10566.810547,38.148438
5578,-11227.995117,-11238.816406,10.821289
5579,-11531.723633,-11576.171875,44.448242
5580,-12378.053711,-12418.967773,40.914062
5581,-10991.190430,-10971.906250,19.284180
5582,-10624.530273,-10564.918945,59.611328
5583,-10872.668945,-10905.064453,32.395508
5584,-12455.625000,-12488.933594,33.308594
5585,-11912.594727,-11917.123047,4.528320
5586,-12509.298828,-12354.770508,154.528320
5587,-10842.085938,-10800.826172,41.259766
5588,-12325.934570,-12354.279297,28.344727
5589,-11266.851562,-11341.864258,75.012695
5590,-9452.409180,-9360.860352,91.548828
5591,-10742.599609,-10905.154297,162.554688
5592,-11632.618164,-11544.432617,88.185547
5593,-12454.050781,-12454.937500,0.886719
5594,-10998.568359,-11003.398438,4.830078
5595,-10540.458984,-10533.272461,7.186523
5596,-11533.898438,-11509.489258,24.409180
5597,-11534.485352,-11542.933594,8.448242
5598,-10444.788086,-10475.762695,30.974609
5599,-10498.670898,-10497.930664,0.740234
5600,-11513.061523,-11509.922852,3.138672
5601,-13790.407227,-13873.469727,83.062500
5602,-11826.307617,-11812.674805,13.632812
5603,-11963.644531,-11913.646484,49.998047
5604,-10979.762695,-10936.719727,43.042969
5605,-8621.269531,-8428.208984,193.060547
5606,-9924.225586,-9957.675781,33.450195
5607,-11604.885742,-11719.721680,114.835938
5608,-11421.869141,-11441.575195,19.706055
5609,-10906.915039,-10936.308594,29.393555
5610,-10423.355469,-10598.425781,175.070312
5611,-11939.242188,-11914.225586,25.016602
5612,-9946.261719,-9958.768555,12.506836
5613,-11995.496094,-12012.453125,16.957031
5614,-11002.928711,-10970.605469,32.323242
5615,-10973.789062,-11001.686523,27.897461
5616,-10902.862305,-10900.680664,2.181641
5617,-11812.015625,-11811.790039,0.225586
5618,-11882.673828,-11844.330078,38.343750
5619,-11371.281250,-11439.496094,68.214844
5620,-11498.109375,-11477.388672,20.720703
5621,-9215.660156,-9327.017578,111.357422
5622,-10934.993164,-10936.367188,1.374023
5623,-9937.241211,-9988.654297,51.413086
5624,-10340.124023,-10473.862305,133.738281
5625,-10890.695312,-10904.422852,13.727539
5626,-10912.333984,-10904.578125,7.755859
5627,-11049.369141,-11004.136719,45.232422
5628,-11540.955078,-11478.933594,62.021484
5629,-11546.189453,-11510.557617,35.631836
5630,-10977.995117,-10968.427734,9.567383
5631,-9906.002930,-9867.050781,38.952148
5632,-11187.807617,-11282.952148,95.144531
5633,-12772.018555,-12837.196289,65.177734
5634,-12426.336914,-12386.377930,39.958984
5635,-11998.613281,-11948.297852,50.315430
5636,-11478.792969,-11309.107422,169.685547
5637,-11948.517578,-11946.160156,2.357422
5638,-12356.109375,-12353.036133,3.073242
5639,-11244.303711,-11238.934570,5.369141
5640,-11394.432617,-11317.707031,76.725586
5641,-12450.773438,-12385.409180,65.364258
5642,-9550.497070,-9556.255859,5.758789
5643,-10905.192383,-10911.607422,6.415039
5644,-12935.952148,-12894.182617,41.769531
5645,-8696.371094,-8518.667969,177.703125
5646,-11836.940430,-11845.031250,8.090820
5647,-9923.501953,-9860.214844,63.287109
5648,-12440.002930,-12489.380859,49.377930
5649,-11845.285156,-11317.817383,527.467773
5650,-6254.146973,-7301.028809,1046.881836
5651,-10375.398438,-10398.640625,23.242188
5652,-10050.046875,-9866.945312,183.101562
5653,-12385.003906,-12385.434570,0.430664
5654,-10491.070312,-10474.549805,16.520508
5655,-10475.208008,-10465.607422,9.600586
5656,-12530.345703,-12456.560547,73.785156
5657,-10787.375000,-10799.502930,12.127930
5658,-12248.990234,-12280.722656,31.732422
5659,-12848.766602,-12823.321289,25.445312
5660,-11476.067383,-11475.727539,0.339844
5661,-16721.044922,-16439.890625,281.154297
5662,-12553.193359,-12489.221680,63.971680
5663,-10582.161133,-10531.988281,50.172852
5664,-10958.121094,-10903.619141,54.501953
5665,-10928.957031,-10938.169922,9.212891
5666,-11752.432617,-11780.409180,27.976562
5667,-11431.644531,-11476.836914,45.192383
5668,-11396.425781,-11373.916016,22.509766
5669,-12787.035156,-12791.189453,4.154297
5670,-12367.958008,-12353.263672,14.694336
5671,-10931.349609,-10934.857422,3.507812
5672,-11436.779297,-11480.239258,43.459961
5673,-12380.688477,-12353.721680,26.966797
5674,-11345.459961,-11341.786133,3.673828
5675,-9582.662109,-9587.661133,4.999023
5676,-10518.647461,-10532.625000,13.977539
5677,-12715.882812,-12791.543945,75.661133
5678,-9885.738281,-9924.583008,38.844727
5679,-10428.505859,-10466.573242,38.067383
5680,-11953.768555,-11946.973633,6.794922
5681,-11907.337891,-11948.623047,41.285156
5682,-12328.498047,-12248.625000,79.873047
5683,-11869.656250,-11843.418945,26.237305
5684,-10511.138672,-10499.950195,11.188477
5685,-12553.083008,-12554.870117,1.787109
5686,-12735.699219,-12823.520508,87.821289
5687,-11374.413086,-11407.880859,33.467773
5688,-11034.494141,-10934.110352,100.383789
5689,-12251.615234,-12217.196289,34.418945
5690,-10984.232422,-10934.343750,49.888672
5691,-11908.782227,-11915.567383,6.785156
5692,-10704.448242,-10442.519531,261.928711
5693,-10902.630859,-10903.984375,1.353516
5694,-11676.397461,-11593.389648,83.007812
5695,-12953.845703,-12926.573242,27.272461
5696,-10523.712891,-10465.531250,58.181641
5697,-10991.538086,-10969.097656,22.440430
5698,-11517.594727,-11542.793945,25.199219
5699,-11476.257812,-11440.567383,35.690430
5700,-12876.586914,-12789.983398,86.603516
5701,-11332.155273,-11343.041016,10.885742
5702,-11295.967773,-11306.925781,10.958008
5703,-11037.345703,-11001.525391,35.820312
5704,-10986.074219,-10937.274414,48.799805
5705,-11265.300781,-11303.460938,38.160156
5706,-10506.526367,-10531.811523,25.285156
5707,-10956.739258,-10938.183594,18.555664
5708,-12315.860352,-12353.884766,38.024414
5709,-11015.557617,-11003.828125,11.729492
5710,-11460.278320,-11479.256836,18.978516
5711,-13286.951172,-13331.616211,44.665039
5712,-11001.394531,-10967.470703,33.923828
5713,-9488.992188,-9360.641602,128.350586
5714,-11523.029297,-11543.902344,20.873047
5715,-10432.307617,-10142.477539,289.830078
5716,-11967.007812,-11947.137695,19.870117
5717,-10505.460938,-10533.487305,28.026367
5718,-11877.209961,-11915.766602,38.556641
5719,-11764.458008,-11843.719727,79.261719
5720,-9533.767578,-9521.005859,12.761719
5721,-11983.295898,-11979.268555,4.027344
5722,-10572.562500,-10566.152344,6.410156
5723,-10953.193359,-10970.456055,17.262695
5724,-11445.840820,-11445.475586,0.365234
5725,-10233.475586,-10339.774414,106.298828
5726,-10938.390625,-10971.579102,33.188477
5727,-9261.250977,-9437.549805,176.298828
5728,-12916.836914,-12923.602539,6.765625
5729,-10970.161133,-10970.136719,0.024414
5730,-11507.846680,-11511.336914,3.490234
5731,-11544.731445,-11576.124023,31.392578
5732,-11899.120117,-11914.500977,15.380859
5733,-13567.823242,-13501.046875,66.776367
5734,-9862.957031,-9867.698242,4.741211
5735,-12929.241211,-12926.660156,2.581055
5736,-11384.239258,-11374.246094,9.993164
5737,-11899.470703,-11880.796875,18.673828
5738,-10559.754883,-10565.745117,5.990234
5739,-11506.169922,-11510.365234,4.195312
5740,-10862.195312,-10970.169922,107.974609
5741,-11007.276367,-10970.121094,37.155273
5742,-11938.708008,-11914.776367,23.931641
5743,-10028.826172,-9766.344727,262.481445
5744,-12517.987305,-12521.213867,3.226562
5745,-11203.726562,-11308.990234,105.263672
5746,-12935.331055,-12926.364258,8.966797
5747,-11353.335938,-11376.203125,22.867188
5748,-11780.032227,-11543.562500,236.469727
5749,-10494.770508,-10496.953125,2.182617
5750,-10915.153320,-10936.601562,21.448242
5751,-11041.486328,-11002.220703,39.265625
5752,-12363.537109,-12352.295898,11.241211
5753,-11555.169922,-11576.008789,20.838867
5754,-8554.418945,-8394.562500,159.856445
5755,-9901.777344,-9927.754883,25.977539
5756,-10913.010742,-10775.750000,137.260742
5757,-11091.457031,-10880.230469,211.226562
5758,-12492.363281,-12490.443359,1.919922
5759,-12207.869141,-12216.042969,8.173828
5760,-10907.312500,-10905.505859,1.806641
5761,-9487.279297,-9490.385742,3.106445
5762,-11831.535156,-11845.827148,14.291992
5763,-10436.539062,-10474.053711,37.514648
5764,-14164.082031,-14097.280273,66.801758
5765,-12542.398438,-12521.447266,20.951172
5766,-10090.485352,-9529.150391,561.334961
5767,-11365.816406,-11374.193359,8.376953
5768,-11443.008789,-11375.454102,67.554688
5769,-9518.997070,-9554.487305,35.490234
5770,-11729.209961,-11740.292969,11.083008
5771,-10565.278320,-10599.301758,34.023438
5772,-11908.393555,-11811.582031,96.811523
5773,-9928.752930,-9923.384766,5.368164
5774,-11495.511719,-11476.291016,19.220703
5775,-11451.952148,-11443.794922,8.157227
5776,-12468.295898,-12489.283203,20.987305
5777,-11918.955078,-11947.491211,28.536133
5778,-10962.982422,-10971.169922,8.187500
5779,-11034.815430,-10968.527344,66.288086
5780,-11577.885742,-11575.872070,2.013672
5781,-11384.115234,-11406.706055,22.590820
5782,-11455.428711,-11407.556641,47.872070
5783,-9896.395508,-9890.210938,6.184570
5784,-10351.775391,-10440.376953,88.601562
5785,-12415.240234,-12385.635742,29.604492
5786,-12786.399414,-12755.492188,30.907227
5787,-12001.239258,-12521.729492,520.490234
5788,-13508.034180,-13498.894531,9.139648
5789,-12000.641602,-11979.206055,21.435547
5790,-9981.582031,-9990.829102,9.247070
5791,-10446.160156,-10429.377930,16.782227
5792,-11973.423828,-11981.443359,8.019531
5793,-12784.551758,-12821.070312,36.518555
5794,-11350.687500,-11509.349609,158.662109
5795,-10444.843750,-10474.846680,30.002930
5796,-12436.620117,-12571.304688,134.684570
5797,-11931.985352,-11949.756836,17.771484
5798,-10976.252930,-10967.663086,8.589844
5799,-12485.217773,-12521.171875,35.954102
5800,-9342.443359,-9374.653320,32.209961
5801,-10996.516602,-10967.143555,29.373047
5802,-12479.547852,-12522.076172,42.528320
5803,-10977.949219,-10936.450195,41.499023
5804,-11536.956055,-11509.859375,27.096680
5805,-12695.155273,-12821.746094,126.590820
5806,-12971.210938,-12926.199219,45.011719
5807,-10997.496094,-11001.939453,4.443359
5808,-11973.806641,-11979.768555,5.961914
5809,-11472.908203,-11476.268555,3.360352
5810,-9412.834961,-9523.158203,110.323242
5811,-12557.429688,-12520.775391,36.654297
5812,-13432.161133,-13328.922852,103.238281
5813,-11920.694336,-11979.709961,59.015625
5814,-10994.500000,-10969.191406,25.308594
5815,-10330.491211,-10338.750977,8.259766
5816,-12935.465820,-12956.853516,21.387695
5817,-11561.760742,-11544.694336,17.066406
5818,-11492.947266,-11510.385742,17.438477
5819,-11421.660156,-11406.475586,15.184570
5820,-12505.236328,-12520.801758,15.565430
5821,-10966.693359,-10969.740234,3.046875
5822,-13011.080078,-12959.172852,51.907227
5823,-11983.806641,-11980.397461,3.409180
5824,-9953.203125,-9958.136719,4.933594
5825,-11816.058594,-11813.411133,2.647461
5826,-12594.681641,-12521.558594,73.123047
5827,-9915.421875,-9934.405273,18.983398
5828,-12479.701172,-12489.061523,9.360352
5829,-12449.478516,-12385.116211,64.362305
5830,-12450.231445,-12384.620117,65.611328
5831,-11535.124023,-11543.734375,8.610352
5832,-9115.383789,-8954.818359,160.565430
5833,-10933.863281,-10938.261719,4.398438
5834,-10421.454102,-10473.556641,52.102539
5835,-10942.662109,-10879.721680,62.940430
5836,-11521.416992,-11575.978516,54.561523
5837,-9925.667969,-9926.132812,0.464844
5838,-12415.220703,-12385.521484,29.699219
5839,-11517.206055,-11477.062500,40.143555
5840,-9504.754883,-9621.557617,116.802734
5841,-9978.326172,-9989.940430,11.614258
5842,-10392.166016,-10396.259766,4.093750
5843,-11995.492188,-11946.193359,49.298828
5844,-11491.785156,-11509.393555,17.608398
5845,-11962.304688,-11948.911133,13.393555
5846,-11934.321289,-11949.022461,14.701172
5847,-11941.988281,-11950.724609,8.736328
5848,-11966.203125,-11946.491211,19.711914
5849,-10412.203125,-10442.477539,30.274414
5850,-11951.255859,-11949.213867,2.041992
5851,-9542.190430,-9530.190430,12.000000
5852,-10549.657227,-10566.066406,16.409180
5853,-11006.686523,-10939.151367,67.535156
5854,-11439.876953,-11445.114258,5.237305
5855,-11598.073242,-11577.098633,20.974609
5856,-10611.256836,-10598.147461,13.109375
5857,-10429.136719,-10364.501953,64.634766
5858,-13316.876953,-13500.050781,183.173828
5859,-12006.667969,-11980.334961,26.333008
5860,-11502.641602,-11479.199219,23.442383
5861,-10480.573242,-10474.526367,6.046875
5862,-11950.496094,-11947.753906,2.742188
5863,-9759.958984,-9810.281250,50.322266
5864,-11539.056641,-11576.087891,37.031250
5865,-9495.966797,-9521.905273,25.938477
5866,-9542.058594,-9429.610352,112.448242
5867,-10584.370117,-10566.663086,17.707031
5868,-10553.487305,-10532.033203,21.454102
5869,-10579.003906,-10631.843750,52.839844
5870,-10500.348633,-10531.773438,31.424805
5871,-9970.215820,-9927.078125,43.137695
5872,-11600.837891,-11510.100586,90.737305
5873,-11473.435547,-11542.934570,69.499023
5874,-10480.093750,-10500.020508,19.926758
5875,-12288.096680,-12248.220703,39.875977
5876,-10521.772461,-10531.098633,9.326172
5877,-8816.683594,-8729.176758,87.506836
5878,-11386.583008,-11372.655273,13.927734
5879,-9977.931641,-9990.682617,12.750977
5880,-10452.365234,-10466.082031,13.716797
5881,-9434.393555,-9404.656250,29.737305
5882,-12059.919922,-12012.246094,47.673828
5883,-10349.935547,-10362.646484,12.710938
5884,-10534.960938,-10531.753906,3.207031
5885,-11680.526367,-11706.521484,25.995117
5886,-10166.469727,-10305.974609,139.504883
5887,-11847.271484,-11812.985352,34.286133
5888,-10541.873047,-10598.489258,56.616211
5889,-8727.926758,-8664.283203,63.643555
5890,-12362.368164,-12352.425781,9.942383
5891,-11519.059570,-11576.097656,57.038086
5892,-10869.842773,-10775.949219,93.893555
5893,-9873.470703,-9934.534180,61.063477
5894,-10975.605469,-10878.288086,97.317383
5895,-12479.459961,-12521.813477,42.353516
5896,-12321.528320,-12216.744141,104.784180
5897,-10359.246094,-10442.722656,83.476562
5898,-11498.398438,-11477.451172,20.947266
5899,-9532.570312,-9497.366211,35.204102
5900,-9928.802734,-9901.991211,26.811523
5901,-10657.650391,-10631.359375,26.291016
5902,-11228.492188,-11270.229492,41.737305
5903,-10027.741211,-9965.916016,61.825195
5904,-11875.699219,-11881.420898,5.721680
5905,-9769.441406,-9901.152344,131.710938
5906,-10528.157227,-10533.044922,4.887695
5907,-11977.623047,-11981.188477,3.565430
5908,-10540.824219,-10533.068359,7.755859
5909,-11452.053711,-11477.600586,25.546875
5910,-12270.746094,-12249.246094,21.500000
5911,-11863.202148,-11964.909180,101.707031
5912,-12328.408203,-12248.265625,80.142578
5913,-11371.831055,-11406.547852,34.716797
5914,-10950.897461,-10969.380859,18.483398
5915,-13527.206055,-13500.586914,26.619141
5916,-12563.288086,-12523.014648,40.273438
5917,-11396.557617,-11511.507812,114.950195
5918,-9734.968750,-9562.396484,172.572266
5919,-12404.260742,-12417.799805,13.539062
5920,-11007.636719,-10912.817383,94.819336
5921,-10542.274414,-10565.320312,23.045898
5922,-12874.803711,-12894.085938,19.282227
5923,-10339.115234,-10441.807617,102.692383
5924,-12286.911133,-12214.738281,72.172852
5925,-11415.631836,-11406.501953,9.129883
5926,-11540.384766,-11510.951172,29.433594
5927,-9540.174805,-9587.537109,47.362305
5928,-10957.127930,-10969.414062,12.286133
5929,-11989.027344,-11980.686523,8.340820
5930,-13423.996094,-13429.193359,5.197266
5931,-13039.999023,-12926.682617,113.316406
5932,-12257.806641,-12321.565430,63.758789
5933,-11504.360352,-11509.577148,5.216797
5934,-11374.701172,-11373.061523,1.639648
5935,-10972.144531,-10967.081055,5.063477
5936,-11046.340820,-10968.638672,77.702148
5937,-11001.533203,-11002.320312,0.787109
5938,-11589.175781,-11370.783203,218.392578
5939,-10581.370117,-10532.849609,48.520508
5940,-11582.163086,-11576.807617,5.355469
5941,-11913.384766,-11912.541992,0.842773
5942,-10588.323242,-10565.140625,23.182617
5943,-10430.623047,-10565.761719,135.138672
5944,-9830.194336,-9867.065430,36.871094
5945,-10593.488281,-10532.884766,60.603516
5946,-12739.696289,-12823.495117,83.798828
5947,-11017.062500,-11001.342773,15.719727
5948,-10026.765625,-10202.283203,175.517578
5949,-10294.425781,-10362.560547,68.134766
5950,-10763.027344,-10532.542969,230.484375
5951,-11438.087891,-11477.939453,39.851562
5952,-12928.568359,-12925.880859,2.687500
5953,-11292.509766,-11343.662109,51.152344
5954,-10459.254883,-10466.139648,6.884766
5955,-11513.987305,-11510.494141,3.493164
5956,-11018.379883,-10969.352539,49.027344
5957,-11406.597656,-11407.659180,1.061523
5958,-11572.816406,-11542.829102,29.987305
5959,-7738.422363,-7705.714355,32.708008
5960,-8218.408203,-7417.840332,800.567871
5961,-11419.461914,-11405.173828,14.288086
5962,-11137.551758,-11269.890625,132.338867
5963,-10421.431641,-10427.034180,5.602539
5964,-10666.533203,-10970.471680,303.938477
5965,-11559.432617,-11542.678711,16.753906
5966,-10890.698242,-10937.065430,46.367188
5967,-10930.205078,-10969.996094,39.791016
5968,-12352.858398,-12385.294922,32.436523
5969,-11555.739258,-11543.678711,12.060547
5970,-11471.614258,-11477.889648,6.275391
5971,-10923.287109,-10935.035156,11.748047
5972,-11813.409180,-11915.772461,102.363281
5973,-11829.603516,-11777.057617,52.545898
5974,-10751.557617,-10847.817383,96.259766
5975,-13484.219727,-13467.208008,17.011719
5976,-12376.386719,-12423.417969,47.031250
5977,-10386.697266,-10466.397461,79.700195
5978,-10538.671875,-10441.070312,97.601562
5979,-9949.607422,-9957.754883,8.147461
5980,-9971.042969,-9927.888672,43.154297
5981,-11535.478516,-11508.899414,26.579102
5982,-9874.826172,-9893.173828,18.347656
5983,-10985.940430,-11003.878906,17.938477
5984,-10700.191406,-10565.184570,135.006836
5985,-10929.790039,-10906.777344,23.012695
5986,-10946.715820,-10970.378906,23.663086
5987,-11134.008789,-10945.191406,188.817383
5988,-11765.418945,-11813.404297,47.985352
5989,-10577.620117,-10533.487305,44.132812
5990,-10543.719727,-10533.208984,10.510742
5991,-10668.321289,-10742.902344,74.581055
5992,-12919.841797,-12975.005859,55.164062
5993,-9841.198242,-9900.692383,59.494141
5994,-9548.272461,-9421.955078,126.317383
5995,-9017.327148,-8955.800781,61.526367
5996,-11967.864258,-11948.901367,18.962891
5997,-12233.348633,-11916.182617,317.166016
5998,-11587.235352,-11542.619141,44.616211
5999,-11424.448242,-11408.479492,15.968750
6000,-12522.329102,-12489.029297,33.299805
6001,-10575.443359,-10534.251953,41.191406
6002,-11030.331055,-11002.454102,27.876953
6003,-11493.361328,-11477.057617,16.303711
6004,-11293.291016,-11302.988281,9.697266
6005,-10887.969727,-10879.950195,8.019531
6006,-11412.566406,-11370.720703,41.845703
6007,-9954.923828,-9958.897461,3.973633
6008,-11526.243164,-11509.330078,16.913086
6009,-10941.708008,-10936.962891,4.745117
6010,-11429.984375,-11370.547852,59.436523
6011,-10372.423828,-10307.290039,65.133789
6012,-11882.636719,-11912.441406,29.804688
6013,-11576.118164,-11452.060547,124.057617
6014,-10963.443359,-10937.089844,26.353516
6015,-11534.351562,-11843.937500,309.585938
6016,-9522.485352,-9429.690430,92.794922
6017,-11545.420898,-11542.786133,2.634766
6018,-11930.531250,-11882.014648,48.516602
6019,-10052.439453,-9900.135742,152.303711
6020,-11540.048828,-11576.243164,36.194336
6021,-11421.687500,-11478.773438,57.085938
6022,-10931.749023,-10970.014648,38.265625
6023,-11901.345703,-11844.636719,56.708984
6024,-10441.047852,-10362.381836,78.666016
6025,-11934.801758,-11915.171875,19.629883
6026,-9494.483398,-9437.680664,56.802734
6027,-11358.540039,-11373.262695,14.722656
6028,-12001.257812,-11947.747070,53.510742
6029,-12436.786133,-12385.735352,51.050781
6030,-10548.047852,-10534.105469,13.942383
6031,-11973.717773,-11948.583008,25.134766
6032,-10938.541992,-10912.221680,26.320312
6033,-10946.368164,-10935.297852,11.070312
6034,-11927.450195,-11946.133789,18.683594
6035,-12161.456055,-12215.238281,53.782227
6036,-11541.087891,-11510.933594,30.154297
6037,-11613.921875,-11576.652344,37.269531
6038,-10945.329102,-10938.129883,7.199219
6039,-10919.068359,-10937.294922,18.226562
6040,-10985.764648,-10969.304688,16.459961
6041,-10923.208984,-10904.185547,19.023438
6042,-10986.805664,-11002.484375,15.678711
6043,-10976.449219,-10970.513672,5.935547
6044,-9425.183594,-9522.640625,97.457031
6045,-10573.353516,-10566.148438,7.205078
6046,-11224.445312,-11308.634766,84.189453
6047,-11212.737305,-11238.512695,25.775391
6048,-12449.376953,-12488.767578,39.390625
6049,-10521.075195,-10533.381836,12.306641
6050,-12957.775391,-12892.317383,65.458008
6051,-11567.828125,-11510.434570,57.393555
6052,-11418.473633,-11484.461914,65.988281
6053,-12425.147461,-12456.115234,30.967773
6054,-10556.195312,-10531.722656,24.472656
6055,-10151.332031,-9901.094727,250.237305
6056,-12423.931641,-12467.563477,43.631836
6057,-12494.096680,-12522.480469,28.383789
6058,-10486.725586,-10499.504883,12.779297
6059,-11682.640625,-12259.187500,576.546875
6060,-12892.458984,-12960.307617,67.848633
6061,-10960.820312,-10938.041992,22.778320
6062,-10964.487305,-10935.704102,28.783203
6063,-11747.567383,-11780.760742,33.193359
6064,-11490.140625,-11510.391602,20.250977
6065,-10924.991211,-10937.059570,12.068359
6066,-11411.479492,-11371.731445,39.748047
6067,-12275.273438,-12249.180664,26.092773
6068,-10385.833008,-10303.719727,82.113281
6069,-9545.605469,-9463.680664,81.924805
6070,-11010.272461,-10969.326172,40.946289
6071,-8862.901367,-8954.830078,91.928711
6072,-12374.625000,-12352.443359,22.181641
6073,-9544.894531,-9555.807617,10.913086
6074,-10574.533203,-10565.985352,8.547852
6075,-10549.415039,-10533.790039,15.625000
6076,-9260.168945,-9269.077148,8.908203
6077,-11995.645508,-12014.423828,18.778320
6078,-10594.625000,-10566.439453,28.185547
6079,-9536.891602,-9555.850586,18.958984
6080,-10474.104492,-10500.498047,26.393555
6081,-10576.710938,-10440.390625,136.320312
6082,-10305.459961,-10396.551758,91.091797
6083,-10505.280273,-10500.884766,4.395508
6084,-11005.160156,-10847.871094,157.289062
6085,-12502.128906,-12488.779297,13.349609
6086,-9554.595703,-9404.120117,150.475586
6087,-10580.134766,-10565.530273,14.604492
6088,-12415.611328,-12386.267578,29.343750
6089,-10480.156250,-10500.716797,20.560547
6090,-13536.919922,-13532.169922,4.750000
6091,-13441.976562,-13364.461914,77.514648
6092,-10367.698242,-10396.807617,29.109375
6093,-12478.098633,-12385.821289,92.277344
6094,-10993.139648,-10968.716797,24.422852
6095,-11360.659180,-11477.828125,117.168945
6096,-10929.987305,-10901.682617,28.304688
6097,-11024.670898,-11002.774414,21.896484
6098,-9489.304688,-9335.587891,153.716797
6099,-11457.734375,-11374.445312,83.289062
6100,-11061.379883,-11002.137695,59.242188
6101,-8920.893555,-8798.662109,122.231445
6102,-11824.579102,-11777.512695,47.066406
6103,-11002.173828,-10968.984375,33.189453
6104,-13513.725586,-13466.763672,46.961914
6105,-12792.218750,-12753.837891,38.380859
6106,-9946.369141,-9925.995117,20.374023
6107,-12443.140625,-12456.543945,13.403320
6108,-10723.677734,-10637.228516,86.449219
6109,-9555.151367,-9553.991211,1.160156
6110,-10830.574219,-10865.761719,35.187500
6111,-10654.854492,-10371.690430,283.164062
6112,-8468.053711,-8460.232422,7.821289
6113,-10582.564453,-10532.671875,49.892578
6114,-11917.565430,-11947.002930,29.437500
6115,-9690.358398,-8954.927734,735.430664
6116,-11711.923828,-11778.174805,66.250977
6117,-12420.911133,-12353.871094,67.040039
6118,-11915.836914,-11915.417969,0.418945
6119,-11541.038086,-11511.928711,29.109375
6120,-11603.416992,-11575.780273,27.636719
6121,-13450.548828,-13365.168945,85.379883
6122,-12754.257812,-12790.611328,36.353516
6123,-10597.491211,-10565.227539,32.263672
6124,-11976.559570,-11946.076172,30.483398
6125,-11514.969727,-11542.412109,27.442383
6126,-12793.316406,-12823.603516,30.287109
6127,-11959.412109,-11980.710938,21.298828
6128,-12516.592773,-12522.559570,5.966797
6129,-10566.182617,-10565.275391,0.907227
6130,-11824.935547,-11844.947266,20.011719
6131,-10371.423828,-10429.929688,58.505859
6132,-10821.270508,-10809.020508,12.250000
6133,-10939.091797,-10936.672852,2.418945
6134,-11971.286133,-11946.540039,24.746094
6135,-12351.138672,-12352.928711,1.790039
6136,-11528.043945,-11509.619141,18.424805
6137,-12493.631836,-12488.530273,5.101562
6138,-10809.736328,-10766.149414,43.586914
6139,-11340.500000,-11275.863281,64.636719
6140,-10964.767578,-10970.639648,5.872070
6141,-11405.814453,-11409.173828,3.359375
6142,-10627.880859,-10566.595703,61.285156
6143,-10891.293945,-10866.167969,25.125977
6144,-11025.988281,-10969.209961,56.778320
6145,-12826.277344,-12790.657227,35.620117
6146,-11159.616211,-11206.416992,46.800781
6147,-8906.166992,-8921.472656,15.305664
6148,-10634.028320,-10566.432617,67.595703
6149,-13241.167969,-13192.618164,48.549805
6150,-12471.229492,-12487.752930,16.523438
6151,-9446.617188,-9341.446289,105.170898
6152,-11860.415039,-11914.621094,54.206055
6153,-10554.077148,-10565.140625,11.063477
6154,-11783.551758,-11812.437500,28.885742
6155,-10441.648438,-10533.441406,91.792969
6156,-13553.227539,-13467.667969,85.559570
6157,-11489.125977,-11476.775391,12.350586
6158,-11849.485352,-11980.948242,131.462891
6159,-11013.587891,-10970.636719,42.951172
6160,-11036.857422,-10971.367188,65.490234
6161,-10355.895508,-10304.129883,51.765625
6162,-11994.469727,-11981.758789,12.710938
6163,-11871.622070,-11914.250000,42.627930
6164,-10497.883789,-10499.924805,2.041016
6165,-6128.764160,-5377.769531,750.994629
6166,-12955.355469,-12960.115234,4.759766
6167,-11960.385742,-11948.136719,12.249023
6168,-10936.530273,-10935.658203,0.872070
6169,-10367.216797,-10365.722656,1.494141
6170,-11928.434570,-11948.838867,20.404297
6171,-9285.439453,-9462.991211,177.551758
6172,-10956.635742,-10936.349609,20.286133
6173,-11313.618164,-11376.375000,62.756836
6174,-10320.266602,-10328.431641,8.165039
6175,-9219.000000,-8888.481445,330.518555
6176,-11828.189453,-11844.511719,16.322266
6177,-12750.523438,-12788.192383,37.668945
6178,-10312.001953,-10533.240234,221.238281
6179,-10887.857422,-10903.683594,15.826172
6180,-11208.523438,-11315.060547,106.537109
6181,-9417.516602,-9463.708984,46.192383
6182,-11360.146484,-11272.755859,87.390625
6183,-12849.265625,-12855.903320,6.637695
6184,-12577.912109,-12554.442383,23.469727
6185,-11656.596680,-11674.330078,17.733398
6186,-11548.164062,-11543.055664,5.108398
6187,-10948.101562,-10937.850586,10.250977
6188,-8250.814453,-8292.240234,41.425781
6189,-10572.016602,-10565.171875,6.844727
6190,-10489.360352,-10507.858398,18.498047
6191,-10530.129883,-10532.060547,1.930664
6192,-11384.782227,-11372.408203,12.374023
6193,-12495.169922,-12488.810547,6.359375
6194,-10982.661133,-10971.846680,10.814453
6195,-10972.150391,-10934.083984,38.066406
6196,-10790.589844,-10800.139648,9.549805
6197,-11845.625977,-11883.955078,38.329102
6198,-10007.143555,-9990.605469,16.538086
6199,-10959.913086,-10936.054688,23.858398
6200,-11769.456055,-11752.042969,17.413086
6201,-11543.871094,-11511.403320,32.467773
6202,-10490.488281,-10465.687500,24.800781
6203,-9723.138672,-9464.421875,258.716797
6204,-10956.099609,-10934.930664,21.168945
6205,-10486.988281,-10507.027344,20.039062
6206,-11916.070312,-11882.811523,33.258789
6207,-11503.173828,-11544.360352,41.186523
6208,-11513.492188,-11512.415039,1.077148
6209,-9648.974609,-9621.770508,27.204102
6210,-10931.511719,-10936.509766,4.998047
6211,-11501.993164,-11479.785156,22.208008
6212,-11489.842773,-11475.661133,14.181641
6213,-12068.139648,-11948.456055,119.683594
6214,-9814.980469,-9496.557617,318.422852
6215,-10920.020508,-10903.786133,16.234375
6216,-11964.999023,-11948.911133,16.087891
6217,-12927.204102,-12894.662109,32.541992
6218,-10577.559570,-10775.021484,197.461914
6219,-10770.480469,-10440.341797,330.138672
6220,-12013.692383,-12012.625977,1.066406
6221,-11436.666992,-11407.892578,28.774414
6222,-10560.087891,-10565.334961,5.247070
6223,-9980.942383,-9867.155273,113.787109
6224,-12488.085938,-12520.381836,32.295898
6225,-9387.568359,-9456.361328,68.792969
6226,-10306.423828,-10333.644531,27.220703
6227,-10500.210938,-10427.645508,72.565430
6228,-11957.480469,-11948.212891,9.267578
6229,-9456.931641,-9489.686523,32.754883
6230,-11543.222656,-11544.799805,1.577148
6231,-9584.236328,-9429.666992,154.569336
6232,-10604.055664,-10565.934570,38.121094
6233,-10875.338867,-10878.510742,3.171875
6234,-11892.731445,-11916.218750,23.487305
6235,-10448.480469,-10440.463867,8.016602
6236,-15178.794922,-14919.444336,259.350586
6237,-11534.703125,-11542.885742,8.182617
6238,-12538.744141,-12521.058594,17.685547
6239,-10564.500000,-10566.624023,2.124023
6240,-8484.056641,-7482.818848,1001.237793
6241,-11015.680664,-11000.407227,15.273438
6242,-10945.458008,-10936.951172,8.506836
6243,-12458.954102,-12521.361328,62.407227
6244,-9996.297852,-9958.678711,37.619141
6245,-11828.480469,-11947.196289,118.715820
6246,-11370.781250,-11375.629883,4.848633
6247,-10955.710938,-10935.071289,20.639648
6248,-10921.388672,-10937.586914,16.198242
6249,-10441.541016,-10500.685547,59.144531
6250,-11547.964844,-11575.932617,27.967773
6251,-10900.024414,-10937.043945,37.019531
6252,-11867.088867,-11778.479492,88.609375
6253,-12992.010742,-12925.860352,66.150391
6254,-11378.375977,-11376.359375,2.016602
6255,-12002.396484,-11981.125977,21.270508
6256,-12404.670898,-12353.724609,50.946289
6257,-12486.860352,-12455.959961,30.900391
6258,-9819.705078,-9700.911133,118.793945
6259,-10881.484375,-10904.110352,22.625977
6260,-10952.645508,-10905.850586,46.794922
6261,-12324.348633,-12351.849609,27.500977
6262,-12552.716797,-12521.620117,31.096680
6263,-10988.211914,-10913.379883,74.832031
6264,-12607.646484,-12547.538086,60.108398
6265,-10638.965820,-10599.202148,39.763672
6266,-10736.172852,-10770.435547,34.262695
6267,-9571.383789,-9555.217773,16.166016
6268,-11865.958984,-11844.366211,21.592773
6269,-10615.679688,-10532.931641,82.748047
6270,-10990.980469,-11003.449219,12.468750
6271,-11618.339844,-11543.920898,74.418945
6272,-9522.680664,-9464.071289,58.609375
6273,-11982.174805,-11979.277344,2.897461
6274,-11910.644531,-11948.605469,37.960938
6275,-11953.750000,-11946.947266,6.802734
6276,-9438.103516,-9462.250977,24.147461
6277,-10500.917969,-10501.223633,0.305664
6278,-10508.632812,-10531.978516,23.345703
6279,-11014.232422,-10968.284180,45.948242
6280,-12985.127930,-12894.860352,90.267578
6281,-10705.703125,-10770.224609,64.521484
6282,-10601.263672,-10598.136719,3.126953
6283,-10542.801758,-10501.081055,41.720703
6284,-10419.247070,-10395.937500,23.309570
6285,-11869.158203,-11812.349609,56.808594
6286,-9647.354492,-9463.718750,183.635742
6287,-13516.860352,-13467.027344,49.833008
6288,-11845.328125,-11452.790039,392.538086
6289,-11560.995117,-11575.646484,14.651367
6290,-11364.202148,-11375.367188,11.165039
6291,-10552.537109,-10497.339844,55.197266
6292,-10826.408203,-10801.038086,25.370117
6293,-9468.236328,-9462.699219,5.537109
6294,-12669.033203,-12684.954102,15.920898
6295,-9646.634766,-9463.763672,182.871094
6296,-10964.361328,-10937.933594,26.427734
6297,-9816.690430,-9933.347656,116.657227
6298,-11331.292969,-11374.814453,43.521484
6299,-11393.197266,-11376.949219,16.248047
6300,-11774.030273,-11746.861328,27.168945
6301,-10962.021484,-10935.325195,26.696289
6302,-9937.926758,-9957.830078,19.903320
6303,-9874.921875,-9900.231445,25.309570
6304,-11442.660156,-11445.609375,2.949219
6305,-9909.974609,-9926.439453,16.464844
6306,-10842.303711,-10832.476562,9.827148
6307,-10332.568359,-10474.677734,142.109375
6308,-11984.931641,-11946.180664,38.750977
6309,-10824.079102,-10833.856445,9.777344
6310,-10599.068359,-10565.085938,33.982422
6311,-10879.191406,-10846.225586,32.965820
6312,-10925.675781,-10935.525391,9.849609
6313,-11523.761719,-11510.147461,13.614258
6314,-10604.065430,-10598.187500,5.877930
6315,-13291.787109,-13331.017578,39.230469
6316,-11436.388672,-11374.160156,62.228516
6317,-11549.380859,-11543.142578,6.238281
6318,-11520.958984,-11510.717773,10.241211
6319,-11966.329102,-11981.158203,14.829102
6320,-11939.337891,-11947.007812,7.669922
6321,-11957.541992,-11948.187500,9.354492
6322,-11755.963867,-11811.952148,55.988281
6323,-9464.847656,-9464.154297,0.693359
6324,-12381.568359,-12352.457031,29.111328
6325,-12025.038086,-12012.301758,12.736328
6326,-12400.813477,-12422.865234,22.051758
6327,-9819.755859,-9868.408203,48.652344
6328,-11523.426758,-11512.030273,11.396484
6329,-10231.916992,-10338.574219,106.657227
6330,-10533.587891,-10531.251953,2.335938
6331,-11968.803711,-11981.266602,12.462891
6332,-12536.140625,-12489.069336,47.071289
6333,-11958.011719,-11948.494141,9.517578
6334,-11535.097656,-11512.517578,22.580078
6335,-13013.826172,-12894.058594,119.767578
6336,-10962.958008,-10969.615234,6.657227
6337,-9374.536133,-9360.319336,14.216797
6338,-9849.983398,-9898.428711,48.445312
6339,-11871.105469,-11914.474609,43.369141
6340,-11430.512695,-11408.162109,22.350586
6341,-10901.310547,-10877.237305,24.073242
6342,-10345.268555,-10395.997070,50.728516
6343,-9900.937500,-9927.988281,27.050781
6344,-11490.103516,-11474.636719,15.466797
6345,-11483.965820,-11543.029297,59.063477
6346,-10740.950195,-10879.013672,138.063477
6347,-11014.952148,-10969.248047,45.704102
6348,-11323.330078,-11316.333984,6.996094
6349,-9891.704102,-9932.275391,40.571289
6350,-11564.691406,-11543.156250,21.535156
6351,-12504.753906,-12386.563477,118.190430
6352,-10885.994141,-10899.889648,13.895508
6353,-11513.829102,-11510.255859,3.573242
6354,-11292.627930,-11478.362305,185.734375
6355,-11542.202148,-11542.799805,0.597656
6356,-9987.635742,-9990.944336,3.308594
6357,-11531.488281,-11509.520508,21.967773
6358,-11567.986328,-11511.707031,56.279297
6359,-10993.246094,-11307.742188,314.496094
6360,-10959.703125,-10936.998047,22.705078
6361,-11522.311523,-11509.796875,12.514648
6362,-10989.392578,-10937.905273,51.487305
6363,-10580.962891,-10532.910156,48.052734
6364,-11026.133789,-10936.413086,89.720703
6365,-12924.990234,-12894.595703,30.394531
6366,-12773.917969,-12927.335938,153.417969
6367,-11912.416992,-11915.028320,2.611328
6368,-12636.104492,-12521.180664,114.923828
6369,-10608.819336,-10598.570312,10.249023
6370,-11951.461914,-11948.520508,2.941406
6371,-9679.280273,-9705.731445,26.451172
6372,-11283.964844,-11307.857422,23.892578
6373,-11284.650391,-11317.273438,32.623047
6374,-12468.982422,-12488.051758,19.069336
6375,-10537.845703,-10532.860352,4.985352
6376,-10964.284180,-10936.205078,28.079102
6377,-11375.012695,-11407.763672,32.750977
6378,-11433.370117,-11508.641602,75.271484
6379,-11545.123047,-11609.514648,64.391602
6380,-10393.781250,-10362.475586,31.305664
6381,-12584.455078,-12520.986328,63.468750
6382,-11466.158203,-11510.742188,44.583984
6383,-10520.372070,-10529.913086,9.541016
6384,-11995.760742,-11981.704102,14.056641
6385,-11931.808594,-11980.180664,48.372070
6386,-12000.742188,-11981.183594,19.558594
6387,-12765.662109,-12790.095703,24.433594
6388,-12523.121094,-12522.397461,0.723633
6389,-10944.801758,-10937.999023,6.802734
6390,-10529.701172,-10532.491211,2.790039
6391,-8061.513672,-7851.728516,209.785156
6392,-11569.201172,-11542.890625,26.310547
6393,-10944.912109,-10937.510742,7.401367
6394,-11376.557617,-11408.416992,31.859375
6395,-10932.412109,-10904.225586,28.186523
6396,-10947.773438,-10937.527344,10.246094
6397,-11496.795898,-11509.393555,12.597656
6398,-12537.156250,-12456.214844,80.941406
6399,-9762.005859,-9404.697266,357.308594
6400,-10599.562500,-10598.293945,1.268555
6401,-10213.850586,-9901.551758,312.298828
6402,-12493.208984,-12487.649414,5.559570
6403,-13006.764648,-13008.165039,1.400391
6404,-8986.234375,-8487.020508,499.213867
6405,-11549.165039,-11543.875977,5.289062
6406,-10565.438477,-10532.032227,33.406250
6407,-13014.690430,-13007.541992,7.148438
6408,-13740.125000,-13763.859375,23.734375
6409,-12287.836914,-12352.653320,64.816406
6410,-11428.615234,-11374.122070,54.493164
6411,-10603.290039,-10500.298828,102.991211
6412,-10580.252930,-10565.914062,14.338867
6413,-8628.007812,-8428.314453,199.693359
6414,-10633.889648,-10599.030273,34.859375
6415,-10895.117188,-10968.126953,73.009766
6416,-10411.673828,-10430.720703,19.046875
6417,-8867.965820,-8832.421875,35.543945
6418,-10460.251953,-10531.728516,71.476562
6419,-12650.416992,-12686.356445,35.939453
6420,-11984.027344,-11949.087891,34.939453
6421,-9927.701172,-9960.348633,32.647461
6422,-9520.669922,-9496.948242,23.721680
6423,-10498.039062,-10465.332031,32.707031
6424,-12402.063477,-12386.970703,15.092773
6425,-10944.873047,-10938.887695,5.985352
6426,-12534.199219,-12522.909180,11.290039
6427,-11011.372070,-10971.184570,40.187500
6428,-11898.583008,-11882.328125,16.254883
6429,-11504.372070,-11542.382812,38.010742
6430,-10991.299805,-10968.926758,22.373047
6431,-11967.444336,-11946.458008,20.986328
6432,-9667.691406,-9521.355469,146.335938
6433,-10953.671875,-10937.861328,15.810547
6434,-10392.737305,-10362.312500,30.424805
6435,-10144.040039,-10307.152344,163.112305
6436,-10423.735352,-10305.485352,118.250000
6437,-12432.194336,-12417.501953,14.692383
6438,-9943.576172,-9991.794922,48.218750
6439,-10856.759766,-10912.362305,55.602539
6440,-10362.037109,-10362.679688,0.642578
6441,-11393.831055,-11372.613281,21.217773
6442,-11987.401367,-11946.962891,40.438477
6443,-11035.021484,-11002.601562,32.419922
6444,-11287.993164,-11343.025391,55.032227
6445,-10099.457031,-9967.184570,132.272461
6446,-12487.189453,-12521.763672,34.574219
6447,-9969.454102,-9990.000977,20.546875
6448,-10945.377930,-10937.978516,7.399414
6449,-10357.992188,-10430.442383,72.450195
6450,-7424.587891,-7357.669434,66.918457
6451,-11920.922852,-12014.994141,94.071289
6452,-9712.868164,-9495.891602,216.976562
6453,-10031.030273,-9990.221680,40.808594
6454,-11344.244141,-11375.358398,31.114258
6455,-11703.690430,-11810.471680,106.781250
6456,-10948.370117,-10937.912109,10.458008
6457,-10426.437500,-10441.705078,15.267578
6458,-11954.582031,-11914.058594,40.523438
6459,-10956.387695,-10970.208984,13.821289
6460,-12905.920898,-12892.472656,13.448242
6461,-10484.484375,-10498.848633,14.364258
6462,-11649.633789,-11707.958984,58.325195
6463,-13184.698242,-13193.564453,8.866211
6464,-11247.275391,-11206.444336,40.831055
6465,-11981.160156,-11914.106445,67.053711
6466,-11230.407227,-11271.194336,40.787109
6467,-11000.875000,-10845.550781,155.324219
6468,-10511.083984,-10499.207031,11.876953
6469,-10412.812500,-10473.474609,60.662109
6470,-11562.060547,-11575.768555,13.708008
6471,-11427.189453,-11375.027344,52.162109
6472,-12425.889648,-12418.947266,6.942383
6473,-11542.712891,-11476.148438,66.564453
6474,-11053.562500,-10969.426758,84.135742
6475,-11956.631836,-11981.442383,24.810547
6476,-11931.457031,-11948.339844,16.882812
6477,-11561.672852,-11542.722656,18.950195
6478,-12920.487305,-12925.924805,5.437500
6479,-10520.235352,-10441.251953,78.983398
6480,-11928.849609,-11947.135742,18.286133
6481,-10475.890625,-10441.303711,34.586914
6482,-11597.262695,-11386.546875,210.715820
6483,-8870.228516,-8865.152344,5.076172
6484,-12503.349609,-12353.202148,150.147461
6485,-11538.949219,-11543.372070,4.422852
6486,-10621.620117,-10598.274414,23.345703
6487,-12569.835938,-12487.866211,81.969727
6488,-11810.060547,-11779.964844,30.095703
6489,-11390.541992,-11408.416016,17.874023
6490,-11743.850586,-11779.511719,35.661133
6491,-10954.469727,-10971.464844,16.995117
6492,-11472.946289,-11475.713867,2.767578
6493,-11531.957031,-11543.994141,12.037109
6494,-10473.005859,-10499.750000,26.744141
6495,-8508.622070,-8360.398438,148.223633
6496,-10392.560547,-10442.428711,49.868164
6497,-11710.699219,-11779.994141,69.294922
6498,-11680.795898,-10382.130859,1298.665039
6499,-8117.137207,-8369.841797,252.704590
6500,-11859.038086,-11880.468750,21.430664
6501,-13003.093750,-12959.048828,44.044922
6502,-12340.605469,-12385.121094,44.515625
6503,-8747.174805,-8832.158203,84.983398
6504,-11584.659180,-11542.461914,42.197266
6505,-10885.970703,-10866.919922,19.050781
6506,-10542.659180,-10532.033203,10.625977
6507,-10574.264648,-10565.028320,9.236328
6508,-10404.304688,-10396.862305,7.442383
6509,-11031.621094,-10968.483398,63.137695
6510,-8179.296875,-7450.736328,728.560547
6511,-11913.099609,-11911.302734,1.796875
6512,-10306.889648,-10280.909180,25.980469
6513,-10919.176758,-10935.758789,16.582031
6514,-12522.108398,-12520.964844,1.143555
6515,-9599.990234,-9588.957031,11.033203
6516,-11852.377930,-11812.482422,39.895508
6517,-9872.208984,-9928.409180,56.200195
6518,-9426.750000,-9463.348633,36.598633
6519,-10957.053711,-10969.319336,12.265625
6520,-10957.357422,-10971.381836,14.024414
6521,-11354.769531,-11342.081055,12.688477
6522,-10923.263672,-10904.826172,18.437500
6523,-11975.516602,-11947.588867,27.927734
6524,-11534.285156,-11509.509766,24.775391
6525,-10604.616211,-10565.573242,39.042969
6526,-11538.550781,-11542.657227,4.106445
6527,-11545.600586,-11544.461914,1.138672
6528,-10380.048828,-10472.827148,92.778320
6529,-10986.601562,-10969.171875,17.429688
6530,-10586.998047,-10598.323242,11.325195
6531,-10546.339844,-10533.204102,13.135742
6532,-9476.553711,-8487.090820,989.462891
6533,-12477.009766,-12488.403320,11.393555
6534,-10596.458984,-10598.347656,1.888672
6535,-12663.636719,-12520.347656,143.289062
6536,-11327.506836,-11341.550781,14.043945
6537,-11132.704102,-10878.234375,254.469727
6538,-8400.507812,-8461.069336,60.561523
6539,-9935.398438,-9926.146484,9.251953
6540,-10567.060547,-10565.138672,1.921875
6541,-11023.008789,-11003.778320,19.230469
6542,-11519.745117,-11510.385742,9.359375
6543,-12491.868164,-12520.262695,28.394531
6544,-12436.493164,-12386.197266,50.295898
6545,-10927.875977,-10935.923828,8.047852
6546,-12269.354492,-12250.009766,19.344727
6547,-10542.921875,-10532.914062,10.007812
6548,-10364.130859,-10297.892578,66.238281
6549,-11115.000000,-10879.382812,235.617188
6550,-11961.817383,-11946.602539,15.214844
6551,-9532.258789,-9555.177734,22.918945
6552,-11948.053711,-11947.775391,0.278320
6553,-10955.350586,-10938.161133,17.189453
6554,-12247.583984,-12353.657227,106.073242
6555,-9875.551758,-9810.442383,65.109375
6556,-11418.107422,-11341.369141,76.738281
6557,-12364.586914,-12354.201172,10.385742
6558,-10018.189453,-9993.829102,24.360352
6559,-11516.708984,-11510.591797,6.117188
6560,-10896.080078,-10906.291992,10.211914
6561,-10553.701172,-10531.816406,21.884766
6562,-10987.138672,-10970.180664,16.958008
6563,-13516.517578,-13466.535156,49.982422
6564,-12429.358398,-12353.563477,75.794922
6565,-10457.863281,-10467.541992,9.678711
6566,-9966.453125,-9900.017578,66.435547
6567,-11399.640625,-11376.757812,22.882812
6568,-11057.611328,-11034.606445,23.004883
6569,-11952.280273,-11948.728516,3.551758
6570,-10963.256836,-10935.972656,27.284180
6571,-11555.448242,-11510.364258,45.083984
6572,-10537.510742,-10532.663086,4.847656
6573,-9508.250000,-9462.975586,45.274414
6574,-11510.259766,-11543.112305,32.852539
6575,-10930.207031,-10968.105469,37.898438
6576,-10953.936523,-10969.100586,15.164062
6577,-9562.659180,-9588.366211,25.707031
6578,-13457.640625,-13468.444336,10.803711
6579,-10532.306641,-10533.015625,0.708984
6580,-10049.758789,-9991.471680,58.287109
6581,-11591.161133,-11575.973633,15.187500
6582,-10940.494141,-10900.742188,39.751953
6583,-10872.542969,-10832.536133,40.006836
6584,-9172.856445,-9404.273438,231.416992
6585,-11455.208008,-11478.386719,23.178711
6586,-12082.916992,-11979.778320,103.138672
6587,-10349.540039,-10397.607422,48.067383
6588,-11538.101562,-11511.010742,27.090820
6589,-13028.071289,-12975.416992,52.654297
6590,-11569.317383,-11575.732422,6.415039
6591,-10384.977539,-10430.135742,45.158203
6592,-11923.221680,-11917.383789,5.837891
6593,-11811.434570,-11844.425781,32.991211
6594,-11387.941406,-11440.979492,53.038086
6595,-11533.661133,-11543.536133,9.875000
6596,-9606.777344,-9530.043945,76.733398
6597,-9947.099609,-9934.678711,12.420898
6598,-11176.533203,-11238.744141,62.210938
6599,-9603.458008,-9522.630859,80.827148
6600,-11456.700195,-11443.496094,13.204102
6601,-11572.502930,-11577.100586,4.597656
6602,-11855.139648,-11910.515625,55.375977
6603,-12249.223633,-12248.736328,0.487305
6604,-12938.628906,-12925.985352,12.643555
6605,-11956.644531,-11945.730469,10.914062
6606,-12501.849609,-12488.894531,12.955078
6607,-11470.286133,-11510.966797,40.680664
6608,-12474.225586,-12487.548828,13.323242
6609,-12955.222656,-12959.468750,4.246094
6610,-9984.723633,-9899.987305,84.736328
6611,-10534.245117,-10533.459961,0.785156
6612,-11900.204102,-11950.552734,50.348633
6613,-11789.582031,-11811.904297,22.322266
6614,-12997.664062,-12958.558594,39.105469
6615,-10997.100586,-10971.572266,25.528320
6616,-10602.303711,-10566.495117,35.808594
6617,-11648.213867,-11851.520508,203.306641
6618,-9411.472656,-9455.417969,43.945312
6619,-9476.291016,-9496.337891,20.046875
6620,-9467.703125,-9428.976562,38.726562
6621,-11338.856445,-11340.534180,1.677734
6622,-9948.270508,-9496.867188,451.403320
6623,-9542.318359,-9554.996094,12.677734
6624,-10525.455078,-10500.686523,24.768555
6625,-9467.702148,-9405.393555,62.308594
6626,-10978.615234,-10968.287109,10.328125
6627,-9973.319336,-9868.366211,104.953125
6628,-10920.586914,-10904.522461,16.064453
6629,-11960.689453,-11883.293945,77.395508
6630,-12750.466797,-12789.957031,39.490234
6631,-10407.877930,-10362.391602,45.486328
6632,-12439.869141,-12384.948242,54.920898
6633,-7348.116211,-7449.321777,101.205566
6634,-11487.048828,-11477.954102,9.094727
6635,-11285.193359,-11544.065430,258.872070
6636,-7593.792969,-7759.618164,165.825195
6637,-11980.497070,-11981.191406,0.694336
6638,-9906.089844,-9876.720703,29.369141
6639,-10968.678711,-10938.380859,30.297852
6640,-9342.566406,-9406.640625,64.074219
6641,-10903.997070,-10833.599609,70.397461
6642,-8921.135742,-8864.882812,56.252930
6643,-12487.411133,-12455.226562,32.184570
6644,-10358.601562,-10363.786133,5.184570
6645,-10941.983398,-10901.345703,40.637695
6646,-10577.480469,-10534.022461,43.458008
6647,-10922.920898,-10935.964844,13.043945
6648,-12504.331055,-12521.274414,16.943359
6649,-12976.113281,-12927.013672,49.099609
6650,-10959.883789,-10877.741211,82.142578
6651,-11380.848633,-11485.257812,104.409180
6652,-11860.806641,-11946.397461,85.590820
6653,-10524.166016,-10499.855469,24.310547
6654,-11930.453125,-11948.119141,17.666016
6655,-11956.704102,-11915.372070,41.332031
6656,-8045.952148,-8359.513672,313.561523
6657,-11495.976562,-11475.498047,20.478516
6658,-9481.154297,-9455.446289,25.708008
6659,-11866.294922,-11915.995117,49.700195
6660,-10972.442383,-10968.748047,3.694336
6661,-11567.940430,-11576.008789,8.068359
6662,-10968.616211,-10937.155273,31.460938
6663,-10542.580078,-10566.336914,23.756836
6664,-10546.452148,-10533.889648,12.562500
6665,-12010.791992,-11981.595703,29.196289
6666,-12312.846680,-12350.899414,38.052734
6667,-11137.921875,-11420.953125,283.031250
6668,-8084.854492,-8199.676758,114.822266
6669,-10969.579102,-10970.687500,1.108398
6670,-11170.428711,-11205.355469,34.926758
6671,-10445.601562,-10430.242188,15.359375
6672,-10567.553711,-10532.362305,35.191406
6673,-11487.270508,-11478.315430,8.955078
6674,-12545.842773,-12553.429688,7.586914
6675,-10960.931641,-10967.556641,6.625000
6676,-9223.681641,-8451.443359,772.238281
6677,-10511.879883,-10530.098633,18.218750
6678,-12268.002930,-12014.387695,253.615234
6679,-10670.456055,-10968.466797,298.010742
6680,-12902.876953,-12925.835938,22.958984
6681,-12309.929688,-12384.209961,74.280273
6682,-12401.710938,-12384.289062,17.421875
6683,-10980.022461,-10969.686523,10.335938
6684,-11406.485352,-11372.363281,34.122070
6685,-11010.500000,-10937.698242,72.801758
6686,-9020.837891,-8897.663086,123.174805
6687,-12916.913086,-12926.035156,9.122070
6688,-12527.111328,-12456.406250,70.705078
6689,-12763.485352,-12791.375000,27.889648
6690,-10826.329102,-10801.087891,25.241211
6691,-12540.886719,-12488.156250,52.730469
6692,-10008.880859,-9931.874023,77.006836
6693,-11424.693359,-11373.067383,51.625977
6694,-11572.532227,-11719.922852,147.390625
6695,-11547.356445,-11544.750977,2.605469
6696,-10291.332031,-10339.474609,48.142578
6697,-12433.576172,-12520.551758,86.975586
6698,-10535.350586,-10499.073242,36.277344
6699,-11576.422852,-11511.259766,65.163086
6700,-10545.169922,-10531.166016,14.003906
6701,-15628.763672,-15617.058594,11.705078
6702,-11913.278320,-11914.876953,1.598633
6703,-12921.226562,-12894.142578,27.083984
6704,-11512.861328,-11543.175781,30.314453
6705,-11553.185547,-11543.420898,9.764648
6706,-11250.218750,-11270.888672,20.669922
6707,-10488.363281,-10462.556641,25.806641
6708,-12535.986328,-12478.056641,57.929688
6709,-9016.880859,-8517.593750,499.287109
6710,-11583.451172,-11542.445312,41.005859
6711,-12236.308594,-12248.939453,12.630859
6712,-12402.690430,-12386.500977,16.189453
6713,-11532.385742,-11510.304688,22.081055
6714,-6486.133789,-8552.216797,2066.083008
6715,-12841.291016,-12925.038086,83.747070
6716,-11948.433594,-11980.103516,31.669922
6717,-12612.646484,-12521.382812,91.263672
6718,-12496.796875,-12418.824219,77.972656
6719,-11242.297852,-11308.459961,66.162109
6720,-10994.832031,-10968.372070,26.459961
6721,-15199.610352,-14919.193359,280.416992
6722,-12410.810547,-12423.381836,12.571289
6723,-12762.312500,-12756.564453,5.748047
6724,-9791.934570,-9798.224609,6.290039
6725,-11442.688477,-11407.102539,35.585938
6726,-10543.208008,-10534.447266,8.760742
6727,-11235.220703,-11374.688477,139.467773
6728,-10976.532227,-10970.327148,6.205078
6729,-11134.855469,-10880.304688,254.550781
6730,-11571.155273,-11543.630859,27.524414
6731,-10391.657227,-10365.396484,26.260742
6732,-11459.957031,-11479.885742,19.928711
6733,-10520.120117,-10532.721680,12.601562
6734,-11457.829102,-11510.920898,53.091797
6735,-9953.233398,-9933.482422,19.750977
6736,-10554.125977,-10532.160156,21.965820
6737,-12525.248047,-12522.443359,2.804688
6738,-12075.225586,-11945.715820,129.509766
6739,-10565.161133,-10499.939453,65.221680
6740,-12530.750000,-12521.777344,8.972656
6741,-11953.067383,-11946.972656,6.094727
6742,-9584.323242,-9620.909180,36.585938
6743,-10908.395508,-10834.299805,74.095703
6744,-11104.820312,-10937.739258,167.081055
6745,-12526.724609,-12617.473633,90.749023
6746,-12654.728516,-12411.206055,243.522461
6747,-8940.884766,-8921.691406,19.193359
6748,-10604.104492,-10565.456055,38.648438
6749,-10537.677734,-10532.026367,5.651367
6750,-7067.031250,-7357.893555,290.862305
6751,-10468.100586,-10533.166992,65.066406
6752,-10991.487305,-10968.233398,23.253906
6753,-10457.486328,-10430.479492,27.006836
6754,-10498.189453,-10501.299805,3.110352
6755,-11517.437500,-11542.505859,25.068359
6756,-10656.468750,-10440.128906,216.339844
6757,-11435.311523,-11373.184570,62.126953
6758,-11959.036133,-11948.306641,10.729492
6759,-14176.228516,-14202.479492,26.250977
6760,-9514.439453,-9431.113281,83.326172
6761,-11583.764648,-11576.083008,7.681641
6762,-11572.851562,-11510.501953,62.349609
6763,-12738.573242,-12790.029297,51.456055
6764,-10563.948242,-10566.023438,2.075195
6765,-9406.296875,-9454.777344,48.480469
6766,-11442.165039,-11406.812500,35.352539
6767,-10947.193359,-10935.182617,12.010742
6768,-9427.128906,-9486.203125,59.074219
6769,-11590.650391,-11543.260742,47.389648
6770,-13384.359375,-13331.712891,52.646484
6771,-13903.892578,-13767.662109,136.230469
6772,-12388.907227,-12454.460938,65.553711
6773,-11837.050781,-11914.759766,77.708984
6774,-9557.007812,-9522.250977,34.756836
6775,-10992.100586,-10970.203125,21.897461
6776,-10905.424805,-10880.273438,25.151367
6777,-12353.015625,-12354.241211,1.225586
6778,-11440.509766,-11407.594727,32.915039
6779,-11550.111328,-11477.750000,72.361328
6780,-8671.003906,-8518.549805,152.454102
6781,-10933.386719,-10904.487305,28.899414
6782,-10899.963867,-10934.583008,34.619141
6783,-11860.085938,-11810.633789,49.452148
6784,-10492.802734,-10497.324219,4.521484
6785,-10962.154297,-10935.904297,26.250000
6786,-11903.553711,-11914.836914,11.283203
6787,-12035.805664,-12029.431641,6.374023
6788,-12433.066406,-12489.417969,56.351562
6789,-13436.486328,-13445.164062,8.677734
6790,-10460.582031,-10475.251953,14.669922
6791,-9635.835938,-9588.694336,47.141602
6792,-8688.630859,-8519.834961,168.795898
6793,-12057.676758,-11980.708984,76.967773
6794,-10960.901367,-10969.499023,8.597656
6795,-12519.851562,-12521.533203,1.681641
6796,-13015.585938,-12892.530273,123.055664
6797,-12489.379883,-12522.438477,33.058594
6798,-11253.087891,-11484.406250,231.318359
6799,-10470.493164,-10506.882812,36.389648
6800,-11568.511719,-11543.892578,24.619141
6801,-10544.856445,-10534.295898,10.560547
6802,-12489.742188,-12521.058594,31.316406
6803,-10608.948242,-10565.112305,43.835938
6804,-10496.754883,-10498.730469,1.975586
6805,-11472.714844,-11441.054688,31.660156
6806,-11396.938477,-11375.143555,21.794922
6807,-11363.299805,-11341.801758,21.498047
6808,-11633.405273,-11543.681641,89.723633
6809,-12960.704102,-12926.704102,34.000000
6810,-8368.319336,-8452.208984,83.889648
6811,-11974.388672,-11947.986328,26.402344
6812,-12366.041016,-12318.202148,47.838867
6813,-11900.249023,-11914.926758,14.677734
6814,-10527.530273,-10533.073242,5.542969
6815,-11962.132812,-11948.590820,13.541992
6816,-10026.666016,-9866.116211,160.549805
6817,-10558.131836,-10566.173828,8.041992
6818,-11491.688477,-11407.983398,83.705078
6819,-10987.061523,-10968.267578,18.793945
6820,-10511.015625,-10534.549805,23.534180
6821,-9894.151367,-9932.522461,38.371094
6822,-11554.600586,-11510.685547,43.915039
6823,-9818.147461,-9867.212891,49.065430
6824,-13038.061523,-12926.276367,111.785156
6825,-9558.755859,-9588.641602,29.885742
6826,-11480.987305,-11510.497070,29.509766
6827,-10526.535156,-10530.409180,3.874023
6828,-10827.847656,-10846.048828,18.201172
6829,-10979.363281,-10968.322266,11.041016
6830,-9984.764648,-9957.538086,27.226562
6831,-12486.439453,-12453.955078,32.484375
6832,-9946.850586,-9959.441406,12.590820
6833,-10481.962891,-10498.639648,16.676758
6834,-10486.324219,-10497.677734,11.353516
6835,-11922.732422,-11917.233398,5.499023
6836,-12981.046875,-12959.224609,21.822266
6837,-11514.032227,-11510.406250,3.625977
6838,-10959.720703,-10902.467773,57.252930
6839,-10502.719727,-10499.417969,3.301758
6840,-11430.146484,-11406.910156,23.236328
6841,-11003.825195,-11001.863281,1.961914
6842,-11513.635742,-11510.563477,3.072266
6843,-11994.674805,-11916.190430,78.484375
6844,-11695.208008,-11812.769531,117.561523
6845,-11004.740234,-10911.800781,92.939453
6846,-13002.710938,-12958.405273,44.305664
6847,-10485.103516,-10507.823242,22.719727
6848,-10876.421875,-10936.325195,59.903320
6849,-9980.951172,-9960.082031,20.869141
6850,-11525.729492,-11510.536133,15.193359
6851,-11581.160156,-11575.979492,5.180664
6852,-10357.773438,-10338.853516,18.919922
6853,-12423.390625,-12384.692383,38.698242
6854,-11602.222656,-11526.724609,75.498047
6855,-11446.613281,-11478.109375,31.496094
6856,-10607.720703,-10566.567383,41.153320
6857,-13422.855469,-13468.065430,45.209961
6858,-11426.155273,-11406.353516,19.801758
6859,-10094.155273,-9934.524414,159.630859
6860,-9992.737305,-9933.437500,59.299805
6861,-10958.831055,-10937.909180,20.921875
6862,-11012.763672,-11000.751953,12.011719
6863,-8395.480469,-8460.329102,64.848633
6864,-11945.175781,-11980.586914,35.411133
6865,-10911.751953,-10903.001953,8.750000
6866,-9578.773438,-9588.487305,9.713867
6867,-10570.385742,-10566.584961,3.800781
6868,-11565.377930,-11577.155273,11.777344
6869,-10579.518555,-10532.479492,47.039062
6870,-11485.455078,-11476.382812,9.072266
6871,-11524.898438,-11510.726562,14.171875
6872,-11518.808594,-11512.888672,5.919922
6873,-10971.136719,-10935.134766,36.001953
6874,-10925.880859,-10936.585938,10.705078
6875,-9512.398438,-9522.531250,10.132812
6876,-10958.360352,-10969.610352,11.250000
6877,-10899.828125,-10936.771484,36.943359
6878,-11856.833008,-11882.380859,25.547852
6879,-11872.375977,-11917.491211,45.115234
6880,-11055.280273,-11034.800781,20.479492
6881,-10948.111328,-10935.855469,12.255859
6882,-11529.216797,-11478.846680,50.370117
6883,-11465.972656,-11512.209961,46.237305
6884,-9453.435547,-9462.855469,9.419922
6885,-11944.635742,-11947.082031,2.446289
6886,-10024.708984,-10371.855469,347.146484
6887,-11952.250000,-11914.510742,37.739258
6888,-11864.042969,-11849.799805,14.243164
6889,-10967.960938,-11002.238281,34.277344
6890,-11922.958008,-11981.728516,58.770508
6891,-9580.817383,-9327.948242,252.869141
6892,-9534.416992,-9554.448242,20.031250
6893,-11537.247070,-11543.679688,6.432617
6894,-10401.488281,-10439.903320,38.415039
6895,-9683.258789,-9462.855469,220.403320
6896,-9880.619141,-9843.089844,37.529297
6897,-11584.907227,-11608.864258,23.957031
6898,-9968.930664,-9991.866211,22.935547
6899,-12381.888672,-12386.342773,4.454102
6900,-11538.594727,-11509.261719,29.333008
6901,-9928.378906,-9957.588867,29.209961
6902,-7769.835449,-7818.456055,48.620605
6903,-11018.028320,-10968.817383,49.210938
6904,-9729.478516,-9924.066406,194.587891
6905,-11600.414062,-11575.604492,24.809570
6906,-10753.273438,-10830.813477,77.540039
6907,-11478.965820,-11476.364258,2.601562
6908,-13444.377930,-13499.536133,55.158203
6909,-12567.066406,-12521.642578,45.423828
6910,-10932.122070,-10934.373047,2.250977
6911,-10946.765625,-10844.423828,102.341797
6912,-11861.783203,-11844.737305,17.045898
6913,-12779.206055,-12820.309570,41.103516
6914,-9885.171875,-9870.248047,14.923828
6915,-11984.988281,-11949.204102,35.784180
6916,-11910.338867,-11914.534180,4.195312
6917,-10844.132812,-10865.748047,21.615234
6918,-12794.193359,-12790.551758,3.641602
6919,-11432.016602,-11408.824219,23.192383
6920,-10238.136719,-10234.933594,3.203125
6921,-11565.416016,-11544.493164,20.922852
6922,-13719.095703,-13767.568359,48.472656
6923,-9581.618164,-9587.791016,6.172852
6924,-12015.840820,-11947.967773,67.873047
6925,-10548.847656,-10532.242188,16.605469
6926,-10817.088867,-10800.925781,16.163086
6927,-10963.759766,-10936.186523,27.573242
6928,-10552.162109,-10534.646484,17.515625
6929,-11434.558594,-11407.082031,27.476562
6930,-11678.901367,-11609.182617,69.718750
6931,-10935.098633,-10936.448242,1.349609
6932,-10537.029297,-10532.389648,4.639648
6933,-9466.453125,-9960.380859,493.927734
6934,-10597.859375,-10532.847656,65.011719
6935,-11386.278320,-11407.913086,21.634766
6936,-12798.125000,-12789.364258,8.760742
6937,-10555.325195,-10564.213867,8.888672
6938,-11574.585938,-11543.376953,31.208984
6939,-8437.500000,-8662.491211,224.991211
6940,-8595.056641,-8384.400391,210.656250
6941,-11945.292969,-11913.811523,31.481445
6942,-10937.095703,-10937.834961,0.739258
6943,-11847.895508,-11882.838867,34.943359
6944,-8278.394531,-8361.791016,83.396484
6945,-10500.500000,-10499.233398,1.266602
6946,-11769.031250,-11812.940430,43.909180
6947,-10923.364258,-10879.577148,43.787109
6948,-11514.524414,-11543.823242,29.298828
6949,-12062.814453,-11939.213867,123.600586
6950,-10977.869141,-10937.295898,40.573242
6951,-11865.155273,-11880.864258,15.708984
6952,-10225.416016,-10302.250977,76.834961
6953,-10993.204102,-11003.786133,10.582031
6954,-11143.986328,-10474.096680,669.889648
6955,-10494.579102,-10532.967773,38.388672
6956,-11547.229492,-11542.794922,4.434570
6957,-13961.091797,-13970.163086,9.071289
6958,-12436.556641,-12521.245117,84.688477
6959,-10518.327148,-10497.884766,20.442383
6960,-10996.912109,-10970.066406,26.845703
6961,-11012.570312,-10971.430664,41.139648
6962,-9108.783203,-8551.748047,557.035156
6963,-12451.904297,-12486.414062,34.509766
6964,-10316.357422,-10169.602539,146.754883
6965,-13322.999023,-13435.523438,112.524414
6966,-11030.028320,-11003.438477,26.589844
6967,-10948.467773,-10846.518555,101.949219
6968,-12571.182617,-12522.723633,48.458984
6969,-10990.708984,-10969.756836,20.952148
6970,-10161.750977,-10272.531250,110.780273
6971,-12363.947266,-12385.783203,21.835938
6972,-10992.731445,-10968.430664,24.300781
6973,-12497.882812,-12489.789062,8.093750
6974,-10528.341797,-10533.230469,4.888672
6975,-10922.606445,-10936.358398,13.751953
6976,-11031.380859,-11003.875000,27.505859
6977,-11890.553711,-11916.965820,26.412109
6978,-11209.941406,-11342.459961,132.518555
6979,-10881.983398,-10903.810547,21.827148
6980,-11549.818359,-11543.300781,6.517578
6981,-10990.356445,-11002.445312,12.088867
6982,-11033.233398,-10912.911133,120.322266
6983,-11580.465820,-11575.905273,4.560547
6984,-10580.142578,-10532.693359,47.449219
6985,-12037.006836,-11947.623047,89.383789
6986,-11912.856445,-11948.189453,35.333008
6987,-11823.249023,-11811.419922,11.829102
6988,-10946.885742,-10937.362305,9.523438
6989,-11486.175781,-11510.270508,24.094727
6990,-9951.984375,-9958.460938,6.476562
6991,-13695.791992,-13766.791016,70.999023
6992,-13528.723633,-13500.018555,28.705078
6993,-11915.074219,-11915.894531,0.820312
6994,-10965.716797,-10938.398438,27.318359
6995,-9929.740234,-9957.361328,27.621094
6996,-12516.610352,-12521.458984,4.848633
6997,-11967.260742,-11981.279297,14.018555
6998,-10456.173828,-10362.557617,93.616211
6999,-13379.558594,-13364.407227,15.151367
7000,-12933.142578,-12894.174805,38.967773
7001,-11442.693359,-11341.171875,101.521484
7002,-10554.854492,-10566.064453,11.209961
7003,-11505.482422,-11477.246094,28.236328
7004,-10329.629883,-10363.738281,34.108398
7005,-10538.207031,-10564.308594,26.101562
7006,-10317.735352,-10306.373047,11.362305
7007,-9497.810547,-9429.583008,68.227539
7008,-11313.188477,-11340.429688,27.241211
7009,-9908.987305,-9923.244141,14.256836
7010,-11551.376953,-11511.545898,39.831055
7011,-10971.844727,-10933.950195,37.894531
7012,-12754.950195,-12823.076172,68.125977
7013,-11983.862305,-11979.144531,4.717773
7014,-11771.351562,-11822.715820,51.364258
7015,-11509.483398,-11510.286133,0.802734
7016,-10967.812500,-10903.839844,63.972656
7017,-11357.309570,-11376.113281,18.803711
7018,-10491.038086,-10500.246094,9.208008
7019,-9370.091797,-9465.223633,95.131836
7020,-10963.805664,-10878.942383,84.863281
7021,-11426.502930,-11510.371094,83.868164
7022,-12519.112305,-12554.370117,35.257812
7023,-11430.022461,-11407.562500,22.459961
7024,-10603.500977,-10598.481445,5.019531
7025,-10576.182617,-10564.941406,11.241211
7026,-10507.791016,-10531.967773,24.176758
7027,-10382.244141,-10428.393555,46.149414
7028,-12019.645508,-11980.118164,39.527344
7029,-10586.531250,-10440.258789,146.272461
7030,-11409.041016,-11270.139648,138.901367
7031,-11556.241211,-11575.648438,19.407227
7032,-10574.788086,-10565.897461,8.890625
7033,-10592.697266,-10565.310547,27.386719
7034,-12435.944336,-12384.718750,51.225586
7035,-9498.166016,-9521.103516,22.937500
7036,-11551.774414,-11542.598633,9.175781
7037,-12668.477539,-12790.391602,121.914062
7038,-11513.622070,-11509.478516,4.143555
7039,-10556.041992,-10533.520508,22.521484
7040,-10952.504883,-10903.084961,49.419922
7041,-10496.283203,-10638.740234,142.457031
7042,-9689.054688,-9810.491211,121.436523
7043,-12854.511719,-12892.458984,37.947266
7044,-9563.040039,-9555.028320,8.011719
7045,-10437.125000,-10498.805664,61.680664
7046,-11741.007812,-11745.954102,4.946289
7047,-9490.398438,-9489.327148,1.071289
7048,-11507.516602,-11509.911133,2.394531
7049,-10517.811523,-10498.956055,18.855469
7050,-12966.088867,-12927.636719,38.452148
7051,-11465.967773,-11478.304688,12.336914
7052,-11278.291016,-11310.521484,32.230469
7053,-11382.053711,-11342.264648,39.789062
7054,-8571.186523,-8260.103516,311.083008
7055,-10609.590820,-10565.410156,44.180664
7056,-11019.188477,-11003.504883,15.683594
7057,-12503.382812,-12490.428711,12.954102
7058,-10307.790039,-10213.200195,94.589844
7059,-10909.138672,-10880.540039,28.598633
7060,-10984.800781,-11003.253906,18.453125
7061,-10404.550781,-10396.549805,8.000977
7062,-11885.878906,-11945.848633,59.969727
7063,-11422.247070,-11576.809570,154.562500
7064,-10925.754883,-10935.487305,9.732422
7065,-10137.117188,-10201.409180,64.291992
7066,-11509.442383,-11544.198242,34.755859
7067,-11906.864258,-11914.995117,8.130859
7068,-15723.937500,-15460.345703,263.591797
7069,-9564.287109,-9555.864258,8.422852
7070,-9582.012695,-9588.518555,6.505859
7071,-11839.517578,-11812.669922,26.847656
7072,-12015.750000,-11978.869141,36.880859
7073,-11422.991211,-11476.194336,53.203125
7074,-11958.770508,-11948.340820,10.429688
7075,-11955.099609,-11947.649414,7.450195
7076,-9395.629883,-9463.165039,67.535156
7077,-10514.675781,-10564.769531,50.093750
7078,-10716.173828,-10533.726562,182.447266
7079,-13011.085938,-12959.653320,51.432617
7080,-9345.953125,-9437.755859,91.802734
7081,-10461.009766,-10395.908203,65.101562
7082,-10663.068359,-10507.783203,155.285156
7083,-12484.808594,-12522.983398,38.174805
7084,-12926.721680,-12926.038086,0.683594
7085,-10927.481445,-10934.939453,7.458008
7086,-10581.256836,-10566.672852,14.583984
7087,-12370.713867,-12352.571289,18.142578
7088,-12414.902344,-12454.588867,39.686523
7089,-11986.553711,-11980.054688,6.499023
7090,-10411.857422,-10393.882812,17.974609
7091,-10599.985352,-10566.179688,33.805664
7092,-10701.077148,-10631.764648,69.312500
7093,-10873.024414,-10879.399414,6.375000
7094,-10541.329102,-10743.397461,202.068359
7095,-10998.696289,-10968.003906,30.692383
7096,-12001.883789,-11982.457031,19.426758
7097,-12323.083984,-12282.621094,40.462891
7098,-11083.605469,-10912.555664,171.049805
7099,-11451.118164,-11443.965820,7.152344
7100,-11472.283203,-11476.191406,3.908203
7101,-11383.100586,-11408.755859,25.655273
7102,-10587.932617,-10565.400391,22.532227
7103,-12382.222656,-12422.411133,40.188477
7104,-10544.586914,-10531.528320,13.058594
7105,-12503.590820,-12553.812500,50.221680
7106,-12920.495117,-12925.166992,4.671875
7107,-11422.833984,-11376.400391,46.433594
7108,-10580.872070,-10566.062500,14.809570
7109,-9631.361328,-9465.740234,165.621094
7110,-10609.551758,-10566.344727,43.207031
7111,-9774.915039,-9495.333984,279.581055
7112,-10988.669922,-10971.364258,17.305664
7113,-11532.309570,-11575.978516,43.668945
7114,-10571.103516,-10564.914062,6.189453
7115,-10982.634766,-10938.539062,44.095703
7116,-12883.772461,-12789.524414,94.248047
7117,-11443.508789,-11408.112305,35.396484
7118,-11527.771484,-11609.014648,81.243164
7119,-10983.026367,-10969.747070,13.279297
7120,-10473.938477,-10466.703125,7.235352
7121,-12749.380859,-12755.805664,6.424805
7122,-10338.651367,-10363.041016,24.389648
7123,-10662.385742,-10743.774414,81.388672
7124,-10826.493164,-10898.968750,72.475586
7125,-10956.352539,-10939.270508,17.082031
7126,-9579.939453,-9587.701172,7.761719
7127,-11437.386719,-11406.244141,31.142578
7128,-11497.875977,-11511.455078,13.579102
7129,-9499.284180,-9454.551758,44.732422
7130,-11841.193359,-11844.988281,3.794922
7131,-10488.658203,-10466.113281,22.544922
7132,-11499.906250,-11317.404297,182.501953
7133,-14141.947266,-14202.453125,60.505859
7134,-12019.833984,-11981.035156,38.798828
7135,-11449.180664,-11511.077148,61.896484
7136,-11394.935547,-11340.665039,54.270508
7137,-11973.974609,-11948.608398,25.366211
7138,-9522.876953,-9555.403320,32.526367
7139,-9575.046875,-9495.861328,79.185547
7140,-12047.605469,-11980.917969,66.687500
7141,-9685.228516,-9866.736328,181.507812
7142,-11956.774414,-12454.870117,498.095703
7143,-12539.365234,-12586.976562,47.611328
7144,-11013.251953,-10912.389648,100.862305
7145,-12929.986328,-12926.377930,3.608398
7146,-10931.661133,-10967.782227,36.121094
7147,-12955.613281,-12927.020508,28.592773
7148,-11098.053711,-11238.743164,140.689453
7149,-10506.115234,-10534.066406,27.951172
7150,-11557.285156,-11543.659180,13.625977
7151,-10998.823242,-11003.754883,4.931641
7152,-12561.386719,-12554.814453,6.572266
7153,-13496.225586,-13548.731445,52.505859
7154,-11966.218750,-11980.151367,13.932617
7155,-10498.961914,-10499.465820,0.503906
7156,-12498.261719,-12521.225586,22.963867
7157,-10965.145508,-10968.164062,3.018555
7158,-11959.032227,-11916.076172,42.956055
7159,-11547.684570,-11510.741211,36.943359
7160,-11557.946289,-11543.537109,14.409180
7161,-9554.155273,-9587.640625,33.485352
7162,-14284.886719,-14200.706055,84.180664
7163,-8957.250977,-8865.180664,92.070312
7164,-10908.634766,-10846.799805,61.834961
7165,-12726.640625,-12925.477539,198.836914
7166,-11923.153320,-11948.101562,24.948242
7167,-9532.900391,-8486.045898,1046.854492
7168,-9555.007812,-9463.220703,91.787109
7169,-11020.589844,-10970.375977,50.213867
7170,-11833.001953,-11844.892578,11.890625
7171,-12405.795898,-12386.627930,19.167969
7172,-12869.415039,-12892.198242,22.783203
7173,-12789.111328,-12723.787109,65.324219
7174,-8352.070312,-8401.510742,49.440430
7175,-9225.290039,-9165.639648,59.650391
7176,-11588.386719,-11609.156250,20.769531
7177,-10540.359375,-10531.785156,8.574219
7178,-11957.113281,-11980.731445,23.618164
7179,-10591.267578,-10532.099609,59.167969
7180,-11418.758789,-11408.246094,10.512695
7181,-12261.862305,-12216.605469,45.256836
7182,-11013.827148,-10971.231445,42.595703
7183,-11952.481445,-11948.101562,4.379883
7184,-10447.384766,-10307.046875,140.337891
7185,-10561.447266,-10566.375977,4.928711
7186,-10456.895508,-10384.834961,72.060547
7187,-9964.068359,-10448.352539,484.284180
7188,-9308.578125,-9270.633789,37.944336
7189,-13454.696289,-13396.405273,58.291016
7190,-11382.303711,-11408.320312,26.016602
7191,-11577.120117,-11544.873047,32.247070
7192,-11563.587891,-11543.649414,19.938477
7193,-10819.941406,-10802.840820,17.100586
7194,-11983.786133,-11945.960938,37.825195
7195,-10002.879883,-9990.784180,12.095703
7196,-11507.550781,-11508.793945,1.243164
7197,-11540.922852,-11510.756836,30.166016
7198,-10867.570312,-10937.893555,70.323242
7199,-10936.774414,-10935.826172,0.948242
7200,-11445.220703,-11375.405273,69.815430
7201,-10994.932617,-10969.126953,25.805664
7202,-12462.699219,-12351.088867,111.610352
7203,-11387.666016,-11372.338867,15.327148
7204,-11337.323242,-11284.797852,52.525391
7205,-10536.455078,-10532.312500,4.142578
7206,-11796.438477,-11849.485352,53.046875
7207,-10797.125000,-10735.812500,61.312500
7208,-9879.301758,-9891.030273,11.728516
7209,-11503.166016,-11477.163086,26.002930
7210,-11548.572266,-11510.569336,38.002930
7211,-10417.873047,-10398.749023,19.124023
7212,-9954.208984,-9927.711914,26.497070
7213,-10412.654297,-10304.703125,107.951172
7214,-11101.016602,-11034.780273,66.236328
7215,-12555.962891,-12523.052734,32.910156
7216,-10589.159180,-10531.992188,57.166992
7217,-9468.829102,-9463.594727,5.234375
7218,-11470.865234,-11407.956055,62.909180
7219,-11013.237305,-10935.169922,78.067383
7220,-11518.187500,-11510.102539,8.084961
7221,-9495.307617,-9487.634766,7.672852
7222,-9868.214844,-9899.044922,30.830078
7223,-10319.554688,-10396.255859,76.701172
7224,-13483.475586,-13467.950195,15.525391
7225,-12438.180664,-12457.696289,19.515625
7226,-11484.540039,-11510.669922,26.129883
7227,-11594.726562,-11543.916016,50.810547
7228,-10561.264648,-10531.749023,29.515625
7229,-11517.454102,-11510.650391,6.803711
7230,-11860.082031,-11845.738281,14.343750
7231,-11955.477539,-11947.785156,7.692383
7232,-10170.532227,-9391.339844,779.192383
7233,-8618.020508,-8518.507812,99.512695
7234,-11613.940430,-11576.807617,37.132812
7235,-11549.541992,-11508.468750,41.073242
7236,-11820.546875,-11845.122070,24.575195
7237,-11493.900391,-11477.445312,16.455078
7238,-11555.582031,-11543.768555,11.813477
7239,-12461.981445,-12417.788086,44.193359
7240,-11875.940430,-11882.758789,6.818359
7241,-9200.682617,-8920.612305,280.070312
7242,-10757.382812,-10776.348633,18.965820
7243,-10810.775391,-10845.797852,35.022461
7244,-12348.792969,-12385.183594,36.390625
7245,-11951.897461,-11948.308594,3.588867
7246,-12968.937500,-12927.061523,41.875977
7247,-8961.122070,-8956.872070,4.250000
7248,-9411.331055,-8519.785156,891.545898
7249,-10975.620117,-10934.772461,40.847656
7250,-12499.374023,-12522.658203,23.284180
7251,-8186.290039,-7383.273438,803.016602
7252,-11267.596680,-11303.205078,35.608398
7253,-11531.768555,-11510.497070,21.271484
7254,-10304.244141,-10362.707031,58.462891
7255,-10529.998047,-10499.240234,30.757812
7256,-10590.813477,-10533.000000,57.813477
7257,-12943.381836,-12925.092773,18.289062
7258,-10810.531250,-10764.799805,45.731445
7259,-11947.225586,-11911.707031,35.518555
7260,-10945.358398,-10937.556641,7.801758
7261,-11520.876953,-11510.565430,10.311523
7262,-10986.333984,-10936.854492,49.479492
7263,-10124.906250,-9933.976562,190.929688
7264,-11530.814453,-11509.811523,21.002930
7265,-9570.184570,-9554.289062,15.895508
7266,-12506.269531,-12521.742188,15.472656
7267,-12523.775391,-12520.380859,3.394531
7268,-10600.141602,-10530.812500,69.329102
7269,-12435.744141,-12419.139648,16.604492
7270,-10767.011719,-10736.516602,30.495117
7271,-10505.624023,-10532.798828,27.174805
7272,-10506.019531,-10500.755859,5.263672
7273,-11378.500000,-11341.049805,37.450195
7274,-11901.885742,-11914.094727,12.208984
7275,-11955.733398,-11981.897461,26.164062
7276,-11142.096680,-10969.925781,172.170898
7277,-12040.151367,-11949.072266,91.079102
7278,-11935.129883,-11914.385742,20.744141
7279,-10564.877930,-10532.762695,32.115234
7280,-11560.428711,-11544.477539,15.951172
7281,-10899.719727,-10835.526367,64.193359
7282,-10806.858398,-10832.533203,25.674805
7283,-11775.566406,-11745.596680,29.969727
7284,-9547.564453,-9522.199219,25.365234
7285,-10932.072266,-10937.869141,5.796875
7286,-12937.115234,-12859.637695,77.477539
7287,-12345.996094,-12351.854492,5.858398
7288,-12401.646484,-12418.256836,16.610352
7289,-11432.872070,-11478.130859,45.258789
7290,-9555.172852,-9588.507812,33.334961
7291,-11939.306641,-11947.241211,7.934570
7292,-12734.207031,-12757.245117,23.038086
7293,-12954.292969,-12958.514648,4.221680
7294,-10921.393555,-10971.543945,50.150391
7295,-9467.860352,-9462.677734,5.182617
7296,-10529.968750,-10370.533203,159.435547
7297,-9488.871094,-9521.782227,32.911133
7298,-10920.832031,-10904.561523,16.270508
7299,-11593.101562,-11543.854492,49.247070
7300,-12284.814453,-12281.089844,3.724609
7301,-10691.618164,-10631.565430,60.052734
7302,-12456.142578,-12453.208984,2.933594
7303,-11856.957031,-11811.525391,45.431641
7304,-10361.294922,-10364.085938,2.791016
7305,-11979.209961,-11979.871094,0.661133
7306,-9980.443359,-9956.511719,23.931641
7307,-10292.213867,-10394.792969,102.579102
7308,-11952.708984,-11979.393555,26.684570
7309,-11373.633789,-11406.648438,33.014648
7310,-12424.457031,-12351.996094,72.460938
7311,-11953.252930,-11947.713867,5.539062
7312,-11940.429688,-11948.842773,8.413086
7313,-11369.481445,-11375.935547,6.454102
7314,-9499.150391,-9521.602539,22.452148
7315,-11875.800781,-11915.234375,39.433594
7316,-10565.857422,-10566.595703,0.738281
7317,-11545.235352,-11544.593750,0.641602
7318,-10540.626953,-10531.962891,8.664062
7319,-11936.049805,-11947.790039,11.740234
7320,-10891.952148,-10833.329102,58.623047
7321,-10953.277344,-10938.309570,14.967773
7322,-10962.028320,-10936.601562,25.426758
7323,-12505.258789,-12456.041016,49.217773
7324,-10550.021484,-10532.483398,17.538086
7325,-7313.786133,-6321.996094,991.790039
7326,-11987.084961,-11979.057617,8.027344
7327,-11716.106445,-11675.842773,40.263672
7328,-12503.096680,-12522.965820,19.869141
7329,-8628.615234,-8427.908203,200.707031
7330,-11365.736328,-11374.210938,8.474609
7331,-12898.824219,-12893.017578,5.806641
7332,-9703.823242,-9464.580078,239.243164
7333,-13216.900391,-13111.979492,104.920898
7334,-9304.832031,-9328.023438,23.191406
7335,-11526.899414,-11451.750000,75.149414
7336,-9371.531250,-9329.006836,42.524414
7337,-9534.465820,-9463.692383,70.773438
7338,-10283.975586,-10338.855469,54.879883
7339,-11995.151367,-11980.848633,14.302734
7340,-10520.045898,-10498.760742,21.285156
7341,-12922.966797,-12926.172852,3.206055
7342,-11533.242188,-11510.105469,23.136719
7343,-10960.518555,-10970.776367,10.257812
7344,-12546.595703,-12553.308594,6.712891
7345,-11531.949219,-11510.492188,21.457031
7346,-11879.439453,-11914.909180,35.469727
7347,-10641.040039,-10565.108398,75.931641
7348,-11401.918945,-11374.480469,27.438477
7349,-10468.496094,-10442.239258,26.256836
7350,-11961.098633,-11914.561523,46.537109
7351,-11326.336914,-11341.403320,15.066406
7352,-10418.390625,-10396.264648,22.125977
7353,-11532.396484,-11542.863281,10.466797
7354,-9584.425781,-9962.106445,377.680664
7355,-11910.867188,-11912.553711,1.686523
7356,-11524.373047,-11512.223633,12.149414
7357,-10971.248047,-10937.320312,33.927734
7358,-12502.917969,-12487.412109,15.505859
7359,-10998.524414,-10969.532227,28.992188
7360,-10427.124023,-10430.104492,2.980469
7361,-10928.010742,-10936.991211,8.980469
7362,-11892.517578,-11844.128906,48.388672
7363,-12497.265625,-12490.507812,6.757812
7364,-11934.546875,-11946.902344,12.355469
7365,-11478.109375,-11509.856445,31.747070
7366,-12942.691406,-12860.273438,82.417969
7367,-11441.530273,-11445.100586,3.570312
7368,-10926.708008,-10935.949219,9.241211
7369,-10467.898438,-10362.878906,105.019531
7370,-10536.096680,-10499.739258,36.357422
7371,-10491.530273,-10465.894531,25.635742
7372,-12334.650391,-12353.790039,19.139648
7373,-10915.435547,-10880.292969,35.142578
7374,-12861.811523,-12755.770508,106.041016
7375,-12566.012695,-12522.740234,43.272461
7376,-12858.153320,-12860.271484,2.118164
7377,-10020.168945,-9957.563477,62.605469
7378,-10434.464844,-10372.945312,61.519531
7379,-10064.932617,-9932.380859,132.551758
7380,-11810.663086,-11813.224609,2.561523
7381,-9870.888672,-9902.209961,31.321289
7382,-9414.745117,-9437.961914,23.216797
7383,-11525.197266,-11484.227539,40.969727
7384,-10502.477539,-10498.983398,3.494141
7385,-11477.485352,-11476.413086,1.072266
7386,-9403.180664,-9523.783203,120.602539
7387,-11953.261719,-11980.884766,27.623047
7388,-9487.669922,-9555.755859,68.085938
7389,-9598.249023,-9555.734375,42.514648
7390,-11919.093750,-11915.883789,3.209961
7391,-10901.468750,-10904.736328,3.267578
7392,-11522.668945,-11510.286133,12.382812
7393,-11509.507812,-11510.857422,1.349609
7394,-11965.064453,-11948.944336,16.120117
7395,-11550.530273,-11544.960938,5.569336
7396,-11469.892578,-11510.720703,40.828125
7397,-9883.843750,-9902.430664,18.586914
7398,-11437.869141,-11440.665039,2.795898
7399,-9546.615234,-9555.513672,8.898438
7400,-9757.500000,-9835.763672,78.263672
7401,-10415.568359,-10395.825195,19.743164
7402,-11401.092773,-11476.029297,74.936523
7403,-9324.702148,-9430.148438,105.446289
7404,-10537.048828,-10532.443359,4.605469
7405,-10408.257812,-10396.104492,12.153320
7406,-11354.758789,-11376.699219,21.940430
7407,-9589.379883,-9554.593750,34.786133
7408,-10576.208984,-10532.505859,43.703125
7409,-13200.774414,-13225.996094,25.221680
7410,-10942.598633,-10912.500000,30.098633
7411,-10564.708008,-10565.305664,0.597656
7412,-12979.037109,-12923.404297,55.632812
7413,-12508.252930,-12520.620117,12.367188
7414,-11883.718750,-11917.329102,33.610352
7415,-11533.474609,-11542.280273,8.805664
7416,-11960.210938,-11947.668945,12.541992
7417,-10361.466797,-10363.206055,1.739258
7418,-11927.078125,-11912.985352,14.092773
7419,-10579.335938,-10566.385742,12.950195
7420,-10979.384766,-10969.243164,10.141602
7421,-10889.586914,-10903.178711,13.591797
7422,-10552.828125,-10532.449219,20.378906
7423,-11982.403320,-11947.975586,34.427734
7424,-10432.882812,-10474.674805,41.791992
7425,-11378.727539,-11316.051758,62.675781
7426,-10986.907227,-11003.510742,16.603516
7427,-10871.031250,-10776.501953,94.529297
7428,-10948.119141,-10934.221680,13.897461
7429,-10948.701172,-10879.660156,69.041016
7430,-9903.990234,-9932.236328,28.246094
7431,-11513.232422,-11478.875000,34.357422
7432,-11884.760742,-11947.930664,63.169922
7433,-12721.919922,-12786.902344,64.982422
7434,-10967.040039,-10969.646484,2.606445
7435,-10383.322266,-10441.650391,58.328125
7436,-11566.877930,-11747.016602,180.138672
7437,-11563.549805,-11576.000000,12.450195
7438,-11366.473633,-11372.315430,5.841797
7439,-10176.283203,-10274.273438,97.990234
7440,-11958.875000,-11915.655273,43.219727
7441,-12501.921875,-12485.942383,15.979492
7442,-10539.927734,-10565.432617,25.504883
7443,-10419.166016,-10430.291992,11.125977
7444,-10943.596680,-10970.549805,26.953125
7445,-9944.956055,-9990.847656,45.891602
7446,-9314.165039,-9292.542969,21.622070
7447,-10605.043945,-10566.461914,38.582031
7448,-11481.788086,-11510.591797,28.803711
7449,-8843.510742,-8486.605469,356.905273
7450,-11428.860352,-11406.522461,22.337891
7451,-11964.675781,-11947.860352,16.815430
7452,-10970.640625,-11003.667969,33.027344
7453,-9657.856445,-9496.952148,160.904297
7454,-10535.575195,-10565.379883,29.804688
7455,-12469.486328,-12520.075195,50.588867
7456,-12422.993164,-12487.037109,64.043945
7457,-10538.658203,-10533.464844,5.193359
7458,-11541.816406,-11511.450195,30.366211
7459,-8824.317383,-8896.791992,72.474609
7460,-12397.046875,-12353.559570,43.487305
7461,-10800.028320,-10878.974609,78.946289
7462,-11219.133789,-11270.194336,51.060547
7463,-11674.282227,-11509.292969,164.989258
7464,-11372.162109,-11373.695312,1.533203
7465,-10538.821289,-10498.890625,39.930664
7466,-11415.956055,-11408.646484,7.309570
7467,-8400.166992,-8291.084961,109.082031
7468,-10595.253906,-10564.286133,30.967773
7469,-11029.733398,-11002.425781,27.307617
7470,-11268.060547,-11420.678711,152.618164
7471,-9871.847656,-9797.552734,74.294922
7472,-11365.710938,-11304.567383,61.143555
7473,-10257.414062,-10406.918945,149.504883
7474,-10868.853516,-10867.047852,1.805664
7475,-10926.025391,-10904.290039,21.735352
7476,-12819.134766,-12891.851562,72.716797
7477,-10528.382812,-10500.135742,28.247070
7478,-11530.264648,-11542.446289,12.181641
7479,-12343.291016,-12419.125000,75.833984
7480,-11384.646484,-11407.673828,23.027344
7481,-10490.425781,-10468.017578,22.408203
7482,-10527.684570,-10499.582031,28.102539
7483,-10479.203125,-10500.445312,21.242188
7484,-11570.876953,-11543.075195,27.801758
7485,-10812.210938,-10775.217773,36.993164
7486,-9816.701172,-9867.168945,50.467773
7487,-10986.221680,-10878.335938,107.885742
7488,-9694.437500,-9496.698242,197.739258
7489,-10510.378906,-10533.109375,22.730469
7490,-10570.112305,-10565.849609,4.262695
7491,-11366.817383,-11372.497070,5.679688
7492,-11222.644531,-11237.850586,15.206055
7493,-10891.196289,-11479.696289,588.500000
7494,-11872.249023,-11915.763672,43.514648
7495,-11961.773438,-11914.833984,46.939453
7496,-11136.302734,-11543.606445,407.303711
7497,-11065.862305,-11001.857422,64.004883
7498,-11408.146484,-11373.788086,34.358398
7499,-10975.964844,-10970.052734,5.912109
7500,-12313.539062,-12354.140625,40.601562
7501,-11152.392578,-10911.616211,240.776367
7502,-7511.563477,-6782.645508,728.917969
7503,-11575.456055,-11509.272461,66.183594
7504,-10484.424805,-10499.664062,15.239258
7505,-10964.083008,-10968.668945,4.585938
7506,-9573.291016,-10363.789062,790.498047
7507,-11332.715820,-11372.774414,40.058594
7508,-12483.356445,-12488.455078,5.098633
7509,-10532.416016,-10531.906250,0.509766
7510,-11961.420898,-11948.152344,13.268555
7511,-9959.827148,-9959.415039,0.412109
7512,-10951.738281,-10971.297852,19.559570
7513,-10357.638672,-10337.803711,19.834961
7514,-11398.451172,-11406.855469,8.404297
7515,-11515.113281,-11543.828125,28.714844
7516,-11991.956055,-11947.634766,44.321289
7517,-10520.429688,-10498.020508,22.409180
7518,-11976.622070,-11947.414062,29.208008
7519,-10974.333008,-10969.467773,4.865234
7520,-9634.494141,-9620.731445,13.762695
7521,-10609.213867,-10565.832031,43.381836
7522,-10947.849609,-10936.340820,11.508789
7523,-10525.181641,-10501.186523,23.995117
7524,-11987.300781,-11946.675781,40.625000
7525,-8858.812500,-8919.013672,60.201172
7526,-11910.890625,-11948.296875,37.406250
7527,-10570.672852,-10531.952148,38.720703
7528,-11905.390625,-11914.541016,9.150391
7529,-11420.822266,-11443.967773,23.145508
7530,-10629.067383,-10531.757812,97.309570
7531,-11476.726562,-11478.412109,1.685547
7532,-9466.418945,-9488.775391,22.356445
7533,-9932.804688,-9901.628906,31.175781
7534,-10951.152344,-10971.004883,19.852539
7535,-11899.761719,-11914.397461,14.635742
7536,-11538.013672,-11543.353516,5.339844
7537,-9487.295898,-9522.159180,34.863281
7538,-9548.629883,-9555.304688,6.674805
7539,-12360.241211,-12353.256836,6.984375
7540,-11868.762695,-11882.638672,13.875977
7541,-10564.470703,-10531.962891,32.507812
7542,-11939.573242,-11915.255859,24.317383
7543,-9368.185547,-9463.286133,95.100586
7544,-11637.393555,-11575.863281,61.530273
7545,-12371.205078,-12286.731445,84.473633
7546,-10913.687500,-10901.915039,11.772461
7547,-9529.233398,-9463.623047,65.610352
7548,-9816.159180,-9899.389648,83.230469
7549,-11991.282227,-11947.907227,43.375000
7550,-10481.810547,-10409.219727,72.590820
7551,-11936.618164,-11915.566406,21.051758
7552,-9593.337891,-9587.705078,5.632812
7553,-11334.967773,-11373.412109,38.444336
7554,-8687.249023,-8866.448242,179.199219
7555,-12567.738281,-12650.896484,83.158203
7556,-10997.985352,-10969.503906,28.481445
7557,-12540.853516,-12488.780273,52.073242
7558,-10948.984375,-10970.068359,21.083984
7559,-11518.792969,-11512.156250,6.636719
7560,-11559.536133,-11512.190430,47.345703
7561,-10437.567383,-10463.688477,26.121094
7562,-9947.526367,-9958.341797,10.815430
7563,-12043.442383,-12013.816406,29.625977
7564,-10385.658203,-10398.311523,12.653320
7565,-11328.683594,-11374.239258,45.555664
7566,-11848.363281,-11776.876953,71.486328
7567,-11926.949219,-11915.909180,11.040039
7568,-12306.013672,-12247.072266,58.941406
7569,-11920.791992,-11912.973633,7.818359
7570,-9894.855469,-9429.284180,465.571289
7571,-12512.440430,-12489.392578,23.047852
7572,-9932.233398,-9957.440430,25.207031
7573,-9961.669922,-9901.259766,60.410156
7574,-9358.958984,-9360.193359,1.234375
7575,-11934.380859,-11948.579102,14.198242
7576,-10231.635742,-10831.264648,599.628906
7577,-8607.239258,-8518.769531,88.469727
7578,-11539.753906,-11543.652344,3.898438
7579,-11343.777344,-11374.736328,30.958984
7580,-11567.501953,-11543.606445,23.895508
7581,-12444.572266,-12386.252930,58.319336
7582,-12293.699219,-12318.890625,25.191406
7583,-11533.636719,-11510.663086,22.973633
7584,-11827.115234,-11811.777344,15.337891
7585,-11544.511719,-11439.687500,104.824219
7586,-10619.447266,-10533.083984,86.363281
7587,-10516.125000,-10532.915039,16.790039
7588,-8687.618164,-8831.256836,143.638672
7589,-11267.150391,-11212.774414,54.375977
7590,-10604.959961,-10567.033203,37.926758
7591,-11792.165039,-11778.758789,13.406250
7592,-11055.188477,-10971.126953,84.061523
7593,-12064.857422,-11980.737305,84.120117
7594,-13378.916016,-13329.679688,49.236328
7595,-10879.363281,-10873.484375,5.878906
7596,-10374.258789,-10362.596680,11.662109
7597,-13255.513672,-13227.416992,28.096680
7598,-10503.063477,-10429.438477,73.625000
7599,-11939.556641,-11947.307617,7.750977
7600,-8517.992188,-8519.343750,1.351562
7601,-8922.654297,-8831.151367,91.502930
7602,-9611.362305,-9554.514648,56.847656
7603,-12819.527344,-12822.345703,2.818359
7604,-11893.080078,-11844.531250,48.548828
7605,-10779.087891,-10766.827148,12.260742
7606,-11545.659180,-11542.922852,2.736328
7607,-12925.104492,-12893.747070,31.357422
7608,-10999.883789,-11002.883789,3.000000
7609,-10343.066406,-10362.402344,19.335938
7610,-11384.447266,-11406.367188,21.919922
7611,-11554.490234,-11576.831055,22.340820
7612,-10509.763672,-10499.382812,10.380859
7613,-11516.933594,-11511.639648,5.293945
7614,-12411.283203,-12351.938477,59.344727
7615,-9850.675781,-9868.223633,17.547852
7616,-12030.330078,-11979.895508,50.434570
7617,-11468.911133,-11810.987305,342.076172
7618,-12455.892578,-12488.869141,32.976562
7619,-9587.650391,-9554.531250,33.119141
7620,-12343.004883,-12447.320312,104.315430
7621,-11816.167969,-11844.394531,28.226562
7622,-9523.259766,-9556.003906,32.744141
7623,-10883.666992,-10867.417969,16.249023
7624,-12560.324219,-12522.289062,38.035156
7625,-12971.093750,-12959.153320,11.940430
7626,-9505.000977,-9586.904297,81.903320
7627,-11488.097656,-11475.741211,12.356445
7628,-10624.259766,-10539.728516,84.531250
7629,-11488.371094,-11543.739258,55.368164
7630,-12467.846680,-12386.291016,81.555664
7631,-10583.482422,-10566.706055,16.776367
7632,-10257.696289,-10337.784180,80.087891
7633,-10391.207031,-10430.084961,38.877930
7634,-12137.347656,-12488.765625,351.417969
7635,-9944.369141,-9933.501953,10.867188
7636,-10503.593750,-10465.392578,38.201172
7637,-9173.230469,-9326.817383,153.586914
7638,-11329.758789,-11340.780273,11.021484
7639,-11506.399414,-11543.679688,37.280273
7640,-8964.963867,-8857.102539,107.861328
7641,-9597.768555,-9497.517578,100.250977
7642,-9910.125000,-9923.866211,13.741211
7643,-11673.503906,-11740.055664,66.551758
7644,-10807.143555,-10832.345703,25.202148
7645,-11041.493164,-10970.976562,70.516602
7646,-12553.438477,-12555.381836,1.943359
7647,-12807.349609,-12893.216797,85.867188
7648,-10067.417969,-9933.848633,133.569336
7649,-11465.421875,-11479.632812,14.210938
7650,-10459.925781,-10339.032227,120.893555
7651,-11455.074219,-11406.955078,48.119141
7652,-11420.772461,-11370.756836,50.015625
7653,-9350.077148,-9360.794922,10.717773
7654,-11964.318359,-12013.377930,49.059570
7655,-9553.515625,-9555.119141,1.603516
7656,-12473.655273,-12457.519531,16.135742
7657,-9553.491211,-9529.395508,24.095703
7658,-11324.466797,-11340.668945,16.202148
7659,-11588.940430,-11509.791992,79.148438
7660,-11418.426758,-11407.491211,10.935547
7661,-10402.899414,-10394.820312,8.079102
7662,-11382.538086,-11372.943359,9.594727
7663,-8651.475586,-8452.239258,199.236328
7664,-12947.391602,-12958.406250,11.014648
7665,-9964.672852,-9957.771484,6.901367
7666,-9594.187500,-9588.326172,5.861328
7667,-11858.543945,-11845.205078,13.338867
7668,-11787.782227,-11844.267578,56.485352
7669,-11540.469727,-11512.207031,28.262695
7670,-11959.569336,-11915.376953,44.192383
7671,-10914.224609,-10936.377930,22.153320
7672,-10705.508789,-10770.345703,64.836914
7673,-11548.524414,-11510.317383,38.207031
7674,-10967.800781,-10937.254883,30.545898
7675,-10964.881836,-10968.112305,3.230469
7676,-11881.953125,-11979.705078,97.751953
7677,-12378.614258,-12385.817383,7.203125
7678,-8914.212891,-8832.000977,82.211914
7679,-11847.041016,-11809.190430,37.850586
7680,-10933.428711,-10903.149414,30.279297
7681,-10278.620117,-10433.729492,155.109375
7682,-11020.473633,-10968.953125,51.520508
7683,-12392.040039,-12386.454102,5.585938
7684,-9768.829102,-9704.921875,63.907227
7685,-10953.928711,-10879.676758,74.251953
7686,-10378.934570,-10507.280273,128.345703
7687,-11356.359375,-11373.895508,17.536133
7688,-11974.111328,-11948.033203,26.078125
7689,-8375.492188,-8452.296875,76.804688
7690,-11448.502930,-11453.522461,5.019531
7691,-13035.905273,-12992.455078,43.450195
7692,-11016.799805,-10969.019531,47.780273
7693,-10967.860352,-10969.092773,1.232422
7694,-10929.211914,-10935.331055,6.119141
7695,-11918.757812,-11913.408203,5.349609
7696,-11546.287109,-11577.408203,31.121094
7697,-10938.587891,-10970.180664,31.592773
7698,-10937.019531,-10937.755859,0.736328
7699,-11577.057617,-11509.654297,67.403320
7700,-10138.998047,-9870.023438,268.974609
7701,-10543.060547,-10498.730469,44.330078
7702,-10829.904297,-10865.845703,35.941406
7703,-10405.421875,-10396.015625,9.406250
7704,-11821.795898,-11810.785156,11.010742
7705,-11460.734375,-11476.155273,15.420898
7706,-10087.523438,-9990.274414,97.249023
7707,-9434.148438,-9463.858398,29.709961
7708,-10509.074219,-10500.941406,8.132812
7709,-10989.473633,-10968.596680,20.876953
7710,-10489.310547,-10534.316406,45.005859
7711,-10557.908203,-10532.357422,25.550781
7712,-14214.784180,-14099.226562,115.557617
7713,-11496.985352,-11511.413086,14.427734
7714,-10541.154297,-10497.034180,44.120117
7715,-10641.272461,-10566.270508,75.001953
7716,-12469.767578,-12519.899414,50.131836
7717,-9733.144531,-9809.067383,75.922852
7718,-8963.923828,-8728.898438,235.025391
7719,-11968.609375,-11982.611328,14.001953
7720,-10534.029297,-10499.275391,34.753906
7721,-13498.259766,-13464.844727,33.415039
7722,-9437.458984,-9406.458984,31.000000
7723,-11370.404297,-11376.287109,5.882812
7724,-12444.653320,-12451.434570,6.781250
7725,-11690.620117,-11746.609375,55.989258
7726,-8927.523438,-8854.314453,73.208984
7727,-10440.058594,-10426.373047,13.685547
7728,-10582.748047,-10499.552734,83.195312
7729,-11926.192383,-11915.359375,10.833008
7730,-9503.403320,-9489.509766,13.893555
7731,-11890.405273,-11811.466797,78.938477
7732,-10822.133789,-10800.962891,21.170898
7733,-12888.829102,-12926.373047,37.543945
7734,-9935.557617,-9959.837891,24.280273
7735,-11384.613281,-11405.753906,21.140625
7736,-11866.563477,-11915.472656,48.909180
7737,-11542.049805,-11544.007812,1.958008
7738,-9978.837891,-9992.880859,14.042969
7739,-11004.298828,-10968.995117,35.303711
7740,-10997.282227,-10967.875000,29.407227
7741,-11973.370117,-11947.093750,26.276367
7742,-10980.283203,-11002.289062,22.005859
7743,-11409.638672,-11374.685547,34.953125
7744,-9741.941406,-9867.505859,125.564453
7745,-10553.339844,-10501.180664,52.159180
7746,-12561.648438,-12683.096680,121.448242
7747,-10325.494141,-10443.201172,117.707031
7748,-10145.782227,-9899.274414,246.507812
7749,-12974.386719,-12992.118164,17.731445
7750,-11415.906250,-11485.575195,69.668945
7751,-11392.595703,-11373.173828,19.421875
7752,-10539.393555,-10531.909180,7.484375
7753,-12272.160156,-12247.493164,24.666992
7754,-10449.989258,-10429.188477,20.800781
7755,-10905.495117,-10934.772461,29.277344
7756,-11002.198242,-10969.642578,32.555664
7757,-11995.586914,-12014.733398,19.146484
7758,-12929.632812,-12926.019531,3.613281
7759,-9581.525391,-9589.056641,7.531250
7760,-11962.920898,-11947.162109,15.758789
7761,-12006.556641,-11945.883789,60.672852
7762,-11496.927734,-11543.628906,46.701172
7763,-10921.338867,-10903.576172,17.762695
7764,-10717.560547,-10743.168945,25.608398
7765,-9690.809570,-9841.058594,150.249023
7766,-10322.827148,-10361.757812,38.930664
7767,-11458.057617,-11317.090820,140.966797
7768,-11480.036133,-11407.758789,72.277344
7769,-9527.386719,-9522.402344,4.984375
7770,-10334.786133,-10337.754883,2.968750
7771,-11920.209961,-11948.263672,28.053711
7772,-12288.072266,-12281.046875,7.025391
7773,-11400.181641,-11440.181641,40.000000
7774,-9605.139648,-9497.382812,107.756836
7775,-12430.750000,-12384.822266,45.927734
7776,-10940.139648,-10937.082031,3.057617
7777,-9886.201172,-9900.655273,14.454102
7778,-10971.894531,-10937.739258,34.155273
7779,-13030.764648,-12959.065430,71.699219
7780,-11378.586914,-11405.534180,26.947266
7781,-10633.729492,-10631.679688,2.049805
7782,-11842.448242,-11811.050781,31.397461
7783,-10336.897461,-10395.942383,59.044922
7784,-10325.986328,-10365.140625,39.154297
7785,-9729.970703,-9326.602539,403.368164
7786,-11965.133789,-11948.412109,16.721680
7787,-10957.287109,-10969.220703,11.933594
7788,-10567.627930,-10566.394531,1.233398
7789,-11005.237305,-11001.588867,3.648438
7790,-12333.421875,-12384.961914,51.540039
7791,-11566.092773,-11511.327148,54.765625
7792,-12526.008789,-12486.531250,39.477539
7793,-11683.526367,-11674.878906,8.647461
7794,-11947.269531,-11949.096680,1.827148
7795,-9296.291992,-9462.895508,166.603516
7796,-8900.603516,-9329.444336,428.840820
7797,-10955.824219,-10969.212891,13.388672
7798,-10901.825195,-10905.365234,3.540039
7799,-10923.498047,-10939.355469,15.857422
7800,-13080.881836,-12958.963867,121.917969
7801,-10970.512695,-11003.229492,32.716797
7802,-10401.139648,-10364.641602,36.498047
7803,-11236.174805,-10879.581055,356.593750
7804,-10517.767578,-10533.223633,15.456055
7805,-12490.543945,-12520.770508,30.226562
7806,-11682.590820,-11484.351562,198.239258
7807,-10590.585938,-10565.229492,25.356445
7808,-9433.113281,-9529.208984,96.095703
7809,-11476.693359,-11509.212891,32.519531
7810,-10426.688477,-10396.815430,29.873047
7811,-11439.713867,-11408.054688,31.659180
7812,-12408.647461,-12352.259766,56.387695
7813,-11565.664062,-11510.053711,55.610352
7814,-11516.349609,-11543.610352,27.260742
7815,-12008.045898,-11948.607422,59.438477
7816,-9890.638672,-9890.935547,0.296875
7817,-10676.003906,-10406.822266,269.181641
7818,-11745.119141,-11753.283203,8.164062
7819,-9956.545898,-9797.462891,159.083008
7820,-11813.254883,-11810.768555,2.486328
7821,-10916.235352,-10936.792969,20.557617
7822,-9593.440430,-9555.883789,37.556641
7823,-10335.337891,-10328.233398,7.104492
7824,-9979.837891,-9991.273438,11.435547
7825,-10954.462891,-10969.102539,14.639648
7826,-10967.554688,-10937.661133,29.893555
7827,-11516.915039,-11544.868164,27.953125
7828,-10440.170898,-10474.750000,34.579102
7829,-10615.836914,-10598.267578,17.569336
7830,-11498.175781,-11512.309570,14.133789
7831,-10573.625977,-10532.077148,41.548828
7832,-11945.836914,-11915.641602,30.195312
7833,-9620.221680,-9587.545898,32.675781
7834,-10573.231445,-10531.998047,41.233398
7835,-11019.576172,-11001.246094,18.330078
7836,-10559.083008,-10533.133789,25.949219
7837,-10971.149414,-10970.621094,0.528320
7838,-9954.442383,-9959.829102,5.386719
7839,-10303.407227,-10371.019531,67.612305
7840,-11974.255859,-11947.122070,27.133789
7841,-10964.865234,-10971.370117,6.504883
7842,-9950.780273,-9990.677734,39.897461
7843,-11375.660156,-11406.534180,30.874023
7844,-13772.416016,-13904.753906,132.337891
7845,-11716.424805,-11708.314453,8.110352
7846,-11959.582031,-11917.109375,42.472656
7847,-11568.942383,-11543.757812,25.184570
7848,-10839.244141,-10834.211914,5.032227
7849,-12950.271484,-12925.964844,24.306641
7850,-11497.931641,-11477.049805,20.881836
7851,-8788.028320,-8452.470703,335.557617
7852,-11519.462891,-11509.050781,10.412109
7853,-12443.366211,-12456.231445,12.865234
7854,-10914.523438,-10902.678711,11.844727
7855,-12380.453125,-12385.614258,5.161133
7856,-12350.871094,-12351.893555,1.022461
7857,-10448.259766,-10443.033203,5.226562
7858,-11972.442383,-11946.933594,25.508789
7859,-12924.561523,-12894.296875,30.264648
7860,-11885.897461,-11947.950195,62.052734
7861,-11869.789062,-11844.233398,25.555664
7862,-11146.414062,-11203.771484,57.357422
7863,-12829.450195,-12925.328125,95.877930
7864,-11009.014648,-10969.648438,39.366211
7865,-12024.279297,-12030.156250,5.876953
7866,-9293.146484,-9133.012695,160.133789
7867,-10165.545898,-10350.494141,184.948242
7868,-10384.542969,-10473.452148,88.909180
7869,-11551.287109,-11510.455078,40.832031
7870,-9928.057617,-9958.475586,30.417969
7871,-9850.362305,-9764.810547,85.551758
7872,-11948.834961,-11913.541016,35.293945
7873,-12209.480469,-12248.867188,39.386719
7874,-11332.202148,-11341.921875,9.719727
7875,-9551.631836,-9521.299805,30.332031
7876,-10533.136719,-10430.272461,102.864258
7877,-10952.479492,-10937.760742,14.718750
7878,-9513.758789,-9496.333008,17.425781
7879,-10933.706055,-10934.958984,1.252930
7880,-12491.044922,-12419.370117,71.674805
7881,-12866.103516,-12861.662109,4.441406
7882,-12005.875977,-11980.154297,25.721680
7883,-12038.814453,-11948.869141,89.945312
7884,-11515.342773,-11510.872070,4.470703
7885,-10498.455078,-10499.449219,0.994141
7886,-11890.782227,-11915.296875,24.514648
7887,-11032.431641,-11001.387695,31.043945
7888,-12524.791016,-12486.330078,38.460938
7889,-12897.540039,-12926.109375,28.569336
7890,-11180.487305,-11174.404297,6.083008
7891,-12959.083984,-12926.463867,32.620117
7892,-10668.934570,-10361.757812,307.176758
7893,-10502.169922,-10531.090820,28.920898
7894,-12940.426758,-12959.488281,19.061523
7895,-9574.338867,-9589.139648,14.800781
7896,-11555.132812,-11576.232422,21.099609
7897,-10434.563477,-10430.394531,4.168945
7898,-12016.986328,-11980.308594,36.677734
7899,-12011.863281,-11980.703125,31.160156
7900,-9216.315430,-8988.257812,228.057617
7901,-12526.324219,-12423.873047,102.451172
7902,-10499.759766,-10498.165039,1.594727
7903,-11926.220703,-11979.537109,53.316406
7904,-11007.154297,-10878.970703,128.183594
7905,-15210.228516,-15180.596680,29.631836
7906,-10960.188477,-10935.540039,24.648438
7907,-12351.999023,-12353.083008,1.083984
7908,-10550.699219,-10533.081055,17.618164
7909,-11163.279297,-11510.214844,346.935547
7910,-11569.691406,-11543.331055,26.360352
7911,-11358.970703,-11342.291992,16.678711
7912,-10940.857422,-10936.868164,3.989258
7913,-10418.568359,-10360.482422,58.085938
7914,-11285.345703,-11337.230469,51.884766
7915,-12478.109375,-12487.158203,9.048828
7916,-10970.420898,-10970.471680,0.050781
7917,-11394.245117,-11179.983398,214.261719
7918,-11400.297852,-11373.256836,27.041016
7919,-11892.245117,-11916.083008,23.837891
7920,-10997.155273,-10969.346680,27.808594
7921,-11369.188477,-11408.478516,39.290039
7922,-9797.088867,-9864.899414,67.810547
7923,-12379.150391,-12384.617188,5.466797
7924,-11327.961914,-11341.924805,13.962891
7925,-10916.517578,-10904.997070,11.520508
7926,-10011.654297,-9990.999023,20.655273
7927,-10979.104492,-10937.048828,42.055664
7928,-12291.759766,-12349.112305,57.352539
7929,-11462.275391,-11407.734375,54.541016
7930,-9603.024414,-9620.973633,17.949219
7931,-10928.000000,-10904.858398,23.141602
7932,-6486.134277,-4275.330078,2210.804199
7933,-10538.607422,-10531.826172,6.781250
7934,-11386.434570,-11374.305664,12.128906
7935,-8550.109375,-8485.769531,64.339844
7936,-10897.747070,-10900.392578,2.645508
7937,-10681.415039,-10631.726562,49.688477
7938,-11424.257812,-11476.495117,52.237305
7939,-12415.646484,-12417.500000,1.853516
7940,-11414.765625,-11372.847656,41.917969
7941,-11954.870117,-11913.832031,41.038086
7942,-10875.244141,-10903.543945,28.299805
7943,-11389.421875,-11374.083984,15.337891
7944,-16102.884766,-15963.445312,139.439453
7945,-11490.891602,-11476.524414,14.367188
7946,-9610.702148,-9269.210938,341.491211
7947,-11994.676758,-11947.088867,47.587891
7948,-9788.888672,-9834.062500,45.173828
7949,-11321.873047,-11373.432617,51.559570
7950,-11811.298828,-11777.528320,33.770508
7951,-10593.626953,-10599.165039,5.538086
7952,-13034.536133,-12957.554688,76.981445
7953,-11966.581055,-11946.191406,20.389648
7954,-10519.998047,-10532.244141,12.246094
7955,-12926.290039,-12924.649414,1.640625
7956,-9510.960938,-9488.275391,22.685547
7957,-16390.859375,-16369.160156,21.699219
7958,-11461.394531,-11477.621094,16.226562
7959,-12466.805664,-12454.802734,12.002930
7960,-11150.932617,-10879.363281,271.569336
7961,-12038.505859,-11945.954102,92.551758
7962,-12444.628906,-12418.056641,26.572266
7963,-11385.791016,-11374.071289,11.719727
7964,-11011.587891,-11003.607422,7.980469
7965,-11510.542969,-11510.168945,0.374023
7966,-11814.479492,-11812.919922,1.559570
7967,-11543.391602,-11544.965820,1.574219
7968,-11501.813477,-11476.741211,25.072266
7969,-11893.804688,-11948.177734,54.373047
7970,-13441.802734,-13466.492188,24.689453
7971,-11993.921875,-11979.394531,14.527344
7972,-11028.884766,-11002.438477,26.446289
7973,-10701.702148,-10565.371094,136.331055
7974,-12380.543945,-12418.359375,37.815430
7975,-10976.515625,-10971.906250,4.609375
7976,-11932.724609,-11915.590820,17.133789
7977,-12022.492188,-11948.773438,73.718750
7978,-11730.832031,-11675.198242,55.633789
7979,-10539.194336,-10533.103516,6.090820
7980,-10467.101562,-10342.485352,124.616211
7981,-10588.728516,-10599.227539,10.499023
7982,-12538.208008,-12523.035156,15.172852
7983,-11006.421875,-10969.003906,37.417969
7984,-10998.446289,-11001.451172,3.004883
7985,-9540.058594,-9488.623047,51.435547
7986,-11966.216797,-11911.058594,55.158203
7987,-11857.734375,-11949.850586,92.116211
7988,-10922.884766,-10903.944336,18.940430
7989,-10491.410156,-10395.785156,95.625000
7990,-11979.350586,-11947.767578,31.583008
7991,-11541.706055,-11477.036133,64.669922
7992,-12890.640625,-12893.774414,3.133789
7993,-12449.318359,-12385.471680,63.846680
7994,-10981.856445,-10938.386719,43.469727
7995,-10812.230469,-10800.425781,11.804688
7996,-11611.955078,-11542.815430,69.139648
7997,-13716.521484,-13764.550781,48.029297
7998,-9990.527344,-10023.939453,33.412109
7999,-10929.545898,-10937.006836,7.460938
8000,-11985.677734,-11946.947266,38.730469
8001,-12897.251953,-12893.049805,4.202148
8002,-11398.050781,-11373.769531,24.281250
8003,-10499.647461,-10532.513672,32.866211
8004,-11201.609375,-11309.894531,108.285156
8005,-9569.331055,-9327.000000,242.331055
8006,-11367.021484,-11316.864258,50.157227
8007,-11545.759766,-11509.702148,36.057617
8008,-12537.058594,-12522.410156,14.648438
8009,-11342.040039,-11375.131836,33.091797
8010,-10587.718750,-10564.607422,23.111328
8011,-10491.720703,-10497.972656,6.251953
8012,-11413.883789,-11374.643555,39.240234
8013,-11274.643555,-11270.872070,3.771484
8014,-10914.294922,-10905.351562,8.943359
8015,-12486.023438,-12454.899414,31.124023
8016,-10995.765625,-10933.516602,62.249023
8017,-10952.158203,-10970.124023,17.965820
8018,-12393.896484,-12384.666016,9.230469
8019,-12404.231445,-12386.451172,17.780273
8020,-11858.494141,-11778.805664,79.688477
8021,-11979.767578,-11945.230469,34.537109
8022,-10960.625977,-10968.721680,8.095703
8023,-11466.633789,-11485.948242,19.314453
8024,-10930.341797,-10938.255859,7.914062
8025,-11132.046875,-10969.154297,162.892578
8026,-11417.164062,-11442.019531,24.855469
8027,-9050.622070,-8923.262695,127.359375
8028,-11521.666016,-11510.452148,11.213867
8029,-9997.466797,-9900.571289,96.895508
8030,-12948.457031,-12925.853516,22.603516
8031,-12129.556641,-11341.791016,787.765625
8032,-12863.000000,-12838.544922,24.455078
8033,-11481.960938,-11476.951172,5.009766
8034,-11241.912109,-11270.784180,28.872070
8035,-11407.944336,-11373.336914,34.607422
8036,-8091.824707,-8637.125977,545.301270
8037,-11864.013672,-11812.508789,51.504883
8038,-9998.094727,-9993.632812,4.461914
8039,-10935.909180,-11001.426758,65.517578
8040,-10390.170898,-10371.105469,19.065430
8041,-11417.650391,-11509.113281,91.462891
8042,-11870.812500,-11843.723633,27.088867
8043,-9680.006836,-9530.578125,149.428711
8044,-13413.734375,-13363.847656,49.886719
8045,-11576.785156,-11543.099609,33.685547
8046,-11931.668945,-11965.132812,33.463867
8047,-11528.157227,-11543.988281,15.831055
8048,-11560.559570,-11543.453125,17.106445
8049,-11335.464844,-11406.597656,71.132812
8050,-10631.480469,-10500.290039,131.190430
8051,-11927.016602,-11979.144531,52.127930
8052,-11550.550781,-11543.345703,7.205078
8053,-11427.406250,-11446.265625,18.859375
8054,-11288.965820,-11269.895508,19.070312
8055,-11546.170898,-11576.195312,30.024414
8056,-11493.106445,-11476.887695,16.218750
8057,-11948.580078,-11915.072266,33.507812
8058,-11755.202148,-11754.088867,1.113281
8059,-10762.596680,-10475.185547,287.411133
8060,-11974.944336,-11915.304688,59.639648
8061,-9972.574219,-9529.258789,443.315430
8062,-12549.574219,-12554.673828,5.099609
8063,-9987.671875,-9992.707031,5.035156
8064,-11985.509766,-11947.875977,37.633789
8065,-12522.792969,-12521.896484,0.896484
8066,-11613.708008,-11576.463867,37.244141
8067,-9917.358398,-9956.734375,39.375977
8068,-9586.477539,-9925.177734,338.700195
8069,-10832.250977,-10873.305664,41.054688
8070,-10536.942383,-10531.902344,5.040039
8071,-11020.329102,-10968.449219,51.879883
8072,-10894.916016,-10971.414062,76.498047
8073,-11778.188477,-11778.749023,0.560547
8074,-10535.561523,-10499.607422,35.954102
8075,-11015.664062,-10969.764648,45.899414
8076,-11487.294922,-11452.553711,34.741211
8077,-12488.592773,-12489.032227,0.439453
8078,-11550.015625,-11510.309570,39.706055
8079,-9959.008789,-9901.586914,57.421875
8080,-11968.435547,-11946.829102,21.606445
8081,-12494.699219,-12486.942383,7.756836
8082,-11931.331055,-11948.916992,17.585938
8083,-9279.783203,-9327.441406,47.658203
8084,-8445.765625,-8518.519531,72.753906
8085,-12440.020508,-12488.827148,48.806641
8086,-11893.109375,-11882.486328,10.623047
8087,-10404.550781,-10306.469727,98.081055
8088,-11582.945312,-11543.806641,39.138672
8089,-9704.771484,-9925.170898,220.399414
8090,-10946.367188,-10936.565430,9.801758
8091,-11946.596680,-11914.269531,32.327148
8092,-10577.031250,-10533.139648,43.891602
8093,-9578.081055,-9488.111328,89.969727
8094,-11508.025391,-11593.578125,85.552734
8095,-12779.919922,-12823.968750,44.048828
8096,-10593.741211,-10533.327148,60.414062
8097,-11703.273438,-11484.319336,218.954102
8098,-10532.412109,-10532.090820,0.321289
8099,-11897.551758,-11915.052734,17.500977
8100,-11372.912109,-11376.165039,3.252930
8101,-11011.769531,-10933.596680,78.172852
8102,-12033.385742,-12014.126953,19.258789
8103,-12517.385742,-12489.031250,28.354492
8104,-11988.694336,-11948.427734,40.266602
8105,-11026.193359,-10935.600586,90.592773
8106,-10403.065430,-10246.154297,156.911133
8107,-10414.120117,-10395.031250,19.088867
8108,-10192.601562,-10305.062500,112.460938
8109,-12327.973633,-12353.535156,25.561523
8110,-11970.761719,-11946.813477,23.948242
8111,-12008.863281,-11980.066406,28.796875
8112,-10767.864258,-10834.238281,66.374023
8113,-10399.004883,-10440.491211,41.486328
8114,-12100.482422,-12683.526367,583.043945
8115,-10837.774414,-10911.797852,74.023438
8116,-11502.846680,-11478.127930,24.718750
8117,-10566.686523,-10565.170898,1.515625
8118,-9922.687500,-9867.911133,54.776367
8119,-11821.350586,-11849.356445,28.005859
8120,-11988.117188,-12012.621094,24.503906
8121,-11665.583008,-11752.839844,87.256836
8122,-11542.813477,-11543.643555,0.830078
8123,-12032.579102,-11980.953125,51.625977
8124,-9537.529297,-9555.684570,18.155273
8125,-10963.118164,-10879.732422,83.385742
8126,-11441.100586,-11509.726562,68.625977
8127,-10543.145508,-10530.195312,12.950195
8128,-11531.264648,-11543.099609,11.834961
8129,-12473.228516,-12487.674805,14.446289
8130,-12512.673828,-12488.652344,24.021484
8131,-12438.712891,-12456.073242,17.360352
8132,-10576.275391,-10565.941406,10.333984
8133,-11670.154297,-11544.621094,125.533203
8134,-10890.851562,-10903.895508,13.043945
8135,-10462.897461,-10473.493164,10.595703
8136,-8367.185547,-8452.049805,84.864258
8137,-11350.281250,-11339.960938,10.320312
8138,-10549.088867,-10531.115234,17.973633
8139,-11489.608398,-11408.412109,81.196289
8140,-10985.873047,-10937.253906,48.619141
8141,-10017.922852,-9901.131836,116.791016
8142,-11296.590820,-11270.067383,26.523438
8143,-10361.469727,-10395.914062,34.444336
8144,-10944.549805,-10971.490234,26.940430
8145,-10944.344727,-10970.791992,26.447266
8146,-10967.937500,-10970.568359,2.630859
8147,-11363.974609,-11407.214844,43.240234
8148,-11706.848633,-11719.041992,12.193359
8149,-11918.525391,-11916.067383,2.458008
8150,-11433.149414,-11508.912109,75.762695
8151,-10801.053711,-10879.550781,78.497070
8152,-11444.997070,-11406.597656,38.399414
8153,-12939.151367,-12958.988281,19.836914
8154,-11899.968750,-11916.220703,16.251953
8155,-9796.361328,-9462.976562,333.384766
8156,-10851.356445,-10799.546875,51.809570
8157,-11552.408203,-11544.047852,8.360352
8158,-11563.725586,-11510.360352,53.365234
8159,-16453.898438,-16368.759766,85.138672
8160,-10860.380859,-10870.327148,9.946289
8161,-11914.078125,-11947.803711,33.725586
8162,-10675.503906,-10506.586914,168.916992
8163,-11293.045898,-11311.091797,18.045898
8164,-12901.379883,-12822.287109,79.092773
8165,-9579.602539,-9555.283203,24.319336
8166,-11067.584961,-11003.590820,63.994141
8167,-12006.589844,-12029.978516,23.388672
8168,-12351.955078,-12419.816406,67.861328
8169,-11453.598633,-11511.357422,57.758789
8170,-11020.313477,-11003.571289,16.742188
8171,-12441.071289,-12385.279297,55.791992
8172,-11585.404297,-11577.239258,8.165039
8173,-9490.751953,-9520.688477,29.936523
8174,-11528.289062,-11476.005859,52.283203
8175,-12955.548828,-12958.719727,3.170898
8176,-10641.128906,-10473.925781,167.203125
8177,-10354.529297,-10307.547852,46.981445
8178,-11997.544922,-11949.545898,47.999023
8179,-9006.447266,-8921.861328,84.585938
8180,-12814.876953,-12855.892578,41.015625
8181,-11440.928711,-11452.157227,11.228516
8182,-12027.240234,-11980.102539,47.137695
8183,-9442.763672,-9461.702148,18.938477
8184,-11920.474609,-11916.986328,3.488281
8185,-12328.011719,-12354.203125,26.191406
8186,-12733.915039,-12822.958984,89.043945
8187,-10565.795898,-10427.134766,138.661133
8188,-11984.689453,-11915.618164,69.071289
8189,-9425.701172,-9269.893555,155.807617
8190,-10890.236328,-10904.903320,14.666992
8191,-11558.070312,-11576.192383,18.122070
8192,-10934.919922,-10905.579102,29.340820
8193,-10908.085938,-10938.066406,29.980469
8194,-11596.091797,-11576.923828,19.167969
8195,-11350.169922,-11339.080078,11.089844
8196,-11977.297852,-11948.061523,29.236328
8197,-11469.280273,-11511.943359,42.663086
8198,-9607.482422,-9588.404297,19.078125
8199,-10524.393555,-10499.988281,24.405273
8200,-11982.763672,-11979.389648,3.374023
8201,-12936.737305,-12894.118164,42.619141
8202,-11994.231445,-11980.144531,14.086914
8203,-10836.665039,-10879.359375,42.694336
8204,-11970.509766,-11947.541016,22.968750
8205,-11452.129883,-11408.146484,43.983398
8206,-10930.982422,-10938.357422,7.375000
8207,-12000.420898,-11946.799805,53.621094
8208,-10391.416992,-10396.397461,4.980469
8209,-11528.347656,-11510.656250,17.691406
8210,-11956.011719,-11946.765625,9.246094
8211,-9964.536133,-9959.460938,5.075195
8212,-12450.837891,-12384.511719,66.326172
8213,-10879.840820,-10802.681641,77.159180
8214,-11855.788086,-11776.461914,79.326172
8215,-11428.949219,-11408.278320,20.670898
8216,-13690.859375,-13549.341797,141.517578
8217,-12010.074219,-11981.430664,28.643555
8218,-12041.019531,-11949.496094,91.523438
8219,-11938.926758,-11949.866211,10.939453
8220,-9916.559570,-9932.647461,16.087891
8221,-10357.208008,-10307.327148,49.880859
8222,-10546.063477,-10531.444336,14.619141
8223,-11125.335938,-11453.901367,328.565430
8224,-11018.349609,-11075.479492,57.129883
8225,-10846.589844,-10846.286133,0.303711
8226,-10389.492188,-10428.974609,39.482422
8227,-11552.754883,-11576.320312,23.565430
8228,-11550.669922,-11542.534180,8.135742
8229,-11912.633789,-11916.867188,4.233398
8230,-11453.114258,-11444.271484,8.842773
8231,-11901.277344,-11914.566406,13.289062
8232,-10967.815430,-10968.243164,0.427734
8233,-11570.500977,-11575.967773,5.466797
8234,-11360.235352,-11343.551758,16.683594
8235,-11277.502930,-11283.834961,6.332031
8236,-9267.645508,-9554.385742,286.740234
8237,-11557.130859,-11543.832031,13.298828
8238,-11008.050781,-11002.985352,5.065430
8239,-11510.236328,-11511.683594,1.447266
8240,-12878.439453,-12926.620117,48.180664
8241,-10943.333984,-10937.459961,5.874023
8242,-10513.101562,-10500.919922,12.181641
8243,-12383.134766,-12385.283203,2.148438
8244,-10507.143555,-10533.201172,26.057617
8245,-11509.385742,-11511.535156,2.149414
8246,-11350.893555,-11374.213867,23.320312
8247,-11333.296875,-11337.082031,3.785156
8248,-11503.502930,-11510.818359,7.315430
8249,-9529.663086,-9462.515625,67.147461
8250,-12005.363281,-11981.164062,24.199219
8251,-10578.533203,-10565.951172,12.582031
8252,-11977.631836,-11947.751953,29.879883
8253,-10917.485352,-10937.125000,19.639648
8254,-11642.750000,-11720.063477,77.313477
8255,-11536.479492,-11510.860352,25.619141
8256,-10947.303711,-10879.080078,68.223633
8257,-11472.136719,-11511.302734,39.166016
8258,-11491.846680,-11509.112305,17.265625
8259,-9928.201172,-9956.495117,28.293945
8260,-11908.755859,-11915.229492,6.473633
8261,-12003.073242,-11981.403320,21.669922
8262,-10944.608398,-10938.643555,5.964844
8263,-11919.281250,-11947.972656,28.691406
8264,-10964.614258,-10971.045898,6.431641
8265,-8728.956055,-8485.367188,243.588867
8266,-12320.273438,-12385.735352,65.461914
8267,-10716.081055,-10775.784180,59.703125
8268,-10960.726562,-10912.201172,48.525391
8269,-10537.709961,-10532.877930,4.832031
8270,-10953.617188,-10936.525391,17.091797
8271,-10286.135742,-10365.491211,79.355469
8272,-9508.354492,-9529.401367,21.046875
8273,-9972.970703,-9901.856445,71.114258
8274,-11906.959961,-11914.705078,7.745117
8275,-10536.785156,-10473.336914,63.448242
8276,-10533.755859,-10534.388672,0.632812
8277,-12316.693359,-12384.144531,67.451172
8278,-13840.383789,-13356.212891,484.170898
8279,-12367.492188,-12385.248047,17.755859
8280,-12009.550781,-11914.525391,95.025391
8281,-12568.040039,-12520.583984,47.456055
8282,-10264.333984,-10340.067383,75.733398
8283,-11579.274414,-11545.424805,33.849609
8284,-11808.754883,-11811.435547,2.680664
8285,-10951.443359,-10938.004883,13.438477
8286,-11540.711914,-11511.555664,29.156250
8287,-9851.937500,-9965.859375,113.921875
8288,-11591.765625,-11509.495117,82.270508
8289,-11542.973633,-11542.680664,0.292969
8290,-11205.053711,-11441.546875,236.493164
8291,-10615.231445,-10566.027344,49.204102
8292,-15959.277344,-15761.713867,197.563477
8293,-11310.103516,-11270.760742,39.342773
8294,-11959.230469,-11914.383789,44.846680
8295,-12337.287109,-12386.044922,48.757812
8296,-11921.083008,-11950.592773,29.509766
8297,-9797.267578,-9869.872070,72.604492
8298,-11988.002930,-11947.150391,40.852539
8299,-10503.541992,-10498.797852,4.744141
8300,-9889.435547,-9890.994141,1.558594
8301,-11985.183594,-11980.631836,4.551758
8302,-12528.513672,-12555.007812,26.494141
8303,-9694.165039,-9809.658203,115.493164
8304,-9543.832031,-9562.645508,18.813477
8305,-8852.758789,-8921.448242,68.689453
8306,-9955.875977,-9927.094727,28.781250
8307,-10362.082031,-10362.972656,0.890625
8308,-10473.150391,-10566.472656,93.322266
8309,-11768.408203,-11744.338867,24.069336
8310,-12949.926758,-12926.215820,23.710938
8311,-12431.148438,-12489.172852,58.024414
8312,-10994.723633,-11003.777344,9.053711
8313,-12905.089844,-12894.256836,10.833008
8314,-11918.143555,-11913.519531,4.624023
8315,-12842.598633,-12925.439453,82.840820
8316,-9484.698242,-9554.107422,69.409180
8317,-13060.453125,-13007.465820,52.987305
8318,-13252.940430,-13228.670898,24.269531
8319,-9592.275391,-9554.481445,37.793945
8320,-10522.826172,-10533.125000,10.298828
8321,-14768.115234,-14516.166016,251.949219
8322,-11417.379883,-11407.305664,10.074219
8323,-10519.643555,-10465.333984,54.309570
8324,-9532.810547,-9521.197266,11.613281
8325,-10079.267578,-9903.081055,176.186523
8326,-11234.388672,-11510.023438,275.634766
8327,-11500.647461,-11476.754883,23.892578
8328,-10881.593750,-10905.436523,23.842773
8329,-11015.095703,-10969.088867,46.006836
8330,-10401.057617,-10372.579102,28.478516
8331,-10972.241211,-10970.851562,1.389648
8332,-12380.780273,-12351.716797,29.063477
8333,-11547.676758,-11509.879883,37.796875
8334,-11324.735352,-11349.339844,24.604492
8335,-9564.485352,-9429.752930,134.732422
8336,-10157.500977,-10336.437500,178.936523
8337,-11106.708984,-11179.326172,72.617188
8338,-12454.191406,-12521.187500,66.996094
8339,-13580.138672,-13499.000977,81.137695
8340,-9897.355469,-9924.243164,26.887695
8341,-11712.739258,-11707.341797,5.397461
8342,-10488.246094,-10466.426758,21.819336
8343,-11867.938477,-11876.542969,8.604492
8344,-12459.884766,-12521.201172,61.316406
8345,-10845.454102,-10834.032227,11.421875
8346,-11000.945312,-11001.890625,0.945312
8347,-10998.815430,-10911.299805,87.515625
8348,-12030.603516,-11981.163086,49.440430
8349,-8901.233398,-9164.949219,263.715820
8350,-12974.215820,-12926.217773,47.998047
8351,-12458.555664,-12488.236328,29.680664
8352,-12133.955078,-12287.675781,153.720703
8353,-12406.413086,-12385.682617,20.730469
8354,-11543.543945,-11511.751953,31.791992
8355,-12818.141602,-12787.571289,30.570312
8356,-12234.994141,-12250.229492,15.235352
8357,-10877.339844,-10877.754883,0.415039
8358,-10436.653320,-10499.044922,62.391602
8359,-7770.143555,-7821.665527,51.521973
8360,-11921.856445,-11946.026367,24.169922
8361,-7646.187500,-7762.767578,116.580078
8362,-10927.650391,-10938.336914,10.686523
8363,-11411.258789,-11440.538086,29.279297
8364,-11971.544922,-11948.291016,23.253906
8365,-10903.699219,-10938.838867,35.139648
8366,-11511.117188,-11509.429688,1.687500
8367,-12508.988281,-12487.923828,21.064453
8368,-10582.861328,-10532.980469,49.880859
8369,-12509.666016,-12521.503906,11.837891
8370,-13418.898438,-13364.192383,54.706055
8371,-9905.613281,-9900.378906,5.234375
8372,-10978.523438,-10969.859375,8.664062
8373,-11829.491211,-11848.789062,19.297852
8374,-11894.213867,-11882.185547,12.028320
8375,-11010.064453,-10968.705078,41.359375
8376,-10536.701172,-10531.947266,4.753906
8377,-11535.374023,-11543.732422,8.358398
8378,-10609.855469,-10566.438477,43.416992
8379,-11370.130859,-11442.953125,72.822266
8380,-7701.693359,-7854.524902,152.831543
8381,-11039.545898,-11001.972656,37.573242
8382,-11355.273438,-11374.237305,18.963867
8383,-9396.634766,-9429.281250,32.646484
8384,-10536.702148,-10532.277344,4.424805
8385,-11087.518555,-11034.958984,52.559570
8386,-10881.961914,-10938.409180,56.447266
8387,-10587.052734,-10532.416016,54.636719
8388,-10987.121094,-10969.805664,17.315430
8389,-11769.691406,-11812.076172,42.384766
8390,-10551.401367,-10565.155273,13.753906
8391,-11332.967773,-11485.055664,152.087891
8392,-11363.225586,-11439.975586,76.750000
8393,-9499.627930,-9471.196289,28.431641
8394,-9948.773438,-9924.906250,23.867188
8395,-10618.508789,-10598.409180,20.099609
8396,-11951.914062,-11980.265625,28.351562
8397,-11997.132812,-11981.025391,16.107422
8398,-11941.652344,-11949.470703,7.818359
8399,-11981.375977,-11982.287109,0.911133
8400,-10858.685547,-10870.234375,11.548828
8401,-8550.597656,-8452.250000,98.347656
8402,-10670.703125,-10533.005859,137.697266
8403,-10997.928711,-10968.293945,29.634766
8404,-11939.454102,-11946.147461,6.693359
8405,-9583.459961,-9554.276367,29.183594
8406,-12930.348633,-12992.013672,61.665039
8407,-11915.028320,-11916.061523,1.033203
8408,-11502.588867,-11477.500000,25.088867
8409,-11523.013672,-11510.585938,12.427734
8410,-10302.388672,-10234.262695,68.125977
8411,-11544.016602,-11512.306641,31.709961
8412,-12445.715820,-12383.916016,61.799805
8413,-11923.896484,-11916.666016,7.230469
8414,-10978.227539,-10970.473633,7.753906
8415,-11327.370117,-11372.250000,44.879883
8416,-10604.452148,-10565.076172,39.375977
8417,-10918.321289,-10872.935547,45.385742
8418,-10789.569336,-10801.514648,11.945312
8419,-10654.041992,-10774.982422,120.940430
8420,-8930.792969,-8921.731445,9.061523
8421,-11962.810547,-11979.548828,16.738281
8422,-11343.045898,-11310.315430,32.730469
8423,-11519.155273,-11510.909180,8.246094
8424,-12565.220703,-12520.916016,44.304688
8425,-10378.378906,-10296.545898,81.833008
8426,-11472.527344,-11408.026367,64.500977
8427,-9240.634766,-8857.503906,383.130859
8428,-9538.845703,-9602.207031,63.361328
8429,-12500.156250,-12489.842773,10.313477
8430,-10590.993164,-10566.150391,24.842773
8431,-9956.393555,-9991.628906,35.235352
8432,-12445.176758,-12554.648438,109.471680
8433,-11963.054688,-11948.123047,14.931641
8434,-11010.810547,-11004.018555,6.791992
8435,-10389.077148,-10473.653320,84.576172
8436,-12038.074219,-12030.245117,7.829102
8437,-10694.020508,-10565.487305,128.533203
8438,-9540.412109,-9554.703125,14.291016
8439,-11891.142578,-11913.087891,21.945312
8440,-10305.611328,-10598.279297,292.667969
8441,-9998.907227,-9965.542969,33.364258
8442,-10540.646484,-10532.069336,8.577148
8443,-10493.500977,-10500.180664,6.679688
8444,-10930.194336,-10829.459961,100.734375
8445,-10941.807617,-10936.997070,4.810547
8446,-12498.857422,-12487.523438,11.333984
8447,-11905.065430,-11912.948242,7.882812
8448,-10815.772461,-10834.302734,18.530273
8449,-11540.166992,-11510.859375,29.307617
8450,-11966.742188,-12013.068359,46.326172
8451,-10498.706055,-10500.298828,1.592773
8452,-10558.018555,-10499.939453,58.079102
8453,-12500.619141,-12466.475586,34.143555
8454,-9929.401367,-9869.030273,60.371094
8455,-12438.977539,-12352.100586,86.876953
8456,-11896.262695,-11914.337891,18.075195
8457,-12449.247070,-12454.754883,5.507812
8458,-11783.010742,-11779.117188,3.893555
8459,-11927.275391,-11915.464844,11.810547
8460,-9156.122070,-8890.411133,265.710938
8461,-10605.289062,-10566.562500,38.726562
8462,-9839.908203,-9901.343750,61.435547
8463,-12401.977539,-12384.160156,17.817383
8464,-10989.219727,-10969.778320,19.441406
8465,-13571.526367,-13499.157227,72.369141
8466,-12018.045898,-12014.458984,3.586914
8467,-10950.008789,-10970.488281,20.479492
8468,-9200.934570,-9296.715820,95.781250
8469,-12376.076172,-12352.800781,23.275391
8470,-8963.000977,-8888.641602,74.359375
8471,-11914.939453,-11915.578125,0.638672
8472,-11891.875977,-11949.432617,57.556641
8473,-12488.490234,-12487.916992,0.573242
8474,-12900.816406,-12925.600586,24.784180
8475,-8612.099609,-8393.903320,218.196289
8476,-9664.312500,-9733.494141,69.181641
8477,-10582.489258,-10497.434570,85.054688
8478,-11454.452148,-11406.553711,47.898438
8479,-9927.904297,-9957.276367,29.372070
8480,-12355.586914,-12385.198242,29.611328
8481,-12499.648438,-12486.831055,12.817383
8482,-11369.838867,-11374.061523,4.222656
8483,-10826.480469,-10905.251953,78.771484
8484,-10528.548828,-10440.953125,87.595703
8485,-10606.217773,-10598.446289,7.771484
8486,-12352.151367,-12353.335938,1.184570
8487,-12424.272461,-12418.000977,6.271484
8488,-10941.785156,-10936.107422,5.677734
8489,-11022.580078,-11004.042969,18.537109
8490,-8818.994141,-8833.528320,14.534180
8491,-11022.558594,-10969.434570,53.124023
8492,-12432.455078,-12488.633789,56.178711
8493,-9955.744141,-9957.892578,2.148438
8494,-11388.251953,-11439.617188,51.365234
8495,-12010.029297,-12013.617188,3.587891
8496,-10783.959961,-10878.214844,94.254883
8497,-9420.543945,-9495.230469,74.686523
8498,-13350.810547,-13332.369141,18.441406
8499,-9522.912109,-9496.280273,26.631836
8500,-10425.541992,-10339.352539,86.189453
8501,-11757.687500,-11844.325195,86.637695
8502,-11536.126953,-11544.291016,8.164062
8503,-11573.875000,-11576.187500,2.312500
8504,-8456.804688,-8227.469727,229.334961
8505,-11545.923828,-11479.034180,66.889648
8506,-10933.705078,-10937.462891,3.757812
8507,-11521.309570,-11478.710938,42.598633
8508,-10524.196289,-10533.954102,9.757812
8509,-12898.610352,-13007.605469,108.995117
8510,-10529.704102,-10532.846680,3.142578
8511,-11963.898438,-11947.977539,15.920898
8512,-12312.740234,-12352.760742,40.020508
8513,-10010.552734,-9866.823242,143.729492
8514,-10066.208008,-9934.596680,131.611328
8515,-12233.314453,-12247.918945,14.604492
8516,-10602.551758,-10599.694336,2.857422
8517,-9915.536133,-9719.137695,196.398438
8518,-11879.116211,-11884.449219,5.333008
8519,-11570.903320,-11543.796875,27.106445
8520,-10425.533203,-10397.961914,27.571289
8521,-11380.007812,-11478.187500,98.179688
8522,-8523.576172,-8485.487305,38.088867
8523,-10508.899414,-10532.838867,23.939453
8524,-9580.254883,-9555.040039,25.214844
8525,-9881.644531,-9530.220703,351.423828
8526,-9946.359375,-9959.721680,13.362305
8527,-11579.088867,-11544.768555,34.320312
8528,-13019.775391,-12958.580078,61.195312
8529,-12514.927734,-12521.403320,6.475586
8530,-10638.319336,-10838.738281,200.418945
8531,-12393.016602,-12385.388672,7.627930
8532,-10955.859375,-10937.733398,18.125977
8533,-11924.531250,-11947.519531,22.988281
8534,-11338.850586,-11375.473633,36.623047
8535,-12308.242188,-12520.523438,212.281250
8536,-11700.314453,-11780.094727,79.780273
8537,-9557.043945,-9555.766602,1.277344
8538,-11429.523438,-11406.658203,22.865234
8539,-10537.883789,-10565.625000,27.741211
8540,-11481.313477,-11509.219727,27.906250
8541,-11745.658203,-11844.240234,98.582031
8542,-10895.879883,-10901.466797,5.586914
8543,-10480.080078,-10499.508789,19.428711
8544,-11381.045898,-11373.628906,7.416992
8545,-11059.198242,-10936.999023,122.199219
8546,-9974.620117,-9957.489258,17.130859
8547,-10533.786133,-10533.341797,0.444336
8548,-10672.158203,-10531.628906,140.529297
8549,-11480.017578,-11444.866211,35.151367
8550,-11452.713867,-11517.924805,65.210938
8551,-10424.422852,-10462.364258,37.941406
8552,-10572.649414,-10566.059570,6.589844
8553,-11372.316406,-11811.310547,438.994141
8554,-13080.929688,-12895.764648,185.165039
8555,-10918.788086,-10935.807617,17.019531
8556,-11517.528320,-11509.707031,7.821289
8557,-10971.740234,-10837.615234,134.125000
8558,-11500.279297,-11479.875000,20.404297
8559,-11465.435547,-11477.663086,12.227539
8560,-12001.964844,-11980.982422,20.982422
8561,-10559.204102,-10532.072266,27.131836
8562,-13009.832031,-12959.793945,50.038086
8563,-10499.973633,-10498.961914,1.011719
8564,-12322.796875,-12320.375977,2.420898
8565,-11030.415039,-10880.181641,150.233398
8566,-10969.128906,-10936.276367,32.852539
8567,-10396.162109,-10396.121094,0.041016
8568,-11349.463867,-11340.993164,8.470703
8569,-9393.608398,-9429.762695,36.154297
8570,-10538.105469,-10498.636719,39.468750
8571,-11090.342773,-11034.909180,55.433594
8572,-11683.901367,-11675.818359,8.083008
8573,-12971.206055,-12958.086914,13.119141
8574,-10942.554688,-10933.671875,8.882812
8575,-10760.476562,-10771.002930,10.526367
8576,-10479.981445,-10473.377930,6.603516
8577,-12564.491211,-12522.282227,42.208984
8578,-10537.114258,-10532.297852,4.816406
8579,-10982.222656,-10969.497070,12.725586
8580,-11470.030273,-11479.281250,9.250977
8581,-12361.400391,-12384.318359,22.917969
8582,-10031.776367,-9990.862305,40.914062
8583,-12541.967773,-12485.049805,56.917969
8584,-12532.917969,-12553.740234,20.822266
8585,-10390.512695,-10430.084961,39.572266
8586,-10482.891602,-10498.270508,15.378906
8587,-12485.113281,-12520.486328,35.373047
8588,-10612.608398,-10533.420898,79.187500
8589,-11681.064453,-11812.955078,131.890625
8590,-10529.264648,-10533.148438,3.883789
8591,-10939.874023,-10937.730469,2.143555
8592,-10536.546875,-10534.379883,2.166992
8593,-10521.552734,-10497.548828,24.003906
8594,-10864.980469,-10800.753906,64.226562
8595,-11767.771484,-11881.948242,114.176758
8596,-11023.248047,-10969.283203,53.964844
8597,-9872.304688,-9958.077148,85.772461
8598,-12563.673828,-12521.924805,41.749023
8599,-10175.776367,-10304.196289,128.419922
8600,-12558.448242,-12489.766602,68.681641
8601,-11438.741211,-11407.853516,30.887695
8602,-11545.049805,-10878.578125,666.471680
8603,-12507.589844,-12520.842773,13.252930
8604,-12514.183594,-12519.816406,5.632812
8605,-10038.685547,-9959.660156,79.025391
8606,-12959.177734,-12925.625000,33.552734
8607,-10571.600586,-10565.747070,5.853516
8608,-10490.369141,-10534.001953,43.632812
8609,-11558.429688,-11542.773438,15.656250
8610,-11922.016602,-11948.607422,26.590820
8611,-12914.632812,-12926.518555,11.885742
8612,-10980.759766,-10969.089844,11.669922
8613,-12542.895508,-12553.958008,11.062500
8614,-12444.262695,-12385.704102,58.558594
8615,-12567.350586,-12570.707031,3.356445
8616,-9621.139648,-9587.632812,33.506836
8617,-9362.883789,-9430.014648,67.130859
8618,-9783.009766,-9733.314453,49.695312
8619,-12500.365234,-12489.737305,10.627930
8620,-11483.478516,-11510.909180,27.430664
8621,-11019.947266,-10968.843750,51.103516
8622,-11350.062500,-11407.905273,57.842773
8623,-10522.083008,-10532.771484,10.688477
8624,-13402.937500,-13468.294922,65.357422
8625,-11562.829102,-11510.164062,52.665039
8626,-12912.723633,-12894.212891,18.510742
8627,-10851.185547,-10868.502930,17.317383
8628,-10541.461914,-10598.442383,56.980469
8629,-11978.155273,-11915.700195,62.455078
8630,-11941.407227,-11946.541992,5.134766
8631,-11358.456055,-11376.051758,17.595703
8632,-11054.019531,-11001.690430,52.329102
8633,-10929.230469,-10933.848633,4.618164
8634,-11269.666992,-11342.352539,72.685547
8635,-11938.799805,-11948.639648,9.839844
8636,-9076.936523,-8897.344727,179.591797
8637,-10575.336914,-10564.485352,10.851562
8638,-12343.288086,-12419.101562,75.813477
8639,-11545.985352,-11477.949219,68.036133
8640,-10970.036133,-10968.003906,2.032227
8641,-10695.947266,-10775.334961,79.387695
8642,-12338.301758,-12319.179688,19.122070
8643,-10842.434570,-10800.923828,41.510742
8644,-11826.466797,-11844.144531,17.677734
8645,-12375.096680,-12318.747070,56.349609
8646,-11580.566406,-11510.424805,70.141602
8647,-10992.876953,-10970.026367,22.850586
8648,-11879.746094,-11778.188477,101.557617
8649,-10873.456055,-10848.038086,25.417969
8650,-12904.775391,-12823.229492,81.545898
8651,-8376.402344,-8452.017578,75.615234
8652,-11522.391602,-11510.586914,11.804688
8653,-10784.416016,-10832.045898,47.629883
8654,-10579.523438,-10533.454102,46.069336
8655,-12997.858398,-12927.335938,70.522461
8656,-10744.615234,-10768.458008,23.842773
8657,-9957.075195,-9957.760742,0.685547
8658,-10214.969727,-10472.763672,257.793945
8659,-10554.529297,-10532.920898,21.608398
8660,-10933.652344,-10933.777344,0.125000
8661,-12429.651367,-12487.662109,58.010742
8662,-11524.395508,-11511.259766,13.135742
8663,-10942.502930,-10903.555664,38.947266
8664,-10931.083008,-10906.688477,24.394531
8665,-8520.566406,-8394.903320,125.663086
8666,-10909.711914,-10905.337891,4.374023
8667,-11231.681641,-11452.236328,220.554688
8668,-9453.583008,-9371.776367,81.806641
8669,-11894.302734,-11915.526367,21.223633
8670,-9909.472656,-9731.169922,178.302734
8671,-11952.529297,-11947.909180,4.620117
8672,-10534.373047,-10507.411133,26.961914
8673,-11445.543945,-11406.569336,38.974609
8674,-10570.333008,-10566.397461,3.935547
8675,-11495.431641,-11511.395508,15.963867
8676,-10872.609375,-10879.759766,7.150391
8677,-11526.663086,-11543.310547,16.647461
8678,-11454.363281,-11478.736328,24.373047
8679,-11437.561523,-11316.525391,121.036133
8680,-11063.797852,-11036.345703,27.452148
8681,-10535.833008,-10533.751953,2.081055
8682,-10937.257812,-10903.500000,33.757812
8683,-10019.433594,-9956.568359,62.865234
8684,-10229.737305,-10370.953125,141.215820
8685,-10915.680664,-10902.262695,13.417969
8686,-10557.634766,-10532.947266,24.687500
8687,-11536.582031,-11510.298828,26.283203
8688,-10256.486328,-10170.488281,85.998047
8689,-13385.439453,-13363.984375,21.455078
8690,-12004.783203,-11980.181641,24.601562
8691,-11353.725586,-11339.430664,14.294922
8692,-9553.841797,-9521.251953,32.589844
8693,-11889.135742,-11843.971680,45.164062
8694,-11337.205078,-11342.929688,5.724609
8695,-10594.433594,-10533.527344,60.906250
8696,-12006.741211,-11948.365234,58.375977
8697,-10523.410156,-10506.920898,16.489258
8698,-10964.326172,-10936.649414,27.676758
8699,-11403.833984,-11372.997070,30.836914
8700,-9712.449219,-9497.106445,215.342773
8701,-10556.692383,-10533.621094,23.071289
8702,-9605.582031,-9588.704102,16.877930
8703,-10380.470703,-10396.121094,15.650391
8704,-11048.550781,-11001.721680,46.829102
8705,-11809.458984,-11810.318359,0.859375
8706,-10572.064453,-10565.951172,6.113281
8707,-11914.445312,-11945.987305,31.541992
8708,-9507.280273,-9520.109375,12.829102
8709,-11045.469727,-11003.522461,41.947266
8710,-11458.962891,-11444.895508,14.067383
8711,-9485.929688,-9529.950195,44.020508
8712,-11483.629883,-11510.751953,27.122070
8713,-11554.111328,-11543.158203,10.953125
8714,-11775.430664,-11779.384766,3.954102
8715,-11880.232422,-11754.028320,126.204102
8716,-11354.640625,-11374.231445,19.590820
8717,-11930.248047,-11948.618164,18.370117
8718,-11018.353516,-11001.713867,16.639648
8719,-9591.976562,-9497.291992,94.684570
8720,-11496.421875,-11542.546875,46.125000
8721,-11328.882812,-11342.606445,13.723633
8722,-9860.897461,-9967.926758,107.029297
8723,-10043.349609,-10025.921875,17.427734
8724,-12030.525391,-11979.439453,51.085938
8725,-9767.537109,-9900.551758,133.014648
8726,-12486.845703,-12454.708008,32.137695
8727,-10978.293945,-10969.769531,8.524414
8728,-12275.520508,-12288.933594,13.413086
8729,-9695.862305,-9529.041992,166.820312
8730,-10948.041016,-10904.660156,43.380859
8731,-10460.978516,-10500.116211,39.137695
8732,-11814.382812,-11812.146484,2.236328
8733,-12095.632812,-12012.872070,82.760742
8734,-11975.442383,-11949.080078,26.362305
8735,-12964.662109,-12975.266602,10.604492
8736,-11381.388672,-11375.238281,6.150391
8737,-8836.414062,-8856.572266,20.158203
8738,-11947.059570,-11947.570312,0.510742
8739,-10602.680664,-10566.671875,36.008789
8740,-11533.750000,-11544.403320,10.653320
8741,-8682.984375,-8552.835938,130.148438
8742,-12978.121094,-12926.159180,51.961914
8743,-11558.634766,-11543.052734,15.582031
8744,-12840.170898,-12925.244141,85.073242
8745,-10960.364258,-10970.620117,10.255859
8746,-10822.564453,-10802.438477,20.125977
8747,-11552.833984,-11609.333984,56.500000
8748,-11989.307617,-11946.321289,42.986328
8749,-12062.678711,-11978.778320,83.900391
8750,-11563.297852,-11544.133789,19.164062
8751,-9460.237305,-9463.979492,3.742188
8752,-11991.548828,-11981.578125,9.970703
8753,-10584.011719,-10565.423828,18.587891
8754,-8021.104492,-7854.758301,166.346191
8755,-10496.655273,-10497.979492,1.324219
8756,-12497.676758,-12490.010742,7.666016
8757,-12853.195312,-12895.294922,42.099609
8758,-10500.082031,-10497.730469,2.351562
8759,-11553.753906,-11575.729492,21.975586
8760,-14917.382812,-15357.625000,440.242188
8761,-10872.085938,-10833.349609,38.736328
8762,-10616.646484,-10565.993164,50.653320
8763,-9992.401367,-9956.721680,35.679688
8764,-12425.697266,-12386.600586,39.096680
8765,-10895.415039,-10866.117188,29.297852
8766,-11995.166016,-11936.508789,58.657227
8767,-10551.907227,-10533.682617,18.224609
8768,-12257.971680,-12319.556641,61.584961
8769,-10593.960938,-10533.576172,60.384766
8770,-12432.892578,-12385.082031,47.810547
8771,-10431.218750,-10364.271484,66.947266
8772,-10958.345703,-10934.181641,24.164062
8773,-12520.411133,-12488.550781,31.860352
8774,-11885.203125,-11915.588867,30.385742
8775,-11325.889648,-11343.684570,17.794922
8776,-10967.201172,-10881.604492,85.596680
8777,-10963.208984,-10936.611328,26.597656
8778,-10488.748047,-10535.067383,46.319336
8779,-10413.877930,-10433.507812,19.629883
8780,-12958.607422,-12893.718750,64.888672
8781,-10633.407227,-10506.417969,126.989258
8782,-10638.693359,-10637.716797,0.976562
8783,-10915.527344,-10936.172852,20.645508
8784,-12855.726562,-12914.573242,58.846680
8785,-11951.703125,-11945.876953,5.826172
8786,-11948.769531,-11915.108398,33.661133
8787,-11509.299805,-11508.569336,0.730469
8788,-10333.767578,-10328.539062,5.228516
8789,-12503.324219,-12520.292969,16.968750
8790,-11535.657227,-11575.819336,40.162109
8791,-10900.077148,-10911.875000,11.797852
8792,-11844.379883,-11913.396484,69.016602
8793,-11750.026367,-11844.191406,94.165039
8794,-11275.993164,-11205.154297,70.838867
8795,-10481.881836,-10475.706055,6.175781
8796,-11909.082031,-11914.550781,5.468750
8797,-9906.110352,-9868.747070,37.363281
8798,-9548.410156,-9553.476562,5.066406
8799,-11935.813477,-11947.671875,11.858398
8800,-11445.039062,-11479.066406,34.027344
8801,-11585.689453,-11543.185547,42.503906
8802,-11927.629883,-11915.226562,12.403320
8803,-11378.161133,-11443.129883,64.968750
8804,-11029.994141,-10969.542969,60.451172
8805,-12222.023438,-12247.647461,25.624023
8806,-10412.318359,-10465.489258,53.170898
8807,-10350.060547,-10362.847656,12.787109
8808,-11384.853516,-11373.250977,11.602539
8809,-12360.186523,-12354.867188,5.319336
8810,-11087.481445,-10938.224609,149.256836
8811,-10165.072266,-10274.405273,109.333008
8812,-12371.257812,-12385.052734,13.794922
8813,-10925.425781,-10938.699219,13.273438
8814,-11538.845703,-11511.492188,27.353516
8815,-10552.887695,-10531.423828,21.463867
8816,-10544.624023,-10532.964844,11.659180
8817,-10821.197266,-10801.390625,19.806641
8818,-11000.578125,-10968.526367,32.051758
8819,-10540.755859,-10533.441406,7.314453
8820,-11389.949219,-11510.217773,120.268555
8821,-11362.358398,-11406.102539,43.744141
8822,-9961.568359,-9933.267578,28.300781
8823,-10409.151367,-10395.058594,14.092773
8824,-9943.446289,-9926.404297,17.041992
8825,-11337.325195,-11376.858398,39.533203
8826,-12763.415039,-12791.385742,27.970703
8827,-11405.215820,-11405.492188,0.276367
8828,-11451.630859,-11408.383789,43.247070
8829,-11867.556641,-11879.996094,12.439453
8830,-10522.241211,-10533.118164,10.876953
8831,-10054.761719,-10533.459961,478.698242
8832,-12007.927734,-11980.129883,27.797852
8833,-12516.562500,-12522.895508,6.333008
8834,-11885.046875,-11915.617188,30.570312
8835,-10534.796875,-10440.649414,94.147461
8836,-9738.736328,-9497.228516,241.507812
8837,-12500.508789,-12488.925781,11.583008
8838,-10445.776367,-10395.108398,50.667969
8839,-9572.618164,-8954.733398,617.884766
8840,-11556.030273,-11542.945312,13.084961
8841,-10859.832031,-10798.690430,61.141602
8842,-9906.497070,-9923.987305,17.490234
8843,-12407.300781,-12417.460938,10.160156
8844,-10450.029297,-10474.514648,24.485352
8845,-11521.196289,-11543.732422,22.536133
8846,-12887.209961,-12893.747070,6.537109
8847,-11570.680664,-11511.239258,59.441406
8848,-9834.708984,-9901.312500,66.603516
8849,-11493.919922,-11511.168945,17.249023
8850,-10485.342773,-10441.020508,44.322266
8851,-11576.675781,-11576.917969,0.242188
8852,-10570.929688,-10564.245117,6.684570
8853,-11861.840820,-11810.278320,51.562500
8854,-10988.889648,-10938.871094,50.018555
8855,-11390.224609,-11373.548828,16.675781
8856,-10603.087891,-10531.838867,71.249023
8857,-10937.410156,-10936.554688,0.855469
8858,-10612.518555,-10533.028320,79.490234
8859,-9988.779297,-9992.274414,3.495117
8860,-12405.602539,-12522.224609,116.622070
8861,-12051.851562,-12145.327148,93.475586
8862,-9847.871094,-9933.681641,85.810547
8863,-10381.703125,-10333.572266,48.130859
8864,-9649.009766,-9529.339844,119.669922
8865,-13060.877930,-12894.834961,166.042969
8866,-11542.695312,-11543.684570,0.989258
8867,-11013.342773,-10969.735352,43.607422
8868,-11770.964844,-11811.700195,40.735352
8869,-11542.983398,-11543.502930,0.519531
8870,-9631.997070,-9529.241211,102.755859
8871,-10550.328125,-10532.620117,17.708008
8872,-10764.277344,-10800.671875,36.394531
8873,-11010.243164,-11000.702148,9.541016
8874,-10904.221680,-10944.329102,40.107422
8875,-11523.615234,-11542.190430,18.575195
8876,-11388.361328,-11374.857422,13.503906
8877,-11148.729492,-11452.661133,303.931641
8878,-10973.769531,-10936.489258,37.280273
8879,-11009.832031,-10969.787109,40.044922
8880,-11901.596680,-11948.563477,46.966797
8881,-10681.602539,-10598.463867,83.138672
8882,-11724.326172,-11746.616211,22.290039
8883,-11935.675781,-11883.688477,51.987305
8884,-11527.442383,-11543.598633,16.156250
8885,-11554.454102,-11542.756836,11.697266
8886,-11020.500000,-10968.273438,52.226562
8887,-10492.353516,-10466.646484,25.707031
8888,-12498.433594,-12522.413086,23.979492
8889,-11449.935547,-11408.118164,41.817383
8890,-9618.666016,-9463.107422,155.558594
8891,-11989.325195,-11979.438477,9.886719
8892,-12465.278320,-12456.413086,8.865234
8893,-12916.869141,-12926.188477,9.319336
8894,-11572.422852,-11543.611328,28.811523
8895,-11561.926758,-11575.710938,13.784180
8896,-10603.205078,-10531.830078,71.375000
8897,-10546.288086,-10565.190430,18.902344
8898,-10881.771484,-10838.690430,43.081055
8899,-8864.634766,-8921.822266,57.187500
8900,-12360.000977,-12385.223633,25.222656
8901,-10496.695312,-10500.222656,3.527344
8902,-11458.024414,-11477.591797,19.567383
8903,-9996.587891,-10057.085938,60.498047
8904,-11424.015625,-11371.181641,52.833984
8905,-11556.830078,-11576.024414,19.194336
8906,-11766.339844,-11812.508789,46.168945
8907,-10627.599609,-10539.562500,88.037109
8908,-11103.537109,-10969.591797,133.945312
8909,-9593.870117,-9525.242188,68.627930
8910,-11473.890625,-11509.609375,35.718750
8911,-11961.648438,-11912.569336,49.079102
8912,-11459.048828,-11452.553711,6.495117
8913,-11946.978516,-11981.994141,35.015625
8914,-10462.604492,-10466.711914,4.107422
8915,-11945.941406,-11947.954102,2.012695
8916,-11323.611328,-11341.377930,17.766602
8917,-12433.407227,-12417.247070,16.160156
8918,-11018.200195,-10775.523438,242.676758
8919,-11935.191406,-11948.320312,13.128906
8920,-10552.933594,-10532.552734,20.380859
8921,-10538.578125,-10565.303711,26.725586
8922,-9820.666016,-9496.399414,324.266602
8923,-10521.252930,-10534.509766,13.256836
8924,-13456.625977,-13397.246094,59.379883
8925,-10978.801758,-10970.282227,8.519531
8926,-11941.416016,-11948.772461,7.356445
8927,-11927.586914,-11913.417969,14.168945
8928,-10963.550781,-10970.752930,7.202148
8929,-12409.460938,-12351.310547,58.150391
8930,-10329.445312,-10338.117188,8.671875
8931,-10577.506836,-10533.748047,43.758789
8932,-10662.209961,-10631.271484,30.938477
8933,-8505.982422,-8453.235352,52.747070
8934,-10736.898438,-10638.763672,98.134766
8935,-10566.655273,-10565.362305,1.292969
8936,-12545.617188,-12418.384766,127.232422
8937,-9568.911133,-9588.590820,19.679688
8938,-9580.944336,-9588.961914,8.017578
8939,-11944.573242,-11915.276367,29.296875
8940,-15278.097656,-14952.400391,325.697266
8941,-11532.449219,-11508.755859,23.693359
8942,-9954.693359,-9867.995117,86.698242
8943,-9543.486328,-9496.378906,47.107422
8944,-10726.738281,-10441.040039,285.698242
8945,-12977.672852,-12959.679688,17.993164
8946,-11529.814453,-11576.978516,47.164062
8947,-12477.522461,-12520.478516,42.956055
8948,-10486.971680,-10339.774414,147.197266
8949,-12463.136719,-12384.294922,78.841797
8950,-9940.595703,-9925.424805,15.170898
8951,-10567.507812,-10566.150391,1.357422
8952,-11569.914062,-11543.554688,26.359375
8953,-12496.702148,-12457.786133,38.916016
8954,-9823.991211,-9958.376953,134.385742
8955,-9786.329102,-9868.202148,81.873047
8956,-11953.042969,-11945.930664,7.112305
8957,-11371.087891,-11343.096680,27.991211
8958,-11130.192383,-11517.940430,387.748047
8959,-9432.477539,-9497.093750,64.616211
8960,-11810.112305,-11811.406250,1.293945
8961,-9964.953125,-9924.595703,40.357422
8962,-10809.722656,-10799.436523,10.286133
8963,-10775.259766,-10770.354492,4.905273
8964,-11416.858398,-11408.297852,8.560547
8965,-10378.263672,-10332.303711,45.959961
8966,-9997.611328,-9989.993164,7.618164
8967,-11024.945312,-10934.661133,90.284180
8968,-13004.553711,-12958.817383,45.736328
8969,-10494.073242,-10533.189453,39.116211
8970,-11372.883789,-11375.344727,2.460938
8971,-11968.268555,-11948.397461,19.871094
8972,-12391.817383,-12384.281250,7.536133
8973,-11411.405273,-11823.611328,412.206055
8974,-11422.761719,-11476.931641,54.169922
8975,-12896.719727,-12822.629883,74.089844
8976,-12387.452148,-12353.004883,34.447266
8977,-15390.888672,-15325.723633,65.165039
8978,-12355.110352,-12353.000000,2.110352
8979,-9466.380859,-9522.482422,56.101562
8980,-7447.944824,-7449.546875,1.602051
8981,-11541.779297,-11543.070312,1.291016
8982,-11818.130859,-11779.688477,38.442383
8983,-12471.974609,-12385.964844,86.009766
8984,-10738.761719,-10743.276367,4.514648
8985,-12411.224609,-12319.908203,91.316406
8986,-11844.854492,-11810.274414,34.580078
8987,-11368.970703,-11373.712891,4.742188
8988,-10401.271484,-10395.955078,5.316406
8989,-11948.124023,-11947.681641,0.442383
8990,-10928.646484,-10970.513672,41.867188
8991,-12347.093750,-12351.305664,4.211914
8992,-10509.046875,-10501.008789,8.038086
8993,-12391.763672,-12386.514648,5.249023
8994,-10594.153320,-10598.391602,4.238281
8995,-10370.196289,-10474.532227,104.335938
8996,-11938.896484,-11948.067383,9.170898
8997,-10918.965820,-10900.587891,18.377930
8998,-9709.694336,-9956.546875,246.852539
8999,-10444.351562,-10427.308594,17.042969
9000,-10350.563477,-10396.339844,45.776367
9001,-10562.277344,-10566.231445,3.954102
9002,-9953.500000,-9927.051758,26.448242
9003,-13455.282227,-13396.829102,58.453125
9004,-10492.201172,-10473.670898,18.530273
9005,-11522.045898,-11543.804688,21.758789
9006,-11010.960938,-11001.579102,9.381836
9007,-12412.753906,-12354.282227,58.471680
9008,-9379.440430,-9497.388672,117.948242
9009,-11375.674805,-11408.141602,32.466797
9010,-11453.247070,-11542.983398,89.736328
9011,-11448.821289,-11477.456055,28.634766
9012,-11002.279297,-11002.313477,0.034180
9013,-9921.783203,-9900.506836,21.276367
9014,-12481.248047,-12520.320312,39.072266
9015,-10892.423828,-10905.204102,12.780273
9016,-10054.121094,-10274.370117,220.249023
9017,-11403.196289,-11374.405273,28.791016
9018,-11828.280273,-11812.275391,16.004883
9019,-9537.622070,-9361.083008,176.539062
9020,-10507.916016,-10533.464844,25.548828
9021,-10221.374023,-10442.048828,220.674805
9022,-10516.762695,-10530.532227,13.769531
9023,-12532.204102,-12522.600586,9.603516
9024,-10985.743164,-11002.823242,17.080078
9025,-13344.526367,-13433.373047,88.846680
9026,-12496.389648,-12417.613281,78.776367
9027,-9543.277344,-9399.195312,144.082031
9028,-11537.220703,-11509.752930,27.467773
9029,-12910.557617,-12958.334961,47.777344
9030,-12913.231445,-12894.992188,18.239258
9031,-8836.710938,-8891.263672,54.552734
9032,-11316.151367,-11284.554688,31.596680
9033,-11979.739258,-11948.407227,31.332031
9034,-12814.485352,-12893.375977,78.890625
9035,-11630.788086,-11544.344727,86.443359
9036,-10580.200195,-10564.650391,15.549805
9037,-12081.177734,-11766.250977,314.926758
9038,-10898.330078,-10873.887695,24.442383
9039,-10436.372070,-10429.031250,7.340820
9040,-11933.040039,-11913.104492,19.935547
9041,-11849.513672,-11948.439453,98.925781
9042,-11777.574219,-11812.125977,34.551758
9043,-10448.789062,-10307.063477,141.725586
9044,-11366.873047,-11342.441406,24.431641
9045,-12413.009766,-12352.839844,60.169922
9046,-9993.786133,-9990.190430,3.595703
9047,-10372.022461,-10338.369141,33.653320
9048,-11860.424805,-11844.631836,15.792969
9049,-11995.076172,-11947.833008,47.243164
9050,-10185.618164,-10531.238281,345.620117
9051,-12960.102539,-12958.703125,1.399414
9052,-12986.223633,-12927.160156,59.063477
9053,-12011.159180,-11948.645508,62.513672
9054,-11962.751953,-11980.972656,18.220703
9055,-12334.621094,-12386.092773,51.471680
9056,-11434.962891,-11444.216797,9.253906
9057,-11465.655273,-11477.315430,11.660156
9058,-10340.802734,-10365.974609,25.171875
9059,-10985.963867,-10969.927734,16.036133
9060,-10503.955078,-10440.103516,63.851562
9061,-12982.549805,-12959.970703,22.579102
9062,-8218.674805,-7659.487793,559.187012
9063,-10375.607422,-10393.956055,18.348633
9064,-10542.601562,-10507.573242,35.028320
9065,-10965.909180,-10971.435547,5.526367
9066,-12926.499023,-12893.590820,32.908203
9067,-12548.387695,-12521.368164,27.019531
9068,-11012.509766,-10969.118164,43.391602
9069,-7855.462891,-7821.477051,33.985840
9070,-11898.904297,-11916.229492,17.325195
9071,-11939.034180,-11947.756836,8.722656
9072,-10974.959961,-10935.739258,39.220703
9073,-11545.459961,-11544.004883,1.455078
9074,-10954.006836,-10969.836914,15.830078
9075,-10219.405273,-10599.368164,379.962891
9076,-11524.511719,-11508.050781,16.460938
9077,-10405.225586,-10429.206055,23.980469
9078,-11543.447266,-11509.737305,33.709961
9079,-11534.053711,-11542.710938,8.657227
9080,-10877.738281,-10833.830078,43.908203
9081,-10825.117188,-10566.245117,258.872070
9082,-10768.646484,-10878.740234,110.093750
9083,-10924.298828,-10938.144531,13.845703
9084,-11576.148438,-11543.328125,32.820312
9085,-10898.059570,-10904.906250,6.846680
9086,-9994.887695,-9992.688477,2.199219
9087,-11528.846680,-11511.500000,17.346680
9088,-9803.355469,-9866.867188,63.511719
9089,-13420.734375,-13500.394531,79.660156
9090,-10166.936523,-10442.633789,275.697266
9091,-11557.546875,-11542.422852,15.124023
9092,-11387.167969,-11446.975586,59.807617
9093,-10919.924805,-10937.183594,17.258789
9094,-10867.473633,-10876.886719,9.413086
9095,-11379.126953,-11341.302734,37.824219
9096,-11932.016602,-11915.000000,17.016602
9097,-11414.056641,-11338.966797,75.089844
9098,-11988.115234,-12013.967773,25.852539
9099,-9441.082031,-9464.179688,23.097656
9100,-10171.837891,-10247.833984,75.996094
9101,-12883.688477,-12822.770508,60.917969
9102,-9544.255859,-9554.438477,10.182617
9103,-9563.003906,-9431.656250,131.347656
9104,-9469.853516,-9488.353516,18.500000
9105,-9779.309570,-9899.079102,119.769531
9106,-11940.736328,-11913.870117,26.866211
9107,-11989.734375,-11981.266602,8.467773
9108,-9407.687500,-9555.787109,148.099609
9109,-11566.696289,-11542.591797,24.104492
9110,-10890.222656,-10905.325195,15.102539
9111,-10876.731445,-10866.791016,9.940430
9112,-10619.244141,-10566.389648,52.854492
9113,-11465.535156,-11477.938477,12.403320
9114,-13468.140625,-13332.297852,135.842773
9115,-8356.990234,-8360.134766,3.144531
9116,-8213.936523,-7795.169922,418.766602
9117,-10579.007812,-10442.073242,136.934570
9118,-9871.865234,-9867.287109,4.578125
9119,-9142.896484,-8832.130859,310.765625
9120,-11557.928711,-11543.483398,14.445312
9121,-11660.222656,-11707.398438,47.175781
9122,-10543.125000,-10498.624023,44.500977
9123,-9531.123047,-9521.336914,9.786133
9124,-10798.953125,-10834.591797,35.638672
9125,-11294.304688,-11343.573242,49.268555
9126,-10941.502930,-10937.859375,3.643555
9127,-11490.455078,-11544.101562,53.646484
9128,-10819.099609,-10878.002930,58.903320
9129,-11798.477539,-11844.733398,46.255859
9130,-10529.474609,-10532.817383,3.342773
9131,-10559.547852,-10499.492188,60.055664
9132,-10801.767578,-10507.530273,294.237305
9133,-10982.743164,-11003.441406,20.698242
9134,-11343.416992,-11407.836914,64.419922
9135,-11906.292969,-11915.911133,9.618164
9136,-11380.219727,-11375.754883,4.464844
9137,-10534.327148,-10500.230469,34.096680
9138,-11433.605469,-11408.075195,25.530273
9139,-13553.530273,-13499.300781,54.229492
9140,-11000.231445,-10970.331055,29.900391
9141,-11945.357422,-11947.730469,2.373047
9142,-11547.236328,-11543.416992,3.819336
9143,-10512.067383,-10498.916992,13.150391
9144,-12252.441406,-12249.957031,2.484375
9145,-12059.013672,-11980.687500,78.326172
9146,-8602.733398,-8518.490234,84.243164
9147,-12059.481445,-11981.186523,78.294922
9148,-11083.331055,-10968.868164,114.462891
9149,-11023.121094,-10878.373047,144.748047
9150,-12362.813477,-12387.230469,24.416992
9151,-10982.888672,-10968.794922,14.093750
9152,-11416.183594,-11374.886719,41.296875
9153,-12989.920898,-13008.306641,18.385742
9154,-11980.806641,-11981.454102,0.647461
9155,-10438.787109,-10441.211914,2.424805
9156,-11916.869141,-11915.132812,1.736328
9157,-10601.585938,-10631.521484,29.935547
9158,-12018.226562,-11980.626953,37.599609
9159,-11643.616211,-11542.017578,101.598633
9160,-10881.047852,-10938.709961,57.662109
9161,-11019.785156,-10970.212891,49.572266
9162,-10583.576172,-10566.591797,16.984375
9163,-11970.729492,-11949.858398,20.871094
9164,-10528.230469,-10499.942383,28.288086
9165,-10000.828125,-9932.581055,68.247070
9166,-11558.538086,-11542.879883,15.658203
9167,-9916.312500,-9892.036133,24.276367
9168,-8795.608398,-9165.021484,369.413086
9169,-10576.041016,-10566.552734,9.488281
9170,-13469.427734,-13499.613281,30.185547
9171,-11960.639648,-11946.926758,13.712891
9172,-10989.090820,-10935.142578,53.948242
9173,-10954.830078,-10938.091797,16.738281
9174,-11378.100586,-11342.510742,35.589844
9175,-11043.477539,-11003.077148,40.400391
9176,-10970.302734,-10970.352539,0.049805
9177,-11884.414062,-11981.222656,96.808594
9178,-11962.058594,-11979.658203,17.599609
9179,-10981.758789,-10937.331055,44.427734
9180,-9961.672852,-9867.633789,94.039062
9181,-11421.687500,-11373.621094,48.066406
9182,-10508.471680,-10465.544922,42.926758
9183,-11531.051758,-11543.327148,12.275391
9184,-9367.195312,-9439.169922,71.974609
9185,-11870.486328,-11878.262695,7.776367
9186,-12381.140625,-12353.391602,27.749023
9187,-9705.531250,-9430.884766,274.646484
9188,-11065.502930,-11035.838867,29.664062
9189,-11858.188477,-11813.031250,45.157227
9190,-9992.220703,-9867.984375,124.236328
9191,-11369.668945,-11340.221680,29.447266
9192,-9397.384766,-9462.294922,64.910156
9193,-10787.114258,-10799.742188,12.627930
9194,-10519.161133,-10499.281250,19.879883
9195,-9978.994141,-9961.098633,17.895508
9196,-9536.987305,-9496.076172,40.911133
9197,-10190.030273,-10331.589844,141.559570
9198,-11743.357422,-11780.328125,36.970703
9199,-11745.302734,-11915.871094,170.568359
9200,-10870.051758,-10802.188477,67.863281
9201,-11909.246094,-11913.526367,4.280273
9202,-9865.861328,-9901.414062,35.552734
9203,-12491.223633,-12520.022461,28.798828
9204,-7526.151855,-7416.234375,109.917480
9205,-11493.108398,-11510.371094,17.262695
9206,-9462.570312,-9300.713867,161.856445
9207,-10921.889648,-10905.599609,16.290039
9208,-10507.796875,-10532.788086,24.991211
9209,-11963.560547,-11947.599609,15.960938
9210,-11789.745117,-11780.418945,9.326172
9211,-9832.590820,-9900.625000,68.034180
9212,-13443.443359,-13467.096680,23.653320
9213,-11930.661133,-11947.392578,16.731445
9214,-10924.872070,-10902.731445,22.140625
9215,-10985.683594,-10938.111328,47.572266
9216,-9899.119141,-9869.026367,30.092773
9217,-12375.222656,-12419.989258,44.766602
9218,-9712.194336,-9809.129883,96.935547
9219,-11031.702148,-11002.660156,29.041992
9220,-10604.408203,-10598.620117,5.788086
9221,-12478.790039,-12416.997070,61.792969
9222,-12574.876953,-12488.258789,86.618164
9223,-10932.975586,-10935.234375,2.258789
9224,-10584.727539,-10565.113281,19.614258
9225,-8939.636719,-8921.463867,18.172852
9226,-14342.390625,-14202.436523,139.954102
9227,-10920.751953,-10971.251953,50.500000
9228,-10029.180664,-9991.251953,37.928711
9229,-11016.242188,-10970.019531,46.222656
9230,-11507.080078,-11511.024414,3.944336
9231,-11800.126953,-11776.465820,23.661133
9232,-10373.622070,-10440.231445,66.609375
9233,-11575.957031,-11575.927734,0.029297
9234,-10584.322266,-10564.997070,19.325195
9235,-9751.250000,-9470.412109,280.837891
9236,-12383.828125,-12457.296875,73.468750
9237,-7600.148438,-6322.178223,1277.970215
9238,-10515.294922,-10532.638672,17.343750
9239,-12361.032227,-12385.403320,24.371094
9240,-10940.383789,-10937.275391,3.108398
9241,-11504.552734,-11509.867188,5.314453
9242,-11995.456055,-12014.246094,18.790039
9243,-11936.619141,-11915.068359,21.550781
9244,-9901.135742,-9894.000000,7.135742
9245,-9986.583984,-9991.735352,5.151367
9246,-10320.550781,-10304.770508,15.780273
9247,-11535.439453,-11575.926758,40.487305
9248,-11557.826172,-11509.443359,48.382812
9249,-11919.556641,-11945.335938,25.779297
9250,-10908.547852,-10935.647461,27.099609
9251,-12888.902344,-12789.283203,99.619141
9252,-9867.752930,-9868.284180,0.531250
9253,-9910.753906,-9924.224609,13.470703
9254,-7814.100098,-7796.599121,17.500977
9255,-11023.158203,-10971.079102,52.079102
9256,-10137.065430,-10234.970703,97.905273
9257,-10546.580078,-10531.916992,14.663086
9258,-13036.173828,-13008.456055,27.717773
9259,-11955.159180,-11947.080078,8.079102
9260,-10716.996094,-10271.209961,445.786133
9261,-10750.046875,-10598.388672,151.658203
9262,-11993.237305,-11948.707031,44.530273
9263,-8478.298828,-8427.137695,51.161133
9264,-10900.484375,-10903.991211,3.506836
9265,-11043.893555,-10969.224609,74.668945
9266,-9867.894531,-9867.300781,0.593750
9267,-10758.316406,-10742.463867,15.852539
9268,-11542.833008,-11510.678711,32.154297
9269,-13716.203125,-13768.168945,51.965820
9270,-12526.187500,-12489.652344,36.535156
9271,-10404.609375,-10364.041016,40.568359
9272,-10587.358398,-10531.956055,55.402344
9273,-10979.469727,-10971.221680,8.248047
9274,-11927.846680,-11914.471680,13.375000
9275,-11474.581055,-11438.877930,35.703125
9276,-10918.931641,-10937.118164,18.186523
9277,-12410.707031,-12352.348633,58.358398
9278,-11521.895508,-11510.857422,11.038086
9279,-10541.355469,-10534.528320,6.827148
9280,-11397.639648,-11372.409180,25.230469
9281,-15660.660156,-15527.025391,133.634766
9282,-11064.532227,-10944.004883,120.527344
9283,-9911.188477,-9923.517578,12.329102
9284,-13306.361328,-13363.488281,57.126953
9285,-11520.968750,-11509.966797,11.001953
9286,-11582.745117,-11543.368164,39.376953
9287,-11803.893555,-11811.871094,7.977539
9288,-11554.724609,-11542.184570,12.540039
9289,-10529.148438,-10501.116211,28.032227
9290,-7245.774414,-7222.950195,22.824219
9291,-10551.382812,-10532.821289,18.561523
9292,-11886.063477,-11914.162109,28.098633
9293,-10554.844727,-10564.490234,9.645508
9294,-12497.334961,-12488.556641,8.778320
9295,-12339.847656,-12352.321289,12.473633
9296,-10601.341797,-10565.934570,35.407227
9297,-9970.166016,-9924.268555,45.897461
9298,-10233.545898,-10337.007812,103.461914
9299,-9384.181641,-9371.334961,12.846680
9300,-11425.151367,-11406.396484,18.754883
9301,-12715.493164,-12790.926758,75.433594
9302,-11019.804688,-10969.291016,50.513672
9303,-11988.127930,-11980.123047,8.004883
9304,-11844.674805,-11776.890625,67.784180
9305,-12372.642578,-12353.199219,19.443359
9306,-10578.461914,-10500.715820,77.746094
9307,-11768.648438,-11812.814453,44.166016
9308,-11564.614258,-11512.594727,52.019531
9309,-11917.511719,-11947.730469,30.218750
9310,-11950.240234,-11948.540039,1.700195
9311,-10925.258789,-10903.894531,21.364258
9312,-8903.645508,-8896.524414,7.121094
9313,-11409.285156,-11349.949219,59.335938
9314,-12790.812500,-12902.938477,112.125977
9315,-9865.433594,-9864.780273,0.653320
9316,-10989.807617,-10970.394531,19.413086
9317,-10548.581055,-10532.626953,15.954102
9318,-10357.427734,-10338.797852,18.629883
9319,-13363.924805,-13436.041992,72.117188
9320,-9869.731445,-9925.177734,55.446289
9321,-12932.011719,-12926.446289,5.565430
9322,-10989.662109,-10968.142578,21.519531
9323,-12009.523438,-11915.866211,93.657227
9324,-9951.040039,-9898.436523,52.603516
9325,-12478.158203,-12520.895508,42.737305
9326,-10940.947266,-10936.280273,4.666992
9327,-10386.919922,-10474.852539,87.932617
9328,-12310.127930,-12353.807617,43.679688
9329,-11905.542969,-11914.413086,8.870117
9330,-11472.331055,-11511.947266,39.616211
9331,-11703.348633,-11946.391602,243.042969
9332,-9379.934570,-9495.701172,115.766602
9333,-11946.002930,-11948.101562,2.098633
9334,-13536.189453,-13531.097656,5.091797
9335,-12968.022461,-12861.062500,106.959961
9336,-11307.608398,-11311.365234,3.756836
9337,-11502.661133,-11477.776367,24.884766
9338,-10531.556641,-10408.111328,123.445312
9339,-11778.054688,-11674.820312,103.234375
9340,-11569.790039,-11542.334961,27.455078
9341,-9774.524414,-9530.609375,243.915039
9342,-11905.256836,-11916.072266,10.815430
9343,-12434.816406,-12386.756836,48.059570
9344,-10993.151367,-10969.615234,23.536133
9345,-11262.631836,-11542.317383,279.685547
9346,-9973.488281,-9992.130859,18.642578
9347,-9820.408203,-9869.919922,49.511719
9348,-10832.360352,-10911.171875,78.811523
9349,-10176.590820,-9900.101562,276.489258
9350,-10423.984375,-10474.718750,50.734375
9351,-12365.523438,-12382.236328,16.712891
9352,-10526.228516,-10533.019531,6.791016
9353,-10380.419922,-10397.776367,17.356445
9354,-12302.037109,-12216.278320,85.758789
9355,-11982.478516,-11948.278320,34.200195
9356,-11958.999023,-11917.509766,41.489258
9357,-11510.331055,-11477.410156,32.920898
9358,-11328.896484,-11374.202148,45.305664
9359,-11510.086914,-11477.500977,32.585938
9360,-11846.596680,-11844.312500,2.284180
9361,-12369.418945,-12319.432617,49.986328
9362,-10559.125977,-10532.024414,27.101562
9363,-12031.846680,-11980.001953,51.844727
9364,-11443.035156,-11419.057617,23.977539
9365,-12483.951172,-12489.793945,5.842773
9366,-9612.441406,-9620.884766,8.443359
9367,-12581.284180,-12521.633789,59.650391
9368,-11014.838867,-11003.074219,11.764648
9369,-10534.025391,-10532.087891,1.937500
9370,-11571.410156,-11543.181641,28.228516
9371,-10448.885742,-10429.226562,19.659180
9372,-11003.019531,-11002.345703,0.673828
9373,-11396.845703,-11376.153320,20.692383
9374,-11815.765625,-11813.284180,2.481445
9375,-10517.752930,-10499.936523,17.816406
9376,-12431.107422,-12385.271484,45.835938
9377,-10323.505859,-10407.586914,84.081055
9378,-11771.457031,-11845.305664,73.848633
9379,-10302.172852,-10441.525391,139.352539
9380,-10787.826172,-10800.082031,12.255859
9381,-9593.243164,-9555.450195,37.792969
9382,-11238.319336,-11236.583008,1.736328
9383,-12462.330078,-12487.887695,25.557617
9384,-10944.324219,-10971.861328,27.537109
9385,-12356.871094,-12399.117188,42.246094
9386,-10878.878906,-10904.543945,25.665039
9387,-10590.924805,-10566.805664,24.119141
9388,-12352.218750,-12353.651367,1.432617
9389,-10917.182617,-10938.377930,21.195312
9390,-11846.697266,-11881.209961,34.512695
9391,-12974.109375,-12991.765625,17.656250
9392,-11531.137695,-11511.251953,19.885742
9393,-11778.462891,-11778.788086,0.325195
9394,-10557.056641,-10565.734375,8.677734
9395,-10974.602539,-10970.943359,3.659180
9396,-10951.274414,-10938.809570,12.464844
9397,-11937.533203,-11946.990234,9.457031
9398,-11481.345703,-11510.291016,28.945312
9399,-9411.767578,-9463.006836,51.239258
9400,-9604.362305,-9777.833008,173.470703
9401,-11420.193359,-11406.552734,13.640625
9402,-10524.051758,-10530.994141,6.942383
9403,-10533.058594,-10532.170898,0.887695
9404,-11000.073242,-10969.481445,30.591797
9405,-10577.704102,-10598.786133,21.082031
9406,-10961.514648,-10937.434570,24.080078
9407,-11004.496094,-10910.945312,93.550781
9408,-12370.415039,-12384.574219,14.159180
9409,-9947.942383,-9924.434570,23.507812
9410,-10483.775391,-10432.296875,51.478516
9411,-11900.268555,-11914.979492,14.710938
9412,-11472.086914,-11419.976562,52.110352
9413,-11333.286133,-11375.279297,41.993164
9414,-10948.754883,-10936.190430,12.564453
9415,-9513.800781,-9464.333008,49.467773
9416,-12435.889648,-12455.685547,19.795898
9417,-10972.309570,-10970.241211,2.068359
9418,-10980.013672,-10970.558594,9.455078
9419,-11619.020508,-11947.348633,328.328125
9420,-10477.200195,-10466.165039,11.035156
9421,-9992.126953,-9924.178711,67.948242
9422,-11534.072266,-11576.182617,42.110352
9423,-7865.692871,-7885.701660,20.008789
9424,-10614.377930,-10565.267578,49.110352
9425,-11345.734375,-11341.381836,4.352539
9426,-11572.894531,-11544.139648,28.754883
9427,-11798.039062,-11809.927734,11.888672
9428,-12030.442383,-12013.352539,17.089844
9429,-11793.907227,-11813.800781,19.893555
9430,-10616.573242,-10566.502930,50.070312
9431,-10532.198242,-10533.796875,1.598633
9432,-10366.509766,-10364.053711,2.456055
9433,-11583.000977,-11543.474609,39.526367
9434,-12354.560547,-12487.266602,132.706055
9435,-10923.545898,-10934.810547,11.264648
9436,-11818.455078,-11844.225586,25.770508
9437,-11566.479492,-11510.462891,56.016602
9438,-12333.847656,-12385.637695,51.790039
9439,-11361.818359,-11340.707031,21.111328
9440,-13421.769531,-13500.710938,78.941406
9441,-9909.310547,-9927.695312,18.384766
9442,-11016.093750,-11002.630859,13.462891
9443,-11504.954102,-11509.150391,4.196289
9444,-10964.776367,-10970.295898,5.519531
9445,-10791.406250,-10878.115234,86.708984
9446,-10628.118164,-10598.195312,29.922852
9447,-10611.702148,-10598.542969,13.159180
9448,-11003.197266,-10968.049805,35.147461
9449,-12416.445312,-12521.643555,105.198242
9450,-10876.128906,-10838.922852,37.206055
9451,-11898.254883,-11812.516602,85.738281
9452,-9391.450195,-9588.918945,197.468750
9453,-11159.896484,-11315.304688,155.408203
9454,-12850.354492,-12895.125000,44.770508
9455,-12927.707031,-12957.475586,29.768555
9456,-11861.803711,-11778.555664,83.248047
9457,-11274.855469,-11270.847656,4.007812
9458,-12459.937500,-12487.109375,27.171875
9459,-10487.264648,-10533.419922,46.155273
9460,-12833.676758,-12790.094727,43.582031
9461,-9879.025391,-9892.064453,13.039062
9462,-11984.066406,-11980.051758,4.014648
9463,-10950.237305,-10912.293945,37.943359
9464,-11461.353516,-11408.097656,53.255859
9465,-13547.137695,-13564.519531,17.381836
9466,-11982.378906,-11947.963867,34.415039
9467,-11426.661133,-11437.990234,11.329102
9468,-12481.220703,-12417.470703,63.750000
9469,-10520.563477,-10532.013672,11.450195
9470,-9414.055664,-9370.978516,43.077148
9471,-10462.278320,-10338.137695,124.140625
9472,-11884.918945,-11813.462891,71.456055
9473,-11563.179688,-11576.199219,13.019531
9474,-10814.570312,-10832.490234,17.919922
9475,-12354.579102,-12386.570312,31.991211
9476,-10959.315430,-10938.036133,21.279297
9477,-11836.298828,-11813.297852,23.000977
9478,-12315.902344,-12282.301758,33.600586
9479,-11071.475586,-11477.264648,405.789062
9480,-11508.856445,-11477.428711,31.427734
9481,-11406.046875,-11373.856445,32.190430
9482,-9548.975586,-9488.239258,60.736328
9483,-11009.148438,-10937.753906,71.394531
9484,-10420.557617,-10360.091797,60.465820
9485,-11552.859375,-11542.834961,10.024414
9486,-11359.069336,-11373.564453,14.495117
9487,-12486.603516,-12454.168945,32.434570
9488,-11420.243164,-11406.941406,13.301758
9489,-9582.976562,-9497.618164,85.358398
9490,-10508.821289,-10500.315430,8.505859
9491,-11457.916992,-11443.900391,14.016602
9492,-11544.038086,-11543.221680,0.816406
9493,-10545.351562,-10532.704102,12.647461
9494,-11406.455078,-11408.445312,1.990234
9495,-9442.108398,-9522.767578,80.659180
9496,-11294.685547,-11382.310547,87.625000
9497,-9515.816406,-9555.780273,39.963867
9498,-11817.453125,-11812.238281,5.214844
9499,-13042.064453,-13500.204102,458.139648
9500,-11953.750977,-11915.193359,38.557617
9501,-10784.250977,-10769.424805,14.826172
9502,-9942.208984,-9867.305664,74.903320
9503,-10981.245117,-10967.961914,13.283203
9504,-9874.192383,-9900.741211,26.548828
9505,-11940.960938,-11948.774414,7.813477
9506,-11456.917969,-11479.636719,22.718750
9507,-12450.217773,-12454.801758,4.583984
9508,-7525.347656,-7358.809082,166.538574
9509,-11557.350586,-11544.651367,12.699219
9510,-9467.630859,-9554.635742,87.004883
9511,-11015.826172,-10971.116211,44.709961
9512,-11318.454102,-11375.621094,57.166992
9513,-11027.452148,-10945.296875,82.155273
9514,-11562.058594,-11575.374023,13.315430
9515,-12385.543945,-12386.158203,0.614258
9516,-10521.093750,-10534.286133,13.192383
9517,-11260.042969,-11236.575195,23.467773
9518,-10484.409180,-10501.647461,17.238281
9519,-11543.473633,-11543.754883,0.281250
9520,-11902.185547,-11913.766602,11.581055
9521,-11241.683594,-11237.297852,4.385742
9522,-10315.052734,-10363.456055,48.403320
9523,-13331.216797,-13331.088867,0.127930
9524,-8553.538086,-8426.005859,127.532227
9525,-10292.426758,-9933.515625,358.911133
9526,-10528.504883,-10441.690430,86.814453
9527,-10931.453125,-10935.908203,4.455078
9528,-10951.215820,-10880.047852,71.167969
9529,-10965.825195,-10969.349609,3.524414
9530,-11950.536133,-11917.001953,33.534180
9531,-9844.691406,-9835.689453,9.001953
9532,-12297.746094,-12280.565430,17.180664
9533,-10940.031250,-10936.360352,3.670898
9534,-12370.965820,-12352.833008,18.132812
9535,-11375.622070,-11375.336914,0.285156
9536,-11989.614258,-12030.326172,40.711914
9537,-9566.760742,-9776.983398,210.222656
9538,-12589.926758,-12522.762695,67.164062
9539,-10503.070312,-10499.261719,3.808594
9540,-12015.127930,-11946.901367,68.226562
9541,-11862.091797,-11877.774414,15.682617
9542,-11798.544922,-11745.774414,52.770508
9543,-11527.126953,-11445.529297,81.597656
9544,-11543.295898,-11509.623047,33.672852
9545,-12353.263672,-12353.213867,0.049805
9546,-11531.586914,-11543.560547,11.973633
9547,-10017.062500,-10025.010742,7.948242
9548,-10892.799805,-10873.029297,19.770508
9549,-10850.929688,-10865.818359,14.888672
9550,-11525.668945,-11447.131836,78.537109
9551,-11397.580078,-11375.021484,22.558594
9552,-12625.312500,-12553.230469,72.082031
9553,-12450.500977,-12456.703125,6.202148
9554,-10500.602539,-10531.971680,31.369141
9555,-11497.328125,-11479.816406,17.511719
9556,-10883.274414,-10832.591797,50.682617
9557,-12015.777344,-11947.595703,68.181641
9558,-10848.731445,-10869.764648,21.033203
9559,-11397.078125,-11374.470703,22.607422
9560,-11508.393555,-11511.191406,2.797852
9561,-9569.508789,-9587.114258,17.605469
9562,-10993.618164,-11003.649414,10.031250
9563,-10503.284180,-10465.675781,37.608398
9564,-11963.515625,-11882.017578,81.498047
9565,-10404.392578,-10338.617188,65.775391
9566,-12491.389648,-12352.028320,139.361328
9567,-11759.553711,-11812.470703,52.916992
9568,-12037.540039,-12015.080078,22.459961
9569,-11967.760742,-11949.614258,18.146484
9570,-10524.746094,-10534.099609,9.353516
9571,-10977.414062,-11034.537109,57.123047
9572,-11406.428711,-11444.698242,38.269531
9573,-11983.603516,-11980.557617,3.045898
9574,-13001.123047,-12926.454102,74.668945
9575,-9128.973633,-8519.231445,609.742188
9576,-11525.148438,-11509.311523,15.836914
9577,-12796.017578,-12791.766602,4.250977
9578,-10528.852539,-10466.950195,61.902344
9579,-9320.916992,-9361.904297,40.987305
9580,-11450.238281,-11444.821289,5.416992
9581,-11524.250000,-11510.785156,13.464844
9582,-10503.470703,-10499.140625,4.330078
9583,-10973.732422,-11002.611328,28.878906
9584,-12958.516602,-12956.832031,1.684570
9585,-12468.316406,-12454.679688,13.636719
9586,-11544.061523,-11510.209961,33.851562
9587,-11039.086914,-11003.779297,35.307617
9588,-9559.259766,-9555.782227,3.477539
9589,-11321.189453,-11375.688477,54.499023
9590,-10796.280273,-10943.066406,146.786133
9591,-11915.049805,-11845.290039,69.759766
9592,-10337.489258,-10362.425781,24.936523
9593,-11302.844727,-11349.013672,46.168945
9594,-9590.159180,-9529.189453,60.969727
9595,-12792.448242,-12789.735352,2.712891
9596,-11830.061523,-11843.862305,13.800781
9597,-11969.255859,-11948.573242,20.682617
9598,-11051.134766,-11001.749023,49.385742
9599,-9886.731445,-9869.212891,17.518555
9600,-10362.679688,-10363.865234,1.185547
9601,-11981.497070,-11981.013672,0.483398
9602,-10850.167969,-10832.862305,17.305664
9603,-10537.979492,-10500.197266,37.782227
9604,-11555.845703,-11575.630859,19.785156
9605,-10922.932617,-10904.350586,18.582031
9606,-11043.635742,-11002.263672,41.372070
9607,-11505.008789,-11477.105469,27.903320
9608,-11886.119141,-11916.385742,30.266602
9609,-11956.539062,-11946.242188,10.296875
9610,-11574.210938,-11575.888672,1.677734
9611,-11483.307617,-11512.206055,28.898438
9612,-11528.318359,-11511.025391,17.292969
9613,-12268.919922,-12354.024414,85.104492
9614,-9542.029297,-9588.395508,46.366211
9615,-11384.682617,-11372.998047,11.684570
9616,-9581.955078,-9587.575195,5.620117
9617,-10957.809570,-10971.296875,13.487305
9618,-9385.571289,-9391.386719,5.815430
9619,-12941.424805,-13008.006836,66.582031
9620,-12010.462891,-11982.155273,28.307617
9621,-11430.746094,-11406.702148,24.043945
9622,-11830.983398,-11812.201172,18.782227
9623,-10561.390625,-10533.478516,27.912109
9624,-11963.838867,-11982.428711,18.589844
9625,-11388.252930,-11478.579102,90.326172
9626,-11476.690430,-11476.743164,0.052734
9627,-8000.431641,-7819.998047,180.433594
9628,-9555.440430,-9521.655273,33.785156
9629,-12434.521484,-12386.124023,48.397461
9630,-11549.389648,-11576.933594,27.543945
9631,-6728.857422,-6785.535156,56.677734
9632,-11515.563477,-11543.577148,28.013672
9633,-12446.119141,-12553.166992,107.047852
9634,-12459.902344,-12553.933594,94.031250
9635,-11546.545898,-11544.075195,2.470703
9636,-10293.110352,-10329.737305,36.626953
9637,-9769.972656,-10109.157227,339.184570
9638,-11356.250977,-11341.897461,14.353516
9639,-11551.408203,-11510.336914,41.071289
9640,-12532.494141,-12553.195312,20.701172
9641,-11491.351562,-11479.611328,11.740234
9642,-11385.064453,-11374.943359,10.121094
9643,-12501.014648,-12521.320312,20.305664
9644,-10353.347656,-10338.378906,14.968750
9645,-10527.379883,-10531.879883,4.500000
9646,-11565.751953,-11542.715820,23.036133
9647,-11596.597656,-11575.668945,20.928711
9648,-11883.518555,-11882.886719,0.631836
9649,-10526.694336,-10304.455078,222.239258
9650,-12607.869141,-12522.086914,85.782227
9651,-11299.087891,-11340.419922,41.332031
9652,-9464.931641,-9496.335938,31.404297
9653,-10904.864258,-11003.419922,98.555664
9654,-9972.923828,-9932.683594,40.240234
9655,-11388.148438,-11374.125977,14.022461
9656,-11425.366211,-11484.851562,59.485352
9657,-11434.831055,-11477.855469,43.024414
9658,-11458.326172,-11477.678711,19.352539
9659,-10472.048828,-10499.140625,27.091797
9660,-10582.418945,-10532.014648,50.404297
9661,-11877.737305,-11843.591797,34.145508
9662,-12473.036133,-12417.814453,55.221680
9663,-11554.677734,-11543.645508,11.032227
9664,-11380.154297,-11316.481445,63.672852
9665,-11266.514648,-11341.043945,74.529297
9666,-9606.840820,-9296.025391,310.815430
9667,-13590.725586,-13531.975586,58.750000
9668,-11371.790039,-11439.951172,68.161133
9669,-11903.458984,-11914.860352,11.401367
9670,-11526.140625,-11477.313477,48.827148
9671,-6797.951172,-6783.609375,14.341797
9672,-9516.416992,-9489.184570,27.232422
9673,-10552.589844,-10531.700195,20.889648
9674,-10538.675781,-10532.500000,6.175781
9675,-11360.232422,-11373.620117,13.387695
9676,-11481.686523,-11509.537109,27.850586
9677,-11814.468750,-11811.632812,2.835938
9678,-9531.741211,-9521.941406,9.799805
9679,-9854.559570,-9924.620117,70.060547
9680,-10963.983398,-10934.909180,29.074219
9681,-9988.499023,-9990.663086,2.164062
9682,-11978.242188,-11979.812500,1.570312
9683,-10960.456055,-10937.156250,23.299805
9684,-9374.837891,-9429.471680,54.633789
9685,-10990.644531,-10970.032227,20.612305
9686,-10982.487305,-10967.852539,14.634766
9687,-11470.273438,-11477.594727,7.321289
9688,-8899.875000,-8708.456055,191.418945
9689,-9592.923828,-9496.651367,96.272461
9690,-10570.835938,-10566.666016,4.169922
9691,-9840.003906,-9898.040039,58.036133
9692,-11419.125977,-11373.893555,45.232422
9693,-11301.185547,-11239.767578,61.417969
9694,-10408.338867,-10363.888672,44.450195
9695,-11461.355469,-11479.345703,17.990234
9696,-10884.138672,-10911.385742,27.247070
9697,-12922.853516,-12894.736328,28.117188
9698,-10520.863281,-10499.195312,21.667969
9699,-11470.382812,-11511.590820,41.208008
9700,-9606.250000,-9529.184570,77.065430
9701,-12045.941406,-11981.350586,64.590820
9702,-10378.491211,-10396.589844,18.098633
9703,-11538.234375,-11510.264648,27.969727
9704,-12475.798828,-12522.144531,46.345703
9705,-10392.450195,-10396.238281,3.788086
9706,-11360.410156,-11407.491211,47.081055
9707,-10808.966797,-10801.145508,7.821289
9708,-12782.006836,-12789.539062,7.532227
9709,-10752.521484,-10833.377930,80.856445
9710,-10877.930664,-10743.579102,134.351562
9711,-12711.291992,-12554.553711,156.738281
9712,-9522.182617,-9554.937500,32.754883
9713,-8936.584961,-8833.507812,103.077148
9714,-11521.381836,-11509.430664,11.951172
9715,-9563.375000,-9495.949219,67.425781
9716,-10984.775391,-10969.127930,15.647461
9717,-10627.570312,-10565.261719,62.308594
9718,-11517.425781,-11510.473633,6.952148
9719,-10317.810547,-10336.732422,18.921875
9720,-11975.072266,-11947.446289,27.625977
9721,-10578.756836,-10565.871094,12.885742
9722,-10421.177734,-10465.952148,44.774414
9723,-11981.430664,-11981.203125,0.227539
9724,-10984.989258,-10967.427734,17.561523
9725,-12383.091797,-12386.388672,3.296875
9726,-11493.443359,-11477.969727,15.473633
9727,-12720.244141,-12791.507812,71.263672
9728,-10929.388672,-10969.690430,40.301758
9729,-11445.703125,-11406.393555,39.309570
9730,-10994.533203,-10970.668945,23.864258
9731,-10583.137695,-10565.821289,17.316406
9732,-10372.077148,-10397.338867,25.261719
9733,-8836.046875,-8887.648438,51.601562
9734,-10405.129883,-10429.397461,24.267578
9735,-9991.381836,-9991.471680,0.089844
9736,-12519.815430,-12523.122070,3.306641
9737,-10550.531250,-10969.573242,419.041992
9738,-10549.975586,-10498.712891,51.262695
9739,-9602.217773,-9620.882812,18.665039
9740,-10601.280273,-10565.209961,36.070312
9741,-9553.046875,-9520.221680,32.825195
9742,-11509.436523,-11509.739258,0.302734
9743,-11513.746094,-11510.200195,3.545898
9744,-11039.583008,-10970.232422,69.350586
9745,-10369.985352,-10396.352539,26.367188
9746,-9986.704102,-9927.194336,59.509766
9747,-11960.919922,-11980.650391,19.730469
9748,-12573.887695,-12555.217773,18.669922
9749,-12356.266602,-12354.789062,1.477539
9750,-9896.198242,-9926.009766,29.811523
9751,-11960.607422,-11948.012695,12.594727
9752,-9995.946289,-9927.495117,68.451172
9753,-11982.246094,-11948.867188,33.378906
9754,-10513.300781,-10473.832031,39.468750
9755,-9627.138672,-9554.636719,72.501953
9756,-11947.707031,-11948.517578,0.810547
9757,-9384.550781,-9555.819336,171.268555
9758,-12957.236328,-12894.759766,62.476562
9759,-12367.400391,-12384.561523,17.161133
9760,-12548.359375,-12523.139648,25.219727
9761,-10530.353516,-10430.246094,100.107422
9762,-11501.615234,-11510.544922,8.929688
9763,-11016.750000,-10967.336914,49.413086
9764,-12961.457031,-12926.750000,34.707031
9765,-11450.083008,-11476.948242,26.865234
9766,-10564.434570,-10498.593750,65.840820
9767,-12540.942383,-12489.033203,51.909180
9768,-11471.695312,-11479.492188,7.796875
9769,-10450.689453,-10397.116211,53.573242
9770,-11508.961914,-11508.953125,0.008789
9771,-13286.579102,-13328.607422,42.028320
9772,-10505.983398,-10465.554688,40.428711
9773,-10495.490234,-10532.591797,37.101562
9774,-12001.421875,-12029.694336,28.272461
9775,-10919.379883,-10936.107422,16.727539
9776,-11922.172852,-11980.785156,58.612305
9777,-10592.503906,-10565.334961,27.168945
9778,-13450.875977,-13441.637695,9.238281
9779,-11538.870117,-11543.407227,4.537109
9780,-10575.013672,-10533.618164,41.395508
9781,-12035.123047,-12012.341797,22.781250
9782,-10953.351562,-10969.559570,16.208008
9783,-10950.035156,-10935.141602,14.893555
9784,-12897.865234,-12892.837891,5.027344
9785,-10507.908203,-10531.707031,23.798828
9786,-11985.063477,-11947.565430,37.498047
9787,-11455.264648,-11375.249023,80.015625
9788,-12013.923828,-11981.239258,32.684570
9789,-12542.810547,-12488.769531,54.041016
9790,-11494.316406,-11509.754883,15.438477
9791,-11915.737305,-11844.401367,71.335938
9792,-9884.660156,-9923.591797,38.931641
9793,-5138.289062,-5311.302246,173.013184
9794,-9808.725586,-9842.638672,33.913086
9795,-11802.852539,-11982.275391,179.422852
9796,-10892.945312,-10936.662109,43.716797
9797,-11533.897461,-11510.897461,23.000000
9798,-11041.149414,-11180.566406,139.416992
9799,-11299.696289,-11239.256836,60.439453
9800,-11221.102539,-11238.699219,17.596680
9801,-10991.065430,-11003.856445,12.791016
9802,-11552.685547,-11543.541016,9.144531
9803,-11561.674805,-11511.951172,49.723633
9804,-11925.991211,-11981.702148,55.710938
9805,-11171.305664,-11238.544922,67.239258
9806,-11424.037109,-11407.930664,16.106445
9807,-11912.285156,-11915.553711,3.268555
9808,-6649.427246,-6786.448242,137.020996
9809,-12017.500000,-11981.402344,36.097656
9810,-10783.896484,-10770.010742,13.885742
9811,-12534.256836,-12489.092773,45.164062
9812,-10397.007812,-10395.789062,1.218750
9813,-11456.374023,-11543.755859,87.381836
9814,-11949.200195,-11915.304688,33.895508
9815,-10514.948242,-10531.995117,17.046875
9816,-10401.219727,-10396.231445,4.988281
9817,-10972.478516,-10968.592773,3.885742
9818,-9557.039062,-9589.017578,31.978516
9819,-11001.865234,-10970.291992,31.573242
9820,-9521.444336,-9520.834961,0.609375
9821,-12404.112305,-12352.204102,51.908203
9822,-11432.811523,-11447.483398,14.671875
9823,-11257.195312,-11238.765625,18.429688
9824,-10542.135742,-10533.110352,9.025391
9825,-10019.246094,-10023.216797,3.970703
9826,-10364.595703,-10393.116211,28.520508
9827,-12313.494141,-12351.568359,38.074219
9828,-14609.174805,-14742.636719,133.461914
9829,-10409.652344,-10397.054688,12.597656
9830,-11868.146484,-11915.216797,47.070312
9831,-11606.262695,-11609.258789,2.996094
9832,-10596.993164,-10532.614258,64.378906
9833,-9946.171875,-9897.000000,49.171875
9834,-9906.547852,-10203.326172,296.778320
9835,-10477.245117,-10467.645508,9.599609
9836,-11102.242188,-11002.342773,99.899414
9837,-10024.421875,-10024.096680,0.325195
9838,-10990.352539,-10970.859375,19.493164
9839,-11909.726562,-11914.241211,4.514648
9840,-11070.775391,-10877.824219,192.951172
9841,-9571.046875,-9405.492188,165.554688
9842,-7917.003906,-7855.410156,61.593750
9843,-10916.066406,-10934.832031,18.765625
9844,-10897.122070,-10905.001953,7.879883
9845,-10978.999023,-10968.541992,10.457031
9846,-10995.675781,-11001.692383,6.016602
9847,-10023.978516,-10377.409180,353.430664
9848,-9972.373047,-9990.018555,17.645508
9849,-11506.356445,-11510.894531,4.538086
9850,-11987.210938,-11981.001953,6.208984
9851,-11947.984375,-11980.733398,32.749023
9852,-12900.620117,-12822.707031,77.913086
9853,-11126.892578,-11035.672852,91.219727
9854,-10024.079102,-9934.579102,89.500000
9855,-11994.833008,-11981.239258,13.593750
9856,-10339.781250,-10361.613281,21.832031
9857,-10961.334961,-10936.659180,24.675781
9858,-10975.876953,-10969.153320,6.723633
9859,-11019.918945,-10969.618164,50.300781
9860,-11956.271484,-11889.869141,66.402344
9861,-10440.895508,-10475.554688,34.659180
9862,-10940.560547,-10900.803711,39.756836
9863,-10849.915039,-10867.076172,17.161133
9864,-11897.604492,-11844.395508,53.208984
9865,-11240.060547,-11349.805664,109.745117
9866,-9458.519531,-9486.835938,28.316406
9867,-11940.567383,-11915.239258,25.328125
9868,-12583.864258,-12521.955078,61.909180
9869,-11952.634766,-11914.033203,38.601562
9870,-9564.587891,-9706.983398,142.395508
9871,-10022.332031,-9990.190430,32.141602
9872,-12424.359375,-12383.646484,40.712891
9873,-11322.177734,-11452.235352,130.057617
9874,-11225.302734,-11238.577148,13.274414
9875,-10326.544922,-10362.033203,35.488281
9876,-10797.813477,-10800.717773,2.904297
9877,-10450.950195,-10409.390625,41.559570
9878,-10927.526367,-10935.375977,7.849609
9879,-12923.771484,-12926.980469,3.208984
9880,-11523.896484,-11511.374023,12.522461
9881,-10667.367188,-10409.282227,258.084961
9882,-12421.621094,-12384.964844,36.656250
9883,-11484.780273,-11510.210938,25.430664
9884,-12464.952148,-12352.467773,112.484375
9885,-11969.325195,-11945.760742,23.564453
9886,-10154.716797,-9901.117188,253.599609
9887,-8477.303711,-9555.156250,1077.852539
9888,-11421.951172,-11374.583008,47.368164
9889,-11276.750000,-11270.804688,5.945312
9890,-9383.343750,-9437.762695,54.418945
9891,-9410.965820,-9406.673828,4.291992
9892,-10996.107422,-10969.162109,26.945312
9893,-11909.911133,-11420.528320,489.382812
9894,-10523.448242,-10532.062500,8.614258
9895,-9890.831055,-9902.164062,11.333008
9896,-12017.096680,-11980.958984,36.137695
9897,-12453.893555,-12354.196289,99.697266
9898,-11557.162109,-11544.125977,13.036133
9899,-11895.267578,-11845.863281,49.404297
9900,-11436.579102,-11406.176758,30.402344
9901,-11820.965820,-11811.019531,9.946289
9902,-10496.042969,-10532.394531,36.351562
9903,-10363.308594,-10337.955078,25.353516
9904,-11493.170898,-11509.443359,16.272461
9905,-10580.913086,-10567.265625,13.647461
9906,-12430.688477,-12382.469727,48.218750
9907,-11571.762695,-11543.083008,28.679688
9908,-10550.674805,-10499.848633,50.826172
9909,-10608.336914,-10564.212891,44.124023
9910,-10812.288086,-10741.968750,70.319336
9911,-12508.396484,-12489.819336,18.577148
9912,-12509.289062,-12489.294922,19.994141
9913,-10971.836914,-10971.216797,0.620117
9914,-12806.846680,-12892.965820,86.119141
9915,-11839.671875,-11812.352539,27.319336
9916,-11321.151367,-11340.667969,19.516602
9917,-10640.922852,-10631.541016,9.381836
9918,-10954.137695,-10936.833984,17.303711
9919,-10969.477539,-10969.365234,0.112305
9920,-11933.029297,-11982.408203,49.378906
9921,-11279.208984,-11177.096680,102.112305
9922,-12732.349609,-12926.099609,193.750000
9923,-11903.037109,-11914.936523,11.899414
9924,-11724.044922,-11706.666992,17.377930
9925,-11489.706055,-11508.209961,18.503906
9926,-10496.953125,-10500.180664,3.227539
9927,-9924.667969,-9934.386719,9.718750
9928,-10023.714844,-9934.311523,89.403320
9929,-12875.988281,-12927.398438,51.410156
9930,-10986.315430,-10847.349609,138.965820
9931,-11503.870117,-11510.668945,6.798828
9932,-11427.766602,-11452.273438,24.506836
9933,-12462.865234,-12521.251953,58.386719
9934,-12918.101562,-12925.631836,7.530273
9935,-10025.013672,-10024.189453,0.824219
9936,-13582.258789,-13446.982422,135.276367
9937,-10355.662109,-10396.086914,40.424805
9938,-16664.070312,-16504.414062,159.656250
9939,-10516.818359,-10533.800781,16.982422
9940,-10367.551758,-10364.093750,3.458008
9941,-12465.157227,-12521.672852,56.515625
9942,-10946.375000,-10935.685547,10.689453
9943,-11650.138672,-11609.093750,41.044922
9944,-10947.092773,-10936.341797,10.750977
9945,-11919.440430,-11948.009766,28.569336
9946,-10487.016602,-10498.939453,11.922852
9947,-6964.654785,-7223.017578,258.362793
9948,-9630.677734,-9620.896484,9.781250
9949,-10851.123047,-10846.279297,4.843750
9950,-11413.396484,-11407.270508,6.125977
9951,-11017.095703,-10968.932617,48.163086
9952,-12438.409180,-12352.535156,85.874023
9953,-12352.163086,-12354.295898,2.132812
9954,-12969.542969,-12958.676758,10.866211
9955,-12507.311523,-12520.215820,12.904297
9956,-11370.543945,-11375.020508,4.476562
9957,-11809.383789,-11779.791992,29.591797
9958,-12292.130859,-12318.093750,25.962891
9959,-11547.432617,-11510.415039,37.017578
9960,-11240.114258,-11239.084961,1.029297
9961,-11472.864258,-11510.541992,37.677734
9962,-11385.329102,-11407.842773,22.513672
9963,-11415.131836,-11407.803711,7.328125
9964,-10511.957031,-10533.371094,21.414062
9965,-12303.920898,-12249.817383,54.103516
9966,-10253.553711,-10441.434570,187.880859
9967,-9482.474609,-9521.118164,38.643555
9968,-10569.044922,-10740.436523,171.391602
9969,-12792.982422,-12789.948242,3.034180
9970,-11942.660156,-11915.829102,26.831055
9971,-11982.028320,-11981.056641,0.971680
9972,-13041.919922,-12959.135742,82.784180
9973,-12841.682617,-12862.077148,20.394531
9974,-10461.933594,-10474.990234,13.056641
9975,-10543.567383,-10566.028320,22.460938
9976,-10351.291992,-10306.513672,44.778320
9977,-10535.535156,-10534.474609,1.060547
9978,-12384.001953,-12318.874023,65.127930
9979,-9604.885742,-9397.745117,207.140625
9980,-11472.403320,-11413.902344,58.500977
9981,-9934.451172,-9923.578125,10.873047
9982,-10355.908203,-10329.404297,26.503906
9983,-10563.910156,-10565.113281,1.203125
9984,-11646.167969,-11843.666992,197.499023
9985,-11416.365234,-11375.229492,41.135742
9986,-11958.527344,-11948.891602,9.635742
9987,-11004.862305,-10969.889648,34.972656
9988,-10501.673828,-10499.469727,2.204102
9989,-10959.873047,-10971.114258,11.241211
9990,-11574.181641,-11575.791016,1.609375
9991,-11955.647461,-11915.809570,39.837891
9992,-9909.281250,-9927.635742,18.354492
9993,-9541.072266,-9620.857422,79.785156
9994,-11549.863281,-11510.787109,39.076172
9995,-9474.296875,-9490.382812,16.085938
9996,-12066.326172,-12181.678711,115.352539
9997,-11362.873047,-11371.492188,8.619141
9998,-12906.065430,-12925.821289,19.755859
9999,-9387.101562,-9523.380859,136.279297
10000,-10953.364258,-10970.260742,16.896484
10001,-12004.689453,-11980.153320,24.536133
10002,-9948.553711,-9923.563477,24.990234
10003,-10575.766602,-10565.367188,10.399414
10004,-10978.880859,-10937.085938,41.794922
10005,-12810.230469,-12892.115234,81.884766
10006,-12907.259766,-12853.639648,53.620117
10007,-11542.994141,-11510.680664,32.313477
10008,-10404.542969,-10395.918945,8.624023
10009,-11276.078125,-11239.283203,36.794922
10010,-11497.892578,-11480.122070,17.770508
10011,-10543.489258,-10499.480469,44.008789
10012,-11325.081055,-11452.132812,127.051758
10013,-11583.251953,-11576.536133,6.715820
10014,-10058.667969,-10200.699219,142.031250
10015,-11258.652344,-11307.932617,49.280273
10016,-12269.483398,-12354.243164,84.759766
10017,-11919.618164,-11811.854492,107.763672
10018,-11982.996094,-11948.417969,34.578125
10019,-10880.791992,-10911.843750,31.051758
10020,-11051.387695,-10968.788086,82.599609
10021,-15543.690430,-15898.055664,354.365234
10022,-12478.224609,-12455.234375,22.990234
10023,-10517.167969,-10465.896484,51.271484
10024,-10957.165039,-10968.205078,11.040039
10025,-8918.908203,-8921.228516,2.320312
10026,-9025.554688,-8921.498047,104.056641
10027,-11948.077148,-11948.846680,0.769531
10028,-11376.295898,-11342.455078,33.840820
10029,-12546.558594,-12522.327148,24.231445
10030,-9276.516602,-9404.483398,127.966797
10031,-8865.868164,-8864.100586,1.767578
10032,-11198.745117,-10410.938477,787.806641
10033,-10987.244141,-10968.930664,18.313477
10034,-11514.922852,-11510.215820,4.707031
10035,-11779.311523,-11780.213867,0.902344
10036,-11555.397461,-11542.691406,12.706055
10037,-9797.001953,-9835.723633,38.721680
10038,-12418.115234,-12385.677734,32.437500
10039,-10591.277344,-10566.783203,24.494141
10040,-8500.402344,-8393.832031,106.570312
10041,-10940.124023,-10901.479492,38.644531
10042,-11768.701172,-11741.316406,27.384766
10043,-11342.819336,-11373.054688,30.235352
10044,-12363.557617,-12352.825195,10.732422
10045,-10849.855469,-10911.850586,61.995117
10046,-9558.439453,-9496.091797,62.347656
10047,-9502.632812,-9521.800781,19.167969
10048,-10909.249023,-10900.928711,8.320312
10049,-10476.306641,-10500.997070,24.690430
10050,-9524.074219,-9554.401367,30.327148
10051,-10345.133789,-10361.794922,16.661133
10052,-11942.173828,-11914.851562,27.322266
10053,-12005.751953,-11947.810547,57.941406
10054,-12512.695312,-12488.558594,24.136719
10055,-9954.956055,-9960.340820,5.384766
10056,-10465.875977,-10466.761719,0.885742
10057,-12503.128906,-12490.001953,13.126953
10058,-10458.560547,-10464.756836,6.196289
10059,-9928.495117,-9958.505859,30.010742
10060,-10565.556641,-10465.074219,100.482422
10061,-10573.326172,-10532.381836,40.944336
10062,-11957.830078,-11946.980469,10.849609
10063,-12183.491211,-12488.736328,305.245117
10064,-11409.412109,-11406.489258,2.922852
10065,-11938.371094,-11949.362305,10.991211
10066,-11968.694336,-11913.510742,55.183594
10067,-11506.870117,-11509.890625,3.020508
10068,-11523.627930,-11511.026367,12.601562
10069,-11468.145508,-11543.420898,75.275391
10070,-10462.200195,-10501.734375,39.534180
10071,-8859.337891,-8921.637695,62.299805
10072,-11999.686523,-11982.542969,17.143555
10073,-12432.367188,-12419.442383,12.924805
10074,-12069.194336,-11978.901367,90.292969
10075,-11349.029297,-11511.376953,162.347656
10076,-11424.594727,-11408.528320,16.066406
10077,-10602.174805,-10598.253906,3.920898
10078,-10482.130859,-10474.537109,7.593750
10079,-11314.227539,-11303.607422,10.620117
10080,-10599.397461,-10532.887695,66.509766
10081,-10541.647461,-10532.181641,9.465820
10082,-10434.216797,-10441.708984,7.492188
10083,-10296.281250,-10202.147461,94.133789
10084,-9640.315430,-9497.643555,142.671875
10085,-9617.146484,-9496.077148,121.069336
10086,-11953.649414,-11915.528320,38.121094
10087,-10299.344727,-10328.447266,29.102539
10088,-10364.370117,-10333.693359,30.676758
10089,-11567.482422,-11576.778320,9.295898
10090,-9932.530273,-9866.754883,65.775391
10091,-12573.974609,-12554.412109,19.562500
10092,-8669.733398,-8451.590820,218.142578
10093,-9505.441406,-9463.570312,41.871094
10094,-10386.129883,-10362.837891,23.291992
10095,-9515.187500,-9588.783203,73.595703
10096,-10529.910156,-10566.136719,36.226562
10097,-10556.448242,-10534.394531,22.053711
10098,-12326.556641,-12321.292969,5.263672
10099,-11573.524414,-11575.619141,2.094727
10100,-11532.926758,-11543.721680,10.794922
10101,-12256.676758,-12321.855469,65.178711
10102,-11535.824219,-11543.826172,8.001953
10103,-12340.100586,-12353.643555,13.542969
10104,-11916.933594,-11948.877930,31.944336
10105,-9563.472656,-9589.121094,25.648438
10106,-11046.375000,-11036.875977,9.499023
10107,-13368.373047,-13432.067383,63.694336
10108,-8128.054688,-7383.828613,744.226074
10109,-13938.214844,-13905.365234,32.849609
10110,-11860.153320,-11846.031250,14.122070
10111,-11441.051758,-11475.924805,34.873047
10112,-11992.555664,-11979.196289,13.359375
10113,-12567.062500,-12489.553711,77.508789
10114,-10194.467773,-10337.725586,143.257812
10115,-10987.935547,-10936.896484,51.039062
10116,-9659.681641,-9562.615234,97.066406
10117,-11933.735352,-11949.382812,15.647461
10118,-10989.038086,-10968.644531,20.393555
10119,-9903.827148,-9798.073242,105.753906
10120,-11517.899414,-11477.911133,39.988281
10121,-11404.701172,-11577.306641,172.605469
10122,-12391.115234,-12487.555664,96.440430
10123,-10899.658203,-10904.055664,4.397461
10124,-11228.059570,-11237.844727,9.785156
10125,-10879.374023,-10905.165039,25.791016
10126,-12880.335938,-12960.072266,79.736328
10127,-11460.839844,-11445.621094,15.218750
10128,-12528.721680,-12555.352539,26.630859
10129,-9843.371094,-9931.878906,88.507812
10130,-11503.954102,-11543.821289,39.867188
10131,-11488.184570,-11485.238281,2.946289
10132,-10375.214844,-10395.773438,20.558594
10133,-11013.511719,-11001.521484,11.990234
10134,-11018.059570,-10969.429688,48.629883
10135,-10476.839844,-10429.964844,46.875000
10136,-11974.980469,-11948.263672,26.716797
10137,-9801.131836,-10432.789062,631.657227
10138,-9515.228516,-9523.602539,8.374023
10139,-10367.464844,-10442.930664,75.465820
10140,-12123.558594,-12014.263672,109.294922
10141,-11423.551758,-11408.017578,15.534180
10142,-11336.077148,-11309.928711,26.148438
10143,-12484.197266,-12453.489258,30.708008
10144,-12920.084961,-12959.350586,39.265625
10145,-11967.458008,-11982.241211,14.783203
10146,-11858.803711,-11811.379883,47.423828
10147,-10629.703125,-10566.160156,63.542969
10148,-9979.005859,-9869.226562,109.779297
10149,-11603.251953,-11576.918945,26.333008
10150,-11014.117188,-10968.871094,45.246094
10151,-10527.966797,-10533.598633,5.631836
10152,-12867.053711,-12821.313477,45.740234
10153,-10923.653320,-10903.669922,19.983398
10154,-10011.947266,-9965.556641,46.390625
10155,-11830.882812,-11812.062500,18.820312
10156,-8172.223145,-8369.313477,197.090332
10157,-11001.468750,-10971.116211,30.352539
10158,-12008.859375,-12014.568359,5.708984
10159,-9971.602539,-9866.832031,104.770508
10160,-11998.918945,-11980.521484,18.397461
10161,-9603.109375,-9797.435547,194.326172
10162,-11003.531250,-10970.520508,33.010742
10163,-11511.786133,-11543.708984,31.922852
10164,-11596.004883,-11576.217773,19.787109
10165,-11979.307617,-11981.248047,1.940430
10166,-9934.832031,-9935.449219,0.617188
10167,-10469.225586,-10397.728516,71.497070
10168,-11877.697266,-11980.599609,102.902344
10169,-10949.296875,-10971.168945,21.872070
10170,-10555.051758,-10532.071289,22.980469
10171,-11982.666016,-11948.808594,33.857422
10172,-11532.199219,-11510.749023,21.450195
10173,-10989.902344,-11003.938477,14.036133
10174,-12643.654297,-12521.842773,121.811523
10175,-9971.108398,-9893.271484,77.836914
10176,-11938.929688,-11949.015625,10.085938
10177,-11949.348633,-11914.954102,34.394531
10178,-11403.097656,-11375.483398,27.614258
10179,-10527.237305,-10533.243164,6.005859
10180,-10962.234375,-10934.649414,27.584961
10181,-12289.312500,-12320.428711,31.116211
10182,-11354.928711,-11375.322266,20.393555
10183,-10348.489258,-10364.552734,16.063477
10184,-10574.522461,-10564.974609,9.547852
10185,-11476.969727,-11479.875977,2.906250
10186,-11349.241211,-11342.036133,7.205078
10187,-11262.055664,-11307.945312,45.889648
10188,-11346.551758,-11343.777344,2.774414
10189,-10850.775391,-10833.739258,17.036133
10190,-8462.212891,-8486.777344,24.564453
10191,-12238.708008,-11452.340820,786.367188
10192,-11960.156250,-11947.235352,12.920898
10193,-11542.468750,-11544.971680,2.502930
10194,-11400.730469,-11476.890625,76.160156
10195,-9523.772461,-9555.675781,31.903320
10196,-10967.978516,-10936.116211,31.862305
10197,-12335.547852,-12386.066406,50.518555
10198,-11494.011719,-11478.585938,15.425781
10199,-9565.787109,-9588.941406,23.154297
10200,-10533.483398,-10534.117188,0.633789
10201,-10491.196289,-10498.659180,7.462891
10202,-13442.836914,-13396.286133,46.550781
10203,-12916.866211,-12892.924805,23.941406
10204,-10955.824219,-10937.362305,18.461914
10205,-10469.612305,-10395.991211,73.621094
10206,-12417.053711,-12354.107422,62.946289
10207,-10869.429688,-10832.660156,36.769531
10208,-12964.666992,-12926.268555,38.398438
10209,-11525.734375,-11509.833008,15.901367
10210,-10929.583008,-10912.155273,17.427734
10211,-9353.633789,-9268.516602,85.117188
10212,-12532.845703,-12521.862305,10.983398
10213,-10549.484375,-10566.237305,16.752930
10214,-9820.318359,-9797.704102,22.614258
10215,-10945.193359,-10969.349609,24.156250
10216,-10395.262695,-10362.977539,32.285156
10217,-10484.061523,-10500.699219,16.637695
10218,-11348.504883,-11373.596680,25.091797
10219,-11629.179688,-11748.082031,118.902344
10220,-10000.897461,-10023.676758,22.779297
10221,-10962.998047,-11002.364258,39.366211
10222,-9510.217773,-9554.428711,44.210938
10223,-11539.329102,-11543.689453,4.360352
10224,-10926.203125,-10935.948242,9.745117
10225,-11472.131836,-11476.265625,4.133789
10226,-9895.988281,-9932.605469,36.617188
10227,-12429.496094,-12384.911133,44.584961
10228,-10617.822266,-10598.424805,19.397461
10229,-9867.902344,-9898.569336,30.666992
10230,-9947.192383,-9958.973633,11.781250
10231,-11474.166992,-11439.830078,34.336914
10232,-9390.762695,-9293.033203,97.729492
10233,-13071.715820,-12991.736328,79.979492
10234,-11367.252930,-11375.016602,7.763672
10235,-11988.939453,-11946.343750,42.595703
10236,-10539.624023,-10498.863281,40.760742
10237,-11451.132812,-11444.715820,6.416992
10238,-10570.241211,-9902.748047,667.493164
10239,-11562.962891,-11543.646484,19.316406
10240,-10586.666016,-10565.519531,21.146484
10241,-9593.851562,-9495.958984,97.892578
10242,-10591.387695,-10566.222656,25.165039
10243,-11499.335938,-11509.607422,10.271484
10244,-10531.300781,-10500.343750,30.957031
10245,-10814.458984,-10833.668945,19.209961
10246,-11519.760742,-11477.674805,42.085938
10247,-11995.273438,-11982.551758,12.721680
10248,-9513.230469,-9587.547852,74.317383
10249,-11004.300781,-11001.780273,2.520508
10250,-11455.997070,-11510.378906,54.381836
10251,-11382.022461,-11336.967773,45.054688
10252,-10975.194336,-10971.314453,3.879883
10253,-9990.145508,-9932.443359,57.702148
10254,-11897.211914,-11948.376953,51.165039
10255,-9514.437500,-9488.522461,25.915039
10256,-10950.424805,-10937.643555,12.781250
10257,-11460.625000,-11478.414062,17.789062
10258,-11548.308594,-11543.656250,4.652344
10259,-12249.736328,-12247.765625,1.970703
10260,-11023.845703,-11034.475586,10.629883
10261,-11544.058594,-11510.604492,33.454102
10262,-13554.517578,-13499.264648,55.252930
10263,-11301.450195,-11304.311523,2.861328
10264,-11582.478516,-11576.961914,5.516602
10265,-11462.219727,-11388.118164,74.101562
10266,-9280.321289,-8892.746094,387.575195
10267,-10392.860352,-10441.693359,48.833008
10268,-10991.740234,-10968.171875,23.568359
10269,-10694.559570,-10564.785156,129.774414
10270,-12912.806641,-12958.473633,45.666992
10271,-12364.390625,-12385.905273,21.514648
10272,-12383.636719,-12385.511719,1.875000
10273,-8527.433594,-8426.239258,101.194336
10274,-11521.259766,-11576.086914,54.827148
10275,-10855.460938,-10904.744141,49.283203
10276,-10819.721680,-10769.551758,50.169922
10277,-10839.517578,-10474.407227,365.110352
10278,-11612.808594,-11593.588867,19.219727
10279,-10935.195312,-10936.135742,0.940430
10280,-10540.121094,-10441.591797,98.529297
10281,-13389.051758,-13443.417969,54.366211
10282,-11887.974609,-11947.874023,59.899414
10283,-10551.992188,-10533.533203,18.458984
10284,-10512.757812,-10465.898438,46.859375
10285,-13290.842773,-13225.990234,64.852539
10286,-10442.927734,-10430.113281,12.814453
10287,-10029.081055,-9990.901367,38.179688
10288,-11959.396484,-11948.917969,10.478516
10289,-12039.034180,-11946.268555,92.765625
10290,-10951.825195,-10937.700195,14.125000
10291,-11452.302734,-11439.885742,12.416992
10292,-10962.011719,-11001.912109,39.900391
10293,-12800.920898,-12926.984375,126.063477
10294,-8816.668945,-8830.930664,14.261719
10295,-13550.488281,-13549.156250,1.332031
10296,-10943.790039,-10945.442383,1.652344
10297,-10955.343750,-10845.681641,109.662109
10298,-11935.907227,-11949.436523,13.529297
10299,-11264.021484,-11271.623047,7.601562
10300,-11377.769531,-11374.665039,3.104492
10301,-11014.676758,-11001.291016,13.385742
10302,-12344.655273,-12216.561523,128.093750
10303,-11488.098633,-11511.898438,23.799805
10304,-11422.039062,-11407.837891,14.201172
10305,-10921.654297,-10903.042969,18.611328
10306,-13287.630859,-13227.756836,59.874023
10307,-12017.176758,-11949.015625,68.161133
10308,-10941.556641,-10936.991211,4.565430
10309,-9528.269531,-9462.783203,65.486328
10310,-11507.719727,-11509.453125,1.733398
10311,-10494.243164,-10533.041016,38.797852
10312,-10998.513672,-11001.978516,3.464844
10313,-11280.366211,-11317.120117,36.753906
10314,-10544.956055,-10501.075195,43.880859
10315,-11974.000977,-11943.925781,30.075195
10316,-10530.738281,-10497.629883,33.108398
10317,-12547.384766,-12554.408203,7.023438
10318,-13380.726562,-13468.000977,87.274414
10319,-8925.395508,-8888.897461,36.498047
10320,-10388.126953,-10409.791016,21.664062
10321,-12500.463867,-12553.729492,53.265625
10322,-9785.482422,-9463.004883,322.477539
10323,-10977.328125,-10935.922852,41.405273
10324,-11460.796875,-11407.093750,53.703125
10325,-10742.776367,-10880.860352,138.083984
10326,-11566.801758,-11543.637695,23.164062
10327,-12562.099609,-12554.311523,7.788086
10328,-11549.286133,-11576.913086,27.626953
10329,-11869.863281,-11833.987305,35.875977
10330,-11337.037109,-11342.085938,5.048828
10331,-12537.447266,-12487.580078,49.867188
10332,-11907.007812,-11914.708008,7.700195
10333,-11903.232422,-11914.400391,11.167969
10334,-10543.086914,-10533.743164,9.343750
10335,-11608.767578,-11608.845703,0.078125
10336,-12571.525391,-12554.239258,17.286133
10337,-11521.106445,-11509.539062,11.567383
10338,-11359.199219,-11341.793945,17.405273
10339,-11670.296875,-11746.897461,76.600586
10340,-9896.214844,-9867.407227,28.807617
10341,-10528.606445,-10533.371094,4.764648
10342,-11532.016602,-11511.917969,20.098633
10343,-11527.377930,-11511.836914,15.541016
10344,-9912.091797,-9925.518555,13.426758
10345,-11881.827148,-11947.893555,66.066406
10346,-10539.300781,-10531.181641,8.119141
10347,-12498.486328,-12571.589844,73.103516
10348,-10925.300781,-10834.458984,90.841797
10349,-10888.050781,-10904.039062,15.988281
10350,-10600.144531,-10599.681641,0.462891
10351,-10948.050781,-10938.637695,9.413086
10352,-10573.302734,-10532.169922,41.132812
10353,-12312.003906,-12352.973633,40.969727
10354,-9353.542969,-10026.011719,672.468750
10355,-10997.549805,-10936.432617,61.117188
10356,-10961.332031,-10971.734375,10.402344
10357,-12459.061523,-12319.814453,139.247070
10358,-11412.544922,-11407.502930,5.041992
10359,-11338.200195,-11340.247070,2.046875
10360,-10936.937500,-10905.154297,31.783203
10361,-11445.854492,-11475.826172,29.971680
10362,-11001.656250,-10969.439453,32.216797
10363,-12466.647461,-12521.419922,54.772461
10364,-10590.185547,-10415.205078,174.980469
10365,-11507.044922,-11509.559570,2.514648
10366,-11917.169922,-11914.691406,2.478516
10367,-9531.333008,-9522.873047,8.459961
10368,-10926.536133,-10937.846680,11.310547
10369,-10861.928711,-10869.615234,7.686523
10370,-10616.589844,-10565.383789,51.206055
10371,-11971.138672,-11980.600586,9.461914
10372,-12906.080078,-12892.503906,13.576172
10373,-12528.323242,-12553.916016,25.592773
10374,-12432.880859,-12521.489258,88.608398
10375,-11548.288086,-11476.018555,72.269531
10376,-9607.120117,-9589.095703,18.024414
10377,-12487.103516,-12522.990234,35.886719
10378,-11224.674805,-11237.793945,13.119141
10379,-11918.630859,-11916.024414,2.606445
10380,-11306.933594,-11343.405273,36.471680
10381,-11850.858398,-11881.748047,30.889648
10382,-10831.626953,-10846.750000,15.123047
10383,-7926.232422,-7854.683594,71.548828
10384,-10836.728516,-10911.685547,74.957031
10385,-13002.702148,-12958.813477,43.888672
10386,-12515.139648,-12523.003906,7.864258
10387,-9893.565430,-9901.455078,7.889648
10388,-12470.645508,-12520.425781,49.780273
10389,-11513.979492,-11512.868164,1.111328
10390,-10500.141602,-10476.595703,23.545898
10391,-11990.751953,-11949.656250,41.095703
10392,-11510.160156,-11544.030273,33.870117
10393,-10533.220703,-10534.632812,1.412109
10394,-11977.601562,-11981.146484,3.544922
10395,-10498.216797,-10532.838867,34.622070
10396,-8961.986328,-8896.770508,65.215820
10397,-11013.768555,-10911.389648,102.378906
10398,-9459.370117,-9261.865234,197.504883
10399,-11420.928711,-11509.878906,88.950195
10400,-12001.199219,-11947.335938,53.863281
10401,-10142.582031,-10408.322266,265.740234
10402,-11365.471680,-11374.569336,9.097656
10403,-11984.581055,-11982.076172,2.504883
10404,-11527.716797,-11510.952148,16.764648
10405,-11735.544922,-11747.865234,12.320312
10406,-11005.892578,-10877.138672,128.753906
10407,-9577.704102,-9554.394531,23.309570
10408,-11368.572266,-11373.475586,4.903320
10409,-10500.084961,-10442.195312,57.889648
10410,-11550.602539,-11542.677734,7.924805
10411,-10522.021484,-10499.638672,22.382812
10412,-10977.454102,-10937.193359,40.260742
10413,-12560.451172,-12488.666992,71.784180
10414,-12354.519531,-12554.476562,199.957031
10415,-11027.911133,-10971.166016,56.745117
10416,-12895.914062,-12894.514648,1.399414
10417,-11916.167969,-11949.097656,32.929688
10418,-10983.473633,-10944.282227,39.191406
10419,-11357.875977,-11408.748047,50.872070
10420,-11338.835938,-11373.972656,35.136719
10421,-11935.544922,-11914.028320,21.516602
10422,-10438.172852,-10464.805664,26.632812
10423,-9376.414062,-9429.712891,53.298828
10424,-10508.972656,-10499.686523,9.286133
10425,-12448.606445,-12417.597656,31.008789
10426,-11999.207031,-11947.677734,51.529297
10427,-9198.849609,-9268.471680,69.622070
10428,-9464.863281,-9489.056641,24.193359
10429,-10968.964844,-11003.402344,34.437500
10430,-9984.021484,-9898.792969,85.228516
10431,-11405.612305,-11374.612305,31.000000
10432,-7892.357422,-7795.696777,96.660645
10433,-10978.011719,-10912.916992,65.094727
10434,-9491.187500,-9521.926758,30.739258
10435,-11532.539062,-11509.688477,22.850586
10436,-10999.850586,-10968.195312,31.655273
10437,-10495.500977,-10441.197266,54.303711
10438,-13308.687500,-13330.695312,22.007812
10439,-10987.852539,-10877.157227,110.695312
10440,-9349.631836,-9404.603516,54.971680
10441,-12392.504883,-12520.544922,128.040039
10442,-9516.787109,-9489.164062,27.623047
10443,-10983.170898,-10969.122070,14.048828
10444,-10794.606445,-10775.204102,19.402344
10445,-11932.646484,-11945.708984,13.062500
10446,-11960.227539,-11916.230469,43.997070
10447,-10950.638672,-10971.127930,20.489258
10448,-11985.352539,-11949.583008,35.769531
10449,-11968.306641,-11948.092773,20.213867
10450,-11464.017578,-11477.314453,13.296875
10451,-10603.018555,-10499.649414,103.369141
10452,-11336.951172,-11340.498047,3.546875
10453,-11975.585938,-11883.600586,91.985352
10454,-10632.659180,-10500.283203,132.375977
10455,-11668.036133,-11754.306641,86.270508
10456,-11009.073242,-11002.716797,6.356445
10457,-12450.694336,-12386.133789,64.560547
10458,-10502.716797,-10532.459961,29.743164
10459,-10623.364258,-10565.209961,58.154297
10460,-8530.414062,-8460.439453,69.974609
10461,-12600.090820,-12554.912109,45.178711
10462,-10926.916992,-10937.253906,10.336914
10463,-11866.419922,-11882.373047,15.953125
10464,-9623.009766,-9464.414062,158.595703
10465,-11004.952148,-10968.696289,36.255859
10466,-11005.532227,-10968.894531,36.637695
10467,-11361.579102,-11374.581055,13.001953
10468,-14668.751953,-14640.038086,28.713867
10469,-11929.750977,-11844.686523,85.064453
10470,-11417.794922,-11439.699219,21.904297
10471,-12305.482422,-12249.957031,55.525391
10472,-11733.818359,-11811.835938,78.017578
10473,-11402.434570,-11405.041992,2.607422
10474,-11438.620117,-11478.618164,39.998047
10475,-9870.930664,-9934.570312,63.639648
10476,-9239.576172,-7382.581543,1856.994629
10477,-10891.144531,-10969.592773,78.448242
10478,-9747.291016,-9834.702148,87.411133
10479,-11551.292969,-11544.214844,7.078125
10480,-11965.121094,-11947.819336,17.301758
10481,-12442.604492,-12456.007812,13.403320
10482,-11999.897461,-11948.473633,51.423828
10483,-12286.994141,-12281.683594,5.310547
10484,-10581.363281,-10565.955078,15.408203
10485,-10370.620117,-10364.126953,6.493164
10486,-10535.794922,-10474.312500,61.482422
10487,-11916.451172,-11915.809570,0.641602
10488,-9913.765625,-9957.397461,43.631836
10489,-11846.924805,-11810.405273,36.519531
10490,-10584.458984,-10565.228516,19.230469
10491,-12412.957031,-12456.004883,43.047852
10492,-11001.550781,-11002.985352,1.434570
10493,-12818.998047,-12791.423828,27.574219
10494,-9497.666992,-9520.879883,23.212891
10495,-11581.197266,-11543.350586,37.846680
10496,-10424.278320,-10429.011719,4.733398
10497,-11561.993164,-11542.595703,19.397461
10498,-10579.337891,-10533.265625,46.072266
10499,-8702.874023,-8418.801758,284.072266
10500,-10934.290039,-10937.672852,3.382812
10501,-10977.931641,-10970.885742,7.045898
10502,-10919.293945,-10970.054688,50.760742
10503,-11545.780273,-11576.759766,30.979492
10504,-11413.108398,-11372.842773,40.265625
10505,-10871.717773,-10903.875977,32.158203
10506,-7535.235352,-7828.643066,293.407715
10507,-12272.814453,-12249.101562,23.712891
10508,-11573.370117,-11544.541992,28.828125
10509,-11944.050781,-11914.479492,29.571289
10510,-12520.969727,-12521.391602,0.421875
10511,-9584.141602,-9587.699219,3.557617
10512,-11292.828125,-11372.471680,79.643555
10513,-8328.193359,-8291.151367,37.041992
10514,-10314.192383,-10329.299805,15.107422
10515,-12524.990234,-12554.243164,29.252930
10516,-11798.431641,-11720.478516,77.953125
10517,-10886.892578,-10866.899414,19.993164
10518,-10552.560547,-10500.721680,51.838867
10519,-11001.479492,-10969.737305,31.742188
10520,-9899.438477,-9764.324219,135.114258
10521,-9963.125977,-9959.218750,3.907227
10522,-10883.807617,-10902.349609,18.541992
10523,-11491.694336,-11476.052734,15.641602
10524,-12434.098633,-12418.953125,15.145508
10525,-9552.838867,-9555.990234,3.151367
10526,-11666.165039,-11813.731445,147.566406
10527,-11942.599609,-11915.304688,27.294922
10528,-9935.134766,-9958.349609,23.214844
10529,-11575.738281,-11544.443359,31.294922
10530,-12677.761719,-12411.254883,266.506836
10531,-11860.650391,-11915.449219,54.798828
10532,-10564.729492,-10533.291992,31.437500
10533,-11529.200195,-11542.796875,13.596680
10534,-10595.537109,-10338.393555,257.143555
10535,-11140.199219,-10878.315430,261.883789
10536,-10624.102539,-10598.426758,25.675781
10537,-10514.847656,-10531.900391,17.052734
10538,-11558.734375,-11510.180664,48.553711
10539,-10644.665039,-10598.388672,46.276367
10540,-10955.834961,-10970.153320,14.318359
10541,-9636.256836,-9496.433594,139.823242
10542,-10911.884766,-10937.440430,25.555664
10543,-12325.953125,-12554.065430,228.112305
10544,-12333.229492,-12353.729492,20.500000
10545,-12514.046875,-12456.691406,57.355469
10546,-11796.211914,-11722.726562,73.485352
10547,-10929.567383,-10902.941406,26.625977
10548,-8804.980469,-8864.656250,59.675781
10549,-11975.283203,-11949.108398,26.174805
10550,-8951.696289,-9522.877930,571.181641
10551,-10547.511719,-10564.754883,17.243164
10552,-9593.850586,-9554.759766,39.090820
10553,-11635.808594,-11780.133789,144.325195
10554,-10500.976562,-10497.032227,3.944336
10555,-11420.027344,-11476.574219,56.546875
10556,-8473.836914,-8520.072266,46.235352
10557,-11471.174805,-11509.772461,38.597656
10558,-12029.697266,-11979.434570,50.262695
10559,-9686.880859,-9562.290039,124.590820
10560,-8309.330078,-7450.830078,858.500000
10561,-12510.743164,-12455.894531,54.848633
10562,-10526.128906,-10501.173828,24.955078
10563,-8556.010742,-8729.226562,173.215820
10564,-10535.343750,-10532.277344,3.066406
10565,-12644.833008,-12479.372070,165.460938
10566,-11980.053711,-11948.274414,31.779297
10567,-8944.680664,-8552.536133,392.144531
10568,-12486.136719,-12521.625000,35.488281
10569,-12017.825195,-11981.564453,36.260742
10570,-10960.242188,-10935.385742,24.856445
10571,-11784.415039,-11812.044922,27.629883
10572,-12530.417969,-12521.813477,8.604492
10573,-9524.871094,-9488.556641,36.314453
10574,-9554.500977,-9520.414062,34.086914
10575,-11000.724609,-10970.200195,30.524414
10576,-9607.351562,-9587.727539,19.624023
10577,-12428.747070,-12451.109375,22.362305
10578,-11490.725586,-11478.574219,12.151367
10579,-11927.226562,-11915.782227,11.444336
10580,-12523.865234,-12488.807617,35.057617
10581,-9802.321289,-9960.616211,158.294922
10582,-11342.185547,-11374.011719,31.826172
10583,-10522.368164,-10532.361328,9.993164
10584,-11380.443359,-11373.749023,6.694336
10585,-11257.700195,-11238.913086,18.787109
10586,-11485.429688,-11476.222656,9.207031
10587,-11497.040039,-11541.418945,44.378906
10588,-11906.172852,-11913.794922,7.622070
10589,-11522.929688,-11543.730469,20.800781
10590,-9984.022461,-9957.541992,26.480469
10591,-10567.082031,-10533.549805,33.532227
10592,-10920.257812,-10903.947266,16.310547
10593,-10521.575195,-10507.019531,14.555664
10594,-11474.248047,-11477.198242,2.950195
10595,-11862.322266,-11844.058594,18.263672
10596,-12140.398438,-11889.750977,250.647461
10597,-10954.830078,-10936.045898,18.784180
10598,-10056.559570,-10023.862305,32.697266
10599,-12245.610352,-12249.624023,4.013672
10600,-9880.977539,-9859.752930,21.224609
10601,-12527.597656,-12522.357422,5.240234
10602,-11388.436523,-11376.347656,12.088867
10603,-9996.912109,-9957.873047,39.039062
10604,-10937.500000,-10905.017578,32.482422
10605,-9991.832031,-9934.832031,57.000000
10606,-11549.741211,-11543.587891,6.153320
10607,-9382.952148,-9405.266602,22.314453
10608,-12656.972656,-12756.633789,99.661133
10609,-13045.962891,-12926.751953,119.210938
10610,-12458.787109,-12522.453125,63.666016
10611,-11305.544922,-11308.604492,3.059570
10612,-10928.003906,-10936.454102,8.450195
10613,-11484.967773,-11477.610352,7.357422
10614,-8520.125977,-8460.257812,59.868164
10615,-12363.357422,-12352.591797,10.765625
10616,-10895.125000,-10802.229492,92.895508
10617,-12402.180664,-12386.829102,15.351562
10618,-9921.462891,-9960.895508,39.432617
10619,-10911.815430,-10902.727539,9.087891
10620,-10877.034180,-10903.872070,26.837891
10621,-11329.054688,-11374.855469,45.800781
10622,-9873.384766,-9935.426758,62.041992
10623,-11410.153320,-11374.541992,35.611328
10624,-10422.662109,-10427.252930,4.590820
10625,-11806.714844,-11484.604492,322.110352
10626,-10987.617188,-10939.301758,48.315430
10627,-11482.494141,-11479.320312,3.173828
10628,-9901.520508,-9866.061523,35.458984
10629,-11498.731445,-11509.826172,11.094727
10630,-11549.777344,-11509.577148,40.200195
10631,-10638.341797,-10599.291016,39.050781
10632,-11514.688477,-11510.922852,3.765625
10633,-9912.821289,-9924.231445,11.410156
10634,-9337.292969,-9328.552734,8.740234
10635,-13432.493164,-13500.494141,68.000977
10636,-11948.392578,-11946.875000,1.517578
10637,-9449.946289,-9463.818359,13.872070
10638,-11432.944336,-11408.313477,24.630859
10639,-12332.192383,-12353.721680,21.529297
10640,-9569.567383,-9522.643555,46.923828
10641,-10939.794922,-10935.457031,4.337891
10642,-11996.405273,-11948.400391,48.004883
10643,-11988.766602,-11948.846680,39.919922
10644,-11328.421875,-11342.265625,13.843750
10645,-12395.312500,-12418.753906,23.441406
10646,-11532.509766,-11542.743164,10.233398
10647,-10575.660156,-10566.566406,9.093750
10648,-9510.036133,-9437.515625,72.520508
10649,-11452.469727,-11478.179688,25.709961
10650,-10534.736328,-10531.828125,2.908203
10651,-12450.220703,-12351.608398,98.612305
10652,-12420.773438,-12554.155273,133.381836
10653,-10531.066406,-10466.783203,64.283203
10654,-11510.943359,-11509.540039,1.403320
10655,-10609.877930,-10566.165039,43.712891
10656,-8964.175781,-9588.088867,623.913086
10657,-10467.683594,-10499.600586,31.916992
10658,-10924.461914,-10937.782227,13.320312
10659,-10960.287109,-10937.224609,23.062500
10660,-13001.885742,-12960.288086,41.597656
10661,-12948.958984,-12956.534180,7.575195
10662,-10387.759766,-10430.081055,42.321289
10663,-12521.242188,-12520.909180,0.333008
10664,-13434.335938,-13500.138672,65.802734
10665,-11576.476562,-11542.932617,33.543945
10666,-10956.335938,-10937.395508,18.940430
10667,-10906.740234,-10937.163086,30.422852
10668,-11852.062500,-11811.431641,40.630859
10669,-10561.160156,-10532.272461,28.887695
10670,-12894.710938,-12959.145508,64.434570
10671,-12633.471680,-12757.426758,123.955078
10672,-10559.494141,-10534.599609,24.894531
10673,-11507.685547,-11510.190430,2.504883
10674,-11965.363281,-11915.894531,49.468750
10675,-11526.943359,-11509.778320,17.165039
10676,-9267.232422,-8486.846680,780.385742
10677,-10004.441406,-9957.375000,47.066406
10678,-11315.523438,-11375.335938,59.812500
10679,-10539.602539,-10567.267578,27.665039
10680,-9568.328125,-9556.082031,12.246094
10681,-10366.744141,-10398.244141,31.500000
10682,-12566.906250,-12489.407227,77.499023
10683,-10945.822266,-10939.632812,6.189453
10684,-10971.958008,-10969.843750,2.114258
10685,-12032.393555,-12012.454102,19.939453
10686,-11402.558594,-11375.554688,27.003906
10687,-10393.449219,-10306.495117,86.954102
10688,-10377.782227,-10364.334961,13.447266
10689,-11436.906250,-11477.613281,40.707031
10690,-12000.570312,-11948.161133,52.409180
10691,-10373.188477,-10364.399414,8.789062
10692,-11563.048828,-11575.718750,12.669922
10693,-11375.488281,-11407.704102,32.215820
10694,-10881.725586,-10877.889648,3.835938
10695,-10579.564453,-10532.390625,47.173828
10696,-10399.762695,-10533.103516,133.340820
10697,-11514.661133,-11507.529297,7.131836
10698,-9685.843750,-9653.914062,31.929688
10699,-10561.561523,-10565.912109,4.350586
10700,-9531.325195,-9589.051758,57.726562
10701,-10503.598633,-10498.826172,4.772461
10702,-12281.898438,-12249.992188,31.906250
10703,-12009.124023,-11978.081055,31.042969
10704,-11943.294922,-11947.119141,3.824219
10705,-8689.208008,-8518.624023,170.583984
10706,-10544.443359,-10565.127930,20.684570
10707,-9993.886719,-9989.869141,4.017578
10708,-13685.252930,-13447.014648,238.238281
10709,-10349.532227,-10330.336914,19.195312
10710,-10491.469727,-10531.643555,40.173828
10711,-9924.506836,-9957.811523,33.304688
10712,-10980.916992,-10970.408203,10.508789
10713,-10972.164062,-10971.860352,0.303711
10714,-12563.188477,-12522.094727,41.093750
10715,-9975.633789,-9926.499023,49.134766
10716,-11925.965820,-11948.663086,22.697266
10717,-12906.780273,-12860.322266,46.458008
10718,-10821.286133,-10337.257812,484.028320
10719,-10575.219727,-10533.255859,41.963867
10720,-11507.848633,-11509.350586,1.501953
10721,-11937.694336,-11915.634766,22.059570
10722,-9530.740234,-9554.712891,23.972656
10723,-10980.225586,-10936.989258,43.236328
10724,-9374.554688,-9431.920898,57.366211
10725,-11599.444336,-11576.695312,22.749023
10726,-13397.060547,-13444.219727,47.159180
10727,-9274.376953,-8486.002930,788.374023
10728,-12054.460938,-12155.478516,101.017578
10729,-12232.207031,-12215.811523,16.395508
10730,-9394.369141,-9462.910156,68.541016
10731,-11787.478516,-11813.686523,26.208008
10732,-10485.851562,-10468.809570,17.041992
10733,-8949.930664,-8451.982422,497.948242
10734,-10929.155273,-10939.191406,10.036133
10735,-9528.259766,-9529.389648,1.129883
10736,-10704.033203,-10742.187500,38.154297
10737,-10319.974609,-10396.708008,76.733398
10738,-11811.609375,-11453.284180,358.325195
10739,-11316.333008,-11373.287109,56.954102
10740,-11569.622070,-11576.584961,6.962891
10741,-11022.098633,-11003.686523,18.412109
10742,-12352.117188,-12385.157227,33.040039
10743,-13596.071289,-13467.064453,129.006836
10744,-10458.309570,-10365.254883,93.054688
10745,-9925.408203,-9960.754883,35.346680
10746,-11371.785156,-11444.115234,72.330078
10747,-11554.920898,-11543.115234,11.805664
10748,-10995.432617,-10969.436523,25.996094
10749,-12367.579102,-12454.734375,87.155273
10750,-11012.182617,-11001.541016,10.641602
10751,-11934.557617,-11947.008789,12.451172
10752,-12536.954102,-12489.754883,47.199219
10753,-16374.521484,-16471.908203,97.386719
10754,-10508.064453,-10532.120117,24.055664
10755,-11074.764648,-11002.381836,72.382812
10756,-12434.975586,-12489.645508,54.669922
10757,-11253.827148,-11307.813477,53.986328
10758,-11889.679688,-11948.332031,58.652344
10759,-9351.796875,-9430.953125,79.156250
10760,-10873.373047,-10833.486328,39.886719
10761,-11477.221680,-11511.641602,34.419922
10762,-11448.401367,-11443.847656,4.553711
10763,-10524.721680,-10532.846680,8.125000
10764,-12316.962891,-12288.597656,28.365234
10765,-10470.185547,-10533.581055,63.395508
10766,-10360.411133,-10369.066406,8.655273
10767,-10438.488281,-10475.159180,36.670898
10768,-11551.792969,-11478.218750,73.574219
10769,-11934.777344,-11949.125977,14.348633
10770,-10847.017578,-10834.166016,12.851562
10771,-12404.052734,-12417.944336,13.891602
10772,-11923.777344,-11914.790039,8.987305
10773,-10588.875000,-10565.350586,23.524414
10774,-8280.491211,-8452.115234,171.624023
10775,-11035.734375,-11003.417969,32.316406
10776,-9687.900391,-9429.341797,258.558594
10777,-11455.341797,-11445.026367,10.315430
10778,-11008.482422,-10970.825195,37.657227
10779,-10332.981445,-10365.373047,32.391602
10780,-11884.171875,-11844.975586,39.196289
10781,-10964.454102,-10935.910156,28.543945
10782,-11425.030273,-11453.498047,28.467773
10783,-10907.481445,-10935.923828,28.442383
10784,-11371.505859,-11343.452148,28.053711
10785,-12618.127930,-12685.914062,67.786133
10786,-11906.983398,-11937.458008,30.474609
10787,-10572.832031,-10566.366211,6.465820
10788,-11497.881836,-11479.020508,18.861328
10789,-16687.937500,-16471.070312,216.867188
10790,-11980.943359,-11948.029297,32.914062
10791,-10949.176758,-10905.806641,43.370117
10792,-11874.501953,-11811.322266,63.179688
10793,-12357.832031,-12214.929688,142.902344
10794,-11515.149414,-11511.785156,3.364258
10795,-12912.496094,-12892.671875,19.824219
10796,-10553.881836,-10532.460938,21.420898
10797,-11042.344727,-11034.919922,7.424805
10798,-10610.641602,-10598.332031,12.309570
10799,-12554.806641,-12522.251953,32.554688
10800,-9453.957031,-9462.064453,8.107422
10801,-11911.267578,-11916.574219,5.306641
10802,-12000.176758,-11980.489258,19.687500
10803,-10992.088867,-10968.670898,23.417969
10804,-11416.644531,-11404.698242,11.946289
10805,-12479.661133,-12455.759766,23.901367
10806,-10568.881836,-10533.832031,35.049805
10807,-11524.498047,-11542.925781,18.427734
10808,-12910.958984,-12892.942383,18.016602
10809,-11467.513672,-11407.986328,59.527344
10810,-9653.840820,-9463.511719,190.329102
10811,-10519.415039,-10532.827148,13.412109
10812,-11987.408203,-11890.601562,96.806641
10813,-11341.448242,-11342.046875,0.598633
10814,-9565.820312,-9495.697266,70.123047
10815,-12804.126953,-12790.139648,13.987305
10816,-11499.160156,-11511.551758,12.391602
10817,-11921.247070,-11915.987305,5.259766
10818,-10940.494141,-10933.805664,6.688477
10819,-12957.036133,-13007.396484,50.360352
10820,-11086.036133,-11034.764648,51.271484
10821,-8713.990234,-8485.316406,228.673828
10822,-9413.947266,-9463.016602,49.069336
10823,-11838.622070,-11810.304688,28.317383
10824,-10912.950195,-10839.882812,73.067383
10825,-9957.765625,-9991.087891,33.322266
10826,-10525.586914,-10533.107422,7.520508
10827,-11892.145508,-11878.176758,13.968750
10828,-11866.382812,-11811.758789,54.624023
10829,-11036.002930,-11034.709961,1.292969
10830,-12062.233398,-12014.712891,47.520508
10831,-10966.951172,-10970.313477,3.362305
10832,-10560.940430,-10565.612305,4.671875
10833,-9302.643555,-9357.549805,54.906250
10834,-10547.754883,-10499.864258,47.890625
10835,-10970.301758,-10970.356445,0.054688
10836,-12418.322266,-12456.191406,37.869141
10837,-10392.220703,-10599.066406,206.845703
10838,-11476.685547,-11439.610352,37.075195
10839,-11916.371094,-11883.355469,33.015625
10840,-11414.752930,-11374.188477,40.564453
10841,-12795.958008,-12789.830078,6.127930
10842,-11933.323242,-11948.978516,15.655273
10843,-10971.935547,-10937.148438,34.787109
10844,-12495.085938,-12488.158203,6.927734
10845,-13409.365234,-13332.350586,77.014648
10846,-12314.319336,-12321.391602,7.072266
10847,-9921.031250,-9902.782227,18.249023
10848,-11972.146484,-11949.339844,22.806641
10849,-11783.359375,-11916.241211,132.881836
10850,-11480.498047,-11405.785156,74.712891
10851,-11385.877930,-11375.408203,10.469727
10852,-10557.092773,-10566.612305,9.519531
10853,-11913.008789,-11884.559570,28.449219
10854,-10056.378906,-9899.943359,156.435547
10855,-10467.330078,-10473.792969,6.462891
10856,-9862.445312,-9933.166016,70.720703
10857,-11922.777344,-11915.583008,7.194336
10858,-9498.322266,-9496.822266,1.500000
10859,-11814.805664,-11844.695312,29.889648
10860,-12499.136719,-12418.190430,80.946289
10861,-12902.760742,-12895.113281,7.647461
10862,-11462.437500,-11477.069336,14.631836
10863,-8997.865234,-8865.208984,132.656250
10864,-11722.403320,-11707.866211,14.537109
10865,-12440.289062,-12456.887695,16.598633
10866,-11522.324219,-11317.166016,205.158203
10867,-10727.768555,-10776.213867,48.445312
10868,-12415.783203,-12385.866211,29.916992
10869,-11286.287109,-11341.363281,55.076172
10870,-11564.922852,-11316.415039,248.507812
10871,-9841.920898,-9957.228516,115.307617
10872,-11955.906250,-11981.396484,25.490234
10873,-9770.568359,-9529.424805,241.143555
10874,-11572.300781,-11575.779297,3.478516
10875,-8852.763672,-8864.957031,12.193359
10876,-9886.191406,-9870.495117,15.696289
10877,-11954.702148,-11913.538086,41.164062
10878,-12334.654297,-12554.979492,220.325195
10879,-10920.161133,-10969.188477,49.027344
10880,-9988.804688,-9992.371094,3.566406
10881,-10996.712891,-10969.366211,27.346680
10882,-10364.688477,-10362.531250,2.157227
10883,-11419.831055,-11444.399414,24.568359
10884,-10510.608398,-10671.065430,160.457031
10885,-11122.599609,-11419.833984,297.234375
10886,-9351.082031,-9489.584961,138.502930
10887,-10595.356445,-10533.117188,62.239258
10888,-11831.166992,-11779.993164,51.173828
10889,-11966.085938,-11947.918945,18.166992
10890,-11427.711914,-11374.079102,53.632812
10891,-12835.182617,-12924.962891,89.780273
10892,-10011.178711,-9991.559570,19.619141
10893,-11930.132812,-11914.465820,15.666992
10894,-11516.592773,-11509.356445,7.236328
10895,-11977.013672,-11979.979492,2.965820
10896,-8626.854492,-8519.884766,106.969727
10897,-11017.669922,-11034.755859,17.085938
10898,-12511.412109,-12522.810547,11.398438
10899,-9976.032227,-9901.352539,74.679688
10900,-11523.825195,-11542.680664,18.855469
10901,-11037.250977,-10968.425781,68.825195
10902,-12843.593750,-12926.256836,82.663086
10903,-10547.745117,-10533.131836,14.613281
10904,-10997.874023,-10967.979492,29.894531
10905,-10862.662109,-10880.581055,17.918945
10906,-12304.275391,-12373.382812,69.107422
10907,-10598.189453,-10565.126953,33.062500
10908,-9893.535156,-9834.985352,58.549805
10909,-11507.062500,-11509.048828,1.986328
10910,-9636.800781,-9555.197266,81.603516
10911,-10423.650391,-10397.112305,26.538086
10912,-11012.058594,-10938.194336,73.864258
10913,-8987.626953,-8921.652344,65.974609
10914,-9512.559570,-9555.658203,43.098633
10915,-11490.825195,-11509.957031,19.131836
10916,-11997.622070,-11980.549805,17.072266
10917,-12956.089844,-12925.849609,30.240234
10918,-10547.734375,-10565.202148,17.467773
10919,-11570.504883,-11509.093750,61.411133
10920,-11593.162109,-11542.747070,50.415039
10921,-11490.106445,-11511.934570,21.828125
10922,-11603.684570,-11542.652344,61.032227
10923,-11976.435547,-11949.067383,27.368164
10924,-12534.986328,-12554.370117,19.383789
10925,-10428.100586,-10440.380859,12.280273
10926,-9803.975586,-9809.486328,5.510742
10927,-11323.741211,-11375.611328,51.870117
10928,-10935.412109,-10938.166992,2.754883
10929,-10542.776367,-10566.571289,23.794922
10930,-11517.154297,-11512.544922,4.609375
10931,-11405.248047,-11406.818359,1.570312
10932,-12381.056641,-12384.677734,3.621094
10933,-11941.965820,-11882.253906,59.711914
10934,-11439.742188,-11439.498047,0.244141
10935,-13476.626953,-13363.089844,113.537109
10936,-11562.155273,-11509.249023,52.906250
10937,-11899.306641,-11915.299805,15.993164
10938,-7518.435547,-7762.806641,244.371094
10939,-10324.802734,-10440.169922,115.367188
10940,-10968.018555,-10937.212891,30.805664
10941,-10923.395508,-10901.413086,21.982422
10942,-12964.637695,-12958.801758,5.835938
10943,-9987.489258,-9959.647461,27.841797
10944,-9691.257812,-9429.633789,261.624023
10945,-9942.628906,-9934.280273,8.348633
10946,-10236.790039,-10234.518555,2.271484
10947,-10471.583008,-10428.837891,42.745117
10948,-8525.437500,-8426.744141,98.693359
10949,-10593.494141,-10566.095703,27.398438
10950,-11948.309570,-11948.212891,0.096680
10951,-10994.456055,-10969.936523,24.519531
10952,-12628.718750,-12417.463867,211.254883
10953,-11487.240234,-11511.809570,24.569336
10954,-11909.965820,-11882.936523,27.029297
10955,-11859.182617,-11844.272461,14.910156
10956,-10872.732422,-10937.963867,65.231445
10957,-11571.466797,-11576.014648,4.547852
10958,-11505.176758,-11511.509766,6.333008
10959,-11479.843750,-11508.245117,28.401367
10960,-9238.656250,-9327.639648,88.983398
10961,-11460.650391,-11406.362305,54.288086
10962,-10833.393555,-10866.963867,33.570312
10963,-12479.164062,-12488.044922,8.880859
10964,-11495.541992,-11511.168945,15.626953
10965,-12631.879883,-12554.465820,77.414062
10966,-11386.285156,-11341.040039,45.245117
10967,-10996.461914,-10969.514648,26.947266
10968,-9932.290039,-9901.397461,30.892578
10969,-11453.905273,-11410.557617,43.347656
10970,-9500.583984,-9497.310547,3.273438
10971,-9514.215820,-9489.413086,24.802734
10972,-11876.007812,-11880.822266,4.814453
10973,-10350.593750,-10395.801758,45.208008
10974,-12012.253906,-12012.728516,0.474609
10975,-10491.149414,-10498.161133,7.011719
10976,-11535.941406,-11543.004883,7.063477
10977,-11904.279297,-11948.662109,44.382812
10978,-11557.945312,-11543.721680,14.223633
10979,-8967.789062,-8452.342773,515.446289
10980,-11487.178711,-11478.259766,8.918945
10981,-10608.173828,-10565.114258,43.059570
10982,-11401.287109,-11373.292969,27.994141
10983,-11355.218750,-11374.704102,19.485352
10984,-11920.291016,-11914.336914,5.954102
10985,-10632.726562,-10599.140625,33.585938
10986,-10391.405273,-10397.474609,6.069336
10987,-9891.416016,-9891.791016,0.375000
10988,-11533.319336,-11543.858398,10.539062
10989,-11513.966797,-11476.549805,37.416992
10990,-12932.594727,-13008.584961,75.990234
10991,-10909.411133,-10878.682617,30.728516
10992,-10537.738281,-10533.752930,3.985352
10993,-11507.365234,-11510.964844,3.599609
10994,-12533.925781,-12553.200195,19.274414
10995,-10793.145508,-10833.949219,40.803711
10996,-11376.309570,-11375.799805,0.509766
10997,-11547.447266,-11544.209961,3.237305
10998,-11541.947266,-11510.855469,31.091797
10999,-10583.400391,-10598.200195,14.799805
11000,-11894.199219,-11949.041992,54.842773
11001,-12923.164062,-12927.669922,4.505859
11002,-12766.138672,-12822.034180,55.895508
11003,-12488.861328,-12521.008789,32.147461
11004,-9315.215820,-9326.879883,11.664062
11005,-10367.184570,-10474.413086,107.228516
11006,-10346.981445,-10397.332031,50.350586
11007,-10582.654297,-10533.185547,49.468750
11008,-9453.724609,-9463.887695,10.163086
11009,-10685.176758,-10473.510742,211.666016
11010,-10926.351562,-10938.152344,11.800781
11011,-10588.905273,-10565.063477,23.841797
11012,-12516.755859,-12487.935547,28.820312
11013,-12485.662109,-12553.821289,68.159180
11014,-11486.026367,-11511.918945,25.892578
11015,-11578.717773,-11576.291992,2.425781
11016,-12418.983398,-12384.686523,34.296875
11017,-10511.126953,-10533.931641,22.804688
11018,-12764.304688,-12791.264648,26.959961
11019,-10666.664062,-10439.648438,227.015625
11020,-10231.634766,-7218.741211,3012.893555
11021,-11286.750000,-11778.999023,492.249023
11022,-11800.887695,-11947.723633,146.835938
11023,-10943.254883,-10938.265625,4.989258
11024,-11026.308594,-10969.431641,56.876953
11025,-11006.978516,-11002.002930,4.975586
11026,-13753.966797,-13764.689453,10.722656
11027,-9627.191406,-9621.729492,5.461914
11028,-10440.001953,-10500.493164,60.491211
11029,-11899.716797,-11917.540039,17.823242
11030,-10593.245117,-10566.205078,27.040039
11031,-11495.773438,-11507.998047,12.224609
11032,-10936.392578,-10937.431641,1.039062
11033,-9956.998047,-9833.166016,123.832031
11034,-11256.291016,-11305.610352,49.319336
11035,-10530.187500,-10533.668945,3.481445
11036,-11492.590820,-11477.555664,15.035156
11037,-9483.628906,-9522.570312,38.941406
11038,-11417.939453,-11477.318359,59.378906
11039,-9509.843750,-9458.721680,51.122070
11040,-12448.629883,-12418.383789,30.246094
11041,-11346.109375,-11205.933594,140.175781
11042,-11034.544922,-11001.356445,33.188477
11043,-12322.125000,-12319.563477,2.561523
11044,-11940.903320,-11949.056641,8.153320
11045,-10786.961914,-10770.175781,16.786133
11046,-8810.509766,-8923.709961,113.200195
11047,-11438.767578,-11508.744141,69.976562
11048,-11494.237305,-11477.468750,16.768555
11049,-10515.822266,-10500.738281,15.083984
11050,-9939.529297,-9900.945312,38.583984
11051,-12747.127930,-12789.125977,41.998047
11052,-10620.507812,-10531.850586,88.657227
11053,-11385.387695,-11374.373047,11.014648
11054,-11535.710938,-11507.706055,28.004883
11055,-10889.730469,-10799.363281,90.367188
11056,-13035.830078,-12958.025391,77.804688
11057,-10938.944336,-10937.611328,1.333008
11058,-13404.981445,-13332.416016,72.565430
11059,-11935.092773,-11915.948242,19.144531
11060,-11358.083984,-11376.104492,18.020508
11061,-11391.178711,-11407.024414,15.845703
11062,-10486.079102,-10500.432617,14.353516
11063,-9616.539062,-9496.878906,119.660156
11064,-10699.951172,-10775.934570,75.983398
11065,-10969.674805,-10969.682617,0.007812
11066,-10998.122070,-11003.358398,5.236328
11067,-10632.884766,-10532.221680,100.663086
11068,-9811.898438,-9837.384766,25.486328
11069,-10430.091797,-10397.568359,32.523438
11070,-12828.609375,-12789.249023,39.360352
11071,-10371.581055,-10362.601562,8.979492
11072,-11487.842773,-11437.897461,49.945312
11073,-10578.365234,-10598.456055,20.090820
11074,-11979.759766,-11947.977539,31.782227
11075,-10514.386719,-10468.228516,46.158203
11076,-10192.019531,-10307.174805,115.155273
11077,-11497.429688,-11542.760742,45.331055
11078,-10548.554688,-10532.518555,16.036133
11079,-9624.099609,-9620.958008,3.141602
11080,-11829.718750,-11851.512695,21.793945
11081,-11299.474609,-11239.009766,60.464844
11082,-11523.442383,-11510.890625,12.551758
11083,-13334.064453,-13297.908203,36.156250
11084,-10559.560547,-10531.846680,27.713867
11085,-12940.633789,-12927.261719,13.372070
11086,-11533.354492,-11475.884766,57.469727
11087,-10982.306641,-10970.495117,11.811523
11088,-11983.723633,-11948.313477,35.410156
11089,-11539.659180,-11544.172852,4.513672
11090,-10857.779297,-10845.271484,12.507812
11091,-11302.409180,-11342.105469,39.696289
11092,-10936.229492,-10936.953125,0.723633
11093,-12941.312500,-12894.500000,46.812500
11094,-11445.356445,-11440.353516,5.002930
11095,-10020.154297,-9866.952148,153.202148
11096,-12558.394531,-12521.590820,36.803711
11097,-10824.191406,-10835.083008,10.891602
11098,-9623.160156,-9587.597656,35.562500
11099,-12378.991211,-12386.187500,7.196289
11100,-11846.776367,-11318.628906,528.147461
11101,-10457.773438,-10498.546875,40.773438
11102,-10883.706055,-10936.816406,53.110352
11103,-11338.682617,-11341.883789,3.201172
11104,-11535.881836,-11510.524414,25.357422
11105,-11900.591797,-11914.795898,14.204102
11106,-12343.920898,-12385.857422,41.936523
11107,-8853.279297,-8862.739258,9.459961
11108,-11523.139648,-11511.907227,11.232422
11109,-12295.416992,-12384.367188,88.950195
11110,-11895.875977,-11912.466797,16.590820
11111,-10565.740234,-10534.136719,31.603516
11112,-12371.271484,-12354.078125,17.193359
11113,-8054.938477,-7853.980957,200.957520
11114,-10422.135742,-10507.814453,85.678711
11115,-11555.347656,-11543.734375,11.613281
11116,-10946.232422,-10936.951172,9.281250
11117,-11917.901367,-11948.623047,30.721680
11118,-11888.583008,-11884.113281,4.469727
11119,-15203.298828,-15292.879883,89.581055
11120,-10549.700195,-10565.396484,15.696289
11121,-12926.695312,-13007.275391,80.580078
11122,-11038.217773,-11002.591797,35.625977
11123,-11510.968750,-11542.843750,31.875000
11124,-12035.047852,-12013.821289,21.226562
11125,-11905.535156,-11948.450195,42.915039
11126,-10988.500000,-11036.599609,48.099609
11127,-11984.102539,-12013.315430,29.212891
11128,-11933.438477,-11947.931641,14.493164
11129,-11538.631836,-11543.168945,4.537109
11130,-11465.994141,-11476.096680,10.102539
11131,-11369.738281,-11374.305664,4.567383
11132,-11937.987305,-11947.390625,9.403320
11133,-11933.363281,-11948.652344,15.289062
11134,-10917.681641,-10903.194336,14.487305
11135,-11503.033203,-11543.796875,40.763672
11136,-9991.281250,-9959.811523,31.469727
11137,-11537.775391,-11474.180664,63.594727
11138,-12009.614258,-12014.111328,4.497070
11139,-12444.765625,-12386.357422,58.408203
11140,-9963.196289,-9957.033203,6.163086
11141,-11504.151367,-11543.509766,39.358398
11142,-11842.809570,-11814.070312,28.739258
11143,-10567.370117,-10565.365234,2.004883
11144,-11487.366211,-11543.849609,56.483398
11145,-10565.150391,-10599.296875,34.146484
11146,-11945.535156,-11913.028320,32.506836
11147,-11358.577148,-11408.794922,50.217773
11148,-12298.854492,-12353.386719,54.532227
11149,-11201.039062,-11271.004883,69.965820
11150,-10912.086914,-10938.569336,26.482422
11151,-14023.652344,-13985.388672,38.263672
11152,-12642.900391,-12478.051758,164.848633
11153,-11421.942383,-11374.328125,47.614258
11154,-11548.398438,-11543.930664,4.467773
11155,-10000.823242,-9959.151367,41.671875
11156,-11149.624023,-11206.149414,56.525391
11157,-10595.612305,-10566.557617,29.054688
11158,-10899.678711,-10874.745117,24.933594
11159,-10942.575195,-10933.984375,8.590820
11160,-11938.406250,-11949.877930,11.471680
11161,-10950.524414,-10971.107422,20.583008
11162,-11010.083008,-10968.150391,41.932617
11163,-11552.202148,-11544.564453,7.637695
11164,-12798.454102,-12757.321289,41.132812
11165,-9803.594727,-9834.042969,30.448242
11166,-11881.284180,-11915.268555,33.984375
11167,-9918.660156,-9866.330078,52.330078
11168,-11511.715820,-11510.607422,1.108398
11169,-11397.162109,-11408.325195,11.163086
11170,-11432.041016,-11374.036133,58.004883
11171,-10509.241211,-10363.592773,145.648438
11172,-12767.686523,-12821.705078,54.018555
11173,-12520.251953,-12454.748047,65.503906
11174,-9907.833984,-9924.458984,16.625000
11175,-12472.804688,-12586.973633,114.168945
11176,-13005.316406,-12926.330078,78.986328
11177,-10891.765625,-10906.441406,14.675781
11178,-10926.540039,-10936.955078,10.415039
11179,-12416.551758,-12417.520508,0.968750
11180,-10504.579102,-10532.478516,27.899414
11181,-11368.157227,-11340.035156,28.122070
11182,-12120.491211,-11857.370117,263.121094
11183,-11009.347656,-10968.494141,40.853516
11184,-11587.953125,-11575.968750,11.984375
11185,-11843.411133,-11844.373047,0.961914
11186,-11995.560547,-11949.384766,46.175781
11187,-10567.792969,-10532.316406,35.476562
11188,-10930.458984,-10844.904297,85.554688
11189,-9978.285156,-9957.868164,20.416992
11190,-12545.761719,-12520.214844,25.546875
11191,-10476.994141,-10500.807617,23.813477
11192,-11987.825195,-11979.333984,8.491211
11193,-11363.495117,-11373.625977,10.130859
11194,-11092.074219,-11271.660156,179.585938
11195,-12763.688477,-12788.847656,25.159180
11196,-10616.677734,-10788.506836,171.829102
11197,-11422.886719,-11374.393555,48.493164
11198,-10852.222656,-10834.500977,17.721680
11199,-11625.300781,-11576.820312,48.480469
11200,-9839.825195,-9868.115234,28.290039
11201,-11038.269531,-11001.347656,36.921875
11202,-11025.681641,-11003.961914,21.719727
11203,-11521.682617,-11543.599609,21.916992
11204,-11030.491211,-10970.049805,60.441406
11205,-10932.770508,-10943.320312,10.549805
11206,-11432.588867,-11406.564453,26.024414
11207,-10947.376953,-10935.993164,11.383789
11208,-11957.997070,-11980.872070,22.875000
11209,-11261.985352,-11307.875000,45.889648
11210,-7204.583984,-7391.153809,186.569824
11211,-11560.302734,-11543.768555,16.534180
11212,-11403.935547,-11373.728516,30.207031
11213,-11547.509766,-11544.196289,3.313477
11214,-11469.672852,-11476.718750,7.045898
11215,-12230.084961,-12287.316406,57.231445
11216,-10976.657227,-10968.816406,7.840820
11217,-11966.923828,-11946.802734,20.121094
11218,-10987.646484,-11003.952148,16.305664
11219,-12409.817383,-12385.723633,24.093750
11220,-12517.180664,-12521.525391,4.344727
11221,-12324.960938,-12521.756836,196.795898
11222,-11515.402344,-11526.666992,11.264648
11223,-11534.320312,-11543.819336,9.499023
11224,-9084.191406,-9292.661133,208.469727
11225,-12005.015625,-11947.783203,57.232422
11226,-9645.347656,-9555.662109,89.685547
11227,-10945.545898,-10970.517578,24.971680
11228,-10647.369141,-10539.981445,107.387695
11229,-12502.218750,-12521.335938,19.117188
11230,-11403.766602,-11408.073242,4.306641
11231,-10931.167969,-10903.053711,28.114258
11232,-11492.268555,-11478.738281,13.530273
11233,-12973.901367,-12957.533203,16.368164
11234,-8422.597656,-8485.381836,62.784180
11235,-10036.674805,-10395.169922,358.495117
11236,-10655.720703,-10743.523438,87.802734
11237,-11811.704102,-11813.164062,1.459961
11238,-10995.799805,-10971.426758,24.373047
11239,-12524.474609,-12489.105469,35.369141
11240,-12914.677734,-12990.287109,75.609375
11241,-10559.576172,-10565.977539,6.401367
11242,-10910.626953,-10936.076172,25.449219
11243,-12675.827148,-12651.794922,24.032227
11244,-11489.964844,-11509.238281,19.273438
11245,-10492.386719,-10441.091797,51.294922
11246,-9510.260742,-9490.507812,19.752930
11247,-10404.087891,-10441.366211,37.278320
11248,-10870.816406,-10832.362305,38.454102
11249,-11425.385742,-11406.536133,18.849609
11250,-11966.841797,-11979.341797,12.500000
11251,-11580.081055,-11575.891602,4.189453
11252,-8877.101562,-8833.031250,44.070312
11253,-11509.487305,-11478.756836,30.730469
11254,-10738.395508,-10821.072266,82.676758
11255,-11441.479492,-11440.822266,0.657227
11256,-11932.169922,-11947.624023,15.454102
11257,-9502.316406,-9495.863281,6.453125
11258,-11512.099609,-11510.452148,1.647461
11259,-11004.301758,-11002.892578,1.409180
11260,-11521.277344,-11511.684570,9.592773
11261,-10894.551758,-10936.004883,41.453125
11262,-11919.300781,-11913.467773,5.833008
11263,-11954.516602,-11844.463867,110.052734
11264,-12000.367188,-11978.926758,21.440430
11265,-10332.224609,-10364.909180,32.684570
11266,-12349.921875,-12281.178711,68.743164
11267,-10511.885742,-10532.863281,20.977539
11268,-10571.704102,-10532.250977,39.453125
11269,-11494.771484,-11510.181641,15.410156
11270,-10539.326172,-10531.804688,7.521484
11271,-13410.000977,-13332.410156,77.590820
11272,-11828.835938,-11812.359375,16.476562
11273,-10965.125000,-10936.647461,28.477539
11274,-5849.144531,-6186.184082,337.039551
11275,-6246.466309,-5657.703613,588.762695
11276,-9379.980469,-9463.237305,83.256836
11277,-12473.835938,-12490.294922,16.458984
11278,-10580.314453,-10376.899414,203.415039
11279,-11292.657227,-10878.427734,414.229492
11280,-9467.469727,-9327.822266,139.647461
11281,-10919.590820,-10904.970703,14.620117
11282,-10938.881836,-10936.085938,2.795898
11283,-12508.933594,-12554.713867,45.780273
11284,-11972.504883,-11754.008789,218.496094
11285,-12397.838867,-12352.921875,44.916992
11286,-11575.498047,-11543.740234,31.757812
11287,-11021.785156,-10971.702148,50.083008
11288,-10604.396484,-10565.326172,39.070312
11289,-12046.821289,-11979.830078,66.991211
11290,-11814.375977,-11845.461914,31.085938
11291,-11563.211914,-11542.476562,20.735352
11292,-11024.258789,-10967.893555,56.365234
11293,-11711.157227,-11676.706055,34.451172
11294,-11352.227539,-11342.935547,9.291992
11295,-11246.927734,-11443.447266,196.519531
11296,-11471.719727,-11375.116211,96.603516
11297,-10939.152344,-10937.671875,1.480469
11298,-9924.208984,-9829.847656,94.361328
11299,-10500.488281,-10497.320312,3.167969
11300,-11827.639648,-11476.166992,351.472656
11301,-10920.852539,-10937.679688,16.827148
11302,-10418.694336,-10398.352539,20.341797
11303,-12377.189453,-12352.598633,24.590820
11304,-7839.161133,-7416.478516,422.682617
11305,-12488.537109,-12488.372070,0.165039
11306,-9937.262695,-9928.425781,8.836914
11307,-11796.679688,-11779.720703,16.958984
11308,-11622.870117,-11575.658203,47.211914
11309,-10484.512695,-10499.020508,14.507812
11310,-11583.074219,-11543.355469,39.718750
11311,-10965.288086,-10936.336914,28.951172
11312,-9941.445312,-9958.981445,17.536133
11313,-11947.929688,-11948.162109,0.232422
11314,-13807.600586,-13917.038086,109.437500
11315,-10955.029297,-10971.791016,16.761719
11316,-9262.055664,-9293.514648,31.458984
11317,-9976.771484,-9797.665039,179.106445
11318,-8797.500000,-8801.190430,3.690430
11319,-11916.726562,-11947.973633,31.247070
11320,-12915.326172,-12925.727539,10.401367
11321,-11561.922852,-11576.719727,14.796875
11322,-12774.841797,-12821.647461,46.805664
11323,-9973.450195,-9957.607422,15.842773
11324,-11966.470703,-11945.069336,21.401367
11325,-10528.301758,-10531.724609,3.422852
11326,-10469.085938,-10475.231445,6.145508
11327,-11948.767578,-11915.988281,32.779297
11328,-10450.612305,-10500.542969,49.930664
11329,-11376.640625,-11408.612305,31.971680
11330,-12559.163086,-12520.331055,38.832031
11331,-10967.103516,-10969.835938,2.732422
11332,-12486.817383,-12458.097656,28.719727
11333,-12887.466797,-12894.843750,7.376953
11334,-12436.786133,-12489.216797,52.430664
11335,-12322.528320,-12319.546875,2.981445
11336,-12399.928711,-12351.809570,48.119141
11337,-11730.395508,-11777.774414,47.378906
11338,-11436.204102,-11408.097656,28.106445
11339,-9522.303711,-9562.362305,40.058594
11340,-11524.106445,-11510.837891,13.268555
11341,-11486.433594,-11510.134766,23.701172
11342,-12381.913086,-12386.537109,4.624023
11343,-12207.496094,-12250.883789,43.387695
11344,-11944.112305,-11916.653320,27.458984
11345,-12951.916016,-12926.154297,25.761719
11346,-12476.585938,-12457.458008,19.127930
11347,-11352.100586,-11340.663086,11.437500
11348,-11962.788086,-11914.454102,48.333984
11349,-11540.911133,-11510.193359,30.717773
11350,-13399.312500,-13532.564453,133.251953
11351,-12590.726562,-12553.269531,37.457031
11352,-12056.791016,-11913.522461,143.268555
11353,-10990.630859,-10969.497070,21.133789
11354,-11314.248047,-11341.748047,27.500000
11355,-11353.869141,-11340.565430,13.303711
11356,-10826.093750,-10833.293945,7.200195
11357,-10536.053711,-10599.267578,63.213867
11358,-11511.660156,-11510.359375,1.300781
11359,-11960.050781,-11917.280273,42.770508
11360,-11489.571289,-11544.203125,54.631836
11361,-11914.546875,-12418.446289,503.899414
11362,-10573.355469,-10533.672852,39.682617
11363,-11976.590820,-11947.423828,29.166992
11364,-10533.474609,-10340.020508,193.454102
11365,-11348.870117,-11406.715820,57.845703
11366,-9465.804688,-9464.322266,1.482422
11367,-10991.404297,-10970.388672,21.015625
11368,-9978.287109,-9925.799805,52.487305
11369,-12502.776367,-12489.960938,12.815430
11370,-8729.909180,-8728.833008,1.076172
11371,-13318.556641,-13363.977539,45.420898
11372,-10897.666992,-10902.299805,4.632812
11373,-11941.474609,-11947.113281,5.638672
11374,-9963.636719,-9798.023438,165.613281
11375,-11521.811523,-11511.579102,10.232422
11376,-11571.070312,-11544.704102,26.366211
11377,-10259.646484,-10169.650391,89.996094
11378,-11499.174805,-11511.524414,12.349609
11379,-10597.701172,-10598.079102,0.377930
11380,-11988.854492,-11947.653320,41.201172
11381,-11785.833984,-11812.099609,26.265625
11382,-11958.416992,-11947.246094,11.170898
11383,-10570.000977,-10565.330078,4.670898
11384,-12508.649414,-12488.865234,19.784180
11385,-9941.076172,-9957.613281,16.537109
11386,-10712.100586,-10710.282227,1.818359
11387,-11483.513672,-11512.108398,28.594727
11388,-10558.490234,-10532.152344,26.337891
11389,-10503.718750,-10531.085938,27.367188
11390,-11496.887695,-11440.172852,56.714844
11391,-11557.937500,-11509.713867,48.223633
11392,-11966.052734,-11883.264648,82.788086
11393,-11534.060547,-11478.995117,55.065430
11394,-9942.972656,-9901.451172,41.521484
11395,-11011.630859,-10969.410156,42.220703
11396,-10363.320312,-10362.493164,0.827148
11397,-11629.161133,-11674.958984,45.797852
11398,-11920.636719,-11882.339844,38.296875
11399,-10148.923828,-10201.158203,52.234375
11400,-9616.886719,-9465.722656,151.164062
11401,-9453.902344,-9437.842773,16.059570
11402,-10972.978516,-10969.761719,3.216797
11403,-10919.914062,-10936.143555,16.229492
11404,-10807.621094,-10832.230469,24.609375
11405,-10881.437500,-10905.752930,24.315430
11406,-9991.433594,-9957.032227,34.401367
11407,-10922.744141,-10879.294922,43.449219
11408,-10950.852539,-10937.306641,13.545898
11409,-7692.199707,-8096.875488,404.675781
11410,-11451.353516,-11512.842773,61.489258
11411,-10967.273438,-10970.555664,3.282227
11412,-11009.876953,-11318.035156,308.158203
11413,-9198.888672,-9372.539062,173.650391
11414,-11584.134766,-11575.607422,8.527344
11415,-10975.717773,-10911.530273,64.187500
11416,-10506.744141,-10466.726562,40.017578
11417,-11946.662109,-11948.279297,1.617188
11418,-11936.515625,-11947.201172,10.685547
11419,-10603.628906,-10598.296875,5.332031
11420,-10976.802734,-10969.986328,6.816406
11421,-9934.880859,-9902.333984,32.546875
11422,-11985.173828,-11948.468750,36.705078
11423,-10926.552734,-10846.799805,79.752930
11424,-10575.969727,-10565.494141,10.475586
11425,-12005.699219,-11946.935547,58.763672
11426,-12832.915039,-12756.298828,76.616211
11427,-9508.002930,-9463.825195,44.177734
11428,-11803.585938,-11981.147461,177.561523
11429,-11537.317383,-11544.254883,6.937500
11430,-9297.168945,-9371.183594,74.014648
11431,-11193.658203,-11181.912109,11.746094
11432,-10456.273438,-10500.518555,44.245117
11433,-9547.752930,-9554.426758,6.673828
11434,-11011.708008,-11002.265625,9.442383
11435,-12940.097656,-12925.268555,14.829102
11436,-9588.247070,-9620.833008,32.585938
11437,-11903.976562,-11852.022461,51.954102
11438,-12464.738281,-12522.496094,57.757812
11439,-10565.679688,-10531.867188,33.812500
11440,-9643.204102,-9732.040039,88.835938
11441,-12886.289062,-12861.496094,24.792969
11442,-11501.393555,-11510.305664,8.912109
11443,-10988.716797,-10936.396484,52.320312
11444,-11497.972656,-11511.618164,13.645508
11445,-12490.085938,-12455.536133,34.549805
11446,-11854.545898,-11915.041016,60.495117
11447,-9799.784180,-9901.344727,101.560547
11448,-9656.152344,-9497.298828,158.853516
11449,-11537.034180,-11512.021484,25.012695
11450,-9418.859375,-9464.064453,45.205078
11451,-11964.084961,-11979.420898,15.335938
11452,-11960.529297,-11913.309570,47.219727
11453,-11519.231445,-11544.296875,25.065430
11454,-11542.163086,-11510.547852,31.615234
11455,-10883.895508,-10902.995117,19.099609
11456,-11506.808594,-11508.622070,1.813477
11457,-10398.950195,-10430.782227,31.832031
11458,-11792.100586,-11811.704102,19.603516
11459,-12033.140625,-11981.062500,52.078125
11460,-11003.154297,-10970.530273,32.624023
11461,-12917.783203,-12893.643555,24.139648
11462,-12015.639648,-12012.612305,3.027344
11463,-10778.401367,-10769.374023,9.027344
11464,-12426.163086,-12386.445312,39.717773
11465,-10981.245117,-10968.763672,12.481445
11466,-11351.325195,-11340.083008,11.242188
11467,-11939.166016,-11945.928711,6.762695
11468,-11851.809570,-11779.411133,72.398438
11469,-11538.150391,-11509.202148,28.948242
11470,-11985.851562,-11948.725586,37.125977
11471,-11564.323242,-11577.064453,12.741211
11472,-12492.898438,-12486.893555,6.004883
11473,-9945.977539,-9924.603516,21.374023
11474,-11551.922852,-11541.763672,10.159180
11475,-11926.944336,-11948.175781,21.231445
11476,-10349.116211,-10474.795898,125.679688
11477,-10421.490234,-10435.036133,13.545898
11478,-11028.597656,-10911.659180,116.938477
11479,-12384.177734,-12383.720703,0.457031
11480,-10918.127930,-10970.194336,52.066406
11481,-12767.580078,-12790.383789,22.803711
11482,-10940.469727,-10938.341797,2.127930
11483,-8839.351562,-8289.783203,549.568359
11484,-10874.877930,-10905.802734,30.924805
11485,-11987.971680,-11915.430664,72.541016
11486,-11778.985352,-11811.139648,32.154297
11487,-12289.868164,-12319.814453,29.946289
11488,-11068.094727,-11001.655273,66.439453
11489,-9902.057617,-9925.702148,23.644531
11490,-11526.380859,-11512.407227,13.973633
11491,-11420.618164,-11407.443359,13.174805
11492,-9933.333984,-9960.859375,27.525391
11493,-9542.757812,-9294.740234,248.017578
11494,-9115.665039,-9165.410156,49.745117
11495,-10551.354492,-10565.479492,14.125000
11496,-12503.815430,-12522.102539,18.287109
11497,-10560.314453,-10532.557617,27.756836
11498,-10936.572266,-10937.893555,1.321289
11499,-11855.288086,-11882.222656,26.934570
11500,-12604.663086,-12554.446289,50.216797
11501,-9982.312500,-9991.160156,8.847656
11502,-10342.879883,-10330.131836,12.748047
11503,-12838.961914,-12957.363281,118.401367
11504,-11342.418945,-11342.164062,0.254883
11505,-10990.431641,-10968.859375,21.572266
11506,-9059.250977,-8551.744141,507.506836
11507,-12672.967773,-12823.972656,151.004883
11508,-10579.841797,-10565.565430,14.276367
11509,-11566.823242,-11510.047852,56.775391
11510,-9659.493164,-9496.800781,162.692383
11511,-11520.610352,-11478.144531,42.465820
11512,-9544.568359,-9463.347656,81.220703
11513,-11331.584961,-11542.966797,211.381836
11514,-10973.945312,-10968.887695,5.057617
11515,-11554.764648,-11511.791016,42.973633
11516,-11981.751953,-11946.732422,35.019531
11517,-12915.791992,-12926.009766,10.217773
11518,-10608.246094,-10598.360352,9.885742
11519,-10541.039062,-10533.881836,7.157227
11520,-10948.015625,-10938.471680,9.543945
11521,-11471.231445,-11476.304688,5.073242
11522,-10790.802734,-10532.540039,258.262695
11523,-10525.261719,-10498.621094,26.640625
11524,-11956.631836,-11945.300781,11.331055
11525,-10930.167969,-10936.094727,5.926758
11526,-11575.902344,-11543.998047,31.904297
11527,-11213.190430,-11437.783203,224.592773
11528,-10920.169922,-10903.716797,16.453125
11529,-8586.298828,-8493.503906,92.794922
11530,-10024.373047,-10023.952148,0.420898
11531,-12446.830078,-12457.040039,10.209961
11532,-11659.855469,-11313.196289,346.659180
11533,-9727.998047,-9438.633789,289.364258
11534,-10514.782227,-10533.098633,18.316406
11535,-10536.679688,-10565.423828,28.744141
11536,-11409.481445,-11407.717773,1.763672
11537,-11967.200195,-11947.852539,19.347656
11538,-10824.686523,-10832.666992,7.980469
11539,-11859.992188,-11883.615234,23.623047
11540,-12496.750977,-12489.849609,6.901367
11541,-12348.673828,-12217.035156,131.638672
11542,-10535.817383,-10533.025391,2.791992
11543,-11374.908203,-11373.654297,1.253906
11544,-12383.468750,-12355.072266,28.396484
11545,-12555.654297,-12553.375000,2.279297
11546,-10889.378906,-10901.801758,12.422852
11547,-11494.383789,-11509.584961,15.201172
11548,-10369.617188,-10394.625977,25.008789
11549,-12178.594727,-12214.744141,36.149414
11550,-9575.811523,-9522.763672,53.047852
11551,-10001.875000,-9966.091797,35.783203
11552,-11766.501953,-11812.979492,46.477539
11553,-12519.382812,-12554.302734,34.919922
11554,-7954.162109,-7853.957520,100.204590
11555,-10382.463867,-10363.278320,19.185547
11556,-10694.129883,-10507.136719,186.993164
11557,-12351.332031,-12417.190430,65.858398
11558,-9529.099609,-9463.964844,65.134766
11559,-10975.229492,-10970.621094,4.608398
11560,-10500.369141,-10338.015625,162.353516
11561,-12643.946289,-12650.637695,6.691406
11562,-11378.863281,-11407.787109,28.923828
11563,-6662.629395,-7300.342773,637.713379
11564,-13979.152344,-13905.083008,74.069336
11565,-10410.506836,-10393.895508,16.611328
11566,-11551.754883,-11542.547852,9.207031
11567,-11491.941406,-11544.226562,52.285156
11568,-11386.862305,-11373.219727,13.642578
11569,-12973.931641,-12893.643555,80.288086
11570,-10571.025391,-10498.803711,72.221680
11571,-10394.744141,-10442.240234,47.496094
11572,-9931.824219,-9926.657227,5.166992
11573,-11439.968750,-11445.215820,5.247070
11574,-11415.972656,-11373.651367,42.321289
11575,-11412.461914,-11478.416016,65.954102
11576,-11934.035156,-11948.012695,13.977539
11577,-11945.042969,-11913.112305,31.930664
11578,-10969.333984,-10936.000977,33.333008
11579,-11500.673828,-11509.621094,8.947266
11580,-11425.189453,-11478.003906,52.814453
11581,-11548.910156,-11511.316406,37.593750
11582,-11356.635742,-11408.409180,51.773438
11583,-12943.029297,-12958.263672,15.234375
11584,-10985.163086,-10969.241211,15.921875
11585,-8813.800781,-8864.625000,50.824219
11586,-11558.179688,-11544.493164,13.686523
11587,-11859.685547,-11754.071289,105.614258
11588,-12009.039062,-11949.201172,59.837891
11589,-11391.714844,-11407.143555,15.428711
11590,-11945.327148,-11949.871094,4.543945
11591,-12364.786133,-12353.485352,11.300781
11592,-11955.256836,-11947.501953,7.754883
11593,-9895.685547,-9899.001953,3.316406
11594,-11323.607422,-11375.233398,51.625977
11595,-10521.162109,-10533.508789,12.346680
11596,-12959.176758,-12894.051758,65.125000
11597,-9169.620117,-8551.909180,617.710938
11598,-10918.869141,-10971.301758,52.432617
11599,-11355.258789,-11407.465820,52.207031
11600,-11534.326172,-11510.210938,24.115234
11601,-12004.326172,-11946.625000,57.701172
11602,-10605.902344,-10533.024414,72.877930
11603,-7411.749512,-7325.831055,85.918457
11604,-11603.410156,-11543.765625,59.644531
11605,-11431.125000,-11543.218750,112.093750
11606,-11910.524414,-11884.197266,26.327148
11607,-11396.577148,-11373.701172,22.875977
11608,-10375.011719,-10338.436523,36.575195
11609,-10320.468750,-10404.737305,84.268555
11610,-9598.717773,-9589.001953,9.715820
11611,-11499.884766,-11446.611328,53.273438
11612,-11420.802734,-11477.845703,57.042969
11613,-12428.597656,-12522.137695,93.540039
11614,-12375.557617,-12385.117188,9.559570
11615,-11867.390625,-11811.626953,55.763672
11616,-10543.877930,-10529.786133,14.091797
11617,-9555.066406,-9556.360352,1.293945
11618,-11001.916016,-10879.586914,122.329102
11619,-10510.452148,-10498.860352,11.591797
11620,-13213.828125,-13225.307617,11.479492
11621,-11000.794922,-10938.023438,62.771484
11622,-11448.955078,-11407.277344,41.677734
11623,-9542.143555,-9521.810547,20.333008
11624,-11016.660156,-11001.608398,15.051758
11625,-11494.635742,-11478.754883,15.880859
11626,-10983.682617,-10969.217773,14.464844
11627,-11597.160156,-11542.904297,54.255859
11628,-9381.138672,-9430.439453,49.300781
11629,-11992.040039,-11980.433594,11.606445
11630,-11445.949219,-11406.879883,39.069336
11631,-11002.416992,-11003.410156,0.993164
11632,-10449.787109,-10398.000977,51.786133
11633,-9584.569336,-9554.639648,29.929688
11634,-11612.255859,-11542.761719,69.494141
11635,-11934.315430,-11913.832031,20.483398
11636,-11438.704102,-11407.648438,31.055664
11637,-10552.776367,-10498.755859,54.020508
11638,-12504.580078,-12489.638672,14.941406
11639,-10734.072266,-10392.699219,341.373047
11640,-11679.910156,-11708.939453,29.029297
11641,-11067.848633,-10911.096680,156.751953
11642,-11580.269531,-11543.382812,36.886719
11643,-9161.906250,-9360.134766,198.228516
11644,-11417.099609,-11340.518555,76.581055
11645,-12325.871094,-12353.938477,28.067383
11646,-11413.246094,-11441.041992,27.795898
11647,-11497.223633,-11509.205078,11.981445
11648,-10790.530273,-10879.188477,88.658203
11649,-9945.178711,-9958.743164,13.564453
11650,-10936.504883,-10934.912109,1.592773
11651,-10973.363281,-11002.069336,28.706055
11652,-9524.090820,-9521.470703,2.620117
11653,-11002.943359,-10938.426758,64.516602
11654,-11329.713867,-11342.991211,13.277344
11655,-11603.525391,-11575.773438,27.751953
11656,-11903.396484,-11882.460938,20.935547
11657,-12806.667969,-12757.434570,49.233398
11658,-11522.925781,-11511.011719,11.914062
11659,-11005.080078,-11001.977539,3.102539
11660,-11784.345703,-11811.746094,27.400391
11661,-12255.265625,-12249.502930,5.762695
11662,-11990.785156,-11913.312500,77.472656
11663,-11266.616211,-11270.666016,4.049805
11664,-10882.588867,-10866.913086,15.675781
11665,-10904.158203,-10937.768555,33.610352
11666,-11957.878906,-11947.580078,10.298828
11667,-11497.662109,-11478.459961,19.202148
11668,-10621.571289,-10507.804688,113.766602
11669,-11458.741211,-11477.734375,18.993164
11670,-10843.976562,-10833.260742,10.715820
11671,-9191.798828,-8890.784180,301.014648
11672,-11540.058594,-11544.371094,4.312500
11673,-10860.708984,-10870.154297,9.445312
11674,-11942.096680,-11912.645508,29.451172
11675,-8891.648438,-8924.729492,33.081055
11676,-12528.911133,-12489.859375,39.051758
11677,-11854.854492,-11778.814453,76.040039
11678,-12538.082031,-12488.112305,49.969727
11679,-12000.496094,-11947.667969,52.828125
11680,-12481.267578,-12521.100586,39.833008
11681,-11643.714844,-11608.943359,34.771484
11682,-10991.762695,-10969.082031,22.680664
11683,-10991.203125,-10970.421875,20.781250
11684,-10487.964844,-10500.372070,12.407227
11685,-11502.203125,-11477.685547,24.517578
11686,-7368.902832,-7659.875488,290.972656
11687,-12001.340820,-11946.325195,55.015625
11688,-11970.549805,-11979.187500,8.637695
11689,-10907.861328,-10937.277344,29.416016
11690,-11965.408203,-11980.972656,15.564453
11691,-9916.860352,-9924.440430,7.580078
11692,-11817.887695,-11963.433594,145.545898
11693,-11811.925781,-11813.456055,1.530273
11694,-10964.216797,-10936.468750,27.748047
11695,-10584.245117,-10565.813477,18.431641
11696,-10989.261719,-10969.680664,19.581055
11697,-11403.365234,-11406.993164,3.627930
11698,-11521.418945,-11542.872070,21.453125
11699,-10492.892578,-10499.952148,7.059570
11700,-15388.994141,-15178.532227,210.461914
11701,-9811.762695,-9766.656250,45.106445
11702,-10912.233398,-10905.365234,6.868164
11703,-12068.886719,-12353.753906,284.867188
11704,-9887.895508,-9833.916992,53.978516
11705,-12001.394531,-11978.851562,22.542969
11706,-11971.373047,-11948.108398,23.264648
11707,-11994.903320,-11979.076172,15.827148
11708,-9620.283203,-9706.739258,86.456055
11709,-11856.464844,-11948.566406,92.101562
11710,-12563.188477,-12554.557617,8.630859
11711,-9497.904297,-9554.491211,56.586914
11712,-12345.644531,-12454.565430,108.920898
11713,-10988.064453,-10970.182617,17.881836
11714,-11921.878906,-11844.883789,76.995117
11715,-11509.985352,-11475.910156,34.075195
11716,-12978.460938,-12991.669922,13.208984
11717,-10948.403320,-10936.607422,11.795898
11718,-10490.166016,-10409.042969,81.123047
11719,-11809.441406,-11517.431641,292.009766
11720,-10491.737305,-10474.348633,17.388672
11721,-8208.751953,-8292.055664,83.303711
11722,-10990.073242,-10970.546875,19.526367
11723,-12144.594727,-12488.119141,343.524414
11724,-10441.636719,-10501.095703,59.458984
11725,-10875.140625,-10879.816406,4.675781
11726,-11521.807617,-11510.539062,11.268555
11727,-12288.106445,-12216.411133,71.695312
11728,-11693.378906,-11575.964844,117.414062
11729,-10503.916016,-10466.719727,37.196289
11730,-10954.405273,-10968.262695,13.857422
11731,-12062.447266,-11981.197266,81.250000
11732,-11563.716797,-11510.351562,53.365234
11733,-10580.771484,-10566.361328,14.410156
11734,-12600.825195,-12716.744141,115.918945
11735,-10925.391602,-10937.146484,11.754883
11736,-12141.333984,-12248.263672,106.929688
11737,-11471.132812,-11478.769531,7.636719
11738,-11833.830078,-11881.628906,47.798828
11739,-12248.289062,-12249.994141,1.705078
11740,-8787.162109,-8486.393555,300.768555
11741,-10507.950195,-10501.334961,6.615234
11742,-11826.236328,-11844.530273,18.293945
11743,-10547.397461,-10531.944336,15.453125
11744,-11539.202148,-11510.309570,28.892578
11745,-10562.833984,-10534.336914,28.497070
11746,-11459.008789,-11543.713867,84.705078
11747,-10985.139648,-10969.289062,15.850586
11748,-12482.923828,-12490.509766,7.585938
11749,-10992.066406,-10970.471680,21.594727
11750,-12486.398438,-12488.691406,2.292969
11751,-11512.021484,-11479.662109,32.359375
11752,-9992.683594,-9990.756836,1.926758
11753,-11511.003906,-11476.647461,34.356445
11754,-11361.879883,-11376.770508,14.890625
11755,-11508.344727,-11407.481445,100.863281
11756,-12881.633789,-13007.973633,126.339844
11757,-11358.370117,-11372.533203,14.163086
11758,-11541.733398,-11543.538086,1.804688
11759,-11933.833984,-11981.203125,47.369141
11760,-12936.939453,-12926.392578,10.546875
11761,-9986.982422,-9992.384766,5.402344
11762,-10369.264648,-10363.423828,5.840820
11763,-10985.628906,-10967.237305,18.391602
11764,-9847.583984,-9901.526367,53.942383
11765,-11056.920898,-10945.501953,111.418945
11766,-10443.251953,-10539.913086,96.661133
11767,-12561.616211,-12455.116211,106.500000
11768,-11516.066406,-11544.580078,28.513672
11769,-10526.866211,-10498.965820,27.900391
11770,-11866.763672,-11913.742188,46.978516
11771,-10962.348633,-10970.830078,8.481445
11772,-11491.911133,-11407.084961,84.826172
11773,-9608.349609,-9621.826172,13.476562
11774,-10567.410156,-10532.996094,34.414062
11775,-10552.684570,-10566.108398,13.423828
11776,-11506.616211,-11509.448242,2.832031
11777,-11976.114258,-11916.635742,59.478516
11778,-11883.571289,-11916.169922,32.598633
11779,-10438.237305,-10363.206055,75.031250
11780,-11451.737305,-11511.032227,59.294922
11781,-11528.879883,-11576.308594,47.428711
11782,-10800.128906,-10801.848633,1.719727
11783,-12523.131836,-12487.753906,35.377930
11784,-11890.290039,-11912.447266,22.157227
11785,-11901.517578,-11949.738281,48.220703
11786,-11919.671875,-11917.322266,2.349609
11787,-10039.519531,-9992.055664,47.463867
11788,-11366.287109,-11316.160156,50.126953
11789,-9198.480469,-9554.766602,356.286133
11790,-10126.041016,-10533.685547,407.644531
11791,-10466.957031,-10442.597656,24.359375
11792,-11890.142578,-11912.677734,22.535156
11793,-10548.524414,-10539.919922,8.604492
11794,-13839.046875,-13881.218750,42.171875
11795,-12875.494141,-12927.506836,52.012695
11796,-11470.790039,-11477.303711,6.513672
11797,-10567.746094,-10564.555664,3.190430
11798,-11561.071289,-11510.106445,50.964844
11799,-9959.906250,-9990.684570,30.778320
11800,-9480.179688,-9496.316406,16.136719
11801,-12400.070312,-12353.945312,46.125000
11802,-11969.376953,-11949.090820,20.286133
11803,-10315.413086,-10300.803711,14.609375
11804,-11290.942383,-11308.535156,17.592773
11805,-10466.345703,-10465.486328,0.859375
11806,-13036.298828,-12960.210938,76.087891
11807,-10537.601562,-10498.342773,39.258789
11808,-12291.222656,-12281.152344,10.070312
11809,-9855.813477,-9932.446289,76.632812
11810,-11977.397461,-11947.972656,29.424805
11811,-11378.824219,-11575.747070,196.922852
11812,-9085.652344,-9523.155273,437.502930
11813,-10857.226562,-10801.092773,56.133789
11814,-10370.492188,-10466.606445,96.114258
11815,-10486.756836,-10429.223633,57.533203
11816,-10222.546875,-10339.802734,117.255859
11817,-12025.925781,-11980.541016,45.384766
11818,-12901.416016,-12927.797852,26.381836
11819,-10960.138672,-10936.669922,23.468750
11820,-12775.746094,-12788.978516,13.232422
11821,-10926.375000,-10934.378906,8.003906
11822,-9309.356445,-9554.659180,245.302734
11823,-11569.127930,-11575.705078,6.577148
11824,-10536.080078,-10534.102539,1.977539
11825,-12935.418945,-12959.333984,23.915039
11826,-13472.950195,-13442.721680,30.228516
11827,-11416.280273,-11407.574219,8.706055
11828,-10993.494141,-10969.588867,23.905273
11829,-12482.554688,-12487.399414,4.844727
11830,-11890.791016,-11916.570312,25.779297
11831,-10532.222656,-10530.901367,1.321289
11832,-12780.455078,-12822.235352,41.780273
11833,-11525.646484,-11511.038086,14.608398
11834,-9907.933594,-9901.612305,6.321289
11835,-11745.313477,-11849.817383,104.503906
11836,-10606.719727,-10532.667969,74.051758
11837,-10501.847656,-10499.622070,2.225586
11838,-10874.481445,-10831.615234,42.866211
11839,-11356.867188,-11375.059570,18.192383
11840,-12379.259766,-12353.076172,26.183594
11841,-11933.612305,-11914.960938,18.651367
11842,-9482.278320,-9462.016602,20.261719
11843,-10347.776367,-10362.899414,15.123047
11844,-11575.413086,-11543.372070,32.041016
11845,-10447.195312,-10397.414062,49.781250
11846,-11977.054688,-11979.123047,2.068359
11847,-9557.017578,-9522.363281,34.654297
11848,-13652.761719,-13766.458008,113.696289
11849,-11408.523438,-11340.213867,68.309570
11850,-11330.452148,-11315.010742,15.441406
11851,-11569.097656,-11510.108398,58.989258
11852,-12388.380859,-12421.625977,33.245117
11853,-11149.623047,-11206.149414,56.526367
11854,-11938.981445,-11881.062500,57.918945
11855,-11549.926758,-11544.015625,5.911133
11856,-9963.941406,-9956.952148,6.989258
11857,-12542.819336,-12523.030273,19.789062
11858,-10968.046875,-10935.493164,32.553711
11859,-10549.038086,-10533.107422,15.930664
11860,-12769.037109,-12788.540039,19.502930
11861,-11427.259766,-11373.467773,53.791992
11862,-11019.009766,-11003.622070,15.387695
11863,-10410.450195,-10427.452148,17.001953
11864,-10548.188477,-10531.928711,16.259766
11865,-12970.841797,-12927.080078,43.761719
11866,-9747.661133,-9461.861328,285.799805
11867,-10542.732422,-10565.903320,23.170898
11868,-11371.076172,-11341.060547,30.015625
11869,-9593.170898,-9464.022461,129.148438
11870,-10501.722656,-10499.555664,2.166992
11871,-11005.333008,-10968.143555,37.189453
11872,-11500.392578,-11511.287109,10.894531
11873,-11880.154297,-11947.941406,67.787109
11874,-12286.946289,-12354.529297,67.583008
11875,-13319.936523,-13330.237305,10.300781
11876,-12400.237305,-12385.563477,14.673828
11877,-11902.524414,-11915.402344,12.877930
11878,-13616.923828,-13498.857422,118.066406
11879,-11983.346680,-11947.551758,35.794922
11880,-11458.519531,-11477.227539,18.708008
11881,-11292.976562,-11342.196289,49.219727
11882,-9957.992188,-9900.588867,57.403320
11883,-12334.280273,-12386.071289,51.791016
11884,-9002.503906,-8923.208984,79.294922
11885,-10823.920898,-10832.419922,8.499023
11886,-10851.318359,-10876.847656,25.529297
11887,-11492.610352,-11543.566406,50.956055
11888,-11575.904297,-11509.321289,66.583008
11889,-10450.733398,-10462.355469,11.622070
11890,-12522.507812,-12520.433594,2.074219
11891,-9621.470703,-9620.732422,0.738281
11892,-11344.774414,-11341.515625,3.258789
11893,-11429.661133,-11375.538086,54.123047
11894,-11899.307617,-11882.220703,17.086914
11895,-12315.031250,-12319.835938,4.804688
11896,-10537.033203,-10498.416992,38.616211
11897,-5321.579102,-5377.769531,56.190430
11898,-12946.535156,-12925.006836,21.528320
11899,-11444.609375,-11408.032227,36.577148
11900,-10536.560547,-10532.170898,4.389648
11901,-11472.562500,-11511.064453,38.501953
11902,-9504.305664,-9521.334961,17.029297
11903,-10678.926758,-10565.340820,113.585938
11904,-13034.810547,-12893.298828,141.511719
11905,-10636.709961,-10499.347656,137.362305
11906,-11919.798828,-11913.947266,5.851562
11907,-12491.350586,-12520.293945,28.943359
11908,-8713.924805,-8517.821289,196.103516
11909,-8816.123047,-8322.085938,494.037109
11910,-12388.150391,-12386.453125,1.697266
11911,-11750.234375,-11812.189453,61.955078
11912,-11991.203125,-11947.506836,43.696289
11913,-11601.146484,-11543.966797,57.179688
11914,-9156.982422,-9166.031250,9.048828
11915,-11475.443359,-11511.538086,36.094727
11916,-9481.984375,-9496.440430,14.456055
11917,-10529.990234,-10532.366211,2.375977
11918,-11959.402344,-11944.900391,14.501953
11919,-9463.152344,-9462.841797,0.310547
11920,-11979.734375,-11914.979492,64.754883
11921,-11460.596680,-11477.516602,16.919922
11922,-11275.740234,-11309.892578,34.152344
11923,-11939.500000,-11948.021484,8.521484
11924,-11548.718750,-11543.889648,4.829102
11925,-11771.698242,-11779.142578,7.444336
11926,-10667.677734,-10631.619141,36.058594
11927,-11003.791016,-11510.623047,506.832031
11928,-11539.737305,-11511.494141,28.243164
11929,-10861.849609,-10866.737305,4.887695
11930,-10438.173828,-10335.699219,102.474609
11931,-11547.962891,-11543.740234,4.222656
11932,-10386.190430,-10441.750000,55.559570
11933,-10579.504883,-10565.074219,14.430664
11934,-11501.041016,-11509.012695,7.971680
11935,-11795.996094,-11844.494141,48.498047
11936,-10508.166016,-10532.176758,24.010742
11937,-11854.492188,-11780.319336,74.172852
11938,-11931.632812,-11948.048828,16.416016
11939,-9565.028320,-9810.604492,245.576172
11940,-11539.921875,-11508.521484,31.400391
11941,-10427.798828,-10429.193359,1.394531
11942,-11480.254883,-11509.365234,29.110352
11943,-12424.372070,-12386.319336,38.052734
11944,-11788.736328,-11780.501953,8.234375
11945,-11400.119141,-11340.668945,59.450195
11946,-9583.328125,-9556.087891,27.240234
11947,-13513.211914,-13532.092773,18.880859
11948,-11218.741211,-11235.425781,16.684570
11949,-11583.614258,-11509.592773,74.021484
11950,-10964.285156,-10971.411133,7.125977
11951,-10940.970703,-10937.441406,3.529297
11952,-13376.188477,-13468.194336,92.005859
11953,-8530.916016,-8395.179688,135.736328
11954,-10181.950195,-10439.444336,257.494141
11955,-9239.874023,-8923.675781,316.198242
11956,-9972.938477,-9991.382812,18.444336
11957,-9987.219727,-9958.960938,28.258789
11958,-10460.259766,-10430.526367,29.733398
11959,-11539.126953,-11443.372070,95.754883
11960,-10870.731445,-10869.705078,1.026367
11961,-10495.139648,-10500.883789,5.744141
11962,-9530.713867,-9588.644531,57.930664
11963,-11925.074219,-11947.421875,22.347656
11964,-11494.269531,-11544.387695,50.118164
11965,-10354.138672,-10441.807617,87.668945
11966,-10512.641602,-10498.625977,14.015625
11967,-11939.790039,-11980.393555,40.603516
11968,-11528.770508,-11511.039062,17.731445
11969,-12593.254883,-12521.151367,72.103516
11970,-10889.445312,-10879.672852,9.772461
11971,-12779.746094,-12822.817383,43.071289
11972,-12372.085938,-12387.839844,15.753906
11973,-11899.056641,-11914.089844,15.033203
11974,-11471.890625,-11475.914062,4.023438
11975,-9927.849609,-9958.532227,30.682617
11976,-10430.964844,-10397.167969,33.796875
11977,-10529.484375,-10534.791992,5.307617
11978,-10090.393555,-9933.741211,156.652344
11979,-11944.756836,-11916.049805,28.707031
11980,-9956.652344,-9529.482422,427.169922
11981,-10933.404297,-10936.958984,3.554688
11982,-12169.062500,-12215.900391,46.837891
11983,-12450.359375,-12260.411133,189.948242
11984,-11517.665039,-11509.945312,7.719727
11985,-10992.790039,-10968.655273,24.134766
11986,-10316.683594,-10364.311523,47.627930
11987,-9556.333984,-9555.462891,0.871094
11988,-10906.047852,-10970.140625,64.092773
11989,-11980.995117,-11948.043945,32.951172
11990,-9591.168945,-9462.936523,128.232422
11991,-12400.915039,-12385.433594,15.481445
11992,-11024.984375,-11002.599609,22.384766
11993,-12371.975586,-12385.135742,13.160156
11994,-11985.322266,-11923.351562,61.970703
11995,-11918.824219,-11916.507812,2.316406
11996,-10609.656250,-10566.371094,43.285156
11997,-10866.040039,-10834.458984,31.581055
11998,-10377.757812,-10338.271484,39.486328
11999,-9198.327148,-9360.518555,162.191406
12000,-10972.536133,-10971.627930,0.908203
12001,-10734.100586,-10799.043945,64.943359
12002,-10682.882812,-10566.074219,116.808594
12003,-11017.874023,-10970.386719,47.487305
12004,-11888.512695,-11947.975586,59.462891
12005,-12947.773438,-12925.832031,21.941406
12006,-13410.838867,-12286.728516,1124.110352
12007,-9896.352539,-9868.818359,27.534180
12008,-11084.832031,-11035.824219,49.007812
12009,-11364.353516,-11371.791992,7.438477
12010,-10371.545898,-10415.883789,44.337891
12011,-11409.215820,-11375.976562,33.239258
12012,-10544.744141,-10564.793945,20.049805
12013,-11554.123047,-11543.561523,10.561523
12014,-10558.171875,-10531.724609,26.447266
12015,-11996.630859,-11948.493164,48.137695
12016,-9562.860352,-9496.975586,65.884766
12017,-11564.599609,-11543.391602,21.208008
12018,-11501.879883,-11511.828125,9.948242
12019,-11777.400391,-11451.672852,325.727539
12020,-10555.909180,-10532.741211,23.167969
12021,-11535.981445,-11513.061523,22.919922
12022,-10919.822266,-10937.351562,17.529297
12023,-10591.920898,-10532.748047,59.172852
12024,-11510.846680,-11511.389648,0.542969
12025,-13450.185547,-13363.389648,86.795898
12026,-10470.412109,-10429.109375,41.302734
12027,-10623.676758,-10565.215820,58.460938
12028,-10517.099609,-10501.007812,16.091797
12029,-9387.382812,-9301.929688,85.453125
12030,-10457.259766,-10500.135742,42.875977
12031,-9699.047852,-9562.669922,136.377930
12032,-11359.876953,-11372.868164,12.991211
12033,-10997.528320,-10969.625000,27.903320
12034,-11404.664062,-11342.734375,61.929688
12035,-11477.875000,-11478.386719,0.511719
12036,-10972.427734,-10967.420898,5.006836
12037,-12435.481445,-12417.774414,17.707031
12038,-10523.244141,-10531.986328,8.742188
12039,-10544.594727,-10499.859375,44.735352
12040,-11001.794922,-11002.541016,0.746094
12041,-12516.552734,-12554.254883,37.702148
12042,-11868.968750,-11812.536133,56.432617
12043,-12417.478516,-12455.337891,37.859375
12044,-9941.386719,-9926.305664,15.081055
12045,-11974.636719,-11912.979492,61.657227
12046,-9837.062500,-9889.974609,52.912109
12047,-10973.793945,-10968.153320,5.640625
12048,-11502.370117,-11511.324219,8.954102
12049,-9974.921875,-9956.500977,18.420898
12050,-10523.105469,-10533.287109,10.181641
12051,-11541.284180,-11576.047852,34.763672
12052,-9279.716797,-9325.749023,46.032227
12053,-11573.639648,-11543.657227,29.982422
12054,-12756.085938,-12791.848633,35.762695
12055,-10961.924805,-10936.402344,25.522461
12056,-9995.758789,-9990.863281,4.895508
12057,-11219.349609,-11419.777344,200.427734
12058,-10533.920898,-10501.027344,32.893555
12059,-11502.821289,-11477.099609,25.721680
12060,-11566.852539,-11543.283203,23.569336
12061,-10973.166016,-10934.160156,39.005859
12062,-9495.418945,-9495.842773,0.423828
12063,-10374.567383,-10362.895508,11.671875
12064,-11018.242188,-11001.943359,16.298828
12065,-10559.612305,-10565.379883,5.767578
12066,-11861.141602,-11844.108398,17.033203
12067,-11862.898438,-11946.321289,83.422852
12068,-11405.641602,-11407.567383,1.925781
12069,-9894.071289,-9924.195312,30.124023
12070,-11477.208008,-11510.975586,33.767578
12071,-10987.572266,-10969.079102,18.493164
12072,-10025.218750,-9902.301758,122.916992
12073,-11493.323242,-11542.664062,49.340820
12074,-12094.013672,-11946.875000,147.138672
12075,-9031.090820,-8921.657227,109.433594
12076,-12589.498047,-12555.160156,34.337891
12077,-10598.090820,-10501.585938,96.504883
12078,-10331.479492,-10305.306641,26.172852
12079,-11878.096680,-11914.943359,36.846680
12080,-11931.414062,-11916.783203,14.630859
12081,-10932.990234,-10938.039062,5.048828
12082,-8477.994141,-8585.040039,107.045898
12083,-13428.506836,-13332.839844,95.666992
12084,-9971.798828,-9961.256836,10.541992
12085,-9755.908203,-9868.907227,112.999023
12086,-11503.854492,-11543.691406,39.836914
12087,-12385.157227,-12352.953125,32.204102
12088,-11032.061523,-10970.111328,61.950195
12089,-13284.972656,-13364.224609,79.251953
12090,-10989.041016,-10968.824219,20.216797
12091,-11331.397461,-11446.186523,114.789062
12092,-8221.134766,-8695.692383,474.557617
12093,-10413.263672,-10566.725586,153.461914
12094,-11824.532227,-11937.886719,113.354492
12095,-8827.340820,-7383.439453,1443.901367
12096,-9490.437500,-9522.218750,31.781250
12097,-10934.221680,-10936.403320,2.181641
12098,-11945.728516,-11913.423828,32.304688
12099,-9972.098633,-9957.968750,14.129883
12100,-10941.214844,-10937.362305,3.852539
12101,-10861.853516,-10870.254883,8.401367
12102,-11951.774414,-11945.358398,6.416016
12103,-11850.143555,-11883.898438,33.754883
12104,-11788.211914,-11777.142578,11.069336
12105,-11567.866211,-11577.117188,9.250977
12106,-11798.496094,-11778.905273,19.590820
12107,-9925.480469,-9925.774414,0.293945
12108,-12270.601562,-12217.826172,52.775391
12109,-13064.469727,-12992.534180,71.935547
12110,-10978.723633,-10938.557617,40.166016
12111,-11929.359375,-11915.089844,14.269531
12112,-11396.181641,-11509.768555,113.586914
12113,-11609.319336,-11543.524414,65.794922
12114,-11956.845703,-11948.920898,7.924805
12115,-10865.318359,-10872.882812,7.564453
12116,-11954.649414,-11913.355469,41.293945
12117,-11434.857422,-11444.810547,9.953125
12118,-9423.476562,-8854.463867,569.012695
12119,-11930.201172,-11914.541992,15.659180
12120,-10370.773438,-10394.815430,24.041992
12121,-11470.813477,-11510.620117,39.806641
12122,-11543.384766,-11511.878906,31.505859
12123,-12475.620117,-12386.170898,89.449219
12124,-11411.801758,-11510.165039,98.363281
12125,-11008.707031,-10969.215820,39.491211
12126,-10387.273438,-10363.792969,23.480469
12127,-11383.318359,-11441.008789,57.690430
12128,-7893.231934,-6381.631348,1511.600586
12129,-9922.928711,-9868.389648,54.539062
12130,-10943.118164,-10937.440430,5.677734
12131,-13072.639648,-12990.039062,82.600586
12132,-11543.385742,-11543.537109,0.151367
12133,-10604.379883,-10898.783203,294.403320
12134,-12518.539062,-12521.645508,3.106445
12135,-11495.317383,-11509.259766,13.942383
12136,-10926.490234,-10936.504883,10.014648
12137,-11513.339844,-11509.686523,3.653320
12138,-10962.330078,-10938.443359,23.886719
12139,-10006.469727,-9957.558594,48.911133
12140,-12762.328125,-12789.631836,27.303711
12141,-11378.467773,-11342.224609,36.243164
12142,-10936.916992,-10821.750977,115.166016
12143,-10558.537109,-10533.207031,25.330078
12144,-10542.787109,-10533.148438,9.638672
12145,-11474.875977,-11450.957031,23.918945
12146,-9551.310547,-9555.958008,4.647461
12147,-12599.403320,-12554.629883,44.773438
12148,-9456.665039,-9488.345703,31.680664
12149,-10977.333984,-10970.406250,6.927734
12150,-12457.085938,-12465.509766,8.423828
12151,-11519.708008,-11544.213867,24.505859
12152,-9815.799805,-9867.686523,51.886719
12153,-11936.578125,-11948.788086,12.209961
12154,-10487.490234,-10498.950195,11.459961
12155,-9149.887695,-9589.203125,439.315430
12156,-12453.773438,-12538.320312,84.546875
12157,-10321.793945,-10361.820312,40.026367
12158,-9936.350586,-9924.271484,12.079102
12159,-11907.962891,-11947.903320,39.940430
12160,-11517.377930,-11511.740234,5.637695
12161,-9321.211914,-8519.652344,801.559570
12162,-10547.917969,-10499.029297,48.888672
12163,-8989.810547,-8831.593750,158.216797
12164,-10954.374023,-10903.615234,50.758789
12165,-11820.755859,-11845.018555,24.262695
12166,-11519.131836,-11512.378906,6.752930
12167,-10991.484375,-10937.553711,53.930664
12168,-12451.960938,-12487.874023,35.913086
12169,-11522.151367,-11512.185547,9.965820
12170,-10983.762695,-10969.005859,14.756836
12171,-10556.521484,-10565.979492,9.458008
12172,-12348.208008,-12418.731445,70.523438
12173,-10631.076172,-10565.971680,65.104492
12174,-11806.657227,-11451.702148,354.955078
12175,-12512.462891,-12522.518555,10.055664
12176,-11011.105469,-10969.009766,42.095703
12177,-11009.350586,-10880.896484,128.454102
12178,-8456.148438,-8427.137695,29.010742
12179,-10495.110352,-10501.418945,6.308594
12180,-12416.782227,-12351.647461,65.134766
12181,-10383.160156,-10443.676758,60.516602
12182,-9731.070312,-9562.537109,168.533203
12183,-9873.308594,-9869.110352,4.198242
12184,-11997.397461,-11979.871094,17.526367
12185,-10942.450195,-10905.679688,36.770508
12186,-11586.222656,-11543.580078,42.642578
12187,-11017.568359,-10970.602539,46.965820
12188,-10510.180664,-10566.403320,56.222656
12189,-9903.981445,-9925.245117,21.263672
12190,-10969.194336,-10907.139648,62.054688
12191,-11947.593750,-11947.797852,0.204102
12192,-11536.026367,-11542.853516,6.827148
12193,-10422.015625,-10365.331055,56.684570
12194,-10366.156250,-10306.576172,59.580078
12195,-9626.472656,-9326.989258,299.483398
12196,-12377.156250,-12385.807617,8.651367
12197,-8129.830566,-8224.344727,94.514160
12198,-11204.718750,-11210.719727,6.000977
12199,-10645.822266,-10775.470703,129.648438
12200,-10990.475586,-10905.796875,84.678711
12201,-8773.252930,-8855.535156,82.282227
12202,-11450.687500,-11476.340820,25.653320
12203,-10606.171875,-10566.517578,39.654297
12204,-11296.147461,-11283.379883,12.767578
12205,-10008.631836,-9866.964844,141.666992
12206,-8912.478516,-8831.786133,80.692383
12207,-11536.846680,-11511.826172,25.020508
12208,-9649.789062,-9621.593750,28.195312
12209,-12500.958008,-12489.107422,11.850586
12210,-10998.501953,-10970.968750,27.533203
12211,-11061.751953,-10971.160156,90.591797
12212,-11913.858398,-11946.928711,33.070312
12213,-10990.824219,-11001.728516,10.904297
12214,-10547.279297,-10565.314453,18.035156
12215,-9704.372070,-9555.926758,148.445312
12216,-9502.621094,-9520.900391,18.279297
12217,-12369.136719,-12488.267578,119.130859
12218,-11345.022461,-11376.414062,31.391602
12219,-10852.040039,-10832.748047,19.291992
12220,-9512.572266,-9522.792969,10.220703
12221,-11401.976562,-11375.898438,26.078125
12222,-10966.346680,-10938.284180,28.062500
12223,-9634.274414,-9842.831055,208.556641
12224,-13157.116211,-12958.631836,198.484375
12225,-12061.225586,-11948.494141,112.731445
12226,-11797.838867,-11845.505859,47.666992
12227,-9587.132812,-6726.686523,2860.446289
12228,-11493.364258,-11509.458984,16.094727
12229,-12751.100586,-12790.232422,39.131836
12230,-11149.132812,-11484.568359,335.435547
12231,-13422.324219,-13468.075195,45.750977
12232,-10917.257812,-10937.352539,20.094727
12233,-10553.450195,-10532.299805,21.150391
12234,-11961.605469,-12487.328125,525.722656
12235,-12582.886719,-12552.922852,29.963867
12236,-11943.410156,-11948.337891,4.927734
12237,-12602.409180,-12686.173828,83.764648
12238,-12005.260742,-11979.493164,25.767578
12239,-12893.239258,-12788.109375,105.129883
12240,-8374.517578,-8484.529297,110.011719
12241,-12897.316406,-12925.813477,28.497070
12242,-10863.964844,-10906.330078,42.365234
12243,-12079.942383,-12142.253906,62.311523
12244,-11325.836914,-11375.086914,49.250000
12245,-12406.694336,-12350.865234,55.829102
12246,-12187.121094,-12353.662109,166.541016
12247,-13559.376953,-13467.598633,91.778320
12248,-12468.177734,-12384.998047,83.179688
12249,-11529.294922,-11509.355469,19.939453
12250,-12533.961914,-12488.821289,45.140625
12251,-11560.373047,-11541.908203,18.464844
12252,-7724.473633,-7796.536133,72.062500
12253,-10006.649414,-9934.059570,72.589844
12254,-11877.790039,-11916.478516,38.688477
12255,-11953.540039,-11948.502930,5.037109
12256,-12305.263672,-12385.011719,79.748047
12257,-10769.956055,-10767.436523,2.519531
12258,-11467.138672,-11445.287109,21.851562
12259,-11512.880859,-11444.647461,68.233398
12260,-10831.710938,-10904.783203,73.072266
12261,-12387.375977,-12401.580078,14.204102
12262,-11464.492188,-11452.029297,12.462891
12263,-10502.678711,-10501.178711,1.500000
12264,-11544.865234,-11510.474609,34.390625
12265,-10500.814453,-10499.534180,1.280273
12266,-12898.622070,-12927.075195,28.453125
12267,-10284.050781,-10671.709961,387.659180
12268,-11398.536133,-11374.250977,24.285156
12269,-10963.589844,-10969.775391,6.185547
12270,-10956.818359,-10936.307617,20.510742
12271,-11375.568359,-11283.548828,92.019531
12272,-11238.922852,-11342.685547,103.762695
12273,-10553.256836,-10598.592773,45.335938
12274,-8783.453125,-8887.724609,104.271484
12275,-10917.910156,-10911.947266,5.962891
12276,-10958.143555,-10938.453125,19.690430
12277,-11508.795898,-11512.050781,3.254883
12278,-10503.720703,-10464.731445,38.989258
12279,-11959.512695,-11948.040039,11.472656
12280,-11515.466797,-11545.197266,29.730469
12281,-11563.566406,-11575.915039,12.348633
12282,-12503.669922,-12490.449219,13.220703
12283,-12457.912109,-12418.568359,39.343750
12284,-12325.838867,-12353.957031,28.118164
12285,-9419.460938,-9487.285156,67.824219
12286,-9564.703125,-9555.757812,8.945312
12287,-11798.478516,-11810.682617,12.204102
12288,-12937.158203,-12892.878906,44.279297
12289,-11555.508789,-11576.670898,21.162109
12290,-10554.531250,-10534.090820,20.440430
12291,-10960.551758,-10938.218750,22.333008
12292,-11491.326172,-11476.446289,14.879883
12293,-12514.996094,-12489.096680,25.899414
12294,-10596.176758,-10566.285156,29.891602
12295,-10514.159180,-10498.952148,15.207031
12296,-11456.203125,-11510.447266,54.244141
12297,-12000.618164,-11857.721680,142.896484
12298,-11302.513672,-10638.911133,663.602539
12299,-10477.746094,-10440.970703,36.775391
12300,-10366.333008,-10466.426758,100.093750
12301,-6999.173828,-7659.477051,660.303223
12302,-12880.505859,-12821.803711,58.702148
12303,-9481.151367,-9295.132812,186.018555
12304,-10838.372070,-10800.167969,38.204102
12305,-10879.139648,-10876.482422,2.657227
12306,-12257.636719,-12214.909180,42.727539
12307,-11534.796875,-11511.856445,22.940430
12308,-11401.094727,-11371.657227,29.437500
12309,-10961.566406,-10935.672852,25.893555
12310,-11635.340820,-11350.060547,285.280273
12311,-10975.710938,-10935.648438,40.062500
12312,-12380.256836,-12353.635742,26.621094
12313,-10853.739258,-10832.868164,20.871094
12314,-13071.740234,-12991.909180,79.831055
12315,-11482.765625,-11477.710938,5.054688
12316,-10528.843750,-10499.632812,29.210938
12317,-10951.839844,-10833.434570,118.405273
12318,-9544.869141,-9530.136719,14.732422
12319,-10960.520508,-10936.075195,24.445312
12320,-12373.544922,-12350.774414,22.770508
12321,-12214.820312,-12247.668945,32.848633
12322,-12734.936523,-12697.243164,37.693359
12323,-11903.854492,-12013.096680,109.242188
12324,-9239.469727,-8486.542969,752.926758
12325,-10419.852539,-10429.233398,9.380859
12326,-11976.189453,-11948.964844,27.224609
12327,-10521.421875,-10303.595703,217.826172
12328,-11295.875000,-11343.536133,47.661133
12329,-11835.652344,-11877.977539,42.325195
12330,-12443.121094,-12384.972656,58.148438
12331,-10495.560547,-10475.108398,20.452148
12332,-10799.784180,-10802.212891,2.428711
12333,-10998.712891,-10969.312500,29.400391
12334,-7594.527344,-7382.909668,211.617676
12335,-11515.663086,-11507.931641,7.731445
12336,-11935.702148,-11948.967773,13.265625
12337,-12541.676758,-12487.824219,53.852539
12338,-11435.250000,-11477.658203,42.408203
12339,-11242.094727,-11270.548828,28.454102
12340,-11447.982422,-11407.225586,40.756836
12341,-8583.461914,-8426.655273,156.806641
12342,-10648.226562,-10598.983398,49.243164
12343,-11986.557617,-11947.862305,38.695312
12344,-10648.115234,-10598.463867,49.651367
12345,-11363.265625,-11374.971680,11.706055
12346,-10995.792969,-10934.703125,61.089844
12347,-12916.196289,-12894.855469,21.340820
12348,-10592.831055,-10532.817383,60.013672
12349,-11545.451172,-11511.251953,34.199219
12350,-11021.346680,-11002.527344,18.819336
12351,-10431.787109,-10337.485352,94.301758
12352,-13033.916016,-12959.718750,74.197266
12353,-11832.608398,-11811.780273,20.828125
12354,-11224.934570,-11205.866211,19.068359
12355,-11982.569336,-11979.900391,2.668945
12356,-10842.429688,-10833.939453,8.490234
12357,-11539.525391,-11506.904297,32.621094
12358,-11457.370117,-11543.623047,86.252930
12359,-10520.490234,-10441.311523,79.178711
12360,-10912.685547,-10473.149414,439.536133
12361,-10534.190430,-10440.894531,93.295898
12362,-11894.062500,-11880.155273,13.907227
12363,-10952.714844,-10938.527344,14.187500
12364,-12926.517578,-12959.767578,33.250000
12365,-11987.346680,-11947.367188,39.979492
12366,-12562.492188,-12553.592773,8.899414
12367,-11372.082031,-11375.942383,3.860352
12368,-10997.382812,-10971.208008,26.174805
12369,-12357.619141,-12386.887695,29.268555
12370,-12455.090820,-12487.712891,32.622070
12371,-11775.161133,-11813.233398,38.072266
12372,-10426.610352,-10363.275391,63.334961
12373,-10369.912109,-10362.317383,7.594727
12374,-11424.593750,-11374.436523,50.157227
12375,-12559.190430,-12554.103516,5.086914
12376,-11520.974609,-11510.914062,10.060547
12377,-9934.191406,-9990.687500,56.496094
12378,-12459.514648,-12385.781250,73.733398
12379,-10916.244141,-10867.144531,49.099609
12380,-12555.749023,-12489.932617,65.816406
12381,-10942.839844,-10939.156250,3.683594
12382,-10585.981445,-10532.429688,53.551758
12383,-12021.560547,-11948.960938,72.599609
12384,-15681.922852,-15493.582031,188.340820
12385,-10549.338867,-10531.791016,17.547852
12386,-10561.265625,-10532.267578,28.998047
12387,-10564.363281,-10500.027344,64.335938
12388,-10585.150391,-10531.606445,53.543945
12389,-11316.290039,-11343.482422,27.192383
12390,-12397.925781,-12488.796875,90.871094
12391,-10564.971680,-10564.516602,0.455078
12392,-12576.789062,-12553.500977,23.288086
12393,-11347.282227,-11373.356445,26.074219
12394,-12078.758789,-11948.206055,130.552734
12395,-10395.900391,-10298.045898,97.854492
12396,-11899.652344,-11914.936523,15.284180
12397,-9498.536133,-9555.211914,56.675781
12398,-8006.398438,-7852.758301,153.640137
12399,-10570.405273,-10566.458984,3.946289
12400,-11001.012695,-10967.410156,33.602539
12401,-10977.742188,-10934.353516,43.388672
12402,-10906.411133,-10937.431641,31.020508
12403,-10404.200195,-10395.473633,8.726562
12404,-10970.105469,-10968.731445,1.374023
12405,-10437.141602,-10396.269531,40.872070
12406,-12382.541016,-12351.821289,30.719727
12407,-11306.003906,-11374.628906,68.625000
12408,-9541.814453,-9554.616211,12.801758
12409,-10535.443359,-10474.910156,60.533203
12410,-10920.893555,-10933.088867,12.195312
12411,-12343.770508,-12352.416992,8.646484
12412,-10938.332031,-10904.797852,33.534180
12413,-10938.854492,-10937.010742,1.843750
12414,-9543.794922,-9463.112305,80.682617
12415,-10417.537109,-10464.328125,46.791016
12416,-12579.144531,-12555.421875,23.722656
12417,-10555.164062,-10531.822266,23.341797
12418,-11481.864258,-11477.810547,4.053711
12419,-8914.261719,-8892.064453,22.197266
12420,-11457.747070,-11476.378906,18.631836
12421,-10359.930664,-10302.645508,57.285156
12422,-9569.076172,-9463.025391,106.050781
12423,-10518.642578,-10498.764648,19.877930
12424,-11010.877930,-11002.570312,8.307617
12425,-12768.958984,-12789.476562,20.517578
12426,-11893.954102,-11947.522461,53.568359
12427,-9509.291016,-9522.598633,13.307617
12428,-10983.671875,-10969.326172,14.345703
12429,-10968.424805,-10971.406250,2.981445
12430,-11367.809570,-11373.421875,5.612305
12431,-11416.096680,-11408.570312,7.526367
12432,-13609.480469,-13547.093750,62.386719
12433,-11526.030273,-11511.049805,14.980469
12434,-11015.328125,-10970.468750,44.859375
12435,-11380.845703,-11375.171875,5.673828
12436,-12436.916016,-12490.399414,53.483398
12437,-11934.428711,-11915.454102,18.974609
12438,-13025.291016,-12957.228516,68.062500
12439,-9312.547852,-9430.093750,117.545898
12440,-11909.280273,-11914.632812,5.352539
12441,-12004.960938,-11981.793945,23.166992
12442,-11611.357422,-11543.256836,68.100586
12443,-10002.973633,-10023.947266,20.973633
12444,-10461.949219,-10474.625977,12.676758
12445,-12530.262695,-12553.352539,23.089844
12446,-12314.445312,-12321.809570,7.364258
12447,-11673.920898,-11501.708008,172.212891
12448,-10992.526367,-11002.413086,9.886719
12449,-10504.389648,-10507.179688,2.790039
12450,-10968.995117,-10911.967773,57.027344
12451,-11945.415039,-11948.794922,3.379883
12452,-12000.993164,-11947.969727,53.023438
12453,-9903.429688,-9926.422852,22.993164
12454,-10880.692383,-10801.679688,79.012695
12455,-11460.296875,-11443.900391,16.396484
12456,-11912.866211,-11916.315430,3.449219
12457,-11411.258789,-11407.635742,3.623047
12458,-10459.077148,-10395.275391,63.801758
12459,-11387.772461,-11374.417969,13.354492
12460,-12475.717773,-12454.621094,21.096680
12461,-12414.803711,-12384.245117,30.558594
12462,-11519.209961,-11510.370117,8.839844
12463,-12302.800781,-12353.867188,51.066406
12464,-11957.280273,-11948.108398,9.171875
12465,-10460.293945,-10305.565430,154.728516
12466,-11379.103516,-11407.496094,28.392578
12467,-11790.183594,-11812.854492,22.670898
12468,-10951.943359,-10939.647461,12.295898
12469,-11049.460938,-11003.531250,45.929688
12470,-11968.250000,-11948.515625,19.734375
12471,-11506.775391,-11479.091797,27.683594
12472,-10932.393555,-10937.833984,5.440430
12473,-11921.467773,-11914.772461,6.695312
12474,-10949.362305,-10970.595703,21.233398
12475,-8656.923828,-8493.396484,163.527344
12476,-9375.523438,-9523.562500,148.039062
12477,-10726.521484,-10800.915039,74.393555
12478,-8833.687500,-8419.189453,414.498047
12479,-10241.672852,-10440.637695,198.964844
12480,-12499.257812,-12488.458984,10.798828
12481,-12869.138672,-12926.360352,57.221680
12482,-10993.070312,-11034.903320,41.833008
12483,-9560.722656,-9341.574219,219.148438
12484,-12738.238281,-12789.833984,51.595703
12485,-10112.396484,-10270.809570,158.413086
12486,-10484.405273,-10500.395508,15.990234
12487,-10600.173828,-10598.387695,1.786133
12488,-11870.306641,-11947.937500,77.630859
12489,-12087.138672,-12014.369141,72.769531
12490,-10910.483398,-10901.960938,8.522461
12491,-12988.187500,-12958.717773,29.469727
12492,-12871.849609,-12925.736328,53.886719
12493,-12501.848633,-12520.117188,18.268555
12494,-11882.750977,-11916.593750,33.842773
12495,-9782.353516,-9900.012695,117.659180
12496,-11430.867188,-11374.791992,56.075195
12497,-9959.222656,-9894.431641,64.791016
12498,-9515.845703,-9496.255859,19.589844
12499,-12407.569336,-12385.538086,22.031250
12500,-11578.749023,-11511.901367,66.847656
12501,-11949.733398,-11916.521484,33.211914
12502,-9560.971680,-9522.009766,38.961914
12503,-11500.646484,-11511.726562,11.080078
12504,-11598.335938,-11576.265625,22.070312
12505,-11925.338867,-11947.481445,22.142578
12506,-10922.650391,-10833.066406,89.583984
12507,-10650.671875,-10426.614258,224.057617
12508,-11527.583984,-11509.285156,18.298828
12509,-10955.242188,-10937.142578,18.099609
12510,-10482.460938,-10470.156250,12.304688
12511,-11962.031250,-11914.144531,47.886719
12512,-10583.178711,-10599.164062,15.985352
12513,-11329.164062,-11340.574219,11.410156
12514,-12503.430664,-12521.971680,18.541016
12515,-9414.484375,-9464.014648,49.530273
12516,-10953.339844,-10936.075195,17.264648
12517,-10528.173828,-10440.720703,87.453125
12518,-12521.097656,-12488.222656,32.875000
12519,-11763.342773,-11674.624023,88.718750
12520,-11859.316406,-11915.987305,56.670898
12521,-11516.361328,-11476.218750,40.142578
12522,-10552.867188,-10566.010742,13.143555
12523,-10519.827148,-10501.217773,18.609375
12524,-11361.193359,-11339.150391,22.042969
12525,-11001.952148,-10968.721680,33.230469
12526,-11418.893555,-11407.046875,11.846680
12527,-11527.111328,-11542.819336,15.708008
12528,-10553.078125,-10532.772461,20.305664
12529,-11163.516602,-11180.385742,16.869141
12530,-11909.986328,-11948.872070,38.885742
12531,-11318.090820,-11341.495117,23.404297
12532,-12659.517578,-12823.544922,164.027344
12533,-10904.662109,-10866.632812,38.029297
12534,-9466.433594,-9562.621094,96.187500
12535,-10534.653320,-10499.909180,34.744141
12536,-8810.943359,-8863.546875,52.603516
12537,-10935.752930,-10933.795898,1.957031
12538,-9940.443359,-9899.166016,41.277344
12539,-10959.599609,-10969.308594,9.708984
12540,-12332.982422,-12249.253906,83.728516
12541,-11388.124023,-11374.999023,13.125000
12542,-8521.529297,-8361.823242,159.706055
12543,-11986.937500,-11981.636719,5.300781
12544,-12560.233398,-12553.167969,7.065430
12545,-11885.768555,-11915.774414,30.005859
12546,-10992.744141,-11003.811523,11.067383
12547,-13669.146484,-13765.492188,96.345703
12548,-9924.729492,-9899.351562,25.377930
12549,-11537.035156,-11544.157227,7.122070
12550,-10548.634766,-10532.548828,16.085938
12551,-11980.463867,-11946.094727,34.369141
12552,-11576.131836,-11543.978516,32.153320
12553,-10379.240234,-10362.700195,16.540039
12554,-9938.732422,-9900.305664,38.426758
12555,-11972.530273,-11948.155273,24.375000
12556,-12308.803711,-12319.646484,10.842773
12557,-10588.475586,-10565.218750,23.256836
12558,-10518.829102,-10499.853516,18.975586
12559,-11555.522461,-11543.129883,12.392578
12560,-9952.839844,-9829.613281,123.226562
12561,-10912.915039,-10866.884766,46.030273
12562,-11467.800781,-11510.065430,42.264648
12563,-11507.640625,-11477.975586,29.665039
12564,-10525.912109,-10533.441406,7.529297
12565,-11351.749023,-11341.320312,10.428711
12566,-11436.824219,-11440.092773,3.268555
12567,-9483.218750,-9521.895508,38.676758
12568,-5725.471680,-6355.107422,629.635742
12569,-11388.062500,-11375.203125,12.859375
12570,-12474.446289,-12521.398438,46.952148
12571,-11780.869141,-11780.089844,0.779297
12572,-11394.615234,-11373.123047,21.492188
12573,-10795.784180,-10770.233398,25.550781
12574,-10864.400391,-10904.189453,39.789062
12575,-12051.977539,-11979.556641,72.420898
12576,-11267.350586,-11239.189453,28.161133
12577,-9930.259766,-9924.580078,5.679688
12578,-10914.085938,-10836.136719,77.949219
12579,-11941.102539,-11948.609375,7.506836
12580,-9449.651367,-9489.573242,39.921875
12581,-11837.071289,-11811.947266,25.124023
12582,-11006.359375,-10970.554688,35.804688
12583,-10828.592773,-10802.052734,26.540039
12584,-10512.419922,-10534.007812,21.587891
12585,-10982.241211,-10967.800781,14.440430
12586,-10962.791016,-10938.289062,24.501953
12587,-11539.614258,-11544.190430,4.576172
12588,-10853.089844,-10904.676758,51.586914
12589,-12228.441406,-12246.477539,18.036133
12590,-9897.023438,-9898.403320,1.379883
12591,-10875.611328,-10968.815430,93.204102
12592,-12387.606445,-12521.866211,134.259766
12593,-11302.130859,-11283.859375,18.271484
12594,-12010.024414,-12014.482422,4.458008
12595,-11255.224609,-11234.831055,20.393555
12596,-11846.555664,-11779.787109,66.768555
12597,-9550.496094,-9521.950195,28.545898
12598,-11368.802734,-11339.755859,29.046875
12599,-12964.071289,-12956.753906,7.317383
12600,-11988.995117,-11949.198242,39.796875
12601,-10232.503906,-9965.387695,267.116211
12602,-11452.821289,-11476.025391,23.204102
12603,-11551.791992,-11577.029297,25.237305
12604,-11837.697266,-11843.122070,5.424805
12605,-11561.433594,-11511.248047,50.185547
12606,-11558.424805,-11509.602539,48.822266
12607,-9492.874023,-9555.620117,62.746094
12608,-11992.878906,-11978.836914,14.041992
12609,-9447.213867,-9461.733398,14.519531
12610,-13021.726562,-12959.935547,61.791016
12611,-11195.201172,-11041.415039,153.786133
12612,-10533.053711,-10499.047852,34.005859
12613,-11522.222656,-11405.506836,116.715820
12614,-13434.266602,-13364.164062,70.102539
12615,-10426.994141,-10464.302734,37.308594
12616,-12204.544922,-12321.402344,116.857422
12617,-10418.865234,-10441.871094,23.005859
12618,-10424.340820,-10428.684570,4.343750
12619,-10387.172852,-10396.472656,9.299805
12620,-11766.716797,-11813.163086,46.446289
12621,-10531.118164,-10499.475586,31.642578
12622,-10485.017578,-10501.367188,16.349609
12623,-12456.943359,-12487.960938,31.017578
12624,-11977.525391,-11948.104492,29.420898
12625,-9510.911133,-9530.271484,19.360352
12626,-9832.836914,-9900.424805,67.587891
12627,-10492.560547,-10441.725586,50.834961
12628,-12308.220703,-12319.612305,11.391602
12629,-10802.378906,-10870.879883,68.500977
12630,-11976.449219,-11982.090820,5.641602
12631,-10531.748047,-10532.986328,1.238281
12632,-11468.730469,-11478.751953,10.021484
12633,-9569.529297,-9496.527344,73.001953
12634,-11541.326172,-11407.490234,133.835938
12635,-11301.853516,-11374.064453,72.210938
12636,-12048.479492,-11980.765625,67.713867
12637,-10995.927734,-11004.542969,8.615234
12638,-11515.547852,-11479.126953,36.420898
12639,-11981.414062,-11947.790039,33.624023
12640,-11892.032227,-11916.263672,24.231445
12641,-11953.161133,-12013.071289,59.910156
12642,-10590.478516,-10565.500000,24.978516
12643,-11545.708984,-11511.471680,34.237305
12644,-11764.923828,-11813.346680,48.422852
12645,-12035.499023,-11980.699219,54.799805
12646,-11650.144531,-11739.523438,89.378906
12647,-11401.558594,-11375.391602,26.166992
12648,-11516.280273,-11510.246094,6.034180
12649,-12766.025391,-12788.123047,22.097656
12650,-12227.344727,-12279.908203,52.563477
12651,-11374.892578,-11476.718750,101.826172
12652,-10589.946289,-10565.458984,24.487305
12653,-9294.093750,-9269.337891,24.755859
12654,-13547.324219,-13468.152344,79.171875
12655,-11067.144531,-10970.143555,97.000977
12656,-10414.628906,-10362.235352,52.393555
12657,-10513.246094,-10501.647461,11.598633
12658,-11947.863281,-11980.708984,32.845703
12659,-10329.255859,-10329.351562,0.095703
12660,-12923.499023,-12959.517578,36.018555
12661,-10215.976562,-10143.499023,72.477539
12662,-10573.784180,-10532.112305,41.671875
12663,-9547.581055,-9554.590820,7.009766
12664,-10963.806641,-10935.409180,28.397461
12665,-12277.573242,-12249.369141,28.204102
12666,-12377.478516,-12384.323242,6.844727
12667,-12359.612305,-12321.892578,37.719727
12668,-11450.401367,-11444.824219,5.577148
12669,-9580.005859,-9555.213867,24.791992
12670,-9477.536133,-9523.236328,45.700195
12671,-10503.780273,-10533.560547,29.780273
12672,-9234.451172,-9371.129883,136.678711
12673,-12501.617188,-12455.167969,46.449219
12674,-11568.248047,-11576.645508,8.397461
12675,-11042.960938,-10969.223633,73.737305
12676,-10546.372070,-10531.841797,14.530273
12677,-11839.596680,-11845.225586,5.628906
12678,-11986.055664,-11981.469727,4.585938
12679,-11447.480469,-11510.615234,63.134766
12680,-11470.186523,-11511.251953,41.065430
12681,-10513.144531,-10498.400391,14.744141
12682,-9537.187500,-9521.704102,15.483398
12683,-6277.134277,-6380.693848,103.559570
12684,-11537.793945,-11511.133789,26.660156
12685,-11520.004883,-11544.431641,24.426758
12686,-11954.654297,-11947.368164,7.286133
12687,-11450.767578,-11406.686523,44.081055
12688,-11888.429688,-11948.007812,59.578125
12689,-12335.012695,-12418.224609,83.211914
12690,-10491.707031,-10501.249023,9.541992
12691,-11531.843750,-11510.480469,21.363281
12692,-11764.943359,-11778.380859,13.437500
12693,-10333.965820,-10363.706055,29.740234
12694,-11277.001953,-11210.805664,66.196289
12695,-10870.710938,-10866.003906,4.707031
12696,-10386.349609,-10338.722656,47.626953
12697,-10587.916992,-10564.735352,23.181641
12698,-10544.666992,-10532.683594,11.983398
12699,-9965.234375,-9957.275391,7.958984
12700,-11000.631836,-11001.412109,0.780273
12701,-9316.087891,-8454.168945,861.918945
12702,-11906.232422,-11914.417969,8.185547
12703,-11366.846680,-11375.385742,8.539062
12704,-13435.049805,-13499.834961,64.785156
12705,-11919.678711,-11912.114258,7.564453
12706,-11259.749023,-11271.714844,11.965820
12707,-10416.865234,-10426.263672,9.398438
12708,-11570.300781,-11543.557617,26.743164
12709,-11968.851562,-11946.951172,21.900391
12710,-10045.332031,-9932.666016,112.666016
12711,-7379.856445,-7449.546875,69.690430
12712,-10857.328125,-10506.754883,350.573242
12713,-11403.958984,-11340.382812,63.576172
12714,-10943.091797,-10936.512695,6.579102
12715,-10961.752930,-10934.828125,26.924805
12716,-10967.083984,-10970.741211,3.657227
12717,-11449.515625,-11476.935547,27.419922
12718,-8464.640625,-8519.211914,54.571289
12719,-11396.123047,-11407.667969,11.544922
12720,-11993.283203,-11980.911133,12.372070
12721,-12379.624023,-12418.400391,38.776367
12722,-11265.398438,-11303.634766,38.236328
12723,-10506.958984,-10532.761719,25.802734
12724,-9914.962891,-9842.421875,72.541016
12725,-11884.032227,-11914.561523,30.529297
12726,-10559.407227,-10499.406250,60.000977
12727,-11503.996094,-11476.042969,27.953125
12728,-10921.367188,-10935.714844,14.347656
12729,-11370.940430,-11250.238281,120.702148
12730,-11544.127930,-11473.616211,70.511719
12731,-11898.617188,-11880.055664,18.561523
12732,-9416.833984,-9404.147461,12.686523
12733,-10319.355469,-10363.968750,44.613281
12734,-12331.721680,-12385.899414,54.177734
12735,-12047.330078,-11980.881836,66.448242
12736,-11868.109375,-11844.687500,23.421875
12737,-11408.429688,-11475.253906,66.824219
12738,-10508.564453,-10500.915039,7.649414
12739,-12898.794922,-12927.548828,28.753906
12740,-11029.996094,-11002.833008,27.163086
12741,-11012.727539,-10970.757812,41.969727
12742,-9338.861328,-9325.693359,13.167969
12743,-12505.106445,-12489.416992,15.689453
12744,-11039.944336,-10843.494141,196.450195
12745,-11563.426758,-11543.351562,20.075195
12746,-12443.439453,-12353.199219,90.240234
12747,-9234.244141,-9270.209961,35.965820
12748,-10987.095703,-10970.781250,16.314453
12749,-12947.589844,-12958.553711,10.963867
12750,-11463.737305,-11477.515625,13.778320
12751,-8997.030273,-9521.694336,524.664062
12752,-9553.296875,-9555.265625,1.968750
12753,-12883.556641,-12893.646484,10.089844
12754,-11274.588867,-11375.304688,100.715820
12755,-11363.745117,-11374.606445,10.861328
12756,-12465.452148,-12521.180664,55.728516
12757,-12351.388672,-12280.961914,70.426758
12758,-12418.490234,-12415.837891,2.652344
12759,-11516.667969,-11509.611328,7.056641
12760,-10595.755859,-10598.575195,2.819336
12761,-10673.817383,-10531.703125,142.114258
12762,-9573.378906,-9554.901367,18.477539
12763,-10357.027344,-10429.026367,71.999023
12764,-8279.588867,-8428.424805,148.835938
12765,-9379.525391,-9361.129883,18.395508
12766,-11320.392578,-11341.893555,21.500977
12767,-11233.708984,-11212.741211,20.967773
12768,-11364.023438,-11374.423828,10.400391
12769,-13357.703125,-13330.849609,26.853516
12770,-10935.065430,-10939.516602,4.451172
12771,-11955.733398,-11947.870117,7.863281
12772,-10889.896484,-10937.312500,47.416016
12773,-11855.519531,-11844.406250,11.113281
12774,-9800.127930,-9901.457031,101.329102
12775,-11528.781250,-11542.857422,14.076172
12776,-10007.083008,-9959.641602,47.441406
12777,-11556.528320,-11509.311523,47.216797
12778,-9937.158203,-9990.978516,53.820312
12779,-11500.565430,-11511.806641,11.241211
12780,-12586.571289,-12456.764648,129.806641
12781,-10403.521484,-10362.848633,40.672852
12782,-12251.016602,-12248.320312,2.696289
12783,-12377.831055,-12352.131836,25.699219
12784,-9450.964844,-9270.680664,180.284180
12785,-10842.144531,-10800.097656,42.046875
12786,-11509.577148,-11543.573242,33.996094
12787,-10900.267578,-10903.615234,3.347656
12788,-10930.935547,-10905.029297,25.906250
12789,-10532.305664,-10498.595703,33.709961
12790,-11449.830078,-11372.970703,76.859375
12791,-11539.344727,-11544.598633,5.253906
12792,-11351.476562,-11407.518555,56.041992
12793,-9917.974609,-9924.334961,6.360352
12794,-11952.167969,-11947.916992,4.250977
12795,-10561.135742,-10531.957031,29.178711
12796,-11357.985352,-11406.940430,48.955078
12797,-11867.042969,-11947.745117,80.702148
12798,-9936.165039,-9923.049805,13.115234
12799,-11996.186523,-11949.501953,46.684570
12800,-11978.755859,-11948.973633,29.782227
12801,-12891.364258,-12926.461914,35.097656
12802,-10536.209961,-10499.083008,37.126953
12803,-12925.901367,-12958.012695,32.111328
12804,-11875.918945,-11844.654297,31.264648
12805,-11518.141602,-11509.109375,9.032227
12806,-9855.427734,-9925.280273,69.852539
12807,-11359.987305,-11373.427734,13.440430
12808,-10967.141602,-10938.088867,29.052734
12809,-9245.691406,-9326.949219,81.257812
12810,-9131.633789,-9359.820312,228.186523
12811,-12206.723633,-12430.940430,224.216797
12812,-11430.228516,-11476.818359,46.589844
12813,-12769.832031,-12791.195312,21.363281
12814,-11028.095703,-11001.887695,26.208008
12815,-10994.456055,-10912.044922,82.411133
12816,-12474.486328,-12552.779297,78.292969
12817,-10970.574219,-10971.540039,0.965820
12818,-11490.585938,-11543.476562,52.890625
12819,-11433.843750,-11376.508789,57.334961
12820,-11746.384766,-11779.185547,32.800781
12821,-11929.318359,-11914.668945,14.649414
12822,-10911.724609,-10741.787109,169.937500
12823,-11802.535156,-11963.769531,161.234375
12824,-12050.839844,-11947.243164,103.596680
12825,-10871.485352,-10799.151367,72.333984
12826,-12019.372070,-11946.972656,72.399414
12827,-10978.361328,-10935.648438,42.712891
12828,-11656.979492,-11707.963867,50.984375
12829,-12962.420898,-12958.829102,3.591797
12830,-11529.454102,-11511.695312,17.758789
12831,-11996.953125,-11980.515625,16.437500
12832,-11033.297852,-11001.357422,31.940430
12833,-10323.696289,-10370.819336,47.123047
12834,-11935.642578,-11948.022461,12.379883
12835,-11939.588867,-11945.940430,6.351562
12836,-10979.712891,-10971.607422,8.105469
12837,-11581.483398,-11502.146484,79.336914
12838,-13348.402344,-13435.074219,86.671875
12839,-8886.877930,-8921.692383,34.814453
12840,-11402.450195,-11406.397461,3.947266
12841,-12430.700195,-12382.668945,48.031250
12842,-11752.267578,-11706.435547,45.832031
12843,-11987.792969,-11980.899414,6.893555
12844,-11537.371094,-11543.953125,6.582031
12845,-10550.898438,-10532.117188,18.781250
12846,-11387.859375,-11374.990234,12.869141
12847,-11920.721680,-11914.860352,5.861328
12848,-11453.423828,-11407.929688,45.494141
12849,-11898.867188,-11881.176758,17.690430
12850,-10578.333984,-10566.333008,12.000977
12851,-11900.958984,-11913.811523,12.852539
12852,-12005.847656,-12014.028320,8.180664
12853,-10409.684570,-10362.756836,46.927734
12854,-11346.169922,-11375.057617,28.887695
12855,-11961.995117,-11914.519531,47.475586
12856,-10038.167969,-9934.452148,103.715820
12857,-12050.378906,-11978.944336,71.434570
12858,-10801.612305,-10834.854492,33.242188
12859,-9948.736328,-9989.855469,41.119141
12860,-11892.676758,-11776.107422,116.569336
12861,-10284.206055,-10305.332031,21.125977
12862,-12553.952148,-12554.355469,0.403320
12863,-11851.476562,-11878.159180,26.682617
12864,-11500.107422,-11512.056641,11.949219
12865,-10588.535156,-10566.093750,22.441406
12866,-9951.113281,-9900.869141,50.244141
12867,-11465.060547,-11477.392578,12.332031
12868,-12941.544922,-12893.120117,48.424805
12869,-10945.746094,-10970.719727,24.973633
12870,-12850.039062,-12893.336914,43.297852
12871,-11402.388672,-11373.394531,28.994141
12872,-12373.174805,-12385.306641,12.131836
12873,-9205.993164,-8551.770508,654.222656
12874,-10439.522461,-10442.917969,3.395508
12875,-9154.483398,-8890.523438,263.959961
12876,-12964.759766,-12893.662109,71.097656
12877,-12257.589844,-12216.614258,40.975586
12878,-9921.267578,-9993.742188,72.474609
12879,-8961.314453,-8829.469727,131.844727
12880,-11513.816406,-11509.494141,4.322266
12881,-8289.813477,-8338.072266,48.258789
12882,-11566.596680,-11544.247070,22.349609
12883,-12113.742188,-12456.574219,342.832031
12884,-12402.349609,-12352.546875,49.802734
12885,-11110.604492,-11339.280273,228.675781
12886,-11535.694336,-11509.873047,25.821289
12887,-11559.488281,-11511.592773,47.895508
12888,-8151.063477,-8290.950195,139.886719
12889,-10971.921875,-10910.680664,61.241211
12890,-12737.194336,-12791.806641,54.612305
12891,-10642.094727,-10565.020508,77.074219
12892,-10502.004883,-10532.886719,30.881836
12893,-9699.934570,-9530.097656,169.836914
12894,-10483.253906,-10499.478516,16.224609
12895,-11619.091797,-11739.423828,120.332031
12896,-11500.717773,-11509.453125,8.735352
12897,-10963.491211,-10937.045898,26.445312
12898,-11489.293945,-11476.949219,12.344727
12899,-11943.359375,-11981.427734,38.068359
12900,-10941.888672,-10970.042969,28.154297
12901,-9207.610352,-9404.787109,197.176758
12902,-10599.276367,-10565.569336,33.707031
12903,-13684.574219,-13764.790039,80.215820
12904,-9921.792969,-9901.303711,20.489258
12905,-11430.861328,-11408.356445,22.504883
12906,-12504.828125,-12520.955078,16.126953
12907,-11848.509766,-11846.155273,2.354492
12908,-10503.977539,-10531.556641,27.579102
12909,-10975.724609,-10934.802734,40.921875
12910,-13421.501953,-13466.201172,44.699219
12911,-10486.439453,-10465.161133,21.278320
12912,-13765.918945,-13905.134766,139.215820
12913,-11515.778320,-11510.343750,5.434570
12914,-11638.919922,-11317.772461,321.147461
12915,-12966.982422,-12927.575195,39.407227
12916,-10349.629883,-10336.771484,12.858398
12917,-11961.076172,-11916.141602,44.934570
12918,-10469.705078,-10500.568359,30.863281
12919,-12504.790039,-12553.484375,48.694336
12920,-11500.912109,-11509.510742,8.598633
12921,-11958.166992,-11947.312500,10.854492
12922,-11385.460938,-11343.362305,42.098633
12923,-12348.815430,-12353.505859,4.690430
12924,-10473.469727,-10498.621094,25.151367
12925,-11532.364258,-11544.221680,11.857422
12926,-11432.419922,-11477.666992,45.247070
12927,-11416.110352,-11475.576172,59.465820
12928,-12662.459961,-12686.488281,24.028320
12929,-10500.043945,-10532.394531,32.350586
12930,-11486.696289,-11543.707031,57.010742
12931,-9936.739258,-9925.411133,11.328125
12932,-11930.792969,-11946.031250,15.238281
12933,-11949.046875,-11914.553711,34.493164
12934,-11510.229492,-11511.350586,1.121094
12935,-12780.497070,-12553.949219,226.547852
12936,-10578.980469,-10533.427734,45.552734
12937,-11971.760742,-11980.922852,9.162109
12938,-12371.279297,-12457.585938,86.306641
12939,-11431.546875,-11511.246094,79.699219
12940,-10988.685547,-10969.281250,19.404297
12941,-10553.096680,-10532.953125,20.143555
12942,-11327.055664,-11342.557617,15.501953
12943,-11561.353516,-11509.919922,51.433594
12944,-13333.618164,-13331.972656,1.645508
12945,-11492.581055,-11511.567383,18.986328
12946,-12523.184570,-12521.563477,1.621094
12947,-10580.086914,-10532.961914,47.125000
12948,-10969.916992,-10970.722656,0.805664
12949,-11028.160156,-11001.666992,26.493164
12950,-10409.513672,-10397.073242,12.440430
12951,-9494.962891,-9496.921875,1.958984
12952,-10517.332031,-10531.789062,14.457031
12953,-9531.652344,-9555.197266,23.544922
12954,-9841.653320,-9764.876953,76.776367
12955,-11029.137695,-11001.354492,27.783203
12956,-12487.721680,-12454.825195,32.896484
12957,-11914.728516,-11915.854492,1.125977
12958,-10707.619141,-10877.966797,170.347656
12959,-9626.220703,-9555.291992,70.928711
12960,-10435.978516,-10463.023438,27.044922
12961,-10481.068359,-10462.195312,18.873047
12962,-10950.520508,-10937.202148,13.318359
12963,-11416.923828,-11408.617188,8.306641
12964,-10328.243164,-10362.732422,34.489258
12965,-11551.009766,-11575.924805,24.915039
12966,-11458.134766,-11373.701172,84.433594
12967,-11519.670898,-11543.581055,23.910156
12968,-8498.050781,-8426.867188,71.183594
12969,-10940.005859,-10901.958008,38.047852
12970,-11048.897461,-11002.035156,46.862305
12971,-11038.375977,-11003.473633,34.902344
12972,-10569.603516,-10564.579102,5.024414
12973,-11209.745117,-11238.050781,28.305664
12974,-11406.146484,-11407.253906,1.107422
12975,-11004.315430,-10970.316406,33.999023
12976,-10575.489258,-10565.866211,9.623047
12977,-15900.746094,-15526.656250,374.089844
12978,-12287.550781,-12248.325195,39.225586
12979,-11447.694336,-11407.933594,39.760742
12980,-11348.182617,-11375.915039,27.732422
12981,-10920.426758,-10903.432617,16.994141
12982,-11435.499023,-11271.001953,164.497070
12983,-10930.719727,-10903.561523,27.158203
12984,-11753.588867,-11856.921875,103.333008
12985,-11547.045898,-11510.745117,36.300781
12986,-12417.029297,-12386.197266,30.832031
12987,-9455.463867,-9405.535156,49.928711
12988,-10353.836914,-10395.785156,41.948242
12989,-11273.317383,-11270.011719,3.305664
12990,-11478.038086,-11477.229492,0.808594
12991,-10912.001953,-10970.147461,58.145508
12992,-9590.228516,-9555.968750,34.259766
12993,-11318.255859,-11371.983398,53.727539
12994,-11868.676758,-11779.584961,89.091797
12995,-12034.959961,-11981.629883,53.330078
12996,-10595.625977,-10533.221680,62.404297
12997,-12019.857422,-11915.408203,104.449219
12998,-12976.078125,-12991.893555,15.815430
12999,-10954.352539,-10936.830078,17.522461
13000,-10240.089844,-9797.974609,442.115234
13001,-11798.708008,-11882.709961,84.001953
13002,-12441.637695,-12418.663086,22.974609
13003,-11486.921875,-11509.679688,22.757812
13004,-10892.441406,-10866.798828,25.642578
13005,-9480.786133,-9522.142578,41.356445
13006,-11932.423828,-11913.803711,18.620117
13007,-12469.344727,-12455.790039,13.554688
13008,-11497.671875,-11440.613281,57.058594
13009,-12016.949219,-11980.713867,36.235352
13010,-9933.718750,-9958.972656,25.253906
13011,-9466.087891,-9487.815430,21.727539
13012,-11977.016602,-11947.927734,29.088867
13013,-11468.677734,-11476.716797,8.039062
13014,-12389.373047,-12387.143555,2.229492
13015,-12389.389648,-12352.968750,36.420898
13016,-11966.595703,-11947.363281,19.232422
13017,-9948.659180,-9960.156250,11.497070
13018,-10527.841797,-10532.912109,5.070312
13019,-10575.576172,-10565.178711,10.397461
13020,-11951.705078,-11948.949219,2.755859
13021,-12308.832031,-12353.820312,44.988281
13022,-9282.311523,-9293.516602,11.205078
13023,-10917.364258,-10903.961914,13.402344
13024,-9929.527344,-9959.723633,30.196289
13025,-8305.033203,-8453.228516,148.195312
13026,-12785.566406,-12790.113281,4.546875
13027,-12563.886719,-12553.445312,10.441406
13028,-12116.921875,-12030.115234,86.806641
13029,-11460.542969,-11443.735352,16.807617
13030,-11393.075195,-11375.909180,17.166016
13031,-12408.965820,-12422.302734,13.336914
13032,-11011.528320,-11001.527344,10.000977
13033,-10699.855469,-10631.492188,68.363281
13034,-11478.420898,-11510.451172,32.030273
13035,-9488.669922,-9497.161133,8.491211
13036,-12517.435547,-11486.001953,1031.433594
13037,-10485.586914,-10497.578125,11.991211
13038,-9522.757812,-9521.825195,0.932617
13039,-11517.208984,-11543.316406,26.107422
13040,-10950.296875,-10969.259766,18.962891
13041,-9235.888672,-8486.760742,749.127930
13042,-12028.414062,-11981.430664,46.983398
13043,-7756.815430,-7788.002930,31.187500
13044,-12458.814453,-12353.041992,105.772461
13045,-12948.539062,-12925.911133,22.627930
13046,-12895.294922,-12926.256836,30.961914
13047,-11535.447266,-11510.825195,24.622070
13048,-12510.575195,-12521.956055,11.380859
13049,-10710.036133,-10742.497070,32.460938
13050,-11849.969727,-11913.061523,63.091797
13051,-10545.929688,-10566.557617,20.627930
13052,-10279.799805,-9867.574219,412.225586
13053,-11746.851562,-11752.667969,5.816406
13054,-9595.874023,-9555.755859,40.118164
13055,-10553.013672,-10532.430664,20.583008
13056,-12573.193359,-12489.758789,83.434570
13057,-10965.183594,-10902.074219,63.109375
13058,-10899.236328,-10903.460938,4.224609
13059,-12901.565430,-12923.382812,21.817383
13060,-11553.254883,-11544.735352,8.519531
13061,-11396.732422,-11407.684570,10.952148
13062,-11334.319336,-11341.897461,7.578125
13063,-10550.523438,-10500.583984,49.939453
13064,-9997.026367,-9957.478516,39.547852
13065,-9798.531250,-9891.528320,92.997070
13066,-10561.125977,-10599.372070,38.246094
13067,-9898.313477,-9705.817383,192.496094
13068,-11495.994141,-11478.538086,17.456055
13069,-10609.510742,-10598.532227,10.978516
13070,-11516.898438,-11510.123047,6.775391
13071,-10257.566406,-10351.247070,93.680664
13072,-9577.216797,-9462.720703,114.496094
13073,-11900.620117,-11917.122070,16.501953
13074,-11382.993164,-11373.504883,9.488281
13075,-9103.109375,-8774.152344,328.957031
13076,-12076.007812,-12012.493164,63.514648
13077,-12467.892578,-12489.473633,21.581055
13078,-10866.815430,-10903.744141,36.928711
13079,-10505.420898,-10500.243164,5.177734
13080,-10767.975586,-10879.722656,111.747070
13081,-12398.964844,-12384.467773,14.497070
13082,-12860.085938,-13007.571289,147.485352
13083,-11466.556641,-11476.497070,9.940430
