index,predicted,target,abs_error
0,-13499.160156,-13498.684570,0.475586
1,-12555.637695,-12553.394531,2.243164
2,-10566.103516,-10565.196289,0.907227
3,-11512.042969,-11511.768555,0.274414
4,-10937.278320,-10936.218750,1.059570
5,-10563.342773,-10564.536133,1.193359
6,-11978.664062,-11978.977539,0.313477
7,-11423.315430,-11420.879883,2.435547
8,-10534.115234,-10533.431641,0.683594
9,-9932.855469,-9933.640625,0.785156
10,-10468.705078,-10469.112305,0.407227
11,-11510.503906,-11508.370117,2.133789
12,-13933.152344,-13937.166992,4.014648
13,-9553.725586,-9554.845703,1.120117
14,-10031.476562,-10003.875977,27.600586
15,-11378.014648,-11375.015625,2.999023
16,-10904.977539,-10905.177734,0.200195
17,-11915.271484,-11913.840820,1.430664
18,-11544.194336,-11543.761719,0.432617
19,-10911.865234,-10911.668945,0.196289
20,-11811.405273,-11811.770508,0.365234
21,-11844.310547,-11844.586914,0.276367
22,-12758.455078,-12757.309570,1.145508
23,-10566.381836,-10566.061523,0.320312
24,-10341.335938,-10340.071289,1.264648
25,-9554.043945,-9554.411133,0.367188
26,-12488.685547,-12488.501953,0.183594
27,-9620.637695,-9620.880859,0.243164
28,-10328.659180,-10329.749023,1.089844
29,-10970.454102,-10969.043945,1.410156
30,-10566.091797,-10566.407227,0.315430
31,-11915.082031,-11914.469727,0.612305
32,-12554.116211,-12553.772461,0.343750
33,-10832.209961,-10834.231445,2.021484
34,-11575.871094,-11575.876953,0.005859
35,-11545.931641,-11544.002930,1.928711
36,-10501.376953,-10499.958008,1.418945
37,-14087.267578,-14089.933594,2.666016
38,-12353.101562,-12354.044922,0.943359
39,-10939.925781,-10937.226562,2.699219
40,-12244.183594,-12246.777344,2.593750
41,-11303.509766,-11303.146484,0.363281
42,-11001.293945,-11001.580078,0.286133
43,-11374.458008,-11374.910156,0.452148
44,-11542.524414,-11542.752930,0.228516
45,-10968.196289,-10967.206055,0.990234
46,-10968.884766,-10968.337891,0.546875
47,-10532.234375,-10532.243164,0.008789
48,-12827.016602,-12823.902344,3.114258
49,-8866.469727,-8865.435547,1.034180
50,-10599.354492,-10598.396484,0.958008
51,-9991.861328,-9989.923828,1.937500
52,-12424.800781,-12415.283203,9.517578
53,-10972.183594,-10971.535156,0.648438
54,-11544.518555,-11543.732422,0.786133
55,-10872.236328,-10869.083984,3.152344
56,-9933.923828,-9934.561523,0.637695
57,-12865.947266,-12861.800781,4.146484
58,-10341.010742,-10339.115234,1.895508
59,-10338.171875,-10339.620117,1.448242
60,-10532.381836,-10531.671875,0.709961
61,-11332.813477,-11337.657227,4.843750
62,-11511.057617,-11512.333984,1.276367
63,-12921.671875,-12924.502930,2.831055
64,-10465.659180,-10466.745117,1.085938
65,-12490.060547,-12490.454102,0.393555
66,-11543.374023,-11542.567383,0.806641
67,-11919.458008,-11916.375000,3.083008
68,-11374.596680,-11374.641602,0.044922
69,-10938.924805,-10937.666992,1.257812
70,-11511.301758,-11510.581055,0.720703
71,-11981.200195,-11979.778320,1.421875
72,-12789.648438,-12790.191406,0.542969
73,-9462.994141,-9464.125000,1.130859
74,-10969.450195,-10971.105469,1.655273
75,-12352.739258,-12351.949219,0.790039
76,-10910.679688,-10911.768555,1.088867
77,-12455.613281,-12455.587891,0.025391
78,-11481.474609,-11477.454102,4.020508
79,-12926.627930,-12926.005859,0.622070
80,-12431.425781,-12431.525391,0.099609
81,-12378.438477,-12373.346680,5.091797
82,-11002.438477,-11001.740234,0.698242
83,-11543.510742,-11542.741211,0.769531
84,-11575.076172,-11576.146484,1.070312
85,-10500.307617,-10499.601562,0.706055
86,-8859.429688,-8858.500977,0.928711
87,-12320.383789,-12319.694336,0.689453
88,-11373.956055,-11374.217773,0.261719
89,-10329.337891,-10330.314453,0.976562
90,-10532.410156,-10531.974609,0.435547
91,-12522.108398,-12522.051758,0.056641
92,-12352.095703,-12352.669922,0.574219
93,-14204.811523,-14202.872070,1.939453
94,-10566.220703,-10565.432617,0.788086
95,-9990.679688,-9990.643555,0.036133
96,-9957.949219,-9957.859375,0.089844
97,-10566.458008,-10566.213867,0.244141
98,-11477.378906,-11477.249023,0.129883
99,-11944.603516,-11946.578125,1.974609
100,-11945.300781,-11945.985352,0.684570
101,-12788.642578,-12789.951172,1.308594
102,-10273.786133,-10272.914062,0.872070
103,-9798.622070,-9797.851562,0.770508
104,-11948.140625,-11948.402344,0.261719
105,-9394.015625,-9393.004883,1.010742
106,-11340.796875,-11341.975586,1.178711
107,-11843.841797,-11844.517578,0.675781
108,-6414.083496,-6413.638184,0.445312
109,-11916.899414,-11915.433594,1.465820
110,-10901.958008,-10902.692383,0.734375
111,-10629.011719,-10631.538086,2.526367
112,-11918.375000,-11914.928711,3.446289
113,-10935.680664,-10935.870117,0.189453
114,-11915.022461,-11915.978516,0.956055
115,-10968.411133,-10968.888672,0.477539
116,-11543.058594,-11542.441406,0.617188
117,-11948.390625,-11947.549805,0.840820
118,-12520.598633,-12521.248047,0.649414
119,-11443.222656,-11444.850586,1.627930
120,-10533.077148,-10533.569336,0.492188
121,-10534.495117,-10533.243164,1.251953
122,-12352.327148,-12352.593750,0.266602
123,-10967.847656,-10968.888672,1.041016
124,-10466.578125,-10464.478516,2.099609
125,-11980.756836,-11980.868164,0.111328
126,-12116.775391,-12111.850586,4.924805
127,-10533.758789,-10533.057617,0.701172
128,-10868.456055,-10870.758789,2.302734
129,-11341.707031,-11341.973633,0.266602
130,-12250.760742,-12250.300781,0.459961
131,-11002.750000,-11002.237305,0.512695
132,-11480.913086,-11479.807617,1.105469
133,-11512.755859,-11511.004883,1.750977
134,-11507.792969,-11511.188477,3.395508
135,-9521.405273,-9522.361328,0.956055
136,-11476.459961,-11476.503906,0.043945
137,-10835.247070,-10834.408203,0.838867
138,-11410.570312,-11407.258789,3.311523
139,-13223.772461,-13226.476562,2.704102
140,-11947.516602,-11946.218750,1.297852
141,-11511.321289,-11510.857422,0.463867
142,-10565.606445,-10566.059570,0.453125
143,-11812.663086,-11812.869141,0.206055
144,-12387.224609,-12386.082031,1.142578
145,-11406.358398,-11405.760742,0.597656
146,-9433.339844,-9437.475586,4.135742
147,-10968.044922,-10967.454102,0.590820
148,-11000.379883,-11001.651367,1.271484
149,-11403.314453,-11406.745117,3.430664
150,-11406.347656,-11407.640625,1.292969
151,-12352.897461,-12353.238281,0.340820
152,-10968.802734,-10969.220703,0.417969
153,-11916.278320,-11915.239258,1.039062
154,-10273.004883,-10273.270508,0.265625
155,-10935.409180,-10935.821289,0.412109
156,-12354.099609,-12353.587891,0.511719
157,-11950.398438,-11948.673828,1.724609
158,-11374.563477,-11373.148438,1.415039
159,-11912.791992,-11916.332031,3.540039
160,-11283.780273,-11283.283203,0.497070
161,-10598.958008,-10599.689453,0.731445
162,-10533.965820,-10534.330078,0.364258
163,-10565.553711,-10565.091797,0.461914
164,-11913.999023,-11914.689453,0.690430
165,-11478.292969,-11478.558594,0.265625
166,-10532.580078,-10532.727539,0.147461
167,-11542.613281,-11541.607422,1.005859
168,-11409.727539,-11408.954102,0.773438
169,-8832.998047,-8832.089844,0.908203
170,-10865.265625,-10866.784180,1.518555
171,-11608.612305,-11609.236328,0.624023
172,-11344.491211,-11342.840820,1.650391
173,-11776.579102,-11776.840820,0.261719
174,-9898.712891,-9900.498047,1.785156
175,-10532.373047,-10531.018555,1.354492
176,-10501.263672,-10501.610352,0.346680
177,-11917.249023,-11916.420898,0.828125
178,-11477.165039,-11476.269531,0.895508
179,-12458.214844,-12456.193359,2.021484
180,-10500.375977,-10499.897461,0.478516
181,-9497.564453,-9496.232422,1.332031
182,-11318.346680,-11316.409180,1.937500
183,-6381.315430,-6381.682617,0.367188
184,-12521.109375,-12521.106445,0.002930
185,-10530.770508,-10531.911133,1.140625
186,-9868.230469,-9868.079102,0.151367
187,-12349.249023,-12351.472656,2.223633
188,-11509.762695,-11511.301758,1.539062
189,-11945.445312,-11946.583984,1.138672
190,-10441.325195,-10441.358398,0.033203
191,-11305.328125,-11308.295898,2.967773
192,-12456.444336,-12454.038086,2.406250
193,-9988.934570,-9991.027344,2.092773
194,-11847.408203,-11848.615234,1.207031
195,-10801.448242,-10800.943359,0.504883
196,-10968.847656,-10969.740234,0.892578
197,-12785.435547,-12787.853516,2.417969
198,-10567.284180,-10566.928711,0.355469
199,-10937.561523,-10937.490234,0.071289
200,-10836.393555,-10838.405273,2.011719
201,-9837.269531,-9837.361328,0.091797
202,-8518.733398,-8519.438477,0.705078
203,-11913.025391,-11914.277344,1.251953
204,-9587.812500,-9588.096680,0.284180
205,-11542.293945,-11543.677734,1.383789
206,-10566.471680,-10566.449219,0.022461
207,-11544.445312,-11543.645508,0.799805
208,-10499.521484,-10499.347656,0.173828
209,-12552.798828,-12554.077148,1.278320
210,-11405.685547,-11406.921875,1.236328
211,-11477.280273,-11478.509766,1.229492
212,-9960.253906,-9960.317383,0.063477
213,-12384.958984,-12385.833008,0.874023
214,-9896.554688,-9899.817383,3.262695
215,-9463.853516,-9463.702148,0.151367
216,-12357.965820,-12354.606445,3.359375
217,-12896.725586,-12894.528320,2.197266
218,-11003.464844,-11002.842773,0.622070
219,-10443.469727,-10441.290039,2.179688
220,-10881.387695,-10880.791992,0.595703
221,-11512.043945,-11511.022461,1.021484
222,-12920.813477,-12924.450195,3.636719
223,-10428.481445,-10426.010742,2.470703
224,-9550.810547,-9552.243164,1.432617
225,-11473.015625,-11478.140625,5.125000
226,-11914.707031,-11913.915039,0.791992
227,-10502.742188,-10498.988281,3.753906
228,-11510.764648,-11510.583008,0.181641
229,-10972.068359,-10970.231445,1.836914
230,-11036.052734,-11034.735352,1.317383
231,-10936.717773,-10937.887695,1.169922
232,-9520.701172,-9522.030273,1.329102
233,-13470.291992,-13467.668945,2.623047
234,-11948.673828,-11947.890625,0.783203
235,-9523.040039,-9521.739258,1.300781
236,-10429.258789,-10429.400391,0.141602
237,-11577.201172,-11576.194336,1.006836
238,-10409.574219,-10408.854492,0.719727
239,-11374.762695,-11373.472656,1.290039
240,-10305.156250,-10304.251953,0.904297
241,-11949.503906,-11948.479492,1.024414
242,-10566.455078,-10566.514648,0.059570
243,-9866.827148,-9866.088867,0.738281
244,-10564.366211,-10565.408203,1.041992
245,-11340.144531,-11340.927734,0.783203
246,-10501.478516,-10501.295898,0.182617
247,-8484.835938,-8485.269531,0.433594
248,-11375.425781,-11375.903320,0.477539
249,-11372.807617,-11373.913086,1.105469
250,-12425.085938,-12425.038086,0.047852
251,-11475.987305,-11477.542969,1.555664
252,-12926.200195,-12927.091797,0.891602
253,-10397.864258,-10395.939453,1.924805
254,-11480.006836,-11479.095703,0.911133
255,-8925.000977,-8924.677734,0.323242
256,-9958.885742,-9958.392578,0.493164
257,-9555.814453,-9555.601562,0.212891
258,-11919.016602,-11916.341797,2.674805
259,-10532.226562,-10531.988281,0.238281
260,-8453.291016,-8452.689453,0.601562
261,-11948.367188,-11945.949219,2.417969
262,-10937.856445,-10935.984375,1.872070
263,-13332.558594,-13330.035156,2.523438
264,-10970.514648,-10970.596680,0.082031
265,-10409.232422,-10407.875977,1.356445
266,-10498.003906,-10498.956055,0.952148
267,-11477.697266,-11477.142578,0.554688
268,-11885.955078,-11884.930664,1.024414
269,-11476.511719,-11476.231445,0.280273
270,-11445.568359,-11445.089844,0.478516
271,-11002.670898,-11001.897461,0.773438
272,-10936.401367,-10937.544922,1.143555
273,-13363.506836,-13363.359375,0.147461
274,-10465.033203,-10465.111328,0.078125
275,-8551.671875,-8551.990234,0.318359
276,-12319.162109,-12321.399414,2.237305
277,-10565.627930,-10566.445312,0.817383
278,-10973.292969,-10970.824219,2.468750
279,-10944.107422,-10945.304688,1.197266
280,-10497.604492,-10497.916016,0.311523
281,-13905.788086,-13905.029297,0.758789
282,-12926.567383,-12924.894531,1.672852
283,-12521.357422,-12521.003906,0.353516
284,-8800.246094,-8798.003906,2.242188
285,-10308.752930,-10306.114258,2.638672
286,-12283.032227,-12283.141602,0.109375
287,-8257.824219,-8259.398438,1.574219
288,-11947.757812,-11947.580078,0.177734
289,-11544.069336,-11543.821289,0.248047
290,-10327.803711,-10328.772461,0.968750
291,-11675.624023,-11675.176758,0.447266
292,-9462.429688,-9463.276367,0.846680
293,-11002.640625,-11001.612305,1.028320
294,-9521.425781,-9521.494141,0.068359
295,-11511.234375,-11511.387695,0.153320
296,-9552.507812,-9554.298828,1.791016
297,-11575.140625,-11576.951172,1.810547
298,-11949.748047,-11948.176758,1.571289
299,-12387.955078,-12385.495117,2.459961
300,-11512.154297,-11510.320312,1.833984
301,-11576.424805,-11576.220703,0.204102
302,-11407.233398,-11406.876953,0.356445
303,-10564.408203,-10565.299805,0.891602
304,-11981.837891,-11981.275391,0.562500
305,-12552.895508,-12553.662109,0.766602
306,-10938.121094,-10936.375977,1.745117
307,-10500.113281,-10498.850586,1.262695
308,-11511.498047,-11511.674805,0.176758
309,-9554.188477,-9554.922852,0.734375
310,-10833.424805,-10834.426758,1.001953
311,-11949.325195,-11948.156250,1.168945
312,-11476.851562,-11477.575195,0.723633
313,-11949.570312,-11948.941406,0.628906
314,-10497.921875,-10498.708008,0.786133
315,-12384.707031,-12386.484375,1.777344
316,-11545.832031,-11543.395508,2.436523
317,-12756.878906,-12757.315430,0.436523
318,-13123.214844,-13122.995117,0.219727
319,-9901.303711,-9901.152344,0.151367
320,-9897.726562,-9899.161133,1.434570
321,-12387.550781,-12386.866211,0.684570
322,-11945.476562,-11946.568359,1.091797
323,-11779.381836,-11779.550781,0.168945
324,-11809.717773,-11812.072266,2.354492
325,-12416.403320,-12415.602539,0.800781
326,-10564.609375,-10565.130859,0.521484
327,-11978.994141,-11980.053711,1.059570
328,-10969.018555,-10968.589844,0.428711
329,-9900.268555,-9900.097656,0.170898
330,-10423.723633,-10426.318359,2.594727
331,-10934.568359,-10936.499023,1.930664
332,-8891.150391,-8888.487305,2.663086
333,-10971.948242,-10970.094727,1.853516
334,-11812.145508,-11812.013672,0.131836
335,-11577.963867,-11576.324219,1.639648
336,-10533.574219,-10532.875000,0.699219
337,-10969.784180,-10969.038086,0.746094
338,-12959.565430,-12957.711914,1.853516
339,-9837.253906,-9836.131836,1.122070
340,-12486.517578,-12486.986328,0.468750
341,-10534.046875,-10533.437500,0.609375
342,-12289.128906,-12285.872070,3.256836
343,-8892.496094,-8891.828125,0.667969
344,-10938.475586,-10938.022461,0.453125
345,-11947.776367,-11948.373047,0.596680
346,-11842.401367,-11843.418945,1.017578
347,-10359.889648,-10363.073242,3.183594
348,-11305.964844,-11303.894531,2.070312
349,-12385.251953,-12385.622070,0.370117
350,-10336.136719,-10337.533203,1.396484
351,-11510.992188,-11510.134766,0.857422
352,-11847.294922,-11844.141602,3.153320
353,-10878.571289,-10878.721680,0.150391
354,-11883.716797,-11884.611328,0.894531
355,-9959.662109,-9958.732422,0.929688
356,-9592.045898,-9589.267578,2.778320
357,-11979.700195,-11980.787109,1.086914
358,-9902.692383,-9900.881836,1.810547
359,-11510.684570,-11509.678711,1.005859
360,-11003.196289,-11002.281250,0.915039
361,-9957.326172,-9958.738281,1.412109
362,-11844.272461,-11844.211914,0.060547
363,-11948.546875,-11948.875977,0.329102
364,-11816.386719,-11813.000000,3.386719
365,-11003.075195,-11003.915039,0.839844
366,-11510.298828,-11509.713867,0.584961
367,-11879.568359,-11881.531250,1.962891
368,-12555.421875,-12554.611328,0.810547
369,-8553.504883,-8551.812500,1.692383
370,-12354.324219,-12353.338867,0.985352
371,-9528.889648,-9529.467773,0.578125
372,-10509.042969,-10507.832031,1.210938
373,-9900.149414,-9899.425781,0.723633
374,-11542.620117,-11542.270508,0.349609
375,-10970.593750,-10970.139648,0.454102
376,-10937.032227,-10937.270508,0.238281
377,-11576.503906,-11575.712891,0.791016
378,-12016.539062,-12014.625977,1.913086
379,-9521.958984,-9521.320312,0.638672
380,-11341.220703,-11342.052734,0.832031
381,-11339.870117,-11341.646484,1.776367
382,-12523.789062,-12522.758789,1.030273
383,-11949.250977,-11949.000000,0.250977
384,-10392.166992,-10393.131836,0.964844
385,-13908.919922,-13905.529297,3.390625
386,-9555.003906,-9554.618164,0.385742
387,-12890.738281,-12893.791992,3.053711
388,-11947.637695,-11947.460938,0.176758
389,-11438.623047,-11439.832031,1.208984
390,-12926.173828,-12926.743164,0.569336
391,-10532.835938,-10533.506836,0.670898
392,-12247.560547,-12249.118164,1.557617
393,-10903.493164,-10905.270508,1.777344
394,-12158.991211,-12156.314453,2.676758
395,-10507.638672,-10507.024414,0.614258
396,-10906.519531,-10904.828125,1.691406
397,-9958.608398,-9958.418945,0.189453
398,-12351.712891,-12353.389648,1.676758
399,-10563.704102,-10565.212891,1.508789
400,-12894.425781,-12894.116211,0.309570
401,-10968.636719,-10968.677734,0.041016
402,-11978.963867,-11979.612305,0.648438
403,-12553.912109,-12553.404297,0.507812
404,-11981.575195,-11981.179688,0.395508
405,-9921.880859,-9925.521484,3.640625
406,-9958.883789,-9956.794922,2.088867
407,-9956.384766,-9957.438477,1.053711
408,-10939.317383,-10938.566406,0.750977
409,-11512.914062,-11511.636719,1.277344
410,-12556.184570,-12554.804688,1.379883
411,-13009.226562,-13007.827148,1.399414
412,-10903.210938,-10901.385742,1.825195
413,-10969.415039,-10969.004883,0.410156
414,-10870.182617,-10872.269531,2.086914
415,-11944.620117,-11947.281250,2.661133
416,-9810.811523,-9811.785156,0.973633
417,-10864.975586,-10865.519531,0.543945
418,-10968.583008,-10967.965820,0.617188
419,-10499.704102,-10498.638672,1.065430
420,-11406.152344,-11403.731445,2.420898
421,-10236.577148,-10233.808594,2.768555
422,-12381.576172,-12385.437500,3.861328
423,-11336.728516,-11340.177734,3.449219
424,-10498.728516,-10499.203125,0.474609
425,-12929.694336,-12927.125977,2.568359
426,-13229.529297,-13228.088867,1.440430
427,-10936.382812,-10937.374023,0.991211
428,-12489.049805,-12487.666992,1.382812
429,-11406.745117,-11406.515625,0.229492
430,-11511.951172,-11511.041016,0.910156
431,-10936.956055,-10936.421875,0.534180
432,-10906.034180,-10905.961914,0.072266
433,-11002.482422,-11002.399414,0.083008
434,-11510.978516,-11510.977539,0.000977
435,-9931.347656,-9932.246094,0.898438
436,-11948.050781,-11947.133789,0.916992
437,-11543.155273,-11543.380859,0.225586
438,-15930.351562,-15930.724609,0.373047
439,-10361.062500,-10363.933594,2.871094
440,-12922.628906,-12923.398438,0.769531
441,-11374.536133,-11371.608398,2.927734
442,-9930.967773,-9931.501953,0.534180
443,-11510.456055,-11510.325195,0.130859
444,-10830.961914,-10833.143555,2.181641
445,-13329.263672,-13332.208008,2.944336
446,-11374.458008,-11373.690430,0.767578
447,-9265.771484,-9268.807617,3.036133
448,-10501.025391,-10499.641602,1.383789
449,-9960.557617,-9960.943359,0.385742
450,-11911.771484,-11914.126953,2.355469
451,-11813.875000,-11811.609375,2.265625
452,-11510.312500,-11510.260742,0.051758
453,-11512.861328,-11512.141602,0.719727
454,-10443.555664,-10442.702148,0.853516
455,-11813.489258,-11813.614258,0.125000
456,-9493.262695,-9492.637695,0.625000
457,-10970.503906,-10970.096680,0.407227
458,-10505.823242,-10506.791992,0.968750
459,-11509.317383,-11509.474609,0.157227
460,-9923.585938,-9925.022461,1.436523
461,-11776.867188,-11777.748047,0.880859
462,-9556.896484,-9554.907227,1.989258
463,-9867.430664,-9868.125000,0.694336
464,-10531.894531,-10531.848633,0.045898
465,-11947.586914,-11945.510742,2.076172
466,-11842.613281,-11845.142578,2.529297
467,-11948.907227,-11948.614258,0.292969
468,-9359.976562,-9358.317383,1.659180
469,-11313.309570,-11311.598633,1.710938
470,-11885.013672,-11882.555664,2.458008
471,-12788.699219,-12788.775391,0.076172
472,-10937.322266,-10938.045898,0.723633
473,-12013.466797,-12012.601562,0.865234
474,-9400.059570,-9399.690430,0.369141
475,-11948.175781,-11948.084961,0.090820
476,-13006.990234,-13007.868164,0.877930
477,-11720.210938,-11718.796875,1.414062
478,-11845.458984,-11843.401367,2.057617
479,-11982.682617,-11981.406250,1.276367
480,-9497.376953,-9488.181641,9.195312
481,-10467.286133,-10466.417969,0.868164
482,-10530.408203,-10531.215820,0.807617
483,-10971.417969,-10970.628906,0.789062
484,-12349.267578,-12351.925781,2.658203
485,-11543.399414,-11543.141602,0.257812
486,-10499.919922,-10498.814453,1.105469
487,-11404.315430,-11404.826172,0.510742
488,-10426.908203,-10427.248047,0.339844
489,-11511.259766,-11510.354492,0.905273
490,-11405.946289,-11406.655273,0.708984
491,-11876.186523,-11880.005859,3.819336
492,-11001.919922,-11001.923828,0.003906
493,-12451.448242,-12450.703125,0.745117
494,-12519.738281,-12521.280273,1.541992
495,-11916.917969,-11915.139648,1.778320
496,-11980.118164,-11979.129883,0.988281
497,-10533.250000,-10533.269531,0.019531
498,-9925.000000,-9924.355469,0.644531
499,-10970.452148,-10968.504883,1.947266
500,-10495.268555,-10499.622070,4.353516
501,-8802.267578,-8801.067383,1.200195
502,-8921.201172,-8921.100586,0.100586
503,-10969.952148,-10971.175781,1.223633
504,-10288.961914,-10272.185547,16.776367
505,-11476.852539,-11476.225586,0.626953
506,-11480.771484,-11478.658203,2.113281
507,-10932.207031,-10934.016602,1.809570
508,-12923.328125,-12925.981445,2.653320
509,-9934.416016,-9932.818359,1.597656
510,-10937.919922,-10938.574219,0.654297
511,-11509.233398,-11510.656250,1.422852
512,-12819.733398,-12822.050781,2.317383
513,-10937.109375,-10937.945312,0.835938
514,-9960.455078,-9959.411133,1.043945
515,-12555.003906,-12555.344727,0.340820
516,-11408.636719,-11408.152344,0.484375
517,-9932.519531,-9932.546875,0.027344
518,-9495.817383,-9496.049805,0.232422
519,-11373.078125,-11372.738281,0.339844
520,-12487.957031,-12488.493164,0.536133
521,-12453.462891,-12456.610352,3.147461
522,-11326.989258,-11338.798828,11.809570
523,-10936.599609,-10937.444336,0.844727
524,-11856.778320,-11857.872070,1.093750
525,-10904.155273,-10905.308594,1.153320
526,-11508.813477,-11510.508789,1.695312
527,-11949.015625,-11948.898438,0.117188
528,-11479.526367,-11478.458984,1.067383
529,-10535.213867,-10533.769531,1.444336
530,-10533.248047,-10532.219727,1.028320
531,-11479.418945,-11478.696289,0.722656
532,-11483.465820,-11478.064453,5.401367
533,-9433.504883,-9430.081055,3.423828
534,-10303.524414,-10305.170898,1.646484
535,-10971.141602,-10970.476562,0.665039
536,-11406.683594,-11406.974609,0.291016
537,-11811.282227,-11811.155273,0.126953
538,-11577.100586,-11576.529297,0.571289
539,-12385.379883,-12385.457031,0.077148
540,-15496.453125,-15494.766602,1.686523
541,-11892.528320,-11890.765625,1.762695
542,-10936.258789,-10937.767578,1.508789
543,-12785.832031,-12789.845703,4.013672
544,-11777.099609,-11776.574219,0.525391
545,-11373.981445,-11373.199219,0.782227
546,-11509.660156,-11508.694336,0.965820
547,-9765.123047,-9764.291992,0.831055
548,-9926.171875,-9926.296875,0.125000
549,-11946.749023,-11947.734375,0.985352
550,-12491.021484,-12488.838867,2.182617
551,-10968.343750,-10967.678711,0.665039
552,-12959.242188,-12959.859375,0.617188
553,-11545.247070,-11544.371094,0.875977
554,-11474.505859,-11476.867188,2.361328
555,-10497.193359,-10500.836914,3.643555
556,-10805.958984,-10809.052734,3.093750
557,-10499.419922,-10499.857422,0.437500
558,-11510.794922,-11509.145508,1.649414
559,-11407.075195,-11407.963867,0.888672
560,-8428.954102,-8428.347656,0.606445
561,-11945.359375,-11946.854492,1.495117
562,-10430.513672,-10430.757812,0.244141
563,-9925.252930,-9924.402344,0.850586
564,-10933.717773,-10938.647461,4.929688
565,-11813.414062,-11810.879883,2.534180
566,-11512.958984,-11512.867188,0.091797
567,-11341.910156,-11343.040039,1.129883
568,-11809.799805,-11811.361328,1.561523
569,-11814.537109,-11810.788086,3.749023
570,-10440.431641,-10442.050781,1.619141
571,-11946.960938,-11948.041016,1.080078
572,-10461.097656,-10462.424805,1.327148
573,-11948.303711,-11947.917969,0.385742
574,-10969.154297,-10970.747070,1.592773
575,-11543.460938,-11543.453125,0.007812
576,-11510.337891,-11509.801758,0.536133
577,-10969.144531,-10970.649414,1.504883
578,-11946.549805,-11946.120117,0.429688
579,-11980.564453,-11980.123047,0.441406
580,-12860.219727,-12860.288086,0.068359
581,-11947.410156,-11947.137695,0.272461
582,-11376.130859,-11374.681641,1.449219
583,-11876.885742,-11876.485352,0.400391
584,-11946.138672,-11947.030273,0.891602
585,-9496.054688,-9497.461914,1.407227
586,-9521.247070,-9523.314453,2.067383
587,-9924.895508,-9926.965820,2.070312
588,-8427.416016,-8428.019531,0.603516
589,-11578.263672,-11577.054688,1.208984
590,-12824.244141,-12821.078125,3.166016
591,-6321.053711,-6322.972168,1.918457
592,-11543.324219,-11543.547852,0.223633
593,-11948.625000,-11948.591797,0.033203
594,-10532.087891,-10532.998047,0.910156
595,-11511.484375,-11512.228516,0.744141
596,-11913.649414,-11914.195312,0.545898
597,-12750.435547,-12756.151367,5.715820
598,-10913.726562,-10913.313477,0.413086
599,-11001.163086,-11001.587891,0.424805
600,-8197.834961,-8201.402344,3.567383
601,-10971.898438,-10969.226562,2.671875
602,-12926.309570,-12927.022461,0.712891
603,-10903.977539,-10904.622070,0.644531
604,-11515.184570,-11512.452148,2.732422
605,-11915.433594,-11915.759766,0.326172
606,-12892.468750,-12891.358398,1.110352
607,-12356.063477,-12354.109375,1.954102
608,-10534.933594,-10534.184570,0.749023
609,-11772.199219,-11777.203125,5.003906
610,-10566.500977,-10565.539062,0.961914
611,-7762.349609,-7762.208008,0.141602
612,-10361.830078,-10362.531250,0.701172
613,-12323.481445,-12320.797852,2.683594
614,-10408.799805,-10409.248047,0.448242
615,-9305.101562,-9303.206055,1.895508
616,-10906.225586,-10904.315430,1.910156
617,-9463.145508,-9461.547852,1.597656
618,-10833.260742,-10833.701172,0.440430
619,-11948.212891,-11947.344727,0.868164
620,-11947.535156,-11948.057617,0.522461
621,-11373.772461,-11373.691406,0.081055
622,-11945.316406,-11947.801758,2.485352
623,-12788.724609,-12788.855469,0.130859
624,-9464.431641,-9463.814453,0.617188
625,-12489.323242,-12488.934570,0.388672
626,-11374.023438,-11375.660156,1.636719
627,-10939.288086,-10938.835938,0.452148
628,-10829.658203,-10833.012695,3.354492
629,-9989.667969,-9990.623047,0.955078
630,-12455.280273,-12456.758789,1.478516
631,-11944.259766,-11948.753906,4.494141
632,-11373.282227,-11373.351562,0.069336
633,-11981.681641,-11980.041016,1.640625
634,-10972.002930,-10970.344727,1.658203
635,-11543.046875,-11542.831055,0.215820
636,-10532.150391,-10530.978516,1.171875
637,-11511.766602,-11510.436523,1.330078
638,-12891.379883,-12893.290039,1.910156
639,-12788.767578,-12791.440430,2.672852
640,-10499.382812,-10500.633789,1.250977
641,-8587.955078,-8584.876953,3.078125
642,-10363.463867,-10361.540039,1.923828
643,-7558.792969,-7566.379395,7.586426
644,-10934.291016,-10935.073242,0.782227
645,-11444.632812,-11444.916016,0.283203
646,-11002.482422,-11003.083984,0.601562
647,-11406.499023,-11407.017578,0.518555
648,-11512.959961,-11510.929688,2.030273
649,-9903.222656,-9902.072266,1.150391
650,-11809.254883,-11809.925781,0.670898
651,-11373.454102,-11373.197266,0.256836
652,-10877.956055,-10879.431641,1.475586
653,-11945.943359,-11945.975586,0.032227
654,-11444.055664,-11444.761719,0.706055
655,-9933.143555,-9933.475586,0.332031
656,-10777.475586,-10775.513672,1.961914
657,-11947.386719,-11946.858398,0.528320
658,-11407.235352,-11407.414062,0.178711
659,-7761.261719,-7763.420410,2.158691
660,-11001.355469,-11001.852539,0.497070
661,-12521.005859,-12520.776367,0.229492
662,-9765.715820,-9766.366211,0.650391
663,-10972.346680,-10971.281250,1.065430
664,-10969.189453,-10967.459961,1.729492
665,-12381.882812,-12383.799805,1.916992
666,-10470.641602,-10469.331055,1.310547
667,-11371.435547,-11373.417969,1.982422
668,-9993.232422,-9992.689453,0.542969
669,-11204.986328,-11206.767578,1.781250
670,-11477.579102,-11479.462891,1.883789
671,-11509.492188,-11509.121094,0.371094
672,-12012.378906,-12011.967773,0.411133
673,-11542.931641,-11543.954102,1.022461
674,-9990.224609,-9990.678711,0.454102
675,-12248.255859,-12249.831055,1.575195
676,-10566.563477,-10566.033203,0.530273
677,-9522.651367,-9521.677734,0.973633
678,-11915.345703,-11915.233398,0.112305
679,-11844.635742,-11844.472656,0.163086
680,-11375.468750,-11375.391602,0.077148
681,-10465.003906,-10464.765625,0.238281
682,-11342.716797,-11342.777344,0.060547
683,-11948.243164,-11948.484375,0.241211
684,-11576.962891,-11577.000977,0.038086
685,-12791.298828,-12791.077148,0.221680
686,-13190.133789,-13191.540039,1.406250
687,-11541.740234,-11543.026367,1.286133
688,-11511.759766,-11511.630859,0.128906
689,-9894.019531,-9895.438477,1.418945
690,-12489.805664,-12489.057617,0.748047
691,-10936.500977,-10935.954102,0.546875
692,-11510.225586,-11510.681641,0.456055
693,-11912.237305,-11913.883789,1.646484
694,-10939.922852,-10938.697266,1.225586
695,-10936.858398,-10935.579102,1.279297
696,-9966.152344,-9965.822266,0.330078
697,-12896.465820,-12892.448242,4.017578
698,-9899.504883,-9899.731445,0.226562
699,-11512.044922,-11509.839844,2.205078
700,-9496.761719,-9496.002930,0.758789
701,-12520.666992,-12521.144531,0.477539
702,-7648.299805,-7659.539062,11.239258
703,-12490.956055,-12489.550781,1.405273
704,-11948.000977,-11947.740234,0.260742
705,-10935.058594,-10935.983398,0.924805
706,-11512.327148,-11511.839844,0.487305
707,-10339.488281,-10337.875977,1.612305
708,-12555.688477,-12554.242188,1.446289
709,-9494.399414,-9496.262695,1.863281
710,-11574.668945,-11575.633789,0.964844
711,-7360.502441,-7359.023926,1.478516
712,-10565.908203,-10565.446289,0.461914
713,-11373.986328,-11374.459961,0.473633
714,-11544.738281,-11543.630859,1.107422
715,-9521.357422,-9522.009766,0.652344
716,-10566.841797,-10566.085938,0.755859
717,-9903.244141,-9901.942383,1.301758
718,-10776.754883,-10776.077148,0.677734
719,-12492.194336,-12489.591797,2.602539
720,-11374.730469,-11375.084961,0.354492
721,-11374.919922,-11374.804688,0.115234
722,-10966.710938,-10968.534180,1.823242
723,-11509.094727,-11509.550781,0.456055
724,-12489.296875,-12488.830078,0.466797
725,-11478.842773,-11477.717773,1.125000
726,-11407.521484,-11406.316406,1.205078
727,-11451.375977,-11452.275391,0.899414
728,-11376.246094,-11375.099609,1.146484
729,-11237.054688,-11237.453125,0.398438
730,-8425.869141,-8427.591797,1.722656
731,-11509.202148,-11509.553711,0.351562
732,-10967.943359,-10968.601562,0.658203
733,-11743.714844,-11745.933594,2.218750
734,-11237.389648,-11237.213867,0.175781
735,-10533.911133,-10532.944336,0.966797
736,-10904.420898,-10904.065430,0.355469
737,-8460.849609,-8460.489258,0.360352
738,-12787.495117,-12788.594727,1.099609
739,-9437.974609,-9437.826172,0.148438
740,-10501.289062,-10499.370117,1.918945
741,-8427.602539,-8426.961914,0.640625
742,-10394.069336,-10394.412109,0.342773
743,-12490.562500,-12487.714844,2.847656
744,-11480.296875,-11478.546875,1.750000
745,-10499.262695,-10499.777344,0.514648
746,-11542.227539,-11542.505859,0.278320
747,-12452.634766,-12455.501953,2.867188
748,-9923.205078,-9923.334961,0.129883
749,-11542.104492,-11542.721680,0.617188
750,-11543.026367,-11543.069336,0.042969
751,-12923.932617,-12925.539062,1.606445
752,-11950.244141,-11947.725586,2.518555
753,-9328.396484,-9326.698242,1.698242
754,-11373.964844,-11374.048828,0.083984
755,-12286.928711,-12286.147461,0.781250
756,-11948.982422,-11948.628906,0.353516
757,-11375.083008,-11374.810547,0.272461
758,-10866.346680,-10866.760742,0.414062
759,-12963.151367,-12959.628906,3.522461
760,-11811.557617,-11812.757812,1.200195
761,-12929.367188,-12926.000977,3.366211
762,-12518.615234,-12520.592773,1.977539
763,-8398.253906,-8395.823242,2.430664
764,-10500.050781,-10500.444336,0.393555
765,-11950.121094,-11949.562500,0.558594
766,-12383.675781,-12385.957031,2.281250
767,-11510.292969,-11508.356445,1.936523
768,-11543.912109,-11543.790039,0.122070
769,-11377.143555,-11375.314453,1.829102
770,-10936.451172,-10936.697266,0.246094
771,-10534.425781,-10531.617188,2.808594
772,-11406.130859,-11406.755859,0.625000
773,-10903.311523,-10904.060547,0.749023
774,-11478.997070,-11477.654297,1.342773
775,-10969.107422,-10969.492188,0.384766
776,-10972.532227,-10971.346680,1.185547
777,-11445.940430,-11443.836914,2.103516
778,-10970.988281,-10970.310547,0.677734
779,-11949.889648,-11948.971680,0.917969
780,-12453.288086,-12455.283203,1.995117
781,-10598.721680,-10598.513672,0.208008
782,-11238.982422,-11238.940430,0.041992
783,-10393.564453,-10393.088867,0.475586
784,-11511.084961,-11510.226562,0.858398
785,-10508.230469,-10506.788086,1.442383
786,-10834.092773,-10835.456055,1.363281
787,-12253.211914,-12247.723633,5.488281
788,-11003.397461,-11002.406250,0.991211
789,-12958.315430,-12958.740234,0.424805
790,-12011.701172,-12012.397461,0.696289
791,-8922.239258,-8922.295898,0.056641
792,-11408.581055,-11406.916992,1.664062
793,-10967.730469,-10968.123047,0.392578
794,-11543.911133,-11542.796875,1.114258
795,-12791.364258,-12790.190430,1.173828
796,-10444.019531,-10442.561523,1.458008
797,-10901.677734,-10899.000977,2.676758
798,-10565.371094,-10566.115234,0.744141
799,-11511.486328,-11510.844727,0.641602
800,-9990.418945,-9990.708008,0.289062
801,-11811.198242,-11810.813477,0.384766
802,-11445.680664,-11445.234375,0.446289
803,-12249.896484,-12248.637695,1.258789
804,-11477.421875,-11478.172852,0.750977
805,-11513.459961,-11512.101562,1.358398
806,-11478.198242,-11478.649414,0.451172
807,-11851.290039,-11850.301758,0.988281
808,-9290.252930,-9293.840820,3.587891
809,-11479.175781,-11479.714844,0.539062
810,-11948.772461,-11947.349609,1.422852
811,-11003.655273,-11002.591797,1.063477
812,-8924.906250,-8923.171875,1.734375
813,-11948.581055,-11948.464844,0.116211
814,-11406.493164,-11406.594727,0.101562
815,-9920.423828,-9923.778320,3.354492
816,-11677.101562,-11674.757812,2.343750
817,-12489.138672,-12488.177734,0.960938
818,-9328.077148,-9328.300781,0.223633
819,-10881.327148,-10879.417969,1.909180
820,-12353.002930,-12353.770508,0.767578
821,-11916.120117,-11914.766602,1.353516
822,-10936.455078,-10936.007812,0.447266
823,-11475.881836,-11476.059570,0.177734
824,-10970.229492,-10969.574219,0.655273
825,-11405.407227,-11407.247070,1.839844
826,-10904.441406,-10905.046875,0.605469
827,-10500.250977,-10499.732422,0.518555
828,-10499.590820,-10501.414062,1.823242
829,-12893.924805,-12893.440430,0.484375
830,-11511.278320,-11510.540039,0.738281
831,-10599.305664,-10598.208984,1.096680
832,-10967.703125,-10969.364258,1.661133
833,-12319.857422,-12319.499023,0.358398
834,-12522.092773,-12521.818359,0.274414
835,-10968.943359,-10969.457031,0.513672
836,-11376.687500,-11375.876953,0.810547
837,-11416.840820,-11419.094727,2.253906
838,-13333.718750,-13330.207031,3.511719
839,-11543.995117,-11543.585938,0.409180
840,-12318.916016,-12319.790039,0.874023
841,-11480.067383,-11479.066406,1.000977
842,-11342.360352,-11342.979492,0.619141
843,-12386.628906,-12385.100586,1.528320
844,-10938.089844,-10938.275391,0.185547
845,-13435.208984,-13433.984375,1.224609
846,-12521.951172,-12521.851562,0.099609
847,-11949.125000,-11948.672852,0.452148
848,-11341.414062,-11341.141602,0.272461
849,-9990.570312,-9990.006836,0.563477
850,-10970.053711,-10968.252930,1.800781
851,-10901.490234,-10901.868164,0.377930
852,-9497.950195,-9496.960938,0.989258
853,-9899.987305,-9901.004883,1.017578
854,-10456.945312,-10467.169922,10.224609
855,-11001.105469,-11001.806641,0.701172
856,-9554.007812,-9554.539062,0.531250
857,-11917.016602,-11916.139648,0.876953
858,-9486.927734,-9487.931641,1.003906
859,-11916.031250,-11914.826172,1.205078
860,-11004.832031,-11004.592773,0.239258
861,-10474.251953,-10473.759766,0.492188
862,-11917.498047,-11916.872070,0.625977
863,-11478.091797,-11478.882812,0.791016
864,-10797.875000,-10800.390625,2.515625
865,-12572.292969,-12570.751953,1.541016
866,-9926.306641,-9927.512695,1.206055
867,-8427.043945,-8427.803711,0.759766
868,-9552.856445,-9554.485352,1.628906
869,-10902.737305,-10905.211914,2.474609
870,-10460.971680,-10460.486328,0.485352
871,-10391.509766,-10393.259766,1.750000
872,-11002.409180,-11002.287109,0.122070
873,-10969.418945,-10968.481445,0.937500
874,-12893.250977,-12895.031250,1.780273
875,-10865.555664,-10865.787109,0.231445
876,-10393.541992,-10394.170898,0.628906
877,-12518.785156,-12519.885742,1.100586
878,-11509.099609,-11509.809570,0.709961
879,-12487.472656,-12487.885742,0.413086
880,-12487.560547,-12486.697266,0.863281
881,-11406.487305,-11406.698242,0.210938
882,-10500.684570,-10499.581055,1.103516
883,-12487.642578,-12488.382812,0.740234
884,-10913.761719,-10912.168945,1.592773
885,-14637.379883,-14639.417969,2.038086
886,-10533.337891,-10532.649414,0.688477
887,-11543.748047,-11543.854492,0.106445
888,-8485.260742,-8485.719727,0.458984
889,-13465.429688,-13466.482422,1.052734
890,-11915.879883,-11914.438477,1.441406
891,-12352.165039,-12352.465820,0.300781
892,-11272.294922,-11270.760742,1.534180
893,-12522.328125,-12520.631836,1.696289
894,-11576.216797,-11575.686523,0.530273
895,-11950.575195,-11949.021484,1.553711
896,-11476.315430,-11477.104492,0.789062
897,-11543.939453,-11544.599609,0.660156
898,-11510.796875,-11511.122070,0.325195
899,-10968.682617,-10967.181641,1.500977
900,-9491.128906,-9489.197266,1.931641
901,-11544.168945,-11543.368164,0.800781
902,-11914.934570,-11915.245117,0.310547
903,-10563.684570,-10565.163086,1.478516
904,-13532.886719,-13532.427734,0.458984
905,-10475.058594,-10473.702148,1.356445
906,-11948.459961,-11948.214844,0.245117
907,-13436.267578,-13434.662109,1.605469
908,-10969.824219,-10970.508789,0.684570
909,-11511.766602,-11510.930664,0.835938
910,-10774.048828,-10776.912109,2.863281
911,-10832.681641,-10833.277344,0.595703
912,-10533.566406,-10532.825195,0.741211
913,-10531.668945,-10531.958984,0.290039
914,-9464.902344,-9463.504883,1.397461
915,-12553.980469,-12554.196289,0.215820
916,-9556.212891,-9555.725586,0.487305
917,-12279.748047,-12281.531250,1.783203
918,-12553.705078,-12553.749023,0.043945
919,-12386.165039,-12385.958984,0.206055
920,-11511.589844,-11511.024414,0.565430
921,-10531.923828,-10531.785156,0.138672
922,-5614.422852,-5625.188477,10.765625
923,-12960.375000,-12959.790039,0.584961
924,-12352.976562,-12353.993164,1.016602
925,-10880.643555,-10878.649414,1.994141
926,-12959.250977,-12958.865234,0.385742
927,-9935.376953,-9934.833008,0.543945
928,-9956.855469,-9957.752930,0.897461
929,-10803.640625,-10801.984375,1.656250
930,-10273.790039,-10273.036133,0.753906
931,-11607.985352,-11609.059570,1.074219
932,-12418.291992,-12418.951172,0.659180
933,-10878.081055,-10878.794922,0.713867
934,-9991.475586,-9991.553711,0.078125
935,-11483.291992,-11484.373047,1.081055
936,-10973.064453,-10970.838867,2.225586
937,-10971.611328,-10970.716797,0.894531
938,-9898.498047,-9898.178711,0.319336
939,-10707.754883,-10708.287109,0.532227
940,-11374.106445,-11375.152344,1.045898
941,-11441.140625,-11439.706055,1.434570
942,-11375.021484,-11374.865234,0.156250
943,-7797.200684,-7797.215332,0.014648
944,-10274.832031,-10274.349609,0.482422
945,-8924.633789,-8923.276367,1.357422
946,-9932.089844,-9932.602539,0.512695
947,-11947.776367,-11947.883789,0.107422
948,-11511.170898,-11512.097656,0.926758
949,-9521.002930,-9521.061523,0.058594
950,-12454.741211,-12456.982422,2.241211
951,-10057.358398,-10057.116211,0.242188
952,-7821.618164,-7821.249512,0.368652
953,-11577.966797,-11576.693359,1.273438
954,-10933.670898,-10935.502930,1.832031
955,-10967.359375,-10968.144531,0.785156
956,-11876.937500,-11878.021484,1.083984
957,-12430.868164,-12430.715820,0.152344
958,-10364.313477,-10362.776367,1.537109
959,-12925.429688,-12925.898438,0.468750
960,-11511.806641,-11510.368164,1.438477
961,-11511.346680,-11510.187500,1.159180
962,-11882.702148,-11882.367188,0.334961
963,-10474.500977,-10473.750000,0.750977
964,-11475.399414,-11477.193359,1.793945
965,-11914.219727,-11915.829102,1.609375
966,-11271.149414,-11273.552734,2.403320
967,-10878.060547,-10878.626953,0.566406
968,-11977.387695,-11980.282227,2.894531
969,-10902.079102,-10902.917969,0.838867
970,-13331.663086,-13332.231445,0.568359
971,-11510.160156,-11510.595703,0.435547
972,-11910.866211,-11914.643555,3.777344
973,-11476.753906,-11475.031250,1.722656
974,-10569.545898,-10565.390625,4.155273
975,-10499.229492,-10499.083008,0.146484
976,-10879.306641,-10879.182617,0.124023
977,-11475.813477,-11476.222656,0.409180
978,-11576.174805,-11576.684570,0.509766
979,-10507.927734,-10507.574219,0.353516
980,-11509.539062,-11510.715820,1.176758
981,-9496.992188,-9495.964844,1.027344
982,-10533.910156,-10534.163086,0.252930
983,-11407.482422,-11406.791992,0.690430
984,-11577.513672,-11576.463867,1.049805
985,-10566.396484,-10566.259766,0.136719
986,-11949.941406,-11946.659180,3.282227
987,-11893.719727,-11888.626953,5.092773
988,-13465.800781,-13466.880859,1.080078
989,-11917.517578,-11917.136719,0.380859
990,-9891.912109,-9893.699219,1.787109
991,-10338.991211,-10339.565430,0.574219
992,-9553.915039,-9554.468750,0.553711
993,-11478.203125,-11480.242188,2.039062
994,-10905.821289,-10905.130859,0.690430
995,-11544.468750,-11543.897461,0.571289
996,-12489.288086,-12487.000000,2.288086
997,-12385.689453,-12385.979492,0.290039
998,-12789.037109,-12788.378906,0.658203
999,-12385.488281,-12384.940430,0.547852
1000,-11844.449219,-11844.150391,0.298828
1001,-8860.023438,-8858.437500,1.585938
1002,-12520.558594,-12520.044922,0.513672
1003,-10901.810547,-10900.929688,0.880859
1004,-10466.152344,-10466.165039,0.012695
1005,-10565.425781,-10565.199219,0.226562
1006,-10303.560547,-10304.708008,1.147461
1007,-12554.218750,-12553.816406,0.402344
1008,-11420.079102,-11419.511719,0.567383
1009,-9496.973633,-9495.952148,1.021484
1010,-12926.912109,-12925.525391,1.386719
1011,-12484.638672,-12487.685547,3.046875
1012,-11981.607422,-11979.692383,1.915039
1013,-11511.596680,-11511.083984,0.512695
1014,-12248.212891,-12248.100586,0.112305
1015,-11341.993164,-11342.028320,0.035156
1016,-10500.333984,-10500.740234,0.406250
1017,-10970.177734,-10970.645508,0.467773
1018,-11979.806641,-11980.231445,0.424805
1019,-9989.270508,-9990.875977,1.605469
1020,-12682.464844,-12684.015625,1.550781
1021,-10811.708984,-10813.398438,1.689453
1022,-10461.013672,-10464.406250,3.392578
1023,-10938.663086,-10938.031250,0.631836
1024,-8519.517578,-8518.734375,0.783203
1025,-10876.761719,-10876.716797,0.044922
1026,-11310.170898,-11309.980469,0.190430
1027,-11479.101562,-11478.100586,1.000977
1028,-11912.598633,-11912.783203,0.184570
1029,-7331.648438,-7327.246094,4.402344
1030,-11452.886719,-11452.673828,0.212891
1031,-10563.722656,-10565.172852,1.450195
1032,-11543.626953,-11543.976562,0.349609
1033,-10566.749023,-10565.728516,1.020508
1034,-10530.817383,-10531.968750,1.151367
1035,-10969.965820,-10969.742188,0.223633
1036,-10933.430664,-10934.254883,0.824219
1037,-11950.237305,-11947.841797,2.395508
1038,-10775.813477,-10776.870117,1.056641
1039,-11002.949219,-11003.905273,0.956055
1040,-11404.498047,-11406.532227,2.034180
1041,-9430.714844,-9429.763672,0.951172
1042,-10533.231445,-10533.303711,0.072266
1043,-11444.408203,-11444.806641,0.398438
1044,-9434.616211,-9438.547852,3.931641
1045,-11001.700195,-11001.902344,0.202148
1046,-11576.248047,-11575.861328,0.386719
1047,-11947.467773,-11949.765625,2.297852
1048,-11982.429688,-11980.078125,2.351562
1049,-10534.581055,-10534.811523,0.230469
1050,-10938.019531,-10936.720703,1.298828
1051,-10597.885742,-10598.125000,0.239258
1052,-12488.276367,-12489.411133,1.134766
1053,-11374.124023,-11374.704102,0.580078
1054,-11544.475586,-11544.192383,0.283203
1055,-9900.501953,-9900.200195,0.301758
1056,-10971.409180,-10969.748047,1.661133
1057,-10507.003906,-10506.695312,0.308594
1058,-11373.767578,-11374.154297,0.386719
1059,-10499.566406,-10500.214844,0.648438
1060,-10971.171875,-10970.453125,0.718750
1061,-11950.874023,-11948.300781,2.573242
1062,-12386.224609,-12386.025391,0.199219
1063,-10565.160156,-10565.537109,0.376953
1064,-12485.771484,-12486.829102,1.057617
1065,-10531.123047,-10532.080078,0.957031
1066,-10906.560547,-10902.797852,3.762695
1067,-10598.922852,-10599.135742,0.212891
1068,-11352.558594,-11350.366211,2.192383
1069,-10023.065430,-10024.008789,0.943359
1070,-12011.137695,-12012.351562,1.213867
1071,-10303.184570,-10304.391602,1.207031
1072,-10532.838867,-10531.999023,0.839844
1073,-11002.235352,-11001.717773,0.517578
1074,-10499.290039,-10498.911133,0.378906
1075,-9437.566406,-9437.604492,0.038086
1076,-10969.181641,-10967.900391,1.281250
1077,-10497.688477,-10498.837891,1.149414
1078,-10600.109375,-10598.337891,1.771484
1079,-10507.583984,-10506.844727,0.739258
1080,-10865.019531,-10838.430664,26.588867
1081,-10476.029297,-10474.775391,1.253906
1082,-12350.855469,-12352.950195,2.094727
1083,-10969.486328,-10968.405273,1.081055
1084,-10465.644531,-10465.557617,0.086914
1085,-12522.949219,-12522.734375,0.214844
1086,-12683.231445,-12684.752930,1.521484
1087,-10939.129883,-10938.209961,0.919922
1088,-11948.202148,-11948.711914,0.509766
1089,-11981.085938,-11981.625000,0.539062
1090,-12386.273438,-12385.316406,0.957031
1091,-10971.429688,-10970.727539,0.702148
1092,-12956.493164,-12957.028320,0.535156
1093,-11948.092773,-11948.339844,0.247070
1094,-11946.649414,-11945.037109,1.612305
1095,-10498.404297,-10499.542969,1.138672
1096,-10798.653320,-10800.805664,2.152344
1097,-10711.376953,-10709.035156,2.341797
1098,-9555.198242,-9554.630859,0.567383
1099,-10935.831055,-10936.163086,0.332031
1100,-9926.647461,-9926.386719,0.260742
1101,-11982.918945,-11981.394531,1.524414
1102,-10971.562500,-10969.627930,1.934570
1103,-11408.819336,-11406.868164,1.951172
1104,-12454.928711,-12455.267578,0.338867
1105,-10366.389648,-10365.076172,1.313477
1106,-11950.609375,-11949.375000,1.234375
1107,-10865.877930,-10866.596680,0.718750
1108,-9934.169922,-9934.596680,0.426758
1109,-10937.177734,-10937.259766,0.082031
1110,-6722.286133,-6727.351562,5.065430
1111,-11239.927734,-11237.989258,1.938477
1112,-14920.612305,-14919.209961,1.402344
1113,-12903.494141,-12903.519531,0.025391
1114,-12352.203125,-12351.045898,1.157227
1115,-10565.619141,-10565.440430,0.178711
1116,-10598.769531,-10598.481445,0.288086
1117,-11409.353516,-11407.716797,1.636719
1118,-12959.266602,-12958.298828,0.967773
1119,-11946.991211,-11947.834961,0.843750
1120,-11947.392578,-11948.810547,1.417969
1121,-10498.510742,-10499.400391,0.889648
1122,-11578.209961,-11576.943359,1.266602
1123,-11512.245117,-11512.166016,0.079102
1124,-9925.257812,-9925.658203,0.400391
1125,-12014.376953,-12014.711914,0.334961
1126,-10565.080078,-10565.229492,0.149414
1127,-9867.534180,-9867.598633,0.064453
1128,-12386.710938,-12385.965820,0.745117
1129,-9897.328125,-9897.159180,0.168945
1130,-11779.138672,-11778.361328,0.777344
1131,-12454.555664,-12454.824219,0.268555
1132,-10565.792969,-10565.463867,0.329102
1133,-10499.483398,-10499.757812,0.274414
1134,-11407.877930,-11407.510742,0.367188
1135,-11508.811523,-11510.783203,1.971680
1136,-12452.331055,-12454.505859,2.174805
1137,-11948.707031,-11948.751953,0.044922
1138,-10567.048828,-10566.549805,0.499023
1139,-10937.489258,-10937.856445,0.367188
1140,-11510.296875,-11510.128906,0.167969
1141,-11511.334961,-11512.063477,0.728516
1142,-12516.740234,-12521.587891,4.847656
1143,-12556.896484,-12555.059570,1.836914
1144,-13467.189453,-13466.393555,0.795898
1145,-12454.948242,-12455.580078,0.631836
1146,-10911.302734,-10911.362305,0.059570
1147,-10331.508789,-10332.670898,1.162109
1148,-12490.689453,-12489.342773,1.346680
1149,-9487.505859,-9487.315430,0.190430
1150,-9867.201172,-9866.296875,0.904297
1151,-12326.382812,-12321.337891,5.044922
1152,-10474.162109,-10473.354492,0.807617
1153,-10938.146484,-10937.140625,1.005859
1154,-11318.738281,-11316.609375,2.128906
1155,-12490.554688,-12488.859375,1.695312
1156,-10438.598633,-10441.500000,2.901367
1157,-10270.380859,-10273.735352,3.354492
1158,-10769.141602,-10767.538086,1.603516
1159,-11405.744141,-11406.740234,0.996094
1160,-10330.605469,-10329.443359,1.162109
1161,-10834.198242,-10832.113281,2.084961
1162,-12387.553711,-12385.166992,2.386719
1163,-12384.623047,-12386.157227,1.534180
1164,-10970.680664,-10968.550781,2.129883
1165,-12925.473633,-12924.890625,0.583008
1166,-11978.922852,-11980.487305,1.564453
1167,-11475.205078,-11476.132812,0.927734
1168,-11541.865234,-11542.683594,0.818359
1169,-11915.344727,-11915.533203,0.188477
1170,-11512.225586,-11510.405273,1.820312
1171,-9496.273438,-9495.692383,0.581055
1172,-10374.282227,-10372.552734,1.729492
1173,-10468.517578,-10466.823242,1.694336
1174,-12397.502930,-12398.154297,0.651367
1175,-10566.418945,-10566.000977,0.417969
1176,-12466.603516,-12466.822266,0.218750
1177,-9924.644531,-9926.540039,1.895508
1178,-9833.659180,-9835.652344,1.993164
1179,-11949.914062,-11948.779297,1.134766
1180,-11394.250977,-11396.724609,2.473633
1181,-10598.526367,-10598.464844,0.061523
1182,-12518.935547,-12519.974609,1.039062
1183,-11917.804688,-11914.706055,3.098633
1184,-11810.211914,-11812.266602,2.054688
1185,-12321.251953,-12320.102539,1.149414
1186,-9730.555664,-9730.769531,0.213867
1187,-9519.052734,-9521.591797,2.539062
1188,-9932.012695,-9933.324219,1.311523
1189,-11509.609375,-11510.080078,0.470703
1190,-12355.615234,-12353.735352,1.879883
1191,-10970.284180,-10969.101562,1.182617
1192,-12521.515625,-12521.225586,0.290039
1193,-11543.114258,-11542.470703,0.643555
1194,-10364.884766,-10364.191406,0.693359
1195,-12926.710938,-12927.330078,0.619141
1196,-11509.433594,-11509.393555,0.040039
1197,-11543.292969,-11543.424805,0.131836
1198,-11478.264648,-11477.587891,0.676758
1199,-8393.948242,-8393.809570,0.138672
1200,-11478.060547,-11477.842773,0.217773
1201,-11544.935547,-11544.425781,0.509766
1202,-11512.279297,-11510.697266,1.582031
1203,-11207.391602,-11207.387695,0.003906
1204,-10534.135742,-10533.753906,0.381836
1205,-10459.155273,-10466.549805,7.394531
1206,-7852.245117,-7852.896973,0.651855
1207,-11950.759766,-11948.056641,2.703125
1208,-11949.692383,-11949.261719,0.430664
1209,-11370.856445,-11372.469727,1.613281
1210,-5344.432617,-5344.570312,0.137695
1211,-11982.278320,-11980.823242,1.455078
1212,-10844.614258,-10847.933594,3.319336
1213,-9898.609375,-9898.262695,0.346680
1214,-8889.380859,-8889.248047,0.132812
1215,-10466.568359,-10466.780273,0.211914
1216,-10935.803711,-10935.120117,0.683594
1217,-10429.494141,-10428.085938,1.408203
1218,-8834.319336,-8831.656250,2.663086
1219,-6713.743164,-6726.451172,12.708008
1220,-11447.425781,-11447.074219,0.351562
1221,-10532.091797,-10531.965820,0.125977
1222,-10565.939453,-10565.430664,0.508789
1223,-12385.314453,-12386.713867,1.399414
1224,-9901.921875,-9901.275391,0.646484
1225,-10935.333984,-10935.768555,0.434570
1226,-10741.359375,-10741.524414,0.165039
1227,-10934.134766,-10935.458984,1.324219
1228,-11512.812500,-11511.762695,1.049805
1229,-12382.504883,-12385.390625,2.885742
1230,-10564.513672,-10565.230469,0.716797
1231,-11407.010742,-11406.791992,0.218750
1232,-10499.236328,-10500.916016,1.679688
1233,-10875.316406,-10877.211914,1.895508
1234,-11376.534180,-11374.244141,2.290039
1235,-9922.414062,-9924.857422,2.443359
1236,-10531.375977,-10531.327148,0.048828
1237,-9358.471680,-9359.615234,1.143555
1238,-10879.349609,-10878.594727,0.754883
1239,-12459.140625,-12457.330078,1.810547
1240,-11409.085938,-11408.005859,1.080078
1241,-11542.642578,-11542.417969,0.224609
1242,-11982.398438,-11981.923828,0.474609
1243,-10564.957031,-10565.279297,0.322266
1244,-9463.023438,-9462.933594,0.089844
1245,-10532.921875,-10533.437500,0.515625
1246,-12420.768555,-12422.224609,1.456055
1247,-9587.268555,-9587.701172,0.432617
1248,-10365.893555,-10364.854492,1.039062
1249,-10815.614258,-10812.885742,2.728516
1250,-11509.963867,-11508.979492,0.984375
1251,-11409.099609,-11407.928711,1.170898
1252,-9456.015625,-9455.811523,0.204102
1253,-11443.313477,-11441.174805,2.138672
1254,-10970.421875,-10970.427734,0.005859
1255,-9555.874023,-9555.716797,0.157227
1256,-11776.282227,-11778.096680,1.814453
1257,-11724.625000,-11720.666992,3.958008
1258,-10970.586914,-10969.868164,0.718750
1259,-10904.428711,-10902.804688,1.624023
1260,-10970.663086,-10971.393555,0.730469
1261,-12518.256836,-12519.797852,1.541016
1262,-10597.970703,-10598.324219,0.353516
1263,-10500.202148,-10499.410156,0.791992
1264,-10905.726562,-10904.821289,0.905273
1265,-10499.274414,-10499.446289,0.171875
1266,-11811.063477,-11812.548828,1.485352
1267,-11510.557617,-11510.492188,0.065430
1268,-10566.620117,-10565.908203,0.711914
1269,-11944.797852,-11947.373047,2.575195
1270,-11915.780273,-11914.567383,1.212891
1271,-11407.791016,-11406.447266,1.343750
1272,-11877.067383,-11881.056641,3.989258
1273,-9932.429688,-9933.648438,1.218750
1274,-10395.935547,-10395.823242,0.112305
1275,-11372.293945,-11372.560547,0.266602
1276,-10819.059570,-10813.390625,5.668945
1277,-11511.648438,-11512.062500,0.414062
1278,-9926.083008,-9923.937500,2.145508
1279,-12486.566406,-12488.159180,1.592773
1280,-9866.894531,-9868.195312,1.300781
1281,-11543.783203,-11543.654297,0.128906
1282,-12350.745117,-12354.133789,3.388672
1283,-10533.712891,-10534.054688,0.341797
1284,-11002.008789,-11001.340820,0.667969
1285,-11478.105469,-11475.841797,2.263672
1286,-7851.695801,-7852.793457,1.097656
1287,-12352.658203,-12352.816406,0.158203
1288,-11982.448242,-11981.238281,1.209961
1289,-12894.875977,-12894.035156,0.840820
1290,-11340.070312,-11342.751953,2.681641
1291,-12519.781250,-12520.904297,1.123047
1292,-11950.468750,-11949.053711,1.415039
1293,-11946.969727,-11948.372070,1.402344
1294,-11284.111328,-11286.252930,2.141602
1295,-10598.035156,-10598.346680,0.311523
1296,-11541.957031,-11542.799805,0.842773
1297,-10599.091797,-10598.458008,0.633789
1298,-11542.433594,-11542.832031,0.398438
1299,-10799.210938,-10800.737305,1.526367
1300,-10441.480469,-10440.633789,0.846680
1301,-9494.612305,-9495.903320,1.291016
1302,-10882.245117,-10880.966797,1.278320
1303,-12893.578125,-12895.554688,1.976562
1304,-10744.010742,-10742.898438,1.112305
1305,-10534.416016,-10532.896484,1.519531
1306,-11509.855469,-11510.125977,0.270508
1307,-11949.427734,-11948.268555,1.159180
1308,-10803.887695,-10802.830078,1.057617
1309,-11950.297852,-11948.833984,1.463867
1310,-11950.166992,-11947.883789,2.283203
1311,-10940.956055,-10936.420898,4.535156
1312,-12458.409180,-12456.825195,1.583984
1313,-10870.931641,-10871.527344,0.595703
1314,-9958.012695,-9956.468750,1.543945
1315,-9561.847656,-9554.735352,7.112305
1316,-10971.541016,-10971.773438,0.232422
1317,-11006.166992,-11004.395508,1.771484
1318,-10531.043945,-10533.636719,2.592773
1319,-8921.799805,-8920.917969,0.881836
1320,-12381.616211,-12384.543945,2.927734
1321,-10533.070312,-10533.454102,0.383789
1322,-10363.700195,-10364.125000,0.424805
1323,-11947.304688,-11948.362305,1.057617
1324,-12248.017578,-12249.946289,1.928711
1325,-9991.021484,-9991.675781,0.654297
1326,-12419.878906,-12418.292969,1.585938
1327,-11982.098633,-11980.365234,1.733398
1328,-9586.464844,-9587.654297,1.189453
1329,-10936.067383,-10935.037109,1.030273
1330,-10498.238281,-10498.831055,0.592773
1331,-13223.744141,-13226.498047,2.753906
1332,-10970.056641,-10970.437500,0.380859
1333,-11543.416016,-11543.432617,0.016602
1334,-12245.688477,-12248.320312,2.631836
1335,-10878.958984,-10879.450195,0.491211
1336,-9496.630859,-9497.043945,0.413086
1337,-10479.757812,-10463.684570,16.073242
1338,-10970.830078,-10970.183594,0.646484
1339,-10534.158203,-10533.340820,0.817383
1340,-11510.453125,-11509.542969,0.910156
1341,-9589.301758,-9588.474609,0.827148
1342,-10939.243164,-10937.899414,1.343750
1343,-8921.301758,-8921.810547,0.508789
1344,-11919.527344,-11915.517578,4.009766
1345,-11544.487305,-11544.581055,0.093750
1346,-10600.092773,-10599.228516,0.864258
1347,-8394.184570,-8393.664062,0.520508
1348,-10798.700195,-10801.544922,2.844727
1349,-10363.872070,-10364.875977,1.003906
1350,-11545.437500,-11544.177734,1.259766
1351,-10970.417969,-10971.767578,1.349609
1352,-10966.620117,-10970.036133,3.416016
1353,-10936.106445,-10936.451172,0.344727
1354,-13763.771484,-13765.717773,1.946289
1355,-11375.590820,-11373.816406,1.774414
1356,-11936.467773,-11938.018555,1.550781
1357,-10566.803711,-10566.417969,0.385742
1358,-11854.063477,-11858.447266,4.383789
1359,-9406.873047,-9404.955078,1.917969
1360,-9935.431641,-9933.895508,1.536133
1361,-10474.357422,-10473.482422,0.875000
1362,-9961.145508,-9956.544922,4.600586
1363,-11949.277344,-11949.342773,0.065430
1364,-11944.537109,-11945.065430,0.528320
1365,-10830.083008,-10832.353516,2.270508
1366,-10534.636719,-10532.056641,2.580078
1367,-11002.553711,-11001.333984,1.219727
1368,-11880.310547,-11881.459961,1.149414
1369,-10464.972656,-10466.218750,1.246094
1370,-11946.745117,-11947.362305,0.617188
1371,-10532.911133,-10532.735352,0.175781
1372,-11511.677734,-11510.933594,0.744141
1373,-9925.599609,-9925.761719,0.162109
1374,-9925.101562,-9926.309570,1.208008
1375,-10969.611328,-10969.663086,0.051758
1376,-11483.266602,-11484.170898,0.904297
1377,-10937.560547,-10936.777344,0.783203
1378,-10536.642578,-10533.673828,2.968750
1379,-9901.380859,-9900.920898,0.459961
1380,-10466.330078,-10465.955078,0.375000
1381,-11409.483398,-11408.774414,0.708984
1382,-10163.631836,-10169.004883,5.373047
1383,-10935.122070,-10935.325195,0.203125
1384,-11407.845703,-11406.617188,1.228516
1385,-11511.876953,-11510.561523,1.315430
1386,-10565.501953,-10565.200195,0.301758
1387,-9926.833984,-9927.344727,0.510742
1388,-10534.145508,-10533.470703,0.674805
1389,-11308.577148,-11307.571289,1.005859
1390,-10600.416992,-10599.685547,0.731445
1391,-12387.897461,-12385.205078,2.692383
1392,-10935.875000,-10938.560547,2.685547
1393,-9588.916992,-9587.779297,1.137695
1394,-10364.560547,-10363.583984,0.976562
1395,-11945.839844,-11945.530273,0.309570
1396,-10475.097656,-10473.096680,2.000977
1397,-11509.192383,-11510.944336,1.751953
1398,-10564.980469,-10565.116211,0.135742
1399,-9958.429688,-9957.794922,0.634766
1400,-12400.535156,-12398.551758,1.983398
1401,-12353.907227,-12353.259766,0.647461
1402,-9901.932617,-9902.083984,0.151367
1403,-9859.770508,-9860.064453,0.293945
1404,-11509.533203,-11509.784180,0.250977
1405,-10934.037109,-10934.512695,0.475586
1406,-9901.315430,-9901.308594,0.006836
1407,-11407.713867,-11408.101562,0.387695
1408,-11708.416992,-11707.648438,0.768555
1409,-12387.875000,-12386.525391,1.349609
1410,-12352.845703,-12350.460938,2.384766
1411,-10370.810547,-10371.005859,0.195312
1412,-11510.314453,-11510.773438,0.458984
1413,-11981.553711,-11981.256836,0.296875
1414,-10507.341797,-10507.144531,0.197266
1415,-9463.116211,-9463.096680,0.019531
1416,-10498.018555,-10500.047852,2.029297
1417,-12553.815430,-12554.968750,1.153320
1418,-12521.864258,-12522.146484,0.282227
1419,-11342.183594,-11341.806641,0.376953
1420,-12828.758789,-12823.771484,4.987305
1421,-9491.340820,-9488.458984,2.881836
1422,-12015.099609,-12013.708008,1.391602
1423,-11948.797852,-11948.269531,0.528320
1424,-10566.565430,-10565.199219,1.366211
1425,-7852.847656,-7852.171387,0.676270
1426,-9923.580078,-9925.391602,1.811523
1427,-11774.486328,-11778.695312,4.208984
1428,-8830.134766,-8829.703125,0.431641
1429,-10940.913086,-10939.842773,1.070312
1430,-11915.705078,-11915.454102,0.250977
1431,-10533.070312,-10532.299805,0.770508
1432,-10498.404297,-10499.354492,0.950195
1433,-11947.999023,-11948.616211,0.617188
1434,-10497.657227,-10498.053711,0.396484
1435,-10879.725586,-10880.187500,0.461914
1436,-11978.180664,-11978.534180,0.353516
1437,-10533.879883,-10533.542969,0.336914
1438,-12278.621094,-12279.995117,1.374023
1439,-6415.209473,-6413.632812,1.576660
1440,-11405.511719,-11406.518555,1.006836
1441,-10597.901367,-10598.744141,0.842773
1442,-11982.450195,-11980.764648,1.685547
1443,-12011.418945,-12012.534180,1.115234
1444,-11948.465820,-11947.629883,0.835938
1445,-8486.573242,-8484.656250,1.916992
1446,-13329.593750,-13329.452148,0.141602
1447,-12521.651367,-12522.014648,0.363281
1448,-9868.574219,-9868.929688,0.355469
1449,-12356.485352,-12353.723633,2.761719
1450,-10305.354492,-10304.250000,1.104492
1451,-10937.703125,-10935.577148,2.125977
1452,-13385.853516,-13388.602539,2.749023
1453,-9523.295898,-9522.898438,0.397461
1454,-11914.001953,-11914.611328,0.609375
1455,-10970.860352,-10970.647461,0.212891
1456,-9960.734375,-9956.678711,4.055664
1457,-9958.951172,-9958.639648,0.311523
1458,-9990.898438,-9991.982422,1.083984
1459,-11003.227539,-11002.098633,1.128906
1460,-8418.136719,-8420.912109,2.775391
1461,-10533.232422,-10533.326172,0.093750
1462,-11576.937500,-11576.029297,0.908203
1463,-11943.212891,-11945.011719,1.798828
1464,-11980.509766,-11981.355469,0.845703
1465,-11545.507812,-11544.340820,1.166992
1466,-11442.524414,-11445.992188,3.467773
1467,-10971.143555,-10969.668945,1.474609
1468,-11409.604492,-11407.168945,2.435547
1469,-10967.186523,-10968.617188,1.430664
1470,-8486.741211,-8484.567383,2.173828
1471,-10364.017578,-10363.583008,0.434570
1472,-10465.450195,-10465.939453,0.489258
1473,-11542.458008,-11543.415039,0.957031
1474,-11848.663086,-11849.284180,0.621094
1475,-10936.934570,-10937.126953,0.192383
1476,-10474.143555,-10473.837891,0.305664
1477,-11005.498047,-11003.812500,1.685547
1478,-10429.304688,-10429.126953,0.177734
1479,-10971.359375,-10969.079102,2.280273
1480,-8426.308594,-8427.346680,1.038086
1481,-12384.516602,-12386.582031,2.065430
1482,-11373.749023,-11373.750977,0.001953
1483,-11373.053711,-11374.502930,1.449219
1484,-11509.761719,-11510.951172,1.189453
1485,-10599.325195,-10598.598633,0.726562
1486,-10269.986328,-10272.150391,2.164062
1487,-10934.806641,-10935.325195,0.518555
1488,-11407.868164,-11408.273438,0.405273
1489,-10499.026367,-10499.415039,0.388672
1490,-11811.747070,-11811.720703,0.026367
1491,-11341.776367,-11341.395508,0.380859
1492,-11508.609375,-11510.079102,1.469727
1493,-11948.350586,-11947.782227,0.568359
1494,-11371.370117,-11373.383789,2.013672
1495,-11376.566406,-11373.973633,2.592773
1496,-10362.415039,-10361.674805,0.740234
1497,-11342.274414,-11342.835938,0.561523
1498,-11406.762695,-11406.321289,0.441406
1499,-11918.052734,-11914.994141,3.058594
1500,-10936.263672,-10938.059570,1.795898
1501,-9925.832031,-9926.280273,0.448242
1502,-11542.333984,-11542.698242,0.364258
1503,-11951.126953,-11949.059570,2.067383
1504,-11542.394531,-11542.594727,0.200195
1505,-10337.093750,-10333.328125,3.765625
1506,-11341.923828,-11340.508789,1.415039
1507,-11947.103516,-11947.980469,0.876953
1508,-9463.647461,-9463.096680,0.550781
1509,-10565.277344,-10565.765625,0.488281
1510,-8854.545898,-8856.162109,1.616211
1511,-12554.038086,-12554.110352,0.072266
1512,-11511.033203,-11511.454102,0.420898
1513,-11376.323242,-11374.045898,2.277344
1514,-10307.486328,-10305.645508,1.840820
1515,-9455.861328,-9456.421875,0.560547
1516,-11370.367188,-11373.682617,3.315430
1517,-11510.340820,-11511.870117,1.529297
1518,-9497.605469,-9496.896484,0.708984
1519,-11544.164062,-11543.416016,0.748047
1520,-11843.467773,-11844.701172,1.233398
1521,-9868.334961,-9867.168945,1.166016
1522,-10508.098633,-10507.854492,0.244141
1523,-10431.595703,-10429.204102,2.391602
1524,-11949.812500,-11949.194336,0.618164
1525,-12458.759766,-12457.381836,1.377930
1526,-11877.772461,-11880.913086,3.140625
1527,-10867.184570,-10866.757812,0.426758
1528,-11948.861328,-11948.753906,0.107422
1529,-11947.739258,-11948.306641,0.567383
1530,-12013.790039,-12013.377930,0.412109
1531,-10999.058594,-11001.695312,2.636719
1532,-12250.474609,-12248.969727,1.504883
1533,-11948.893555,-11947.884766,1.008789
1534,-13497.125000,-13498.459961,1.334961
1535,-10398.017578,-10397.312500,0.705078
1536,-12384.575195,-12382.351562,2.223633
1537,-10905.387695,-10906.353516,0.965820
1538,-13662.443359,-13661.620117,0.823242
1539,-10927.078125,-10932.347656,5.269531
1540,-9931.198242,-9926.730469,4.467773
1541,-12555.380859,-12554.166016,1.214844
1542,-9936.844727,-9935.528320,1.316406
1543,-9901.464844,-9900.902344,0.562500
1544,-10879.845703,-10880.246094,0.400391
1545,-10968.376953,-10968.242188,0.134766
1546,-11915.937500,-11915.370117,0.567383
1547,-10532.555664,-10533.692383,1.136719
1548,-9407.541992,-9405.990234,1.551758
1549,-10935.193359,-10936.051758,0.858398
1550,-10533.342773,-10532.605469,0.737305
1551,-10276.666016,-10274.039062,2.626953
1552,-14522.931641,-14526.299805,3.368164
1553,-10431.373047,-10429.004883,2.368164
1554,-11845.094727,-11844.616211,0.478516
1555,-9496.601562,-9496.375000,0.226562
1556,-12960.312500,-12959.142578,1.169922
1557,-10535.832031,-10534.034180,1.797852
1558,-11884.098633,-11882.502930,1.595703
1559,-10499.539062,-10498.767578,0.771484
1560,-11576.076172,-11576.569336,0.493164
1561,-10739.228516,-10742.688477,3.459961
1562,-8921.963867,-8920.833984,1.129883
1563,-11478.277344,-11476.151367,2.125977
1564,-12251.569336,-12249.258789,2.310547
1565,-11038.775391,-11036.105469,2.669922
1566,-10935.760742,-10936.915039,1.154297
1567,-9359.244141,-9360.098633,0.854492
1568,-10968.502930,-10968.558594,0.055664
1569,-10338.390625,-10338.438477,0.047852
1570,-11949.179688,-11948.763672,0.416016
1571,-9898.827148,-9899.198242,0.371094
1572,-11340.529297,-11341.297852,0.768555
1573,-11512.494141,-11512.459961,0.034180
1574,-12384.981445,-12384.571289,0.410156
1575,-12453.785156,-12455.076172,1.291016
1576,-9327.232422,-9327.651367,0.418945
1577,-10966.140625,-10968.956055,2.815430
1578,-12319.817383,-12320.492188,0.674805
1579,-9923.126953,-9923.798828,0.671875
1580,-12553.876953,-12553.817383,0.059570
1581,-10533.310547,-10532.871094,0.439453
1582,-11510.469727,-11510.393555,0.076172
1583,-11779.102539,-11779.915039,0.812500
1584,-10506.222656,-10506.370117,0.147461
1585,-12384.173828,-12385.087891,0.914062
1586,-11511.984375,-11512.346680,0.362305
1587,-10968.650391,-10968.676758,0.026367
1588,-11476.346680,-11477.845703,1.499023
1589,-11948.002930,-11947.750977,0.251953
1590,-11914.712891,-11914.231445,0.481445
1591,-10393.825195,-10394.372070,0.546875
1592,-9587.916992,-9589.240234,1.323242
1593,-10903.628906,-10903.823242,0.194336
1594,-10533.833008,-10534.111328,0.278320
1595,-11942.399414,-11944.236328,1.836914
1596,-10967.238281,-10968.260742,1.022461
1597,-11916.767578,-11914.666992,2.100586
1598,-10878.994141,-10878.633789,0.360352
1599,-9731.335938,-9733.481445,2.145508
1600,-11448.656250,-11444.499023,4.157227
1601,-10937.050781,-10937.025391,0.025391
1602,-8830.237305,-8832.022461,1.785156
1603,-11002.630859,-11002.217773,0.413086
1604,-11510.689453,-11509.791992,0.897461
1605,-11511.027344,-11512.094727,1.067383
1606,-11003.204102,-11002.656250,0.547852
1607,-11407.011719,-11408.285156,1.273438
1608,-11376.941406,-11376.306641,0.634766
1609,-7484.177734,-7482.745117,1.432617
1610,-13548.181641,-13548.634766,0.453125
1611,-10905.965820,-10905.362305,0.603516
1612,-10969.846680,-10968.243164,1.603516
1613,-9404.116211,-9405.533203,1.416992
1614,-12487.980469,-12488.378906,0.398438
1615,-11544.004883,-11543.841797,0.163086
1616,-10497.820312,-10498.398438,0.578125
1617,-10904.090820,-10902.934570,1.156250
1618,-11542.964844,-11543.838867,0.874023
1619,-10532.782227,-10532.902344,0.120117
1620,-10499.162109,-10500.840820,1.678711
1621,-12956.337891,-12959.056641,2.718750
1622,-10903.689453,-10904.701172,1.011719
1623,-11509.988281,-11510.787109,0.798828
1624,-10969.569336,-10970.500977,0.931641
1625,-9487.181641,-9488.211914,1.030273
1626,-10935.960938,-10936.142578,0.181641
1627,-11778.551758,-11779.490234,0.938477
1628,-11981.306641,-11981.920898,0.614258
1629,-12959.298828,-12958.606445,0.692383
1630,-10968.285156,-10969.221680,0.936523
1631,-6380.883301,-6380.364746,0.518555
1632,-10598.991211,-10599.567383,0.576172
1633,-11477.551758,-11477.505859,0.045898
1634,-10497.755859,-10497.908203,0.152344
1635,-9960.591797,-9959.131836,1.459961
1636,-10565.915039,-10566.805664,0.890625
1637,-8890.634766,-8889.327148,1.307617
1638,-11510.817383,-11509.714844,1.102539
1639,-11776.798828,-11778.708008,1.909180
1640,-12488.517578,-12489.055664,0.538086
1641,-12488.175781,-12489.061523,0.885742
1642,-10393.396484,-10393.744141,0.347656
1643,-11544.506836,-11544.098633,0.408203
1644,-11948.316406,-11948.247070,0.069336
1645,-10967.643555,-10968.061523,0.417969
1646,-11544.992188,-11544.542969,0.449219
1647,-12490.484375,-12488.580078,1.904297
1648,-9495.601562,-9497.099609,1.498047
1649,-12520.689453,-12521.291992,0.602539
1650,-11543.377930,-11542.416992,0.960938
1651,-12354.674805,-12353.753906,0.920898
1652,-11945.756836,-11945.493164,0.263672
1653,-12320.596680,-12319.508789,1.087891
1654,-11982.679688,-11982.193359,0.486328
1655,-11002.494141,-11002.677734,0.183594
1656,-11406.463867,-11407.482422,1.018555
1657,-14525.425781,-14526.499023,1.073242
1658,-12489.230469,-12486.695312,2.535156
1659,-9622.000000,-9620.860352,1.139648
1660,-10374.049805,-10374.816406,0.766602
1661,-10532.534180,-10531.924805,0.609375
1662,-12455.493164,-12456.248047,0.754883
1663,-11374.711914,-11376.470703,1.758789
1664,-12570.781250,-12570.816406,0.035156
1665,-10273.428711,-10274.197266,0.768555
1666,-11509.444336,-11510.112305,0.667969
1667,-10938.894531,-10937.892578,1.001953
1668,-11272.426758,-11270.301758,2.125000
1669,-9428.604492,-9429.209961,0.605469
1670,-11544.323242,-11544.026367,0.296875
1671,-9835.510742,-9835.265625,0.245117
1672,-12519.955078,-12520.023438,0.068359
1673,-12350.829102,-12351.671875,0.842773
1674,-9588.233398,-9588.993164,0.759766
1675,-10203.897461,-10203.339844,0.557617
1676,-9867.924805,-9867.422852,0.501953
1677,-10935.947266,-10937.065430,1.118164
1678,-11474.074219,-11477.908203,3.833984
1679,-10025.056641,-10024.117188,0.939453
1680,-11980.771484,-11981.008789,0.237305
1681,-11370.682617,-11371.675781,0.993164
1682,-9520.892578,-9522.078125,1.185547
1683,-13444.302734,-13443.424805,0.877930
1684,-10306.151367,-10306.760742,0.609375
1685,-12488.210938,-12488.853516,0.642578
1686,-11812.262695,-11812.304688,0.041992
1687,-11543.031250,-11543.669922,0.638672
1688,-10941.338867,-10938.771484,2.567383
1689,-11917.755859,-11915.500977,2.254883
1690,-12351.771484,-12352.694336,0.922852
1691,-11508.002930,-11509.302734,1.299805
1692,-11915.797852,-11916.727539,0.929688
1693,-10499.767578,-10499.545898,0.221680
1694,-10938.129883,-10937.077148,1.052734
1695,-10534.728516,-10533.267578,1.460938
1696,-9925.017578,-9925.796875,0.779297
1697,-8457.492188,-8456.002930,1.489258
1698,-11452.583984,-11453.630859,1.046875
1699,-10531.756836,-10531.977539,0.220703
1700,-11001.096680,-11001.382812,0.286133
1701,-9555.381836,-9555.825195,0.443359
1702,-12957.341797,-12958.645508,1.303711
1703,-10833.818359,-10832.356445,1.461914
1704,-7364.291016,-7359.244629,5.046387
1705,-11509.258789,-11509.602539,0.343750
1706,-10434.385742,-10433.851562,0.534180
1707,-11609.218750,-11609.114258,0.104492
1708,-10362.102539,-10362.804688,0.702148
1709,-11979.892578,-11981.347656,1.455078
1710,-10938.843750,-10937.094727,1.749023
1711,-11372.615234,-11372.765625,0.150391
1712,-9933.488281,-9933.394531,0.093750
1713,-11510.256836,-11510.245117,0.011719
1714,-9498.051758,-9497.318359,0.733398
1715,-10878.908203,-10880.870117,1.961914
1716,-11441.972656,-11443.633789,1.661133
1717,-12012.509766,-12012.285156,0.224609
1718,-10359.425781,-10361.011719,1.585938
1719,-11376.485352,-11375.639648,0.845703
1720,-11408.470703,-11408.651367,0.180664
1721,-11511.886719,-11510.746094,1.140625
1722,-10467.563477,-10467.108398,0.455078
1723,-9934.673828,-9933.941406,0.732422
1724,-9926.250000,-9927.597656,1.347656
1725,-9927.673828,-9927.708984,0.035156
1726,-11542.053711,-11542.680664,0.626953
1727,-10024.334961,-10023.865234,0.469727
1728,-11374.977539,-11374.150391,0.827148
1729,-10414.232422,-10406.722656,7.509766
1730,-11509.990234,-11511.241211,1.250977
1731,-11945.713867,-11946.929688,1.215820
1732,-11912.863281,-11916.051758,3.188477
1733,-11373.666992,-11373.997070,0.330078
1734,-9868.156250,-9869.940430,1.784180
1735,-11517.592773,-11517.341797,0.250977
1736,-9490.491211,-9489.121094,1.370117
1737,-11344.428711,-11342.336914,2.091797
1738,-9873.331055,-9875.010742,1.679688
1739,-11979.784180,-11979.735352,0.048828
1740,-10296.449219,-10298.118164,1.668945
1741,-11407.460938,-11408.309570,0.848633
1742,-10909.736328,-10910.891602,1.155273
1743,-9959.010742,-9960.041016,1.030273
1744,-10903.730469,-10904.032227,0.301758
1745,-9927.387695,-9927.549805,0.162109
1746,-11844.113281,-11844.695312,0.582031
1747,-10474.205078,-10473.370117,0.834961
1748,-11977.376953,-11979.102539,1.725586
1749,-11981.491211,-11979.863281,1.627930
1750,-11543.324219,-11543.614258,0.290039
1751,-9935.302734,-9934.951172,0.351562
1752,-12488.510742,-12486.831055,1.679688
1753,-12457.289062,-12454.726562,2.562500
1754,-11419.140625,-11412.337891,6.802734
1755,-11743.815430,-11753.652344,9.836914
1756,-12490.392578,-12489.425781,0.966797
1757,-11511.539062,-11511.607422,0.068359
1758,-10533.516602,-10532.729492,0.787109
1759,-11845.286133,-11845.120117,0.166016
1760,-11510.047852,-11510.790039,0.742188
1761,-12486.811523,-12487.355469,0.543945
1762,-8831.441406,-8832.221680,0.780273
1763,-11576.296875,-11576.748047,0.451172
1764,-11409.966797,-11408.028320,1.938477
1765,-11981.042969,-11981.783203,0.740234
1766,-10863.333984,-10865.321289,1.987305
1767,-9928.364258,-9925.732422,2.631836
1768,-11914.885742,-11916.445312,1.559570
1769,-11407.246094,-11406.713867,0.532227
1770,-11542.910156,-11543.510742,0.600586
1771,-12586.813477,-12586.905273,0.091797
1772,-11508.705078,-11510.445312,1.740234
1773,-12791.253906,-12789.417969,1.835938
1774,-10539.453125,-10539.900391,0.447266
1775,-11813.541992,-11812.979492,0.562500
1776,-10903.856445,-10904.919922,1.063477
1777,-8988.297852,-8987.992188,0.305664
1778,-11509.433594,-11510.389648,0.956055
1779,-8454.088867,-8453.079102,1.009766
1780,-10970.988281,-10971.490234,0.501953
1781,-9134.703125,-9132.916016,1.787109
1782,-12491.056641,-12489.370117,1.686523
1783,-11980.048828,-11979.302734,0.746094
1784,-11512.339844,-11512.281250,0.058594
1785,-10474.082031,-10473.720703,0.361328
1786,-11912.659180,-11914.151367,1.492188
1787,-9800.158203,-9797.816406,2.341797
1788,-10340.421875,-10338.941406,1.480469
1789,-10532.628906,-10531.807617,0.821289
1790,-12552.135742,-12553.324219,1.188477
1791,-11610.310547,-11609.103516,1.207031
1792,-10505.545898,-10502.727539,2.818359
1793,-11949.900391,-11949.638672,0.261719
1794,-10878.813477,-10878.575195,0.238281
1795,-11510.280273,-11510.092773,0.187500
1796,-10936.118164,-10937.924805,1.806641
1797,-11371.814453,-11374.479492,2.665039
1798,-10532.667969,-10532.866211,0.198242
1799,-10743.826172,-10743.595703,0.230469
1800,-9959.183594,-9959.519531,0.335938
1801,-12351.959961,-12353.073242,1.113281
1802,-11511.347656,-11511.891602,0.543945
1803,-11946.064453,-11946.751953,0.687500
1804,-10935.317383,-10936.713867,1.396484
1805,-10565.539062,-10565.798828,0.259766
1806,-10534.154297,-10534.071289,0.083008
1807,-9990.980469,-9991.861328,0.880859
1808,-12517.926758,-12520.586914,2.660156
1809,-11914.934570,-11914.778320,0.156250
1810,-11916.609375,-11916.570312,0.039062
1811,-10935.017578,-10935.221680,0.204102
1812,-11406.481445,-11408.362305,1.880859
1813,-11405.908203,-11407.477539,1.569336
1814,-10805.183594,-10802.526367,2.657227
1815,-11376.561523,-11375.431641,1.129883
1816,-10969.965820,-10969.246094,0.719727
1817,-9959.369141,-9960.275391,0.906250
1818,-9795.346680,-9796.390625,1.043945
1819,-10474.833984,-10474.215820,0.618164
1820,-13938.563477,-13938.203125,0.360352
1821,-11344.780273,-11342.159180,2.621094
1822,-10499.902344,-10499.899414,0.002930
1823,-10473.704102,-10473.901367,0.197266
1824,-9991.929688,-9992.465820,0.536133
1825,-10971.977539,-10971.243164,0.734375
1826,-12683.180664,-12685.056641,1.875977
1827,-11479.388672,-11477.524414,1.864258
1828,-9923.361328,-9923.547852,0.186523
1829,-11339.034180,-11340.625000,1.590820
1830,-10394.042969,-10392.967773,1.075195
1831,-12490.104492,-12488.631836,1.472656
1832,-12316.367188,-12317.808594,1.441406
1833,-12553.700195,-12554.233398,0.533203
1834,-11511.347656,-11509.792969,1.554688
1835,-12488.069336,-12489.416016,1.346680
1836,-10532.710938,-10532.061523,0.649414
1837,-10533.737305,-10532.766602,0.970703
1838,-12519.021484,-12520.804688,1.783203
1839,-12353.925781,-12352.801758,1.124023
1840,-9521.006836,-9521.220703,0.213867
1841,-11510.978516,-11510.965820,0.012695
1842,-9463.759766,-9464.121094,0.361328
1843,-11336.885742,-11340.782227,3.896484
1844,-11980.576172,-11980.031250,0.544922
1845,-11949.999023,-11946.559570,3.439453
1846,-11946.840820,-11946.144531,0.696289
1847,-12521.953125,-12522.021484,0.068359
1848,-10867.092773,-10867.413086,0.320312
1849,-10431.137695,-10430.042969,1.094727
1850,-10442.989258,-10441.862305,1.126953
1851,-10532.506836,-10533.070312,0.563477
1852,-10939.069336,-10938.606445,0.462891
1853,-11947.438477,-11947.135742,0.302734
1854,-11913.189453,-11914.508789,1.319336
1855,-11511.249023,-11510.572266,0.676758
1856,-9892.048828,-9891.656250,0.392578
1857,-11376.107422,-11376.009766,0.097656
1858,-12455.730469,-12456.500977,0.770508
1859,-11373.099609,-11376.056641,2.957031
1860,-10904.857422,-10904.203125,0.654297
1861,-10904.736328,-10902.047852,2.688477
1862,-11476.845703,-11478.828125,1.982422
1863,-12246.789062,-12248.431641,1.642578
1864,-11342.450195,-11341.948242,0.501953
1865,-10427.936523,-10428.098633,0.162109
1866,-11918.044922,-11917.063477,0.981445
1867,-11941.776367,-11947.113281,5.336914
1868,-11511.175781,-11510.988281,0.187500
1869,-11949.364258,-11949.538086,0.173828
1870,-12926.907227,-12927.376953,0.469727
1871,-10532.529297,-10531.970703,0.558594
1872,-11510.653320,-11509.576172,1.077148
1873,-11912.984375,-11912.768555,0.215820
1874,-9957.982422,-9958.926758,0.944336
1875,-9708.632812,-9707.074219,1.558594
1876,-9487.424805,-9488.369141,0.944336
1877,-11948.323242,-11948.118164,0.205078
1878,-12130.655273,-12134.333984,3.678711
1879,-10971.462891,-10970.189453,1.273438
1880,-14883.694336,-14887.848633,4.154297
1881,-12319.766602,-12319.609375,0.157227
1882,-11510.929688,-11510.417969,0.511719
1883,-11339.633789,-11341.392578,1.758789
1884,-11541.810547,-11543.794922,1.984375
1885,-12384.559570,-12384.366211,0.193359
1886,-11946.458008,-11947.685547,1.227539
1887,-12353.549805,-12354.191406,0.641602
1888,-8335.678711,-8335.795898,0.117188
1889,-11377.719727,-11374.282227,3.437500
1890,-10397.520508,-10397.226562,0.293945
1891,-11947.767578,-11948.736328,0.968750
1892,-12332.931641,-12344.596680,11.665039
1893,-11483.512695,-11484.723633,1.210938
1894,-10534.149414,-10533.332031,0.817383
1895,-10970.275391,-10971.041016,0.765625
1896,-11408.901367,-11408.464844,0.436523
1897,-10870.386719,-10869.821289,0.565430
1898,-9589.169922,-9588.406250,0.763672
1899,-11543.351562,-11543.315430,0.036133
1900,-11948.896484,-11948.852539,0.043945
1901,-11544.464844,-11544.116211,0.348633
1902,-12488.698242,-12488.462891,0.235352
1903,-11510.825195,-11510.974609,0.149414
1904,-9794.617188,-9797.746094,3.128906
1905,-9529.098633,-9529.222656,0.124023
1906,-11543.202148,-11543.385742,0.183594
1907,-12351.993164,-12352.947266,0.954102
1908,-13226.904297,-13224.622070,2.282227
1909,-12385.161133,-12384.336914,0.824219
1910,-9901.186523,-9902.394531,1.208008
1911,-12015.312500,-12015.138672,0.173828
1912,-10531.669922,-10533.744141,2.074219
1913,-10476.130859,-10474.518555,1.612305
1914,-8393.393555,-8393.703125,0.309570
1915,-13003.052734,-13005.789062,2.736328
1916,-10938.100586,-10938.752930,0.652344
1917,-10968.013672,-10968.325195,0.311523
1918,-13328.382812,-13331.618164,3.235352
1919,-9503.384766,-9488.846680,14.538086
1920,-10936.960938,-10937.549805,0.588867
1921,-10944.949219,-10944.792969,0.156250
1922,-12524.140625,-12522.615234,1.525391
1923,-9508.825195,-9521.442383,12.617188
1924,-12928.823242,-12927.455078,1.368164
1925,-10567.573242,-10566.351562,1.221680
1926,-10498.732422,-10499.916016,1.183594
1927,-11950.076172,-11948.029297,2.046875
1928,-12927.428711,-12927.908203,0.479492
1929,-8485.230469,-8486.669922,1.439453
1930,-11509.310547,-11510.619141,1.308594
1931,-10395.887695,-10394.354492,1.533203
1932,-11543.079102,-11543.130859,0.051758
1933,-11309.502930,-11310.137695,0.634766
1934,-11510.102539,-11510.070312,0.032227
1935,-10769.333984,-10768.902344,0.431641
1936,-10905.647461,-10903.927734,1.719727
1937,-9957.730469,-9957.427734,0.302734
1938,-12519.118164,-12521.313477,2.195312
1939,-11000.166016,-11001.773438,1.607422
1940,-12385.582031,-12385.065430,0.516602
1941,-11510.233398,-11509.233398,1.000000
1942,-10969.660156,-10969.798828,0.138672
1943,-12520.885742,-12521.302734,0.416992
1944,-13468.151367,-13467.028320,1.123047
1945,-10938.083984,-10936.651367,1.432617
1946,-9957.235352,-9958.672852,1.437500
1947,-11951.228516,-11949.207031,2.021484
1948,-11609.251953,-11608.833984,0.417969
1949,-12928.239258,-12925.765625,2.473633
1950,-9588.761719,-9588.895508,0.133789
1951,-9865.932617,-9867.576172,1.643555
1952,-12382.259766,-12384.405273,2.145508
1953,-9497.955078,-9497.618164,0.336914
1954,-12521.491211,-12520.892578,0.598633
1955,-10807.748047,-10809.159180,1.411133
1956,-10940.880859,-10939.598633,1.282227
1957,-11008.693359,-11002.460938,6.232422
1958,-9892.347656,-9895.382812,3.035156
1959,-10869.200195,-10866.477539,2.722656
1960,-10937.337891,-10936.510742,0.827148
1961,-10532.930664,-10533.297852,0.367188
1962,-10970.087891,-10970.030273,0.057617
1963,-11981.219727,-11980.723633,0.496094
1964,-12456.767578,-12456.547852,0.219727
1965,-11033.662109,-11034.473633,0.811523
1966,-9992.762695,-9992.695312,0.067383
1967,-9555.511719,-9555.615234,0.103516
1968,-11315.816406,-11315.403320,0.413086
1969,-12789.896484,-12790.835938,0.939453
1970,-11917.621094,-11917.377930,0.243164
1971,-11914.649414,-11915.285156,0.635742
1972,-14957.654297,-14952.520508,5.133789
1973,-11508.935547,-11510.138672,1.203125
1974,-11511.232422,-11509.375977,1.856445
1975,-11000.865234,-11001.750977,0.885742
1976,-11978.975586,-11979.154297,0.178711
1977,-8833.219727,-8833.221680,0.001953
1978,-10971.313477,-10969.107422,2.206055
1979,-11944.263672,-11948.072266,3.808594
1980,-9967.437500,-9967.932617,0.495117
1981,-10967.625000,-10970.005859,2.380859
1982,-11270.460938,-11269.807617,0.653320
1983,-11917.361328,-11917.185547,0.175781
1984,-7754.898438,-7755.074707,0.176270
1985,-10908.894531,-10911.619141,2.724609
1986,-10564.713867,-10565.318359,0.604492
1987,-9923.226562,-9923.555664,0.329102
1988,-11979.550781,-11981.559570,2.008789
1989,-12489.966797,-12489.921875,0.044922
1990,-11843.835938,-11844.405273,0.569336
1991,-11404.759766,-11406.892578,2.132812
1992,-8322.247070,-8323.909180,1.662109
1993,-10935.590820,-10937.087891,1.497070
1994,-12322.161133,-12319.595703,2.565430
1995,-11369.995117,-11371.718750,1.723633
1996,-11919.994141,-11917.401367,2.592773
1997,-6349.367188,-6347.202148,2.165039
1998,-12822.076172,-12823.426758,1.350586
1999,-11918.714844,-11917.094727,1.620117
2000,-11408.085938,-11408.027344,0.058594
2001,-12957.188477,-12957.535156,0.346680
2002,-11238.781250,-11238.078125,0.703125
2003,-13984.306641,-13985.773438,1.466797
2004,-8426.932617,-8427.910156,0.977539
2005,-11574.804688,-11575.574219,0.769531
2006,-8328.962891,-8328.596680,0.366211
2007,-11314.511719,-11316.370117,1.858398
2008,-12352.838867,-12353.083008,0.244141
2009,-8289.688477,-8292.090820,2.402344
2010,-10565.945312,-10565.424805,0.520508
2011,-11542.694336,-11542.677734,0.016602
2012,-12455.302734,-12456.251953,0.949219
2013,-11947.578125,-11947.734375,0.156250
2014,-10371.070312,-10371.209961,0.139648
2015,-11442.799805,-11441.829102,0.970703
2016,-11508.673828,-11510.512695,1.838867
2017,-9956.295898,-9957.445312,1.149414
2018,-11982.818359,-11982.262695,0.555664
2019,-12688.043945,-12686.108398,1.935547
2020,-11608.217773,-11609.474609,1.256836
2021,-11544.076172,-11542.968750,1.107422
2022,-11541.619141,-11543.775391,2.156250
2023,-11742.994141,-11746.207031,3.212891
2024,-9900.367188,-9900.877930,0.510742
2025,-10909.816406,-10911.631836,1.815430
2026,-10531.828125,-10532.024414,0.196289
2027,-10804.439453,-10801.467773,2.971680
2028,-12517.395508,-12522.418945,5.023438
2029,-11602.735352,-11608.742188,6.006836
2030,-12456.948242,-12456.416992,0.531250
2031,-11946.371094,-11947.880859,1.509766
2032,-9470.073242,-9471.249023,1.175781
2033,-11511.263672,-11511.622070,0.358398
2034,-11949.211914,-11949.129883,0.082031
2035,-11269.785156,-11270.621094,0.835938
2036,-11341.545898,-11341.598633,0.052734
2037,-9934.280273,-9934.163086,0.117188
2038,-11340.721680,-11340.144531,0.577148
2039,-9588.226562,-9588.692383,0.465820
2040,-11846.190430,-11843.492188,2.698242
2041,-10565.161133,-10565.348633,0.187500
2042,-9799.056641,-9797.931641,1.125000
2043,-9484.645508,-9487.538086,2.892578
2044,-10337.749023,-10337.748047,0.000977
2045,-9522.023438,-9521.382812,0.640625
2046,-9810.753906,-9811.765625,1.011719
2047,-9465.428711,-9462.221680,3.207031
2048,-10564.771484,-10565.427734,0.656250
2049,-9524.467773,-9523.721680,0.746094
2050,-12786.874023,-12789.515625,2.641602
2051,-8454.321289,-8454.473633,0.152344
2052,-8886.001953,-8887.542969,1.541016
2053,-10533.348633,-10531.188477,2.160156
2054,-11003.528320,-11003.985352,0.457031
2055,-11541.875000,-11542.939453,1.064453
2056,-11813.800781,-11813.382812,0.417969
2057,-12485.369141,-12486.883789,1.514648
2058,-11915.626953,-11913.925781,1.701172
2059,-11918.335938,-11917.250977,1.084961
2060,-11543.122070,-11543.674805,0.552734
2061,-9463.512695,-9463.588867,0.076172
2062,-10534.719727,-10534.555664,0.164062
2063,-12354.601562,-12354.312500,0.289062
2064,-10532.203125,-10531.433594,0.769531
2065,-11846.122070,-11845.174805,0.947266
2066,-11948.156250,-11947.885742,0.270508
2067,-8896.448242,-8896.418945,0.029297
2068,-9993.378906,-9992.893555,0.485352
2069,-11812.694336,-11811.112305,1.582031
2070,-9792.328125,-9797.037109,4.708984
2071,-11511.060547,-11510.530273,0.530273
2072,-9551.703125,-9553.963867,2.260742
2073,-8925.547852,-8924.947266,0.600586
2074,-10339.409180,-10338.658203,0.750977
2075,-11478.538086,-11476.100586,2.437500
2076,-10426.877930,-10426.618164,0.259766
2077,-12354.427734,-12352.773438,1.654297
2078,-10968.337891,-10968.516602,0.178711
2079,-10532.442383,-10531.350586,1.091797
2080,-11915.899414,-11914.755859,1.143555
2081,-10867.136719,-10865.890625,1.246094
2082,-12792.994141,-12790.834961,2.159180
2083,-10971.043945,-10971.185547,0.141602
2084,-11950.318359,-11948.167969,2.150391
2085,-10965.782227,-10965.666992,0.115234
2086,-11371.518555,-11371.102539,0.416016
2087,-11813.229492,-11810.966797,2.262695
2088,-11949.006836,-11948.359375,0.647461
2089,-9901.130859,-9901.074219,0.056641
2090,-11272.355469,-11270.172852,2.182617
2091,-9488.330078,-9488.546875,0.216797
2092,-9554.763672,-9555.855469,1.091797
2093,-11543.070312,-11543.088867,0.018555
2094,-12927.557617,-12926.280273,1.277344
2095,-10912.785156,-10912.064453,0.720703
2096,-11881.816406,-11883.020508,1.204102
2097,-11001.725586,-11003.173828,1.448242
2098,-10467.382812,-10465.750000,1.632812
2099,-12386.706055,-12386.736328,0.030273
2100,-10397.982422,-10396.655273,1.327148
2101,-9461.450195,-9462.900391,1.450195
2102,-10971.219727,-10971.537109,0.317383
2103,-10411.360352,-10409.647461,1.712891
2104,-11546.231445,-11545.072266,1.159180
2105,-10499.379883,-10500.058594,0.678711
2106,-11947.146484,-11948.279297,1.132812
2107,-10972.669922,-10971.882812,0.787109
2108,-10565.602539,-10565.401367,0.201172
2109,-10532.720703,-10532.829102,0.108398
2110,-11913.474609,-11912.875977,0.598633
2111,-10531.672852,-10532.713867,1.041016
2112,-10906.872070,-10903.050781,3.821289
2113,-10932.812500,-10935.318359,2.505859
2114,-11984.208008,-11979.413086,4.794922
2115,-11542.085938,-11543.298828,1.212891
2116,-11476.905273,-11476.954102,0.048828
2117,-11344.876953,-11341.425781,3.451172
2118,-10372.093750,-10371.112305,0.981445
2119,-10534.291992,-10534.015625,0.276367
2120,-10272.188477,-10271.285156,0.903320
2121,-9927.492188,-9927.605469,0.113281
2122,-11475.898438,-11476.963867,1.065430
2123,-11948.858398,-11948.208984,0.649414
2124,-12384.621094,-12384.201172,0.419922
2125,-10305.912109,-10305.467773,0.444336
2126,-12823.773438,-12823.547852,0.225586
2127,-9589.297852,-9588.454102,0.843750
2128,-8921.094727,-8921.338867,0.244141
2129,-10970.271484,-10970.203125,0.068359
2130,-10472.497070,-10474.725586,2.228516
2131,-11543.158203,-11543.715820,0.557617
2132,-12791.807617,-12791.017578,0.790039
2133,-11510.052734,-11508.797852,1.254883
2134,-10531.996094,-10532.368164,0.372070
2135,-11305.986328,-11309.162109,3.175781
2136,-11236.376953,-11239.162109,2.785156
2137,-11473.491211,-11476.500977,3.009766
2138,-12553.086914,-12554.363281,1.276367
2139,-11914.634766,-11915.590820,0.956055
2140,-11773.396484,-11775.661133,2.264648
2141,-10933.570312,-10936.073242,2.502930
2142,-10801.120117,-10801.625000,0.504883
2143,-11485.412109,-11485.142578,0.269531
2144,-11407.658203,-11407.083008,0.575195
2145,-10877.827148,-10879.960938,2.133789
2146,-10905.213867,-10905.007812,0.206055
2147,-11000.136719,-11001.551758,1.415039
2148,-11946.933594,-11947.536133,0.602539
2149,-11445.149414,-11444.287109,0.862305
2150,-13007.531250,-13007.501953,0.029297
2151,-10969.541992,-10970.451172,0.909180
2152,-12519.868164,-12521.306641,1.438477
2153,-10937.253906,-10938.110352,0.856445
2154,-9522.818359,-9521.993164,0.825195
2155,-10566.125977,-10565.185547,0.940430
2156,-11541.849609,-11542.933594,1.083984
2157,-11984.031250,-11982.132812,1.898438
2158,-11979.888672,-11979.434570,0.454102
2159,-10530.656250,-10531.589844,0.933594
2160,-11476.316406,-11476.365234,0.048828
2161,-10929.036133,-10933.541992,4.505859
2162,-11914.456055,-11914.859375,0.403320
2163,-11407.144531,-11407.700195,0.555664
2164,-11947.916016,-11948.137695,0.221680
2165,-11376.429688,-11374.216797,2.212891
2166,-11913.216797,-11914.109375,0.892578
2167,-10834.539062,-10833.109375,1.429688
2168,-11371.813477,-11376.210938,4.397461
2169,-11512.798828,-11511.376953,1.421875
2170,-10905.170898,-10905.566406,0.395508
2171,-10880.788086,-10878.650391,2.137695
2172,-12822.735352,-12822.663086,0.072266
2173,-12385.588867,-12384.429688,1.159180
2174,-10431.735352,-10432.125977,0.390625
2175,-12352.706055,-12353.385742,0.679688
2176,-10964.400391,-10968.363281,3.962891
2177,-12486.308594,-12488.233398,1.924805
2178,-10429.833984,-10429.285156,0.548828
2179,-11779.294922,-11778.149414,1.145508
2180,-12489.447266,-12488.849609,0.597656
2181,-10443.277344,-10442.288086,0.989258
2182,-10878.266602,-10879.257812,0.991211
2183,-10498.565430,-10497.597656,0.967773
2184,-11982.190430,-11980.568359,1.622070
2185,-10938.861328,-10937.136719,1.724609
2186,-11543.401367,-11543.432617,0.031250
2187,-11914.933594,-11916.553711,1.620117
2188,-10395.065430,-10395.944336,0.878906
2189,-11509.098633,-11508.591797,0.506836
2190,-10845.690430,-10846.825195,1.134766
2191,-11376.047852,-11375.458984,0.588867
2192,-9268.377930,-9268.558594,0.180664
2193,-11811.361328,-11811.913086,0.551758
2194,-12553.649414,-12553.127930,0.521484
2195,-10834.504883,-10835.334961,0.830078
2196,-11915.780273,-11914.720703,1.059570
2197,-11544.817383,-11543.612305,1.205078
2198,-11004.129883,-11003.392578,0.737305
2199,-10938.169922,-10937.604492,0.565430
2200,-12926.567383,-12926.010742,0.556641
2201,-12115.230469,-12112.265625,2.964844
2202,-10967.721680,-10967.899414,0.177734
2203,-11475.465820,-11477.013672,1.547852
2204,-11947.571289,-11948.785156,1.213867
2205,-9900.068359,-9899.891602,0.176758
2206,-11372.654297,-11372.916992,0.262695
2207,-10466.402344,-10466.544922,0.142578
2208,-9462.264648,-9462.653320,0.388672
2209,-10909.780273,-10910.237305,0.457031
2210,-11917.158203,-11915.991211,1.166992
2211,-11576.609375,-11576.939453,0.330078
2212,-9522.330078,-9521.714844,0.615234
2213,-9464.880859,-9463.361328,1.519531
2214,-11513.107422,-11511.035156,2.072266
2215,-10903.527344,-10903.565430,0.038086
2216,-10533.947266,-10532.860352,1.086914
2217,-11476.118164,-11478.145508,2.027344
2218,-12819.855469,-12823.496094,3.640625
2219,-10969.569336,-10968.081055,1.488281
2220,-11373.667969,-11374.363281,0.695312
2221,-10911.026367,-10904.570312,6.456055
2222,-11779.086914,-11778.885742,0.201172
2223,-10971.742188,-10968.210938,3.531250
2224,-10970.606445,-10971.818359,1.211914
2225,-10971.441406,-10971.096680,0.344727
2226,-12519.345703,-12519.787109,0.441406
2227,-11509.566406,-11510.782227,1.215820
2228,-10598.555664,-10598.619141,0.063477
2229,-11238.177734,-11239.000000,0.822266
2230,-11779.560547,-11778.923828,0.636719
2231,-9925.209961,-9923.573242,1.636719
2232,-10831.337891,-10833.006836,1.668945
2233,-10396.828125,-10395.952148,0.875977
2234,-10440.870117,-10442.307617,1.437500
2235,-10937.808594,-10935.458984,2.349609
2236,-10969.240234,-10968.210938,1.029297
2237,-11513.629883,-11512.204102,1.425781
2238,-9523.806641,-9522.424805,1.381836
2239,-11034.876953,-11034.948242,0.071289
2240,-11947.752930,-11948.642578,0.889648
2241,-10361.610352,-10363.021484,1.411133
2242,-11373.720703,-11374.547852,0.827148
2243,-11981.956055,-11981.399414,0.556641
2244,-9932.951172,-9933.287109,0.335938
2245,-12488.782227,-12489.194336,0.412109
2246,-10598.488281,-10598.080078,0.408203
2247,-9621.018555,-9620.638672,0.379883
2248,-11812.129883,-11811.321289,0.808594
2249,-10969.791016,-10970.109375,0.318359
2250,-10464.221680,-10467.672852,3.451172
2251,-11979.681641,-11980.917969,1.236328
2252,-10776.398438,-10776.550781,0.152344
2253,-10433.551758,-10432.190430,1.361328
2254,-11479.176758,-11479.031250,0.145508
2255,-10938.083984,-10938.027344,0.056641
2256,-10969.957031,-10970.633789,0.676758
2257,-11880.506836,-11881.426758,0.919922
2258,-10775.158203,-10774.666992,0.491211
2259,-11372.213867,-11372.823242,0.609375
2260,-11810.568359,-11812.117188,1.548828
2261,-10966.723633,-10967.461914,0.738281
2262,-9524.063477,-9523.152344,0.911133
2263,-12318.497070,-12320.089844,1.592773
2264,-10395.725586,-10395.828125,0.102539
2265,-11915.100586,-11914.730469,0.370117
2266,-10934.669922,-10934.931641,0.261719
2267,-9933.311523,-9933.201172,0.110352
2268,-12927.166016,-12926.381836,0.784180
2269,-11946.644531,-11947.766602,1.122070
2270,-11542.393555,-11542.397461,0.003906
2271,-11948.377930,-11948.336914,0.041016
2272,-11543.457031,-11542.353516,1.103516
2273,-12895.380859,-12894.824219,0.556641
2274,-10565.686523,-10565.617188,0.069336
2275,-11576.836914,-11576.084961,0.751953
2276,-12816.089844,-12820.156250,4.066406
2277,-11372.867188,-11372.411133,0.456055
2278,-10532.432617,-10532.934570,0.501953
2279,-9957.280273,-9957.411133,0.130859
2280,-9960.535156,-9959.261719,1.273438
2281,-11511.176758,-11510.463867,0.712891
2282,-10935.994141,-10936.551758,0.557617
2283,-10565.297852,-10565.410156,0.112305
2284,-10970.850586,-10969.914062,0.936523
2285,-11980.484375,-11981.503906,1.019531
2286,-10905.845703,-10905.354492,0.491211
2287,-10968.926758,-10968.549805,0.376953
2288,-9934.732422,-9934.694336,0.038086
2289,-11948.353516,-11948.158203,0.195312
2290,-9932.907227,-9932.553711,0.353516
2291,-10904.708008,-10904.781250,0.073242
2292,-11574.249023,-11575.925781,1.676758
2293,-9620.684570,-9620.973633,0.289062
2294,-10440.928711,-10438.641602,2.287109
2295,-11373.013672,-11372.499023,0.514648
2296,-12384.401367,-12385.576172,1.174805
2297,-13336.275391,-13332.687500,3.587891
2298,-11915.560547,-11915.854492,0.293945
2299,-10566.788086,-10566.747070,0.041016
2300,-7450.865723,-7449.371094,1.494629
2301,-10600.337891,-10599.304688,1.033203
2302,-12354.744141,-12350.504883,4.239258
2303,-10539.853516,-10540.129883,0.276367
2304,-13393.919922,-13395.397461,1.477539
2305,-9925.072266,-9925.364258,0.291992
2306,-8454.670898,-8452.739258,1.931641
2307,-9432.069336,-9431.106445,0.962891
2308,-11948.414062,-11947.402344,1.011719
2309,-10501.177734,-10500.369141,0.808594
2310,-11316.008789,-11316.956055,0.947266
2311,-11849.862305,-11849.132812,0.729492
2312,-9991.949219,-9990.997070,0.952148
2313,-12861.923828,-12863.036133,1.112305
2314,-12490.208984,-12489.636719,0.572266
2315,-11850.103516,-11850.197266,0.093750
2316,-12788.743164,-12790.422852,1.679688
2317,-11948.140625,-11948.230469,0.089844
2318,-11509.909180,-11510.437500,0.528320
2319,-11511.604492,-11510.712891,0.891602
2320,-11577.522461,-11577.092773,0.429688
2321,-12284.054688,-12279.113281,4.941406
2322,-9496.844727,-9496.009766,0.834961
2323,-11376.599609,-11376.694336,0.094727
2324,-9901.170898,-9900.189453,0.981445
2325,-11270.713867,-11271.348633,0.634766
2326,-10880.631836,-10879.531250,1.100586
2327,-10466.685547,-10466.175781,0.509766
2328,-10972.000000,-10970.886719,1.113281
2329,-10902.566406,-10905.148438,2.582031
2330,-10564.375977,-10564.963867,0.587891
2331,-11408.485352,-11408.486328,0.000977
2332,-9360.593750,-9360.313477,0.280273
2333,-12452.607422,-12456.560547,3.953125
2334,-10338.878906,-10338.694336,0.184570
2335,-11576.435547,-11577.198242,0.762695
2336,-12520.891602,-12521.589844,0.698242
2337,-10776.854492,-10775.706055,1.148438
2338,-11915.482422,-11915.500977,0.018555
2339,-11542.544922,-11543.011719,0.466797
2340,-11510.677734,-11510.980469,0.302734
2341,-11374.052734,-11374.799805,0.747070
2342,-10970.122070,-10969.683594,0.438477
2343,-12216.085938,-12212.937500,3.148438
2344,-10394.780273,-10396.128906,1.348633
2345,-12488.531250,-12488.414062,0.117188
2346,-12323.500977,-12321.639648,1.861328
2347,-11003.463867,-11002.265625,1.198242
2348,-10903.438477,-10904.353516,0.915039
2349,-11477.850586,-11477.329102,0.521484
2350,-12382.877930,-12384.028320,1.150391
2351,-10500.695312,-10500.247070,0.448242
2352,-9431.095703,-9430.901367,0.194336
2353,-10962.160156,-10961.196289,0.963867
2354,-11341.720703,-11339.361328,2.359375
2355,-11949.861328,-11946.513672,3.347656
2356,-11001.278320,-11001.582031,0.303711
2357,-10880.701172,-10877.700195,3.000977
2358,-10938.041992,-10938.229492,0.187500
2359,-11002.519531,-11002.408203,0.111328
2360,-12350.096680,-12353.086914,2.990234
2361,-11440.123047,-11439.260742,0.862305
2362,-11342.173828,-11342.180664,0.006836
2363,-11373.491211,-11373.987305,0.496094
2364,-11286.108398,-11285.538086,0.570312
2365,-10356.673828,-10359.668945,2.995117
2366,-10972.533203,-10970.684570,1.848633
2367,-10902.631836,-10901.631836,1.000000
2368,-10904.355469,-10903.516602,0.838867
2369,-11005.541992,-11004.581055,0.960938
2370,-8235.207031,-8232.683594,2.523438
2371,-10532.028320,-10532.524414,0.496094
2372,-10813.224609,-10813.263672,0.039062
2373,-12553.720703,-12554.533203,0.812500
2374,-11544.874023,-11544.851562,0.022461
2375,-10501.858398,-10500.391602,1.466797
2376,-11444.512695,-11445.133789,0.621094
2377,-12488.782227,-12489.737305,0.955078
2378,-10305.236328,-10304.574219,0.662109
2379,-10972.336914,-10971.163086,1.173828
2380,-10473.861328,-10474.406250,0.544922
2381,-9426.717773,-9429.571289,2.853516
2382,-10533.103516,-10532.894531,0.208984
2383,-11400.376953,-11403.658203,3.281250
2384,-11443.317383,-11443.554688,0.237305
2385,-10970.375977,-10969.791992,0.583984
2386,-11813.019531,-11811.979492,1.040039
2387,-12789.188477,-12790.126953,0.938477
2388,-10831.841797,-10832.241211,0.399414
2389,-13940.853516,-13937.680664,3.172852
2390,-8461.240234,-8460.155273,1.084961
2391,-11981.773438,-11981.416016,0.357422
2392,-11948.933594,-11946.910156,2.023438
2393,-11947.963867,-11947.379883,0.583984
2394,-10937.934570,-10939.823242,1.888672
2395,-10566.312500,-10565.841797,0.470703
2396,-11374.797852,-11374.257812,0.540039
2397,-11001.897461,-11002.711914,0.814453
2398,-11511.408203,-11511.318359,0.089844
2399,-11542.780273,-11542.755859,0.024414
2400,-11375.365234,-11375.156250,0.208984
2401,-10500.612305,-10499.800781,0.811523
2402,-10508.732422,-10507.328125,1.404297
2403,-11947.145508,-11947.461914,0.316406
2404,-10913.466797,-10912.175781,1.291016
2405,-10442.901367,-10441.629883,1.271484
2406,-11371.752930,-11372.772461,1.019531
2407,-10501.683594,-10500.026367,1.657227
2408,-11510.850586,-11510.875000,0.024414
2409,-11543.203125,-11543.832031,0.628906
2410,-11883.074219,-11881.402344,1.671875
2411,-9900.973633,-9901.576172,0.602539
2412,-10465.743164,-10464.879883,0.863281
2413,-11977.656250,-11978.383789,0.727539
2414,-11947.180664,-11949.155273,1.974609
2415,-10498.048828,-10499.147461,1.098633
2416,-10939.079102,-10937.190430,1.888672
2417,-10932.491211,-10935.197266,2.706055
2418,-12354.941406,-12353.458984,1.482422
2419,-11947.291992,-11947.825195,0.533203
2420,-9520.958984,-9521.471680,0.512695
2421,-11916.097656,-11915.925781,0.171875
2422,-11880.707031,-11881.683594,0.976562
2423,-10498.682617,-10499.850586,1.167969
2424,-12349.039062,-12353.316406,4.277344
2425,-9930.717773,-9931.530273,0.812500
2426,-9958.708008,-9958.879883,0.171875
2427,-11479.204102,-11478.644531,0.559570
2428,-12904.531250,-12904.213867,0.317383
2429,-11916.358398,-11914.866211,1.492188
2430,-11812.034180,-11812.029297,0.004883
2431,-12417.734375,-12417.335938,0.398438
2432,-10999.340820,-11001.312500,1.971680
2433,-11945.775391,-11947.876953,2.101562
2434,-10935.679688,-10935.464844,0.214844
2435,-9892.637695,-9892.883789,0.246094
2436,-11916.668945,-11915.108398,1.560547
2437,-11512.091797,-11512.256836,0.165039
2438,-9522.000977,-9521.178711,0.822266
2439,-10933.781250,-10934.988281,1.207031
2440,-12925.711914,-12926.534180,0.822266
2441,-11375.512695,-11374.331055,1.181641
2442,-11000.113281,-11000.957031,0.843750
2443,-12487.541016,-12486.655273,0.885742
2444,-9993.064453,-9993.665039,0.600586
2445,-11511.359375,-11510.375000,0.984375
2446,-12245.270508,-12248.125977,2.855469
2447,-10565.525391,-10565.451172,0.074219
2448,-11948.447266,-11947.840820,0.606445
2449,-10839.012695,-10839.861328,0.848633
2450,-9959.853516,-9959.505859,0.347656
2451,-10532.463867,-10532.255859,0.208008
2452,-11037.847656,-11036.745117,1.102539
2453,-12453.620117,-12455.194336,1.574219
2454,-10938.143555,-10937.593750,0.549805
2455,-11676.256836,-11675.609375,0.647461
2456,-10971.682617,-10970.502930,1.179688
2457,-9488.940430,-9489.267578,0.327148
2458,-12488.581055,-12488.641602,0.060547
2459,-10364.569336,-10364.093750,0.475586
2460,-12453.914062,-12454.799805,0.885742
2461,-12213.891602,-12215.931641,2.040039
2462,-10340.645508,-10339.065430,1.580078
2463,-11916.755859,-11915.990234,0.765625
2464,-9430.525391,-9429.721680,0.803711
2465,-11542.113281,-11542.636719,0.523438
2466,-13366.024414,-13364.418945,1.605469
2467,-10469.061523,-10466.097656,2.963867
2468,-10362.010742,-10362.972656,0.961914
2469,-11913.541016,-11914.286133,0.745117
2470,-11374.232422,-11374.872070,0.639648
2471,-11002.429688,-11001.701172,0.728516
2472,-12485.113281,-12486.094727,0.981445
2473,-11543.572266,-11544.869141,1.296875
2474,-10567.167969,-10566.538086,0.629883
2475,-10934.396484,-10935.897461,1.500977
2476,-11917.562500,-11915.436523,2.125977
2477,-12555.528320,-12554.194336,1.333984
2478,-12353.746094,-12353.844727,0.098633
2479,-12521.990234,-12520.623047,1.367188
2480,-13221.802734,-13223.509766,1.707031
2481,-12925.914062,-12926.954102,1.040039
2482,-10881.097656,-10879.588867,1.508789
2483,-11943.763672,-11944.385742,0.622070
2484,-11948.481445,-11948.231445,0.250000
2485,-12901.769531,-12902.931641,1.162109
2486,-11612.331055,-11609.138672,3.192383
2487,-12485.642578,-12486.765625,1.123047
2488,-9923.397461,-9924.172852,0.775391
2489,-11811.613281,-11811.325195,0.288086
2490,-8586.833984,-8584.940430,1.893555
2491,-10598.235352,-10598.397461,0.162109
2492,-12961.422852,-12960.485352,0.937500
2493,-9991.873047,-9989.996094,1.876953
2494,-11844.010742,-11845.147461,1.136719
2495,-10501.038086,-10500.174805,0.863281
2496,-10398.139648,-10397.375977,0.763672
2497,-10971.777344,-10970.786133,0.991211
2498,-11372.302734,-11374.403320,2.100586
2499,-10600.004883,-10599.455078,0.549805
2500,-9522.363281,-9522.070312,0.292969
2501,-7482.873047,-7483.472168,0.599121
2502,-10565.597656,-10565.705078,0.107422
2503,-9497.611328,-9496.667969,0.943359
2504,-11405.145508,-11407.578125,2.432617
2505,-12384.585938,-12384.819336,0.233398
2506,-7351.277344,-7349.719727,1.557617
2507,-11981.740234,-11980.038086,1.702148
2508,-9589.283203,-9587.621094,1.662109
2509,-9237.950195,-9236.274414,1.675781
2510,-11948.407227,-11949.125977,0.718750
2511,-9556.978516,-9556.389648,0.588867
2512,-11478.332031,-11477.909180,0.422852
2513,-7752.596191,-7754.268555,1.672363
2514,-11509.070312,-11511.163086,2.092773
2515,-9959.757812,-9959.220703,0.537109
2516,-10968.553711,-10968.416992,0.136719
2517,-11676.942383,-11675.631836,1.310547
2518,-9496.467773,-9496.276367,0.191406
2519,-10534.120117,-10534.521484,0.401367
2520,-10931.629883,-10934.221680,2.591797
2521,-12553.304688,-12553.428711,0.124023
2522,-11478.470703,-11477.901367,0.569336
2523,-11479.017578,-11478.750977,0.266602
2524,-11480.109375,-11478.527344,1.582031
2525,-9957.926758,-9958.570312,0.643555
2526,-10532.953125,-10533.592773,0.639648
2527,-11512.696289,-11510.884766,1.811523
2528,-10499.250000,-10499.851562,0.601562
2529,-12356.667969,-12354.417969,2.250000
2530,-10971.171875,-10968.948242,2.223633
2531,-10846.919922,-10847.523438,0.603516
2532,-11511.854492,-11512.750000,0.895508
2533,-11036.765625,-11036.695312,0.070312
2534,-10972.754883,-10972.034180,0.720703
2535,-11511.548828,-11512.167969,0.619141
2536,-11366.932617,-11371.098633,4.166016
2537,-11001.605469,-11001.892578,0.287109
2538,-11406.645508,-11406.940430,0.294922
2539,-12352.843750,-12352.037109,0.806641
2540,-10566.685547,-10566.096680,0.588867
2541,-11509.766602,-11510.701172,0.934570
2542,-10532.486328,-10532.845703,0.359375
2543,-10408.646484,-10409.791992,1.145508
2544,-9901.798828,-9901.312500,0.486328
2545,-10938.452148,-10938.122070,0.330078
2546,-12485.174805,-12486.626953,1.452148
2547,-10937.774414,-10936.823242,0.951172
2548,-11540.725586,-11541.853516,1.127930
2549,-11816.511719,-11812.856445,3.655273
2550,-10396.193359,-10395.044922,1.148438
2551,-11948.939453,-11947.811523,1.127930
2552,-9496.812500,-9497.500977,0.688477
2553,-10969.735352,-10970.258789,0.523438
2554,-11949.764648,-11948.672852,1.091797
2555,-10972.391602,-10971.669922,0.721680
2556,-11001.928711,-11001.345703,0.583008
2557,-13529.664062,-13532.414062,2.750000
2558,-11948.235352,-11948.310547,0.075195
2559,-11269.294922,-11272.888672,3.593750
2560,-9900.634766,-9901.346680,0.711914
2561,-11544.698242,-11543.428711,1.269531
2562,-11947.820312,-11946.155273,1.665039
2563,-10907.351562,-10909.718750,2.367188
2564,-11942.582031,-11945.014648,2.432617
2565,-10999.449219,-11001.608398,2.159180
2566,-8519.992188,-8519.828125,0.164062
2567,-11808.417969,-11810.470703,2.052734
2568,-11407.028320,-11407.579102,0.550781
2569,-12012.835938,-12014.435547,1.599609
2570,-11541.184570,-11542.666992,1.482422
2571,-10880.278320,-10879.876953,0.401367
2572,-10340.042969,-10339.197266,0.845703
2573,-9807.771484,-9810.709961,2.938477
2574,-10936.939453,-10938.671875,1.732422
2575,-11338.269531,-11341.179688,2.910156
2576,-10938.665039,-10937.246094,1.418945
2577,-10565.579102,-10566.155273,0.576172
2578,-12789.567383,-12791.043945,1.476562
2579,-11845.157227,-11844.722656,0.434570
2580,-10395.757812,-10398.310547,2.552734
2581,-10500.919922,-10498.677734,2.242188
2582,-10426.262695,-10427.431641,1.168945
2583,-10328.479492,-10329.421875,0.942383
2584,-10564.898438,-10565.175781,0.277344
2585,-9806.192383,-9809.716797,3.524414
2586,-10970.751953,-10971.854492,1.102539
2587,-11245.945312,-11238.709961,7.235352
2588,-9554.489258,-9555.001953,0.512695
2589,-10801.542969,-10802.456055,0.913086
2590,-10832.759766,-10832.729492,0.030273
2591,-10564.166016,-10564.779297,0.613281
2592,-10970.623047,-10969.698242,0.924805
2593,-11541.458984,-11542.615234,1.156250
2594,-10835.165039,-10834.426758,0.738281
2595,-11947.169922,-11948.336914,1.166992
2596,-11406.744141,-11406.837891,0.093750
2597,-11675.228516,-11675.570312,0.341797
2598,-11980.368164,-11980.929688,0.561523
2599,-9991.550781,-9990.791016,0.759766
2600,-10369.076172,-10370.868164,1.791992
2601,-9558.965820,-9568.295898,9.330078
2602,-10902.643555,-10902.416016,0.227539
2603,-11576.040039,-11576.318359,0.278320
2604,-12573.547852,-12571.439453,2.108398
2605,-10934.789062,-10936.758789,1.969727
2606,-10940.225586,-10936.599609,3.625977
2607,-11916.149414,-11915.214844,0.934570
2608,-9924.429688,-9924.485352,0.055664
2609,-10939.088867,-10938.435547,0.653320
2610,-12793.147461,-12792.165039,0.982422
2611,-10429.377930,-10429.019531,0.358398
2612,-11948.051758,-11948.189453,0.137695
2613,-11002.964844,-11003.709961,0.745117
2614,-10903.781250,-10902.911133,0.870117
2615,-11001.897461,-11001.743164,0.154297
2616,-12014.022461,-12014.888672,0.866211
2617,-12488.462891,-12488.013672,0.449219
2618,-11371.546875,-11373.157227,1.610352
2619,-9329.958984,-9327.505859,2.453125
2620,-11916.435547,-11915.594727,0.840820
2621,-11001.066406,-11001.357422,0.291016
2622,-11342.368164,-11341.348633,1.019531
2623,-10970.100586,-10969.271484,0.829102
2624,-11609.749023,-11609.086914,0.662109
2625,-11913.917969,-11915.471680,1.553711
2626,-12012.083984,-12013.265625,1.181641
2627,-9959.126953,-9958.766602,0.360352
2628,-11374.446289,-11375.157227,0.710938
2629,-12388.363281,-12386.372070,1.991211
2630,-10969.098633,-10969.498047,0.399414
2631,-11979.662109,-11980.112305,0.450195
2632,-9958.484375,-9958.272461,0.211914
2633,-11341.421875,-11341.533203,0.111328
2634,-11947.781250,-11948.339844,0.558594
2635,-10769.927734,-10768.805664,1.122070
2636,-8337.839844,-8337.114258,0.725586
2637,-10935.264648,-10936.128906,0.864258
2638,-12489.061523,-12489.255859,0.194336
2639,-9294.002930,-9290.865234,3.137695
2640,-10331.520508,-10330.998047,0.522461
2641,-11915.166016,-11914.133789,1.032227
2642,-11942.372070,-11947.794922,5.422852
2643,-10363.830078,-10365.102539,1.272461
2644,-11948.535156,-11947.686523,0.848633
2645,-10426.208984,-10427.965820,1.756836
2646,-11812.876953,-11811.720703,1.156250
2647,-12960.719727,-12958.249023,2.470703
2648,-9956.472656,-9958.052734,1.580078
2649,-12488.551758,-12488.220703,0.331055
2650,-10967.485352,-10967.916016,0.430664
2651,-12489.249023,-12488.665039,0.583984
2652,-11948.046875,-11947.957031,0.089844
2653,-11376.949219,-11374.211914,2.737305
2654,-12572.909180,-12570.833008,2.076172
2655,-11510.532227,-11510.641602,0.109375
2656,-11005.178711,-11004.553711,0.625000
2657,-9553.753906,-9554.599609,0.845703
2658,-11409.516602,-11406.416016,3.100586
2659,-10504.214844,-10502.383789,1.831055
2660,-10971.470703,-10969.358398,2.112305
2661,-11236.795898,-11237.407227,0.611328
2662,-11002.130859,-11001.886719,0.244141
2663,-11878.865234,-11877.676758,1.188477
2664,-10936.789062,-10936.256836,0.532227
2665,-11915.984375,-11916.010742,0.026367
2666,-11914.362305,-11915.137695,0.775391
2667,-10912.745117,-10912.479492,0.265625
2668,-11510.084961,-11510.545898,0.460938
2669,-10533.255859,-10534.180664,0.924805
2670,-10530.204102,-10531.755859,1.551758
2671,-11910.520508,-11913.068359,2.547852
2672,-9555.841797,-9554.628906,1.212891
2673,-11811.694336,-11811.255859,0.438477
2674,-11810.500000,-11810.709961,0.209961
2675,-11983.138672,-11982.087891,1.050781
2676,-10970.829102,-10970.331055,0.498047
2677,-11543.968750,-11544.549805,0.581055
2678,-11576.022461,-11576.285156,0.262695
2679,-11915.476562,-11914.082031,1.394531
2680,-9236.085938,-9236.907227,0.821289
2681,-12960.186523,-12958.590820,1.595703
2682,-10600.737305,-10599.089844,1.647461
2683,-10969.388672,-10968.976562,0.412109
2684,-11411.412109,-11410.593750,0.818359
2685,-10939.955078,-10938.364258,1.590820
2686,-10897.738281,-10903.578125,5.839844
2687,-10473.411133,-10473.639648,0.228516
2688,-12926.312500,-12925.684570,0.627930
2689,-11405.939453,-11405.535156,0.404297
2690,-11913.863281,-11913.861328,0.001953
2691,-11408.609375,-11407.232422,1.376953
2692,-11575.769531,-11576.140625,0.371094
2693,-12383.731445,-12384.614258,0.882812
2694,-10910.777344,-10910.073242,0.704102
2695,-11545.214844,-11543.717773,1.497070
2696,-11512.324219,-11511.653320,0.670898
2697,-9555.032227,-9554.788086,0.244141
2698,-9556.795898,-9554.279297,2.516602
2699,-10801.514648,-10800.330078,1.184570
2700,-10408.284180,-10408.250000,0.034180
2701,-10441.384766,-10441.150391,0.234375
2702,-9992.755859,-9991.850586,0.905273
2703,-9955.324219,-9956.471680,1.147461
2704,-11408.368164,-11407.058594,1.309570
2705,-10474.821289,-10474.880859,0.059570
2706,-10532.943359,-10532.541016,0.402344
2707,-10943.535156,-10945.375000,1.839844
2708,-12923.662109,-12925.813477,2.151367
2709,-11949.060547,-11948.579102,0.481445
2710,-8922.188477,-8922.132812,0.055664
2711,-10938.681641,-10938.265625,0.416016
2712,-11439.250000,-11440.572266,1.322266
2713,-11341.223633,-11341.529297,0.305664
2714,-12925.380859,-12925.106445,0.274414
2715,-11913.844727,-11915.114258,1.269531
2716,-12553.738281,-12553.177734,0.560547
2717,-10934.100586,-10935.582031,1.481445
2718,-10941.914062,-10939.249023,2.665039
2719,-11476.148438,-11476.301758,0.153320
2720,-11404.050781,-11406.968750,2.917969
2721,-11981.723633,-11981.989258,0.265625
2722,-10968.661133,-10968.576172,0.084961
2723,-12351.945312,-12353.995117,2.049805
2724,-10534.327148,-10533.064453,1.262695
2725,-11541.330078,-11542.560547,1.230469
2726,-10331.627930,-10332.175781,0.547852
2727,-11845.997070,-11844.945312,1.051758
2728,-11438.625977,-11440.491211,1.865234
2729,-8428.219727,-8427.693359,0.526367
2730,-11478.670898,-11478.152344,0.518555
2731,-11511.466797,-11510.474609,0.992188
2732,-10500.621094,-10499.763672,0.857422
2733,-11916.326172,-11916.392578,0.066406
2734,-11542.519531,-11542.347656,0.171875
2735,-10934.173828,-10935.825195,1.651367
2736,-8320.978516,-8324.150391,3.171875
2737,-11544.250977,-11543.552734,0.698242
2738,-9460.706055,-9463.000000,2.293945
2739,-10499.769531,-10498.835938,0.933594
2740,-10534.429688,-10533.024414,1.405273
2741,-7448.641602,-7448.638672,0.002930
2742,-10967.012695,-10967.751953,0.739258
2743,-11510.482422,-11511.616211,1.133789
2744,-10871.987305,-10872.981445,0.994141
2745,-10565.783203,-10566.262695,0.479492
2746,-10598.529297,-10598.192383,0.336914
2747,-11949.581055,-11948.221680,1.359375
2748,-10498.312500,-10498.048828,0.263672
2749,-11947.994141,-11948.149414,0.155273
2750,-10881.208008,-10879.572266,1.635742
2751,-10304.932617,-10305.143555,0.210938
2752,-10936.808594,-10935.322266,1.486328
2753,-10936.220703,-10936.218750,0.001953
2754,-11544.581055,-11543.459961,1.121094
2755,-11814.785156,-11813.788086,0.997070
2756,-10998.864258,-11001.048828,2.184570
2757,-10364.387695,-10364.329102,0.058594
2758,-12788.551758,-12787.984375,0.567383
2759,-10564.127930,-10564.529297,0.401367
2760,-11977.866211,-11978.204102,0.337891
2761,-9957.824219,-9958.431641,0.607422
2762,-11508.742188,-11510.899414,2.157227
2763,-12384.443359,-12385.119141,0.675781
2764,-8919.501953,-8921.989258,2.487305
2765,-10531.583984,-10532.086914,0.502930
2766,-11001.292969,-11000.495117,0.797852
2767,-10566.749023,-10566.431641,0.317383
2768,-12352.691406,-12354.295898,1.604492
2769,-10834.910156,-10835.442383,0.532227
2770,-11949.747070,-11948.994141,0.752930
2771,-10534.899414,-10533.487305,1.412109
2772,-11983.934570,-11981.993164,1.941406
2773,-8452.663086,-8452.380859,0.282227
2774,-11571.136719,-11576.906250,5.769531
2775,-11002.384766,-11001.488281,0.896484
2776,-9299.127930,-9302.630859,3.502930
2777,-10498.296875,-10498.810547,0.513672
2778,-12140.354492,-12145.211914,4.857422
2779,-12384.652344,-12386.193359,1.541016
2780,-12960.307617,-12958.605469,1.702148
2781,-11508.290039,-11508.862305,0.572266
2782,-11578.702148,-11577.538086,1.164062
2783,-10498.936523,-10499.833008,0.896484
2784,-8519.157227,-8519.961914,0.804688
2785,-12522.334961,-12521.450195,0.884766
2786,-12521.927734,-12521.199219,0.728516
2787,-11236.943359,-11238.838867,1.895508
2788,-12354.062500,-12351.662109,2.400391
2789,-13365.384766,-13364.036133,1.348633
2790,-10843.527344,-10845.142578,1.615234
2791,-11845.486328,-11844.460938,1.025391
2792,-11244.313477,-11236.973633,7.339844
2793,-11811.973633,-11810.208984,1.764648
2794,-11445.450195,-11445.554688,0.104492
2795,-11512.110352,-11510.106445,2.003906
2796,-9454.831055,-9455.760742,0.929688
2797,-10467.185547,-10468.632812,1.447266
2798,-10769.721680,-10764.996094,4.725586
2799,-12792.531250,-12789.243164,3.288086
2800,-12895.869141,-12894.006836,1.862305
2801,-10842.335938,-10844.802734,2.466797
2802,-10533.515625,-10533.298828,0.216797
2803,-10743.008789,-10744.290039,1.281250
2804,-12490.322266,-12490.327148,0.004883
2805,-9523.390625,-9522.442383,0.948242
2806,-9960.543945,-9960.405273,0.138672
2807,-10938.893555,-10938.010742,0.882812
2808,-10566.487305,-10566.193359,0.293945
2809,-10912.294922,-10912.230469,0.064453
2810,-12387.932617,-12386.504883,1.427734
2811,-9326.265625,-9326.137695,0.127930
2812,-11340.854492,-11339.896484,0.958008
2813,-11950.741211,-11948.684570,2.056641
2814,-11540.851562,-11541.672852,0.821289
2815,-11542.648438,-11542.490234,0.158203
2816,-10936.492188,-10936.791992,0.299805
2817,-8863.248047,-8863.562500,0.314453
2818,-11482.414062,-11479.407227,3.006836
2819,-11951.041992,-11949.103516,1.938477
2820,-11948.541016,-11946.691406,1.849609
2821,-10935.269531,-10935.455078,0.185547
2822,-11267.758789,-11270.176758,2.417969
2823,-11544.799805,-11543.782227,1.017578
2824,-9900.068359,-9901.092773,1.024414
2825,-11916.751953,-11915.687500,1.064453
2826,-11002.559570,-11002.922852,0.363281
2827,-11577.693359,-11576.900391,0.792969
2828,-10598.653320,-10598.807617,0.154297
2829,-11946.350586,-11947.970703,1.620117
2830,-10501.134766,-10500.141602,0.993164
2831,-12521.494141,-12520.515625,0.978516
2832,-9430.662109,-9429.597656,1.064453
2833,-10565.210938,-10565.151367,0.059570
2834,-10427.584961,-10427.132812,0.452148
2835,-11509.584961,-11509.410156,0.174805
2836,-10964.717773,-10968.081055,3.363281
2837,-10911.178711,-10911.329102,0.150391
2838,-12859.011719,-12860.526367,1.514648
2839,-11949.191406,-11948.882812,0.308594
2840,-13443.790039,-13444.412109,0.622070
2841,-11948.419922,-11947.728516,0.691406
2842,-11004.686523,-11003.862305,0.824219
2843,-9497.367188,-9496.829102,0.538086
2844,-11948.925781,-11947.264648,1.661133
2845,-11810.490234,-11812.428711,1.938477
2846,-11374.978516,-11373.357422,1.621094
2847,-12351.265625,-12350.261719,1.003906
2848,-9556.531250,-9555.833008,0.698242
2849,-9272.994141,-9269.726562,3.267578
2850,-11575.724609,-11575.642578,0.082031
2851,-10474.229492,-10474.351562,0.122070
2852,-11948.948242,-11948.270508,0.677734
2853,-12521.668945,-12522.085938,0.416992
2854,-11508.510742,-11508.931641,0.420898
2855,-10797.533203,-10800.663086,3.129883
2856,-11268.567383,-11270.925781,2.358398
2857,-10363.108398,-10364.164062,1.055664
2858,-10340.258789,-10337.833984,2.424805
2859,-9493.729492,-9490.370117,3.359375
2860,-11947.559570,-11949.505859,1.946289
2861,-11544.052734,-11543.411133,0.641602
2862,-9495.152344,-9495.478516,0.326172
2863,-10441.290039,-10440.688477,0.601562
2864,-12013.990234,-12014.753906,0.763672
2865,-11511.033203,-11510.707031,0.326172
2866,-12520.539062,-12521.375000,0.835938
2867,-9515.558594,-9521.303711,5.745117
2868,-12322.927734,-12321.250000,1.677734
2869,-11486.265625,-11486.424805,0.159180
2870,-11612.409180,-11608.865234,3.543945
2871,-11272.476562,-11270.232422,2.244141
2872,-8423.947266,-8427.523438,3.576172
2873,-9370.406250,-9371.063477,0.657227
2874,-11511.705078,-11510.826172,0.878906
2875,-10773.067383,-10775.057617,1.990234
2876,-10533.884766,-10532.969727,0.915039
2877,-11915.731445,-11913.796875,1.934570
2878,-11545.895508,-11544.527344,1.368164
2879,-10899.631836,-10903.208984,3.577148
2880,-11951.937500,-11949.945312,1.992188
2881,-11269.269531,-11269.706055,0.436523
2882,-11511.528320,-11511.657227,0.128906
2883,-10937.734375,-10933.847656,3.886719
2884,-11576.254883,-11575.809570,0.445312
2885,-10936.797852,-10937.764648,0.966797
2886,-10967.435547,-10969.071289,1.635742
2887,-15618.037109,-15613.668945,4.368164
2888,-10970.430664,-10970.714844,0.284180
2889,-11511.868164,-11511.693359,0.174805
2890,-10507.043945,-10506.800781,0.243164
2891,-11914.890625,-11916.541016,1.650391
2892,-11342.984375,-11341.862305,1.122070
2893,-11542.916992,-11541.708984,1.208008
2894,-10497.892578,-10498.885742,0.993164
2895,-10500.533203,-10501.182617,0.649414
2896,-10465.878906,-10465.562500,0.316406
2897,-8486.524414,-8485.222656,1.301758
2898,-10563.248047,-10564.348633,1.100586
2899,-11479.344727,-11477.375977,1.968750
2900,-11947.010742,-11947.947266,0.936523
2901,-11342.695312,-11342.660156,0.035156
2902,-12960.128906,-12958.905273,1.223633
2903,-10935.088867,-10935.162109,0.073242
2904,-12520.720703,-12520.847656,0.126953
2905,-10862.024414,-10865.594727,3.570312
2906,-11439.493164,-11440.236328,0.743164
2907,-10971.184570,-10970.075195,1.109375
2908,-8699.300781,-8697.049805,2.250977
2909,-11543.804688,-11544.893555,1.088867
2910,-10911.236328,-10910.264648,0.971680
2911,-9463.408203,-9462.851562,0.556641
2912,-10533.791992,-10533.200195,0.591797
2913,-9924.285156,-9923.602539,0.682617
2914,-11810.652344,-11811.161133,0.508789
2915,-10501.125977,-10499.478516,1.647461
2916,-12792.600586,-12790.225586,2.375000
2917,-9486.458984,-9487.587891,1.128906
2918,-11949.292969,-11949.040039,0.252930
2919,-11544.013672,-11544.310547,0.296875
2920,-9301.702148,-9301.640625,0.061523
2921,-10533.319336,-10532.795898,0.523438
2922,-10900.630859,-10903.553711,2.922852
2923,-9522.165039,-9521.189453,0.975586
2924,-12519.404297,-12521.075195,1.670898
2925,-12246.164062,-12247.117188,0.953125
2926,-12354.602539,-12353.929688,0.672852
2927,-10966.363281,-10968.550781,2.187500
2928,-11609.329102,-11609.325195,0.003906
2929,-10903.823242,-10903.367188,0.456055
2930,-10939.404297,-10938.738281,0.666016
2931,-10533.634766,-10534.166992,0.532227
2932,-12352.770508,-12352.888672,0.118164
2933,-11508.221680,-11508.547852,0.326172
2934,-10534.530273,-10532.965820,1.564453
2935,-10971.390625,-10971.380859,0.009766
2936,-11409.822266,-11407.868164,1.954102
2937,-12458.266602,-12457.311523,0.955078
2938,-9526.779297,-9523.727539,3.051758
2939,-10565.066406,-10566.557617,1.491211
2940,-10467.655273,-10467.026367,0.628906
2941,-11148.476562,-11146.181641,2.294922
2942,-12352.091797,-12353.931641,1.839844
2943,-10833.806641,-10833.190430,0.616211
2944,-11341.916016,-11342.403320,0.487305
2945,-13499.358398,-13499.001953,0.356445
2946,-11509.742188,-11511.235352,1.493164
2947,-11001.757812,-11001.703125,0.054688
2948,-10906.872070,-10906.108398,0.763672
2949,-10500.678711,-10500.023438,0.655273
2950,-11947.158203,-11947.239258,0.081055
2951,-8807.501953,-8805.140625,2.361328
2952,-10911.406250,-10912.249023,0.842773
2953,-11948.458984,-11948.849609,0.390625
2954,-10599.448242,-10598.330078,1.118164
2955,-10936.731445,-10934.100586,2.630859
2956,-11406.067383,-11407.655273,1.587891
2957,-11543.640625,-11543.438477,0.202148
2958,-12490.724609,-12488.346680,2.377930
2959,-11514.194336,-11511.170898,3.023438
2960,-11342.136719,-11339.593750,2.542969
2961,-11371.602539,-11372.411133,0.808594
2962,-11372.878906,-11372.496094,0.382812
2963,-11947.102539,-11947.979492,0.876953
2964,-11477.297852,-11477.134766,0.163086
2965,-9990.441406,-9991.114258,0.672852
2966,-10970.013672,-10969.298828,0.714844
2967,-11374.906250,-11374.344727,0.561523
2968,-11340.326172,-11342.761719,2.435547
2969,-9589.294922,-9588.979492,0.315430
2970,-10969.089844,-10970.376953,1.287109
2971,-11272.104492,-11270.906250,1.198242
2972,-10970.705078,-10970.486328,0.218750
2973,-7888.209473,-7887.831543,0.377930
2974,-9553.585938,-9554.535156,0.949219
2975,-10466.427734,-10466.537109,0.109375
2976,-9900.428711,-9901.107422,0.678711
2977,-11003.690430,-11001.705078,1.985352
2978,-11399.790039,-11398.339844,1.450195
2979,-9398.604492,-9397.755859,0.848633
2980,-10531.973633,-10532.665039,0.691406
2981,-9924.952148,-9923.458008,1.494141
2982,-10507.016602,-10506.659180,0.357422
2983,-10565.116211,-10565.463867,0.347656
2984,-9935.835938,-9933.260742,2.575195
2985,-10936.512695,-10937.039062,0.526367
2986,-8396.087891,-8395.803711,0.284180
2987,-10970.321289,-10969.345703,0.975586
2988,-11510.400391,-11510.240234,0.160156
2989,-10364.266602,-10362.656250,1.610352
2990,-11913.973633,-11915.879883,1.906250
2991,-8889.308594,-8889.427734,0.119141
2992,-11478.410156,-11478.638672,0.228516
2993,-11543.693359,-11544.131836,0.438477
2994,-11420.492188,-11420.391602,0.100586
2995,-12349.317383,-12350.880859,1.563477
2996,-10832.582031,-10833.494141,0.912109
2997,-12957.990234,-12957.332031,0.658203
2998,-12489.589844,-12489.931641,0.341797
2999,-9522.660156,-9521.440430,1.219727
3000,-11338.595703,-11339.906250,1.310547
3001,-11373.385742,-11373.945312,0.559570
3002,-10938.054688,-10938.025391,0.029297
3003,-10598.925781,-10598.626953,0.298828
3004,-10931.988281,-10936.490234,4.501953
3005,-10566.905273,-10565.173828,1.731445
3006,-11912.299805,-11913.258789,0.958984
3007,-11002.647461,-11002.708984,0.061523
3008,-11946.720703,-11945.103516,1.617188
3009,-11478.198242,-11477.455078,0.743164
3010,-11949.628906,-11947.472656,2.156250
3011,-10501.004883,-10499.772461,1.232422
3012,-8924.250000,-8924.485352,0.235352
3013,-11541.844727,-11543.620117,1.775391
3014,-11950.835938,-11947.577148,3.258789
3015,-11916.905273,-11915.753906,1.151367
3016,-11948.809570,-11948.578125,0.231445
3017,-10330.589844,-10327.459961,3.129883
3018,-12388.088867,-12386.438477,1.650391
3019,-11543.836914,-11542.905273,0.931641
3020,-11509.889648,-11509.487305,0.402344
3021,-7852.976562,-7853.954102,0.977539
3022,-10030.536133,-10025.998047,4.538086
3023,-11544.467773,-11543.851562,0.616211
3024,-11512.056641,-11510.508789,1.547852
3025,-10936.441406,-10937.120117,0.678711
3026,-10534.064453,-10534.629883,0.565430
3027,-11509.115234,-11509.125000,0.009766
3028,-11980.873047,-11981.385742,0.512695
3029,-10937.803711,-10936.909180,0.894531
3030,-11452.717773,-11451.983398,0.734375
3031,-11510.763672,-11511.454102,0.690430
3032,-11540.988281,-11542.007812,1.019531
3033,-11544.344727,-11544.038086,0.306641
3034,-9555.690430,-9554.343750,1.346680
3035,-11405.547852,-11406.440430,0.892578
3036,-9488.102539,-9488.488281,0.385742
3037,-6343.970703,-6346.170898,2.200195
3038,-12366.504883,-12373.375977,6.871094
3039,-11542.534180,-11543.408203,0.874023
3040,-11577.317383,-11576.104492,1.212891
3041,-11374.726562,-11374.332031,0.394531
3042,-10969.664062,-10968.807617,0.856445
3043,-11830.045898,-11825.421875,4.624023
3044,-12525.654297,-12522.467773,3.186523
3045,-11980.291992,-11979.639648,0.652344
3046,-10473.812500,-10473.879883,0.067383
3047,-10901.611328,-10904.172852,2.561523
3048,-10905.005859,-10906.572266,1.566406
3049,-14205.033203,-14202.466797,2.566406
3050,-9621.789062,-9620.889648,0.899414
3051,-11372.359375,-11373.306641,0.947266
3052,-11376.555664,-11373.623047,2.932617
3053,-11450.650391,-11453.245117,2.594727
3054,-12783.892578,-12787.973633,4.081055
3055,-11541.320312,-11542.203125,0.882812
3056,-10531.969727,-10532.293945,0.324219
3057,-12490.810547,-12488.051758,2.758789
3058,-11436.946289,-11439.494141,2.547852
3059,-10565.322266,-10566.044922,0.722656
3060,-10849.195312,-10847.927734,1.267578
3061,-8486.506836,-8486.578125,0.071289
3062,-14639.011719,-14637.000000,2.011719
3063,-10533.012695,-10533.236328,0.223633
3064,-10396.120117,-10396.145508,0.025391
3065,-10840.228516,-10837.929688,2.298828
3066,-12217.681641,-12215.741211,1.940430
3067,-9465.943359,-9464.926758,1.016602
3068,-10499.145508,-10498.686523,0.458984
3069,-10938.942383,-10936.976562,1.965820
3070,-11544.708984,-11544.626953,0.082031
3071,-15458.449219,-15460.208008,1.758789
3072,-10533.021484,-10532.886719,0.134766
3073,-11002.174805,-11001.138672,1.036133
3074,-11911.004883,-11914.182617,3.177734
3075,-12351.877930,-12351.909180,0.031250
3076,-9553.908203,-9553.881836,0.026367
3077,-12856.351562,-12855.876953,0.474609
3078,-12820.711914,-12820.302734,0.409180
3079,-12384.407227,-12382.445312,1.961914
3080,-10835.075195,-10832.524414,2.550781
3081,-11480.111328,-11475.940430,4.170898
3082,-10396.249023,-10395.965820,0.283203
3083,-11002.652344,-11003.745117,1.092773
3084,-9439.163086,-9438.955078,0.208008
3085,-11480.703125,-11478.600586,2.102539
3086,-12993.994141,-12991.558594,2.435547
3087,-11409.662109,-11408.972656,0.689453
3088,-7447.904297,-7449.341797,1.437500
3089,-10633.101562,-10631.789062,1.312500
3090,-12894.582031,-12891.790039,2.791992
3091,-11543.486328,-11543.666992,0.180664
3092,-11479.811523,-11479.819336,0.007812
3093,-9869.566406,-9869.153320,0.413086
3094,-10535.873047,-10532.771484,3.101562
3095,-9405.855469,-9405.003906,0.851562
3096,-12892.013672,-12891.301758,0.711914
3097,-12893.517578,-12891.820312,1.697266
3098,-12457.531250,-12457.319336,0.211914
3099,-10936.335938,-10936.852539,0.516602
3100,-10532.976562,-10533.439453,0.462891
3101,-11947.056641,-11947.305664,0.249023
3102,-7820.492188,-7821.307617,0.815430
3103,-10475.402344,-10475.792969,0.390625
3104,-13872.103516,-13871.909180,0.194336
3105,-12146.816406,-12150.783203,3.966797
3106,-11509.345703,-11510.409180,1.063477
3107,-11542.552734,-11542.605469,0.052734
3108,-11542.959961,-11543.416016,0.456055
3109,-13549.705078,-13548.284180,1.420898
3110,-12383.400391,-12385.767578,2.367188
3111,-10969.318359,-10968.478516,0.839844
3112,-11480.955078,-11478.652344,2.302734
3113,-13878.741211,-13880.080078,1.338867
3114,-11510.357422,-11511.614258,1.256836
3115,-10564.756836,-10565.092773,0.335938
3116,-10904.423828,-10905.237305,0.813477
3117,-10329.927734,-10329.163086,0.764648
3118,-11267.826172,-11269.852539,2.026367
3119,-11373.851562,-11373.967773,0.116211
3120,-10833.629883,-10832.535156,1.094727
3121,-12821.579102,-12823.488281,1.909180
3122,-9360.017578,-9358.476562,1.541016
3123,-11343.810547,-11341.880859,1.929688
3124,-11543.019531,-11542.694336,0.325195
3125,-11810.166992,-11810.633789,0.466797
3126,-10499.094727,-10499.179688,0.084961
3127,-10473.810547,-10473.741211,0.069336
3128,-11882.802734,-11883.256836,0.454102
3129,-11951.270508,-11948.207031,3.063477
3130,-9836.708008,-9837.028320,0.320312
3131,-9430.304688,-9430.254883,0.049805
3132,-10970.651367,-10970.410156,0.241211
3133,-11210.839844,-11211.561523,0.721680
3134,-10879.312500,-10878.625977,0.686523
3135,-10937.463867,-10936.471680,0.992188
3136,-11513.781250,-11512.026367,1.754883
3137,-8391.970703,-8393.020508,1.049805
3138,-11544.523438,-11544.601562,0.078125
3139,-11916.181641,-11915.393555,0.788086
3140,-10912.718750,-10912.095703,0.623047
3141,-12385.145508,-12385.321289,0.175781
3142,-11512.974609,-11511.583008,1.391602
3143,-11778.541016,-11779.292969,0.751953
3144,-11510.383789,-11510.482422,0.098633
3145,-12387.310547,-12385.861328,1.449219
3146,-11002.497070,-11001.611328,0.885742
3147,-10934.920898,-10935.732422,0.811523
3148,-11915.706055,-11916.093750,0.387695
3149,-12437.280273,-12431.176758,6.103516
3150,-10498.750000,-10499.296875,0.546875
3151,-10938.194336,-10938.344727,0.150391
3152,-10833.416016,-10832.158203,1.257812
3153,-11508.580078,-11509.644531,1.064453
3154,-11375.286133,-11374.810547,0.475586
3155,-8856.286133,-8857.155273,0.869141
3156,-10501.235352,-10499.554688,1.680664
3157,-12489.373047,-12488.584961,0.788086
3158,-10967.960938,-10968.635742,0.674805
3159,-12818.848633,-12821.394531,2.545898
3160,-11948.375000,-11946.899414,1.475586
3161,-11373.717773,-11373.926758,0.208984
3162,-12246.655273,-12247.368164,0.712891
3163,-9991.440430,-9990.849609,0.590820
3164,-10932.399414,-10934.299805,1.900391
3165,-11509.855469,-11509.571289,0.284180
3166,-11508.467773,-11509.179688,0.711914
3167,-9406.176758,-9407.237305,1.060547
3168,-9530.413086,-9529.518555,0.894531
3169,-10566.471680,-10566.106445,0.365234
3170,-12214.196289,-12215.947266,1.750977
3171,-10938.445312,-10937.966797,0.478516
3172,-12211.412109,-12216.496094,5.083984
3173,-12892.855469,-12894.268555,1.413086
3174,-11271.396484,-11270.442383,0.954102
3175,-8519.455078,-8519.372070,0.083008
3176,-9495.971680,-9496.247070,0.275391
3177,-12385.472656,-12385.352539,0.120117
3178,-10971.609375,-10970.263672,1.345703
3179,-10433.871094,-10434.992188,1.121094
3180,-9378.169922,-9379.471680,1.301758
3181,-11002.207031,-11002.872070,0.665039
3182,-10531.477539,-10532.140625,0.663086
3183,-12434.336914,-12431.206055,3.130859
3184,-10532.773438,-10532.048828,0.724609
3185,-10476.329102,-10474.125977,2.203125
3186,-11199.314453,-11203.635742,4.321289
3187,-12357.184570,-12353.023438,4.161133
3188,-9866.594727,-9867.916016,1.321289
3189,-10532.089844,-10532.970703,0.880859
3190,-11750.964844,-11746.172852,4.791992
3191,-11374.445312,-11374.644531,0.199219
3192,-10936.622070,-10937.224609,0.602539
3193,-11829.530273,-11825.672852,3.857422
3194,-7416.297852,-7416.485352,0.187500
3195,-10566.046875,-10566.166992,0.120117
3196,-10929.788086,-10934.571289,4.783203
3197,-11744.798828,-11744.565430,0.233398
3198,-10533.636719,-10533.099609,0.537109
3199,-9958.772461,-9959.442383,0.669922
3200,-10934.879883,-10936.452148,1.572266
3201,-11507.645508,-11510.513672,2.868164
3202,-10439.366211,-10440.435547,1.069336
3203,-10499.739258,-10498.708984,1.030273
3204,-12792.060547,-12791.923828,0.136719
3205,-10496.001953,-10499.010742,3.008789
3206,-10901.461914,-10903.013672,1.551758
3207,-10969.114258,-10969.608398,0.494141
3208,-9554.828125,-9555.124023,0.295898
3209,-9294.800781,-9294.646484,0.154297
3210,-12419.338867,-12417.072266,2.266602
3211,-10873.268555,-10870.935547,2.333008
3212,-11843.993164,-11845.144531,1.151367
3213,-11545.540039,-11545.228516,0.311523
3214,-11244.029297,-11238.027344,6.001953
3215,-12354.413086,-12352.475586,1.937500
3216,-10938.259766,-10937.324219,0.935547
3217,-10901.900391,-10903.575195,1.674805
3218,-11675.010742,-11675.022461,0.011719
3219,-10466.214844,-10464.512695,1.702148
3220,-7226.221191,-7221.797852,4.423340
3221,-9866.740234,-9866.013672,0.726562
3222,-10531.304688,-10531.916992,0.612305
3223,-10497.757812,-10500.505859,2.748047
3224,-11440.093750,-11440.340820,0.247070
3225,-12587.099609,-12586.296875,0.802734
3226,-9899.392578,-9898.475586,0.916992
3227,-6683.181641,-6693.548340,10.366699
3228,-9588.023438,-9587.520508,0.502930
3229,-14481.032227,-14482.785156,1.752930
3230,-12253.121094,-12249.875977,3.245117
3231,-11372.089844,-11373.916992,1.827148
3232,-11944.024414,-11946.541016,2.516602
3233,-10934.028320,-10935.619141,1.590820
3234,-10566.830078,-10565.119141,1.710938
3235,-11377.120117,-11376.763672,0.356445
3236,-9236.895508,-9238.302734,1.407227
3237,-14423.884766,-14421.514648,2.370117
3238,-11916.541992,-11915.412109,1.129883
3239,-10467.440430,-10466.445312,0.995117
3240,-9457.226562,-9455.688477,1.538086
3241,-11846.042969,-11845.213867,0.829102
3242,-10364.072266,-10362.351562,1.720703
3243,-8923.821289,-8923.808594,0.012695
3244,-11287.769531,-11284.950195,2.819336
3245,-11515.001953,-11511.427734,3.574219
3246,-11376.127930,-11373.806641,2.321289
3247,-11339.708984,-11335.437500,4.271484
3248,-11944.052734,-11945.076172,1.023438
3249,-10846.465820,-10846.658203,0.192383
3250,-11542.738281,-11543.174805,0.436523
3251,-8896.314453,-8896.908203,0.593750
3252,-11811.759766,-11813.416992,1.657227
3253,-10969.569336,-10968.494141,1.075195
3254,-11812.045898,-11811.028320,1.017578
3255,-10969.700195,-10969.033203,0.666992
3256,-11543.768555,-11544.880859,1.112305
3257,-10362.997070,-10362.576172,0.420898
3258,-6788.370117,-6785.388672,2.981445
3259,-11509.900391,-11509.851562,0.048828
3260,-10364.826172,-10365.186523,0.360352
3261,-10938.450195,-10936.955078,1.495117
3262,-6815.780273,-6815.876465,0.096191
3263,-11306.006836,-11303.475586,2.531250
3264,-12319.029297,-12320.987305,1.958008
3265,-9487.437500,-9488.447266,1.009766
3266,-10364.735352,-10365.501953,0.766602
3267,-11373.935547,-11374.270508,0.334961
3268,-10598.691406,-10598.320312,0.371094
3269,-10467.459961,-10466.740234,0.719727
3270,-9465.768555,-9463.679688,2.088867
3271,-12343.918945,-12349.999023,6.080078
3272,-9934.021484,-9934.324219,0.302734
3273,-13870.899414,-13873.048828,2.149414
3274,-10395.036133,-10395.930664,0.894531
3275,-10802.980469,-10802.272461,0.708008
3276,-11575.985352,-11576.854492,0.869141
3277,-10971.786133,-10971.190430,0.595703
3278,-11003.060547,-11001.500977,1.559570
3279,-11950.291016,-11949.188477,1.102539
3280,-9896.260742,-9895.558594,0.702148
3281,-9436.985352,-9438.704102,1.718750
3282,-10393.685547,-10396.114258,2.428711
3283,-10338.159180,-10338.106445,0.052734
3284,-11375.514648,-11374.911133,0.603516
3285,-11439.507812,-11439.707031,0.199219
3286,-11542.926758,-11542.969727,0.042969
3287,-11544.148438,-11543.534180,0.614258
3288,-9589.567383,-9588.968750,0.598633
3289,-11542.621094,-11543.930664,1.309570
3290,-12455.168945,-12455.891602,0.722656
3291,-9588.398438,-9588.377930,0.020508
3292,-11377.111328,-11374.638672,2.472656
3293,-10598.486328,-10598.986328,0.500000
3294,-10410.847656,-10410.887695,0.040039
3295,-13399.414062,-13401.913086,2.499023
3296,-10499.142578,-10498.936523,0.206055
3297,-12248.422852,-12249.358398,0.935547
3298,-10362.175781,-10364.315430,2.139648
3299,-10970.578125,-10970.583008,0.004883
3300,-10566.149414,-10566.457031,0.307617
3301,-7765.080078,-7763.599121,1.480957
3302,-11847.252930,-11844.013672,3.239258
3303,-11576.588867,-11576.136719,0.452148
3304,-12456.733398,-12456.398438,0.334961
3305,-12419.663086,-12419.684570,0.021484
3306,-12352.903320,-12350.866211,2.037109
3307,-10363.987305,-10360.210938,3.776367
3308,-11880.524414,-11882.321289,1.796875
3309,-12490.388672,-12489.336914,1.051758
3310,-10970.048828,-10968.536133,1.512695
3311,-10878.047852,-10878.560547,0.512695
3312,-10340.371094,-10339.534180,0.836914
3313,-10936.935547,-10936.968750,0.033203
3314,-11341.878906,-11341.549805,0.329102
3315,-10531.482422,-10531.838867,0.356445
3316,-11510.334961,-11511.358398,1.023438
3317,-10464.875000,-10464.942383,0.067383
3318,-11478.144531,-11477.118164,1.026367
3319,-12926.853516,-12926.897461,0.043945
3320,-11509.524414,-11509.446289,0.078125
3321,-11374.358398,-11376.278320,1.919922
3322,-9555.207031,-9555.877930,0.670898
3323,-11404.394531,-11406.537109,2.142578
3324,-12925.907227,-12926.235352,0.328125
3325,-10973.893555,-10971.813477,2.080078
3326,-11945.441406,-11945.833008,0.391602
3327,-10392.278320,-10393.076172,0.797852
3328,-9498.429688,-9497.288086,1.141602
3329,-11913.041016,-11914.212891,1.171875
3330,-9959.875000,-9960.629883,0.754883
3331,-11914.906250,-11916.176758,1.270508
3332,-11948.833008,-11948.418945,0.414062
3333,-9996.982422,-9990.939453,6.042969
3334,-11916.190430,-11916.532227,0.341797
3335,-13468.653320,-13468.125977,0.527344
3336,-11333.287109,-11337.957031,4.669922
3337,-11511.663086,-11510.824219,0.838867
3338,-13434.964844,-13434.762695,0.202148
3339,-10937.312500,-10938.144531,0.832031
3340,-10363.186523,-10363.666016,0.479492
3341,-10832.909180,-10833.671875,0.762695
3342,-9201.906250,-9202.767578,0.861328
3343,-11541.665039,-11542.750000,1.084961
3344,-12519.218750,-12520.362305,1.143555
3345,-11575.217773,-11575.789062,0.571289
3346,-10396.660156,-10396.270508,0.389648
3347,-11946.702148,-11945.754883,0.947266
3348,-11979.765625,-11980.155273,0.389648
3349,-10430.499023,-10430.916016,0.416992
3350,-11543.220703,-11543.604492,0.383789
3351,-10832.478516,-10832.185547,0.292969
3352,-13530.751953,-13531.694336,0.942383
3353,-9556.288086,-9555.706055,0.582031
3354,-10468.013672,-10469.167969,1.154297
3355,-10598.763672,-10599.134766,0.371094
3356,-10933.839844,-10934.250977,0.411133
3357,-12253.260742,-12248.634766,4.625977
3358,-11882.943359,-11882.258789,0.684570
3359,-9463.716797,-9462.959961,0.756836
3360,-10397.439453,-10395.054688,2.384766
3361,-11342.649414,-11342.884766,0.235352
3362,-11002.163086,-11001.579102,0.583984
3363,-10565.947266,-10566.433594,0.486328
3364,-10024.361328,-10023.858398,0.502930
3365,-11510.003906,-11510.688477,0.684570
3366,-11578.312500,-11575.791016,2.521484
3367,-12522.201172,-12521.970703,0.230469
3368,-11422.360352,-11420.844727,1.515625
3369,-8361.673828,-8359.979492,1.694336
3370,-10501.608398,-10500.408203,1.200195
3371,-11368.470703,-11372.750000,4.279297
3372,-11842.409180,-11844.494141,2.084961
3373,-11477.445312,-11476.501953,0.943359
3374,-12555.025391,-12553.967773,1.057617
3375,-10566.766602,-10566.069336,0.697266
3376,-10565.599609,-10565.148438,0.451172
3377,-10275.144531,-10274.172852,0.971680
3378,-12355.102539,-12353.777344,1.325195
3379,-10565.741211,-10565.020508,0.720703
3380,-12488.715820,-12489.774414,1.058594
3381,-11917.313477,-11916.377930,0.935547
3382,-10968.178711,-10968.509766,0.331055
3383,-9587.712891,-9588.360352,0.647461
3384,-12924.418945,-12926.399414,1.980469
3385,-12417.986328,-12417.601562,0.384766
3386,-10393.511719,-10395.697266,2.185547
3387,-9429.386719,-9428.725586,0.661133
3388,-11476.720703,-11476.884766,0.164062
3389,-10936.994141,-10936.184570,0.809570
3390,-10364.829102,-10365.125977,0.296875
3391,-11948.191406,-11947.197266,0.994141
3392,-11947.170898,-11948.821289,1.650391
3393,-10499.495117,-10499.930664,0.435547
3394,-11374.150391,-11375.630859,1.480469
3395,-11509.515625,-11509.954102,0.438477
3396,-11543.231445,-11542.766602,0.464844
3397,-10932.549805,-10934.009766,1.459961
3398,-11979.996094,-11980.890625,0.894531
3399,-11340.829102,-11340.935547,0.106445
3400,-11337.746094,-11338.207031,0.460938
3401,-11477.707031,-11478.505859,0.798828
3402,-12925.035156,-12925.236328,0.201172
3403,-11510.353516,-11511.209961,0.856445
3404,-10530.666992,-10531.144531,0.477539
3405,-11981.188477,-11981.103516,0.084961
3406,-11883.894531,-11883.321289,0.573242
3407,-10442.585938,-10440.297852,2.288086
3408,-10598.924805,-10599.153320,0.228516
3409,-10398.238281,-10397.606445,0.631836
3410,-9898.494141,-9899.452148,0.958008
3411,-9933.701172,-9932.578125,1.123047
3412,-10970.140625,-10969.855469,0.285156
3413,-10970.443359,-10969.658203,0.785156
3414,-9898.835938,-9898.236328,0.599609
3415,-10466.545898,-10467.124023,0.578125
3416,-10529.762695,-10531.875977,2.113281
3417,-10500.948242,-10499.921875,1.026367
3418,-9936.383789,-9934.143555,2.240234
3419,-12465.998047,-12466.693359,0.695312
3420,-12490.425781,-12489.076172,1.349609
3421,-9859.830078,-9859.731445,0.098633
3422,-8890.294922,-8890.333984,0.039062
3423,-11035.317383,-11034.626953,0.690430
3424,-11779.941406,-11780.300781,0.359375
3425,-12360.145508,-12354.071289,6.074219
3426,-8363.748047,-8361.621094,2.126953
3427,-9521.801758,-9521.518555,0.283203
3428,-10933.998047,-10938.583984,4.585938
3429,-11421.660156,-11419.324219,2.335938
3430,-9555.460938,-9555.754883,0.293945
3431,-10935.393555,-10936.391602,0.998047
3432,-11544.024414,-11543.866211,0.158203
3433,-10363.306641,-10360.204102,3.102539
3434,-10502.094727,-10500.371094,1.723633
3435,-11544.571289,-11544.095703,0.475586
3436,-10565.945312,-10566.056641,0.111328
3437,-10970.932617,-10971.268555,0.335938
3438,-11477.816406,-11477.244141,0.572266
3439,-11948.651367,-11946.791016,1.860352
3440,-11477.758789,-11477.298828,0.459961
3441,-10363.273438,-10362.589844,0.683594
3442,-9523.066406,-9522.439453,0.626953
3443,-9991.673828,-9991.675781,0.001953
3444,-11576.537109,-11576.884766,0.347656
3445,-11002.717773,-11001.674805,1.042969
3446,-11511.215820,-11511.221680,0.005859
3447,-10916.020508,-10913.083984,2.936523
3448,-10565.577148,-10565.129883,0.447266
3449,-10971.934570,-10972.108398,0.173828
3450,-9926.490234,-9923.544922,2.945312
3451,-11037.296875,-11036.541016,0.755859
3452,-12353.486328,-12354.916992,1.430664
3453,-8922.807617,-8922.012695,0.794922
3454,-11950.124023,-11947.708984,2.415039
3455,-10867.943359,-10866.989258,0.954102
3456,-10508.204102,-10508.692383,0.488281
3457,-12323.875000,-12319.560547,4.314453
3458,-9519.749023,-9520.611328,0.862305
3459,-11372.671875,-11373.281250,0.609375
3460,-11510.794922,-11510.633789,0.161133
3461,-10529.981445,-10531.850586,1.869141
3462,-12388.080078,-12386.709961,1.370117
3463,-11918.886719,-11915.834961,3.051758
3464,-11509.908203,-11511.485352,1.577148
3465,-12350.599609,-12350.329102,0.270508
3466,-11404.598633,-11406.873047,2.274414
3467,-11882.886719,-11883.223633,0.336914
3468,-12687.837891,-12683.987305,3.850586
3469,-12384.875977,-12385.322266,0.446289
3470,-10906.716797,-10904.706055,2.010742
3471,-10530.568359,-10532.728516,2.160156
3472,-11508.911133,-11509.647461,0.736328
3473,-10939.027344,-10938.621094,0.406250
3474,-11376.772461,-11374.292969,2.479492
3475,-10025.131836,-10025.999023,0.867188
3476,-11915.851562,-11916.272461,0.420898
3477,-11512.272461,-11512.226562,0.045898
3478,-11882.064453,-11882.031250,0.033203
3479,-10475.326172,-10473.900391,1.425781
3480,-11918.473633,-11917.639648,0.833984
3481,-10566.696289,-10565.228516,1.467773
3482,-10332.322266,-10330.554688,1.767578
3483,-11981.209961,-11980.909180,0.300781
3484,-12552.188477,-12553.461914,1.273438
3485,-9520.656250,-9521.166016,0.509766
3486,-10969.006836,-10968.607422,0.399414
3487,-11511.848633,-11510.185547,1.663086
3488,-12384.606445,-12384.870117,0.263672
3489,-10799.960938,-10800.382812,0.421875
3490,-11004.519531,-11001.752930,2.766602
3491,-11318.891602,-11317.814453,1.077148
3492,-11183.289062,-11179.325195,3.963867
3493,-11947.992188,-11947.763672,0.228516
3494,-10438.823242,-10439.958984,1.135742
3495,-9497.609375,-9497.354492,0.254883
3496,-12251.873047,-12250.678711,1.194336
3497,-12453.402344,-12455.132812,1.730469
3498,-11037.499023,-11034.441406,3.057617
3499,-11542.172852,-11542.494141,0.321289
3500,-12457.617188,-12456.114258,1.502930
3501,-9554.425781,-9554.571289,0.145508
3502,-11481.115234,-11478.762695,2.352539
3503,-15460.505859,-15459.993164,0.512695
3504,-11376.492188,-11374.803711,1.688477
3505,-12014.769531,-12014.776367,0.006836
3506,-11808.845703,-11809.821289,0.975586
3507,-9331.415039,-9329.276367,2.138672
3508,-11915.613281,-11914.494141,1.119141
3509,-11808.768555,-11809.827148,1.058594
3510,-11410.179688,-11408.838867,1.340820
3511,-12522.253906,-12522.754883,0.500977
3512,-10904.515625,-10904.161133,0.354492
3513,-10432.921875,-10431.027344,1.894531
3514,-11980.844727,-11980.737305,0.107422
3515,-11950.526367,-11948.208984,2.317383
3516,-10938.476562,-10936.323242,2.153320
3517,-11718.276367,-11721.577148,3.300781
3518,-10472.167969,-10473.183594,1.015625
3519,-11983.021484,-11980.179688,2.841797
3520,-11281.258789,-11282.958008,1.699219
3521,-11543.033203,-11543.825195,0.791992
3522,-6258.599609,-6256.387207,2.212402
3523,-9959.516602,-9959.509766,0.006836
3524,-12352.708008,-12353.109375,0.401367
3525,-9461.320312,-9462.876953,1.556641
3526,-12520.625000,-12521.308594,0.683594
3527,-11238.417969,-11237.847656,0.570312
3528,-10969.553711,-10969.874023,0.320312
3529,-9956.121094,-9956.718750,0.597656
3530,-12487.885742,-12488.486328,0.600586
3531,-9557.083008,-9555.696289,1.386719
3532,-10969.208008,-10968.183594,1.024414
3533,-12520.750000,-12521.004883,0.254883
3534,-9406.518555,-9407.334961,0.816406
3535,-9958.174805,-9957.541992,0.632812
3536,-11478.655273,-11477.750977,0.904297
3537,-10507.500000,-10507.852539,0.352539
3538,-11813.012695,-11813.402344,0.389648
3539,-11420.347656,-11420.662109,0.314453
3540,-11576.392578,-11575.920898,0.471680
3541,-11375.771484,-11373.861328,1.910156
3542,-12925.821289,-12925.556641,0.264648
3543,-11915.740234,-11916.008789,0.268555
3544,-11812.339844,-11813.215820,0.875977
3545,-12958.402344,-12956.766602,1.635742
3546,-10535.019531,-10533.698242,1.321289
3547,-10970.164062,-10969.891602,0.272461
3548,-9166.391602,-9166.297852,0.093750
3549,-10533.037109,-10532.585938,0.451172
3550,-11780.123047,-11780.605469,0.482422
3551,-11814.452148,-11812.995117,1.457031
3552,-11913.406250,-11914.854492,1.448242
3553,-10563.919922,-10565.172852,1.252930
3554,-11575.513672,-11576.074219,0.560547
3555,-11541.864258,-11543.358398,1.494141
3556,-10912.332031,-10911.145508,1.186523
3557,-10969.254883,-10969.781250,0.526367
3558,-9935.233398,-9934.483398,0.750000
3559,-10529.846680,-10530.960938,1.114258
3560,-10881.011719,-10879.791992,1.219727
3561,-11915.320312,-11914.808594,0.511719
3562,-10465.714844,-10465.552734,0.162109
3563,-10399.228516,-10397.564453,1.664062
3564,-11945.492188,-11945.750000,0.257812
3565,-11576.017578,-11576.771484,0.753906
3566,-10802.757812,-10802.178711,0.579102
3567,-12523.471680,-12522.739258,0.732422
3568,-12013.804688,-12012.163086,1.641602
3569,-9868.501953,-9867.356445,1.145508
3570,-11373.668945,-11373.411133,0.257812
3571,-12892.809570,-12894.807617,1.998047
3572,-11479.211914,-11478.752930,0.458984
3573,-12349.883789,-12352.292969,2.409180
3574,-10566.274414,-10566.589844,0.315430
3575,-11541.799805,-11542.167969,0.368164
3576,-12593.320312,-12592.184570,1.135742
3577,-11810.971680,-11812.007812,1.036133
3578,-10468.052734,-10468.003906,0.048828
3579,-9965.230469,-9965.813477,0.583008
3580,-10498.281250,-10497.963867,0.317383
3581,-11913.845703,-11913.763672,0.082031
3582,-9991.628906,-9992.283203,0.654297
3583,-10398.825195,-10399.692383,0.867188
3584,-13008.005859,-13007.571289,0.434570
3585,-10530.184570,-10532.431641,2.247070
3586,-11979.399414,-11979.042969,0.356445
3587,-10933.566406,-10935.958984,2.392578
3588,-11209.255859,-11206.099609,3.156250
3589,-10496.796875,-10498.003906,1.207031
3590,-11948.035156,-11947.506836,0.528320
3591,-12386.653320,-12385.682617,0.970703
3592,-11002.547852,-11003.257812,0.709961
3593,-9836.753906,-9836.970703,0.216797
3594,-13328.769531,-13329.762695,0.993164
3595,-10598.540039,-10598.554688,0.014648
3596,-10498.809570,-10498.544922,0.264648
3597,-11542.463867,-11543.388672,0.924805
3598,-10534.089844,-10533.007812,1.082031
3599,-10567.324219,-10566.443359,0.880859
3600,-11951.219727,-11948.589844,2.629883
3601,-11477.453125,-11474.071289,3.381836
3602,-11178.157227,-11180.401367,2.244141
3603,-10365.059570,-10365.484375,0.424805
3604,-11513.344727,-11511.083984,2.260742
3605,-12246.521484,-12248.732422,2.210938
3606,-10304.385742,-10306.320312,1.934570
3607,-8483.277344,-8486.562500,3.285156
3608,-10473.671875,-10474.431641,0.759766
3609,-13434.833008,-13434.243164,0.589844
3610,-10473.491211,-10474.269531,0.778320
3611,-10498.634766,-10498.708008,0.073242
3612,-10430.018555,-10430.279297,0.260742
3613,-10532.419922,-10532.157227,0.262695
3614,-11510.848633,-11509.080078,1.768555
3615,-10906.031250,-10906.071289,0.040039
3616,-10500.012695,-10498.878906,1.133789
3617,-11575.285156,-11576.213867,0.928711
3618,-11947.680664,-11947.241211,0.439453
3619,-12354.417969,-12353.184570,1.233398
3620,-10567.186523,-10566.572266,0.614258
3621,-12452.009766,-12451.613281,0.396484
3622,-12586.289062,-12586.902344,0.613281
3623,-10801.573242,-10801.608398,0.035156
3624,-12485.451172,-12487.896484,2.445312
3625,-11313.102539,-11311.686523,1.416016
3626,-11911.092773,-11914.992188,3.899414
3627,-10407.465820,-10405.894531,1.571289
3628,-11444.848633,-11444.199219,0.649414
3629,-10877.839844,-10878.732422,0.892578
3630,-11509.290039,-11510.719727,1.429688
3631,-10903.125000,-10903.199219,0.074219
3632,-11239.146484,-11239.602539,0.456055
3633,-11004.039062,-11003.185547,0.853516
3634,-10564.901367,-10564.736328,0.165039
3635,-10499.531250,-10498.670898,0.860352
3636,-11408.275391,-11406.863281,1.412109
3637,-12957.856445,-12956.908203,0.948242
3638,-10565.906250,-10566.183594,0.277344
3639,-9520.733398,-9521.096680,0.363281
3640,-10937.256836,-10937.637695,0.380859
3641,-11436.135742,-11437.892578,1.756836
3642,-11916.003906,-11917.047852,1.043945
3643,-9489.526367,-9489.400391,0.125977
3644,-11477.266602,-11476.805664,0.460938
3645,-9901.438477,-9901.217773,0.220703
3646,-11577.966797,-11576.753906,1.212891
3647,-10835.972656,-10834.127930,1.844727
3648,-12890.632812,-12893.497070,2.864258
3649,-11948.555664,-11947.055664,1.500000
3650,-12927.604492,-12926.635742,0.968750
3651,-10970.395508,-10968.745117,1.650391
3652,-10937.184570,-10937.297852,0.113281
3653,-10087.734375,-10087.437500,0.296875
3654,-8729.297852,-8728.505859,0.791992
3655,-8398.241211,-8394.277344,3.963867
3656,-10533.517578,-10533.276367,0.241211
3657,-12491.672852,-12488.731445,2.941406
3658,-10938.194336,-10938.314453,0.120117
3659,-11510.709961,-11510.889648,0.179688
3660,-11845.276367,-11845.826172,0.549805
3661,-10937.110352,-10938.039062,0.928711
3662,-10530.458984,-10531.965820,1.506836
3663,-9462.419922,-9463.283203,0.863281
3664,-10935.026367,-10935.634766,0.608398
3665,-11917.685547,-11913.556641,4.128906
3666,-11812.600586,-11811.318359,1.282227
3667,-11375.024414,-11373.552734,1.471680
3668,-11507.970703,-11509.158203,1.187500
3669,-10944.022461,-10943.041016,0.981445
3670,-10913.299805,-10912.176758,1.123047
3671,-9925.732422,-9926.308594,0.576172
3672,-11981.490234,-11981.447266,0.042969
3673,-12487.742188,-12489.264648,1.522461
3674,-9363.791016,-9361.113281,2.677734
3675,-10366.137695,-10363.972656,2.165039
3676,-12420.554688,-12417.985352,2.569336
3677,-11238.589844,-11239.544922,0.955078
3678,-7417.364258,-7416.551758,0.812500
3679,-13330.313477,-13330.866211,0.552734
3680,-10393.973633,-10395.902344,1.928711
3681,-8923.235352,-8922.104492,1.130859
3682,-9928.073242,-9927.772461,0.300781
3683,-11982.938477,-11981.787109,1.151367
3684,-9989.753906,-9990.284180,0.530273
3685,-10970.327148,-10968.890625,1.436523
3686,-11811.882812,-11812.159180,0.276367
3687,-10502.461914,-10500.697266,1.764648
3688,-10972.842773,-10971.436523,1.406250
3689,-11747.871094,-11746.149414,1.721680
3690,-11544.163086,-11544.472656,0.309570
3691,-11912.730469,-11914.013672,1.283203
3692,-10566.648438,-10566.110352,0.538086
3693,-10905.005859,-10903.662109,1.343750
3694,-12354.054688,-12354.568359,0.513672
3695,-10937.106445,-10937.268555,0.162109
3696,-10532.513672,-10532.154297,0.359375
3697,-10969.663086,-10968.975586,0.687500
3698,-12488.736328,-12488.330078,0.406250
3699,-11980.254883,-11980.651367,0.396484
3700,-10565.671875,-10565.880859,0.208984
3701,-11003.514648,-11003.501953,0.012695
3702,-10533.708984,-10533.126953,0.582031
3703,-10967.322266,-10969.374023,2.051758
3704,-11577.208984,-11576.860352,0.348633
3705,-11509.740234,-11510.246094,0.505859
3706,-12553.724609,-12553.920898,0.196289
3707,-10362.905273,-10364.430664,1.525391
3708,-11844.616211,-11844.911133,0.294922
3709,-10474.588867,-10472.511719,2.077148
3710,-11913.730469,-11914.127930,0.397461
3711,-11916.212891,-11916.303711,0.090820
3712,-10878.783203,-10880.137695,1.354492
3713,-8487.894531,-8485.907227,1.987305
3714,-12487.321289,-12487.838867,0.517578
3715,-8428.147461,-8426.653320,1.494141
3716,-11409.035156,-11407.722656,1.312500
3717,-12491.670898,-12489.816406,1.854492
3718,-10968.464844,-10968.566406,0.101562
3719,-11609.956055,-11609.475586,0.480469
3720,-13331.342773,-13329.545898,1.796875
3721,-11949.375000,-11948.234375,1.140625
3722,-11340.064453,-11341.303711,1.239258
3723,-11034.902344,-11036.129883,1.227539
3724,-9465.451172,-9465.331055,0.120117
3725,-9324.186523,-9327.051758,2.865234
3726,-10773.822266,-10773.764648,0.057617
3727,-11843.952148,-11844.486328,0.534180
3728,-11510.671875,-11511.138672,0.466797
3729,-9901.396484,-9902.249023,0.852539
3730,-11510.809570,-11511.756836,0.947266
3731,-9991.114258,-9992.351562,1.237305
3732,-11915.204102,-11915.658203,0.454102
3733,-9552.994141,-9555.775391,2.781250
3734,-9522.029297,-9521.791992,0.237305
3735,-10334.945312,-10337.450195,2.504883
3736,-10532.898438,-10533.606445,0.708008
3737,-9810.544922,-9811.729492,1.184570
3738,-9995.058594,-9993.801758,1.256836
3739,-9992.571289,-9992.439453,0.131836
3740,-10597.942383,-10598.101562,0.159180
3741,-12926.756836,-12927.796875,1.040039
3742,-10442.661133,-10440.799805,1.861328
3743,-10475.140625,-10474.188477,0.952148
3744,-9589.448242,-9587.252930,2.195312
3745,-11917.865234,-11917.297852,0.567383
3746,-11376.486328,-11375.875977,0.610352
3747,-10878.791992,-10879.765625,0.973633
3748,-11544.418945,-11543.866211,0.552734
3749,-12521.954102,-12522.140625,0.186523
3750,-10500.455078,-10501.168945,0.713867
3751,-12320.025391,-12320.278320,0.252930
3752,-10833.806641,-10833.701172,0.105469
3753,-11451.511719,-11451.769531,0.257812
3754,-10141.677734,-10142.412109,0.734375
3755,-10392.891602,-10393.747070,0.855469
3756,-12014.133789,-12014.357422,0.223633
3757,-11406.224609,-11404.771484,1.453125
3758,-10972.687500,-10971.019531,1.667969
3759,-10904.350586,-10905.163086,0.812500
3760,-11512.882812,-11511.876953,1.005859
3761,-10391.993164,-10393.905273,1.912109
3762,-11478.718750,-11477.579102,1.139648
3763,-8862.200195,-8863.133789,0.933594
3764,-10532.952148,-10532.917969,0.034180
3765,-12925.552734,-12926.125977,0.573242
3766,-9268.216797,-9269.698242,1.481445
3767,-11612.012695,-11616.233398,4.220703
3768,-10969.136719,-10969.860352,0.723633
3769,-9454.809570,-9454.896484,0.086914
3770,-11576.200195,-11575.819336,0.380859
3771,-9495.633789,-9495.431641,0.202148
3772,-12488.268555,-12488.416992,0.148438
3773,-12279.508789,-12280.834961,1.326172
3774,-11512.527344,-11511.793945,0.733398
3775,-11442.805664,-11441.774414,1.031250
3776,-9958.631836,-9959.858398,1.226562
3777,-11778.677734,-11778.925781,0.248047
3778,-12787.865234,-12788.588867,0.723633
3779,-10632.998047,-10631.299805,1.698242
3780,-11948.266602,-11948.413086,0.146484
3781,-11409.236328,-11407.684570,1.551758
3782,-11913.573242,-11914.625977,1.052734
3783,-10566.765625,-10565.209961,1.555664
3784,-12587.654297,-12586.943359,0.710938
3785,-12924.031250,-12925.178711,1.147461
3786,-10499.260742,-10498.833008,0.427734
3787,-10393.510742,-10396.018555,2.507812
3788,-11913.994141,-11914.584961,0.590820
3789,-10395.561523,-10396.686523,1.125000
3790,-11511.062500,-11511.629883,0.567383
3791,-10531.700195,-10531.672852,0.027344
3792,-11341.212891,-11342.870117,1.657227
3793,-9958.045898,-9956.777344,1.268555
3794,-9898.894531,-9901.078125,2.183594
3795,-10565.788086,-10565.231445,0.556641
3796,-10968.368164,-10969.015625,0.647461
3797,-10969.566406,-10971.350586,1.784180
3798,-11509.698242,-11510.266602,0.568359
3799,-12901.200195,-12894.972656,6.227539
3800,-10498.356445,-10498.687500,0.331055
3801,-11341.206055,-11339.300781,1.905273
3802,-10565.384766,-10565.477539,0.092773
3803,-11375.033203,-11375.226562,0.193359
3804,-12554.275391,-12554.576172,0.300781
3805,-9834.014648,-9832.737305,1.277344
3806,-12898.464844,-12894.757812,3.707031
3807,-10365.094727,-10365.644531,0.549805
3808,-11373.427734,-11374.078125,0.650391
3809,-12390.057617,-12384.724609,5.333008
3810,-12454.810547,-12456.277344,1.466797
3811,-10969.399414,-10970.609375,1.209961
3812,-11543.067383,-11543.749023,0.681641
3813,-9553.953125,-9554.353516,0.400391
3814,-10969.329102,-10970.096680,0.767578
3815,-10534.385742,-10534.380859,0.004883
3816,-9496.057617,-9495.995117,0.062500
3817,-11541.151367,-11542.445312,1.293945
3818,-11943.595703,-11945.954102,2.358398
3819,-10363.171875,-10363.306641,0.134766
3820,-11373.476562,-11374.229492,0.752930
3821,-10501.453125,-10500.340820,1.112305
3822,-10532.551758,-10532.693359,0.141602
3823,-9274.695312,-9269.954102,4.741211
3824,-9866.879883,-9866.156250,0.723633
3825,-9989.484375,-9989.689453,0.205078
3826,-12552.698242,-12552.984375,0.286133
3827,-12417.978516,-12417.885742,0.092773
3828,-4551.298340,-4613.901367,62.603027
3829,-11510.691406,-11510.847656,0.156250
3830,-10533.708008,-10533.216797,0.491211
3831,-13470.033203,-13467.519531,2.513672
3832,-11609.343750,-11608.871094,0.472656
3833,-12961.681641,-12959.397461,2.284180
3834,-11344.790039,-11341.882812,2.907227
3835,-10937.027344,-10935.326172,1.701172
3836,-11920.195312,-11911.701172,8.494141
3837,-11006.114258,-11004.385742,1.728516
3838,-11943.935547,-11947.545898,3.610352
3839,-12383.520508,-12383.974609,0.454102
3840,-11418.530273,-11420.062500,1.532227
3841,-11543.125000,-11542.906250,0.218750
3842,-11852.419922,-11849.767578,2.652344
3843,-10801.689453,-10801.472656,0.216797
3844,-10907.382812,-10905.809570,1.573242
3845,-11711.990234,-11711.594727,0.395508
3846,-10802.717773,-10801.342773,1.375000
3847,-9622.536133,-9621.531250,1.004883
3848,-12521.106445,-12520.970703,0.135742
3849,-11404.314453,-11406.831055,2.516602
3850,-9707.213867,-9705.899414,1.314453
3851,-12383.706055,-12385.275391,1.569336
3852,-11541.235352,-11542.940430,1.705078
3853,-10530.687500,-10530.520508,0.166992
3854,-9461.953125,-9463.511719,1.558594
3855,-10968.696289,-10968.237305,0.458984
3856,-13661.707031,-13661.609375,0.097656
3857,-11573.905273,-11575.724609,1.819336
3858,-12491.116211,-12490.477539,0.638672
3859,-12930.027344,-12926.592773,3.434570
3860,-10801.508789,-10801.189453,0.319336
3861,-11916.829102,-11913.791016,3.038086
3862,-9556.835938,-9556.015625,0.820312
3863,-13362.124023,-13361.752930,0.371094
3864,-12487.448242,-12487.213867,0.234375
3865,-8425.285156,-8426.673828,1.388672
3866,-10970.207031,-10970.427734,0.220703
3867,-11812.677734,-11811.544922,1.132812
3868,-11915.437500,-11916.129883,0.692383
3869,-10567.004883,-10566.072266,0.932617
3870,-11541.151367,-11542.454102,1.302734
3871,-9491.599609,-9490.278320,1.321289
3872,-11511.336914,-11510.786133,0.550781
3873,-10397.377930,-10396.944336,0.433594
3874,-10847.301758,-10846.458984,0.842773
3875,-10768.403320,-10765.051758,3.351562
3876,-11916.305664,-11914.728516,1.577148
3877,-11331.914062,-11339.973633,8.059570
3878,-9900.070312,-9899.357422,0.712891
3879,-9462.744141,-9463.238281,0.494141
3880,-10533.346680,-10533.101562,0.245117
3881,-11002.147461,-11002.309570,0.162109
3882,-9707.658203,-9706.628906,1.029297
3883,-11407.158203,-11406.720703,0.437500
3884,-11349.809570,-11349.511719,0.297852
3885,-10397.008789,-10395.370117,1.638672
3886,-10831.507812,-10833.305664,1.797852
3887,-9587.369141,-9587.725586,0.356445
3888,-9464.421875,-9463.098633,1.323242
3889,-11473.421875,-11476.916016,3.494141
3890,-11844.686523,-11844.994141,0.307617
3891,-11309.817383,-11309.424805,0.392578
3892,-9555.608398,-9555.407227,0.201172
3893,-10565.413086,-10565.074219,0.338867
3894,-13527.445312,-13531.731445,4.286133
3895,-12787.604492,-12789.712891,2.108398
3896,-10968.097656,-10968.429688,0.332031
3897,-11885.443359,-11882.676758,2.766602
3898,-10383.876953,-10384.205078,0.328125
3899,-9553.632812,-9555.491211,1.858398
3900,-11577.128906,-11577.030273,0.098633
3901,-11941.429688,-11945.260742,3.831055
3902,-11035.178711,-11034.848633,0.330078
3903,-11002.719727,-11003.282227,0.562500
3904,-10473.978516,-10474.868164,0.889648
3905,-10833.067383,-10833.310547,0.243164
3906,-10499.046875,-10498.583984,0.462891
3907,-11037.173828,-11034.338867,2.834961
3908,-10397.002930,-10396.072266,0.930664
3909,-9990.755859,-9992.251953,1.496094
3910,-11780.993164,-11779.001953,1.991211
3911,-11947.091797,-11948.127930,1.036133
3912,-10937.563477,-10937.706055,0.142578
3913,-10901.041992,-10903.886719,2.844727
3914,-10946.213867,-10945.759766,0.454102
3915,-8397.077148,-8395.014648,2.062500
3916,-10507.682617,-10507.286133,0.396484
3917,-12355.708008,-12354.306641,1.401367
3918,-10968.268555,-10967.250000,1.018555
3919,-12455.682617,-12457.282227,1.599609
3920,-11515.271484,-11509.652344,5.619141
3921,-11912.455078,-11915.493164,3.038086
3922,-13660.616211,-13660.667969,0.051758
3923,-11508.224609,-11508.948242,0.723633
3924,-13331.716797,-13329.863281,1.853516
3925,-11776.365234,-11777.976562,1.611328
3926,-10970.890625,-10971.655273,0.764648
3927,-11002.312500,-11002.488281,0.175781
3928,-8520.675781,-8520.131836,0.543945
3929,-14420.617188,-14419.575195,1.041992
3930,-10970.424805,-10970.055664,0.369141
3931,-11301.651367,-11303.750000,2.098633
3932,-12691.036133,-12685.375000,5.661133
3933,-10466.368164,-10466.024414,0.343750
3934,-11374.181641,-11376.271484,2.089844
3935,-10379.173828,-10383.397461,4.223633
3936,-10879.743164,-10878.745117,0.998047
3937,-9921.905273,-9923.603516,1.698242
3938,-8493.756836,-8493.579102,0.177734
3939,-10470.395508,-10468.484375,1.911133
3940,-8865.150391,-8865.399414,0.249023
3941,-10430.812500,-10430.422852,0.389648
3942,-11512.847656,-11510.674805,2.172852
3943,-13547.574219,-13548.599609,1.025391
3944,-11847.850586,-11844.280273,3.570312
3945,-10972.344727,-10971.271484,1.073242
3946,-11408.792969,-11406.776367,2.016602
3947,-11711.690430,-11712.424805,0.734375
3948,-11576.951172,-11576.705078,0.246094
3949,-10935.980469,-10934.921875,1.058594
3950,-13468.134766,-13467.775391,0.359375
3951,-10404.995117,-10408.343750,3.348633
3952,-12488.927734,-12487.083008,1.844727
3953,-10565.337891,-10565.317383,0.020508
3954,-9842.028320,-9841.633789,0.394531
3955,-12491.013672,-12488.772461,2.241211
3956,-12460.513672,-12456.457031,4.056641
3957,-9956.170898,-9958.463867,2.292969
3958,-11542.363281,-11542.234375,0.128906
3959,-11918.220703,-11915.708984,2.511719
3960,-10532.029297,-10533.866211,1.836914
3961,-10565.626953,-10565.916016,0.289062
3962,-11889.020508,-11889.935547,0.915039
3963,-10902.820312,-10903.383789,0.563477
3964,-9521.884766,-9522.277344,0.392578
3965,-11002.509766,-11002.200195,0.309570
3966,-11916.555664,-11917.089844,0.534180
3967,-9588.181641,-9588.585938,0.404297
3968,-11404.991211,-11405.653320,0.662109
3969,-10935.959961,-10937.938477,1.978516
3970,-11813.238281,-11812.451172,0.787109
3971,-9336.452148,-9338.822266,2.370117
3972,-9431.039062,-9431.774414,0.735352
3973,-11543.777344,-11543.679688,0.097656
3974,-11610.801758,-11609.104492,1.697266
3975,-11947.083984,-11946.373047,0.710938
3976,-10534.898438,-10534.155273,0.743164
3977,-10933.889648,-10935.747070,1.857422
3978,-10496.421875,-10497.202148,0.780273
3979,-11408.185547,-11407.829102,0.356445
3980,-10363.338867,-10363.766602,0.427734
3981,-8552.234375,-8551.949219,0.285156
3982,-9992.850586,-9992.695312,0.155273
3983,-12381.580078,-12385.573242,3.993164
3984,-11481.769531,-11480.320312,1.449219
3985,-10396.719727,-10396.812500,0.092773
3986,-11545.898438,-11544.525391,1.373047
3987,-8923.107422,-8923.059570,0.047852
3988,-11511.583984,-11510.275391,1.308594
3989,-10970.758789,-10969.431641,1.327148
3990,-11344.165039,-11343.631836,0.533203
3991,-12249.916016,-12249.236328,0.679688
3992,-10565.758789,-10566.145508,0.386719
3993,-9993.288086,-9992.393555,0.894531
3994,-8459.158203,-8459.945312,0.787109
3995,-10563.406250,-10564.554688,1.148438
3996,-10498.948242,-10498.970703,0.022461
3997,-10530.369141,-10531.528320,1.159180
3998,-10467.437500,-10466.089844,1.347656
3999,-11508.679688,-11509.535156,0.855469
4000,-10830.291016,-10834.199219,3.908203
4001,-10338.640625,-10337.828125,0.812500
4002,-10440.009766,-10440.848633,0.838867
4003,-11510.778320,-11510.284180,0.494141
4004,-10364.212891,-10363.921875,0.291016
4005,-11946.878906,-11946.622070,0.256836
4006,-9556.089844,-9554.916016,1.173828
4007,-10476.257812,-10474.740234,1.517578
4008,-9431.325195,-9431.963867,0.638672
4009,-12487.361328,-12487.848633,0.487305
4010,-13007.263672,-13005.947266,1.316406
4011,-11511.304688,-11511.256836,0.047852
4012,-12485.658203,-12486.447266,0.789062
4013,-11542.537109,-11542.509766,0.027344
4014,-11342.938477,-11341.565430,1.373047
4015,-11542.454102,-11542.263672,0.190430
4016,-9522.227539,-9523.573242,1.345703
4017,-11673.832031,-11675.132812,1.300781
4018,-10466.574219,-10466.755859,0.181641
4019,-11409.506836,-11408.346680,1.160156
4020,-11477.659180,-11477.498047,0.161133
4021,-10937.599609,-10934.893555,2.706055
4022,-10500.481445,-10499.920898,0.560547
4023,-11343.489258,-11343.144531,0.344727
4024,-8426.839844,-8427.949219,1.109375
4025,-9496.258789,-9496.367188,0.108398
4026,-12387.401367,-12385.832031,1.569336
4027,-9959.279297,-9958.886719,0.392578
4028,-11308.571289,-11307.720703,0.850586
4029,-9869.621094,-9869.688477,0.067383
4030,-12385.289062,-12386.081055,0.791992
4031,-11948.777344,-11948.472656,0.304688
4032,-10566.271484,-10565.858398,0.413086
4033,-10461.362305,-10462.109375,0.747070
4034,-13500.490234,-13499.866211,0.624023
4035,-10507.347656,-10507.810547,0.462891
4036,-10867.065430,-10867.024414,0.041016
4037,-12796.120117,-12790.811523,5.308594
4038,-11446.587891,-11446.051758,0.536133
4039,-6286.501953,-6288.608887,2.106934
4040,-10566.792969,-10566.568359,0.224609
4041,-11778.500977,-11780.791016,2.290039
4042,-11543.135742,-11542.909180,0.226562
4043,-11915.815430,-11914.506836,1.308594
4044,-11948.825195,-11947.729492,1.095703
4045,-10598.429688,-10599.560547,1.130859
4046,-11543.455078,-11543.335938,0.119141
4047,-11510.137695,-11510.330078,0.192383
4048,-9867.325195,-9868.188477,0.863281
4049,-10565.686523,-10565.176758,0.509766
4050,-10056.559570,-10057.077148,0.517578
4051,-10837.488281,-10838.682617,1.194336
4052,-10934.851562,-10936.099609,1.248047
4053,-11980.236328,-11982.323242,2.086914
4054,-11510.356445,-11510.475586,0.119141
4055,-12215.488281,-12215.793945,0.305664
4056,-11508.203125,-11510.662109,2.458984
4057,-10303.718750,-10303.556641,0.162109
4058,-11910.872070,-11913.641602,2.769531
4059,-11916.368164,-11916.013672,0.354492
4060,-10938.259766,-10935.947266,2.312500
4061,-12489.105469,-12490.127930,1.022461
4062,-11000.976562,-11001.512695,0.536133
4063,-11344.200195,-11343.330078,0.870117
4064,-6783.636230,-6786.392578,2.756348
4065,-10396.317383,-10395.747070,0.570312
4066,-11001.987305,-11003.666016,1.678711
4067,-11977.222656,-11980.082031,2.859375
4068,-12319.411133,-12321.026367,1.615234
4069,-10969.370117,-10968.263672,1.106445
4070,-11982.661133,-11981.371094,1.290039
4071,-11487.166016,-11485.381836,1.784180
4072,-11577.986328,-11577.897461,0.088867
4073,-12856.223633,-12854.854492,1.369141
4074,-10566.474609,-10566.539062,0.064453
4075,-11337.231445,-11338.252930,1.021484
4076,-11301.425781,-11303.516602,2.090820
4077,-9764.013672,-9763.905273,0.108398
4078,-9588.914062,-9588.990234,0.076172
4079,-10936.484375,-10936.180664,0.303711
4080,-11946.804688,-11946.637695,0.166992
4081,-11779.917969,-11778.581055,1.336914
4082,-12521.074219,-12521.951172,0.876953
4083,-10399.580078,-10398.512695,1.067383
4084,-10501.368164,-10500.587891,0.780273
4085,-9235.374023,-9236.079102,0.705078
4086,-8922.527344,-8922.132812,0.394531
4087,-10599.879883,-10598.583984,1.295898
4088,-11979.764648,-11981.134766,1.370117
4089,-10564.625000,-10566.094727,1.469727
4090,-12386.789062,-12385.276367,1.512695
4091,-10970.494141,-10970.033203,0.460938
4092,-10774.961914,-10774.743164,0.218750
4093,-11373.949219,-11372.762695,1.186523
4094,-10564.705078,-10564.596680,0.108398
4095,-10969.967773,-10970.073242,0.105469
4096,-12822.173828,-12822.414062,0.240234
4097,-11510.382812,-11507.760742,2.622070
4098,-11544.368164,-11544.318359,0.049805
4099,-8396.266602,-8395.389648,0.876953
4100,-10566.534180,-10566.787109,0.252930
4101,-10532.969727,-10533.043945,0.074219
4102,-10566.058594,-10566.095703,0.037109
4103,-10938.346680,-10937.286133,1.060547
4104,-12353.667969,-12352.925781,0.742188
4105,-12251.066406,-12250.166992,0.899414
4106,-11910.045898,-11913.315430,3.269531
4107,-10565.547852,-10565.000000,0.547852
4108,-9588.348633,-9588.875977,0.527344
4109,-12584.029297,-12586.797852,2.768555
4110,-10902.142578,-10903.442383,1.299805
4111,-9925.272461,-9924.558594,0.713867
4112,-11409.181641,-11408.481445,0.700195
4113,-10935.876953,-10934.393555,1.483398
4114,-11310.935547,-11309.795898,1.139648
4115,-9735.702148,-9733.731445,1.970703
4116,-9589.788086,-9589.274414,0.513672
4117,-11845.812500,-11845.229492,0.583008
4118,-11508.482422,-11509.120117,0.637695
4119,-11845.189453,-11844.328125,0.861328
4120,-9464.609375,-9462.792969,1.816406
4121,-10347.579102,-10342.885742,4.693359
4122,-10971.130859,-10971.241211,0.110352
4123,-11371.649414,-11373.003906,1.354492
4124,-10971.650391,-10970.492188,1.158203
4125,-13534.055664,-13532.008789,2.046875
4126,-11375.361328,-11375.381836,0.020508
4127,-10305.109375,-10306.005859,0.896484
4128,-11481.671875,-11479.715820,1.956055
4129,-10866.599609,-10867.500000,0.900391
4130,-11340.822266,-11341.476562,0.654297
4131,-11979.432617,-11980.139648,0.707031
4132,-12926.816406,-12925.651367,1.165039
4133,-11512.786133,-11511.761719,1.024414
4134,-13397.828125,-13395.818359,2.009766
4135,-12351.597656,-12351.954102,0.356445
4136,-12319.641602,-12318.885742,0.755859
4137,-11375.199219,-11376.326172,1.126953
4138,-11477.323242,-11477.604492,0.281250
4139,-10847.272461,-10847.759766,0.487305
4140,-10848.367188,-10846.155273,2.211914
4141,-11543.750000,-11544.085938,0.335938
4142,-10802.192383,-10800.605469,1.586914
4143,-10969.840820,-10970.502930,0.662109
4144,-10531.804688,-10532.319336,0.514648
4145,-10502.417969,-10501.802734,0.615234
4146,-11812.194336,-11813.019531,0.825195
4147,-10508.791992,-10506.833984,1.958008
4148,-10909.471680,-10906.330078,3.141602
4149,-10534.479492,-10534.273438,0.206055
4150,-10802.100586,-10800.154297,1.946289
4151,-10970.059570,-10969.627930,0.431641
4152,-11485.942383,-11485.890625,0.051758
4153,-10443.743164,-10442.912109,0.831055
4154,-11910.310547,-11912.815430,2.504883
4155,-11949.552734,-11948.753906,0.798828
4156,-9407.439453,-9405.345703,2.093750
4157,-11480.125977,-11479.543945,0.582031
4158,-10831.792969,-10833.247070,1.454102
4159,-9894.458008,-9894.467773,0.009766
4160,-10466.263672,-10465.596680,0.666992
4161,-11912.102539,-11913.500977,1.398438
4162,-11843.979492,-11845.095703,1.116211
4163,-10836.513672,-10833.531250,2.982422
4164,-11406.877930,-11407.573242,0.695312
4165,-9429.852539,-9429.451172,0.401367
4166,-10937.890625,-10937.913086,0.022461
4167,-11948.402344,-11948.449219,0.046875
4168,-11477.574219,-11477.291016,0.283203
4169,-9588.188477,-9587.916992,0.271484
4170,-9991.898438,-9991.639648,0.258789
4171,-10969.003906,-10969.115234,0.111328
4172,-10999.822266,-11001.625977,1.803711
4173,-11914.205078,-11915.646484,1.441406
4174,-9961.226562,-9960.687500,0.539062
4175,-12454.951172,-12456.288086,1.336914
4176,-9925.496094,-9923.653320,1.842773
4177,-9529.646484,-9529.583008,0.063477
4178,-9993.169922,-9992.163086,1.006836
4179,-10566.913086,-10566.262695,0.650391
4180,-11405.690430,-11405.976562,0.286133
4181,-10533.276367,-10533.259766,0.016602
4182,-10531.982422,-10532.500000,0.517578
4183,-11916.142578,-11914.590820,1.551758
4184,-10508.623047,-10507.755859,0.867188
4185,-11442.229492,-11441.845703,0.383789
4186,-11511.243164,-11510.196289,1.046875
4187,-11812.709961,-11813.206055,0.496094
4188,-10566.571289,-10565.457031,1.114258
4189,-11809.404297,-11811.596680,2.192383
4190,-8864.440430,-8864.812500,0.372070
4191,-11944.621094,-11946.362305,1.741211
4192,-8263.907227,-8260.203125,3.704102
4193,-9491.886719,-9489.375000,2.511719
4194,-11575.636719,-11575.789062,0.152344
4195,-11477.081055,-11477.306641,0.225586
4196,-12386.469727,-12386.748047,0.278320
4197,-10937.993164,-10938.689453,0.696289
4198,-9463.076172,-9464.257812,1.181641
4199,-10362.305664,-10362.829102,0.523438
4200,-12821.866211,-12821.899414,0.033203
4201,-12486.461914,-12488.541992,2.080078
4202,-11720.558594,-11722.206055,1.647461
4203,-10509.298828,-10506.883789,2.415039
4204,-8519.488281,-8518.589844,0.898438
4205,-11509.888672,-11510.781250,0.892578
4206,-9520.458984,-9522.552734,2.093750
4207,-10335.071289,-10332.030273,3.041016
4208,-9464.708984,-9464.486328,0.222656
4209,-11509.695312,-11508.777344,0.917969
4210,-12318.298828,-12319.045898,0.747070
4211,-10938.706055,-10938.303711,0.402344
4212,-10566.017578,-10566.275391,0.257812
4213,-11407.381836,-11406.991211,0.390625
4214,-11511.771484,-11512.540039,0.768555
4215,-11919.792969,-11915.551758,4.241211
4216,-9900.442383,-9902.294922,1.852539
4217,-11373.250000,-11373.822266,0.572266
4218,-10531.669922,-10532.041992,0.372070
4219,-7765.950684,-7764.229492,1.721191
4220,-10370.703125,-10370.446289,0.256836
4221,-12012.924805,-12012.411133,0.513672
4222,-11916.628906,-11915.437500,1.191406
4223,-11403.613281,-11406.635742,3.022461
4224,-9959.731445,-9958.919922,0.811523
4225,-11916.216797,-11915.454102,0.762695
4226,-10430.890625,-10428.879883,2.010742
4227,-11915.915039,-11916.160156,0.245117
4228,-11283.496094,-11285.245117,1.749023
4229,-11813.188477,-11813.516602,0.328125
4230,-10307.010742,-10307.340820,0.330078
4231,-11512.462891,-11511.537109,0.925781
4232,-10632.036133,-10631.522461,0.513672
4233,-10929.821289,-10934.407227,4.585938
4234,-11372.492188,-11372.338867,0.153320
4235,-11947.839844,-11947.551758,0.288086
4236,-10437.110352,-10439.437500,2.327148
4237,-10599.589844,-10599.147461,0.442383
4238,-10473.759766,-10473.651367,0.108398
4239,-11001.462891,-11001.464844,0.001953
4240,-13331.851562,-13332.066406,0.214844
4241,-10971.827148,-10970.852539,0.974609
4242,-10938.637695,-10937.860352,0.777344
4243,-9496.771484,-9496.491211,0.280273
4244,-10532.421875,-10532.897461,0.475586
4245,-11411.644531,-11412.162109,0.517578
4246,-10531.411133,-10531.977539,0.566406
4247,-9765.820312,-9764.538086,1.282227
4248,-10362.115234,-10362.552734,0.437500
4249,-9866.097656,-9866.006836,0.090820
4250,-8200.208984,-8200.674805,0.465820
4251,-11509.194336,-11510.336914,1.142578
4252,-12554.107422,-12554.382812,0.275391
4253,-12459.963867,-12457.525391,2.438477
4254,-10970.938477,-10971.061523,0.123047
4255,-10358.232422,-10360.077148,1.844727
4256,-10937.705078,-10935.886719,1.818359
4257,-11379.611328,-11375.250977,4.360352
4258,-9302.978516,-9302.253906,0.724609
4259,-10508.075195,-10507.148438,0.926758
4260,-10438.797852,-10441.182617,2.384766
4261,-10338.792969,-10339.078125,0.285156
4262,-12012.675781,-12012.262695,0.413086
4263,-10425.371094,-10425.942383,0.571289
4264,-11443.829102,-11445.892578,2.063477
4265,-10532.496094,-10533.432617,0.936523
4266,-10966.813477,-10968.980469,2.166992
4267,-11979.662109,-11979.923828,0.261719
4268,-12457.238281,-12455.325195,1.913086
4269,-11509.560547,-11509.542969,0.017578
4270,-10938.677734,-10938.383789,0.293945
4271,-11511.860352,-11511.803711,0.056641
4272,-10799.078125,-10801.013672,1.935547
4273,-10936.387695,-10936.746094,0.358398
4274,-15896.373047,-15898.483398,2.110352
4275,-12520.003906,-12520.483398,0.479492
4276,-12685.017578,-12685.061523,0.043945
4277,-10564.982422,-10565.937500,0.955078
4278,-11947.671875,-11948.606445,0.934570
4279,-11442.843750,-11442.918945,0.075195
4280,-12350.461914,-12353.112305,2.650391
4281,-11948.247070,-11949.291016,1.043945
4282,-11269.101562,-11270.091797,0.990234
4283,-12384.884766,-12384.462891,0.421875
4284,-11576.318359,-11576.016602,0.301758
4285,-10497.658203,-10500.226562,2.568359
4286,-10944.474609,-10945.645508,1.170898
4287,-10905.988281,-10904.941406,1.046875
4288,-11437.704102,-11438.279297,0.575195
4289,-12248.486328,-12249.977539,1.491211
4290,-12954.642578,-12957.147461,2.504883
4291,-11948.326172,-11948.851562,0.525391
4292,-9867.789062,-9868.083984,0.294922
4293,-9460.857422,-9461.888672,1.031250
4294,-11576.307617,-11576.033203,0.274414
4295,-11575.713867,-11577.204102,1.490234
4296,-10362.659180,-10362.820312,0.161133
4297,-10501.075195,-10500.789062,0.286133
4298,-12896.121094,-12895.416016,0.705078
4299,-11509.004883,-11509.476562,0.471680
4300,-11593.566406,-11593.467773,0.098633
4301,-11512.633789,-11510.399414,2.234375
4302,-12792.864258,-12791.506836,1.357422
4303,-12486.708008,-12487.373047,0.665039
4304,-10531.498047,-10532.158203,0.660156
4305,-10302.154297,-10297.942383,4.211914
4306,-10798.879883,-10799.934570,1.054688
4307,-10938.233398,-10937.772461,0.460938
4308,-10473.327148,-10474.108398,0.781250
4309,-10933.237305,-10935.064453,1.827148
4310,-11476.960938,-11478.149414,1.188477
4311,-13447.838867,-13443.854492,3.984375
4312,-10533.961914,-10533.292969,0.668945
4313,-12322.625000,-12320.173828,2.451172
4314,-11445.230469,-11443.089844,2.140625
4315,-10363.153320,-10362.507812,0.645508
4316,-10498.228516,-10499.153320,0.924805
4317,-11339.031250,-11338.692383,0.338867
4318,-11405.669922,-11406.280273,0.610352
4319,-10777.211914,-10775.305664,1.906250
4320,-10969.668945,-10969.668945,0.000000
4321,-11812.577148,-11812.501953,0.075195
4322,-11884.256836,-11883.461914,0.794922
4323,-11243.280273,-11236.591797,6.688477
4324,-11509.808594,-11510.059570,0.250977
4325,-11777.623047,-11778.918945,1.295898
4326,-10834.809570,-10835.449219,0.639648
4327,-11543.953125,-11543.905273,0.047852
4328,-10904.302734,-10905.993164,1.690430
4329,-10741.833984,-10742.090820,0.256836
4330,-10509.929688,-10508.026367,1.903320
4331,-12961.574219,-12960.313477,1.260742
4332,-12453.087891,-12456.537109,3.449219
4333,-12263.529297,-12260.850586,2.678711
4334,-11035.414062,-11034.601562,0.812500
4335,-11511.068359,-11512.056641,0.988281
4336,-11577.188477,-11576.477539,0.710938
4337,-10430.651367,-10429.488281,1.163086
4338,-9868.237305,-9866.986328,1.250977
4339,-12488.964844,-12488.662109,0.302734
4340,-12454.983398,-12455.959961,0.976562
4341,-10565.720703,-10566.152344,0.431641
4342,-12294.468750,-12295.785156,1.316406
4343,-11950.019531,-11947.079102,2.940430
4344,-11981.101562,-11981.083008,0.018555
4345,-10903.152344,-10904.748047,1.595703
4346,-11978.175781,-11979.372070,1.196289
4347,-12279.896484,-12280.692383,0.795898
4348,-11311.401367,-11311.233398,0.167969
4349,-10467.234375,-10468.205078,0.970703
4350,-9957.306641,-9958.479492,1.172852
4351,-11573.479492,-11575.897461,2.417969
4352,-12959.868164,-12960.072266,0.204102
4353,-10367.106445,-10365.144531,1.961914
4354,-9556.927734,-9555.873047,1.054688
4355,-11912.307617,-11915.557617,3.250000
4356,-12485.783203,-12487.971680,2.188477
4357,-13442.143555,-13444.111328,1.967773
4358,-9902.250977,-9901.983398,0.267578
4359,-10532.929688,-10532.155273,0.774414
4360,-10410.660156,-10409.268555,1.391602
4361,-11842.921875,-11844.510742,1.588867
4362,-10533.270508,-10533.154297,0.116211
4363,-9958.712891,-9959.181641,0.468750
4364,-9900.162109,-9899.098633,1.063477
4365,-11406.713867,-11407.795898,1.082031
4366,-12483.638672,-12486.013672,2.375000
4367,-10866.025391,-10866.971680,0.946289
4368,-11341.207031,-11342.402344,1.195312
4369,-10306.196289,-10305.576172,0.620117
4370,-10870.270508,-10870.337891,0.067383
4371,-12015.417969,-12013.434570,1.983398
4372,-11948.189453,-11948.356445,0.166992
4373,-11949.508789,-11948.445312,1.063477
4374,-10967.532227,-10968.510742,0.978516
4375,-12488.196289,-12488.273438,0.077148
4376,-13467.970703,-13466.639648,1.331055
4377,-11001.534180,-11001.652344,0.118164
4378,-10969.283203,-10969.592773,0.309570
4379,-11375.180664,-11376.006836,0.826172
4380,-10565.641602,-10565.288086,0.353516
4381,-11544.285156,-11543.579102,0.706055
4382,-11406.870117,-11407.174805,0.304688
4383,-12488.169922,-12489.041016,0.871094
4384,-11543.948242,-11542.875000,1.073242
4385,-12431.926758,-12431.767578,0.159180
4386,-13328.945312,-13331.032227,2.086914
4387,-9529.698242,-9529.375977,0.322266
4388,-11914.769531,-11914.540039,0.229492
4389,-11672.451172,-11675.435547,2.984375
4390,-12553.305664,-12554.322266,1.016602
4391,-11510.988281,-11510.771484,0.216797
4392,-11004.950195,-11003.765625,1.184570
4393,-11508.720703,-11509.397461,0.676758
4394,-10339.361328,-10338.832031,0.529297
4395,-13447.951172,-13443.520508,4.430664
4396,-13363.405273,-13362.637695,0.767578
4397,-11342.340820,-11342.110352,0.230469
4398,-11510.672852,-11510.205078,0.467773
4399,-10499.532227,-10499.829102,0.296875
4400,-11544.083984,-11543.384766,0.699219
4401,-10531.535156,-10531.658203,0.123047
4402,-9463.566406,-9463.380859,0.185547
4403,-10828.064453,-10833.655273,5.590820
4404,-9521.757812,-9522.958984,1.201172
4405,-8856.278320,-8857.273438,0.995117
4406,-11511.962891,-11510.429688,1.533203
4407,-9489.595703,-9488.248047,1.347656
4408,-11544.296875,-11543.306641,0.990234
4409,-9990.810547,-9990.338867,0.471680
4410,-11509.092773,-11511.301758,2.208984
4411,-10305.776367,-10304.940430,0.835938
4412,-11577.848633,-11576.878906,0.969727
4413,-12450.606445,-12455.266602,4.660156
4414,-11343.500000,-11343.297852,0.202148
4415,-9522.855469,-9520.396484,2.458984
4416,-12925.458008,-12925.521484,0.063477
4417,-10508.063477,-10507.715820,0.347656
4418,-9464.740234,-9463.986328,0.753906
4419,-9588.450195,-9587.824219,0.625977
4420,-11576.249023,-11576.831055,0.582031
4421,-9960.723633,-9958.958008,1.765625
4422,-11539.961914,-11542.583984,2.622070
4423,-10507.316406,-10507.647461,0.331055
4424,-11914.573242,-11914.551758,0.021484
4425,-11947.153320,-11946.514648,0.638672
4426,-11946.642578,-11947.572266,0.929688
4427,-11002.153320,-11001.833008,0.320312
4428,-11406.670898,-11406.983398,0.312500
4429,-11372.317383,-11373.887695,1.570312
4430,-7818.015625,-7819.282227,1.266602
4431,-9901.581055,-9901.410156,0.170898
4432,-10831.908203,-10832.235352,0.327148
4433,-9992.894531,-9992.788086,0.106445
4434,-12819.079102,-12821.864258,2.785156
4435,-11511.166016,-11510.997070,0.168945
4436,-11947.388672,-11948.456055,1.067383
4437,-9837.068359,-9835.664062,1.404297
4438,-12401.451172,-12401.545898,0.094727
4439,-11350.055664,-11350.872070,0.816406
4440,-11375.436523,-11375.149414,0.287109
4441,-12924.906250,-12926.482422,1.576172
4442,-11476.511719,-11476.022461,0.489258
4443,-12467.594727,-12467.196289,0.398438
4444,-12353.888672,-12353.214844,0.673828
4445,-12555.288086,-12554.866211,0.421875
4446,-11407.326172,-11405.243164,2.083008
4447,-10934.294922,-10935.050781,0.755859
4448,-9361.657227,-9361.507812,0.149414
4449,-11545.541992,-11544.188477,1.353516
4450,-9765.683594,-9765.308594,0.375000
4451,-11511.050781,-11510.142578,0.908203
4452,-8485.171875,-8485.165039,0.006836
4453,-11408.250000,-11408.418945,0.168945
4454,-9862.690430,-9864.631836,1.941406
4455,-11341.987305,-11340.381836,1.605469
4456,-11477.515625,-11477.197266,0.318359
4457,-9555.205078,-9554.390625,0.814453
4458,-10936.325195,-10935.852539,0.472656
4459,-11948.654297,-11949.136719,0.482422
4460,-11003.745117,-11003.619141,0.125977
4461,-12554.735352,-12554.586914,0.148438
4462,-10775.008789,-10775.333008,0.324219
4463,-10970.585938,-10970.579102,0.006836
4464,-11947.394531,-11948.571289,1.176758
4465,-12553.949219,-12554.228516,0.279297
4466,-10966.981445,-10967.172852,0.191406
4467,-8392.238281,-8393.545898,1.307617
4468,-11944.831055,-11945.326172,0.495117
4469,-11375.916992,-11374.816406,1.100586
4470,-10867.019531,-10867.077148,0.057617
4471,-13983.099609,-13984.116211,1.016602
4472,-10914.994141,-10913.111328,1.882812
4473,-14391.798828,-14390.896484,0.902344
4474,-11480.037109,-11479.451172,0.585938
4475,-11845.907227,-11844.286133,1.621094
4476,-10847.999023,-10847.610352,0.388672
4477,-11476.810547,-11476.690430,0.120117
4478,-10024.047852,-10023.849609,0.198242
4479,-11372.812500,-11373.622070,0.809570
4480,-10500.766602,-10499.930664,0.835938
4481,-10801.855469,-10800.811523,1.043945
4482,-10383.159180,-10383.688477,0.529297
4483,-11373.391602,-11370.583008,2.808594
4484,-11543.322266,-11544.264648,0.942383
4485,-10835.784180,-10833.697266,2.086914
4486,-10567.498047,-10566.283203,1.214844
4487,-12522.449219,-12522.244141,0.205078
4488,-11948.701172,-11948.567383,0.133789
4489,-10903.723633,-10903.945312,0.221680
4490,-11001.465820,-11002.331055,0.865234
4491,-11479.243164,-11478.579102,0.664062
4492,-8394.329102,-8394.916992,0.587891
4493,-10935.025391,-10935.153320,0.127930
4494,-12011.447266,-12012.982422,1.535156
4495,-11779.959961,-11779.882812,0.077148
4496,-12685.859375,-12684.719727,1.139648
4497,-10902.787109,-10902.484375,0.302734
4498,-10900.660156,-10902.774414,2.114258
4499,-11984.086914,-11982.041016,2.045898
4500,-10564.631836,-10564.428711,0.203125
4501,-9173.285156,-9178.463867,5.178711
4502,-12521.529297,-12522.642578,1.113281
4503,-10459.433594,-10463.647461,4.213867
4504,-9838.171875,-9834.312500,3.859375
4505,-11376.528320,-11375.662109,0.866211
4506,-9927.301758,-9926.384766,0.916992
4507,-12489.079102,-12489.154297,0.075195
4508,-10362.614258,-10362.750000,0.135742
4509,-11376.499023,-11374.157227,2.341797
4510,-10532.547852,-10532.883789,0.335938
4511,-10501.094727,-10500.880859,0.213867
4512,-9588.830078,-9587.636719,1.193359
4513,-10533.518555,-10532.616211,0.902344
4514,-11949.813477,-11949.765625,0.047852
4515,-11409.078125,-11408.292969,0.785156
4516,-9991.185547,-9991.520508,0.334961
4517,-10500.512695,-10500.296875,0.215820
4518,-11878.833984,-11881.131836,2.297852
4519,-10598.012695,-10598.929688,0.916992
4520,-11510.679688,-11511.242188,0.562500
4521,-12351.855469,-12349.919922,1.935547
4522,-12488.033203,-12486.499023,1.534180
4523,-9458.953125,-9456.681641,2.271484
4524,-12386.485352,-12384.975586,1.509766
4525,-11674.438477,-11675.446289,1.007812
4526,-10966.166992,-10968.841797,2.674805
4527,-12925.576172,-12926.666992,1.090820
4528,-12354.458008,-12353.510742,0.947266
4529,-12450.951172,-12452.760742,1.809570
4530,-12458.123047,-12457.803711,0.319336
4531,-10430.809570,-10430.031250,0.778320
4532,-11910.734375,-11913.597656,2.863281
4533,-10395.090820,-10395.868164,0.777344
4534,-10849.779297,-10846.877930,2.901367
4535,-10531.251953,-10532.139648,0.887695
4536,-11002.375000,-11002.657227,0.282227
4537,-11980.480469,-11980.302734,0.177734
4538,-11375.933594,-11375.601562,0.332031
4539,-11826.999023,-11825.828125,1.170898
4540,-9466.295898,-9465.760742,0.535156
4541,-10499.989258,-10498.577148,1.412109
4542,-11543.279297,-11544.432617,1.153320
4543,-9586.990234,-9586.754883,0.235352
4544,-11778.068359,-11778.500000,0.431641
4545,-12380.142578,-12376.164062,3.978516
4546,-11451.532227,-11451.082031,0.450195
4547,-8889.302734,-8890.545898,1.243164
4548,-11510.402344,-11509.409180,0.993164
4549,-10362.453125,-10364.121094,1.667969
4550,-11543.403320,-11543.799805,0.396484
4551,-11440.336914,-11439.598633,0.738281
4552,-12522.987305,-12521.228516,1.758789
4553,-11978.590820,-11979.048828,0.458008
4554,-10533.142578,-10532.280273,0.862305
4555,-10541.196289,-10540.050781,1.145508
4556,-11509.729492,-11509.637695,0.091797
4557,-11543.387695,-11542.666992,0.720703
4558,-9497.569336,-9496.872070,0.697266
4559,-11341.288086,-11340.252930,1.035156
4560,-12520.811523,-12521.122070,0.310547
4561,-10681.042969,-10685.172852,4.129883
4562,-10443.841797,-10443.912109,0.070312
4563,-12420.031250,-12418.615234,1.416016
4564,-10969.004883,-10969.520508,0.515625
4565,-12897.586914,-12894.333008,3.253906
4566,-10444.250977,-10441.627930,2.623047
4567,-12220.128906,-12216.250977,3.877930
4568,-10937.075195,-10937.048828,0.026367
4569,-10801.828125,-10801.415039,0.413086
4570,-10565.404297,-10566.268555,0.864258
4571,-10564.271484,-10565.521484,1.250000
4572,-9767.580078,-9766.246094,1.333984
4573,-11542.397461,-11542.601562,0.204102
4574,-11002.982422,-11001.750977,1.231445
4575,-11916.780273,-11916.575195,0.205078
4576,-9933.009766,-9933.444336,0.434570
4577,-11438.918945,-11440.230469,1.311523
4578,-10328.315430,-10328.824219,0.508789
4579,-10904.817383,-10904.625000,0.192383
4580,-11510.716797,-11511.555664,0.838867
4581,-9464.274414,-9464.487305,0.212891
4582,-13434.424805,-13433.758789,0.666016
4583,-12927.801758,-12925.836914,1.964844
4584,-9589.642578,-9588.986328,0.656250
4585,-11980.674805,-11979.166992,1.507812
4586,-11947.152344,-11948.106445,0.954102
4587,-12488.561523,-12489.197266,0.635742
4588,-10363.626953,-10363.438477,0.188477
4589,-11948.093750,-11948.110352,0.016602
4590,-9924.149414,-9924.977539,0.828125
4591,-11982.442383,-11981.144531,1.297852
4592,-12926.419922,-12926.698242,0.278320
4593,-12385.765625,-12385.839844,0.074219
4594,-9958.956055,-9958.981445,0.025391
4595,-12426.585938,-12425.072266,1.513672
4596,-12454.406250,-12454.919922,0.513672
4597,-11374.151367,-11375.010742,0.859375
4598,-9953.383789,-9956.211914,2.828125
4599,-10237.588867,-10235.180664,2.408203
4600,-12897.386719,-12894.894531,2.492188
4601,-11407.629883,-11406.834961,0.794922
4602,-11949.464844,-11948.048828,1.416016
4603,-11001.948242,-11003.455078,1.506836
4604,-12755.498047,-12755.651367,0.153320
4605,-12926.261719,-12926.904297,0.642578
4606,-10937.797852,-10937.539062,0.258789
4607,-11780.537109,-11780.618164,0.081055
4608,-12488.289062,-12488.153320,0.135742
4609,-12519.839844,-12521.081055,1.241211
4610,-11002.349609,-11002.958984,0.609375
4611,-10906.100586,-10904.124023,1.976562
4612,-11240.548828,-11238.977539,1.571289
4613,-12523.485352,-12522.807617,0.677734
4614,-10394.205078,-10396.241211,2.036133
4615,-10970.059570,-10970.320312,0.260742
4616,-11508.147461,-11509.330078,1.182617
4617,-11223.373047,-11218.356445,5.016602
4618,-10501.717773,-10499.800781,1.916992
4619,-12413.710938,-12416.482422,2.771484
4620,-11576.108398,-11577.226562,1.118164
4621,-11286.125000,-11284.019531,2.105469
4622,-9989.594727,-9990.691406,1.096680
4623,-10937.254883,-10936.942383,0.312500
4624,-10970.414062,-10969.662109,0.751953
4625,-11375.023438,-11375.529297,0.505859
4626,-11510.239258,-11510.914062,0.674805
4627,-11545.435547,-11543.935547,1.500000
4628,-13008.568359,-13007.155273,1.413086
4629,-9488.800781,-9488.419922,0.380859
4630,-11917.935547,-11916.309570,1.625977
4631,-11510.136719,-11508.724609,1.412109
4632,-12520.674805,-12521.992188,1.317383
4633,-11405.417969,-11405.891602,0.473633
4634,-11508.192383,-11508.155273,0.037109
4635,-9905.140625,-9901.937500,3.203125
4636,-10970.344727,-10969.061523,1.283203
4637,-11947.150391,-11947.759766,0.609375
4638,-11509.340820,-11509.470703,0.129883
4639,-12457.233398,-12456.674805,0.558594
4640,-12486.145508,-12486.819336,0.673828
4641,-11912.266602,-11912.364258,0.097656
4642,-11810.559570,-11811.856445,1.296875
4643,-10970.068359,-10968.978516,1.089844
4644,-12354.155273,-12353.194336,0.960938
4645,-9989.628906,-9990.713867,1.084961
4646,-10846.116211,-10846.295898,0.179688
4647,-11512.862305,-11512.293945,0.568359
4648,-11442.722656,-11440.379883,2.342773
4649,-10566.594727,-10566.055664,0.539062
4650,-11949.917969,-11948.495117,1.422852
4651,-10533.465820,-10534.022461,0.556641
4652,-9936.054688,-9935.468750,0.585938
4653,-10394.927734,-10395.187500,0.259766
4654,-10396.026367,-10396.062500,0.036133
4655,-11913.648438,-11914.000000,0.351562
4656,-10531.234375,-10532.241211,1.006836
4657,-10935.602539,-10937.103516,1.500977
4658,-14370.976562,-14358.611328,12.365234
4659,-12923.256836,-12924.090820,0.833984
4660,-11979.152344,-11978.782227,0.370117
4661,-12893.811523,-12893.134766,0.676758
4662,-10442.911133,-10441.875977,1.035156
4663,-10599.397461,-10598.497070,0.900391
4664,-11542.581055,-11543.491211,0.910156
4665,-11507.652344,-11509.491211,1.838867
4666,-12013.740234,-12014.295898,0.555664
4667,-9489.260742,-9490.328125,1.067383
4668,-10973.824219,-10972.215820,1.608398
4669,-13768.269531,-13767.142578,1.126953
4670,-13501.817383,-13500.380859,1.436523
4671,-11946.528320,-11946.970703,0.442383
4672,-11947.967773,-11948.402344,0.434570
4673,-10534.083008,-10533.542969,0.540039
4674,-10362.400391,-10361.654297,0.746094
4675,-9520.736328,-9522.808594,2.072266
4676,-10532.833008,-10532.899414,0.066406
4677,-9431.370117,-9429.552734,1.817383
4678,-11917.026367,-11915.625000,1.401367
4679,-11842.856445,-11844.333008,1.476562
4680,-12385.607422,-12386.767578,1.160156
4681,-11947.303711,-11947.996094,0.692383
4682,-11918.399414,-11917.119141,1.280273
4683,-11782.588867,-11780.290039,2.298828
4684,-11403.406250,-11407.096680,3.690430
4685,-12486.996094,-12487.632812,0.636719
4686,-10565.306641,-10565.169922,0.136719
4687,-9523.088867,-9522.083008,1.005859
4688,-10936.954102,-10935.498047,1.456055
4689,-11812.051758,-11811.202148,0.849609
4690,-10425.816406,-10430.310547,4.494141
4691,-11374.685547,-11374.763672,0.078125
4692,-10879.026367,-10878.887695,0.138672
4693,-11946.735352,-11947.813477,1.078125
4694,-11544.624023,-11544.250977,0.373047
4695,-10566.255859,-10565.134766,1.121094
4696,-10475.532227,-10474.364258,1.167969
4697,-10632.462891,-10631.695312,0.767578
4698,-10533.752930,-10533.282227,0.470703
4699,-12587.179688,-12587.094727,0.084961
4700,-10565.070312,-10566.006836,0.936523
4701,-12522.130859,-12519.649414,2.481445
4702,-10564.987305,-10564.066406,0.920898
4703,-11543.712891,-11543.598633,0.114258
4704,-11979.191406,-11981.031250,1.839844
4705,-11811.281250,-11812.198242,0.916992
4706,-10499.347656,-10498.403320,0.944336
4707,-9556.350586,-9555.833984,0.516602
4708,-8270.432617,-8266.701172,3.731445
4709,-10500.483398,-10500.022461,0.460938
4710,-11036.208008,-11034.829102,1.378906
4711,-12488.675781,-12489.283203,0.607422
4712,-9522.401367,-9522.046875,0.354492
4713,-12519.859375,-12521.819336,1.959961
4714,-13230.790039,-13228.400391,2.389648
4715,-10599.578125,-10598.225586,1.352539
4716,-10531.471680,-10532.079102,0.607422
4717,-10273.561523,-10274.082031,0.520508
4718,-10530.977539,-10531.176758,0.199219
4719,-11342.510742,-11340.621094,1.889648
4720,-11373.630859,-11374.142578,0.511719
4721,-10532.801758,-10532.149414,0.652344
4722,-10562.066406,-10565.383789,3.317383
4723,-10971.366211,-10971.993164,0.626953
4724,-11912.921875,-11912.932617,0.010742
4725,-11452.223633,-11452.165039,0.058594
4726,-10879.233398,-10878.970703,0.262695
4727,-11542.787109,-11542.204102,0.583008
4728,-10968.161133,-10969.115234,0.954102
4729,-10497.635742,-10498.727539,1.091797
4730,-11376.751953,-11375.935547,0.816406
4731,-12455.479492,-12457.827148,2.347656
4732,-11808.200195,-11810.543945,2.343750
4733,-9587.883789,-9587.643555,0.240234
4734,-11509.481445,-11508.802734,0.678711
4735,-10775.478516,-10775.146484,0.332031
4736,-10499.927734,-10499.927734,0.000000
4737,-11508.138672,-11509.434570,1.295898
4738,-10740.192383,-10741.676758,1.484375
4739,-11542.666016,-11543.767578,1.101562
4740,-11916.066406,-11916.692383,0.625977
4741,-11239.685547,-11238.830078,0.855469
4742,-12489.999023,-12490.001953,0.002930
4743,-9554.005859,-9554.666992,0.661133
4744,-11512.839844,-11513.143555,0.303711
4745,-9522.041016,-9523.167969,1.126953
4746,-11341.364258,-11341.413086,0.048828
4747,-11511.592773,-11512.424805,0.832031
4748,-9923.871094,-9924.873047,1.001953
4749,-10334.616211,-10337.007812,2.391602
4750,-12279.391602,-12281.513672,2.122070
4751,-11284.893555,-11284.725586,0.167969
4752,-14091.957031,-14089.716797,2.240234
4753,-10803.332031,-10801.891602,1.440430
4754,-12522.370117,-12521.626953,0.743164
4755,-12246.872070,-12250.157227,3.285156
4756,-10937.043945,-10937.125977,0.082031
4757,-12313.850586,-12318.031250,4.180664
4758,-9992.146484,-9991.198242,0.948242
4759,-9953.602539,-9955.348633,1.746094
4760,-10499.295898,-10498.649414,0.646484
4761,-10565.916016,-10565.225586,0.690430
4762,-12816.123047,-12822.833008,6.709961
4763,-11844.878906,-11845.173828,0.294922
4764,-11945.603516,-11946.608398,1.004883
4765,-9521.161133,-9520.311523,0.849609
4766,-10969.479492,-10968.971680,0.507812
4767,-11511.922852,-11511.112305,0.810547
4768,-9361.208008,-9360.571289,0.636719
4769,-10968.211914,-10968.300781,0.088867
4770,-11575.465820,-11576.051758,0.585938
4771,-9331.377930,-9329.426758,1.951172
4772,-11443.805664,-11444.588867,0.783203
4773,-7391.128418,-7391.067383,0.061035
4774,-11342.037109,-11339.944336,2.092773
4775,-11951.524414,-11948.476562,3.047852
4776,-11779.236328,-11779.581055,0.344727
4777,-11917.620117,-11916.409180,1.210938
4778,-10533.300781,-10533.243164,0.057617
4779,-10532.468750,-10532.471680,0.002930
4780,-10533.254883,-10532.246094,1.008789
4781,-10533.169922,-10532.226562,0.943359
4782,-11951.144531,-11949.711914,1.432617
4783,-8484.884766,-8485.388672,0.503906
4784,-10532.510742,-10533.718750,1.208008
4785,-12486.579102,-12487.069336,0.490234
4786,-11846.082031,-11845.434570,0.647461
4787,-11710.165039,-11708.627930,1.537109
4788,-9430.940430,-9430.678711,0.261719
4789,-12014.973633,-12014.148438,0.825195
4790,-11512.292969,-11510.624023,1.668945
4791,-9926.616211,-9927.039062,0.422852
4792,-12895.816406,-12892.348633,3.467773
4793,-10497.056641,-10498.035156,0.978516
4794,-10365.381836,-10365.661133,0.279297
4795,-10867.712891,-10867.161133,0.551758
4796,-9471.712891,-9471.088867,0.624023
4797,-11812.000000,-11811.419922,0.580078
4798,-11408.433594,-11407.263672,1.169922
4799,-11373.511719,-11373.462891,0.048828
4800,-10533.166016,-10532.676758,0.489258
4801,-12488.575195,-12488.617188,0.041992
4802,-10370.976562,-10370.599609,0.376953
4803,-12487.286133,-12487.162109,0.124023
4804,-11509.780273,-11509.538086,0.242188
4805,-12959.254883,-12959.789062,0.534180
4806,-11004.644531,-11003.813477,0.831055
4807,-11946.882812,-11945.854492,1.028320
4808,-12893.669922,-12894.259766,0.589844
4809,-10395.946289,-10395.981445,0.035156
4810,-12488.586914,-12486.950195,1.636719
4811,-10465.868164,-10466.107422,0.239258
4812,-12249.314453,-12249.500000,0.185547
4813,-11509.803711,-11508.130859,1.672852
4814,-11677.121094,-11675.521484,1.599609
4815,-11913.842773,-11913.734375,0.108398
4816,-9589.305664,-9587.342773,1.962891
4817,-10499.413086,-10499.996094,0.583008
4818,-11509.394531,-11509.896484,0.501953
4819,-10498.132812,-10499.564453,1.431641
4820,-10530.716797,-10532.729492,2.012695
4821,-11511.227539,-11510.484375,0.743164
4822,-11543.301758,-11543.655273,0.353516
4823,-8453.970703,-8453.207031,0.763672
4824,-11575.455078,-11575.781250,0.326172
4825,-10361.699219,-10362.971680,1.272461
4826,-11338.585938,-11340.473633,1.887695
4827,-11913.179688,-11914.751953,1.572266
4828,-10532.457031,-10533.576172,1.119141
4829,-13532.089844,-13532.068359,0.021484
4830,-12353.545898,-12353.418945,0.126953
4831,-11509.409180,-11509.539062,0.129883
4832,-10906.366211,-10903.972656,2.393555
4833,-9485.937500,-9488.175781,2.238281
4834,-10968.399414,-10968.520508,0.121094
4835,-9901.433594,-9901.152344,0.281250
4836,-12354.216797,-12353.316406,0.900391
4837,-9990.669922,-9991.286133,0.616211
4838,-11947.500000,-11948.302734,0.802734
4839,-9835.721680,-9834.036133,1.685547
4840,-10936.878906,-10934.111328,2.767578
4841,-12487.878906,-12489.572266,1.693359
4842,-10968.227539,-10968.180664,0.046875
4843,-11978.346680,-11979.399414,1.052734
4844,-10474.612305,-10474.639648,0.027344
4845,-9519.754883,-9521.036133,1.281250
4846,-10567.383789,-10566.062500,1.321289
4847,-10600.128906,-10599.081055,1.047852
4848,-10565.575195,-10565.185547,0.389648
4849,-11776.627930,-11779.135742,2.507812
4850,-10499.675781,-10499.281250,0.394531
4851,-12418.291992,-12418.497070,0.205078
4852,-12520.890625,-12522.150391,1.259766
4853,-11407.022461,-11407.917969,0.895508
4854,-11511.565430,-11511.002930,0.562500
4855,-9556.147461,-9555.726562,0.420898
4856,-8492.803711,-8493.654297,0.850586
4857,-9867.714844,-9867.935547,0.220703
4858,-10506.979492,-10508.016602,1.037109
4859,-10305.559570,-10304.464844,1.094727
4860,-8225.847656,-8226.105469,0.257812
4861,-11510.880859,-11510.241211,0.639648
4862,-10971.541992,-10969.228516,2.313477
4863,-11375.111328,-11374.973633,0.137695
4864,-10969.794922,-10969.651367,0.143555
4865,-11674.277344,-11675.040039,0.762695
4866,-11510.925781,-11509.284180,1.641602
4867,-8517.695312,-8518.458008,0.762695
4868,-10023.478516,-10024.699219,1.220703
4869,-10598.289062,-10598.300781,0.011719
4870,-10531.634766,-10532.849609,1.214844
4871,-12785.151367,-12787.151367,2.000000
4872,-11513.249023,-11512.472656,0.776367
4873,-11845.295898,-11845.221680,0.074219
4874,-9585.084961,-9586.898438,1.813477
4875,-11418.796875,-11419.260742,0.463867
4876,-11845.512695,-11844.762695,0.750000
4877,-12355.097656,-12352.970703,2.126953
4878,-11006.000977,-11004.708984,1.291992
4879,-10971.292969,-10971.183594,0.109375
4880,-9924.354492,-9924.163086,0.191406
4881,-12925.306641,-12926.516602,1.209961
4882,-9992.606445,-9992.329102,0.277344
4883,-10429.322266,-10429.504883,0.182617
4884,-11539.047852,-11542.342773,3.294922
4885,-11917.162109,-11915.166016,1.996094
4886,-11948.321289,-11949.258789,0.937500
4887,-9926.619141,-9928.061523,1.442383
4888,-10567.320312,-10565.903320,1.416992
4889,-9528.111328,-9529.684570,1.573242
4890,-10967.694336,-10968.150391,0.456055
4891,-12251.553711,-12249.061523,2.492188
4892,-8886.015625,-8888.224609,2.208984
4893,-12521.819336,-12522.030273,0.210938
4894,-11947.890625,-11947.780273,0.110352
4895,-11915.545898,-11916.712891,1.166992
4896,-12487.605469,-12488.542969,0.937500
4897,-10532.959961,-10532.916992,0.042969
4898,-11371.499023,-11374.596680,3.097656
4899,-10363.547852,-10363.377930,0.169922
4900,-11511.218750,-11510.209961,1.008789
4901,-9811.096680,-9808.843750,2.252930
4902,-11475.370117,-11475.397461,0.027344
4903,-10597.815430,-10598.549805,0.734375
4904,-11576.236328,-11576.568359,0.332031
4905,-11948.139648,-11948.240234,0.100586
4906,-12894.304688,-12894.973633,0.668945
4907,-10802.003906,-10801.894531,0.109375
4908,-10532.529297,-10531.905273,0.624023
4909,-10563.454102,-10564.946289,1.492188
4910,-12383.665039,-12384.290039,0.625000
4911,-11439.664062,-11439.900391,0.236328
4912,-11883.912109,-11882.335938,1.576172
4913,-10496.995117,-10497.860352,0.865234
4914,-11479.599609,-11478.877930,0.721680
4915,-9964.996094,-9965.413086,0.416992
4916,-10937.311523,-10937.000000,0.311523
4917,-10880.489258,-10880.109375,0.379883
4918,-10967.729492,-10968.895508,1.166016
4919,-8272.986328,-8266.433594,6.552734
4920,-11001.831055,-11001.873047,0.041992
4921,-9489.999023,-9487.651367,2.347656
4922,-11846.201172,-11845.281250,0.919922
4923,-10972.338867,-10970.272461,2.066406
4924,-11813.182617,-11812.249023,0.933594
4925,-10533.161133,-10532.535156,0.625977
4926,-12896.914062,-12894.430664,2.483398
4927,-11980.105469,-11980.893555,0.788086
4928,-10963.374023,-10960.991211,2.382812
4929,-9464.948242,-9463.992188,0.956055
4930,-11911.646484,-11912.646484,1.000000
4931,-11510.289062,-11510.551758,0.262695
4932,-11542.521484,-11542.455078,0.066406
4933,-10715.732422,-10711.137695,4.594727
4934,-11507.995117,-11510.478516,2.483398
4935,-11978.799805,-11979.094727,0.294922
4936,-11951.219727,-11948.784180,2.435547
4937,-10831.546875,-10829.525391,2.021484
4938,-10633.545898,-10631.576172,1.969727
4939,-10598.954102,-10598.344727,0.609375
4940,-11405.077148,-11405.171875,0.094727
4941,-10904.077148,-10904.988281,0.911133
4942,-11372.745117,-11373.756836,1.011719
4943,-11950.730469,-11948.836914,1.893555
4944,-11709.298828,-11707.787109,1.511719
4945,-10937.725586,-10939.214844,1.489258
4946,-12283.500000,-12281.980469,1.519531
4947,-12896.326172,-12893.541992,2.784180
4948,-10396.849609,-10395.835938,1.013672
4949,-11340.105469,-11339.274414,0.831055
4950,-11445.781250,-11443.651367,2.129883
4951,-10507.006836,-10506.825195,0.181641
4952,-10500.351562,-10499.953125,0.398438
4953,-12354.901367,-12354.823242,0.078125
4954,-12012.706055,-12012.353516,0.352539
4955,-11950.984375,-11948.835938,2.148438
4956,-11439.253906,-11440.383789,1.129883
4957,-9587.360352,-9588.092773,0.732422
4958,-10969.884766,-10969.753906,0.130859
4959,-11511.230469,-11510.583984,0.646484
4960,-11511.270508,-11511.390625,0.120117
4961,-10801.193359,-10801.023438,0.169922
4962,-10934.728516,-10936.257812,1.529297
4963,-12490.533203,-12489.618164,0.915039
4964,-10804.225586,-10802.232422,1.993164
4965,-10534.855469,-10533.426758,1.428711
4966,-11510.405273,-11509.909180,0.496094
4967,-11949.195312,-11948.649414,0.545898
4968,-10969.885742,-10969.515625,0.370117
4969,-11372.832031,-11374.188477,1.356445
4970,-9327.870117,-9327.344727,0.525391
4971,-12351.786133,-12352.459961,0.673828
4972,-10800.291016,-10801.364258,1.073242
4973,-12353.738281,-12352.600586,1.137695
4974,-12927.223633,-12925.167969,2.055664
4975,-9438.874023,-9437.602539,1.271484
4976,-8486.920898,-8485.613281,1.307617
4977,-12318.508789,-12320.271484,1.762695
4978,-12485.252930,-12487.096680,1.843750
4979,-11913.288086,-11915.779297,2.491211
4980,-10801.784180,-10802.748047,0.963867
4981,-12349.295898,-12351.540039,2.244141
4982,-9797.522461,-9797.707031,0.184570
4983,-10947.509766,-10944.021484,3.488281
4984,-11372.014648,-11373.463867,1.449219
4985,-13498.183594,-13500.599609,2.416016
4986,-11947.092773,-11947.629883,0.537109
4987,-12425.644531,-12424.944336,0.700195
4988,-13364.619141,-13364.739258,0.120117
4989,-13328.936523,-13330.165039,1.228516
4990,-11512.209961,-11511.607422,0.602539
4991,-11440.868164,-11440.067383,0.800781
4992,-9867.924805,-9867.019531,0.905273
4993,-9587.313477,-9587.640625,0.327148
4994,-13793.859375,-13797.671875,3.812500
4995,-10968.658203,-10968.752930,0.094727
4996,-11721.250977,-11720.831055,0.419922
4997,-8429.279297,-8426.903320,2.375977
4998,-10533.140625,-10533.348633,0.208008
4999,-11578.053711,-11576.767578,1.286133
5000,-11512.702148,-11511.490234,1.211914
5001,-11406.480469,-11406.163086,0.317383
5002,-9519.603516,-9520.903320,1.299805
5003,-11000.550781,-11001.553711,1.002930
5004,-9466.463867,-9464.552734,1.911133
5005,-10935.276367,-10937.229492,1.953125
5006,-11511.237305,-11509.446289,1.791016
5007,-11421.276367,-11420.998047,0.278320
5008,-10935.392578,-10938.039062,2.646484
5009,-10474.634766,-10475.353516,0.718750
5010,-11543.006836,-11543.723633,0.716797
5011,-12957.376953,-12958.598633,1.221680
5012,-10935.208008,-10935.159180,0.048828
5013,-11407.736328,-11407.115234,0.621094
5014,-11375.640625,-11373.806641,1.833984
5015,-10566.239258,-10566.045898,0.193359
5016,-11948.434570,-11946.796875,1.637695
5017,-11474.678711,-11474.013672,0.665039
5018,-10968.966797,-10968.687500,0.279297
5019,-12321.109375,-12321.088867,0.020508
5020,-11980.212891,-11981.252930,1.040039
5021,-10969.771484,-10969.354492,0.416992
5022,-11578.041992,-11576.432617,1.609375
5023,-11545.802734,-11544.083984,1.718750
5024,-12322.324219,-12319.199219,3.125000
5025,-9464.992188,-9464.091797,0.900391
5026,-11939.660156,-11945.875000,6.214844
5027,-10934.534180,-10935.763672,1.229492
5028,-11404.071289,-11404.915039,0.843750
5029,-11843.268555,-11845.172852,1.904297
5030,-11918.595703,-11917.369141,1.226562
5031,-12520.117188,-12521.490234,1.373047
5032,-10779.889648,-10788.648438,8.758789
5033,-10499.143555,-10500.301758,1.158203
5034,-11918.380859,-11915.499023,2.881836
5035,-10970.458008,-10970.220703,0.237305
5036,-10872.498047,-10869.868164,2.629883
5037,-12959.993164,-12959.367188,0.625977
5038,-10395.647461,-10396.759766,1.112305
5039,-10497.414062,-10498.958008,1.543945
5040,-12928.996094,-12926.989258,2.006836
5041,-11408.163086,-11406.724609,1.438477
5042,-10935.234375,-10935.012695,0.221680
5043,-11480.274414,-11480.031250,0.243164
5044,-10363.323242,-10362.660156,0.663086
5045,-11002.693359,-11002.500977,0.192383
5046,-11708.204102,-11708.711914,0.507812
5047,-11543.683594,-11542.616211,1.067383
5048,-10532.402344,-10532.166992,0.235352
5049,-11342.277344,-11342.121094,0.156250
5050,-11373.555664,-11375.423828,1.868164
5051,-10533.859375,-10533.593750,0.265625
5052,-9587.619141,-9588.119141,0.500000
5053,-11574.992188,-11576.114258,1.122070
5054,-9924.640625,-9924.711914,0.071289
5055,-10911.250977,-10913.146484,1.895508
5056,-9958.647461,-9958.621094,0.026367
5057,-11240.276367,-11239.529297,0.747070
5058,-9894.000000,-9894.085938,0.085938
5059,-10936.237305,-10935.503906,0.733398
5060,-11510.521484,-11511.213867,0.692383
5061,-10970.589844,-10971.797852,1.208008
5062,-9990.388672,-9990.364258,0.024414
5063,-12519.685547,-12521.428711,1.743164
5064,-11511.328125,-11510.769531,0.558594
5065,-12385.795898,-12386.352539,0.556641
5066,-10531.193359,-10532.858398,1.665039
5067,-11947.396484,-11947.509766,0.113281
5068,-12522.494141,-12521.047852,1.446289
5069,-11034.293945,-11035.152344,0.858398
5070,-12555.828125,-12554.340820,1.487305
5071,-11377.227539,-11373.500977,3.726562
5072,-11813.137695,-11812.637695,0.500000
5073,-11945.878906,-11947.664062,1.785156
5074,-11376.855469,-11376.123047,0.732422
5075,-10596.115234,-10598.591797,2.476562
5076,-11373.144531,-11374.347656,1.203125
5077,-10941.702148,-10943.230469,1.528320
5078,-10565.009766,-10565.213867,0.204102
5079,-11942.882812,-11945.746094,2.863281
5080,-11510.269531,-11508.632812,1.636719
5081,-8425.520508,-8427.238281,1.717773
5082,-11950.911133,-11947.086914,3.824219
5083,-11314.149414,-11316.380859,2.231445
5084,-10335.113281,-10338.528320,3.415039
5085,-1128.750000,-1101.488281,27.261719
5086,-10498.804688,-10498.827148,0.022461
5087,-10534.024414,-10533.301758,0.722656
5088,-11947.506836,-11948.221680,0.714844
5089,-11509.678711,-11509.535156,0.143555
5090,-9992.523438,-9991.178711,1.344727
5091,-12459.181641,-12456.457031,2.724609
5092,-11408.467773,-11407.436523,1.031250
5093,-12459.955078,-12456.021484,3.933594
5094,-12316.842773,-12319.190430,2.347656
5095,-10939.159180,-10937.767578,1.391602
5096,-10532.559570,-10533.214844,0.655273
5097,-10968.735352,-10970.481445,1.746094
5098,-11476.852539,-11476.996094,0.143555
5099,-12959.457031,-12959.743164,0.286133
5100,-10338.412109,-10333.333008,5.079102
5101,-11918.255859,-11915.762695,2.493164
5102,-9428.959961,-9429.517578,0.557617
5103,-10939.453125,-10939.677734,0.224609
5104,-12925.934570,-12926.279297,0.344727
5105,-8485.965820,-8486.407227,0.441406
5106,-11375.824219,-11375.101562,0.722656
5107,-12895.150391,-12894.134766,1.015625
5108,-11541.778320,-11543.738281,1.959961
5109,-11946.954102,-11948.263672,1.309570
5110,-10936.961914,-10936.483398,0.478516
5111,-10442.540039,-10441.309570,1.230469
5112,-11004.141602,-11003.349609,0.791992
5113,-11913.900391,-11915.486328,1.585938
5114,-12522.434570,-12521.312500,1.122070
5115,-12554.137695,-12554.499023,0.361328
5116,-11510.344727,-11510.371094,0.026367
5117,-11477.077148,-11475.755859,1.321289
5118,-10530.253906,-10532.202148,1.948242
5119,-10427.275391,-10427.341797,0.066406
5120,-11000.811523,-11001.509766,0.698242
5121,-10532.531250,-10533.104492,0.573242
5122,-11375.667969,-11374.541992,1.125977
5123,-9929.700195,-9927.818359,1.881836
5124,-10533.099609,-10533.084961,0.014648
5125,-11507.882812,-11508.858398,0.975586
5126,-11342.298828,-11342.388672,0.089844
5127,-7821.183105,-7820.763672,0.419434
5128,-11375.328125,-11376.422852,1.094727
5129,-10498.012695,-10498.615234,0.602539
5130,-10971.578125,-10970.587891,0.990234
5131,-10598.526367,-10598.526367,0.000000
5132,-12927.998047,-12925.806641,2.191406
5133,-11882.841797,-11882.506836,0.334961
5134,-11403.901367,-11407.327148,3.425781
5135,-12487.381836,-12488.109375,0.727539
5136,-9438.639648,-9437.893555,0.746094
5137,-9554.976562,-9555.266602,0.290039
5138,-11609.677734,-11609.230469,0.447266
5139,-10565.895508,-10566.599609,0.704102
5140,-10564.661133,-10565.045898,0.384766
5141,-11545.316406,-11544.271484,1.044922
5142,-9433.313477,-9432.283203,1.030273
5143,-12585.203125,-12586.629883,1.426758
5144,-12012.487305,-12012.502930,0.015625
5145,-9465.096680,-9464.346680,0.750000
5146,-11510.652344,-11510.088867,0.563477
5147,-12488.344727,-12487.099609,1.245117
5148,-12352.782227,-12353.630859,0.848633
5149,-9900.151367,-9900.815430,0.664062
5150,-12898.086914,-12894.537109,3.549805
5151,-10478.594727,-10475.923828,2.670898
5152,-10878.932617,-10879.727539,0.794922
5153,-9487.809570,-9490.262695,2.453125
5154,-11510.913086,-11509.069336,1.843750
5155,-10498.563477,-10500.418945,1.855469
5156,-10905.341797,-10903.262695,2.079102
5157,-11852.801758,-11850.266602,2.535156
5158,-11917.450195,-11916.314453,1.135742
5159,-12894.915039,-12894.159180,0.755859
5160,-11375.842773,-11371.548828,4.293945
5161,-9960.556641,-9959.569336,0.987305
5162,-10533.824219,-10532.676758,1.147461
5163,-11542.821289,-11542.612305,0.208984
5164,-11486.898438,-11484.166992,2.731445
5165,-10508.864258,-10507.555664,1.308594
5166,-10939.695312,-10938.510742,1.184570
5167,-9991.651367,-9990.792969,0.858398
5168,-11373.718750,-11375.386719,1.667969
5169,-11918.109375,-11916.192383,1.916992
5170,-12686.207031,-12685.976562,0.230469
5171,-11544.128906,-11543.840820,0.288086
5172,-11981.857422,-11981.837891,0.019531
5173,-11846.016602,-11849.689453,3.672852
5174,-10912.337891,-10912.046875,0.291016
5175,-11372.895508,-11372.471680,0.423828
5176,-10936.838867,-10936.280273,0.558594
5177,-11374.069336,-11374.614258,0.544922
5178,-9556.011719,-9554.683594,1.328125
5179,-10565.104492,-10565.515625,0.411133
5180,-10532.369141,-10531.151367,1.217773
5181,-9461.790039,-9462.601562,0.811523
5182,-12455.218750,-12455.957031,0.738281
5183,-11339.161133,-11340.138672,0.977539
5184,-11544.564453,-11543.606445,0.958008
5185,-11371.478516,-11374.280273,2.801758
5186,-10969.587891,-10969.755859,0.167969
5187,-10307.000977,-10307.264648,0.263672
5188,-12455.785156,-12456.698242,0.913086
5189,-11351.803711,-11350.753906,1.049805
5190,-9992.746094,-9992.245117,0.500977
5191,-10874.363281,-10875.506836,1.143555
5192,-11001.081055,-11001.788086,0.707031
5193,-11948.293945,-11948.796875,0.502930
5194,-8487.239258,-8487.303711,0.064453
5195,-10531.466797,-10532.791992,1.325195
5196,-11476.870117,-11475.693359,1.176758
5197,-12490.196289,-12487.304688,2.891602
5198,-9867.195312,-9868.137695,0.942383
5199,-10938.076172,-10937.045898,1.030273
5200,-9555.834961,-9556.104492,0.269531
5201,-9554.232422,-9554.044922,0.187500
5202,-12926.499023,-12926.964844,0.465820
5203,-10464.370117,-10465.624023,1.253906
5204,-10971.341797,-10970.891602,0.450195
5205,-10427.760742,-10428.112305,0.351562
5206,-10598.279297,-10598.151367,0.127930
5207,-9901.925781,-9901.311523,0.614258
5208,-11947.916016,-11948.645508,0.729492
5209,-11944.628906,-11945.362305,0.733398
5210,-9393.012695,-9398.365234,5.352539
5211,-9488.053711,-9487.907227,0.146484
5212,-12795.926758,-12790.945312,4.981445
5213,-11478.109375,-11477.562500,0.546875
5214,-10472.387695,-10468.833984,3.553711
5215,-9925.834961,-9925.201172,0.633789
5216,-10567.163086,-10566.605469,0.557617
5217,-11511.048828,-11510.995117,0.053711
5218,-10744.151367,-10743.431641,0.719727
5219,-10395.310547,-10395.845703,0.535156
5220,-10937.533203,-10935.617188,1.916016
5221,-8424.601562,-8427.405273,2.803711
5222,-11308.446289,-11308.778320,0.332031
5223,-12626.629883,-12617.747070,8.882812
5224,-11543.575195,-11543.735352,0.160156
5225,-11510.241211,-11510.047852,0.193359
5226,-6316.566406,-6314.031250,2.535156
5227,-10532.430664,-10533.403320,0.972656
5228,-11002.224609,-11001.676758,0.547852
5229,-10373.091797,-10371.995117,1.096680
5230,-9899.160156,-9899.442383,0.282227
5231,-9900.077148,-9900.258789,0.181641
5232,-11978.320312,-11979.731445,1.411133
5233,-10370.407227,-10371.410156,1.002930
5234,-10905.461914,-10902.833984,2.627930
5235,-11477.093750,-11478.083984,0.990234
5236,-11003.079102,-11003.640625,0.561523
5237,-10998.798828,-11000.369141,1.570312
5238,-12924.617188,-12925.031250,0.414062
5239,-12928.978516,-12926.714844,2.263672
5240,-10363.872070,-10364.175781,0.303711
5241,-11510.625977,-11510.934570,0.308594
5242,-12519.849609,-12520.775391,0.925781
5243,-11544.748047,-11542.721680,2.026367
5244,-11778.602539,-11780.003906,1.401367
5245,-13325.869141,-13330.383789,4.514648
5246,-12485.298828,-12487.742188,2.443359
5247,-11888.006836,-11891.575195,3.568359
5248,-13363.402344,-13363.947266,0.544922
5249,-10969.113281,-10967.360352,1.752930
5250,-12249.083984,-12248.729492,0.354492
5251,-9653.467773,-9653.911133,0.443359
5252,-11374.724609,-11374.283203,0.441406
5253,-11980.540039,-11980.790039,0.250000
5254,-11373.541992,-11371.577148,1.964844
5255,-10935.034180,-10935.050781,0.016602
5256,-11002.208008,-11001.401367,0.806641
5257,-12485.228516,-12488.045898,2.817383
5258,-12387.102539,-12385.986328,1.116211
5259,-10531.971680,-10532.246094,0.274414
5260,-9497.382812,-9496.761719,0.621094
5261,-8485.061523,-8485.263672,0.202148
5262,-11612.089844,-11608.861328,3.228516
5263,-9992.621094,-9992.344727,0.276367
5264,-12753.917969,-12757.251953,3.333984
5265,-12489.683594,-12489.206055,0.477539
5266,-12217.173828,-12216.737305,0.436523
5267,-10898.728516,-10901.077148,2.348633
5268,-10431.606445,-10429.858398,1.748047
5269,-9586.546875,-9587.510742,0.963867
5270,-10306.234375,-10305.508789,0.725586
5271,-9990.301758,-9991.015625,0.713867
5272,-11775.117188,-11779.743164,4.625977
5273,-12292.088867,-12287.254883,4.833984
5274,-10904.541016,-10906.065430,1.524414
5275,-11344.897461,-11342.497070,2.400391
5276,-11478.730469,-11477.804688,0.925781
5277,-12553.143555,-12553.583008,0.439453
5278,-11508.904297,-11509.491211,0.586914
5279,-10532.783203,-10531.927734,0.855469
5280,-11510.422852,-11509.806641,0.616211
5281,-11949.256836,-11947.678711,1.578125
5282,-10933.423828,-10934.837891,1.414062
5283,-11510.249023,-11510.423828,0.174805
5284,-11576.834961,-11577.157227,0.322266
5285,-10973.517578,-10971.513672,2.003906
5286,-9991.420898,-9990.644531,0.776367
5287,-10971.926758,-10970.286133,1.640625
5288,-12924.820312,-12926.881836,2.061523
5289,-11946.171875,-11947.211914,1.040039
5290,-8460.600586,-8459.888672,0.711914
5291,-10438.626953,-10440.480469,1.853516
5292,-9959.881836,-9960.525391,0.643555
5293,-10566.124023,-10566.202148,0.078125
5294,-9957.194336,-9958.538086,1.343750
5295,-10439.033203,-10439.928711,0.895508
5296,-11880.668945,-11878.401367,2.267578
5297,-10338.034180,-10338.587891,0.553711
5298,-12789.185547,-12790.140625,0.955078
5299,-10501.250977,-10497.859375,3.391602
5300,-10969.257812,-10968.996094,0.261719
5301,-7915.863281,-7918.998047,3.134766
5302,-9463.505859,-9463.589844,0.083984
5303,-9302.334961,-9302.746094,0.411133
5304,-12822.660156,-12822.591797,0.068359
5305,-11409.503906,-11407.625000,1.878906
5306,-11946.932617,-11946.557617,0.375000
5307,-10878.091797,-10878.723633,0.631836
5308,-10968.469727,-10970.449219,1.979492
5309,-11445.174805,-11444.421875,0.752930
5310,-10533.807617,-10532.904297,0.903320
5311,-12823.635742,-12822.119141,1.516602
5312,-12487.843750,-12486.845703,0.998047
5313,-12384.011719,-12384.623047,0.611328
5314,-11811.083984,-11811.160156,0.076172
5315,-8887.939453,-8887.340820,0.598633
5316,-11540.646484,-11541.968750,1.322266
5317,-9866.833008,-9867.967773,1.134766
5318,-8519.811523,-8519.398438,0.413086
5319,-11510.234375,-11510.570312,0.335938
5320,-12352.931641,-12354.374023,1.442383
5321,-11946.836914,-11948.212891,1.375977
5322,-11406.109375,-11405.960938,0.148438
5323,-8923.480469,-8923.596680,0.116211
5324,-10968.133789,-10967.295898,0.837891
5325,-11480.365234,-11478.718750,1.646484
5326,-11003.513672,-11002.937500,0.576172
5327,-12353.714844,-12351.788086,1.926758
5328,-12492.068359,-12490.602539,1.465820
5329,-11374.614258,-11374.420898,0.193359
5330,-11947.303711,-11947.568359,0.264648
5331,-11375.026367,-11375.532227,0.505859
5332,-12922.527344,-12924.391602,1.864258
5333,-11845.972656,-11844.708008,1.264648
5334,-11375.793945,-11374.916016,0.877930
5335,-12488.751953,-12488.633789,0.118164
5336,-11915.210938,-11914.945312,0.265625
5337,-10969.239258,-10968.749023,0.490234
5338,-15497.669922,-15493.771484,3.898438
5339,-11915.016602,-11917.375977,2.359375
5340,-10880.563477,-10878.996094,1.567383
5341,-9927.384766,-9927.730469,0.345703
5342,-12552.476562,-12553.333984,0.857422
5343,-10364.686523,-10362.983398,1.703125
5344,-11913.946289,-11915.044922,1.098633
5345,-11003.986328,-11004.642578,0.656250
5346,-8486.451172,-8486.145508,0.305664
5347,-10405.334961,-10406.872070,1.537109
5348,-11403.882812,-11404.832031,0.949219
5349,-11545.486328,-11544.350586,1.135742
5350,-11240.404297,-11238.913086,1.491211
5351,-10566.120117,-10565.261719,0.858398
5352,-11845.295898,-11845.417969,0.122070
5353,-9958.728516,-9959.709961,0.981445
5354,-11913.807617,-11913.630859,0.176758
5355,-11949.705078,-11949.029297,0.675781
5356,-10532.576172,-10532.361328,0.214844
5357,-10566.440430,-10565.130859,1.309570
5358,-11914.439453,-11916.878906,2.439453
5359,-11845.521484,-11846.048828,0.527344
5360,-13866.315430,-13878.572266,12.256836
5361,-11479.526367,-11477.768555,1.757812
5362,-11376.879883,-11374.416992,2.462891
5363,-11375.509766,-11376.689453,1.179688
5364,-12488.974609,-12490.032227,1.057617
5365,-11410.880859,-11408.621094,2.259766
5366,-12385.199219,-12385.793945,0.594727
5367,-11542.412109,-11544.020508,1.608398
5368,-11915.416992,-11915.465820,0.048828
5369,-11950.509766,-11947.193359,3.316406
5370,-11543.516602,-11542.960938,0.555664
5371,-9959.657227,-9959.583984,0.073242
5372,-9901.546875,-9902.195312,0.648438
5373,-10902.205078,-10904.749023,2.543945
5374,-11407.364258,-11407.052734,0.311523
5375,-10912.336914,-10911.725586,0.611328
5376,-11947.584961,-11947.712891,0.127930
5377,-11473.670898,-11474.054688,0.383789
5378,-11947.765625,-11948.268555,0.502930
5379,-10974.239258,-10971.607422,2.631836
5380,-12384.828125,-12386.647461,1.819336
5381,-10940.041016,-10937.339844,2.701172
5382,-11003.997070,-11004.066406,0.069336
5383,-11943.454102,-11945.924805,2.470703
5384,-10362.103516,-10363.010742,0.907227
5385,-11376.864258,-11374.741211,2.123047
5386,-9463.047852,-9462.696289,0.351562
5387,-10507.626953,-10507.976562,0.349609
5388,-12689.609375,-12685.130859,4.478516
5389,-11003.574219,-11003.892578,0.318359
5390,-11914.003906,-11914.316406,0.312500
5391,-10802.424805,-10802.309570,0.115234
5392,-10876.783203,-10878.750000,1.966797
5393,-10937.214844,-10937.698242,0.483398
5394,-12354.154297,-12353.148438,1.005859
5395,-12354.899414,-12353.482422,1.416992
5396,-11919.348633,-11917.389648,1.958984
5397,-10911.676758,-10912.351562,0.674805
5398,-9357.356445,-9357.533203,0.176758
5399,-10532.617188,-10533.191406,0.574219
5400,-10969.950195,-10968.636719,1.313477
5401,-13764.238281,-13764.675781,0.437500
5402,-9956.587891,-9956.892578,0.304688
5403,-11950.809570,-11947.251953,3.557617
5404,-10305.610352,-10304.064453,1.545898
5405,-11917.285156,-11915.689453,1.595703
5406,-11510.094727,-11510.564453,0.469727
5407,-10533.114258,-10532.288086,0.826172
5408,-9895.730469,-9894.105469,1.625000
5409,-11241.182617,-11238.699219,2.483398
5410,-11511.221680,-11510.389648,0.832031
5411,-11947.084961,-11946.195312,0.889648
5412,-10631.480469,-10631.683594,0.203125
5413,-10970.859375,-10970.364258,0.495117
5414,-10399.579102,-10398.261719,1.317383
5415,-12014.443359,-12013.329102,1.114258
5416,-11002.522461,-11002.578125,0.055664
5417,-9463.906250,-9464.130859,0.224609
5418,-10470.251953,-10469.331055,0.920898
5419,-11475.954102,-11474.139648,1.814453
5420,-12486.865234,-12488.366211,1.500977
5421,-11001.844727,-11002.297852,0.453125
5422,-11544.045898,-11543.333008,0.712891
5423,-12522.207031,-12521.718750,0.488281
5424,-10835.645508,-10834.122070,1.523438
5425,-11509.637695,-11509.398438,0.239258
5426,-10833.927734,-10834.088867,0.161133
5427,-11510.674805,-11511.339844,0.665039
5428,-11883.821289,-11883.317383,0.503906
5429,-11478.006836,-11477.163086,0.843750
5430,-11477.685547,-11479.673828,1.988281
5431,-11813.319336,-11813.249023,0.070312
5432,-11544.499023,-11544.501953,0.002930
5433,-10203.155273,-10201.670898,1.484375
5434,-12015.378906,-12014.403320,0.975586
5435,-10968.183594,-10967.775391,0.408203
5436,-12896.176758,-12895.743164,0.433594
5437,-10937.693359,-10936.146484,1.546875
5438,-9990.271484,-9990.217773,0.053711
5439,-11512.222656,-11511.822266,0.400391
5440,-9488.656250,-9488.855469,0.199219
5441,-11509.778320,-11509.760742,0.017578
5442,-10932.942383,-10934.012695,1.070312
5443,-9462.685547,-9462.432617,0.252930
5444,-11948.060547,-11947.803711,0.256836
5445,-10801.479492,-10800.571289,0.908203
5446,-12321.094727,-12319.544922,1.549805
5447,-11949.430664,-11949.145508,0.285156
5448,-12519.092773,-12519.871094,0.778320
5449,-11475.436523,-11475.200195,0.236328
5450,-12214.815430,-12215.736328,0.920898
5451,-9497.361328,-9497.499023,0.137695
5452,-11308.558594,-11309.045898,0.487305
5453,-10272.724609,-10272.891602,0.166992
5454,-11947.143555,-11948.590820,1.447266
5455,-11477.700195,-11477.262695,0.437500
5456,-11576.306641,-11575.746094,0.560547
5457,-11480.437500,-11479.764648,0.672852
5458,-9956.435547,-9957.316406,0.880859
5459,-7450.836914,-7450.650879,0.186035
5460,-10362.402344,-10364.319336,1.916992
5461,-12520.995117,-12520.318359,0.676758
5462,-12488.967773,-12489.199219,0.231445
5463,-10531.343750,-10532.171875,0.828125
5464,-10903.478516,-10903.699219,0.220703
5465,-10915.109375,-10912.322266,2.787109
5466,-10331.167969,-10330.581055,0.586914
5467,-11982.083984,-11981.837891,0.246094
5468,-10533.111328,-10533.015625,0.095703
5469,-9465.151367,-9465.342773,0.191406
5470,-11542.672852,-11543.564453,0.891602
5471,-9522.154297,-9522.193359,0.039062
5472,-10968.906250,-10969.682617,0.776367
5473,-10475.916992,-10473.969727,1.947266
5474,-12355.548828,-12354.520508,1.028320
5475,-9523.244141,-9520.233398,3.010742
5476,-9925.933594,-9924.424805,1.508789
5477,-10972.066406,-10970.890625,1.175781
5478,-12720.888672,-12721.651367,0.762695
5479,-12454.420898,-12455.861328,1.440430
5480,-11543.133789,-11542.959961,0.173828
5481,-11512.598633,-11511.983398,0.615234
5482,-11475.264648,-11477.245117,1.980469
5483,-10501.050781,-10500.069336,0.981445
5484,-11511.154297,-11510.644531,0.509766
5485,-11888.160156,-11891.261719,3.101562
5486,-11542.632812,-11542.607422,0.025391
5487,-11542.483398,-11543.250000,0.766602
5488,-11882.229492,-11882.881836,0.652344
5489,-10870.496094,-10870.422852,0.073242
5490,-11509.198242,-11509.689453,0.491211
5491,-10464.115234,-10467.823242,3.708008
5492,-8866.376953,-8865.042969,1.333984
5493,-11408.056641,-11407.990234,0.066406
5494,-11945.758789,-11946.994141,1.235352
5495,-10497.428711,-10496.457031,0.971680
5496,-10499.696289,-10499.674805,0.021484
5497,-12353.652344,-12352.788086,0.864258
5498,-12487.973633,-12488.339844,0.366211
5499,-9489.217773,-9489.468750,0.250977
5500,-11405.435547,-11407.813477,2.377930
5501,-11002.960938,-11002.080078,0.880859
5502,-10507.763672,-10506.623047,1.140625
5503,-11911.297852,-11912.475586,1.177734
5504,-10532.558594,-10532.625977,0.067383
5505,-11576.079102,-11575.830078,0.249023
5506,-10397.584961,-10396.653320,0.931641
5507,-9927.357422,-9925.333008,2.024414
5508,-10366.647461,-10364.410156,2.237305
5509,-11404.583984,-11406.916016,2.332031
5510,-8259.729492,-8258.594727,1.134766
5511,-10398.463867,-10396.979492,1.484375
5512,-10969.761719,-10969.245117,0.516602
5513,-10395.521484,-10396.023438,0.501953
5514,-11576.257812,-11576.515625,0.257812
5515,-11607.901367,-11609.126953,1.225586
5516,-9587.252930,-9586.699219,0.553711
5517,-11407.646484,-11406.728516,0.917969
5518,-11512.351562,-11511.081055,1.270508
5519,-11947.061523,-11948.278320,1.216797
5520,-10938.291992,-10938.031250,0.260742
5521,-11374.888672,-11374.562500,0.326172
5522,-10499.833984,-10499.384766,0.449219
5523,-10507.447266,-10507.856445,0.409180
5524,-12552.778320,-12553.528320,0.750000
5525,-11916.596680,-11914.327148,2.269531
5526,-12619.523438,-12620.086914,0.563477
5527,-10298.715820,-10298.109375,0.606445
5528,-10532.650391,-10532.555664,0.094727
5529,-12387.879883,-12385.731445,2.148438
5530,-11377.904297,-11374.750000,3.154297
5531,-10935.580078,-10935.253906,0.326172
5532,-12011.613281,-12012.429688,0.816406
5533,-12960.548828,-12960.729492,0.180664
5534,-10566.960938,-10566.161133,0.799805
5535,-10466.184570,-10466.642578,0.458008
5536,-12897.377930,-12894.784180,2.593750
5537,-9429.081055,-9429.569336,0.488281
5538,-12923.949219,-12922.902344,1.046875
5539,-9956.861328,-9957.788086,0.926758
5540,-10530.505859,-10531.705078,1.199219
5541,-10500.514648,-10500.155273,0.359375
5542,-11509.937500,-11510.208008,0.270508
5543,-10533.993164,-10532.762695,1.230469
5544,-9561.623047,-9562.519531,0.896484
5545,-13360.020508,-13363.461914,3.441406
5546,-11859.733398,-11858.807617,0.925781
5547,-10600.476562,-10599.359375,1.117188
5548,-11512.078125,-11510.750977,1.327148
5549,-11980.526367,-11979.051758,1.474609
5550,-9520.482422,-9520.329102,0.153320
5551,-11344.731445,-11343.452148,1.279297
5552,-12246.518555,-12247.642578,1.124023
5553,-11375.226562,-11375.257812,0.031250
5554,-12520.440430,-12520.193359,0.247070
5555,-9557.245117,-9555.285156,1.959961
5556,-11948.418945,-11949.275391,0.856445
5557,-11812.474609,-11812.295898,0.178711
5558,-8485.024414,-8485.391602,0.367188
5559,-11913.578125,-11915.645508,2.067383
5560,-11948.683594,-11948.838867,0.155273
5561,-11948.078125,-11947.452148,0.625977
5562,-10774.691406,-10775.070312,0.378906
5563,-12387.728516,-12386.054688,1.673828
5564,-12384.410156,-12386.144531,1.734375
5565,-9561.864258,-9562.274414,0.410156
5566,-9834.854492,-9834.320312,0.534180
5567,-11542.838867,-11543.076172,0.237305
5568,-8854.496094,-8853.774414,0.721680
5569,-11316.470703,-11317.228516,0.757812
5570,-11780.718750,-11779.676758,1.041992
5571,-11948.877930,-11947.793945,1.083984
5572,-11451.537109,-11452.934570,1.397461
5573,-12013.270508,-12012.544922,0.725586
5574,-11238.190430,-11236.597656,1.592773
5575,-9331.978516,-9327.775391,4.203125
5576,-10530.792969,-10532.468750,1.675781
5577,-10567.500977,-10566.810547,0.690430
5578,-11240.762695,-11238.816406,1.946289
5579,-11576.210938,-11576.171875,0.039062
5580,-12419.525391,-12418.967773,0.557617
5581,-10971.797852,-10971.906250,0.108398
5582,-10563.677734,-10564.918945,1.241211
5583,-10904.511719,-10905.064453,0.552734
5584,-12486.904297,-12488.933594,2.029297
5585,-11917.841797,-11917.123047,0.718750
5586,-12356.803711,-12354.770508,2.033203
5587,-10801.022461,-10800.826172,0.196289
5588,-12355.933594,-12354.279297,1.654297
5589,-11342.086914,-11341.864258,0.222656
5590,-9361.953125,-9360.860352,1.092773
5591,-10905.146484,-10905.154297,0.007812
5592,-11545.501953,-11544.432617,1.069336
5593,-12453.634766,-12454.937500,1.302734
5594,-11002.558594,-11003.398438,0.839844
5595,-10533.714844,-10533.272461,0.442383
5596,-11510.555664,-11509.489258,1.066406
5597,-11543.251953,-11542.933594,0.318359
5598,-10476.991211,-10475.762695,1.228516
5599,-10497.964844,-10497.930664,0.034180
5600,-11510.322266,-11509.922852,0.399414
5601,-13875.212891,-13873.469727,1.743164
5602,-11808.659180,-11812.674805,4.015625
5603,-11912.400391,-11913.646484,1.246094
5604,-10936.933594,-10936.719727,0.213867
5605,-8425.986328,-8428.208984,2.222656
5606,-9959.122070,-9957.675781,1.446289
5607,-11728.812500,-11719.721680,9.090820
5608,-11438.602539,-11441.575195,2.972656
5609,-10934.934570,-10936.308594,1.374023
5610,-10597.979492,-10598.425781,0.446289
5611,-11916.403320,-11914.225586,2.177734
5612,-9957.787109,-9958.768555,0.981445
5613,-12015.223633,-12012.453125,2.770508
5614,-10970.791992,-10970.605469,0.186523
5615,-10999.844727,-11001.686523,1.841797
5616,-10904.224609,-10900.680664,3.543945
5617,-11812.309570,-11811.790039,0.519531
5618,-11844.146484,-11844.330078,0.183594
5619,-11441.222656,-11439.496094,1.726562
5620,-11476.317383,-11477.388672,1.071289
5621,-9325.608398,-9327.017578,1.409180
5622,-10939.233398,-10936.367188,2.866211
5623,-9987.233398,-9988.654297,1.420898
5624,-10474.024414,-10473.862305,0.162109
5625,-10906.148438,-10904.422852,1.725586
5626,-10903.718750,-10904.578125,0.859375
5627,-11003.242188,-11004.136719,0.894531
5628,-11479.256836,-11478.933594,0.323242
5629,-11510.522461,-11510.557617,0.035156
5630,-10969.205078,-10968.427734,0.777344
5631,-9869.123047,-9867.050781,2.072266
5632,-11284.273438,-11282.952148,1.321289
5633,-12838.574219,-12837.196289,1.377930
5634,-12386.882812,-12386.377930,0.504883
5635,-11948.285156,-11948.297852,0.012695
5636,-11310.515625,-11309.107422,1.408203
5637,-11944.737305,-11946.160156,1.422852
5638,-12352.758789,-12353.036133,0.277344
5639,-11238.126953,-11238.934570,0.807617
5640,-11322.782227,-11317.707031,5.075195
5641,-12385.837891,-12385.409180,0.428711
5642,-9554.208984,-9556.255859,2.046875
5643,-10912.833008,-10911.607422,1.225586
5644,-12889.972656,-12894.182617,4.209961
5645,-8519.287109,-8518.667969,0.619141
5646,-11845.293945,-11845.031250,0.262695
5647,-9861.243164,-9860.214844,1.028320
5648,-12490.041016,-12489.380859,0.660156
5649,-11316.779297,-11317.817383,1.038086
5650,-7293.759766,-7301.028809,7.269043
5651,-10396.735352,-10398.640625,1.905273
5652,-9869.765625,-9866.945312,2.820312
5653,-12384.818359,-12385.434570,0.616211
5654,-10474.943359,-10474.549805,0.393555
5655,-10465.034180,-10465.607422,0.573242
5656,-12457.410156,-12456.560547,0.849609
5657,-10801.979492,-10799.502930,2.476562
5658,-12278.937500,-12280.722656,1.785156
5659,-12824.349609,-12823.321289,1.028320
5660,-11476.079102,-11475.727539,0.351562
5661,-16440.392578,-16439.890625,0.501953
5662,-12489.999023,-12489.221680,0.777344
5663,-10532.600586,-10531.988281,0.612305
5664,-10906.892578,-10903.619141,3.273438
5665,-10939.208008,-10938.169922,1.038086
5666,-11779.578125,-11780.409180,0.831055
5667,-11477.544922,-11476.836914,0.708008
5668,-11371.407227,-11373.916016,2.508789
5669,-12788.169922,-12791.189453,3.019531
5670,-12351.891602,-12353.263672,1.372070
5671,-10937.584961,-10934.857422,2.727539
5672,-11478.754883,-11480.239258,1.484375
5673,-12354.374023,-12353.721680,0.652344
5674,-11343.141602,-11341.786133,1.355469
5675,-9588.234375,-9587.661133,0.573242
5676,-10534.822266,-10532.625000,2.197266
5677,-12792.668945,-12791.543945,1.125000
5678,-9925.688477,-9924.583008,1.105469
5679,-10471.095703,-10466.573242,4.522461
5680,-11946.286133,-11946.973633,0.687500
5681,-11946.994141,-11948.623047,1.628906
5682,-12251.351562,-12248.625000,2.726562
5683,-11842.452148,-11843.418945,0.966797
5684,-10499.824219,-10499.950195,0.125977
5685,-12556.129883,-12554.870117,1.259766
5686,-12822.676758,-12823.520508,0.843750
5687,-11405.913086,-11407.880859,1.967773
5688,-10932.831055,-10934.110352,1.279297
5689,-12217.385742,-12217.196289,0.189453
5690,-10935.721680,-10934.343750,1.377930
5691,-11917.110352,-11915.567383,1.542969
5692,-10441.877930,-10442.519531,0.641602
5693,-10905.068359,-10903.984375,1.083984
5694,-11595.188477,-11593.389648,1.798828
5695,-12926.621094,-12926.573242,0.047852
5696,-10463.989258,-10465.531250,1.541992
5697,-10970.695312,-10969.097656,1.597656
5698,-11542.416016,-11542.793945,0.377930
5699,-11442.582031,-11440.567383,2.014648
5700,-12791.613281,-12789.983398,1.629883
5701,-11345.278320,-11343.041016,2.237305
5702,-11308.008789,-11306.925781,1.083008
5703,-11000.053711,-11001.525391,1.471680
5704,-10936.827148,-10937.274414,0.447266
5705,-11305.730469,-11303.460938,2.269531
5706,-10529.833008,-10531.811523,1.978516
5707,-10939.107422,-10938.183594,0.923828
5708,-12357.839844,-12353.884766,3.955078
5709,-11003.635742,-11003.828125,0.192383
5710,-11479.907227,-11479.256836,0.650391
5711,-13332.028320,-13331.616211,0.412109
5712,-10969.994141,-10967.470703,2.523438
5713,-9360.365234,-9360.641602,0.276367
5714,-11542.458008,-11543.902344,1.444336
5715,-10140.988281,-10142.477539,1.489258
5716,-11948.110352,-11947.137695,0.972656
5717,-10532.803711,-10533.487305,0.683594
5718,-11912.000977,-11915.766602,3.765625
5719,-11843.089844,-11843.719727,0.629883
5720,-9520.383789,-9521.005859,0.622070
5721,-11979.093750,-11979.268555,0.174805
5722,-10566.652344,-10566.152344,0.500000
5723,-10971.535156,-10970.456055,1.079102
5724,-11445.672852,-11445.475586,0.197266
5725,-10341.398438,-10339.774414,1.624023
5726,-10972.533203,-10971.579102,0.954102
5727,-9434.938477,-9437.549805,2.611328
5728,-12925.072266,-12923.602539,1.469727
5729,-10969.815430,-10970.136719,0.321289
5730,-11510.531250,-11511.336914,0.805664
5731,-11575.710938,-11576.124023,0.413086
5732,-11913.944336,-11914.500977,0.556641
5733,-13499.393555,-13501.046875,1.653320
5734,-9868.089844,-9867.698242,0.391602
5735,-12927.894531,-12926.660156,1.234375
5736,-11373.135742,-11374.246094,1.110352
5737,-11880.137695,-11880.796875,0.659180
5738,-10565.120117,-10565.745117,0.625000
5739,-11509.678711,-11510.365234,0.686523
5740,-10965.482422,-10970.169922,4.687500
5741,-10968.036133,-10970.121094,2.084961
5742,-11913.945312,-11914.776367,0.831055
5743,-9767.043945,-9766.344727,0.699219
5744,-12520.527344,-12521.213867,0.686523
5745,-11304.093750,-11308.990234,4.896484
5746,-12927.333984,-12926.364258,0.969727
5747,-11374.895508,-11376.203125,1.307617
5748,-11543.235352,-11543.562500,0.327148
5749,-10498.707031,-10496.953125,1.753906
5750,-10935.894531,-10936.601562,0.707031
5751,-11002.607422,-11002.220703,0.386719
5752,-12354.599609,-12352.295898,2.303711
5753,-11575.293945,-11576.008789,0.714844
5754,-8394.189453,-8394.562500,0.373047
5755,-9930.326172,-9927.754883,2.571289
5756,-10775.338867,-10775.750000,0.411133
5757,-10881.153320,-10880.230469,0.922852
5758,-12490.919922,-12490.443359,0.476562
5759,-12218.143555,-12216.042969,2.100586
5760,-10907.255859,-10905.505859,1.750000
5761,-9488.708984,-9490.385742,1.676758
5762,-11845.215820,-11845.827148,0.611328
5763,-10473.797852,-10474.053711,0.255859
5764,-14098.989258,-14097.280273,1.708984
5765,-12521.414062,-12521.447266,0.033203
5766,-9529.126953,-9529.150391,0.023438
5767,-11373.240234,-11374.193359,0.953125
5768,-11370.470703,-11375.454102,4.983398
5769,-9553.917969,-9554.487305,0.569336
5770,-11739.817383,-11740.292969,0.475586
5771,-10600.740234,-10599.301758,1.438477
5772,-11810.073242,-11811.582031,1.508789
5773,-9926.107422,-9923.384766,2.722656
5774,-11474.970703,-11476.291016,1.320312
5775,-11446.923828,-11443.794922,3.128906
5776,-12490.178711,-12489.283203,0.895508
5777,-11947.910156,-11947.491211,0.418945
5778,-10968.972656,-10971.169922,2.197266
5779,-10971.023438,-10968.527344,2.496094
5780,-11577.073242,-11575.872070,1.201172
5781,-11406.135742,-11406.706055,0.570312
5782,-11407.291992,-11407.556641,0.264648
5783,-9890.546875,-9890.210938,0.335938
5784,-10440.351562,-10440.376953,0.025391
5785,-12386.841797,-12385.635742,1.206055
5786,-12755.334961,-12755.492188,0.157227
5787,-12522.424805,-12521.729492,0.695312
5788,-13500.278320,-13498.894531,1.383789
5789,-11978.564453,-11979.206055,0.641602
5790,-9991.597656,-9990.829102,0.768555
5791,-10427.463867,-10429.377930,1.914062
5792,-11981.561523,-11981.443359,0.118164
5793,-12823.068359,-12821.070312,1.998047
5794,-11507.341797,-11509.349609,2.007812
5795,-10474.700195,-10474.846680,0.146484
5796,-12569.836914,-12571.304688,1.467773
5797,-11949.439453,-11949.756836,0.317383
5798,-10969.851562,-10967.663086,2.188477
5799,-12519.691406,-12521.171875,1.480469
5800,-9370.735352,-9374.653320,3.917969
5801,-10967.455078,-10967.143555,0.311523
5802,-12520.135742,-12522.076172,1.940430
5803,-10935.714844,-10936.450195,0.735352
5804,-11510.248047,-11509.859375,0.388672
5805,-12822.144531,-12821.746094,0.398438
5806,-12925.640625,-12926.199219,0.558594
5807,-11001.328125,-11001.939453,0.611328
5808,-11978.077148,-11979.768555,1.691406
5809,-11475.208008,-11476.268555,1.060547
5810,-9523.205078,-9523.158203,0.046875
5811,-12520.148438,-12520.775391,0.626953
5812,-13325.742188,-13328.922852,3.180664
5813,-11981.029297,-11979.709961,1.319336
5814,-10970.796875,-10969.191406,1.605469
5815,-10338.355469,-10338.750977,0.395508
5816,-12958.294922,-12956.853516,1.441406
5817,-11543.609375,-11544.694336,1.084961
5818,-11509.318359,-11510.385742,1.067383
5819,-11405.856445,-11406.475586,0.619141
5820,-12519.429688,-12520.801758,1.372070
5821,-10970.532227,-10969.740234,0.791992
5822,-12959.981445,-12959.172852,0.808594
5823,-11980.838867,-11980.397461,0.441406
5824,-9960.000000,-9958.136719,1.863281
5825,-11813.001953,-11813.411133,0.409180
5826,-12521.898438,-12521.558594,0.339844
5827,-9933.741211,-9934.405273,0.664062
5828,-12489.685547,-12489.061523,0.624023
5829,-12383.790039,-12385.116211,1.326172
5830,-12386.451172,-12384.620117,1.831055
5831,-11543.573242,-11543.734375,0.161133
5832,-8953.800781,-8954.818359,1.017578
5833,-10936.321289,-10938.261719,1.940430
5834,-10473.800781,-10473.556641,0.244141
5835,-10879.824219,-10879.721680,0.102539
5836,-11576.178711,-11575.978516,0.200195
5837,-9928.327148,-9926.132812,2.194336
5838,-12383.859375,-12385.521484,1.662109
5839,-11475.025391,-11477.062500,2.037109
5840,-9623.229492,-9621.557617,1.671875
5841,-9990.560547,-9989.940430,0.620117
5842,-10396.031250,-10396.259766,0.228516
5843,-11945.000977,-11946.193359,1.192383
5844,-11509.183594,-11509.393555,0.209961
5845,-11949.961914,-11948.911133,1.050781
5846,-11948.455078,-11949.022461,0.567383
5847,-11950.796875,-11950.724609,0.072266
5848,-11945.342773,-11946.491211,1.148438
5849,-10441.752930,-10442.477539,0.724609
5850,-11949.441406,-11949.213867,0.227539
5851,-9529.886719,-9530.190430,0.303711
5852,-10566.380859,-10566.066406,0.314453
5853,-10938.771484,-10939.151367,0.379883
5854,-11445.586914,-11445.114258,0.472656
5855,-11577.013672,-11577.098633,0.084961
5856,-10597.914062,-10598.147461,0.233398
5857,-10364.416992,-10364.501953,0.084961
5858,-13502.423828,-13500.050781,2.373047
5859,-11981.355469,-11980.334961,1.020508
5860,-11479.323242,-11479.199219,0.124023
5861,-10474.272461,-10474.526367,0.253906
5862,-11946.536133,-11947.753906,1.217773
5863,-9810.358398,-9810.281250,0.077148
5864,-11576.168945,-11576.087891,0.081055
5865,-9521.242188,-9521.905273,0.663086
5866,-9429.401367,-9429.610352,0.208984
5867,-10568.080078,-10566.663086,1.416992
5868,-10532.049805,-10532.033203,0.016602
5869,-10631.457031,-10631.843750,0.386719
5870,-10532.797852,-10531.773438,1.024414
5871,-9927.296875,-9927.078125,0.218750
5872,-11509.828125,-11510.100586,0.272461
5873,-11544.937500,-11542.934570,2.002930
5874,-10500.644531,-10500.020508,0.624023
5875,-12249.666016,-12248.220703,1.445312
5876,-10529.651367,-10531.098633,1.447266
5877,-8728.740234,-8729.176758,0.436523
5878,-11372.776367,-11372.655273,0.121094
5879,-9991.816406,-9990.682617,1.133789
5880,-10466.705078,-10466.082031,0.623047
5881,-9404.233398,-9404.656250,0.422852
5882,-12014.179688,-12012.246094,1.933594
5883,-10364.603516,-10362.646484,1.957031
5884,-10529.896484,-10531.753906,1.857422
5885,-11708.704102,-11706.521484,2.182617
5886,-10307.174805,-10305.974609,1.200195
5887,-11812.006836,-11812.985352,0.978516
5888,-10598.228516,-10598.489258,0.260742
5889,-8660.656250,-8664.283203,3.626953
5890,-12353.474609,-12352.425781,1.048828
5891,-11576.101562,-11576.097656,0.003906
5892,-10774.595703,-10775.949219,1.353516
5893,-9934.850586,-9934.534180,0.316406
5894,-10878.169922,-10878.288086,0.118164
5895,-12521.899414,-12521.813477,0.085938
5896,-12221.302734,-12216.744141,4.558594
5897,-10442.890625,-10442.722656,0.167969
5898,-11478.666992,-11477.451172,1.215820
5899,-9497.646484,-9497.366211,0.280273
5900,-9902.416992,-9901.991211,0.425781
5901,-10632.969727,-10631.359375,1.610352
5902,-11268.303711,-11270.229492,1.925781
5903,-9964.700195,-9965.916016,1.215820
5904,-11883.263672,-11881.420898,1.842773
5905,-9901.771484,-9901.152344,0.619141
5906,-10533.488281,-10533.044922,0.443359
5907,-11980.820312,-11981.188477,0.368164
5908,-10532.839844,-10533.068359,0.228516
5909,-11477.308594,-11477.600586,0.291992
5910,-12258.351562,-12249.246094,9.105469
5911,-11967.972656,-11964.909180,3.063477
5912,-12250.508789,-12248.265625,2.243164
5913,-11404.619141,-11406.547852,1.928711
5914,-10970.389648,-10969.380859,1.008789
5915,-13502.120117,-13500.586914,1.533203
5916,-12523.484375,-12523.014648,0.469727
5917,-11513.646484,-11511.507812,2.138672
5918,-9561.621094,-9562.396484,0.775391
5919,-12417.729492,-12417.799805,0.070312
5920,-10912.729492,-10912.817383,0.087891
5921,-10565.501953,-10565.320312,0.181641
5922,-12893.626953,-12894.085938,0.458984
5923,-10442.773438,-10441.807617,0.965820
5924,-12214.074219,-12214.738281,0.664062
5925,-11408.083008,-11406.501953,1.581055
5926,-11510.733398,-11510.951172,0.217773
5927,-9588.396484,-9587.537109,0.859375
5928,-10968.401367,-10969.414062,1.012695
5929,-11981.134766,-11980.686523,0.448242
5930,-13429.127930,-13429.193359,0.065430
5931,-12925.470703,-12926.682617,1.211914
5932,-12319.103516,-12321.565430,2.461914
5933,-11507.432617,-11509.577148,2.144531
5934,-11374.255859,-11373.061523,1.194336
5935,-10968.130859,-10967.081055,1.049805
5936,-10969.218750,-10968.638672,0.580078
5937,-11001.226562,-11002.320312,1.093750
5938,-11370.160156,-11370.783203,0.623047
5939,-10533.833984,-10532.849609,0.984375
5940,-11575.529297,-11576.807617,1.278320
5941,-11910.535156,-11912.541992,2.006836
5942,-10566.581055,-10565.140625,1.440430
5943,-10566.279297,-10565.761719,0.517578
5944,-9867.569336,-9867.065430,0.503906
5945,-10533.778320,-10532.884766,0.893555
5946,-12821.375000,-12823.495117,2.120117
5947,-11000.749023,-11001.342773,0.593750
5948,-10201.037109,-10202.283203,1.246094
5949,-10365.170898,-10362.560547,2.610352
5950,-10532.906250,-10532.542969,0.363281
5951,-11478.173828,-11477.939453,0.234375
5952,-12923.611328,-12925.880859,2.269531
5953,-11344.333008,-11343.662109,0.670898
5954,-10466.117188,-10466.139648,0.022461
5955,-11511.787109,-11510.494141,1.292969
5956,-10970.747070,-10969.352539,1.394531
5957,-11406.776367,-11407.659180,0.882812
5958,-11543.717773,-11542.829102,0.888672
5959,-7702.149414,-7705.714355,3.564941
5960,-7420.802734,-7417.840332,2.962402
5961,-11406.303711,-11405.173828,1.129883
5962,-11268.633789,-11269.890625,1.256836
5963,-10426.719727,-10427.034180,0.314453
5964,-10972.354492,-10970.471680,1.882812
5965,-11542.075195,-11542.678711,0.603516
5966,-10933.298828,-10937.065430,3.766602
5967,-10968.962891,-10969.996094,1.033203
5968,-12385.815430,-12385.294922,0.520508
5969,-11544.171875,-11543.678711,0.493164
5970,-11477.918945,-11477.889648,0.029297
5971,-10934.353516,-10935.035156,0.681641
5972,-11916.540039,-11915.772461,0.767578
5973,-11782.395508,-11777.057617,5.337891
5974,-10847.429688,-10847.817383,0.387695
5975,-13467.918945,-13467.208008,0.710938
5976,-12424.253906,-12423.417969,0.835938
5977,-10467.729492,-10466.397461,1.332031
5978,-10440.413086,-10441.070312,0.657227
5979,-9958.263672,-9957.754883,0.508789
5980,-9927.124023,-9927.888672,0.764648
5981,-11509.129883,-11508.899414,0.230469
5982,-9893.424805,-9893.173828,0.250977
5983,-11004.087891,-11003.878906,0.208984
5984,-10560.478516,-10565.184570,4.706055
5985,-10906.931641,-10906.777344,0.154297
5986,-10969.012695,-10970.378906,1.366211
5987,-10945.533203,-10945.191406,0.341797
5988,-11815.430664,-11813.404297,2.026367
5989,-10533.234375,-10533.487305,0.252930
5990,-10534.439453,-10533.208984,1.230469
5991,-10745.210938,-10742.902344,2.308594
5992,-12973.614258,-12975.005859,1.391602
5993,-9901.732422,-9900.692383,1.040039
5994,-9422.875000,-9421.955078,0.919922
5995,-8956.275391,-8955.800781,0.474609
5996,-11948.919922,-11948.901367,0.018555
5997,-11916.837891,-11916.182617,0.655273
5998,-11542.118164,-11542.619141,0.500977
5999,-11409.596680,-11408.479492,1.117188
6000,-12488.731445,-12489.029297,0.297852
6001,-10534.032227,-10534.251953,0.219727
6002,-11002.188477,-11002.454102,0.265625
6003,-11475.951172,-11477.057617,1.106445
6004,-11304.479492,-11302.988281,1.491211
6005,-10880.475586,-10879.950195,0.525391
6006,-11368.711914,-11370.720703,2.008789
6007,-9958.906250,-9958.897461,0.008789
6008,-11509.321289,-11509.330078,0.008789
6009,-10935.658203,-10936.962891,1.304688
6010,-11370.346680,-11370.547852,0.201172
6011,-10308.914062,-10307.290039,1.624023
6012,-11912.067383,-11912.441406,0.374023
6013,-11452.248047,-11452.060547,0.187500
6014,-10937.497070,-10937.089844,0.407227
6015,-11843.280273,-11843.937500,0.657227
6016,-9429.186523,-9429.690430,0.503906
6017,-11543.987305,-11542.786133,1.201172
6018,-11880.240234,-11882.014648,1.774414
6019,-9901.599609,-9900.135742,1.463867
6020,-11573.945312,-11576.243164,2.297852
6021,-11480.077148,-11478.773438,1.303711
6022,-10970.245117,-10970.014648,0.230469
6023,-11844.938477,-11844.636719,0.301758
6024,-10364.783203,-10362.381836,2.401367
6025,-11915.514648,-11915.171875,0.342773
6026,-9437.222656,-9437.680664,0.458008
6027,-11372.030273,-11373.262695,1.232422
6028,-11949.226562,-11947.747070,1.479492
6029,-12384.353516,-12385.735352,1.381836
6030,-10534.115234,-10534.105469,0.009766
6031,-11950.042969,-11948.583008,1.459961
6032,-10911.907227,-10912.221680,0.314453
6033,-10933.830078,-10935.297852,1.467773
6034,-11945.553711,-11946.133789,0.580078
6035,-12217.899414,-12215.238281,2.661133
6036,-11510.383789,-11510.933594,0.549805
6037,-11578.012695,-11576.652344,1.360352
6038,-10938.434570,-10938.129883,0.304688
6039,-10937.455078,-10937.294922,0.160156
6040,-10969.806641,-10969.304688,0.501953
6041,-10904.842773,-10904.185547,0.657227
6042,-11002.672852,-11002.484375,0.188477
6043,-10970.213867,-10970.513672,0.299805
6044,-9520.706055,-9522.640625,1.934570
6045,-10567.168945,-10566.148438,1.020508
6046,-11309.889648,-11308.634766,1.254883
6047,-11238.299805,-11238.512695,0.212891
6048,-12489.779297,-12488.767578,1.011719
6049,-10533.445312,-10533.381836,0.063477
6050,-12895.433594,-12892.317383,3.116211
6051,-11511.496094,-11510.434570,1.061523
6052,-11487.625000,-11484.461914,3.163086
6053,-12454.599609,-12456.115234,1.515625
6054,-10531.584961,-10531.722656,0.137695
6055,-9901.565430,-9901.094727,0.470703
6056,-12467.621094,-12467.563477,0.057617
6057,-12522.586914,-12522.480469,0.106445
6058,-10498.869141,-10499.504883,0.635742
6059,-12249.319336,-12259.187500,9.868164
6060,-12959.140625,-12960.307617,1.166992
6061,-10938.718750,-10938.041992,0.676758
6062,-10935.672852,-10935.704102,0.031250
6063,-11780.591797,-11780.760742,0.168945
6064,-11508.914062,-11510.391602,1.477539
6065,-10936.937500,-10937.059570,0.122070
6066,-11370.776367,-11371.731445,0.955078
6067,-12250.034180,-12249.180664,0.853516
6068,-10299.480469,-10303.719727,4.239258
6069,-9465.080078,-9463.680664,1.399414
6070,-10971.625000,-10969.326172,2.298828
6071,-8953.825195,-8954.830078,1.004883
6072,-12354.620117,-12352.443359,2.176758
6073,-9554.992188,-9555.807617,0.815430
6074,-10565.796875,-10565.985352,0.188477
6075,-10534.380859,-10533.790039,0.590820
6076,-9271.301758,-9269.077148,2.224609
6077,-12014.681641,-12014.423828,0.257812
6078,-10567.092773,-10566.439453,0.653320
6079,-9556.274414,-9555.850586,0.423828
6080,-10501.324219,-10500.498047,0.826172
6081,-10441.577148,-10440.390625,1.186523
6082,-10397.819336,-10396.551758,1.267578
6083,-10500.503906,-10500.884766,0.380859
6084,-10848.306641,-10847.871094,0.435547
6085,-12490.251953,-12488.779297,1.472656
6086,-9403.080078,-9404.120117,1.040039
6087,-10566.001953,-10565.530273,0.471680
6088,-12385.827148,-12386.267578,0.440430
6089,-10500.974609,-10500.716797,0.257812
6090,-13532.044922,-13532.169922,0.125000
6091,-13366.347656,-13364.461914,1.885742
6092,-10396.315430,-10396.807617,0.492188
6093,-12385.996094,-12385.821289,0.174805
6094,-10971.021484,-10968.716797,2.304688
6095,-11476.328125,-11477.828125,1.500000
6096,-10902.129883,-10901.682617,0.447266
6097,-11002.641602,-11002.774414,0.132812
6098,-9335.377930,-9335.587891,0.209961
6099,-11375.396484,-11374.445312,0.951172
6100,-11001.841797,-11002.137695,0.295898
6101,-8800.828125,-8798.662109,2.166016
6102,-11778.752930,-11777.512695,1.240234
6103,-10969.431641,-10968.984375,0.447266
6104,-13464.618164,-13466.763672,2.145508
6105,-12756.498047,-12753.837891,2.660156
6106,-9927.061523,-9925.995117,1.066406
6107,-12456.083984,-12456.543945,0.459961
6108,-10634.089844,-10637.228516,3.138672
6109,-9554.077148,-9553.991211,0.085938
6110,-10865.851562,-10865.761719,0.089844
6111,-10370.828125,-10371.690430,0.862305
6112,-8461.559570,-8460.232422,1.327148
6113,-10532.269531,-10532.671875,0.402344
6114,-11949.194336,-11947.002930,2.191406
6115,-8955.848633,-8954.927734,0.920898
6116,-11777.843750,-11778.174805,0.331055
6117,-12353.719727,-12353.871094,0.151367
6118,-11915.511719,-11915.417969,0.093750
6119,-11512.010742,-11511.928711,0.082031
6120,-11575.090820,-11575.780273,0.689453
6121,-13362.941406,-13365.168945,2.227539
6122,-12795.128906,-12790.611328,4.517578
6123,-10565.523438,-10565.227539,0.295898
6124,-11948.054688,-11946.076172,1.978516
6125,-11543.721680,-11542.412109,1.309570
6126,-12824.861328,-12823.603516,1.257812
6127,-11981.366211,-11980.710938,0.655273
6128,-12524.031250,-12522.559570,1.471680
6129,-10565.366211,-10565.275391,0.090820
6130,-11845.314453,-11844.947266,0.367188
6131,-10430.748047,-10429.929688,0.818359
6132,-10808.242188,-10809.020508,0.778320
6133,-10935.304688,-10936.672852,1.368164
6134,-11948.069336,-11946.540039,1.529297
6135,-12349.105469,-12352.928711,3.823242
6136,-11510.899414,-11509.619141,1.280273
6137,-12489.616211,-12488.530273,1.085938
6138,-10762.416992,-10766.149414,3.732422
6139,-11273.609375,-11275.863281,2.253906
6140,-10971.045898,-10970.639648,0.406250
6141,-11411.625977,-11409.173828,2.452148
6142,-10565.951172,-10566.595703,0.644531
6143,-10866.714844,-10866.167969,0.546875
6144,-10970.131836,-10969.209961,0.921875
6145,-12789.164062,-12790.657227,1.493164
6146,-11204.364258,-11206.416992,2.052734
6147,-8920.363281,-8921.472656,1.109375
6148,-10566.609375,-10566.432617,0.176758
6149,-13195.874023,-13192.618164,3.255859
6150,-12487.164062,-12487.752930,0.588867
6151,-9347.722656,-9341.446289,6.276367
6152,-11913.929688,-11914.621094,0.691406
6153,-10564.733398,-10565.140625,0.407227
6154,-11813.693359,-11812.437500,1.255859
6155,-10531.762695,-10533.441406,1.678711
6156,-13467.935547,-13467.667969,0.267578
6157,-11475.238281,-11476.775391,1.537109
6158,-11981.564453,-11980.948242,0.616211
6159,-10971.057617,-10970.636719,0.420898
6160,-10970.488281,-10971.367188,0.878906
6161,-10302.288086,-10304.129883,1.841797
6162,-11982.172852,-11981.758789,0.414062
6163,-11915.150391,-11914.250000,0.900391
6164,-10500.232422,-10499.924805,0.307617
6165,-5364.732910,-5377.769531,13.036621
6166,-12964.041016,-12960.115234,3.925781
6167,-11945.834961,-11948.136719,2.301758
6168,-10935.458984,-10935.658203,0.199219
6169,-10366.095703,-10365.722656,0.373047
6170,-11950.970703,-11948.838867,2.131836
6171,-9464.779297,-9462.991211,1.788086
6172,-10936.098633,-10936.349609,0.250977
6173,-11375.978516,-11376.375000,0.396484
6174,-10329.167969,-10328.431641,0.736328
6175,-8889.302734,-8888.481445,0.821289
6176,-11842.750977,-11844.511719,1.760742
6177,-12787.853516,-12788.192383,0.338867
6178,-10532.425781,-10533.240234,0.814453
6179,-10903.760742,-10903.683594,0.077148
6180,-11318.025391,-11315.060547,2.964844
6181,-9463.862305,-9463.708984,0.153320
6182,-11273.046875,-11272.755859,0.291016
6183,-12856.714844,-12855.903320,0.811523
6184,-12552.923828,-12554.442383,1.518555
6185,-11679.846680,-11674.330078,5.516602
6186,-11542.489258,-11543.055664,0.566406
6187,-10938.920898,-10937.850586,1.070312
6188,-8293.663086,-8292.240234,1.422852
6189,-10558.858398,-10565.171875,6.313477
6190,-10506.831055,-10507.858398,1.027344
6191,-10532.108398,-10532.060547,0.047852
6192,-11373.428711,-11372.408203,1.020508
6193,-12490.416992,-12488.810547,1.606445
6194,-10971.327148,-10971.846680,0.519531
6195,-10934.902344,-10934.083984,0.818359
6196,-10799.955078,-10800.139648,0.184570
6197,-11881.299805,-11883.955078,2.655273
6198,-9989.917969,-9990.605469,0.687500
6199,-10938.162109,-10936.054688,2.107422
6200,-11752.165039,-11752.042969,0.122070
6201,-11510.021484,-11511.403320,1.381836
6202,-10465.735352,-10465.687500,0.047852
6203,-9465.639648,-9464.421875,1.217773
6204,-10934.961914,-10934.930664,0.031250
6205,-10508.095703,-10507.027344,1.068359
6206,-11884.816406,-11882.811523,2.004883
6207,-11546.507812,-11544.360352,2.147461
6208,-11514.504883,-11512.415039,2.089844
6209,-9621.503906,-9621.770508,0.266602
6210,-10936.712891,-10936.509766,0.203125
6211,-11479.969727,-11479.785156,0.184570
6212,-11472.951172,-11475.661133,2.709961
6213,-11949.432617,-11948.456055,0.976562
6214,-9495.007812,-9496.557617,1.549805
6215,-10902.677734,-10903.786133,1.108398
6216,-11951.823242,-11948.911133,2.912109
6217,-12895.582031,-12894.662109,0.919922
6218,-10774.949219,-10775.021484,0.072266
6219,-10439.812500,-10440.341797,0.529297
6220,-12012.982422,-12012.625977,0.356445
6221,-11406.240234,-11407.892578,1.652344
6222,-10565.491211,-10565.334961,0.156250
6223,-9866.859375,-9867.155273,0.295898
6224,-12518.860352,-12520.381836,1.521484
6225,-9459.563477,-9456.361328,3.202148
6226,-10333.364258,-10333.644531,0.280273
6227,-10428.409180,-10427.645508,0.763672
6228,-11951.314453,-11948.212891,3.101562
6229,-9490.000977,-9489.686523,0.314453
6230,-11545.915039,-11544.799805,1.115234
6231,-9431.726562,-9429.666992,2.059570
6232,-10566.245117,-10565.934570,0.310547
6233,-10880.296875,-10878.510742,1.786133
6234,-11917.017578,-11916.218750,0.798828
6235,-10439.771484,-10440.463867,0.692383
6236,-14917.512695,-14919.444336,1.931641
6237,-11543.005859,-11542.885742,0.120117
6238,-12521.329102,-12521.058594,0.270508
6239,-10566.910156,-10566.624023,0.286133
6240,-7482.229492,-7482.818848,0.589355
6241,-10999.966797,-11000.407227,0.440430
6242,-10937.340820,-10936.951172,0.389648
6243,-12523.637695,-12521.361328,2.276367
6244,-9958.875000,-9958.678711,0.196289
6245,-11946.941406,-11947.196289,0.254883
6246,-11376.174805,-11375.629883,0.544922
6247,-10933.928711,-10935.071289,1.142578
6248,-10937.231445,-10937.586914,0.355469
6249,-10501.862305,-10500.685547,1.176758
6250,-11577.083984,-11575.932617,1.151367
6251,-10937.891602,-10937.043945,0.847656
6252,-11776.435547,-11778.479492,2.043945
6253,-12925.077148,-12925.860352,0.783203
6254,-11378.829102,-11376.359375,2.469727
6255,-11981.414062,-11981.125977,0.288086
6256,-12355.153320,-12353.724609,1.428711
6257,-12456.853516,-12455.959961,0.893555
6258,-9702.120117,-9700.911133,1.208984
6259,-10901.971680,-10904.110352,2.138672
6260,-10907.319336,-10905.850586,1.468750
6261,-12352.543945,-12351.849609,0.694336
6262,-12521.865234,-12521.620117,0.245117
6263,-10912.202148,-10913.379883,1.177734
6264,-12546.362305,-12547.538086,1.175781
6265,-10599.405273,-10599.202148,0.203125
6266,-10770.389648,-10770.435547,0.045898
6267,-9554.124023,-9555.217773,1.093750
6268,-11845.218750,-11844.366211,0.852539
6269,-10533.234375,-10532.931641,0.302734
6270,-11004.380859,-11003.449219,0.931641
6271,-11543.836914,-11543.920898,0.083984
6272,-9464.800781,-9464.071289,0.729492
6273,-11980.132812,-11979.277344,0.855469
6274,-11949.190430,-11948.605469,0.584961
6275,-11946.126953,-11946.947266,0.820312
6276,-9462.664062,-9462.250977,0.413086
6277,-10502.320312,-10501.223633,1.096680
6278,-10531.959961,-10531.978516,0.018555
6279,-10968.261719,-10968.284180,0.022461
6280,-12892.834961,-12894.860352,2.025391
6281,-10769.563477,-10770.224609,0.661133
6282,-10599.283203,-10598.136719,1.146484
6283,-10501.569336,-10501.081055,0.488281
6284,-10398.859375,-10395.937500,2.921875
6285,-11811.684570,-11812.349609,0.665039
6286,-9465.143555,-9463.718750,1.424805
6287,-13466.126953,-13467.027344,0.900391
6288,-11452.403320,-11452.790039,0.386719
6289,-11575.727539,-11575.646484,0.081055
6290,-11372.940430,-11375.367188,2.426758
6291,-10497.541992,-10497.339844,0.202148
6292,-10801.529297,-10801.038086,0.491211
6293,-9463.181641,-9462.699219,0.482422
6294,-12683.436523,-12684.954102,1.517578
6295,-9462.445312,-9463.763672,1.318359
6296,-10937.613281,-10937.933594,0.320312
6297,-9932.693359,-9933.347656,0.654297
6298,-11378.125977,-11374.814453,3.311523
6299,-11377.460938,-11376.949219,0.511719
6300,-11748.057617,-11746.861328,1.196289
6301,-10935.840820,-10935.325195,0.515625
6302,-9957.046875,-9957.830078,0.783203
6303,-9902.177734,-9900.231445,1.946289
6304,-11445.223633,-11445.609375,0.385742
6305,-9924.797852,-9926.439453,1.641602
6306,-10832.069336,-10832.476562,0.407227
6307,-10474.263672,-10474.677734,0.414062
6308,-11943.035156,-11946.180664,3.145508
6309,-10837.934570,-10833.856445,4.078125
6310,-10565.246094,-10565.085938,0.160156
6311,-10848.442383,-10846.225586,2.216797
6312,-10935.774414,-10935.525391,0.249023
6313,-11507.914062,-11510.147461,2.233398
6314,-10597.861328,-10598.187500,0.326172
6315,-13330.187500,-13331.017578,0.830078
6316,-11371.692383,-11374.160156,2.467773
6317,-11543.646484,-11543.142578,0.503906
6318,-11510.028320,-11510.717773,0.689453
6319,-11981.492188,-11981.158203,0.333984
6320,-11947.022461,-11947.007812,0.014648
6321,-11946.972656,-11948.187500,1.214844
6322,-11813.124023,-11811.952148,1.171875
6323,-9465.011719,-9464.154297,0.857422
6324,-12348.378906,-12352.457031,4.078125
6325,-12012.434570,-12012.301758,0.132812
6326,-12422.930664,-12422.865234,0.065430
6327,-9869.840820,-9868.408203,1.432617
6328,-11512.640625,-11512.030273,0.610352
6329,-10340.772461,-10338.574219,2.198242
6330,-10530.668945,-10531.251953,0.583008
6331,-11981.638672,-11981.266602,0.372070
6332,-12490.126953,-12489.069336,1.057617
6333,-11947.600586,-11948.494141,0.893555
6334,-11513.567383,-11512.517578,1.049805
6335,-12895.099609,-12894.058594,1.041016
6336,-10969.627930,-10969.615234,0.012695
6337,-9361.682617,-9360.319336,1.363281
6338,-9897.224609,-9898.428711,1.204102
6339,-11913.991211,-11914.474609,0.483398
6340,-11410.041016,-11408.162109,1.878906
6341,-10877.610352,-10877.237305,0.373047
6342,-10394.913086,-10395.997070,1.083984
6343,-9924.613281,-9927.988281,3.375000
6344,-11475.652344,-11474.636719,1.015625
6345,-11545.130859,-11543.029297,2.101562
6346,-10880.647461,-10879.013672,1.633789
6347,-10968.395508,-10969.248047,0.852539
6348,-11318.070312,-11316.333984,1.736328
6349,-9933.507812,-9932.275391,1.232422
6350,-11545.349609,-11543.156250,2.193359
6351,-12385.466797,-12386.563477,1.096680
6352,-10916.990234,-10899.889648,17.100586
6353,-11508.472656,-11510.255859,1.783203
6354,-11477.918945,-11478.362305,0.443359
6355,-11541.658203,-11542.799805,1.141602
6356,-9989.709961,-9990.944336,1.234375
6357,-11507.210938,-11509.520508,2.309570
6358,-11510.528320,-11511.707031,1.178711
6359,-11309.030273,-11307.742188,1.288086
6360,-10936.024414,-10936.998047,0.973633
6361,-11508.497070,-11509.796875,1.299805
6362,-10938.500977,-10937.905273,0.595703
6363,-10532.247070,-10532.910156,0.663086
6364,-10941.076172,-10936.413086,4.663086
6365,-12895.592773,-12894.595703,0.997070
6366,-12927.261719,-12927.335938,0.074219
6367,-11913.569336,-11915.028320,1.458984
6368,-12522.060547,-12521.180664,0.879883
6369,-10598.276367,-10598.570312,0.293945
6370,-11947.125000,-11948.520508,1.395508
6371,-9702.504883,-9705.731445,3.226562
6372,-11309.567383,-11307.857422,1.709961
6373,-11318.910156,-11317.273438,1.636719
6374,-12488.310547,-12488.051758,0.258789
6375,-10534.511719,-10532.860352,1.651367
6376,-10934.575195,-10936.205078,1.629883
6377,-11405.658203,-11407.763672,2.105469
6378,-11508.202148,-11508.641602,0.439453
6379,-11609.631836,-11609.514648,0.117188
6380,-10363.512695,-10362.475586,1.037109
6381,-12521.106445,-12520.986328,0.120117
6382,-11511.017578,-11510.742188,0.275391
6383,-10530.880859,-10529.913086,0.967773
6384,-11981.480469,-11981.704102,0.223633
6385,-11978.975586,-11980.180664,1.205078
6386,-11979.973633,-11981.183594,1.209961
6387,-12789.961914,-12790.095703,0.133789
6388,-12520.625000,-12522.397461,1.772461
6389,-10936.860352,-10937.999023,1.138672
6390,-10532.692383,-10532.491211,0.201172
6391,-7850.837891,-7851.728516,0.890625
6392,-11543.366211,-11542.890625,0.475586
6393,-10935.769531,-10937.510742,1.741211
6394,-11407.933594,-11408.416992,0.483398
6395,-10904.169922,-10904.225586,0.055664
6396,-10938.616211,-10937.527344,1.088867
6397,-11508.769531,-11509.393555,0.624023
6398,-12457.696289,-12456.214844,1.481445
6399,-9404.676758,-9404.697266,0.020508
6400,-10599.352539,-10598.293945,1.058594
6401,-9902.436523,-9901.551758,0.884766
6402,-12488.423828,-12487.649414,0.774414
6403,-13006.108398,-13008.165039,2.056641
6404,-8486.490234,-8487.020508,0.530273
6405,-11543.721680,-11543.875977,0.154297
6406,-10531.363281,-10532.032227,0.668945
6407,-13003.811523,-13007.541992,3.730469
6408,-13766.074219,-13763.859375,2.214844
6409,-12352.773438,-12352.653320,0.120117
6410,-11377.308594,-11374.122070,3.186523
6411,-10500.830078,-10500.298828,0.531250
6412,-10565.736328,-10565.914062,0.177734
6413,-8428.888672,-8428.314453,0.574219
6414,-10598.941406,-10599.030273,0.088867
6415,-10969.758789,-10968.126953,1.631836
6416,-10431.480469,-10430.720703,0.759766
6417,-8835.144531,-8832.421875,2.722656
6418,-10532.040039,-10531.728516,0.311523
6419,-12685.878906,-12686.356445,0.477539
6420,-11948.954102,-11949.087891,0.133789
6421,-9959.643555,-9960.348633,0.705078
6422,-9495.070312,-9496.948242,1.877930
6423,-10466.893555,-10465.332031,1.561523
6424,-12388.365234,-12386.970703,1.394531
6425,-10938.691406,-10938.887695,0.196289
6426,-12522.818359,-12522.909180,0.090820
6427,-10971.782227,-10971.184570,0.597656
6428,-11881.680664,-11882.328125,0.647461
6429,-11543.184570,-11542.382812,0.801758
6430,-10969.156250,-10968.926758,0.229492
6431,-11944.917969,-11946.458008,1.540039
6432,-9522.438477,-9521.355469,1.083008
6433,-10939.874023,-10937.861328,2.012695
6434,-10365.069336,-10362.312500,2.756836
6435,-10304.778320,-10307.152344,2.374023
6436,-10306.276367,-10305.485352,0.791016
6437,-12417.165039,-12417.501953,0.336914
6438,-9992.541992,-9991.794922,0.747070
6439,-10913.812500,-10912.362305,1.450195
6440,-10362.188477,-10362.679688,0.491211
6441,-11372.640625,-11372.613281,0.027344
6442,-11947.163086,-11946.962891,0.200195
6443,-11001.242188,-11002.601562,1.359375
6444,-11342.997070,-11343.025391,0.028320
6445,-9967.728516,-9967.184570,0.543945
6446,-12522.395508,-12521.763672,0.631836
6447,-9990.396484,-9990.000977,0.395508
6448,-10937.615234,-10937.978516,0.363281
6449,-10430.407227,-10430.442383,0.035156
6450,-7359.986816,-7357.669434,2.317383
6451,-12019.375977,-12014.994141,4.381836
6452,-9495.382812,-9495.891602,0.508789
6453,-9990.523438,-9990.221680,0.301758
6454,-11375.243164,-11375.358398,0.115234
6455,-11809.082031,-11810.471680,1.389648
6456,-10937.137695,-10937.912109,0.774414
6457,-10443.853516,-10441.705078,2.148438
6458,-11911.123047,-11914.058594,2.935547
6459,-10969.537109,-10970.208984,0.671875
6460,-12891.710938,-12892.472656,0.761719
6461,-10497.743164,-10498.848633,1.105469
6462,-11710.900391,-11707.958984,2.941406
6463,-13192.344727,-13193.564453,1.219727
6464,-11206.623047,-11206.444336,0.178711
6465,-11913.827148,-11914.106445,0.279297
6466,-11270.840820,-11271.194336,0.353516
6467,-10842.715820,-10845.550781,2.834961
6468,-10498.746094,-10499.207031,0.460938
6469,-10474.368164,-10473.474609,0.893555
6470,-11575.617188,-11575.768555,0.151367
6471,-11374.008789,-11375.027344,1.018555
6472,-12418.604492,-12418.947266,0.342773
6473,-11475.097656,-11476.148438,1.050781
6474,-10968.543945,-10969.426758,0.882812
6475,-11980.495117,-11981.442383,0.947266
6476,-11947.449219,-11948.339844,0.890625
6477,-11543.940430,-11542.722656,1.217773
6478,-12928.518555,-12925.924805,2.593750
6479,-10439.605469,-10441.251953,1.646484
6480,-11945.987305,-11947.135742,1.148438
6481,-10441.114258,-10441.303711,0.189453
6482,-11386.641602,-11386.546875,0.094727
6483,-8867.826172,-8865.152344,2.673828
6484,-12354.111328,-12353.202148,0.909180
6485,-11543.997070,-11543.372070,0.625000
6486,-10598.682617,-10598.274414,0.408203
6487,-12488.225586,-12487.866211,0.359375
6488,-11780.516602,-11779.964844,0.551758
6489,-11407.776367,-11408.416016,0.639648
6490,-11780.339844,-11779.511719,0.828125
6491,-10971.491211,-10971.464844,0.026367
6492,-11476.239258,-11475.713867,0.525391
6493,-11544.607422,-11543.994141,0.613281
6494,-10498.825195,-10499.750000,0.924805
6495,-8359.585938,-8360.398438,0.812500
6496,-10442.737305,-10442.428711,0.308594
6497,-11780.296875,-11779.994141,0.302734
6498,-10379.020508,-10382.130859,3.110352
6499,-8372.388672,-8369.841797,2.546875
6500,-11880.128906,-11880.468750,0.339844
6501,-12958.762695,-12959.048828,0.286133
6502,-12385.491211,-12385.121094,0.370117
6503,-8833.224609,-8832.158203,1.066406
6504,-11543.104492,-11542.461914,0.642578
6505,-10869.049805,-10866.919922,2.129883
6506,-10531.728516,-10532.033203,0.304688
6507,-10565.014648,-10565.028320,0.013672
6508,-10397.607422,-10396.862305,0.745117
6509,-10969.829102,-10968.483398,1.345703
6510,-7451.712891,-7450.736328,0.976562
6511,-11908.130859,-11911.302734,3.171875
6512,-10280.698242,-10280.909180,0.210938
6513,-10935.572266,-10935.758789,0.186523
6514,-12521.080078,-12520.964844,0.115234
6515,-9589.384766,-9588.957031,0.427734
6516,-11810.472656,-11812.482422,2.009766
6517,-9926.128906,-9928.409180,2.280273
6518,-9464.604492,-9463.348633,1.255859
6519,-10968.073242,-10969.319336,1.246094
6520,-10973.742188,-10971.381836,2.360352
6521,-11343.016602,-11342.081055,0.935547
6522,-10906.558594,-10904.826172,1.732422
6523,-11947.414062,-11947.588867,0.174805
6524,-11508.297852,-11509.509766,1.211914
6525,-10566.492188,-10565.573242,0.918945
6526,-11542.791016,-11542.657227,0.133789
6527,-11545.466797,-11544.461914,1.004883
6528,-10473.249023,-10472.827148,0.421875
6529,-10969.133789,-10969.171875,0.038086
6530,-10597.400391,-10598.323242,0.922852
6531,-10531.969727,-10533.204102,1.234375
6532,-8488.267578,-8487.090820,1.176758
6533,-12488.515625,-12488.403320,0.112305
6534,-10599.446289,-10598.347656,1.098633
6535,-12519.214844,-12520.347656,1.132812
6536,-11343.639648,-11341.550781,2.088867
6537,-10877.037109,-10878.234375,1.197266
6538,-8460.576172,-8461.069336,0.493164
6539,-9927.122070,-9926.146484,0.975586
6540,-10565.390625,-10565.138672,0.251953
6541,-11004.274414,-11003.778320,0.496094
6542,-11509.404297,-11510.385742,0.981445
6543,-12521.440430,-12520.262695,1.177734
6544,-12386.261719,-12386.197266,0.064453
6545,-10937.316406,-10935.923828,1.392578
6546,-12249.486328,-12250.009766,0.523438
6547,-10532.784180,-10532.914062,0.129883
6548,-10300.351562,-10297.892578,2.458984
6549,-10878.849609,-10879.382812,0.533203
6550,-11947.249023,-11946.602539,0.646484
6551,-9555.545898,-9555.177734,0.368164
6552,-11948.751953,-11947.775391,0.976562
6553,-10938.914062,-10938.161133,0.752930
6554,-12355.357422,-12353.657227,1.700195
6555,-9814.138672,-9810.442383,3.696289
6556,-11343.139648,-11341.369141,1.770508
6557,-12352.132812,-12354.201172,2.068359
6558,-9993.822266,-9993.829102,0.006836
6559,-11510.454102,-11510.591797,0.137695
6560,-10906.080078,-10906.291992,0.211914
6561,-10531.909180,-10531.816406,0.092773
6562,-10968.757812,-10970.180664,1.422852
6563,-13467.492188,-13466.535156,0.957031
6564,-12350.337891,-12353.563477,3.225586
6565,-10468.145508,-10467.541992,0.603516
6566,-9902.458008,-9900.017578,2.440430
6567,-11375.208984,-11376.757812,1.548828
6568,-11033.682617,-11034.606445,0.923828
6569,-11950.467773,-11948.728516,1.739258
6570,-10935.166992,-10935.972656,0.805664
6571,-11510.703125,-11510.364258,0.338867
6572,-10533.660156,-10532.663086,0.997070
6573,-9463.827148,-9462.975586,0.851562
6574,-11542.169922,-11543.112305,0.942383
6575,-10966.188477,-10968.105469,1.916992
6576,-10967.757812,-10969.100586,1.342773
6577,-9589.150391,-9588.366211,0.784180
6578,-13468.025391,-13468.444336,0.418945
6579,-10532.494141,-10533.015625,0.521484
6580,-9991.516602,-9991.471680,0.044922
6581,-11575.248047,-11575.973633,0.725586
6582,-10896.002930,-10900.742188,4.739258
6583,-10832.785156,-10832.536133,0.249023
6584,-9404.877930,-9404.273438,0.604492
6585,-11477.575195,-11478.386719,0.811523
6586,-11980.117188,-11979.778320,0.338867
6587,-10396.193359,-10397.607422,1.414062
6588,-11510.862305,-11511.010742,0.148438
6589,-12973.565430,-12975.416992,1.851562
6590,-11576.670898,-11575.732422,0.938477
6591,-10429.696289,-10430.135742,0.439453
6592,-11915.957031,-11917.383789,1.426758
6593,-11845.538086,-11844.425781,1.112305
6594,-11445.399414,-11440.979492,4.419922
6595,-11543.625000,-11543.536133,0.088867
6596,-9530.345703,-9530.043945,0.301758
6597,-9936.106445,-9934.678711,1.427734
6598,-11239.391602,-11238.744141,0.647461
6599,-9522.964844,-9522.630859,0.333984
6600,-11444.388672,-11443.496094,0.892578
6601,-11577.526367,-11577.100586,0.425781
6602,-11907.606445,-11910.515625,2.909180
6603,-12248.878906,-12248.736328,0.142578
6604,-12926.582031,-12925.985352,0.596680
6605,-11952.491211,-11945.730469,6.760742
6606,-12488.910156,-12488.894531,0.015625
6607,-11511.567383,-11510.966797,0.600586
6608,-12488.533203,-12487.548828,0.984375
6609,-12959.071289,-12959.468750,0.397461
6610,-9899.294922,-9899.987305,0.692383
6611,-10535.347656,-10533.459961,1.887695
6612,-11950.522461,-11950.552734,0.030273
6613,-11810.462891,-11811.904297,1.441406
6614,-12959.875977,-12958.558594,1.317383
6615,-10970.292969,-10971.572266,1.279297
6616,-10566.522461,-10566.495117,0.027344
6617,-11854.591797,-11851.520508,3.071289
6618,-9443.216797,-9455.417969,12.201172
6619,-9495.756836,-9496.337891,0.581055
6620,-9426.388672,-9428.976562,2.587891
6621,-11343.165039,-11340.534180,2.630859
6622,-9496.991211,-9496.867188,0.124023
6623,-9554.039062,-9554.996094,0.957031
6624,-10500.328125,-10500.686523,0.358398
6625,-9405.707031,-9405.393555,0.313477
6626,-10966.565430,-10968.287109,1.721680
6627,-9867.644531,-9868.366211,0.721680
6628,-10905.319336,-10904.522461,0.796875
6629,-11884.754883,-11883.293945,1.460938
6630,-12787.276367,-12789.957031,2.680664
6631,-10361.237305,-10362.391602,1.154297
6632,-12386.884766,-12384.948242,1.936523
6633,-7450.369141,-7449.321777,1.047363
6634,-11477.484375,-11477.954102,0.469727
6635,-11544.672852,-11544.065430,0.607422
6636,-7761.522949,-7759.618164,1.904785
6637,-11984.345703,-11981.191406,3.154297
6638,-9877.910156,-9876.720703,1.189453
6639,-10939.031250,-10938.380859,0.650391
6640,-9406.152344,-9406.640625,0.488281
6641,-10834.359375,-10833.599609,0.759766
6642,-8864.877930,-8864.882812,0.004883
6643,-12454.854492,-12455.226562,0.372070
6644,-10364.736328,-10363.786133,0.950195
6645,-10901.828125,-10901.345703,0.482422
6646,-10533.255859,-10534.022461,0.766602
6647,-10934.742188,-10935.964844,1.222656
6648,-12522.008789,-12521.274414,0.734375
6649,-12926.651367,-12927.013672,0.362305
6650,-10877.308594,-10877.741211,0.432617
6651,-11484.113281,-11485.257812,1.144531
6652,-11947.438477,-11946.397461,1.041016
6653,-10498.479492,-10499.855469,1.375977
6654,-11948.411133,-11948.119141,0.291992
6655,-11917.297852,-11915.372070,1.925781
6656,-8358.789062,-8359.513672,0.724609
6657,-11472.247070,-11475.498047,3.250977
6658,-9455.054688,-9455.446289,0.391602
6659,-11915.398438,-11915.995117,0.596680
6660,-10968.841797,-10968.748047,0.093750
6661,-11575.598633,-11576.008789,0.410156
6662,-10937.814453,-10937.155273,0.659180
6663,-10566.351562,-10566.336914,0.014648
6664,-10534.925781,-10533.889648,1.036133
6665,-11981.438477,-11981.595703,0.157227
6666,-12353.043945,-12350.899414,2.144531
6667,-11421.141602,-11420.953125,0.188477
6668,-8203.122070,-8199.676758,3.445312
6669,-10969.791016,-10970.687500,0.896484
6670,-11206.539062,-11205.355469,1.183594
6671,-10431.666992,-10430.242188,1.424805
6672,-10530.477539,-10532.362305,1.884766
6673,-11481.350586,-11478.315430,3.035156
6674,-12555.931641,-12553.429688,2.501953
6675,-10968.574219,-10967.556641,1.017578
6676,-8452.206055,-8451.443359,0.762695
6677,-10531.510742,-10530.098633,1.412109
6678,-12010.524414,-12014.387695,3.863281
6679,-10970.159180,-10968.466797,1.692383
6680,-12925.940430,-12925.835938,0.104492
6681,-12386.198242,-12384.209961,1.988281
6682,-12384.567383,-12384.289062,0.278320
6683,-10970.101562,-10969.686523,0.415039
6684,-11371.271484,-11372.363281,1.091797
6685,-10937.935547,-10937.698242,0.237305
6686,-8898.747070,-8897.663086,1.083984
6687,-12926.671875,-12926.035156,0.636719
6688,-12459.048828,-12456.406250,2.642578
6689,-12792.476562,-12791.375000,1.101562
6690,-10801.489258,-10801.087891,0.401367
6691,-12487.781250,-12488.156250,0.375000
6692,-9931.339844,-9931.874023,0.534180
6693,-11371.506836,-11373.067383,1.560547
6694,-11720.204102,-11719.922852,0.281250
6695,-11544.533203,-11544.750977,0.217773
6696,-10341.233398,-10339.474609,1.758789
6697,-12520.934570,-12520.551758,0.382812
6698,-10497.670898,-10499.073242,1.402344
6699,-11512.059570,-11511.259766,0.799805
6700,-10532.635742,-10531.166016,1.469727
6701,-15613.290039,-15617.058594,3.768555
6702,-11914.949219,-11914.876953,0.072266
6703,-12896.832031,-12894.142578,2.689453
6704,-11543.078125,-11543.175781,0.097656
6705,-11544.668945,-11543.420898,1.248047
6706,-11272.993164,-11270.888672,2.104492
6707,-10460.487305,-10462.556641,2.069336
6708,-12481.547852,-12478.056641,3.491211
6709,-8520.242188,-8517.593750,2.648438
6710,-11541.348633,-11542.445312,1.096680
6711,-12245.097656,-12248.939453,3.841797
6712,-12387.068359,-12386.500977,0.567383
6713,-11508.839844,-11510.304688,1.464844
6714,-8554.377930,-8552.216797,2.161133
6715,-12921.931641,-12925.038086,3.106445
6716,-11980.531250,-11980.103516,0.427734
6717,-12522.457031,-12521.382812,1.074219
6718,-12417.636719,-12418.824219,1.187500
6719,-11310.110352,-11308.459961,1.650391
6720,-10968.994141,-10968.372070,0.622070
6721,-14917.750977,-14919.193359,1.442383
6722,-12422.852539,-12423.381836,0.529297
6723,-12758.472656,-12756.564453,1.908203
6724,-9799.933594,-9798.224609,1.708984
6725,-11407.375977,-11407.102539,0.273438
6726,-10534.266602,-10534.447266,0.180664
6727,-11377.251953,-11374.688477,2.563477
6728,-10970.343750,-10970.327148,0.016602
6729,-10878.433594,-10880.304688,1.871094
6730,-11542.758789,-11543.630859,0.872070
6731,-10366.282227,-10365.396484,0.885742
6732,-11478.388672,-11479.885742,1.497070
6733,-10532.804688,-10532.721680,0.083008
6734,-11507.721680,-11510.920898,3.199219
6735,-9933.585938,-9933.482422,0.103516
6736,-10531.029297,-10532.160156,1.130859
6737,-12521.895508,-12522.443359,0.547852
6738,-11945.984375,-11945.715820,0.268555
6739,-10502.611328,-10499.939453,2.671875
6740,-12520.669922,-12521.777344,1.107422
6741,-11946.031250,-11946.972656,0.941406
6742,-9622.735352,-9620.909180,1.826172
6743,-10834.652344,-10834.299805,0.352539
6744,-10940.593750,-10937.739258,2.854492
6745,-12610.334961,-12617.473633,7.138672
6746,-12403.751953,-12411.206055,7.454102
6747,-8921.339844,-8921.691406,0.351562
6748,-10566.718750,-10565.456055,1.262695
6749,-10530.917969,-10532.026367,1.108398
6750,-7360.122070,-7357.893555,2.228516
6751,-10534.070312,-10533.166992,0.903320
6752,-10967.505859,-10968.233398,0.727539
6753,-10429.615234,-10430.479492,0.864258
6754,-10501.147461,-10501.299805,0.152344
6755,-11542.744141,-11542.505859,0.238281
6756,-10439.142578,-10440.128906,0.986328
6757,-11374.513672,-11373.184570,1.329102
6758,-11949.916992,-11948.306641,1.610352
6759,-14202.300781,-14202.479492,0.178711
6760,-9432.066406,-9431.113281,0.953125
6761,-11575.116211,-11576.083008,0.966797
6762,-11508.319336,-11510.501953,2.182617
6763,-12787.277344,-12790.029297,2.751953
6764,-10566.747070,-10566.023438,0.723633
6765,-9455.763672,-9454.777344,0.986328
6766,-11406.280273,-11406.812500,0.532227
6767,-10936.082031,-10935.182617,0.899414
6768,-9498.720703,-9486.203125,12.517578
6769,-11544.304688,-11543.260742,1.043945
6770,-13332.083008,-13331.712891,0.370117
6771,-13768.125000,-13767.662109,0.462891
6772,-12454.627930,-12454.460938,0.166992
6773,-11914.361328,-11914.759766,0.398438
6774,-9521.962891,-9522.250977,0.288086
6775,-10971.153320,-10970.203125,0.950195
6776,-10882.995117,-10880.273438,2.721680
6777,-12355.220703,-12354.241211,0.979492
6778,-11409.639648,-11407.594727,2.044922
6779,-11476.358398,-11477.750000,1.391602
6780,-8517.453125,-8518.549805,1.096680
6781,-10903.709961,-10904.487305,0.777344
6782,-10935.513672,-10934.583008,0.930664
6783,-11810.458984,-11810.633789,0.174805
6784,-10497.509766,-10497.324219,0.185547
6785,-10936.781250,-10935.904297,0.876953
6786,-11914.658203,-11914.836914,0.178711
6787,-12029.225586,-12029.431641,0.206055
6788,-12491.591797,-12489.417969,2.173828
6789,-13445.552734,-13445.164062,0.388672
6790,-10472.658203,-10475.251953,2.593750
6791,-9586.896484,-9588.694336,1.797852
6792,-8520.652344,-8519.834961,0.817383
6793,-11979.688477,-11980.708984,1.020508
6794,-10966.552734,-10969.499023,2.946289
6795,-12522.997070,-12521.533203,1.463867
6796,-12892.465820,-12892.530273,0.064453
6797,-12522.392578,-12522.438477,0.045898
6798,-11485.718750,-11484.406250,1.312500
6799,-10507.844727,-10506.882812,0.961914
6800,-11544.994141,-11543.892578,1.101562
6801,-10533.595703,-10534.295898,0.700195
6802,-12522.125977,-12521.058594,1.067383
6803,-10566.488281,-10565.112305,1.375977
6804,-10499.336914,-10498.730469,0.606445
6805,-11440.586914,-11441.054688,0.467773
6806,-11374.086914,-11375.143555,1.056641
6807,-11339.881836,-11341.801758,1.919922
6808,-11543.627930,-11543.681641,0.053711
6809,-12923.230469,-12926.704102,3.473633
6810,-8452.277344,-8452.208984,0.068359
6811,-11947.524414,-11947.986328,0.461914
6812,-12324.327148,-12318.202148,6.125000
6813,-11915.825195,-11914.926758,0.898438
6814,-10533.849609,-10533.073242,0.776367
6815,-11947.962891,-11948.590820,0.627930
6816,-9869.105469,-9866.116211,2.989258
6817,-10565.104492,-10566.173828,1.069336
6818,-11407.939453,-11407.983398,0.043945
6819,-10965.456055,-10968.267578,2.811523
6820,-10532.580078,-10534.549805,1.969727
6821,-9931.574219,-9932.522461,0.948242
6822,-11507.385742,-11510.685547,3.299805
6823,-9868.297852,-9867.212891,1.084961
6824,-12927.396484,-12926.276367,1.120117
6825,-9588.374023,-9588.641602,0.267578
6826,-11508.895508,-11510.497070,1.601562
6827,-10532.448242,-10530.409180,2.039062
6828,-10848.424805,-10846.048828,2.375977
6829,-10968.005859,-10968.322266,0.316406
6830,-9957.512695,-9957.538086,0.025391
6831,-12455.306641,-12453.955078,1.351562
6832,-9960.177734,-9959.441406,0.736328
6833,-10498.974609,-10498.639648,0.334961
6834,-10497.349609,-10497.677734,0.328125
6835,-11916.393555,-11917.233398,0.839844
6836,-12958.349609,-12959.224609,0.875000
6837,-11511.831055,-11510.406250,1.424805
6838,-10900.563477,-10902.467773,1.904297
6839,-10499.756836,-10499.417969,0.338867
6840,-11406.005859,-11406.910156,0.904297
6841,-11002.905273,-11001.863281,1.041992
6842,-11510.935547,-11510.563477,0.372070
6843,-11918.652344,-11916.190430,2.461914
6844,-11811.708984,-11812.769531,1.060547
6845,-10910.465820,-10911.800781,1.334961
6846,-12960.052734,-12958.405273,1.647461
6847,-10508.590820,-10507.823242,0.767578
6848,-10935.734375,-10936.325195,0.590820
6849,-9959.210938,-9960.082031,0.871094
6850,-11509.505859,-11510.536133,1.030273
6851,-11576.008789,-11575.979492,0.029297
6852,-10338.118164,-10338.853516,0.735352
6853,-12386.006836,-12384.692383,1.314453
6854,-11526.960938,-11526.724609,0.236328
6855,-11477.137695,-11478.109375,0.971680
6856,-10565.894531,-10566.567383,0.672852
6857,-13468.805664,-13468.065430,0.740234
6858,-11407.086914,-11406.353516,0.733398
6859,-9935.470703,-9934.524414,0.946289
6860,-9932.330078,-9933.437500,1.107422
6861,-10938.476562,-10937.909180,0.567383
6862,-10997.382812,-11000.751953,3.369141
6863,-8460.734375,-8460.329102,0.405273
6864,-11983.224609,-11980.586914,2.637695
6865,-10899.992188,-10903.001953,3.009766
6866,-9589.465820,-9588.487305,0.978516
6867,-10566.750000,-10566.584961,0.165039
6868,-11577.150391,-11577.155273,0.004883
6869,-10531.711914,-10532.479492,0.767578
6870,-11475.685547,-11476.382812,0.697266
6871,-11509.826172,-11510.726562,0.900391
6872,-11512.164062,-11512.888672,0.724609
6873,-10934.778320,-10935.134766,0.356445
6874,-10935.894531,-10936.585938,0.691406
6875,-9521.815430,-9522.531250,0.715820
6876,-10969.774414,-10969.610352,0.164062
6877,-10936.000000,-10936.771484,0.771484
6878,-11883.351562,-11882.380859,0.970703
6879,-11917.447266,-11917.491211,0.043945
6880,-11035.667969,-11034.800781,0.867188
6881,-10936.499023,-10935.855469,0.643555
6882,-11478.336914,-11478.846680,0.509766
6883,-11510.275391,-11512.209961,1.934570
6884,-9462.847656,-9462.855469,0.007812
6885,-11948.071289,-11947.082031,0.989258
6886,-10372.206055,-10371.855469,0.350586
6887,-11914.525391,-11914.510742,0.014648
6888,-11850.820312,-11849.799805,1.020508
6889,-11001.869141,-11002.238281,0.369141
6890,-11981.983398,-11981.728516,0.254883
6891,-9327.432617,-9327.948242,0.515625
6892,-9554.012695,-9554.448242,0.435547
6893,-11544.228516,-11543.679688,0.548828
6894,-10440.732422,-10439.903320,0.829102
6895,-9463.710938,-9462.855469,0.855469
6896,-9850.282227,-9843.089844,7.192383
6897,-11609.416016,-11608.864258,0.551758
6898,-9991.695312,-9991.866211,0.170898
6899,-12386.939453,-12386.342773,0.596680
6900,-11509.580078,-11509.261719,0.318359
6901,-9957.626953,-9957.588867,0.038086
6902,-7818.784180,-7818.456055,0.328125
6903,-10968.166016,-10968.817383,0.651367
6904,-9924.384766,-9924.066406,0.318359
6905,-11576.159180,-11575.604492,0.554688
6906,-10830.771484,-10830.813477,0.041992
6907,-11475.533203,-11476.364258,0.831055
6908,-13501.794922,-13499.536133,2.258789
6909,-12522.521484,-12521.642578,0.878906
6910,-10933.050781,-10934.373047,1.322266
6911,-10842.731445,-10844.423828,1.692383
6912,-11844.691406,-11844.737305,0.045898
6913,-12820.397461,-12820.309570,0.087891
6914,-9869.691406,-9870.248047,0.556641
6915,-11947.157227,-11949.204102,2.046875
6916,-11913.182617,-11914.534180,1.351562
6917,-10865.781250,-10865.748047,0.033203
6918,-12788.862305,-12790.551758,1.689453
6919,-11409.160156,-11408.824219,0.335938
6920,-10233.982422,-10234.933594,0.951172
6921,-11544.117188,-11544.493164,0.375977
6922,-13772.869141,-13767.568359,5.300781
6923,-9587.780273,-9587.791016,0.010742
6924,-11945.306641,-11947.967773,2.661133
6925,-10532.515625,-10532.242188,0.273438
6926,-10801.236328,-10800.925781,0.310547
6927,-10935.549805,-10936.186523,0.636719
6928,-10536.359375,-10534.646484,1.712891
6929,-11407.888672,-11407.082031,0.806641
6930,-11609.714844,-11609.182617,0.532227
6931,-10936.195312,-10936.448242,0.252930
6932,-10532.034180,-10532.389648,0.355469
6933,-9962.736328,-9960.380859,2.355469
6934,-10532.800781,-10532.847656,0.046875
6935,-11408.069336,-11407.913086,0.156250
6936,-12788.383789,-12789.364258,0.980469
6937,-10559.208008,-10564.213867,5.005859
6938,-11542.479492,-11543.376953,0.897461
6939,-8658.500000,-8662.491211,3.991211
6940,-8384.042969,-8384.400391,0.357422
6941,-11913.600586,-11913.811523,0.210938
6942,-10937.899414,-10937.834961,0.064453
6943,-11883.153320,-11882.838867,0.314453
6944,-8364.134766,-8361.791016,2.343750
6945,-10497.774414,-10499.233398,1.458984
6946,-11819.073242,-11812.940430,6.132812
6947,-10881.745117,-10879.577148,2.167969
6948,-11545.302734,-11543.823242,1.479492
6949,-11937.208984,-11939.213867,2.004883
6950,-10937.251953,-10937.295898,0.043945
6951,-11880.337891,-11880.864258,0.526367
6952,-10304.205078,-10302.250977,1.954102
6953,-11005.527344,-11003.786133,1.741211
6954,-10473.274414,-10474.096680,0.822266
6955,-10533.651367,-10532.967773,0.683594
6956,-11543.489258,-11542.794922,0.694336
6957,-13969.847656,-13970.163086,0.315430
6958,-12520.667969,-12521.245117,0.577148
6959,-10498.263672,-10497.884766,0.378906
6960,-10970.530273,-10970.066406,0.463867
6961,-10970.482422,-10971.430664,0.948242
6962,-8552.538086,-8551.748047,0.790039
6963,-12486.798828,-12486.414062,0.384766
6964,-10166.864258,-10169.602539,2.738281
6965,-13438.491211,-13435.523438,2.967773
6966,-11003.013672,-11003.438477,0.424805
6967,-10845.632812,-10846.518555,0.885742
6968,-12523.166016,-12522.723633,0.442383
6969,-10970.032227,-10969.756836,0.275391
6970,-10273.220703,-10272.531250,0.689453
6971,-12384.810547,-12385.783203,0.972656
6972,-10969.713867,-10968.430664,1.283203
6973,-12490.826172,-12489.789062,1.037109
6974,-10533.579102,-10533.230469,0.348633
6975,-10935.663086,-10936.358398,0.695312
6976,-11002.897461,-11003.875000,0.977539
6977,-11919.268555,-11916.965820,2.302734
6978,-11344.192383,-11342.459961,1.732422
6979,-10904.380859,-10903.810547,0.570312
6980,-11543.489258,-11543.300781,0.188477
6981,-11002.825195,-11002.445312,0.379883
6982,-10911.029297,-10912.911133,1.881836
6983,-11576.037109,-11575.905273,0.131836
6984,-10532.981445,-10532.693359,0.288086
6985,-11950.444336,-11947.623047,2.821289
6986,-11949.211914,-11948.189453,1.022461
6987,-11808.647461,-11811.419922,2.772461
6988,-10937.795898,-10937.362305,0.433594
6989,-11510.349609,-11510.270508,0.079102
6990,-9957.646484,-9958.460938,0.814453
6991,-13766.889648,-13766.791016,0.098633
6992,-13500.789062,-13500.018555,0.770508
6993,-11915.285156,-11915.894531,0.609375
6994,-10937.018555,-10938.398438,1.379883
6995,-9956.614258,-9957.361328,0.747070
6996,-12523.688477,-12521.458984,2.229492
6997,-11980.998047,-11981.279297,0.281250
6998,-10363.746094,-10362.557617,1.188477
6999,-13360.445312,-13364.407227,3.961914
7000,-12894.644531,-12894.174805,0.469727
7001,-11341.353516,-11341.171875,0.181641
7002,-10567.481445,-10566.064453,1.416992
7003,-11478.070312,-11477.246094,0.824219
7004,-10364.068359,-10363.738281,0.330078
7005,-10561.279297,-10564.308594,3.029297
7006,-10305.859375,-10306.373047,0.513672
7007,-9431.734375,-9429.583008,2.151367
7008,-11338.490234,-11340.429688,1.939453
7009,-9922.429688,-9923.244141,0.814453
7010,-11509.957031,-11511.545898,1.588867
7011,-10932.026367,-10933.950195,1.923828
7012,-12821.881836,-12823.076172,1.194336
7013,-11978.848633,-11979.144531,0.295898
7014,-11819.369141,-11822.715820,3.346680
7015,-11511.070312,-11510.286133,0.784180
7016,-10902.439453,-10903.839844,1.400391
7017,-11377.667969,-11376.113281,1.554688
7018,-10499.565430,-10500.246094,0.680664
7019,-9463.521484,-9465.223633,1.702148
7020,-10879.920898,-10878.942383,0.978516
7021,-11510.561523,-11510.371094,0.190430
7022,-12553.080078,-12554.370117,1.290039
7023,-11408.755859,-11407.562500,1.193359
7024,-10598.792969,-10598.481445,0.311523
7025,-10565.656250,-10564.941406,0.714844
7026,-10532.132812,-10531.967773,0.165039
7027,-10428.613281,-10428.393555,0.219727
7028,-11980.592773,-11980.118164,0.474609
7029,-10439.952148,-10440.258789,0.306641
7030,-11271.375977,-11270.139648,1.236328
7031,-11574.545898,-11575.648438,1.102539
7032,-10565.558594,-10565.897461,0.338867
7033,-10565.552734,-10565.310547,0.242188
7034,-12386.703125,-12384.718750,1.984375
7035,-9521.976562,-9521.103516,0.873047
7036,-11544.301758,-11542.598633,1.703125
7037,-12790.765625,-12790.391602,0.374023
7038,-11509.303711,-11509.478516,0.174805
7039,-10533.557617,-10533.520508,0.037109
7040,-10901.420898,-10903.084961,1.664062
7041,-10636.964844,-10638.740234,1.775391
7042,-9809.927734,-9810.491211,0.563477
7043,-12896.740234,-12892.458984,4.281250
7044,-9554.107422,-9555.028320,0.920898
7045,-10498.412109,-10498.805664,0.393555
7046,-11749.917969,-11745.954102,3.963867
7047,-9488.634766,-9489.327148,0.692383
7048,-11510.142578,-11509.911133,0.231445
7049,-10497.159180,-10498.956055,1.796875
7050,-12929.032227,-12927.636719,1.395508
7051,-11478.461914,-11478.304688,0.157227
7052,-11309.283203,-11310.521484,1.238281
7053,-11341.456055,-11342.264648,0.808594
7054,-8262.526367,-8260.103516,2.422852
7055,-10567.086914,-10565.410156,1.676758
7056,-11002.957031,-11003.504883,0.547852
7057,-12489.701172,-12490.428711,0.727539
7058,-10216.095703,-10213.200195,2.895508
7059,-10878.454102,-10880.540039,2.085938
7060,-11003.134766,-11003.253906,0.119141
7061,-10396.674805,-10396.549805,0.125000
7062,-11946.120117,-11945.848633,0.271484
7063,-11577.353516,-11576.809570,0.543945
7064,-10934.977539,-10935.487305,0.509766
7065,-10200.498047,-10201.409180,0.911133
7066,-11542.885742,-11544.198242,1.312500
7067,-11911.746094,-11914.995117,3.249023
7068,-15461.463867,-15460.345703,1.118164
7069,-9555.386719,-9555.864258,0.477539
7070,-9587.066406,-9588.518555,1.452148
7071,-11814.112305,-11812.669922,1.442383
7072,-11977.833984,-11978.869141,1.035156
7073,-11475.348633,-11476.194336,0.845703
7074,-11949.604492,-11948.340820,1.263672
7075,-11945.243164,-11947.649414,2.406250
7076,-9462.757812,-9463.165039,0.407227
7077,-10562.833008,-10564.769531,1.936523
7078,-10532.484375,-10533.726562,1.242188
7079,-12958.759766,-12959.653320,0.893555
7080,-9437.240234,-9437.755859,0.515625
7081,-10397.166992,-10395.908203,1.258789
7082,-10507.270508,-10507.783203,0.512695
7083,-12524.595703,-12522.983398,1.612305
7084,-12925.508789,-12926.038086,0.529297
7085,-10937.510742,-10934.939453,2.571289
7086,-10566.849609,-10566.672852,0.176758
7087,-12354.852539,-12352.571289,2.281250
7088,-12451.328125,-12454.588867,3.260742
7089,-11978.862305,-11980.054688,1.192383
7090,-10393.569336,-10393.882812,0.313477
7091,-10565.253906,-10566.179688,0.925781
7092,-10631.954102,-10631.764648,0.189453
7093,-10879.274414,-10879.399414,0.125000
7094,-10743.374023,-10743.397461,0.023438
7095,-10968.216797,-10968.003906,0.212891
7096,-11982.589844,-11982.457031,0.132812
7097,-12283.615234,-12282.621094,0.994141
7098,-10911.845703,-10912.555664,0.709961
7099,-11442.304688,-11443.965820,1.661133
7100,-11477.226562,-11476.191406,1.035156
7101,-11408.167969,-11408.755859,0.587891
7102,-10565.566406,-10565.400391,0.166016
7103,-12421.734375,-12422.411133,0.676758
7104,-10532.514648,-10531.528320,0.986328
7105,-12555.537109,-12553.812500,1.724609
7106,-12927.771484,-12925.166992,2.604492
7107,-11374.047852,-11376.400391,2.352539
7108,-10566.202148,-10566.062500,0.139648
7109,-9465.185547,-9465.740234,0.554688
7110,-10565.290039,-10566.344727,1.054688
7111,-9495.268555,-9495.333984,0.065430
7112,-10973.073242,-10971.364258,1.708984
7113,-11576.956055,-11575.978516,0.977539
7114,-10567.041016,-10564.914062,2.126953
7115,-10940.388672,-10938.539062,1.849609
7116,-12791.041016,-12789.524414,1.516602
7117,-11409.677734,-11408.112305,1.565430
7118,-11608.293945,-11609.014648,0.720703
7119,-10969.436523,-10969.747070,0.310547
7120,-10466.288086,-10466.703125,0.415039
7121,-12761.301758,-12755.805664,5.496094
7122,-10362.020508,-10363.041016,1.020508
7123,-10745.373047,-10743.774414,1.598633
7124,-10899.240234,-10898.968750,0.271484
7125,-10942.136719,-10939.270508,2.866211
7126,-9588.298828,-9587.701172,0.597656
7127,-11408.413086,-11406.244141,2.168945
7128,-11509.121094,-11511.455078,2.333984
7129,-9452.921875,-9454.551758,1.629883
7130,-11843.841797,-11844.988281,1.146484
7131,-10467.346680,-10466.113281,1.233398
7132,-11320.737305,-11317.404297,3.333008
7133,-14205.828125,-14202.453125,3.375000
7134,-11981.570312,-11981.035156,0.535156
7135,-11511.507812,-11511.077148,0.430664
7136,-11338.097656,-11340.665039,2.567383
7137,-11947.815430,-11948.608398,0.792969
7138,-9555.666992,-9555.403320,0.263672
7139,-9496.058594,-9495.861328,0.197266
7140,-11981.279297,-11980.917969,0.361328
7141,-9861.717773,-9866.736328,5.018555
7142,-12452.733398,-12454.870117,2.136719
7143,-12588.612305,-12586.976562,1.635742
7144,-10913.666016,-10912.389648,1.276367
7145,-12926.189453,-12926.377930,0.188477
7146,-10969.302734,-10967.782227,1.520508
7147,-12927.355469,-12927.020508,0.334961
7148,-11238.238281,-11238.743164,0.504883
7149,-10534.017578,-10534.066406,0.048828
7150,-11542.991211,-11543.659180,0.667969
7151,-11002.477539,-11003.754883,1.277344
7152,-12555.870117,-12554.814453,1.055664
7153,-13547.767578,-13548.731445,0.963867
7154,-11978.151367,-11980.151367,2.000000
7155,-10500.443359,-10499.465820,0.977539
7156,-12518.196289,-12521.225586,3.029297
7157,-10966.723633,-10968.164062,1.440430
7158,-11915.840820,-11916.076172,0.235352
7159,-11511.172852,-11510.741211,0.431641
7160,-11542.851562,-11543.537109,0.685547
7161,-9588.131836,-9587.640625,0.491211
7162,-14203.381836,-14200.706055,2.675781
7163,-8866.726562,-8865.180664,1.545898
7164,-10844.333984,-10846.799805,2.465820
7165,-12925.069336,-12925.477539,0.408203
7166,-11946.532227,-11948.101562,1.569336
7167,-8485.412109,-8486.045898,0.633789
7168,-9461.864258,-9463.220703,1.356445
7169,-10971.952148,-10970.375977,1.576172
7170,-11845.597656,-11844.892578,0.705078
7171,-12386.855469,-12386.627930,0.227539
7172,-12893.812500,-12892.198242,1.614258
7173,-12717.829102,-12723.787109,5.958008
7174,-8401.620117,-8401.510742,0.109375
7175,-9166.918945,-9165.639648,1.279297
7176,-11610.298828,-11609.156250,1.142578
7177,-10532.010742,-10531.785156,0.225586
7178,-11980.054688,-11980.731445,0.676758
7179,-10530.949219,-10532.099609,1.150391
7180,-11409.000977,-11408.246094,0.754883
7181,-12216.994141,-12216.605469,0.388672
7182,-10971.086914,-10971.231445,0.144531
7183,-11948.460938,-11948.101562,0.359375
7184,-10308.303711,-10307.046875,1.256836
7185,-10567.022461,-10566.375977,0.646484
7186,-10392.285156,-10384.834961,7.450195
7187,-10447.064453,-10448.352539,1.288086
7188,-9267.367188,-9270.633789,3.266602
7189,-13398.785156,-13396.405273,2.379883
7190,-11408.662109,-11408.320312,0.341797
7191,-11546.813477,-11544.873047,1.940430
7192,-11544.401367,-11543.649414,0.751953
7193,-10803.075195,-10802.840820,0.234375
7194,-11945.969727,-11945.960938,0.008789
7195,-9990.921875,-9990.784180,0.137695
7196,-11510.126953,-11508.793945,1.333008
7197,-11509.686523,-11510.756836,1.070312
7198,-10938.835938,-10937.893555,0.942383
7199,-10937.841797,-10935.826172,2.015625
7200,-11375.433594,-11375.405273,0.028320
7201,-10969.885742,-10969.126953,0.758789
7202,-12351.987305,-12351.088867,0.898438
7203,-11371.733398,-11372.338867,0.605469
7204,-11283.033203,-11284.797852,1.764648
7205,-10531.694336,-10532.312500,0.618164
7206,-11845.996094,-11849.485352,3.489258
7207,-10736.791992,-10735.812500,0.979492
7208,-9890.875000,-9891.030273,0.155273
7209,-11479.338867,-11477.163086,2.175781
7210,-11510.329102,-11510.569336,0.240234
7211,-10397.795898,-10398.749023,0.953125
7212,-9928.060547,-9927.711914,0.348633
7213,-10303.344727,-10304.703125,1.358398
7214,-11033.432617,-11034.780273,1.347656
7215,-12521.509766,-12523.052734,1.542969
7216,-10534.033203,-10531.992188,2.041016
7217,-9463.223633,-9463.594727,0.371094
7218,-11408.599609,-11407.956055,0.643555
7219,-10933.726562,-10935.169922,1.443359
7220,-11509.585938,-11510.102539,0.516602
7221,-9484.727539,-9487.634766,2.907227
7222,-9900.035156,-9899.044922,0.990234
7223,-10398.070312,-10396.255859,1.814453
7224,-13469.865234,-13467.950195,1.915039
7225,-12456.918945,-12457.696289,0.777344
7226,-11511.063477,-11510.669922,0.393555
7227,-11544.274414,-11543.916016,0.358398
7228,-10532.331055,-10531.749023,0.582031
7229,-11510.994141,-11510.650391,0.343750
7230,-11844.193359,-11845.738281,1.544922
7231,-11947.975586,-11947.785156,0.190430
7232,-9390.759766,-9391.339844,0.580078
7233,-8519.443359,-8518.507812,0.935547
7234,-11577.702148,-11576.807617,0.894531
7235,-11508.835938,-11508.468750,0.367188
7236,-11847.183594,-11845.122070,2.061523
7237,-11476.908203,-11477.445312,0.537109
7238,-11543.183594,-11543.768555,0.584961
7239,-12420.010742,-12417.788086,2.222656
7240,-11879.400391,-11882.758789,3.358398
7241,-8921.190430,-8920.612305,0.578125
7242,-10775.291016,-10776.348633,1.057617
7243,-10845.541016,-10845.797852,0.256836
7244,-12385.236328,-12385.183594,0.052734
7245,-11949.116211,-11948.308594,0.807617
7246,-12927.648438,-12927.061523,0.586914
7247,-8958.255859,-8956.872070,1.383789
7248,-8520.470703,-8519.785156,0.685547
7249,-10935.439453,-10934.772461,0.666992
7250,-12523.008789,-12522.658203,0.350586
7251,-7380.095703,-7383.273438,3.177734
7252,-11301.783203,-11303.205078,1.421875
7253,-11509.908203,-11510.497070,0.588867
7254,-10363.132812,-10362.707031,0.425781
7255,-10499.597656,-10499.240234,0.357422
7256,-10532.719727,-10533.000000,0.280273
7257,-12926.630859,-12925.092773,1.538086
7258,-10762.511719,-10764.799805,2.288086
7259,-11915.627930,-11911.707031,3.920898
7260,-10936.117188,-10937.556641,1.439453
7261,-11510.763672,-11510.565430,0.198242
7262,-10937.522461,-10936.854492,0.667969
7263,-9935.539062,-9933.976562,1.562500
7264,-11508.960938,-11509.811523,0.850586
7265,-9554.557617,-9554.289062,0.268555
7266,-12522.303711,-12521.742188,0.561523
7267,-12521.577148,-12520.380859,1.196289
7268,-10530.673828,-10530.812500,0.138672
7269,-12423.165039,-12419.139648,4.025391
7270,-10738.169922,-10736.516602,1.653320
7271,-10535.036133,-10532.798828,2.237305
7272,-10502.949219,-10500.755859,2.193359
7273,-11340.113281,-11341.049805,0.936523
7274,-11912.915039,-11914.094727,1.179688
7275,-11981.662109,-11981.897461,0.235352
7276,-10971.116211,-10969.925781,1.190430
7277,-11949.023438,-11949.072266,0.048828
7278,-11915.087891,-11914.385742,0.702148
7279,-10530.963867,-10532.762695,1.798828
7280,-11543.922852,-11544.477539,0.554688
7281,-10835.144531,-10835.526367,0.381836
7282,-10833.684570,-10832.533203,1.151367
7283,-11743.960938,-11745.596680,1.635742
7284,-9522.859375,-9522.199219,0.660156
7285,-10939.064453,-10937.869141,1.195312
7286,-12858.160156,-12859.637695,1.477539
7287,-12352.246094,-12351.854492,0.391602
7288,-12416.939453,-12418.256836,1.317383
7289,-11478.590820,-11478.130859,0.459961
7290,-9587.696289,-9588.507812,0.811523
7291,-11947.969727,-11947.241211,0.728516
7292,-12756.674805,-12757.245117,0.570312
7293,-12956.777344,-12958.514648,1.737305
7294,-10972.827148,-10971.543945,1.283203
7295,-9462.968750,-9462.677734,0.291016
7296,-10371.267578,-10370.533203,0.734375
7297,-9521.597656,-9521.782227,0.184570
7298,-10904.408203,-10904.561523,0.153320
7299,-11543.363281,-11543.854492,0.491211
7300,-12280.058594,-12281.089844,1.031250
7301,-10631.140625,-10631.565430,0.424805
7302,-12452.809570,-12453.208984,0.399414
7303,-11808.010742,-11811.525391,3.514648
7304,-10364.389648,-10364.085938,0.303711
7305,-11979.501953,-11979.871094,0.369141
7306,-9958.250977,-9956.511719,1.739258
7307,-10394.817383,-10394.792969,0.024414
7308,-11979.392578,-11979.393555,0.000977
7309,-11404.938477,-11406.648438,1.709961
7310,-12351.081055,-12351.996094,0.915039
7311,-11949.016602,-11947.713867,1.302734
7312,-11950.044922,-11948.842773,1.202148
7313,-11375.221680,-11375.935547,0.713867
7314,-9521.256836,-9521.602539,0.345703
7315,-11911.902344,-11915.234375,3.332031
7316,-10568.074219,-10566.595703,1.478516
7317,-11545.376953,-11544.593750,0.783203
7318,-10533.202148,-10531.962891,1.239258
7319,-11948.279297,-11947.790039,0.489258
7320,-10833.158203,-10833.329102,0.170898
7321,-10937.244141,-10938.309570,1.065430
7322,-10938.976562,-10936.601562,2.375000
7323,-12456.007812,-12456.041016,0.033203
7324,-10532.339844,-10532.483398,0.143555
7325,-6321.514648,-6321.996094,0.481445
7326,-11979.883789,-11979.057617,0.826172
7327,-11677.844727,-11675.842773,2.001953
7328,-12523.936523,-12522.965820,0.970703
7329,-8428.757812,-8427.908203,0.849609
7330,-11373.204102,-11374.210938,1.006836
7331,-12894.714844,-12893.017578,1.697266
7332,-9465.787109,-9464.580078,1.207031
7333,-13109.638672,-13111.979492,2.340820
7334,-9327.353516,-9328.023438,0.669922
7335,-11449.957031,-11451.750000,1.792969
7336,-9327.947266,-9329.006836,1.059570
7337,-9463.289062,-9463.692383,0.403320
7338,-10337.615234,-10338.855469,1.240234
7339,-11981.374023,-11980.848633,0.525391
7340,-10497.729492,-10498.760742,1.031250
7341,-12925.677734,-12926.172852,0.495117
7342,-11510.119141,-11510.105469,0.013672
7343,-10971.659180,-10970.776367,0.882812
7344,-12552.664062,-12553.308594,0.644531
7345,-11511.186523,-11510.492188,0.694336
7346,-11912.889648,-11914.909180,2.019531
7347,-10565.352539,-10565.108398,0.244141
7348,-11372.165039,-11374.480469,2.315430
7349,-10443.002930,-10442.239258,0.763672
7350,-11913.262695,-11914.561523,1.298828
7351,-11342.887695,-11341.403320,1.484375
7352,-10396.310547,-10396.264648,0.045898
7353,-11542.113281,-11542.863281,0.750000
7354,-9960.568359,-9962.106445,1.538086
7355,-11911.800781,-11912.553711,0.752930
7356,-11510.560547,-11512.223633,1.663086
7357,-10937.365234,-10937.320312,0.044922
7358,-12489.042969,-12487.412109,1.630859
7359,-10969.581055,-10969.532227,0.048828
7360,-10429.595703,-10430.104492,0.508789
7361,-10936.544922,-10936.991211,0.446289
7362,-11843.516602,-11844.128906,0.612305
7363,-12490.366211,-12490.507812,0.141602
7364,-11947.692383,-11946.902344,0.790039
7365,-11511.067383,-11509.856445,1.210938
7366,-12859.492188,-12860.273438,0.781250
7367,-11447.608398,-11445.100586,2.507812
7368,-10936.500000,-10935.949219,0.550781
7369,-10362.478516,-10362.878906,0.400391
7370,-10500.595703,-10499.739258,0.856445
7371,-10464.244141,-10465.894531,1.650391
7372,-12355.355469,-12353.790039,1.565430
7373,-10880.171875,-10880.292969,0.121094
7374,-12752.137695,-12755.770508,3.632812
7375,-12522.695312,-12522.740234,0.044922
7376,-12857.231445,-12860.271484,3.040039
7377,-9959.082031,-9957.563477,1.518555
7378,-10370.845703,-10372.945312,2.099609
7379,-9933.637695,-9932.380859,1.256836
7380,-11814.605469,-11813.224609,1.380859
7381,-9902.757812,-9902.209961,0.547852
7382,-9436.625000,-9437.961914,1.336914
7383,-11484.945312,-11484.227539,0.717773
7384,-10500.462891,-10498.983398,1.479492
7385,-11477.263672,-11476.413086,0.850586
7386,-9524.036133,-9523.783203,0.252930
7387,-11978.650391,-11980.884766,2.234375
7388,-9556.445312,-9555.755859,0.689453
7389,-9557.144531,-9555.734375,1.410156
7390,-11916.059570,-11915.883789,0.175781
7391,-10904.044922,-10904.736328,0.691406
7392,-11508.436523,-11510.286133,1.849609
7393,-11512.199219,-11510.857422,1.341797
7394,-11948.984375,-11948.944336,0.040039
7395,-11545.092773,-11544.960938,0.131836
7396,-11507.242188,-11510.720703,3.478516
7397,-9901.746094,-9902.430664,0.684570
7398,-11441.536133,-11440.665039,0.871094
7399,-9556.660156,-9555.513672,1.146484
7400,-9835.303711,-9835.763672,0.459961
7401,-10396.586914,-10395.825195,0.761719
7402,-11477.750000,-11476.029297,1.720703
7403,-9428.887695,-9430.148438,1.260742
7404,-10533.548828,-10532.443359,1.105469
7405,-10396.625977,-10396.104492,0.521484
7406,-11378.121094,-11376.699219,1.421875
7407,-9553.819336,-9554.593750,0.774414
7408,-10532.860352,-10532.505859,0.354492
7409,-13223.778320,-13225.996094,2.217773
7410,-10912.134766,-10912.500000,0.365234
7411,-10564.807617,-10565.305664,0.498047
7412,-12920.405273,-12923.404297,2.999023
7413,-12519.897461,-12520.620117,0.722656
7414,-11919.512695,-11917.329102,2.183594
7415,-11542.403320,-11542.280273,0.123047
7416,-11946.749023,-11947.668945,0.919922
7417,-10365.032227,-10363.206055,1.826172
7418,-11916.690430,-11912.985352,3.705078
7419,-10565.774414,-10566.385742,0.611328
7420,-10969.433594,-10969.243164,0.190430
7421,-10906.030273,-10903.178711,2.851562
7422,-10532.561523,-10532.449219,0.112305
7423,-11948.584961,-11947.975586,0.609375
7424,-10474.136719,-10474.674805,0.538086
7425,-11316.346680,-11316.051758,0.294922
7426,-11004.929688,-11003.510742,1.418945
7427,-10776.927734,-10776.501953,0.425781
7428,-10934.060547,-10934.221680,0.161133
7429,-10880.411133,-10879.660156,0.750977
7430,-9932.230469,-9932.236328,0.005859
7431,-11479.994141,-11478.875000,1.119141
7432,-11949.624023,-11947.930664,1.693359
7433,-12775.451172,-12786.902344,11.451172
7434,-10968.171875,-10969.646484,1.474609
7435,-10440.978516,-10441.650391,0.671875
7436,-11741.785156,-11747.016602,5.231445
7437,-11575.787109,-11576.000000,0.212891
7438,-11369.728516,-11372.315430,2.586914
7439,-10270.080078,-10274.273438,4.193359
7440,-11915.622070,-11915.655273,0.033203
7441,-12485.774414,-12485.942383,0.167969
7442,-10565.668945,-10565.432617,0.236328
7443,-10431.085938,-10430.291992,0.793945
7444,-10970.191406,-10970.549805,0.358398
7445,-9991.631836,-9990.847656,0.784180
7446,-9294.341797,-9292.542969,1.798828
7447,-10566.520508,-10566.461914,0.058594
7448,-11511.775391,-11510.591797,1.183594
7449,-8486.742188,-8486.605469,0.136719
7450,-11404.265625,-11406.522461,2.256836
7451,-11947.518555,-11947.860352,0.341797
7452,-11004.217773,-11003.667969,0.549805
7453,-9497.517578,-9496.952148,0.565430
7454,-10565.605469,-10565.379883,0.225586
7455,-12518.986328,-12520.075195,1.088867
7456,-12488.294922,-12487.037109,1.257812
7457,-10532.189453,-10533.464844,1.275391
7458,-11511.097656,-11511.450195,0.352539
7459,-8893.422852,-8896.791992,3.369141
7460,-12354.159180,-12353.559570,0.599609
7461,-10880.291992,-10878.974609,1.317383
7462,-11268.635742,-11270.194336,1.558594
7463,-11510.804688,-11509.292969,1.511719
7464,-11373.879883,-11373.695312,0.184570
7465,-10498.124023,-10498.890625,0.766602
7466,-11407.578125,-11408.646484,1.068359
7467,-8293.310547,-8291.084961,2.225586
7468,-10564.618164,-10564.286133,0.332031
7469,-11001.841797,-11002.425781,0.583984
7470,-11419.097656,-11420.678711,1.581055
7471,-9797.409180,-9797.552734,0.143555
7472,-11305.757812,-11304.567383,1.190430
7473,-10405.244141,-10406.918945,1.674805
7474,-10868.107422,-10867.047852,1.059570
7475,-10905.201172,-10904.290039,0.911133
7476,-12892.077148,-12891.851562,0.225586
7477,-10500.896484,-10500.135742,0.760742
7478,-11542.052734,-11542.446289,0.393555
7479,-12419.483398,-12419.125000,0.358398
7480,-11408.922852,-11407.673828,1.249023
7481,-10470.177734,-10468.017578,2.160156
7482,-10499.262695,-10499.582031,0.319336
7483,-10500.862305,-10500.445312,0.416992
7484,-11543.867188,-11543.075195,0.791992
7485,-10774.736328,-10775.217773,0.481445
7486,-9866.699219,-9867.168945,0.469727
7487,-10877.863281,-10878.335938,0.472656
7488,-9497.439453,-9496.698242,0.741211
7489,-10535.046875,-10533.109375,1.937500
7490,-10566.509766,-10565.849609,0.660156
7491,-11374.737305,-11372.497070,2.240234
7492,-11240.270508,-11237.850586,2.419922
7493,-11477.791992,-11479.696289,1.904297
7494,-11915.929688,-11915.763672,0.166016
7495,-11915.114258,-11914.833984,0.280273
7496,-11543.138672,-11543.606445,0.467773
7497,-11003.412109,-11001.857422,1.554688
7498,-11375.406250,-11373.788086,1.618164
7499,-10969.625977,-10970.052734,0.426758
7500,-12355.799805,-12354.140625,1.659180
7501,-10909.394531,-10911.616211,2.221680
7502,-6788.140625,-6782.645508,5.495117
7503,-11510.281250,-11509.272461,1.008789
7504,-10501.542969,-10499.664062,1.878906
7505,-10968.895508,-10968.668945,0.226562
7506,-10358.333008,-10363.789062,5.456055
7507,-11374.153320,-11372.774414,1.378906
7508,-12489.071289,-12488.455078,0.616211
7509,-10532.325195,-10531.906250,0.418945
7510,-11946.679688,-11948.152344,1.472656
7511,-9959.833008,-9959.415039,0.417969
7512,-10970.602539,-10971.297852,0.695312
7513,-10338.301758,-10337.803711,0.498047
7514,-11407.541016,-11406.855469,0.685547
7515,-11544.674805,-11543.828125,0.846680
7516,-11947.861328,-11947.634766,0.226562
7517,-10497.291992,-10498.020508,0.728516
7518,-11948.587891,-11947.414062,1.173828
7519,-10968.923828,-10969.467773,0.543945
7520,-9621.168945,-9620.731445,0.437500
7521,-10567.119141,-10565.832031,1.287109
7522,-10936.225586,-10936.340820,0.115234
7523,-10501.326172,-10501.186523,0.139648
7524,-11946.393555,-11946.675781,0.282227
7525,-8919.724609,-8919.013672,0.710938
7526,-11950.747070,-11948.296875,2.450195
7527,-10533.112305,-10531.952148,1.160156
7528,-11914.993164,-11914.541016,0.452148
7529,-11443.993164,-11443.967773,0.025391
7530,-10531.933594,-10531.757812,0.175781
7531,-11480.485352,-11478.412109,2.073242
7532,-9489.625977,-9488.775391,0.850586
7533,-9900.846680,-9901.628906,0.782227
7534,-10969.740234,-10971.004883,1.264648
7535,-11913.810547,-11914.397461,0.586914
7536,-11543.750977,-11543.353516,0.397461
7537,-9520.781250,-9522.159180,1.377930
7538,-9556.992188,-9555.304688,1.687500
7539,-12351.886719,-12353.256836,1.370117
7540,-11880.751953,-11882.638672,1.886719
7541,-10531.853516,-10531.962891,0.109375
7542,-11915.318359,-11915.255859,0.062500
7543,-9461.146484,-9463.286133,2.139648
7544,-11576.837891,-11575.863281,0.974609
7545,-12282.643555,-12286.731445,4.087891
7546,-10904.337891,-10901.915039,2.422852
7547,-9464.649414,-9463.623047,1.026367
7548,-9898.810547,-9899.389648,0.579102
7549,-11947.624023,-11947.907227,0.283203
7550,-10410.000000,-10409.219727,0.780273
7551,-11917.281250,-11915.566406,1.714844
7552,-9589.400391,-9587.705078,1.695312
7553,-11374.108398,-11373.412109,0.696289
7554,-8867.535156,-8866.448242,1.086914
7555,-12653.319336,-12650.896484,2.422852
7556,-10971.295898,-10969.503906,1.791992
7557,-12489.533203,-12488.780273,0.752930
7558,-10971.156250,-10970.068359,1.087891
7559,-11512.321289,-11512.156250,0.165039
7560,-11513.078125,-11512.190430,0.887695
7561,-10477.888672,-10463.688477,14.200195
7562,-9959.478516,-9958.341797,1.136719
7563,-12012.653320,-12013.816406,1.163086
7564,-10399.549805,-10398.311523,1.238281
7565,-11375.374023,-11374.239258,1.134766
7566,-11777.828125,-11776.876953,0.951172
7567,-11916.001953,-11915.909180,0.092773
7568,-12244.517578,-12247.072266,2.554688
7569,-11915.180664,-11912.973633,2.207031
7570,-9430.744141,-9429.284180,1.459961
7571,-12490.003906,-12489.392578,0.611328
7572,-9959.148438,-9957.440430,1.708008
7573,-9902.076172,-9901.259766,0.816406
7574,-9360.268555,-9360.193359,0.075195
7575,-11948.078125,-11948.579102,0.500977
7576,-10832.865234,-10831.264648,1.600586
7577,-8518.705078,-8518.769531,0.064453
7578,-11544.954102,-11543.652344,1.301758
7579,-11374.912109,-11374.736328,0.175781
7580,-11543.251953,-11543.606445,0.354492
7581,-12386.577148,-12386.252930,0.324219
7582,-12317.152344,-12318.890625,1.738281
7583,-11510.838867,-11510.663086,0.175781
7584,-11813.864258,-11811.777344,2.086914
7585,-11437.801758,-11439.687500,1.885742
7586,-10532.891602,-10533.083984,0.192383
7587,-10532.719727,-10532.915039,0.195312
7588,-8828.014648,-8831.256836,3.242188
7589,-11213.018555,-11212.774414,0.244141
7590,-10566.897461,-10567.033203,0.135742
7591,-11778.041016,-11778.758789,0.717773
7592,-10969.758789,-10971.126953,1.368164
7593,-11979.915039,-11980.737305,0.822266
7594,-13329.264648,-13329.679688,0.415039
7595,-10873.168945,-10873.484375,0.315430
7596,-10361.975586,-10362.596680,0.621094
7597,-13227.892578,-13227.416992,0.475586
7598,-10429.944336,-10429.438477,0.505859
7599,-11947.961914,-11947.307617,0.654297
7600,-8519.166016,-8519.343750,0.177734
7601,-8829.093750,-8831.151367,2.057617
7602,-9555.315430,-9554.514648,0.800781
7603,-12821.863281,-12822.345703,0.482422
7604,-11842.875000,-11844.531250,1.656250
7605,-10763.982422,-10766.827148,2.844727
7606,-11542.471680,-11542.922852,0.451172
7607,-12892.423828,-12893.747070,1.323242
7608,-11005.817383,-11002.883789,2.933594
7609,-10363.833008,-10362.402344,1.430664
7610,-11405.555664,-11406.367188,0.811523
7611,-11576.055664,-11576.831055,0.775391
7612,-10498.391602,-10499.382812,0.991211
7613,-11512.686523,-11511.639648,1.046875
7614,-12355.823242,-12351.938477,3.884766
7615,-9866.689453,-9868.223633,1.534180
7616,-11978.573242,-11979.895508,1.322266
7617,-11809.256836,-11810.987305,1.730469
7618,-12488.648438,-12488.869141,0.220703
7619,-9553.725586,-9554.531250,0.805664
7620,-12443.823242,-12447.320312,3.497070
7621,-11845.123047,-11844.394531,0.728516
7622,-9556.390625,-9556.003906,0.386719
7623,-10867.465820,-10867.417969,0.047852
7624,-12525.796875,-12522.289062,3.507812
7625,-12960.068359,-12959.153320,0.915039
7626,-9588.341797,-9586.904297,1.437500
7627,-11474.764648,-11475.741211,0.976562
7628,-10539.789062,-10539.728516,0.060547
7629,-11543.054688,-11543.739258,0.684570
7630,-12386.067383,-12386.291016,0.223633
7631,-10565.938477,-10566.706055,0.767578
7632,-10338.269531,-10337.784180,0.485352
7633,-10429.263672,-10430.084961,0.821289
7634,-12489.893555,-12488.765625,1.127930
7635,-9932.142578,-9933.501953,1.359375
7636,-10467.455078,-10465.392578,2.062500
7637,-9323.997070,-9326.817383,2.820312
7638,-11339.047852,-11340.780273,1.732422
7639,-11546.049805,-11543.679688,2.370117
7640,-8855.277344,-8857.102539,1.825195
7641,-9496.664062,-9497.517578,0.853516
7642,-9926.445312,-9923.866211,2.579102
7643,-11738.458008,-11740.055664,1.597656
7644,-10834.164062,-10832.345703,1.818359
7645,-10969.046875,-10970.976562,1.929688
7646,-12555.309570,-12555.381836,0.072266
7647,-12895.094727,-12893.216797,1.877930
7648,-9933.973633,-9933.848633,0.125000
7649,-11477.911133,-11479.632812,1.721680
7650,-10338.589844,-10339.032227,0.442383
7651,-11408.822266,-11406.955078,1.867188
7652,-11371.528320,-11370.756836,0.771484
7653,-9361.433594,-9360.794922,0.638672
7654,-12013.335938,-12013.377930,0.041992
7655,-9556.375977,-9555.119141,1.256836
7656,-12459.492188,-12457.519531,1.972656
7657,-9530.302734,-9529.395508,0.907227
7658,-11342.429688,-11340.668945,1.760742
7659,-11510.412109,-11509.791992,0.620117
7660,-11406.291016,-11407.491211,1.200195
7661,-10391.761719,-10394.820312,3.058594
7662,-11372.296875,-11372.943359,0.646484
7663,-8452.323242,-8452.239258,0.083984
7664,-12959.398438,-12958.406250,0.992188
7665,-9957.010742,-9957.771484,0.760742
7666,-9590.126953,-9588.326172,1.800781
7667,-11843.012695,-11845.205078,2.192383
7668,-11842.883789,-11844.267578,1.383789
7669,-11511.468750,-11512.207031,0.738281
7670,-11914.068359,-11915.376953,1.308594
7671,-10936.162109,-10936.377930,0.215820
7672,-10769.615234,-10770.345703,0.730469
7673,-11509.985352,-11510.317383,0.332031
7674,-10936.078125,-10937.254883,1.176758
7675,-10965.764648,-10968.112305,2.347656
7676,-11981.933594,-11979.705078,2.228516
7677,-12383.792969,-12385.817383,2.024414
7678,-8833.529297,-8832.000977,1.528320
7679,-11809.135742,-11809.190430,0.054688
7680,-10905.557617,-10903.149414,2.408203
7681,-10433.476562,-10433.729492,0.252930
7682,-10967.154297,-10968.953125,1.798828
7683,-12388.174805,-12386.454102,1.720703
7684,-9710.812500,-9704.921875,5.890625
7685,-10878.343750,-10879.676758,1.333008
7686,-10505.323242,-10507.280273,1.957031
7687,-11372.699219,-11373.895508,1.196289
7688,-11947.267578,-11948.033203,0.765625
7689,-8452.474609,-8452.296875,0.177734
7690,-11455.771484,-11453.522461,2.249023
7691,-12993.781250,-12992.455078,1.326172
7692,-10971.137695,-10969.019531,2.118164
7693,-10969.285156,-10969.092773,0.192383
7694,-10936.143555,-10935.331055,0.812500
7695,-11912.557617,-11913.408203,0.850586
7696,-11573.442383,-11577.408203,3.965820
7697,-10968.833008,-10970.180664,1.347656
7698,-10939.981445,-10937.755859,2.225586
7699,-11508.600586,-11509.654297,1.053711
7700,-9870.679688,-9870.023438,0.656250
7701,-10498.935547,-10498.730469,0.205078
7702,-10866.694336,-10865.845703,0.848633
7703,-10398.169922,-10396.015625,2.154297
7704,-11810.692383,-11810.785156,0.092773
7705,-11475.240234,-11476.155273,0.915039
7706,-9987.929688,-9990.274414,2.344727
7707,-9462.488281,-9463.858398,1.370117
7708,-10500.060547,-10500.941406,0.880859
7709,-10968.108398,-10968.596680,0.488281
7710,-10535.077148,-10534.316406,0.760742
7711,-10532.003906,-10532.357422,0.353516
7712,-14099.429688,-14099.226562,0.203125
7713,-11512.701172,-11511.413086,1.288086
7714,-10494.117188,-10497.034180,2.916992
7715,-10566.423828,-10566.270508,0.153320
7716,-12519.056641,-12519.899414,0.842773
7717,-9805.909180,-9809.067383,3.158203
7718,-8726.827148,-8728.898438,2.071289
7719,-11981.820312,-11982.611328,0.791016
7720,-10497.807617,-10499.275391,1.467773
7721,-13468.363281,-13464.844727,3.518555
7722,-9405.900391,-9406.458984,0.558594
7723,-11376.239258,-11376.287109,0.047852
7724,-12452.462891,-12451.434570,1.028320
7725,-11744.449219,-11746.609375,2.160156
7726,-8854.560547,-8854.314453,0.246094
7727,-10426.500977,-10426.373047,0.127930
7728,-10500.138672,-10499.552734,0.585938
7729,-11914.600586,-11915.359375,0.758789
7730,-9489.416016,-9489.509766,0.093750
7731,-11813.455078,-11811.466797,1.988281
7732,-10800.588867,-10800.962891,0.374023
7733,-12926.695312,-12926.373047,0.322266
7734,-9958.651367,-9959.837891,1.186523
7735,-11404.474609,-11405.753906,1.279297
7736,-11913.857422,-11915.472656,1.615234
7737,-11542.949219,-11544.007812,1.058594
7738,-9993.553711,-9992.880859,0.672852
7739,-10968.076172,-10968.995117,0.918945
7740,-10967.120117,-10967.875000,0.754883
7741,-11948.446289,-11947.093750,1.352539
7742,-11003.742188,-11002.289062,1.453125
7743,-11374.040039,-11374.685547,0.645508
7744,-9867.004883,-9867.505859,0.500977
7745,-10498.122070,-10501.180664,3.058594
7746,-12683.112305,-12683.096680,0.015625
7747,-10442.498047,-10443.201172,0.703125
7748,-9898.885742,-9899.274414,0.388672
7749,-12992.263672,-12992.118164,0.145508
7750,-11486.972656,-11485.575195,1.397461
7751,-11374.806641,-11373.173828,1.632812
7752,-10532.074219,-10531.909180,0.165039
7753,-12243.049805,-12247.493164,4.443359
7754,-10429.541016,-10429.188477,0.352539
7755,-10932.748047,-10934.772461,2.024414
7756,-10971.654297,-10969.642578,2.011719
7757,-12015.702148,-12014.733398,0.968750
7758,-12926.265625,-12926.019531,0.246094
7759,-9590.320312,-9589.056641,1.263672
7760,-11947.101562,-11947.162109,0.060547
7761,-11947.153320,-11945.883789,1.269531
7762,-11543.665039,-11543.628906,0.036133
7763,-10903.339844,-10903.576172,0.236328
7764,-10745.073242,-10743.168945,1.904297
7765,-9837.324219,-9841.058594,3.734375
7766,-10361.907227,-10361.757812,0.149414
7767,-11316.905273,-11317.090820,0.185547
7768,-11407.289062,-11407.758789,0.469727
7769,-9522.688477,-9522.402344,0.286133
7770,-10338.667969,-10337.754883,0.913086
7771,-11946.222656,-11948.263672,2.041016
7772,-12280.186523,-12281.046875,0.860352
7773,-11441.010742,-11440.181641,0.829102
7774,-9497.183594,-9497.382812,0.199219
7775,-12385.714844,-12384.822266,0.892578
7776,-10936.994141,-10937.082031,0.087891
7777,-9900.133789,-9900.655273,0.521484
7778,-10938.095703,-10937.739258,0.356445
7779,-12957.966797,-12959.065430,1.098633
7780,-11404.149414,-11405.534180,1.384766
7781,-10631.655273,-10631.679688,0.024414
7782,-11810.908203,-11811.050781,0.142578
7783,-10394.885742,-10395.942383,1.056641
7784,-10362.876953,-10365.140625,2.263672
7785,-9326.017578,-9326.602539,0.584961
7786,-11946.073242,-11948.412109,2.338867
7787,-10969.080078,-10969.220703,0.140625
7788,-10567.721680,-10566.394531,1.327148
7789,-11001.446289,-11001.588867,0.142578
7790,-12383.705078,-12384.961914,1.256836
7791,-11511.697266,-11511.327148,0.370117
7792,-12484.584961,-12486.531250,1.946289
7793,-11676.289062,-11674.878906,1.410156
7794,-11948.239258,-11949.096680,0.857422
7795,-9462.040039,-9462.895508,0.855469
7796,-9330.072266,-9329.444336,0.627930
7797,-10967.034180,-10969.212891,2.178711
7798,-10905.458008,-10905.365234,0.092773
7799,-10937.463867,-10939.355469,1.891602
7800,-12958.656250,-12958.963867,0.307617
7801,-11006.240234,-11003.229492,3.010742
7802,-10365.289062,-10364.641602,0.647461
7803,-10880.378906,-10879.581055,0.797852
7804,-10532.286133,-10533.223633,0.937500
7805,-12519.686523,-12520.770508,1.083984
7806,-11485.304688,-11484.351562,0.953125
7807,-10565.605469,-10565.229492,0.375977
7808,-9528.206055,-9529.208984,1.002930
7809,-11509.926758,-11509.212891,0.713867
7810,-10399.272461,-10396.815430,2.457031
7811,-11407.146484,-11408.054688,0.908203
7812,-12352.771484,-12352.259766,0.511719
7813,-11509.461914,-11510.053711,0.591797
7814,-11542.983398,-11543.610352,0.626953
7815,-11950.878906,-11948.607422,2.271484
7816,-9891.875000,-9890.935547,0.939453
7817,-10407.175781,-10406.822266,0.353516
7818,-11752.464844,-11753.283203,0.818359
7819,-9796.654297,-9797.462891,0.808594
7820,-11809.600586,-11810.768555,1.167969
7821,-10935.576172,-10936.792969,1.216797
7822,-9555.132812,-9555.883789,0.750977
7823,-10334.124023,-10328.233398,5.890625
7824,-9989.796875,-9991.273438,1.476562
7825,-10969.924805,-10969.102539,0.822266
7826,-10936.900391,-10937.661133,0.760742
7827,-11544.954102,-11544.868164,0.085938
7828,-10475.648438,-10474.750000,0.898438
7829,-10598.835938,-10598.267578,0.568359
7830,-11513.458008,-11512.309570,1.148438
7831,-10531.001953,-10532.077148,1.075195
7832,-11916.260742,-11915.641602,0.619141
7833,-9588.384766,-9587.545898,0.838867
7834,-10531.839844,-10531.998047,0.158203
7835,-11001.290039,-11001.246094,0.043945
7836,-10533.419922,-10533.133789,0.286133
7837,-10969.335938,-10970.621094,1.285156
7838,-9960.104492,-9959.829102,0.275391
7839,-10370.475586,-10371.019531,0.543945
7840,-11947.747070,-11947.122070,0.625000
7841,-10970.811523,-10971.370117,0.558594
7842,-9989.870117,-9990.677734,0.807617
7843,-11409.356445,-11406.534180,2.822266
7844,-13902.830078,-13904.753906,1.923828
7845,-11709.713867,-11708.314453,1.399414
7846,-11914.208984,-11917.109375,2.900391
7847,-11544.054688,-11543.757812,0.296875
7848,-10835.500977,-10834.211914,1.289062
7849,-12925.070312,-12925.964844,0.894531
7850,-11477.252930,-11477.049805,0.203125
7851,-8454.641602,-8452.470703,2.170898
7852,-11508.318359,-11509.050781,0.732422
7853,-12456.140625,-12456.231445,0.090820
7854,-10903.234375,-10902.678711,0.555664
7855,-12385.517578,-12385.614258,0.096680
7856,-12352.218750,-12351.893555,0.325195
7857,-10444.994141,-10443.033203,1.960938
7858,-11947.661133,-11946.933594,0.727539
7859,-12896.254883,-12894.296875,1.958008
7860,-11946.978516,-11947.950195,0.971680
7861,-11842.281250,-11844.233398,1.952148
7862,-11202.813477,-11203.771484,0.958008
7863,-12925.735352,-12925.328125,0.407227
7864,-10969.394531,-10969.648438,0.253906
7865,-12031.998047,-12030.156250,1.841797
7866,-9134.027344,-9133.012695,1.014648
7867,-10348.160156,-10350.494141,2.333984
7868,-10474.608398,-10473.452148,1.156250
7869,-11510.569336,-11510.455078,0.114258
7870,-9959.679688,-9958.475586,1.204102
7871,-9763.701172,-9764.810547,1.109375
7872,-11911.962891,-11913.541016,1.578125
7873,-12249.659180,-12248.867188,0.791992
7874,-11342.232422,-11341.921875,0.310547
7875,-9520.470703,-9521.299805,0.829102
7876,-10430.537109,-10430.272461,0.264648
7877,-10938.703125,-10937.760742,0.942383
7878,-9495.675781,-9496.333008,0.657227
7879,-10934.257812,-10934.958984,0.701172
7880,-12422.132812,-12419.370117,2.762695
7881,-12857.032227,-12861.662109,4.629883
7882,-11982.342773,-11980.154297,2.188477
7883,-11946.798828,-11948.869141,2.070312
7884,-11512.320312,-11510.872070,1.448242
7885,-10498.462891,-10499.449219,0.986328
7886,-11913.264648,-11915.296875,2.032227
7887,-11001.153320,-11001.387695,0.234375
7888,-12486.703125,-12486.330078,0.373047
7889,-12925.719727,-12926.109375,0.389648
7890,-11172.531250,-11174.404297,1.873047
7891,-12925.867188,-12926.463867,0.596680
7892,-10361.434570,-10361.757812,0.323242
7893,-10530.115234,-10531.090820,0.975586
7894,-12959.577148,-12959.488281,0.088867
7895,-9590.770508,-9589.139648,1.630859
7896,-11576.172852,-11576.232422,0.059570
7897,-10429.374023,-10430.394531,1.020508
7898,-11979.378906,-11980.308594,0.929688
7899,-11981.117188,-11980.703125,0.414062
7900,-8987.646484,-8988.257812,0.611328
7901,-12426.839844,-12423.873047,2.966797
7902,-10496.285156,-10498.165039,1.879883
7903,-11979.051758,-11979.537109,0.485352
7904,-10878.188477,-10878.970703,0.782227
7905,-15177.489258,-15180.596680,3.107422
7906,-10937.480469,-10935.540039,1.940430
7907,-12353.233398,-12353.083008,0.150391
7908,-10532.802734,-10533.081055,0.278320
7909,-11509.007812,-11510.214844,1.207031
7910,-11543.363281,-11543.331055,0.032227
7911,-11341.186523,-11342.291992,1.105469
7912,-10934.876953,-10936.868164,1.991211
7913,-10359.601562,-10360.482422,0.880859
7914,-11337.435547,-11337.230469,0.205078
7915,-12487.248047,-12487.158203,0.089844
7916,-10968.535156,-10970.471680,1.936523
7917,-11178.118164,-11179.983398,1.865234
7918,-11371.507812,-11373.256836,1.749023
7919,-11916.356445,-11916.083008,0.273438
7920,-10968.906250,-10969.346680,0.440430
7921,-11406.591797,-11408.478516,1.886719
7922,-9865.746094,-9864.899414,0.846680
7923,-12383.683594,-12384.617188,0.933594
7924,-11339.676758,-11341.924805,2.248047
7925,-10903.770508,-10904.997070,1.226562
7926,-9991.010742,-9990.999023,0.011719
7927,-10936.312500,-10937.048828,0.736328
7928,-12353.264648,-12349.112305,4.152344
7929,-11409.175781,-11407.734375,1.441406
7930,-9621.146484,-9620.973633,0.172852
7931,-10902.778320,-10904.858398,2.080078
7932,-4287.979980,-4275.330078,12.649902
7933,-10532.969727,-10531.826172,1.143555
7934,-11374.557617,-11374.305664,0.251953
7935,-8487.181641,-8485.769531,1.412109
7936,-10898.778320,-10900.392578,1.614258
7937,-10631.628906,-10631.726562,0.097656
7938,-11478.025391,-11476.495117,1.530273
7939,-12418.197266,-12417.500000,0.697266
7940,-11373.308594,-11372.847656,0.460938
7941,-11916.082031,-11913.832031,2.250000
7942,-10905.615234,-10903.543945,2.071289
7943,-11373.142578,-11374.083984,0.941406
7944,-15961.806641,-15963.445312,1.638672
7945,-11475.964844,-11476.524414,0.559570
7946,-9267.543945,-9269.210938,1.666992
7947,-11948.076172,-11947.088867,0.987305
7948,-9836.423828,-9834.062500,2.361328
7949,-11375.028320,-11373.432617,1.595703
7950,-11777.200195,-11777.528320,0.328125
7951,-10599.886719,-10599.165039,0.721680
7952,-12956.931641,-12957.554688,0.623047
7953,-11946.480469,-11946.191406,0.289062
7954,-10532.399414,-10532.244141,0.155273
7955,-12926.175781,-12924.649414,1.526367
7956,-9493.102539,-9488.275391,4.827148
7957,-16373.411133,-16369.160156,4.250977
7958,-11477.208984,-11477.621094,0.412109
7959,-12451.573242,-12454.802734,3.229492
7960,-10881.622070,-10879.363281,2.258789
7961,-11941.399414,-11945.954102,4.554688
7962,-12416.016602,-12418.056641,2.040039
7963,-11373.892578,-11374.071289,0.178711
7964,-11003.670898,-11003.607422,0.063477
7965,-11510.188477,-11510.168945,0.019531
7966,-11809.532227,-11812.919922,3.387695
7967,-11544.960938,-11544.965820,0.004883
7968,-11476.004883,-11476.741211,0.736328
7969,-11948.152344,-11948.177734,0.025391
7970,-13462.783203,-13466.492188,3.708984
7971,-11980.460938,-11979.394531,1.066406
7972,-11001.901367,-11002.438477,0.537109
7973,-10565.371094,-10565.371094,0.000000
7974,-12417.924805,-12418.359375,0.434570
7975,-10971.555664,-10971.906250,0.350586
7976,-11913.100586,-11915.590820,2.490234
7977,-11948.424805,-11948.773438,0.348633
7978,-11675.548828,-11675.198242,0.350586
7979,-10531.817383,-10533.103516,1.286133
7980,-10341.485352,-10342.485352,1.000000
7981,-10600.074219,-10599.227539,0.846680
7982,-12524.738281,-12523.035156,1.703125
7983,-10970.071289,-10969.003906,1.067383
7984,-11001.423828,-11001.451172,0.027344
7985,-9489.211914,-9488.623047,0.588867
7986,-11914.205078,-11911.058594,3.146484
7987,-11949.583984,-11949.850586,0.266602
7988,-10904.642578,-10903.944336,0.698242
7989,-10395.232422,-10395.785156,0.552734
7990,-11945.726562,-11947.767578,2.041016
7991,-11478.142578,-11477.036133,1.106445
7992,-12896.038086,-12893.774414,2.263672
7993,-12385.508789,-12385.471680,0.037109
7994,-10939.429688,-10938.386719,1.042969
7995,-10800.139648,-10800.425781,0.286133
7996,-11544.819336,-11542.815430,2.003906
7997,-13765.480469,-13764.550781,0.929688
7998,-10024.026367,-10023.939453,0.086914
7999,-10937.016602,-10937.006836,0.009766
8000,-11947.170898,-11946.947266,0.223633
8001,-12893.451172,-12893.049805,0.401367
8002,-11372.787109,-11373.769531,0.982422
8003,-10532.706055,-10532.513672,0.192383
8004,-11311.291992,-11309.894531,1.397461
8005,-9327.468750,-9327.000000,0.468750
8006,-11317.402344,-11316.864258,0.538086
8007,-11510.121094,-11509.702148,0.418945
8008,-12522.163086,-12522.410156,0.247070
8009,-11375.134766,-11375.131836,0.002930
8010,-10564.561523,-10564.607422,0.045898
8011,-10496.652344,-10497.972656,1.320312
8012,-11375.920898,-11374.643555,1.277344
8013,-11271.004883,-11270.872070,0.132812
8014,-10905.600586,-10905.351562,0.249023
8015,-12452.677734,-12454.899414,2.221680
8016,-10930.189453,-10933.516602,3.327148
8017,-10970.678711,-10970.124023,0.554688
8018,-12385.224609,-12384.666016,0.558594
8019,-12386.264648,-12386.451172,0.186523
8020,-11777.925781,-11778.805664,0.879883
8021,-11940.951172,-11945.230469,4.279297
8022,-10969.656250,-10968.721680,0.934570
8023,-11486.586914,-11485.948242,0.638672
8024,-10939.320312,-10938.255859,1.064453
8025,-10967.774414,-10969.154297,1.379883
8026,-11442.167969,-11442.019531,0.148438
8027,-8922.415039,-8923.262695,0.847656
8028,-11509.728516,-11510.452148,0.723633
8029,-9902.907227,-9900.571289,2.335938
8030,-12930.497070,-12925.853516,4.643555
8031,-11338.691406,-11341.791016,3.099609
8032,-12835.144531,-12838.544922,3.400391
8033,-11475.928711,-11476.951172,1.022461
8034,-11271.255859,-11270.784180,0.471680
8035,-11375.005859,-11373.336914,1.668945
8036,-8639.926758,-8637.125977,2.800781
8037,-11811.331055,-11812.508789,1.177734
8038,-9992.000000,-9993.632812,1.632812
8039,-11002.049805,-11001.426758,0.623047
8040,-10369.932617,-10371.105469,1.172852
8041,-11509.203125,-11509.113281,0.089844
8042,-11843.303711,-11843.723633,0.419922
8043,-9530.976562,-9530.578125,0.398438
8044,-13364.241211,-13363.847656,0.393555
8045,-11542.169922,-11543.099609,0.929688
8046,-11967.673828,-11965.132812,2.541016
8047,-11544.928711,-11543.988281,0.940430
8048,-11543.536133,-11543.453125,0.083008
8049,-11403.122070,-11406.597656,3.475586
8050,-10501.113281,-10500.290039,0.823242
8051,-11978.979492,-11979.144531,0.165039
8052,-11541.869141,-11543.345703,1.476562
8053,-11447.220703,-11446.265625,0.955078
8054,-11268.266602,-11269.895508,1.628906
8055,-11575.516602,-11576.195312,0.678711
8056,-11476.399414,-11476.887695,0.488281
8057,-11914.942383,-11915.072266,0.129883
8058,-11756.033203,-11754.088867,1.944336
8059,-10473.606445,-10475.185547,1.579102
8060,-11916.152344,-11915.304688,0.847656
8061,-9530.065430,-9529.258789,0.806641
8062,-12555.378906,-12554.673828,0.705078
8063,-9992.337891,-9992.707031,0.369141
8064,-11948.687500,-11947.875977,0.811523
8065,-12521.142578,-12521.896484,0.753906
8066,-11576.548828,-11576.463867,0.084961
8067,-9955.991211,-9956.734375,0.743164
8068,-9927.576172,-9925.177734,2.398438
8069,-10873.145508,-10873.305664,0.160156
8070,-10531.696289,-10531.902344,0.206055
8071,-10968.685547,-10968.449219,0.236328
8072,-10969.805664,-10971.414062,1.608398
8073,-11781.720703,-11778.749023,2.971680
8074,-10500.997070,-10499.607422,1.389648
8075,-10969.820312,-10969.764648,0.055664
8076,-11451.998047,-11452.553711,0.555664
8077,-12488.550781,-12489.032227,0.481445
8078,-11508.801758,-11510.309570,1.507812
8079,-9903.991211,-9901.586914,2.404297
8080,-11946.253906,-11946.829102,0.575195
8081,-12488.657227,-12486.942383,1.714844
8082,-11948.104492,-11948.916992,0.812500
8083,-9326.078125,-9327.441406,1.363281
8084,-8519.750977,-8518.519531,1.231445
8085,-12488.662109,-12488.827148,0.165039
8086,-11883.918945,-11882.486328,1.432617
8087,-10306.617188,-10306.469727,0.147461
8088,-11545.302734,-11543.806641,1.496094
8089,-9928.434570,-9925.170898,3.263672
8090,-10936.769531,-10936.565430,0.204102
8091,-11915.257812,-11914.269531,0.988281
8092,-10533.001953,-10533.139648,0.137695
8093,-9487.327148,-9488.111328,0.784180
8094,-11595.455078,-11593.578125,1.876953
8095,-12825.387695,-12823.968750,1.418945
8096,-10533.791992,-10533.327148,0.464844
8097,-11486.686523,-11484.319336,2.367188
8098,-10531.850586,-10532.090820,0.240234
8099,-11914.785156,-11915.052734,0.267578
8100,-11376.598633,-11376.165039,0.433594
8101,-10934.903320,-10933.596680,1.306641
8102,-12013.564453,-12014.126953,0.562500
8103,-12492.050781,-12489.031250,3.019531
8104,-11951.444336,-11948.427734,3.016602
8105,-10936.717773,-10935.600586,1.117188
8106,-10250.562500,-10246.154297,4.408203
8107,-10394.610352,-10395.031250,0.420898
8108,-10303.138672,-10305.062500,1.923828
8109,-12353.011719,-12353.535156,0.523438
8110,-11949.715820,-11946.813477,2.902344
8111,-11979.386719,-11980.066406,0.679688
8112,-10835.055664,-10834.238281,0.817383
8113,-10440.065430,-10440.491211,0.425781
8114,-12686.504883,-12683.526367,2.978516
8115,-10913.228516,-10911.797852,1.430664
8116,-11477.613281,-11478.127930,0.514648
8117,-10564.714844,-10565.170898,0.456055
8118,-9868.235352,-9867.911133,0.324219
8119,-11848.395508,-11849.356445,0.960938
8120,-12014.207031,-12012.621094,1.585938
8121,-11753.072266,-11752.839844,0.232422
8122,-11544.449219,-11543.643555,0.805664
8123,-11978.703125,-11980.953125,2.250000
8124,-9555.419922,-9555.684570,0.264648
8125,-10879.139648,-10879.732422,0.592773
8126,-11508.367188,-11509.726562,1.359375
8127,-10532.734375,-10530.195312,2.539062
8128,-11543.149414,-11543.099609,0.049805
8129,-12487.233398,-12487.674805,0.441406
8130,-12487.061523,-12488.652344,1.590820
8131,-12458.164062,-12456.073242,2.090820
8132,-10565.110352,-10565.941406,0.831055
8133,-11544.371094,-11544.621094,0.250000
8134,-10904.550781,-10903.895508,0.655273
8135,-10475.110352,-10473.493164,1.617188
8136,-8451.525391,-8452.049805,0.524414
8137,-11342.362305,-11339.960938,2.401367
8138,-10531.604492,-10531.115234,0.489258
8139,-11408.206055,-11408.412109,0.206055
8140,-10936.588867,-10937.253906,0.665039
8141,-9904.512695,-9901.131836,3.380859
8142,-11269.613281,-11270.067383,0.454102
8143,-10394.175781,-10395.914062,1.738281
8144,-10972.892578,-10971.490234,1.402344
8145,-10971.077148,-10970.791992,0.285156
8146,-10968.177734,-10970.568359,2.390625
8147,-11406.245117,-11407.214844,0.969727
8148,-11723.492188,-11719.041992,4.450195
8149,-11918.320312,-11916.067383,2.252930
8150,-11510.542969,-11508.912109,1.630859
8151,-10880.880859,-10879.550781,1.330078
8152,-11404.713867,-11406.597656,1.883789
8153,-12959.232422,-12958.988281,0.244141
8154,-11916.109375,-11916.220703,0.111328
8155,-9462.058594,-9462.976562,0.917969
8156,-10800.573242,-10799.546875,1.026367
8157,-11544.017578,-11544.047852,0.030273
8158,-11511.773438,-11510.360352,1.413086
8159,-16363.915039,-16368.759766,4.844727
8160,-10870.333984,-10870.327148,0.006836
8161,-11948.406250,-11947.803711,0.602539
8162,-10508.169922,-10506.586914,1.583008
8163,-11314.456055,-11311.091797,3.364258
8164,-12822.358398,-12822.287109,0.071289
8165,-9554.487305,-9555.283203,0.795898
8166,-11003.706055,-11003.590820,0.115234
8167,-12028.800781,-12029.978516,1.177734
8168,-12421.221680,-12419.816406,1.405273
8169,-11511.416016,-11511.357422,0.058594
8170,-11003.623047,-11003.571289,0.051758
8171,-12380.777344,-12385.279297,4.501953
8172,-11577.240234,-11577.239258,0.000977
8173,-9520.638672,-9520.688477,0.049805
8174,-11475.249023,-11476.005859,0.756836
8175,-12958.314453,-12958.719727,0.405273
8176,-10472.956055,-10473.925781,0.969727
8177,-10305.739258,-10307.547852,1.808594
8178,-11951.162109,-11949.545898,1.616211
8179,-8922.831055,-8921.861328,0.969727
8180,-12856.994141,-12855.892578,1.101562
8181,-11452.409180,-11452.157227,0.251953
8182,-11979.022461,-11980.102539,1.080078
8183,-9462.171875,-9461.702148,0.469727
8184,-11919.103516,-11916.986328,2.117188
8185,-12353.387695,-12354.203125,0.815430
8186,-12822.041992,-12822.958984,0.916992
8187,-10429.168945,-10427.134766,2.034180
8188,-11916.622070,-11915.618164,1.003906
8189,-9266.012695,-9269.893555,3.880859
8190,-10907.154297,-10904.903320,2.250977
8191,-11575.445312,-11576.192383,0.747070
8192,-10905.869141,-10905.579102,0.290039
8193,-10940.737305,-10938.066406,2.670898
8194,-11578.183594,-11576.923828,1.259766
8195,-11337.392578,-11339.080078,1.687500
8196,-11948.949219,-11948.061523,0.887695
8197,-11511.542969,-11511.943359,0.400391
8198,-9588.625977,-9588.404297,0.221680
8199,-10501.746094,-10499.988281,1.757812
8200,-11978.780273,-11979.389648,0.609375
8201,-12894.907227,-12894.118164,0.789062
8202,-11977.555664,-11980.144531,2.588867
8203,-10877.771484,-10879.359375,1.587891
8204,-11945.088867,-11947.541016,2.452148
8205,-11408.471680,-11408.146484,0.325195
8206,-10938.461914,-10938.357422,0.104492
8207,-11944.194336,-11946.799805,2.605469
8208,-10396.909180,-10396.397461,0.511719
8209,-11510.758789,-11510.656250,0.102539
8210,-11945.460938,-11946.765625,1.304688
8211,-9958.877930,-9959.460938,0.583008
8212,-12384.019531,-12384.511719,0.492188
8213,-10804.950195,-10802.681641,2.268555
8214,-11775.575195,-11776.461914,0.886719
8215,-11407.600586,-11408.278320,0.677734
8216,-13549.551758,-13549.341797,0.209961
8217,-11981.931641,-11981.430664,0.500977
8218,-11950.008789,-11949.496094,0.512695
8219,-11950.305664,-11949.866211,0.439453
8220,-9931.466797,-9932.647461,1.180664
8221,-10305.737305,-10307.327148,1.589844
8222,-10532.337891,-10531.444336,0.893555
8223,-11452.032227,-11453.901367,1.869141
8224,-11074.652344,-11075.479492,0.827148
8225,-10846.852539,-10846.286133,0.566406
8226,-10430.708008,-10428.974609,1.733398
8227,-11576.518555,-11576.320312,0.198242
8228,-11543.239258,-11542.534180,0.705078
8229,-11917.460938,-11916.867188,0.593750
8230,-11446.427734,-11444.271484,2.156250
8231,-11917.921875,-11914.566406,3.355469
8232,-10968.010742,-10968.243164,0.232422
8233,-11575.622070,-11575.967773,0.345703
8234,-11342.682617,-11343.551758,0.869141
8235,-11284.579102,-11283.834961,0.744141
8236,-9554.454102,-9554.385742,0.068359
8237,-11543.471680,-11543.832031,0.360352
8238,-11003.641602,-11002.985352,0.656250
8239,-11511.617188,-11511.683594,0.066406
8240,-12925.070312,-12926.620117,1.549805
8241,-10938.147461,-10937.459961,0.687500
8242,-10501.709961,-10500.919922,0.790039
8243,-12384.924805,-12385.283203,0.358398
8244,-10533.132812,-10533.201172,0.068359
8245,-11510.947266,-11511.535156,0.587891
8246,-11373.738281,-11374.213867,0.475586
8247,-11335.316406,-11337.082031,1.765625
8248,-11514.676758,-11510.818359,3.858398
8249,-9463.260742,-9462.515625,0.745117
8250,-11980.967773,-11981.164062,0.196289
8251,-10566.571289,-10565.951172,0.620117
8252,-11946.652344,-11947.751953,1.099609
8253,-10938.004883,-10937.125000,0.879883
8254,-11720.892578,-11720.063477,0.829102
8255,-11513.004883,-11510.860352,2.144531
8256,-10879.143555,-10879.080078,0.063477
8257,-11510.109375,-11511.302734,1.193359
8258,-11509.643555,-11509.112305,0.531250
8259,-9958.281250,-9956.495117,1.786133
8260,-11918.747070,-11915.229492,3.517578
8261,-11982.009766,-11981.403320,0.606445
8262,-10936.762695,-10938.643555,1.880859
8263,-11948.899414,-11947.972656,0.926758
8264,-10971.377930,-10971.045898,0.332031
8265,-8485.734375,-8485.367188,0.367188
8266,-12385.995117,-12385.735352,0.259766
8267,-10777.095703,-10775.784180,1.311523
8268,-10912.212891,-10912.201172,0.011719
8269,-10532.379883,-10532.877930,0.498047
8270,-10936.001953,-10936.525391,0.523438
8271,-10365.094727,-10365.491211,0.396484
8272,-9529.352539,-9529.401367,0.048828
8273,-9902.476562,-9901.856445,0.620117
8274,-11913.180664,-11914.705078,1.524414
8275,-10472.999023,-10473.336914,0.337891
8276,-10534.509766,-10534.388672,0.121094
8277,-12383.586914,-12384.144531,0.557617
8278,-13358.433594,-13356.212891,2.220703
8279,-12385.577148,-12385.248047,0.329102
8280,-11914.171875,-11914.525391,0.353516
8281,-12518.835938,-12520.583984,1.748047
8282,-10341.023438,-10340.067383,0.956055
8283,-11545.341797,-11545.424805,0.083008
8284,-11813.432617,-11811.435547,1.997070
8285,-10938.072266,-10938.004883,0.067383
8286,-11510.835938,-11511.555664,0.719727
8287,-9964.326172,-9965.859375,1.533203
8288,-11509.570312,-11509.495117,0.075195
8289,-11543.383789,-11542.680664,0.703125
8290,-11440.534180,-11441.546875,1.012695
8291,-10565.533203,-10566.027344,0.494141
8292,-15762.467773,-15761.713867,0.753906
8293,-11271.727539,-11270.760742,0.966797
8294,-11915.296875,-11914.383789,0.913086
8295,-12386.753906,-12386.044922,0.708984
8296,-11948.989258,-11950.592773,1.603516
8297,-9868.936523,-9869.872070,0.935547
8298,-11947.308594,-11947.150391,0.158203
8299,-10499.387695,-10498.797852,0.589844
8300,-9890.982422,-9890.994141,0.011719
8301,-11981.672852,-11980.631836,1.041016
8302,-12554.517578,-12555.007812,0.490234
8303,-9806.742188,-9809.658203,2.916016
8304,-9563.189453,-9562.645508,0.543945
8305,-8921.662109,-8921.448242,0.213867
8306,-9927.298828,-9927.094727,0.204102
8307,-10362.978516,-10362.972656,0.005859
8308,-10564.928711,-10566.472656,1.543945
8309,-11745.989258,-11744.338867,1.650391
8310,-12927.280273,-12926.215820,1.064453
8311,-12486.975586,-12489.172852,2.197266
8312,-11002.978516,-11003.777344,0.798828
8313,-12893.383789,-12894.256836,0.873047
8314,-11914.634766,-11913.519531,1.115234
8315,-12925.361328,-12925.439453,0.078125
8316,-9555.574219,-9554.107422,1.466797
8317,-13008.363281,-13007.465820,0.897461
8318,-13227.885742,-13228.670898,0.785156
8319,-9554.477539,-9554.481445,0.003906
8320,-10535.351562,-10533.125000,2.226562
8321,-14512.846680,-14516.166016,3.319336
8322,-11407.365234,-11407.305664,0.059570
8323,-10464.746094,-10465.333984,0.587891
8324,-9520.558594,-9521.197266,0.638672
8325,-9901.843750,-9903.081055,1.237305
8326,-11503.600586,-11510.023438,6.422852
8327,-11476.042969,-11476.754883,0.711914
8328,-10903.744141,-10905.436523,1.692383
8329,-10969.591797,-10969.088867,0.502930
8330,-10373.896484,-10372.579102,1.317383
8331,-10971.725586,-10970.851562,0.874023
8332,-12351.335938,-12351.716797,0.380859
8333,-11511.236328,-11509.879883,1.356445
8334,-11349.993164,-11349.339844,0.653320
8335,-9429.356445,-9429.752930,0.396484
8336,-10339.472656,-10336.437500,3.035156
8337,-11181.261719,-11179.326172,1.935547
8338,-12520.811523,-12521.187500,0.375977
8339,-13500.013672,-13499.000977,1.012695
8340,-9926.400391,-9924.243164,2.157227
8341,-11705.456055,-11707.341797,1.885742
8342,-10468.736328,-10466.426758,2.309570
8343,-11875.800781,-11876.542969,0.742188
8344,-12521.774414,-12521.201172,0.573242
8345,-10835.279297,-10834.032227,1.247070
8346,-11001.243164,-11001.890625,0.647461
8347,-10912.644531,-10911.299805,1.344727
8348,-11980.670898,-11981.163086,0.492188
8349,-9163.559570,-9164.949219,1.389648
8350,-12926.532227,-12926.217773,0.314453
8351,-12489.426758,-12488.236328,1.190430
8352,-12288.689453,-12287.675781,1.013672
8353,-12384.135742,-12385.682617,1.546875
8354,-11510.869141,-11511.751953,0.882812
8355,-12789.517578,-12787.571289,1.946289
8356,-12249.728516,-12250.229492,0.500977
8357,-10878.603516,-10877.754883,0.848633
8358,-10496.747070,-10499.044922,2.297852
8359,-7818.246094,-7821.665527,3.419434
8360,-11941.922852,-11946.026367,4.103516
8361,-7770.649414,-7762.767578,7.881836
8362,-10940.108398,-10938.336914,1.771484
8363,-11441.128906,-11440.538086,0.590820
8364,-11947.287109,-11948.291016,1.003906
8365,-10937.242188,-10938.838867,1.596680
8366,-11510.593750,-11509.429688,1.164062
8367,-12489.578125,-12487.923828,1.654297
8368,-10534.549805,-10532.980469,1.569336
8369,-12521.421875,-12521.503906,0.082031
8370,-13365.332031,-13364.192383,1.139648
8371,-9900.644531,-9900.378906,0.265625
8372,-10970.880859,-10969.859375,1.021484
8373,-11846.875000,-11848.789062,1.914062
8374,-11882.789062,-11882.185547,0.603516
8375,-10969.601562,-10968.705078,0.896484
8376,-10531.983398,-10531.947266,0.036133
8377,-11541.912109,-11543.732422,1.820312
8378,-10566.497070,-10566.438477,0.058594
8379,-11440.356445,-11442.953125,2.596680
8380,-7855.709961,-7854.524902,1.185059
8381,-11001.728516,-11001.972656,0.244141
8382,-11373.344727,-11374.237305,0.892578
8383,-9429.879883,-9429.281250,0.598633
8384,-10532.109375,-10532.277344,0.167969
8385,-11035.298828,-11034.958984,0.339844
8386,-10936.887695,-10938.409180,1.521484
8387,-10533.051758,-10532.416016,0.635742
8388,-10969.008789,-10969.805664,0.796875
8389,-11811.983398,-11812.076172,0.092773
8390,-10565.335938,-10565.155273,0.180664
8391,-11486.042969,-11485.055664,0.987305
8392,-11439.175781,-11439.975586,0.799805
8393,-9469.351562,-9471.196289,1.844727
8394,-9923.503906,-9924.906250,1.402344
8395,-10598.129883,-10598.409180,0.279297
8396,-11980.297852,-11980.265625,0.032227
8397,-11980.976562,-11981.025391,0.048828
8398,-11948.388672,-11949.470703,1.082031
8399,-11982.322266,-11982.287109,0.035156
8400,-10876.166016,-10870.234375,5.931641
8401,-8452.596680,-8452.250000,0.346680
8402,-10533.451172,-10533.005859,0.445312
8403,-10967.562500,-10968.293945,0.731445
8404,-11948.310547,-11946.147461,2.163086
8405,-9553.324219,-9554.276367,0.952148
8406,-12991.881836,-12992.013672,0.131836
8407,-11914.693359,-11916.061523,1.368164
8408,-11478.079102,-11477.500000,0.579102
8409,-11510.677734,-11510.585938,0.091797
8410,-10233.745117,-10234.262695,0.517578
8411,-11512.803711,-11512.306641,0.497070
8412,-12389.123047,-12383.916016,5.207031
8413,-11917.304688,-11916.666016,0.638672
8414,-10970.125000,-10970.473633,0.348633
8415,-11371.788086,-11372.250000,0.461914
8416,-10565.538086,-10565.076172,0.461914
8417,-10872.890625,-10872.935547,0.044922
8418,-10802.050781,-10801.514648,0.536133
8419,-10776.436523,-10774.982422,1.454102
8420,-8920.342773,-8921.731445,1.388672
8421,-11980.101562,-11979.548828,0.552734
8422,-11310.737305,-11310.315430,0.421875
8423,-11511.903320,-11510.909180,0.994141
8424,-12520.268555,-12520.916016,0.647461
8425,-10299.801758,-10296.545898,3.255859
8426,-11409.052734,-11408.026367,1.026367
8427,-8857.844727,-8857.503906,0.340820
8428,-9604.465820,-9602.207031,2.258789
8429,-12490.438477,-12489.842773,0.595703
8430,-10566.282227,-10566.150391,0.131836
8431,-9991.443359,-9991.628906,0.185547
8432,-12555.032227,-12554.648438,0.383789
8433,-11948.444336,-11948.123047,0.321289
8434,-11003.589844,-11004.018555,0.428711
8435,-10473.008789,-10473.653320,0.644531
8436,-12032.013672,-12030.245117,1.768555
8437,-10566.935547,-10565.487305,1.448242
8438,-9554.826172,-9554.703125,0.123047
8439,-11912.965820,-11913.087891,0.122070
8440,-10598.161133,-10598.279297,0.118164
8441,-9964.625977,-9965.542969,0.916992
8442,-10532.133789,-10532.069336,0.064453
8443,-10502.395508,-10500.180664,2.214844
8444,-10829.744141,-10829.459961,0.284180
8445,-10935.800781,-10936.997070,1.196289
8446,-12490.322266,-12487.523438,2.798828
8447,-11913.282227,-11912.948242,0.333984
8448,-10835.993164,-10834.302734,1.690430
8449,-11508.856445,-11510.859375,2.002930
8450,-12010.415039,-12013.068359,2.653320
8451,-10497.039062,-10500.298828,3.259766
8452,-10499.868164,-10499.939453,0.071289
8453,-12466.361328,-12466.475586,0.114258
8454,-9870.498047,-9869.030273,1.467773
8455,-12349.555664,-12352.100586,2.544922
8456,-11916.154297,-11914.337891,1.816406
8457,-12454.414062,-12454.754883,0.340820
8458,-11777.666016,-11779.117188,1.451172
8459,-11914.933594,-11915.464844,0.531250
8460,-8890.046875,-8890.411133,0.364258
8461,-10566.977539,-10566.562500,0.415039
8462,-9900.142578,-9901.343750,1.201172
8463,-12382.481445,-12384.160156,1.678711
8464,-10970.189453,-10969.778320,0.411133
8465,-13498.310547,-13499.157227,0.846680
8466,-12013.985352,-12014.458984,0.473633
8467,-10971.208008,-10970.488281,0.719727
8468,-9296.626953,-9296.715820,0.088867
8469,-12353.957031,-12352.800781,1.156250
8470,-8887.554688,-8888.641602,1.086914
8471,-11913.859375,-11915.578125,1.718750
8472,-11947.679688,-11949.432617,1.752930
8473,-12487.214844,-12487.916992,0.702148
8474,-12925.768555,-12925.600586,0.167969
8475,-8396.711914,-8393.903320,2.808594
8476,-9733.515625,-9733.494141,0.021484
8477,-10496.330078,-10497.434570,1.104492
8478,-11405.215820,-11406.553711,1.337891
8479,-9955.402344,-9957.276367,1.874023
8480,-12383.291016,-12385.198242,1.907227
8481,-12486.109375,-12486.831055,0.721680
8482,-11375.656250,-11374.061523,1.594727
8483,-10904.912109,-10905.251953,0.339844
8484,-10440.453125,-10440.953125,0.500000
8485,-10598.318359,-10598.446289,0.127930
8486,-12352.772461,-12353.335938,0.563477
8487,-12415.813477,-12418.000977,2.187500
8488,-10936.673828,-10936.107422,0.566406
8489,-11003.832031,-11004.042969,0.210938
8490,-8830.999023,-8833.528320,2.529297
8491,-10969.843750,-10969.434570,0.409180
8492,-12489.628906,-12488.633789,0.995117
8493,-9959.571289,-9957.892578,1.678711
8494,-11440.361328,-11439.617188,0.744141
8495,-12016.360352,-12013.617188,2.743164
8496,-10880.332031,-10878.214844,2.117188
8497,-9496.837891,-9495.230469,1.607422
8498,-13332.870117,-13332.369141,0.500977
8499,-9496.189453,-9496.280273,0.090820
8500,-10339.599609,-10339.352539,0.247070
8501,-11842.409180,-11844.325195,1.916016
8502,-11545.324219,-11544.291016,1.033203
8503,-11577.097656,-11576.187500,0.910156
8504,-8224.021484,-8227.469727,3.448242
8505,-11477.478516,-11479.034180,1.555664
8506,-10939.037109,-10937.462891,1.574219
8507,-11479.817383,-11478.710938,1.106445
8508,-10534.246094,-10533.954102,0.291992
8509,-13008.033203,-13007.605469,0.427734
8510,-10531.518555,-10532.846680,1.328125
8511,-11948.181641,-11947.977539,0.204102
8512,-12355.171875,-12352.760742,2.411133
8513,-9864.782227,-9866.823242,2.041016
8514,-9934.336914,-9934.596680,0.259766
8515,-12250.291016,-12247.918945,2.372070
8516,-10600.951172,-10599.694336,1.256836
8517,-9710.813477,-9719.137695,8.324219
8518,-11886.714844,-11884.449219,2.265625
8519,-11543.414062,-11543.796875,0.382812
8520,-10398.834961,-10397.961914,0.873047
8521,-11478.062500,-11478.187500,0.125000
8522,-8486.041992,-8485.487305,0.554688
8523,-10532.633789,-10532.838867,0.205078
8524,-9554.398438,-9555.040039,0.641602
8525,-9530.687500,-9530.220703,0.466797
8526,-9959.602539,-9959.721680,0.119141
8527,-11545.414062,-11544.768555,0.645508
8528,-12959.303711,-12958.580078,0.723633
8529,-12521.581055,-12521.403320,0.177734
8530,-10836.429688,-10838.738281,2.308594
8531,-12384.880859,-12385.388672,0.507812
8532,-10938.081055,-10937.733398,0.347656
8533,-11947.455078,-11947.519531,0.064453
8534,-11377.901367,-11375.473633,2.427734
8535,-12519.774414,-12520.523438,0.749023
8536,-11781.576172,-11780.094727,1.481445
8537,-9556.435547,-9555.766602,0.668945
8538,-11407.237305,-11406.658203,0.579102
8539,-10565.731445,-10565.625000,0.106445
8540,-11509.518555,-11509.219727,0.298828
8541,-11844.512695,-11844.240234,0.272461
8542,-10901.982422,-10901.466797,0.515625
8543,-10499.728516,-10499.508789,0.219727
8544,-11374.262695,-11373.628906,0.633789
8545,-10937.048828,-10936.999023,0.049805
8546,-9954.490234,-9957.489258,2.999023
8547,-10533.862305,-10533.341797,0.520508
8548,-10533.013672,-10531.628906,1.384766
8549,-11445.403320,-11444.866211,0.537109
8550,-11518.262695,-11517.924805,0.337891
8551,-10463.347656,-10462.364258,0.983398
8552,-10565.220703,-10566.059570,0.838867
8553,-11815.150391,-11811.310547,3.839844
8554,-12896.869141,-12895.764648,1.104492
8555,-10933.995117,-10935.807617,1.812500
8556,-11510.028320,-11509.707031,0.321289
8557,-10837.583984,-10837.615234,0.031250
8558,-11479.585938,-11479.875000,0.289062
8559,-11479.450195,-11477.663086,1.787109
8560,-11981.923828,-11980.982422,0.941406
8561,-10532.511719,-10532.072266,0.439453
8562,-12957.451172,-12959.793945,2.342773
8563,-10499.929688,-10498.961914,0.967773
8564,-12318.405273,-12320.375977,1.970703
8565,-10879.435547,-10880.181641,0.746094
8566,-10935.181641,-10936.276367,1.094727
8567,-10396.358398,-10396.121094,0.237305
8568,-11344.206055,-11340.993164,3.212891
8569,-9430.952148,-9429.762695,1.189453
8570,-10498.446289,-10498.636719,0.190430
8571,-11033.086914,-11034.909180,1.822266
8572,-11675.711914,-11675.818359,0.106445
8573,-12959.100586,-12958.086914,1.013672
8574,-10932.354492,-10933.671875,1.317383
8575,-10770.266602,-10771.002930,0.736328
8576,-10475.225586,-10473.377930,1.847656
8577,-12523.287109,-12522.282227,1.004883
8578,-10532.204102,-10532.297852,0.093750
8579,-10970.277344,-10969.497070,0.780273
8580,-11479.055664,-11479.281250,0.225586
8581,-12382.349609,-12384.318359,1.968750
8582,-9991.522461,-9990.862305,0.660156
8583,-12481.958984,-12485.049805,3.090820
8584,-12556.106445,-12553.740234,2.366211
8585,-10429.659180,-10430.084961,0.425781
8586,-10499.055664,-10498.270508,0.785156
8587,-12522.989258,-12520.486328,2.502930
8588,-10533.992188,-10533.420898,0.571289
8589,-11813.537109,-11812.955078,0.582031
8590,-10533.102539,-10533.148438,0.045898
8591,-10937.606445,-10937.730469,0.124023
8592,-10533.674805,-10534.379883,0.705078
8593,-10499.596680,-10497.548828,2.047852
8594,-10802.852539,-10800.753906,2.098633
8595,-11881.600586,-11881.948242,0.347656
8596,-10968.271484,-10969.283203,1.011719
8597,-9958.656250,-9958.077148,0.579102
8598,-12522.915039,-12521.924805,0.990234
8599,-10303.815430,-10304.196289,0.380859
8600,-12489.873047,-12489.766602,0.106445
8601,-11406.570312,-11407.853516,1.283203
8602,-10877.780273,-10878.578125,0.797852
8603,-12520.753906,-12520.842773,0.088867
8604,-12521.166992,-12519.816406,1.350586
8605,-9960.103516,-9959.660156,0.443359
8606,-12922.741211,-12925.625000,2.883789
8607,-10567.333008,-10565.747070,1.585938
8608,-10533.902344,-10534.001953,0.099609
8609,-11544.096680,-11542.773438,1.323242
8610,-11949.187500,-11948.607422,0.580078
8611,-12926.618164,-12926.518555,0.099609
8612,-10967.907227,-10969.089844,1.182617
8613,-12553.039062,-12553.958008,0.918945
8614,-12386.983398,-12385.704102,1.279297
8615,-12569.611328,-12570.707031,1.095703
8616,-9588.308594,-9587.632812,0.675781
8617,-9414.600586,-9430.014648,15.414062
8618,-9734.459961,-9733.314453,1.145508
8619,-12488.520508,-12489.737305,1.216797
8620,-11510.585938,-11510.909180,0.323242
8621,-10968.394531,-10968.843750,0.449219
8622,-11408.553711,-11407.905273,0.648438
8623,-10532.788086,-10532.771484,0.016602
8624,-13467.629883,-13468.294922,0.665039
8625,-11510.430664,-11510.164062,0.266602
8626,-12891.673828,-12894.212891,2.539062
8627,-10868.458984,-10868.502930,0.043945
8628,-10600.649414,-10598.442383,2.207031
8629,-11918.425781,-11915.700195,2.725586
8630,-11947.001953,-11946.541992,0.459961
8631,-11373.940430,-11376.051758,2.111328
8632,-11000.255859,-11001.690430,1.434570
8633,-10936.413086,-10933.848633,2.564453
8634,-11343.485352,-11342.352539,1.132812
8635,-11948.508789,-11948.639648,0.130859
8636,-8896.753906,-8897.344727,0.590820
8637,-10563.329102,-10564.485352,1.156250
8638,-12419.689453,-12419.101562,0.587891
8639,-11480.108398,-11477.949219,2.159180
8640,-10966.720703,-10968.003906,1.283203
8641,-10777.625000,-10775.334961,2.290039
8642,-12320.152344,-12319.179688,0.972656
8643,-10803.508789,-10800.923828,2.584961
8644,-11845.260742,-11844.144531,1.116211
8645,-12313.481445,-12318.747070,5.265625
8646,-11510.414062,-11510.424805,0.010742
8647,-10969.031250,-10970.026367,0.995117
8648,-11776.898438,-11778.188477,1.290039
8649,-10851.814453,-10848.038086,3.776367
8650,-12822.546875,-12823.229492,0.682617
8651,-8452.219727,-8452.017578,0.202148
8652,-11510.501953,-11510.586914,0.084961
8653,-10832.228516,-10832.045898,0.182617
8654,-10532.738281,-10533.454102,0.715820
8655,-12925.619141,-12927.335938,1.716797
8656,-10763.852539,-10768.458008,4.605469
8657,-9956.693359,-9957.760742,1.067383
8658,-10472.524414,-10472.763672,0.239258
8659,-10534.151367,-10532.920898,1.230469
8660,-10929.013672,-10933.777344,4.763672
8661,-12487.689453,-12487.662109,0.027344
8662,-11511.213867,-11511.259766,0.045898
8663,-10902.776367,-10903.555664,0.779297
8664,-10908.083984,-10906.688477,1.395508
8665,-8391.929688,-8394.903320,2.973633
8666,-10905.601562,-10905.337891,0.263672
8667,-11454.202148,-11452.236328,1.965820
8668,-9370.717773,-9371.776367,1.058594
8669,-11915.488281,-11915.526367,0.038086
8670,-9731.329102,-9731.169922,0.159180
8671,-11948.090820,-11947.909180,0.181641
8672,-10508.877930,-10507.411133,1.466797
8673,-11406.420898,-11406.569336,0.148438
8674,-10567.718750,-10566.397461,1.321289
8675,-11510.347656,-11511.395508,1.047852
8676,-10879.735352,-10879.759766,0.024414
8677,-11542.031250,-11543.310547,1.279297
8678,-11479.838867,-11478.736328,1.102539
8679,-11314.599609,-11316.525391,1.925781
8680,-11036.496094,-11036.345703,0.150391
8681,-10534.564453,-10533.751953,0.812500
8682,-10903.410156,-10903.500000,0.089844
8683,-9957.735352,-9956.568359,1.166992
8684,-10371.110352,-10370.953125,0.157227
8685,-10903.168945,-10902.262695,0.906250
8686,-10533.120117,-10532.947266,0.172852
8687,-11509.720703,-11510.298828,0.578125
8688,-10170.910156,-10170.488281,0.421875
8689,-13362.246094,-13363.984375,1.738281
8690,-11982.423828,-11980.181641,2.242188
8691,-11338.116211,-11339.430664,1.314453
8692,-9520.962891,-9521.251953,0.289062
8693,-11844.466797,-11843.971680,0.495117
8694,-11343.551758,-11342.929688,0.622070
8695,-10534.342773,-10533.527344,0.815430
8696,-11951.325195,-11948.365234,2.959961
8697,-10507.463867,-10506.920898,0.542969
8698,-10938.115234,-10936.649414,1.465820
8699,-11372.671875,-11372.997070,0.325195
8700,-9497.113281,-9497.106445,0.006836
8701,-10534.320312,-10533.621094,0.699219
8702,-9586.699219,-9588.704102,2.004883
8703,-10397.556641,-10396.121094,1.435547
8704,-10999.934570,-11001.721680,1.787109
8705,-11811.382812,-11810.318359,1.064453
8706,-10565.452148,-10565.951172,0.499023
8707,-11945.737305,-11945.987305,0.250000
8708,-9517.509766,-9520.109375,2.599609
8709,-11004.195312,-11003.522461,0.672852
8710,-11441.542969,-11444.895508,3.352539
8711,-9529.279297,-9529.950195,0.670898
8712,-11509.478516,-11510.751953,1.273438
8713,-11544.711914,-11543.158203,1.553711
8714,-11779.027344,-11779.384766,0.357422
8715,-11754.327148,-11754.028320,0.298828
8716,-11372.973633,-11374.231445,1.257812
8717,-11949.500000,-11948.618164,0.881836
8718,-11003.694336,-11001.713867,1.980469
8719,-9497.464844,-9497.291992,0.172852
8720,-11543.284180,-11542.546875,0.737305
8721,-11343.188477,-11342.606445,0.582031
8722,-9968.951172,-9967.926758,1.024414
8723,-10024.632812,-10025.921875,1.289062
8724,-11981.212891,-11979.439453,1.773438
8725,-9901.956055,-9900.551758,1.404297
8726,-12456.089844,-12454.708008,1.381836
8727,-10971.775391,-10969.769531,2.005859
8728,-12291.576172,-12288.933594,2.642578
8729,-9528.249023,-9529.041992,0.792969
8730,-10906.169922,-10904.660156,1.509766
8731,-10501.804688,-10500.116211,1.688477
8732,-11810.428711,-11812.146484,1.717773
8733,-12011.977539,-12012.872070,0.894531
8734,-11948.154297,-11949.080078,0.925781
8735,-12974.222656,-12975.266602,1.043945
8736,-11376.762695,-11375.238281,1.524414
8737,-8856.654297,-8856.572266,0.082031
8738,-11946.601562,-11947.570312,0.968750
8739,-10566.758789,-10566.671875,0.086914
8740,-11544.891602,-11544.403320,0.488281
8741,-8554.088867,-8552.835938,1.252930
8742,-12926.201172,-12926.159180,0.041992
8743,-11544.091797,-11543.052734,1.039062
8744,-12928.653320,-12925.244141,3.409180
8745,-10970.562500,-10970.620117,0.057617
8746,-10801.391602,-10802.438477,1.046875
8747,-11607.349609,-11609.333984,1.984375
8748,-11944.971680,-11946.321289,1.349609
8749,-11978.464844,-11978.778320,0.313477
8750,-11545.938477,-11544.133789,1.804688
8751,-9462.580078,-9463.979492,1.399414
8752,-11981.753906,-11981.578125,0.175781
8753,-10563.694336,-10565.423828,1.729492
8754,-7855.628906,-7854.758301,0.870605
8755,-10499.184570,-10497.979492,1.205078
8756,-12487.459961,-12490.010742,2.550781
8757,-12897.207031,-12895.294922,1.912109
8758,-10498.861328,-10497.730469,1.130859
8759,-11575.776367,-11575.729492,0.046875
8760,-15358.478516,-15357.625000,0.853516
8761,-10834.122070,-10833.349609,0.772461
8762,-10565.938477,-10565.993164,0.054688
8763,-9957.548828,-9956.721680,0.827148
8764,-12389.910156,-12386.600586,3.309570
8765,-10866.559570,-10866.117188,0.442383
8766,-11937.950195,-11936.508789,1.441406
8767,-10533.365234,-10533.682617,0.317383
8768,-12318.057617,-12319.556641,1.499023
8769,-10533.250000,-10533.576172,0.326172
8770,-12386.739258,-12385.082031,1.657227
8771,-10365.481445,-10364.271484,1.209961
8772,-10936.053711,-10934.181641,1.872070
8773,-12491.464844,-12488.550781,2.914062
8774,-11913.477539,-11915.588867,2.111328
8775,-11344.068359,-11343.684570,0.383789
8776,-10881.347656,-10881.604492,0.256836
8777,-10937.534180,-10936.611328,0.922852
8778,-10534.053711,-10535.067383,1.013672
8779,-10434.609375,-10433.507812,1.101562
8780,-12892.626953,-12893.718750,1.091797
8781,-10507.129883,-10506.417969,0.711914
8782,-10635.041016,-10637.716797,2.675781
8783,-10934.862305,-10936.172852,1.310547
8784,-12923.301758,-12914.573242,8.728516
8785,-11949.051758,-11945.876953,3.174805
8786,-11913.210938,-11915.108398,1.897461
8787,-11505.853516,-11508.569336,2.715820
8788,-10330.333984,-10328.539062,1.794922
8789,-12519.156250,-12520.292969,1.136719
8790,-11575.954102,-11575.819336,0.134766
8791,-10911.472656,-10911.875000,0.402344
8792,-11914.699219,-11913.396484,1.302734
8793,-11845.622070,-11844.191406,1.430664
8794,-11208.705078,-11205.154297,3.550781
8795,-10475.982422,-10475.706055,0.276367
8796,-11915.022461,-11914.550781,0.471680
8797,-9869.328125,-9868.747070,0.581055
8798,-9554.073242,-9553.476562,0.596680
8799,-11946.737305,-11947.671875,0.934570
8800,-11478.052734,-11479.066406,1.013672
8801,-11543.883789,-11543.185547,0.698242
8802,-11915.374023,-11915.226562,0.147461
8803,-11443.571289,-11443.129883,0.441406
8804,-10970.461914,-10969.542969,0.918945
8805,-12248.779297,-12247.647461,1.131836
8806,-10465.942383,-10465.489258,0.453125
8807,-10362.467773,-10362.847656,0.379883
8808,-11370.070312,-11373.250977,3.180664
8809,-12351.678711,-12354.867188,3.188477
8810,-10938.873047,-10938.224609,0.648438
8811,-10274.405273,-10274.405273,0.000000
8812,-12384.994141,-12385.052734,0.058594
8813,-10941.433594,-10938.699219,2.734375
8814,-11510.629883,-11511.492188,0.862305
8815,-10531.022461,-10531.423828,0.401367
8816,-10533.426758,-10532.964844,0.461914
8817,-10801.660156,-10801.390625,0.269531
8818,-10970.778320,-10968.526367,2.251953
8819,-10533.125000,-10533.441406,0.316406
8820,-11507.211914,-11510.217773,3.005859
8821,-11406.279297,-11406.102539,0.176758
8822,-9933.707031,-9933.267578,0.439453
8823,-10397.972656,-10395.058594,2.914062
8824,-9927.869141,-9926.404297,1.464844
8825,-11378.107422,-11376.858398,1.249023
8826,-12790.645508,-12791.385742,0.740234
8827,-11405.613281,-11405.492188,0.121094
8828,-11408.394531,-11408.383789,0.010742
8829,-11880.676758,-11879.996094,0.680664
8830,-10533.478516,-10533.118164,0.360352
8831,-10534.328125,-10533.459961,0.868164
8832,-11979.638672,-11980.129883,0.491211
8833,-12520.437500,-12522.895508,2.458008
8834,-11914.654297,-11915.617188,0.962891
8835,-10438.985352,-10440.649414,1.664062
8836,-9497.416992,-9497.228516,0.188477
8837,-12489.757812,-12488.925781,0.832031
8838,-10396.828125,-10395.108398,1.719727
8839,-8954.421875,-8954.733398,0.311523
8840,-11542.961914,-11542.945312,0.016602
8841,-10798.785156,-10798.690430,0.094727
8842,-9920.850586,-9923.987305,3.136719
8843,-12419.349609,-12417.460938,1.888672
8844,-10473.560547,-10474.514648,0.954102
8845,-11542.035156,-11543.732422,1.697266
8846,-12893.593750,-12893.747070,0.153320
8847,-11510.916016,-11511.239258,0.323242
8848,-9900.686523,-9901.312500,0.625977
8849,-11512.484375,-11511.168945,1.315430
8850,-10441.835938,-10441.020508,0.815430
8851,-11576.993164,-11576.917969,0.075195
8852,-10565.884766,-10564.245117,1.639648
8853,-11809.972656,-11810.278320,0.305664
8854,-10938.507812,-10938.871094,0.363281
8855,-11375.435547,-11373.548828,1.886719
8856,-10534.134766,-10531.838867,2.295898
8857,-10938.715820,-10936.554688,2.161133
8858,-10532.749023,-10533.028320,0.279297
8859,-9992.451172,-9992.274414,0.176758
8860,-12523.849609,-12522.224609,1.625000
8861,-12147.686523,-12145.327148,2.359375
8862,-9934.134766,-9933.681641,0.453125
8863,-10334.236328,-10333.572266,0.664062
8864,-9529.497070,-9529.339844,0.157227
8865,-12894.381836,-12894.834961,0.453125
8866,-11544.799805,-11543.684570,1.115234
8867,-10971.208984,-10969.735352,1.473633
8868,-11810.848633,-11811.700195,0.851562
8869,-11544.386719,-11543.502930,0.883789
8870,-9529.990234,-9529.241211,0.749023
8871,-10533.171875,-10532.620117,0.551758
8872,-10800.208984,-10800.671875,0.462891
8873,-11002.297852,-11000.702148,1.595703
8874,-10944.164062,-10944.329102,0.165039
8875,-11541.764648,-11542.190430,0.425781
8876,-11375.163086,-11374.857422,0.305664
8877,-11452.669922,-11452.661133,0.008789
8878,-10936.833984,-10936.489258,0.344727
8879,-10970.343750,-10969.787109,0.556641
8880,-11949.010742,-11948.563477,0.447266
8881,-10598.273438,-10598.463867,0.190430
8882,-11744.760742,-11746.616211,1.855469
8883,-11881.259766,-11883.688477,2.428711
8884,-11544.513672,-11543.598633,0.915039
8885,-11541.619141,-11542.756836,1.137695
8886,-10967.561523,-10968.273438,0.711914
8887,-10467.639648,-10466.646484,0.993164
8888,-12523.216797,-12522.413086,0.803711
8889,-11406.839844,-11408.118164,1.278320
8890,-9463.807617,-9463.107422,0.700195
8891,-11980.754883,-11979.438477,1.316406
8892,-12456.356445,-12456.413086,0.056641
8893,-12928.260742,-12926.188477,2.072266
8894,-11543.425781,-11543.611328,0.185547
8895,-11575.316406,-11575.710938,0.394531
8896,-10531.868164,-10531.830078,0.038086
8897,-10565.818359,-10565.190430,0.627930
8898,-10835.879883,-10838.690430,2.810547
8899,-8920.875977,-8921.822266,0.946289
8900,-12383.843750,-12385.223633,1.379883
8901,-10500.679688,-10500.222656,0.457031
8902,-11479.138672,-11477.591797,1.546875
8903,-10057.125000,-10057.085938,0.039062
8904,-11374.336914,-11371.181641,3.155273
8905,-11575.630859,-11576.024414,0.393555
8906,-11811.219727,-11812.508789,1.289062
8907,-10540.101562,-10539.562500,0.539062
8908,-10967.411133,-10969.591797,2.180664
8909,-9523.111328,-9525.242188,2.130859
8910,-11506.556641,-11509.609375,3.052734
8911,-11911.564453,-11912.569336,1.004883
8912,-11453.693359,-11452.553711,1.139648
8913,-11986.485352,-11981.994141,4.491211
8914,-10466.035156,-10466.711914,0.676758
8915,-11947.413086,-11947.954102,0.541016
8916,-11341.223633,-11341.377930,0.154297
8917,-12420.982422,-12417.247070,3.735352
8918,-10775.576172,-10775.523438,0.052734
8919,-11950.345703,-11948.320312,2.025391
8920,-10533.019531,-10532.552734,0.466797
8921,-10565.434570,-10565.303711,0.130859
8922,-9497.750000,-9496.399414,1.350586
8923,-10533.634766,-10534.509766,0.875000
8924,-13398.428711,-13397.246094,1.182617
8925,-10970.179688,-10970.282227,0.102539
8926,-11949.194336,-11948.772461,0.421875
8927,-11913.870117,-11913.417969,0.452148
8928,-10970.833984,-10970.752930,0.081055
8929,-12354.796875,-12351.310547,3.486328
8930,-10338.309570,-10338.117188,0.192383
8931,-10534.135742,-10533.748047,0.387695
8932,-10630.425781,-10631.271484,0.845703
8933,-8453.714844,-8453.235352,0.479492
8934,-10642.299805,-10638.763672,3.536133
8935,-10565.547852,-10565.362305,0.185547
8936,-12415.461914,-12418.384766,2.922852
8937,-9588.862305,-9588.590820,0.271484
8938,-9590.037109,-9588.961914,1.075195
8939,-11915.820312,-11915.276367,0.543945
8940,-14952.951172,-14952.400391,0.550781
8941,-11507.738281,-11508.755859,1.017578
8942,-9866.495117,-9867.995117,1.500000
8943,-9498.004883,-9496.378906,1.625977
8944,-10442.545898,-10441.040039,1.505859
8945,-12960.357422,-12959.679688,0.677734
8946,-11575.950195,-11576.978516,1.028320
8947,-12520.542969,-12520.478516,0.064453
8948,-10340.316406,-10339.774414,0.541992
8949,-12387.308594,-12384.294922,3.013672
8950,-9928.925781,-9925.424805,3.500977
8951,-10565.793945,-10566.150391,0.356445
8952,-11543.619141,-11543.554688,0.064453
8953,-12458.003906,-12457.786133,0.217773
8954,-9958.292969,-9958.376953,0.083984
8955,-9869.242188,-9868.202148,1.040039
8956,-11943.424805,-11945.930664,2.505859
8957,-11342.033203,-11343.096680,1.063477
8958,-11519.271484,-11517.940430,1.331055
8959,-9496.722656,-9497.093750,0.371094
8960,-11812.283203,-11811.406250,0.876953
8961,-9926.804688,-9924.595703,2.208984
8962,-10799.333984,-10799.436523,0.102539
8963,-10769.543945,-10770.354492,0.810547
8964,-11407.993164,-11408.297852,0.304688
8965,-10330.858398,-10332.303711,1.445312
8966,-9990.108398,-9989.993164,0.115234
8967,-10934.307617,-10934.661133,0.353516
8968,-12956.561523,-12958.817383,2.255859
8969,-10534.335938,-10533.189453,1.146484
8970,-11376.593750,-11375.344727,1.249023
8971,-11945.234375,-11948.397461,3.163086
8972,-12387.847656,-12384.281250,3.566406
8973,-11823.737305,-11823.611328,0.125977
8974,-11476.219727,-11476.931641,0.711914
8975,-12819.129883,-12822.629883,3.500000
8976,-12353.716797,-12353.004883,0.711914
8977,-15329.308594,-15325.723633,3.584961
8978,-12353.217773,-12353.000000,0.217773
8979,-9522.817383,-9522.482422,0.334961
8980,-7451.371094,-7449.546875,1.824219
8981,-11542.839844,-11543.070312,0.230469
8982,-11780.315430,-11779.688477,0.626953
8983,-12386.774414,-12385.964844,0.809570
8984,-10746.177734,-10743.276367,2.901367
8985,-12319.250977,-12319.908203,0.657227
8986,-11808.609375,-11810.274414,1.665039
8987,-11373.629883,-11373.712891,0.083008
8988,-10397.137695,-10395.955078,1.182617
8989,-11946.830078,-11947.681641,0.851562
8990,-10970.890625,-10970.513672,0.376953
8991,-12351.998047,-12351.305664,0.692383
8992,-10501.178711,-10501.008789,0.169922
8993,-12387.687500,-12386.514648,1.172852
8994,-10599.785156,-10598.391602,1.393555
8995,-10475.440430,-10474.532227,0.908203
8996,-11948.474609,-11948.067383,0.407227
8997,-10898.931641,-10900.587891,1.656250
8998,-9960.199219,-9956.546875,3.652344
8999,-10426.059570,-10427.308594,1.249023
9000,-10397.383789,-10396.339844,1.043945
9001,-10565.754883,-10566.231445,0.476562
9002,-9922.579102,-9927.051758,4.472656
9003,-13400.878906,-13396.829102,4.049805
9004,-10473.554688,-10473.670898,0.116211
9005,-11544.393555,-11543.804688,0.588867
9006,-11000.086914,-11001.579102,1.492188
9007,-12355.792969,-12354.282227,1.510742
9008,-9498.919922,-9497.388672,1.531250
9009,-11406.874023,-11408.141602,1.267578
9010,-11542.878906,-11542.983398,0.104492
9011,-11475.871094,-11477.456055,1.584961
9012,-11001.410156,-11002.313477,0.903320
9013,-9901.650391,-9900.506836,1.143555
9014,-12521.355469,-12520.320312,1.035156
9015,-10905.285156,-10905.204102,0.081055
9016,-10274.915039,-10274.370117,0.544922
9017,-11374.768555,-11374.405273,0.363281
9018,-11810.544922,-11812.275391,1.730469
9019,-9359.980469,-9361.083008,1.102539
9020,-10531.816406,-10533.464844,1.648438
9021,-10440.379883,-10442.048828,1.668945
9022,-10529.689453,-10530.532227,0.842773
9023,-12522.476562,-12522.600586,0.124023
9024,-11001.416016,-11002.823242,1.407227
9025,-13435.201172,-13433.373047,1.828125
9026,-12416.320312,-12417.613281,1.292969
9027,-9398.844727,-9399.195312,0.350586
9028,-11508.508789,-11509.752930,1.244141
9029,-12959.951172,-12958.334961,1.616211
9030,-12895.423828,-12894.992188,0.431641
9031,-8891.196289,-8891.263672,0.067383
9032,-11284.048828,-11284.554688,0.505859
9033,-11950.360352,-11948.407227,1.953125
9034,-12892.969727,-12893.375977,0.406250
9035,-11545.483398,-11544.344727,1.138672
9036,-10564.322266,-10564.650391,0.328125
9037,-11763.889648,-11766.250977,2.361328
9038,-10872.086914,-10873.887695,1.800781
9039,-10428.974609,-10429.031250,0.056641
9040,-11913.198242,-11913.104492,0.093750
9041,-11950.889648,-11948.439453,2.450195
9042,-11807.890625,-11812.125977,4.235352
9043,-10308.393555,-10307.063477,1.330078
9044,-11344.731445,-11342.441406,2.290039
9045,-12350.532227,-12352.839844,2.307617
9046,-9990.504883,-9990.190430,0.314453
9047,-10336.357422,-10338.369141,2.011719
9048,-11843.847656,-11844.631836,0.784180
9049,-11948.555664,-11947.833008,0.722656
9050,-10531.354492,-10531.238281,0.116211
9051,-12958.522461,-12958.703125,0.180664
9052,-12926.956055,-12927.160156,0.204102
9053,-11949.621094,-11948.645508,0.975586
9054,-11978.676758,-11980.972656,2.295898
9055,-12386.117188,-12386.092773,0.024414
9056,-11445.004883,-11444.216797,0.788086
9057,-11479.729492,-11477.315430,2.414062
9058,-10366.282227,-10365.974609,0.307617
9059,-10970.637695,-10969.927734,0.709961
9060,-10441.811523,-10440.103516,1.708008
9061,-12959.389648,-12959.970703,0.581055
9062,-7656.321289,-7659.487793,3.166504
9063,-10393.664062,-10393.956055,0.291992
9064,-10508.825195,-10507.573242,1.251953
9065,-10971.375977,-10971.435547,0.059570
9066,-12894.659180,-12893.590820,1.068359
9067,-12520.625000,-12521.368164,0.743164
9068,-10970.599609,-10969.118164,1.481445
9069,-7822.245605,-7821.477051,0.768555
9070,-11914.863281,-11916.229492,1.366211
9071,-11948.247070,-11947.756836,0.490234
9072,-10936.173828,-10935.739258,0.434570
9073,-11544.327148,-11544.004883,0.322266
9074,-10968.712891,-10969.836914,1.124023
9075,-10599.869141,-10599.368164,0.500977
9076,-11509.100586,-11508.050781,1.049805
9077,-10431.123047,-10429.206055,1.916992
9078,-11510.327148,-11509.737305,0.589844
9079,-11544.734375,-11542.710938,2.023438
9080,-10835.285156,-10833.830078,1.455078
9081,-10566.479492,-10566.245117,0.234375
9082,-10877.723633,-10878.740234,1.016602
9083,-10938.479492,-10938.144531,0.334961
9084,-11543.579102,-11543.328125,0.250977
9085,-10905.083984,-10904.906250,0.177734
9086,-9993.112305,-9992.688477,0.423828
9087,-11509.704102,-11511.500000,1.795898
9088,-9866.328125,-9866.867188,0.539062
9089,-13501.680664,-13500.394531,1.286133
9090,-10441.930664,-10442.633789,0.703125
9091,-11542.791016,-11542.422852,0.368164
9092,-11448.580078,-11446.975586,1.604492
9093,-10937.177734,-10937.183594,0.005859
9094,-10877.132812,-10876.886719,0.246094
9095,-11339.672852,-11341.302734,1.629883
9096,-11916.936523,-11915.000000,1.936523
9097,-11338.838867,-11338.966797,0.127930
9098,-12014.618164,-12013.967773,0.650391
9099,-9464.616211,-9464.179688,0.436523
9100,-10251.890625,-10247.833984,4.056641
9101,-12822.624023,-12822.770508,0.146484
9102,-9554.863281,-9554.438477,0.424805
9103,-9429.998047,-9431.656250,1.658203
9104,-9487.441406,-9488.353516,0.912109
9105,-9899.705078,-9899.079102,0.625977
9106,-11913.832031,-11913.870117,0.038086
9107,-11983.250000,-11981.266602,1.983398
9108,-9556.387695,-9555.787109,0.600586
9109,-11542.231445,-11542.591797,0.360352
9110,-10906.077148,-10905.325195,0.751953
9111,-10865.314453,-10866.791016,1.476562
9112,-10566.738281,-10566.389648,0.348633
9113,-11476.823242,-11477.938477,1.115234
9114,-13332.745117,-13332.297852,0.447266
9115,-8360.267578,-8360.134766,0.132812
9116,-7796.213867,-7795.169922,1.043945
9117,-10442.627930,-10442.073242,0.554688
9118,-9869.501953,-9867.287109,2.214844
9119,-8834.005859,-8832.130859,1.875000
9120,-11542.993164,-11543.483398,0.490234
9121,-11708.637695,-11707.398438,1.239258
9122,-10497.669922,-10498.624023,0.954102
9123,-9522.477539,-9521.336914,1.140625
9124,-10835.476562,-10834.591797,0.884766
9125,-11343.170898,-11343.573242,0.402344
9126,-10937.833984,-10937.859375,0.025391
9127,-11545.270508,-11544.101562,1.168945
9128,-10880.724609,-10878.002930,2.721680
9129,-11844.699219,-11844.733398,0.034180
9130,-10531.460938,-10532.817383,1.356445
9131,-10499.145508,-10499.492188,0.346680
9132,-10508.751953,-10507.530273,1.221680
9133,-11005.327148,-11003.441406,1.885742
9134,-11407.402344,-11407.836914,0.434570
9135,-11914.568359,-11915.911133,1.342773
9136,-11376.343750,-11375.754883,0.588867
9137,-10500.054688,-10500.230469,0.175781
9138,-11408.133789,-11408.075195,0.058594
9139,-13499.710938,-13499.300781,0.410156
9140,-10971.474609,-10970.331055,1.143555
9141,-11948.765625,-11947.730469,1.035156
9142,-11542.751953,-11543.416992,0.665039
9143,-10499.705078,-10498.916992,0.788086
9144,-12249.869141,-12249.957031,0.087891
9145,-11979.084961,-11980.687500,1.602539
9146,-8517.151367,-8518.490234,1.338867
9147,-11980.337891,-11981.186523,0.848633
9148,-10968.390625,-10968.868164,0.477539
9149,-10877.287109,-10878.373047,1.085938
9150,-12386.933594,-12387.230469,0.296875
9151,-10970.520508,-10968.794922,1.725586
9152,-11375.818359,-11374.886719,0.931641
9153,-13007.895508,-13008.306641,0.411133
9154,-11981.187500,-11981.454102,0.266602
9155,-10441.617188,-10441.211914,0.405273
9156,-11916.581055,-11915.132812,1.448242
9157,-10634.989258,-10631.521484,3.467773
9158,-11981.639648,-11980.626953,1.012695
9159,-11540.142578,-11542.017578,1.875000
9160,-10940.775391,-10938.709961,2.065430
9161,-10970.790039,-10970.212891,0.577148
9162,-10566.505859,-10566.591797,0.085938
9163,-11951.404297,-11949.858398,1.545898
9164,-10500.105469,-10499.942383,0.163086
9165,-9933.069336,-9932.581055,0.488281
9166,-11542.762695,-11542.879883,0.117188
9167,-9893.490234,-9892.036133,1.454102
9168,-9164.161133,-9165.021484,0.860352
9169,-10565.874023,-10566.552734,0.678711
9170,-13500.958984,-13499.613281,1.345703
9171,-11947.659180,-11946.926758,0.732422
9172,-10935.336914,-10935.142578,0.194336
9173,-10936.745117,-10938.091797,1.346680
9174,-11343.839844,-11342.510742,1.329102
9175,-11002.320312,-11003.077148,0.756836
9176,-10972.580078,-10970.352539,2.227539
9177,-11981.460938,-11981.222656,0.238281
9178,-11980.241211,-11979.658203,0.583008
9179,-10934.607422,-10937.331055,2.723633
9180,-9867.274414,-9867.633789,0.359375
9181,-11373.449219,-11373.621094,0.171875
9182,-10472.982422,-10465.544922,7.437500
9183,-11544.223633,-11543.327148,0.896484
9184,-9438.545898,-9439.169922,0.624023
9185,-11877.247070,-11878.262695,1.015625
9186,-12356.222656,-12353.391602,2.831055
9187,-9430.803711,-9430.884766,0.081055
9188,-11033.831055,-11035.838867,2.007812
9189,-11811.989258,-11813.031250,1.041992
9190,-9868.877930,-9867.984375,0.893555
9191,-11340.685547,-11340.221680,0.463867
9192,-9461.941406,-9462.294922,0.353516
9193,-10798.198242,-10799.742188,1.543945
9194,-10498.507812,-10499.281250,0.773438
9195,-9960.446289,-9961.098633,0.652344
9196,-9495.887695,-9496.076172,0.188477
9197,-10333.496094,-10331.589844,1.906250
9198,-11782.698242,-11780.328125,2.370117
9199,-11915.445312,-11915.871094,0.425781
9200,-10800.894531,-10802.188477,1.293945
9201,-11916.923828,-11913.526367,3.397461
9202,-9901.863281,-9901.414062,0.449219
9203,-12521.063477,-12520.022461,1.041016
9204,-7416.593750,-7416.234375,0.359375
9205,-11510.209961,-11510.371094,0.161133
9206,-9302.424805,-9300.713867,1.710938
9207,-10903.512695,-10905.599609,2.086914
9208,-10533.244141,-10532.788086,0.456055
9209,-11946.152344,-11947.599609,1.447266
9210,-11780.571289,-11780.418945,0.152344
9211,-9900.112305,-9900.625000,0.512695
9212,-13467.318359,-13467.096680,0.221680
9213,-11946.752930,-11947.392578,0.639648
9214,-10904.518555,-10902.731445,1.787109
9215,-10941.295898,-10938.111328,3.184570
9216,-9868.075195,-9869.026367,0.951172
9217,-12422.187500,-12419.989258,2.198242
9218,-9811.143555,-9809.129883,2.013672
9219,-11001.900391,-11002.660156,0.759766
9220,-10596.559570,-10598.620117,2.060547
9221,-12417.568359,-12416.997070,0.571289
9222,-12489.189453,-12488.258789,0.930664
9223,-10934.592773,-10935.234375,0.641602
9224,-10564.723633,-10565.113281,0.389648
9225,-8921.366211,-8921.463867,0.097656
9226,-14208.080078,-14202.436523,5.643555
9227,-10969.658203,-10971.251953,1.593750
9228,-9990.793945,-9991.251953,0.458008
9229,-10967.604492,-10970.019531,2.415039
9230,-11512.431641,-11511.024414,1.407227
9231,-11777.121094,-11776.465820,0.655273
9232,-10438.448242,-10440.231445,1.783203
9233,-11575.657227,-11575.927734,0.270508
9234,-10565.412109,-10564.997070,0.415039
9235,-9468.389648,-9470.412109,2.022461
9236,-12457.880859,-12457.296875,0.583984
9237,-6322.847656,-6322.178223,0.669434
9238,-10532.961914,-10532.638672,0.323242
9239,-12383.909180,-12385.403320,1.494141
9240,-10938.926758,-10937.275391,1.651367
9241,-11508.926758,-11509.867188,0.940430
9242,-12014.883789,-12014.246094,0.637695
9243,-11914.858398,-11915.068359,0.209961
9244,-9893.668945,-9894.000000,0.331055
9245,-9991.750000,-9991.735352,0.014648
9246,-10304.136719,-10304.770508,0.633789
9247,-11575.584961,-11575.926758,0.341797
9248,-11510.347656,-11509.443359,0.904297
9249,-11945.914062,-11945.335938,0.578125
9250,-10934.920898,-10935.647461,0.726562
9251,-12794.066406,-12789.283203,4.783203
9252,-9870.028320,-9868.284180,1.744141
9253,-9924.488281,-9924.224609,0.263672
9254,-7797.812500,-7796.599121,1.213379
9255,-10971.096680,-10971.079102,0.017578
9256,-10238.614258,-10234.970703,3.643555
9257,-10530.843750,-10531.916992,1.073242
9258,-13010.905273,-13008.456055,2.449219
9259,-11947.458984,-11947.080078,0.378906
9260,-10272.522461,-10271.209961,1.312500
9261,-10599.552734,-10598.388672,1.164062
9262,-11947.646484,-11948.707031,1.060547
9263,-8425.238281,-8427.137695,1.899414
9264,-10903.658203,-10903.991211,0.333008
9265,-10968.693359,-10969.224609,0.531250
9266,-9867.205078,-9867.300781,0.095703
9267,-10745.068359,-10742.463867,2.604492
9268,-11510.324219,-11510.678711,0.354492
9269,-13772.739258,-13768.168945,4.570312
9270,-12489.243164,-12489.652344,0.409180
9271,-10362.253906,-10364.041016,1.787109
9272,-10530.559570,-10531.956055,1.396484
9273,-10970.356445,-10971.221680,0.865234
9274,-11914.672852,-11914.471680,0.201172
9275,-11437.356445,-11438.877930,1.521484
9276,-10936.585938,-10937.118164,0.532227
9277,-12354.688477,-12352.348633,2.339844
9278,-11510.769531,-11510.857422,0.087891
9279,-10534.851562,-10534.528320,0.323242
9280,-11374.390625,-11372.409180,1.981445
9281,-15529.189453,-15527.025391,2.164062
9282,-10943.166992,-10944.004883,0.837891
9283,-9924.520508,-9923.517578,1.002930
9284,-13366.064453,-13363.488281,2.576172
9285,-11511.409180,-11509.966797,1.442383
9286,-11542.834961,-11543.368164,0.533203
9287,-11813.943359,-11811.871094,2.072266
9288,-11542.077148,-11542.184570,0.107422
9289,-10501.418945,-10501.116211,0.302734
9290,-7219.530762,-7222.950195,3.419434
9291,-10532.657227,-10532.821289,0.164062
9292,-11914.827148,-11914.162109,0.665039
9293,-10564.038086,-10564.490234,0.452148
9294,-12489.536133,-12488.556641,0.979492
9295,-12353.094727,-12352.321289,0.773438
9296,-10565.928711,-10565.934570,0.005859
9297,-9923.596680,-9924.268555,0.671875
9298,-10336.965820,-10337.007812,0.041992
9299,-9374.434570,-9371.334961,3.099609
9300,-11405.917969,-11406.396484,0.478516
9301,-12791.465820,-12790.926758,0.539062
9302,-10969.934570,-10969.291016,0.643555
9303,-11979.283203,-11980.123047,0.839844
9304,-11781.063477,-11776.890625,4.172852
9305,-12352.512695,-12353.199219,0.686523
9306,-10502.075195,-10500.715820,1.359375
9307,-11812.395508,-11812.814453,0.418945
9308,-11512.627930,-11512.594727,0.033203
9309,-11947.196289,-11947.730469,0.534180
9310,-11946.675781,-11948.540039,1.864258
9311,-10901.680664,-10903.894531,2.213867
9312,-8898.279297,-8896.524414,1.754883
9313,-11350.238281,-11349.949219,0.289062
9314,-12900.061523,-12902.938477,2.876953
9315,-9863.483398,-9864.780273,1.296875
9316,-10972.897461,-10970.394531,2.502930
9317,-10532.756836,-10532.626953,0.129883
9318,-10338.408203,-10338.797852,0.389648
9319,-13435.750000,-13436.041992,0.291992
9320,-9927.203125,-9925.177734,2.025391
9321,-12929.096680,-12926.446289,2.650391
9322,-10969.786133,-10968.142578,1.643555
9323,-11915.613281,-11915.866211,0.252930
9324,-9899.099609,-9898.436523,0.663086
9325,-12521.762695,-12520.895508,0.867188
9326,-10935.890625,-10936.280273,0.389648
9327,-10475.850586,-10474.852539,0.998047
9328,-12354.678711,-12353.807617,0.871094
9329,-11913.605469,-11914.413086,0.807617
9330,-11513.151367,-11511.947266,1.204102
9331,-11948.200195,-11946.391602,1.808594
9332,-9495.250000,-9495.701172,0.451172
9333,-11946.292969,-11948.101562,1.808594
9334,-13532.886719,-13531.097656,1.789062
9335,-12857.531250,-12861.062500,3.531250
9336,-11311.055664,-11311.365234,0.309570
9337,-11477.526367,-11477.776367,0.250000
9338,-10406.734375,-10408.111328,1.376953
9339,-11677.258789,-11674.820312,2.438477
9340,-11541.669922,-11542.334961,0.665039
9341,-9532.187500,-9530.609375,1.578125
9342,-11918.934570,-11916.072266,2.862305
9343,-12388.685547,-12386.756836,1.928711
9344,-10967.122070,-10969.615234,2.493164
9345,-11543.229492,-11542.317383,0.912109
9346,-9992.921875,-9992.130859,0.791016
9347,-9872.687500,-9869.919922,2.767578
9348,-10910.645508,-10911.171875,0.526367
9349,-9902.194336,-9900.101562,2.092773
9350,-10473.653320,-10474.718750,1.065430
9351,-12384.158203,-12382.236328,1.921875
9352,-10531.989258,-10533.019531,1.030273
9353,-10396.498047,-10397.776367,1.278320
9354,-12215.461914,-12216.278320,0.816406
9355,-11946.736328,-11948.278320,1.541992
9356,-11917.570312,-11917.509766,0.060547
9357,-11475.134766,-11477.410156,2.275391
9358,-11377.291992,-11374.202148,3.089844
9359,-11476.179688,-11477.500977,1.321289
9360,-11843.864258,-11844.312500,0.448242
9361,-12321.689453,-12319.432617,2.256836
9362,-10534.495117,-10532.024414,2.470703
9363,-11979.794922,-11980.001953,0.207031
9364,-11416.765625,-11419.057617,2.291992
9365,-12488.298828,-12489.793945,1.495117
9366,-9620.964844,-9620.884766,0.080078
9367,-12523.423828,-12521.633789,1.790039
9368,-11002.872070,-11003.074219,0.202148
9369,-10531.875977,-10532.087891,0.211914
9370,-11544.688477,-11543.181641,1.506836
9371,-10427.588867,-10429.226562,1.637695
9372,-11003.809570,-11002.345703,1.463867
9373,-11377.841797,-11376.153320,1.688477
9374,-11814.259766,-11813.284180,0.975586
9375,-10499.693359,-10499.936523,0.243164
9376,-12384.794922,-12385.271484,0.476562
9377,-10408.163086,-10407.586914,0.576172
9378,-11844.590820,-11845.305664,0.714844
9379,-10440.591797,-10441.525391,0.933594
9380,-10799.480469,-10800.082031,0.601562
9381,-9557.105469,-9555.450195,1.655273
9382,-11236.670898,-11236.583008,0.087891
9383,-12489.210938,-12487.887695,1.323242
9384,-10972.133789,-10971.861328,0.272461
9385,-12401.528320,-12399.117188,2.411133
9386,-10902.070312,-10904.543945,2.473633
9387,-10567.312500,-10566.805664,0.506836
9388,-12354.055664,-12353.651367,0.404297
9389,-10938.522461,-10938.377930,0.144531
9390,-11881.431641,-11881.209961,0.221680
9391,-12992.803711,-12991.765625,1.038086
9392,-11509.460938,-11511.251953,1.791016
9393,-11776.965820,-11778.788086,1.822266
9394,-10564.690430,-10565.734375,1.043945
9395,-10970.806641,-10970.943359,0.136719
9396,-10937.697266,-10938.809570,1.112305
9397,-11947.385742,-11946.990234,0.395508
9398,-11510.903320,-11510.291016,0.612305
9399,-9462.333984,-9463.006836,0.672852
9400,-9778.094727,-9777.833008,0.261719
9401,-11408.351562,-11406.552734,1.798828
9402,-10531.346680,-10530.994141,0.352539
9403,-10533.203125,-10532.170898,1.032227
9404,-10969.031250,-10969.481445,0.450195
9405,-10599.944336,-10598.786133,1.158203
9406,-10938.819336,-10937.434570,1.384766
9407,-10910.267578,-10910.945312,0.677734
9408,-12384.480469,-12384.574219,0.093750
9409,-9923.982422,-9924.434570,0.452148
9410,-10435.249023,-10432.296875,2.952148
9411,-11915.429688,-11914.979492,0.450195
9412,-11418.017578,-11419.976562,1.958984
9413,-11378.667969,-11375.279297,3.388672
9414,-10935.493164,-10936.190430,0.697266
9415,-9463.853516,-9464.333008,0.479492
9416,-12456.402344,-12455.685547,0.716797
9417,-10969.784180,-10970.241211,0.457031
9418,-10972.360352,-10970.558594,1.801758
9419,-11945.720703,-11947.348633,1.627930
9420,-10464.068359,-10466.165039,2.096680
9421,-9928.682617,-9924.178711,4.503906
9422,-11577.302734,-11576.182617,1.120117
9423,-7887.469727,-7885.701660,1.768066
9424,-10565.883789,-10565.267578,0.616211
9425,-11339.133789,-11341.381836,2.248047
9426,-11544.890625,-11544.139648,0.750977
9427,-11811.517578,-11809.927734,1.589844
9428,-12013.939453,-12013.352539,0.586914
9429,-11812.940430,-11813.800781,0.860352
9430,-10567.158203,-10566.502930,0.655273
9431,-10532.486328,-10533.796875,1.310547
9432,-10364.116211,-10364.053711,0.062500
9433,-11543.511719,-11543.474609,0.037109
9434,-12488.310547,-12487.266602,1.043945
9435,-10934.353516,-10934.810547,0.457031
9436,-11842.286133,-11844.225586,1.939453
9437,-11508.824219,-11510.462891,1.638672
9438,-12386.213867,-12385.637695,0.576172
9439,-11339.106445,-11340.707031,1.600586
9440,-13499.145508,-13500.710938,1.565430
9441,-9926.289062,-9927.695312,1.406250
9442,-11002.371094,-11002.630859,0.259766
9443,-11509.574219,-11509.150391,0.423828
9444,-10969.980469,-10970.295898,0.315430
9445,-10877.597656,-10878.115234,0.517578
9446,-10597.944336,-10598.195312,0.250977
9447,-10599.471680,-10598.542969,0.928711
9448,-10966.750977,-10968.049805,1.298828
9449,-12522.639648,-12521.643555,0.996094
9450,-10843.328125,-10838.922852,4.405273
9451,-11815.083008,-11812.516602,2.566406
9452,-9589.035156,-9588.918945,0.116211
9453,-11316.170898,-11315.304688,0.866211
9454,-12894.409180,-12895.125000,0.715820
9455,-12959.100586,-12957.475586,1.625000
9456,-11778.490234,-11778.555664,0.065430
9457,-11270.504883,-11270.847656,0.342773
9458,-12489.532227,-12487.109375,2.422852
9459,-10533.924805,-10533.419922,0.504883
9460,-12791.148438,-12790.094727,1.053711
9461,-9892.166992,-9892.064453,0.102539
9462,-11981.169922,-11980.051758,1.118164
9463,-10913.191406,-10912.293945,0.897461
9464,-11408.386719,-11408.097656,0.289062
9465,-13568.278320,-13564.519531,3.758789
9466,-11948.757812,-11947.963867,0.793945
9467,-11439.006836,-11437.990234,1.016602
9468,-12415.296875,-12417.470703,2.173828
9469,-10531.677734,-10532.013672,0.335938
9470,-9370.184570,-9370.978516,0.793945
9471,-10340.571289,-10338.137695,2.433594
9472,-11814.408203,-11813.462891,0.945312
9473,-11576.142578,-11576.199219,0.056641
9474,-10833.084961,-10832.490234,0.594727
9475,-12390.181641,-12386.570312,3.611328
9476,-10938.026367,-10938.036133,0.009766
9477,-11812.726562,-11813.297852,0.571289
9478,-12283.602539,-12282.301758,1.300781
9479,-11478.146484,-11477.264648,0.881836
9480,-11475.902344,-11477.428711,1.526367
9481,-11373.333984,-11373.856445,0.522461
9482,-9488.000000,-9488.239258,0.239258
9483,-10941.253906,-10937.753906,3.500000
9484,-10362.146484,-10360.091797,2.054688
9485,-11542.357422,-11542.834961,0.477539
9486,-11376.412109,-11373.564453,2.847656
9487,-12452.860352,-12454.168945,1.308594
9488,-11406.411133,-11406.941406,0.530273
9489,-9497.644531,-9497.618164,0.026367
9490,-10499.974609,-10500.315430,0.340820
9491,-11443.775391,-11443.900391,0.125000
9492,-11543.125977,-11543.221680,0.095703
9493,-10533.210938,-10532.704102,0.506836
9494,-11408.967773,-11408.445312,0.522461
9495,-9521.293945,-9522.767578,1.473633
9496,-11381.002930,-11382.310547,1.307617
9497,-9556.548828,-9555.780273,0.768555
9498,-11811.164062,-11812.238281,1.074219
9499,-13500.085938,-13500.204102,0.118164
9500,-11917.645508,-11915.193359,2.452148
9501,-10770.652344,-10769.424805,1.227539
9502,-9865.537109,-9867.305664,1.768555
9503,-10967.625000,-10967.961914,0.336914
9504,-9899.745117,-9900.741211,0.996094
9505,-11950.247070,-11948.774414,1.472656
9506,-11480.948242,-11479.636719,1.311523
9507,-12453.070312,-12454.801758,1.731445
9508,-7361.753906,-7358.809082,2.944824
9509,-11543.904297,-11544.651367,0.747070
9510,-9549.997070,-9554.635742,4.638672
9511,-10970.671875,-10971.116211,0.444336
9512,-11373.361328,-11375.621094,2.259766
9513,-10947.003906,-10945.296875,1.707031
9514,-11574.425781,-11575.374023,0.948242
9515,-12384.945312,-12386.158203,1.212891
9516,-10532.734375,-10534.286133,1.551758
9517,-11234.076172,-11236.575195,2.499023
9518,-10501.927734,-10501.647461,0.280273
9519,-11544.969727,-11543.754883,1.214844
9520,-11915.220703,-11913.766602,1.454102
9521,-11237.220703,-11237.297852,0.077148
9522,-10363.288086,-10363.456055,0.167969
9523,-13331.371094,-13331.088867,0.282227
9524,-8424.728516,-8426.005859,1.277344
9525,-9933.343750,-9933.515625,0.171875
9526,-10443.237305,-10441.690430,1.546875
9527,-10937.265625,-10935.908203,1.357422
9528,-10878.840820,-10880.047852,1.207031
9529,-10970.871094,-10969.349609,1.521484
9530,-11916.732422,-11917.001953,0.269531
9531,-9840.516602,-9835.689453,4.827148
9532,-12279.028320,-12280.565430,1.537109
9533,-10935.595703,-10936.360352,0.764648
9534,-12353.280273,-12352.833008,0.447266
9535,-11376.780273,-11375.336914,1.443359
9536,-12031.706055,-12030.326172,1.379883
9537,-9778.717773,-9776.983398,1.734375
9538,-12521.672852,-12522.762695,1.089844
9539,-10497.042969,-10499.261719,2.218750
9540,-11946.332031,-11946.901367,0.569336
9541,-11878.192383,-11877.774414,0.417969
9542,-11745.544922,-11745.774414,0.229492
9543,-11445.429688,-11445.529297,0.099609
9544,-11510.745117,-11509.623047,1.122070
9545,-12352.793945,-12353.213867,0.419922
9546,-11542.364258,-11543.560547,1.196289
9547,-10025.082031,-10025.010742,0.071289
9548,-10871.978516,-10873.029297,1.050781
9549,-10866.287109,-10865.818359,0.468750
9550,-11447.079102,-11447.131836,0.052734
9551,-11376.125000,-11375.021484,1.103516
9552,-12550.954102,-12553.230469,2.276367
9553,-12455.677734,-12456.703125,1.025391
9554,-10531.449219,-10531.971680,0.522461
9555,-11480.000977,-11479.816406,0.184570
9556,-10834.411133,-10832.591797,1.819336
9557,-11949.258789,-11947.595703,1.663086
9558,-10872.049805,-10869.764648,2.285156
9559,-11372.731445,-11374.470703,1.739258
9560,-11512.961914,-11511.191406,1.770508
9561,-9587.870117,-9587.114258,0.755859
9562,-11002.916016,-11003.649414,0.733398
9563,-10466.475586,-10465.675781,0.799805
9564,-11881.174805,-11882.017578,0.842773
9565,-10339.592773,-10338.617188,0.975586
9566,-12352.152344,-12352.028320,0.124023
9567,-11811.643555,-11812.470703,0.827148
9568,-12016.337891,-12015.080078,1.257812
9569,-11949.922852,-11949.614258,0.308594
9570,-10533.438477,-10534.099609,0.661133
9571,-11035.461914,-11034.537109,0.924805
9572,-11444.908203,-11444.698242,0.209961
9573,-11982.233398,-11980.557617,1.675781
9574,-12924.445312,-12926.454102,2.008789
9575,-8519.139648,-8519.231445,0.091797
9576,-11510.261719,-11509.311523,0.950195
9577,-12791.728516,-12791.766602,0.038086
9578,-10467.354492,-10466.950195,0.404297
9579,-9361.713867,-9361.904297,0.190430
9580,-11441.914062,-11444.821289,2.907227
9581,-11512.204102,-11510.785156,1.418945
9582,-10495.230469,-10499.140625,3.910156
9583,-11001.844727,-11002.611328,0.766602
9584,-12956.377930,-12956.832031,0.454102
9585,-12453.573242,-12454.679688,1.106445
9586,-11511.646484,-11510.209961,1.436523
9587,-11003.758789,-11003.779297,0.020508
9588,-9555.478516,-9555.782227,0.303711
9589,-11375.243164,-11375.688477,0.445312
9590,-10945.690430,-10943.066406,2.624023
9591,-11845.358398,-11845.290039,0.068359
9592,-10361.558594,-10362.425781,0.867188
9593,-11347.838867,-11349.013672,1.174805
9594,-9529.234375,-9529.189453,0.044922
9595,-12788.911133,-12789.735352,0.824219
9596,-11843.485352,-11843.862305,0.376953
9597,-11949.996094,-11948.573242,1.422852
9598,-11002.831055,-11001.749023,1.082031
9599,-9869.292969,-9869.212891,0.080078
9600,-10362.650391,-10363.865234,1.214844
9601,-11981.635742,-11981.013672,0.622070
9602,-10834.759766,-10832.862305,1.897461
9603,-10501.015625,-10500.197266,0.818359
9604,-11575.831055,-11575.630859,0.200195
9605,-10903.188477,-10904.350586,1.162109
9606,-11002.458984,-11002.263672,0.195312
9607,-11477.112305,-11477.105469,0.006836
9608,-11915.538086,-11916.385742,0.847656
9609,-11948.364258,-11946.242188,2.122070
9610,-11576.667969,-11575.888672,0.779297
9611,-11512.597656,-11512.206055,0.391602
9612,-11510.477539,-11511.025391,0.547852
9613,-12353.818359,-12354.024414,0.206055
9614,-9589.807617,-9588.395508,1.412109
9615,-11374.405273,-11372.998047,1.407227
9616,-9588.199219,-9587.575195,0.624023
9617,-10973.392578,-10971.296875,2.095703
9618,-9391.805664,-9391.386719,0.418945
9619,-13006.827148,-13008.006836,1.179688
9620,-11981.981445,-11982.155273,0.173828
9621,-11408.125000,-11406.702148,1.422852
9622,-11808.750000,-11812.201172,3.451172
9623,-10533.977539,-10533.478516,0.499023
9624,-11980.246094,-11982.428711,2.182617
9625,-11478.585938,-11478.579102,0.006836
9626,-11479.617188,-11476.743164,2.874023
9627,-7821.355957,-7819.998047,1.357910
9628,-9521.261719,-9521.655273,0.393555
9629,-12387.336914,-12386.124023,1.212891
9630,-11578.283203,-11576.933594,1.349609
9631,-6784.941406,-6785.535156,0.593750
9632,-11541.080078,-11543.577148,2.497070
9633,-12552.732422,-12553.166992,0.434570
9634,-12550.884766,-12553.933594,3.048828
9635,-11545.223633,-11544.075195,1.148438
9636,-10334.234375,-10329.737305,4.497070
9637,-10099.431641,-10109.157227,9.725586
9638,-11340.880859,-11341.897461,1.016602
9639,-11510.766602,-11510.336914,0.429688
9640,-12551.523438,-12553.195312,1.671875
9641,-11481.999023,-11479.611328,2.387695
9642,-11375.633789,-11374.943359,0.690430
9643,-12521.937500,-12521.320312,0.617188
9644,-10337.113281,-10338.378906,1.265625
9645,-10531.541016,-10531.879883,0.338867
9646,-11543.865234,-11542.715820,1.149414
9647,-11575.844727,-11575.668945,0.175781
9648,-11882.893555,-11882.886719,0.006836
9649,-10306.401367,-10304.455078,1.946289
9650,-12522.807617,-12522.086914,0.720703
9651,-11340.500977,-11340.419922,0.081055
9652,-9495.825195,-9496.335938,0.510742
9653,-11003.068359,-11003.419922,0.351562
9654,-9934.272461,-9932.683594,1.588867
9655,-11374.858398,-11374.125977,0.732422
9656,-11484.827148,-11484.851562,0.024414
9657,-11475.593750,-11477.855469,2.261719
9658,-11478.615234,-11477.678711,0.936523
9659,-10498.027344,-10499.140625,1.113281
9660,-10531.396484,-10532.014648,0.618164
9661,-11847.145508,-11843.591797,3.553711
9662,-12417.437500,-12417.814453,0.376953
9663,-11544.459961,-11543.645508,0.814453
9664,-11317.906250,-11316.481445,1.424805
9665,-11342.688477,-11341.043945,1.644531
9666,-9293.651367,-9296.025391,2.374023
9667,-13531.783203,-13531.975586,0.192383
9668,-11440.285156,-11439.951172,0.333984
9669,-11913.233398,-11914.860352,1.626953
9670,-11476.265625,-11477.313477,1.047852
9671,-6783.224609,-6783.609375,0.384766
9672,-9487.838867,-9489.184570,1.345703
9673,-10530.921875,-10531.700195,0.778320
9674,-10532.071289,-10532.500000,0.428711
9675,-11375.492188,-11373.620117,1.872070
9676,-11509.230469,-11509.537109,0.306641
9677,-11813.345703,-11811.632812,1.712891
9678,-9522.732422,-9521.941406,0.791016
9679,-9924.494141,-9924.620117,0.125977
9680,-10934.990234,-10934.909180,0.081055
9681,-9989.880859,-9990.663086,0.782227
9682,-11979.723633,-11979.812500,0.088867
9683,-10938.112305,-10937.156250,0.956055
9684,-9429.612305,-9429.471680,0.140625
9685,-10969.812500,-10970.032227,0.219727
9686,-10968.594727,-10967.852539,0.742188
9687,-11476.551758,-11477.594727,1.042969
9688,-8716.828125,-8708.456055,8.372070
9689,-9496.500977,-9496.651367,0.150391
9690,-10567.300781,-10566.666016,0.634766
9691,-9895.700195,-9898.040039,2.339844
9692,-11371.545898,-11373.893555,2.347656
9693,-11240.402344,-11239.767578,0.634766
9694,-10362.343750,-10363.888672,1.544922
9695,-11478.832031,-11479.345703,0.513672
9696,-10911.532227,-10911.385742,0.146484
9697,-12895.493164,-12894.736328,0.756836
9698,-10497.164062,-10499.195312,2.031250
9699,-11510.590820,-11511.590820,1.000000
9700,-9528.771484,-9529.184570,0.413086
9701,-11981.814453,-11981.350586,0.463867
9702,-10397.268555,-10396.589844,0.678711
9703,-11509.898438,-11510.264648,0.366211
9704,-12519.285156,-12522.144531,2.859375
9705,-10395.822266,-10396.238281,0.416016
9706,-11406.574219,-11407.491211,0.916992
9707,-10802.484375,-10801.145508,1.338867
9708,-12788.112305,-12789.539062,1.426758
9709,-10835.048828,-10833.377930,1.670898
9710,-10742.206055,-10743.579102,1.373047
9711,-12556.117188,-12554.553711,1.563477
9712,-9555.843750,-9554.937500,0.906250
9713,-8835.506836,-8833.507812,1.999023
9714,-11509.935547,-11509.430664,0.504883
9715,-9495.802734,-9495.949219,0.146484
9716,-10969.368164,-10969.127930,0.240234
9717,-10565.366211,-10565.261719,0.104492
9718,-11510.410156,-11510.473633,0.063477
9719,-10336.077148,-10336.732422,0.655273
9720,-11946.812500,-11947.446289,0.633789
9721,-10565.808594,-10565.871094,0.062500
9722,-10467.150391,-10465.952148,1.198242
9723,-11979.766602,-11981.203125,1.436523
9724,-10968.846680,-10967.427734,1.418945
9725,-12385.294922,-12386.388672,1.093750
9726,-11475.788086,-11477.969727,2.181641
9727,-12791.122070,-12791.507812,0.385742
9728,-10969.856445,-10969.690430,0.166016
9729,-11406.464844,-11406.393555,0.071289
9730,-10971.399414,-10970.668945,0.730469
9731,-10566.638672,-10565.821289,0.817383
9732,-10398.661133,-10397.338867,1.322266
9733,-8888.821289,-8887.648438,1.172852
9734,-10429.886719,-10429.397461,0.489258
9735,-9990.776367,-9991.471680,0.695312
9736,-12523.408203,-12523.122070,0.286133
9737,-10968.835938,-10969.573242,0.737305
9738,-10497.897461,-10498.712891,0.815430
9739,-9620.165039,-9620.882812,0.717773
9740,-10564.739258,-10565.209961,0.470703
9741,-9520.888672,-9520.221680,0.666992
9742,-11511.202148,-11509.739258,1.462891
9743,-11510.952148,-11510.200195,0.751953
9744,-10970.858398,-10970.232422,0.625977
9745,-10398.497070,-10396.352539,2.144531
9746,-9926.809570,-9927.194336,0.384766
9747,-11981.161133,-11980.650391,0.510742
9748,-12554.761719,-12555.217773,0.456055
9749,-12353.140625,-12354.789062,1.648438
9750,-9927.050781,-9926.009766,1.041016
9751,-11947.198242,-11948.012695,0.814453
9752,-9926.349609,-9927.495117,1.145508
9753,-11950.668945,-11948.867188,1.801758
9754,-10477.009766,-10473.832031,3.177734
9755,-9554.150391,-9554.636719,0.486328
9756,-11947.851562,-11948.517578,0.666016
9757,-9554.717773,-9555.819336,1.101562
9758,-12892.856445,-12894.759766,1.903320
9759,-12385.309570,-12384.561523,0.748047
9760,-12520.623047,-12523.139648,2.516602
9761,-10431.090820,-10430.246094,0.844727
9762,-11510.301758,-11510.544922,0.243164
9763,-10969.989258,-10967.336914,2.652344
9764,-12925.542969,-12926.750000,1.207031
9765,-11474.770508,-11476.948242,2.177734
9766,-10498.743164,-10498.593750,0.149414
9767,-12490.384766,-12489.033203,1.351562
9768,-11478.432617,-11479.492188,1.059570
9769,-10395.496094,-10397.116211,1.620117
9770,-11509.911133,-11508.953125,0.958008
9771,-13332.098633,-13328.607422,3.491211
9772,-10464.865234,-10465.554688,0.689453
9773,-10533.318359,-10532.591797,0.726562
9774,-12029.488281,-12029.694336,0.206055
9775,-10937.937500,-10936.107422,1.830078
9776,-11979.826172,-11980.785156,0.958984
9777,-10565.548828,-10565.334961,0.213867
9778,-13434.360352,-13441.637695,7.277344
9779,-11544.419922,-11543.407227,1.012695
9780,-10535.486328,-10533.618164,1.868164
9781,-12014.224609,-12012.341797,1.882812
9782,-10969.073242,-10969.559570,0.486328
9783,-10938.573242,-10935.141602,3.431641
9784,-12891.875977,-12892.837891,0.961914
9785,-10532.526367,-10531.707031,0.819336
9786,-11947.063477,-11947.565430,0.501953
9787,-11372.566406,-11375.249023,2.682617
9788,-11979.734375,-11981.239258,1.504883
9789,-12489.953125,-12488.769531,1.183594
9790,-11509.925781,-11509.754883,0.170898
9791,-11843.475586,-11844.401367,0.925781
9792,-9923.481445,-9923.591797,0.110352
9793,-5309.103516,-5311.302246,2.198730
9794,-9842.937500,-9842.638672,0.298828
9795,-11982.393555,-11982.275391,0.118164
9796,-10935.901367,-10936.662109,0.760742
9797,-11510.863281,-11510.897461,0.034180
9798,-11177.908203,-11180.566406,2.658203
9799,-11235.514648,-11239.256836,3.742188
9800,-11237.614258,-11238.699219,1.084961
9801,-11005.171875,-11003.856445,1.315430
9802,-11542.263672,-11543.541016,1.277344
9803,-11513.057617,-11511.951172,1.106445
9804,-11980.607422,-11981.702148,1.094727
9805,-11239.437500,-11238.544922,0.892578
9806,-11407.919922,-11407.930664,0.010742
9807,-11914.951172,-11915.553711,0.602539
9808,-6785.626953,-6786.448242,0.821289
9809,-11982.081055,-11981.402344,0.678711
9810,-10767.857422,-10770.010742,2.153320
9811,-12489.097656,-12489.092773,0.004883
9812,-10395.880859,-10395.789062,0.091797
9813,-11545.320312,-11543.755859,1.564453
9814,-11913.523438,-11915.304688,1.781250
9815,-10532.334961,-10531.995117,0.339844
9816,-10394.949219,-10396.231445,1.282227
9817,-10970.203125,-10968.592773,1.610352
9818,-9589.698242,-9589.017578,0.680664
9819,-10972.607422,-10970.291992,2.315430
9820,-9520.891602,-9520.834961,0.056641
9821,-12350.463867,-12352.204102,1.740234
9822,-11448.296875,-11447.483398,0.813477
9823,-11238.835938,-11238.765625,0.070312
9824,-10533.159180,-10533.110352,0.048828
9825,-10026.405273,-10023.216797,3.188477
9826,-10392.939453,-10393.116211,0.176758
9827,-12349.812500,-12351.568359,1.755859
9828,-14738.707031,-14742.636719,3.929688
9829,-10397.120117,-10397.054688,0.065430
9830,-11915.024414,-11915.216797,0.192383
9831,-11608.078125,-11609.258789,1.180664
9832,-10531.666016,-10532.614258,0.948242
9833,-9896.701172,-9897.000000,0.298828
9834,-10204.727539,-10203.326172,1.401367
9835,-10466.936523,-10467.645508,0.708984
9836,-11001.834961,-11002.342773,0.507812
9837,-10023.175781,-10024.096680,0.920898
9838,-10973.349609,-10970.859375,2.490234
9839,-11914.654297,-11914.241211,0.413086
9840,-10882.153320,-10877.824219,4.329102
9841,-9406.154297,-9405.492188,0.662109
9842,-7856.451172,-7855.410156,1.041016
9843,-10932.097656,-10934.832031,2.734375
9844,-10903.958008,-10905.001953,1.043945
9845,-10967.780273,-10968.541992,0.761719
9846,-10999.920898,-11001.692383,1.771484
9847,-10378.663086,-10377.409180,1.253906
9848,-9988.275391,-9990.018555,1.743164
9849,-11510.084961,-11510.894531,0.809570
9850,-11982.819336,-11981.001953,1.817383
9851,-11981.193359,-11980.733398,0.459961
9852,-12821.535156,-12822.707031,1.171875
9853,-11036.584961,-11035.672852,0.912109
9854,-9935.589844,-9934.579102,1.010742
9855,-11980.527344,-11981.239258,0.711914
9856,-10363.320312,-10361.613281,1.707031
9857,-10937.144531,-10936.659180,0.485352
9858,-10971.033203,-10969.153320,1.879883
9859,-10970.800781,-10969.618164,1.182617
9860,-11889.181641,-11889.869141,0.687500
9861,-10474.272461,-10475.554688,1.282227
9862,-10898.797852,-10900.803711,2.005859
9863,-10868.134766,-10867.076172,1.058594
9864,-11844.523438,-11844.395508,0.127930
9865,-11348.511719,-11349.805664,1.293945
9866,-9485.230469,-9486.835938,1.605469
9867,-11914.527344,-11915.239258,0.711914
9868,-12522.084961,-12521.955078,0.129883
9869,-11914.392578,-11914.033203,0.359375
9870,-9706.930664,-9706.983398,0.052734
9871,-9987.914062,-9990.190430,2.276367
9872,-12384.906250,-12383.646484,1.259766
9873,-11453.655273,-11452.235352,1.419922
9874,-11238.057617,-11238.577148,0.519531
9875,-10363.372070,-10362.033203,1.338867
9876,-10799.772461,-10800.717773,0.945312
9877,-10408.158203,-10409.390625,1.232422
9878,-10935.069336,-10935.375977,0.306641
9879,-12930.385742,-12926.980469,3.405273
9880,-11511.117188,-11511.374023,0.256836
9881,-10410.244141,-10409.282227,0.961914
9882,-12384.805664,-12384.964844,0.159180
9883,-11512.161133,-11510.210938,1.950195
9884,-12351.223633,-12352.467773,1.244141
9885,-11946.202148,-11945.760742,0.441406
9886,-9900.310547,-9901.117188,0.806641
9887,-9557.905273,-9555.156250,2.749023
9888,-11372.849609,-11374.583008,1.733398
9889,-11273.585938,-11270.804688,2.781250
9890,-9437.187500,-9437.762695,0.575195
9891,-9409.966797,-9406.673828,3.292969
9892,-10970.104492,-10969.162109,0.942383
9893,-11421.570312,-11420.528320,1.041992
9894,-10530.877930,-10532.062500,1.184570
9895,-9902.217773,-9902.164062,0.053711
9896,-11981.128906,-11980.958984,0.169922
9897,-12355.020508,-12354.196289,0.824219
9898,-11544.825195,-11544.125977,0.699219
9899,-11844.451172,-11845.863281,1.412109
9900,-11406.960938,-11406.176758,0.784180
9901,-11810.086914,-11811.019531,0.932617
9902,-10532.441406,-10532.394531,0.046875
9903,-10339.301758,-10337.955078,1.346680
9904,-11508.192383,-11509.443359,1.250977
9905,-10567.380859,-10567.265625,0.115234
9906,-12382.724609,-12382.469727,0.254883
9907,-11544.337891,-11543.083008,1.254883
9908,-10500.031250,-10499.848633,0.182617
9909,-10564.155273,-10564.212891,0.057617
9910,-10744.326172,-10741.968750,2.357422
9911,-12489.452148,-12489.819336,0.367188
9912,-12488.599609,-12489.294922,0.695312
9913,-10972.557617,-10971.216797,1.340820
9914,-12893.877930,-12892.965820,0.912109
9915,-11814.006836,-11812.352539,1.654297
9916,-11338.049805,-11340.667969,2.618164
9917,-10632.492188,-10631.541016,0.951172
9918,-10936.244141,-10936.833984,0.589844
9919,-10969.257812,-10969.365234,0.107422
9920,-11981.121094,-11982.408203,1.287109
9921,-11174.145508,-11177.096680,2.951172
9922,-12928.449219,-12926.099609,2.349609
9923,-11918.149414,-11914.936523,3.212891
9924,-11704.939453,-11706.666992,1.727539
9925,-11509.294922,-11508.209961,1.084961
9926,-10498.925781,-10500.180664,1.254883
9927,-9933.483398,-9934.386719,0.903320
9928,-9934.208008,-9934.311523,0.103516
9929,-12928.902344,-12927.398438,1.503906
9930,-10842.519531,-10847.349609,4.830078
9931,-11508.827148,-11510.668945,1.841797
9932,-11452.449219,-11452.273438,0.175781
9933,-12522.062500,-12521.251953,0.810547
9934,-12926.786133,-12925.631836,1.154297
9935,-10024.874023,-10024.189453,0.684570
9936,-13443.017578,-13446.982422,3.964844
9937,-10395.697266,-10396.086914,0.389648
9938,-16504.640625,-16504.414062,0.226562
9939,-10534.460938,-10533.800781,0.660156
9940,-10363.820312,-10364.093750,0.273438
9941,-12520.389648,-12521.672852,1.283203
9942,-10935.409180,-10935.685547,0.276367
9943,-11610.091797,-11609.093750,0.998047
9944,-10937.578125,-10936.341797,1.236328
9945,-11950.399414,-11948.009766,2.389648
9946,-10496.901367,-10498.939453,2.038086
9947,-7220.674805,-7223.017578,2.342773
9948,-9620.005859,-9620.896484,0.890625
9949,-10848.616211,-10846.279297,2.336914
9950,-11407.271484,-11407.270508,0.000977
9951,-10970.087891,-10968.932617,1.155273
9952,-12353.886719,-12352.535156,1.351562
9953,-12353.670898,-12354.295898,0.625000
9954,-12959.296875,-12958.676758,0.620117
9955,-12521.459961,-12520.215820,1.244141
9956,-11375.679688,-11375.020508,0.659180
9957,-11776.504883,-11779.791992,3.287109
9958,-12315.068359,-12318.093750,3.025391
9959,-11511.597656,-11510.415039,1.182617
9960,-11238.515625,-11239.084961,0.569336
9961,-11510.186523,-11510.541992,0.355469
9962,-11406.634766,-11407.842773,1.208008
9963,-11409.317383,-11407.803711,1.513672
9964,-10531.568359,-10533.371094,1.802734
9965,-12248.424805,-12249.817383,1.392578
9966,-10438.663086,-10441.434570,2.771484
9967,-9524.238281,-9521.118164,3.120117
9968,-10735.728516,-10740.436523,4.708008
9969,-12790.199219,-12789.948242,0.250977
9970,-11916.860352,-11915.829102,1.031250
9971,-11982.149414,-11981.056641,1.092773
9972,-12956.555664,-12959.135742,2.580078
9973,-12861.552734,-12862.077148,0.524414
9974,-10474.664062,-10474.990234,0.326172
9975,-10565.479492,-10566.028320,0.548828
9976,-10305.053711,-10306.513672,1.459961
9977,-10534.080078,-10534.474609,0.394531
9978,-12316.887695,-12318.874023,1.986328
9979,-9399.711914,-9397.745117,1.966797
9980,-11412.365234,-11413.902344,1.537109
9981,-9923.644531,-9923.578125,0.066406
9982,-10332.922852,-10329.404297,3.518555
9983,-10564.262695,-10565.113281,0.850586
9984,-11845.697266,-11843.666992,2.030273
9985,-11373.104492,-11375.229492,2.125000
9986,-11948.754883,-11948.891602,0.136719
9987,-10969.667969,-10969.889648,0.221680
9988,-10498.982422,-10499.469727,0.487305
9989,-10971.590820,-10971.114258,0.476562
9990,-11575.410156,-11575.791016,0.380859
9991,-11913.177734,-11915.809570,2.631836
9992,-9927.484375,-9927.635742,0.151367
9993,-9621.117188,-9620.857422,0.259766
9994,-11509.437500,-11510.787109,1.349609
9995,-9488.572266,-9490.382812,1.810547
9996,-12187.830078,-12181.678711,6.151367
9997,-11369.951172,-11371.492188,1.541016
9998,-12926.329102,-12925.821289,0.507812
9999,-9525.225586,-9523.380859,1.844727
10000,-10968.704102,-10970.260742,1.556641
10001,-11979.310547,-11980.153320,0.842773
10002,-9925.334961,-9923.563477,1.771484
10003,-10565.082031,-10565.367188,0.285156
10004,-10936.172852,-10937.085938,0.913086
10005,-12890.996094,-12892.115234,1.119141
10006,-12851.007812,-12853.639648,2.631836
10007,-11511.226562,-11510.680664,0.545898
10008,-10396.158203,-10395.918945,0.239258
10009,-11238.676758,-11239.283203,0.606445
10010,-11480.484375,-11480.122070,0.362305
10011,-10497.295898,-10499.480469,2.184570
10012,-11452.833984,-11452.132812,0.701172
10013,-11576.899414,-11576.536133,0.363281
10014,-10199.200195,-10200.699219,1.499023
10015,-11308.337891,-11307.932617,0.405273
10016,-12353.877930,-12354.243164,0.365234
10017,-11815.680664,-11811.854492,3.826172
10018,-11947.932617,-11948.417969,0.485352
10019,-10911.335938,-10911.843750,0.507812
10020,-10968.458984,-10968.788086,0.329102
10021,-15898.556641,-15898.055664,0.500977
10022,-12453.070312,-12455.234375,2.164062
10023,-10466.728516,-10465.896484,0.832031
10024,-10969.431641,-10968.205078,1.226562
10025,-8920.724609,-8921.228516,0.503906
10026,-8922.149414,-8921.498047,0.651367
10027,-11950.043945,-11948.846680,1.197266
10028,-11344.362305,-11342.455078,1.907227
10029,-12523.653320,-12522.327148,1.326172
10030,-9402.665039,-9404.483398,1.818359
10031,-8862.998047,-8864.100586,1.102539
10032,-10413.403320,-10410.938477,2.464844
10033,-10967.809570,-10968.930664,1.121094
10034,-11511.365234,-11510.215820,1.149414
10035,-11779.486328,-11780.213867,0.727539
10036,-11543.064453,-11542.691406,0.373047
10037,-9833.349609,-9835.723633,2.374023
10038,-12384.181641,-12385.677734,1.496094
10039,-10566.887695,-10566.783203,0.104492
10040,-8393.800781,-8393.832031,0.031250
10041,-10900.180664,-10901.479492,1.298828
10042,-11742.624023,-11741.316406,1.307617
10043,-11371.685547,-11373.054688,1.369141
10044,-12354.237305,-12352.825195,1.412109
10045,-10914.644531,-10911.850586,2.793945
10046,-9496.095703,-9496.091797,0.003906
10047,-9520.715820,-9521.800781,1.084961
10048,-10902.621094,-10900.928711,1.692383
10049,-10500.089844,-10500.997070,0.907227
10050,-9555.554688,-9554.401367,1.153320
10051,-10361.934570,-10361.794922,0.139648
10052,-11916.821289,-11914.851562,1.969727
10053,-11947.638672,-11947.810547,0.171875
10054,-12488.414062,-12488.558594,0.144531
10055,-9959.462891,-9960.340820,0.877930
10056,-10467.328125,-10466.761719,0.566406
10057,-12490.461914,-12490.001953,0.459961
10058,-10465.082031,-10464.756836,0.325195
10059,-9958.485352,-9958.505859,0.020508
10060,-10464.929688,-10465.074219,0.144531
10061,-10532.606445,-10532.381836,0.224609
10062,-11947.821289,-11946.980469,0.840820
10063,-12490.072266,-12488.736328,1.335938
10064,-11405.584961,-11406.489258,0.904297
10065,-11948.713867,-11949.362305,0.648438
10066,-11914.183594,-11913.510742,0.672852
10067,-11511.477539,-11509.890625,1.586914
10068,-11510.330078,-11511.026367,0.696289
10069,-11543.770508,-11543.420898,0.349609
10070,-10500.943359,-10501.734375,0.791016
10071,-8921.884766,-8921.637695,0.247070
10072,-11982.986328,-11982.542969,0.443359
10073,-12419.134766,-12419.442383,0.307617
10074,-11980.242188,-11978.901367,1.340820
10075,-11510.580078,-11511.376953,0.796875
10076,-11407.111328,-11408.528320,1.416992
10077,-10597.897461,-10598.253906,0.356445
10078,-10476.886719,-10474.537109,2.349609
10079,-11302.541992,-11303.607422,1.065430
10080,-10534.037109,-10532.887695,1.149414
10081,-10532.231445,-10532.181641,0.049805
10082,-10442.702148,-10441.708984,0.993164
10083,-10201.931641,-10202.147461,0.215820
10084,-9498.217773,-9497.643555,0.574219
10085,-9497.070312,-9496.077148,0.993164
10086,-11916.722656,-11915.528320,1.194336
10087,-10328.120117,-10328.447266,0.327148
10088,-10333.586914,-10333.693359,0.106445
10089,-11577.479492,-11576.778320,0.701172
10090,-9870.110352,-9866.754883,3.355469
10091,-12555.017578,-12554.412109,0.605469
10092,-8452.959961,-8451.590820,1.369141
10093,-9466.520508,-9463.570312,2.950195
10094,-10363.245117,-10362.837891,0.407227
10095,-9587.938477,-9588.783203,0.844727
10096,-10565.814453,-10566.136719,0.322266
10097,-10535.912109,-10534.394531,1.517578
10098,-12321.994141,-12321.292969,0.701172
10099,-11575.583008,-11575.619141,0.036133
10100,-11545.047852,-11543.721680,1.326172
10101,-12322.538086,-12321.855469,0.682617
10102,-11544.675781,-11543.826172,0.849609
10103,-12354.748047,-12353.643555,1.104492
10104,-11950.771484,-11948.877930,1.893555
10105,-9588.581055,-9589.121094,0.540039
10106,-11037.007812,-11036.875977,0.131836
10107,-13426.922852,-13432.067383,5.144531
10108,-7382.608398,-7383.828613,1.220215
10109,-13902.250977,-13905.365234,3.114258
10110,-11845.270508,-11846.031250,0.760742
10111,-11476.771484,-11475.924805,0.846680
10112,-11978.418945,-11979.196289,0.777344
10113,-12489.111328,-12489.553711,0.442383
10114,-10338.062500,-10337.725586,0.336914
10115,-10937.375000,-10936.896484,0.478516
10116,-9562.268555,-9562.615234,0.346680
10117,-11949.013672,-11949.382812,0.369141
10118,-10968.328125,-10968.644531,0.316406
10119,-9797.848633,-9798.073242,0.224609
10120,-11478.016602,-11477.911133,0.105469
10121,-11578.738281,-11577.306641,1.431641
10122,-12487.710938,-12487.555664,0.155273
10123,-10902.394531,-10904.055664,1.661133
10124,-11237.423828,-11237.844727,0.420898
10125,-10903.717773,-10905.165039,1.447266
10126,-12959.148438,-12960.072266,0.923828
10127,-11447.257812,-11445.621094,1.636719
10128,-12557.480469,-12555.352539,2.127930
10129,-9930.996094,-9931.878906,0.882812
10130,-11544.177734,-11543.821289,0.356445
10131,-11485.980469,-11485.238281,0.742188
10132,-10397.897461,-10395.773438,2.124023
10133,-11002.991211,-11001.521484,1.469727
10134,-10969.513672,-10969.429688,0.083984
10135,-10431.402344,-10429.964844,1.437500
10136,-11949.328125,-11948.263672,1.064453
10137,-10431.324219,-10432.789062,1.464844
10138,-9525.599609,-9523.602539,1.997070
10139,-10444.648438,-10442.930664,1.717773
10140,-12007.008789,-12014.263672,7.254883
10141,-11406.695312,-11408.017578,1.322266
10142,-11311.666016,-11309.928711,1.737305
10143,-12449.589844,-12453.489258,3.899414
10144,-12958.019531,-12959.350586,1.331055
10145,-11981.919922,-11982.241211,0.321289
10146,-11814.105469,-11811.379883,2.725586
10147,-10565.502930,-10566.160156,0.657227
10148,-9869.470703,-9869.226562,0.244141
10149,-11577.306641,-11576.918945,0.387695
10150,-10967.783203,-10968.871094,1.087891
10151,-10532.847656,-10533.598633,0.750977
10152,-12820.542969,-12821.313477,0.770508
10153,-10901.560547,-10903.669922,2.109375
10154,-9965.003906,-9965.556641,0.552734
10155,-11814.042969,-11812.062500,1.980469
10156,-8367.781250,-8369.313477,1.532227
10157,-10972.443359,-10971.116211,1.327148
10158,-12015.331055,-12014.568359,0.762695
10159,-9867.950195,-9866.832031,1.118164
10160,-11978.461914,-11980.521484,2.059570
10161,-9798.638672,-9797.435547,1.203125
10162,-10970.039062,-10970.520508,0.481445
10163,-11544.818359,-11543.708984,1.109375
10164,-11575.795898,-11576.217773,0.421875
10165,-11980.552734,-11981.248047,0.695312
10166,-9936.202148,-9935.449219,0.752930
10167,-10397.177734,-10397.728516,0.550781
10168,-11980.262695,-11980.599609,0.336914
10169,-10972.780273,-10971.168945,1.611328
10170,-10532.391602,-10532.071289,0.320312
10171,-11947.434570,-11948.808594,1.374023
10172,-11510.053711,-11510.749023,0.695312
10173,-11002.617188,-11003.938477,1.321289
10174,-12521.116211,-12521.842773,0.726562
10175,-9893.816406,-9893.271484,0.544922
10176,-11949.728516,-11949.015625,0.712891
10177,-11913.976562,-11914.954102,0.977539
10178,-11375.021484,-11375.483398,0.461914
10179,-10533.884766,-10533.243164,0.641602
10180,-10934.260742,-10934.649414,0.388672
10181,-12321.250977,-12320.428711,0.822266
10182,-11373.936523,-11375.322266,1.385742
10183,-10364.528320,-10364.552734,0.024414
10184,-10564.750000,-10564.974609,0.224609
10185,-11478.528320,-11479.875977,1.347656
10186,-11342.660156,-11342.036133,0.624023
10187,-11307.298828,-11307.945312,0.646484
10188,-11345.652344,-11343.777344,1.875000
10189,-10830.789062,-10833.739258,2.950195
10190,-8486.400391,-8486.777344,0.376953
10191,-11453.350586,-11452.340820,1.009766
10192,-11947.461914,-11947.235352,0.226562
10193,-11544.826172,-11544.971680,0.145508
10194,-11475.073242,-11476.890625,1.817383
10195,-9555.620117,-9555.675781,0.055664
10196,-10935.166016,-10936.116211,0.950195
10197,-12385.161133,-12386.066406,0.905273
10198,-11477.748047,-11478.585938,0.837891
10199,-9588.589844,-9588.941406,0.351562
10200,-10535.541992,-10534.117188,1.424805
10201,-10497.609375,-10498.659180,1.049805
10202,-13388.977539,-13396.286133,7.308594
10203,-12893.226562,-12892.924805,0.301758
10204,-10937.313477,-10937.362305,0.048828
10205,-10395.598633,-10395.991211,0.392578
10206,-12353.433594,-12354.107422,0.673828
10207,-10831.130859,-10832.660156,1.529297
10208,-12924.537109,-12926.268555,1.731445
10209,-11508.951172,-11509.833008,0.881836
10210,-10912.898438,-10912.155273,0.743164
10211,-9272.082031,-9268.516602,3.565430
10212,-12522.021484,-12521.862305,0.159180
10213,-10565.929688,-10566.237305,0.307617
10214,-9799.296875,-9797.704102,1.592773
10215,-10969.179688,-10969.349609,0.169922
10216,-10363.377930,-10362.977539,0.400391
10217,-10501.327148,-10500.699219,0.627930
10218,-11373.904297,-11373.596680,0.307617
10219,-11752.429688,-11748.082031,4.347656
10220,-10023.266602,-10023.676758,0.410156
10221,-11001.703125,-11002.364258,0.661133
10222,-9554.818359,-9554.428711,0.389648
10223,-11543.808594,-11543.689453,0.119141
10224,-10936.957031,-10935.948242,1.008789
10225,-11476.583984,-11476.265625,0.318359
10226,-9932.010742,-9932.605469,0.594727
10227,-12385.531250,-12384.911133,0.620117
10228,-10599.365234,-10598.424805,0.940430
10229,-9900.045898,-9898.569336,1.476562
10230,-9959.116211,-9958.973633,0.142578
10231,-11439.956055,-11439.830078,0.125977
10232,-9293.097656,-9293.033203,0.064453
10233,-12989.296875,-12991.736328,2.439453
10234,-11378.246094,-11375.016602,3.229492
10235,-11944.986328,-11946.343750,1.357422
10236,-10499.481445,-10498.863281,0.618164
10237,-11443.955078,-11444.715820,0.760742
10238,-9902.928711,-9902.748047,0.180664
10239,-11543.649414,-11543.646484,0.002930
10240,-10565.738281,-10565.519531,0.218750
10241,-9496.465820,-9495.958984,0.506836
10242,-10566.270508,-10566.222656,0.047852
10243,-11510.734375,-11509.607422,1.126953
10244,-10501.314453,-10500.343750,0.970703
10245,-10832.713867,-10833.668945,0.955078
10246,-11479.404297,-11477.674805,1.729492
10247,-11982.353516,-11982.551758,0.198242
10248,-9588.867188,-9587.547852,1.319336
10249,-11002.354492,-11001.780273,0.574219
10250,-11509.423828,-11510.378906,0.955078
10251,-11346.222656,-11336.967773,9.254883
10252,-10971.589844,-10971.314453,0.275391
10253,-9932.888672,-9932.443359,0.445312
10254,-11947.703125,-11948.376953,0.673828
10255,-9484.826172,-9488.522461,3.696289
10256,-10938.018555,-10937.643555,0.375000
10257,-11475.805664,-11478.414062,2.608398
10258,-11543.542969,-11543.656250,0.113281
10259,-12245.514648,-12247.765625,2.250977
10260,-11033.936523,-11034.475586,0.539062
10261,-11511.752930,-11510.604492,1.148438
10262,-13501.090820,-13499.264648,1.826172
10263,-11305.201172,-11304.311523,0.889648
10264,-11576.766602,-11576.961914,0.195312
10265,-11384.198242,-11388.118164,3.919922
10266,-8894.414062,-8892.746094,1.667969
10267,-10442.227539,-10441.693359,0.534180
10268,-10969.965820,-10968.171875,1.793945
10269,-10564.910156,-10564.785156,0.125000
10270,-12957.497070,-12958.473633,0.976562
10271,-12386.116211,-12385.905273,0.210938
10272,-12388.106445,-12385.511719,2.594727
10273,-8426.305664,-8426.239258,0.066406
10274,-11576.085938,-11576.086914,0.000977
10275,-10905.542969,-10904.744141,0.798828
10276,-10770.860352,-10769.551758,1.308594
10277,-10475.425781,-10474.407227,1.018555
10278,-11595.034180,-11593.588867,1.445312
10279,-10933.831055,-10936.135742,2.304688
10280,-10440.833008,-10441.591797,0.758789
10281,-13439.886719,-13443.417969,3.531250
10282,-11945.137695,-11947.874023,2.736328
10283,-10533.596680,-10533.533203,0.063477
10284,-10466.008789,-10465.898438,0.110352
10285,-13226.601562,-13225.990234,0.611328
10286,-10431.507812,-10430.113281,1.394531
10287,-9990.855469,-9990.901367,0.045898
10288,-11947.146484,-11948.917969,1.771484
10289,-11948.662109,-11946.268555,2.393555
10290,-10938.047852,-10937.700195,0.347656
10291,-11440.334961,-11439.885742,0.449219
10292,-11001.537109,-11001.912109,0.375000
10293,-12929.544922,-12926.984375,2.560547
10294,-8830.978516,-8830.930664,0.047852
10295,-13551.863281,-13549.156250,2.707031
10296,-10946.791016,-10945.442383,1.348633
10297,-10848.502930,-10845.681641,2.821289
10298,-11950.753906,-11949.436523,1.317383
10299,-11270.539062,-11271.623047,1.083984
10300,-11374.089844,-11374.665039,0.575195
10301,-11002.382812,-11001.291016,1.091797
10302,-12217.642578,-12216.561523,1.081055
10303,-11511.410156,-11511.898438,0.488281
10304,-11407.573242,-11407.837891,0.264648
10305,-10900.997070,-10903.042969,2.045898
10306,-13228.516602,-13227.756836,0.759766
10307,-11950.836914,-11949.015625,1.821289
10308,-10935.923828,-10936.991211,1.067383
10309,-9462.135742,-9462.783203,0.647461
10310,-11508.510742,-11509.453125,0.942383
10311,-10533.978516,-10533.041016,0.937500
10312,-11001.818359,-11001.978516,0.160156
10313,-11318.604492,-11317.120117,1.484375
10314,-10501.771484,-10501.075195,0.696289
10315,-11942.603516,-11943.925781,1.322266
10316,-10498.861328,-10497.629883,1.231445
10317,-12554.976562,-12554.408203,0.568359
10318,-13467.895508,-13468.000977,0.105469
10319,-8887.027344,-8888.897461,1.870117
10320,-10412.625977,-10409.791016,2.834961
10321,-12552.593750,-12553.729492,1.135742
10322,-9463.414062,-9463.004883,0.409180
10323,-10934.928711,-10935.922852,0.994141
10324,-11408.088867,-11407.093750,0.995117
10325,-10881.475586,-10880.860352,0.615234
10326,-11543.087891,-11543.637695,0.549805
10327,-12553.759766,-12554.311523,0.551758
10328,-11578.434570,-11576.913086,1.521484
10329,-11830.279297,-11833.987305,3.708008
10330,-11342.099609,-11342.085938,0.013672
10331,-12487.998047,-12487.580078,0.417969
10332,-11913.112305,-11914.708008,1.595703
10333,-11914.200195,-11914.400391,0.200195
10334,-10532.848633,-10533.743164,0.894531
10335,-11609.250000,-11608.845703,0.404297
10336,-12554.108398,-12554.239258,0.130859
10337,-11508.557617,-11509.539062,0.981445
10338,-11339.667969,-11341.793945,2.125977
10339,-11746.305664,-11746.897461,0.591797
10340,-9866.713867,-9867.407227,0.693359
10341,-10533.446289,-10533.371094,0.075195
10342,-11512.960938,-11511.917969,1.042969
10343,-11511.924805,-11511.836914,0.087891
10344,-9921.939453,-9925.518555,3.579102
10345,-11946.382812,-11947.893555,1.510742
10346,-10531.123047,-10531.181641,0.058594
10347,-12572.402344,-12571.589844,0.812500
10348,-10834.353516,-10834.458984,0.105469
10349,-10904.535156,-10904.039062,0.496094
10350,-10601.078125,-10599.681641,1.396484
10351,-10938.819336,-10938.637695,0.181641
10352,-10532.470703,-10532.169922,0.300781
10353,-12351.882812,-12352.973633,1.090820
10354,-10027.502930,-10026.011719,1.491211
10355,-10937.313477,-10936.432617,0.880859
10356,-10972.664062,-10971.734375,0.929688
10357,-12319.237305,-12319.814453,0.577148
10358,-11406.062500,-11407.502930,1.440430
10359,-11340.791992,-11340.247070,0.544922
10360,-10904.260742,-10905.154297,0.893555
10361,-11476.544922,-11475.826172,0.718750
10362,-10969.754883,-10969.439453,0.315430
10363,-12521.174805,-12521.419922,0.245117
10364,-10416.744141,-10415.205078,1.539062
10365,-11509.830078,-11509.559570,0.270508
10366,-11913.153320,-11914.691406,1.538086
10367,-9523.279297,-9522.873047,0.406250
10368,-10937.041992,-10937.846680,0.804688
10369,-10870.718750,-10869.615234,1.103516
10370,-10565.237305,-10565.383789,0.146484
10371,-11981.794922,-11980.600586,1.194336
10372,-12891.462891,-12892.503906,1.041016
10373,-12553.614258,-12553.916016,0.301758
10374,-12521.134766,-12521.489258,0.354492
10375,-11477.343750,-11476.018555,1.325195
10376,-9589.867188,-9589.095703,0.771484
10377,-12523.409180,-12522.990234,0.418945
10378,-11239.046875,-11237.793945,1.252930
10379,-11911.135742,-11916.024414,4.888672
10380,-11343.875000,-11343.405273,0.469727
10381,-11885.690430,-11881.748047,3.942383
10382,-10848.511719,-10846.750000,1.761719
10383,-7853.523438,-7854.683594,1.160156
10384,-10912.541016,-10911.685547,0.855469
10385,-12958.450195,-12958.813477,0.363281
10386,-12522.490234,-12523.003906,0.513672
10387,-9901.250977,-9901.455078,0.204102
10388,-12520.054688,-12520.425781,0.371094
10389,-11510.737305,-11512.868164,2.130859
10390,-10477.585938,-10476.595703,0.990234
10391,-11950.514648,-11949.656250,0.858398
10392,-11544.333984,-11544.030273,0.303711
10393,-10533.841797,-10534.632812,0.791016
10394,-11979.595703,-11981.146484,1.550781
10395,-10534.864258,-10532.838867,2.025391
10396,-8897.601562,-8896.770508,0.831055
10397,-10912.368164,-10911.389648,0.978516
10398,-9260.238281,-9261.865234,1.626953
10399,-11510.358398,-11509.878906,0.479492
10400,-11945.938477,-11947.335938,1.397461
10401,-10405.426758,-10408.322266,2.895508
10402,-11374.132812,-11374.569336,0.436523
10403,-11983.344727,-11982.076172,1.268555
10404,-11510.796875,-11510.952148,0.155273
10405,-11747.769531,-11747.865234,0.095703
10406,-10877.713867,-10877.138672,0.575195
10407,-9555.197266,-9554.394531,0.802734
10408,-11372.956055,-11373.475586,0.519531
10409,-10442.088867,-10442.195312,0.106445
10410,-11543.901367,-11542.677734,1.223633
10411,-10501.210938,-10499.638672,1.572266
10412,-10938.301758,-10937.193359,1.108398
10413,-12488.676758,-12488.666992,0.009766
10414,-12553.461914,-12554.476562,1.014648
10415,-10972.695312,-10971.166016,1.529297
10416,-12894.430664,-12894.514648,0.083984
10417,-11948.068359,-11949.097656,1.029297
10418,-10943.523438,-10944.282227,0.758789
10419,-11410.159180,-11408.748047,1.411133
10420,-11376.820312,-11373.972656,2.847656
10421,-11912.276367,-11914.028320,1.751953
10422,-10469.471680,-10464.805664,4.666016
10423,-9430.306641,-9429.712891,0.593750
10424,-10499.237305,-10499.686523,0.449219
10425,-12416.687500,-12417.597656,0.910156
10426,-11951.172852,-11947.677734,3.495117
10427,-9266.660156,-9268.471680,1.811523
10428,-9488.987305,-9489.056641,0.069336
10429,-11002.433594,-11003.402344,0.968750
10430,-9899.609375,-9898.792969,0.816406
10431,-11374.477539,-11374.612305,0.134766
10432,-7792.714844,-7795.696777,2.981934
10433,-10911.125977,-10912.916992,1.791016
10434,-9523.000000,-9521.926758,1.073242
10435,-11509.561523,-11509.688477,0.126953
10436,-10969.223633,-10968.195312,1.028320
10437,-10440.294922,-10441.197266,0.902344
10438,-13332.781250,-13330.695312,2.085938
10439,-10877.305664,-10877.157227,0.148438
10440,-9405.529297,-9404.603516,0.925781
10441,-12521.341797,-12520.544922,0.796875
10442,-9488.222656,-9489.164062,0.941406
10443,-10970.666992,-10969.122070,1.544922
10444,-10771.745117,-10775.204102,3.458984
10445,-11943.146484,-11945.708984,2.562500
10446,-11917.656250,-11916.230469,1.425781
10447,-10972.064453,-10971.127930,0.936523
10448,-11950.248047,-11949.583008,0.665039
10449,-11949.522461,-11948.092773,1.429688
10450,-11478.862305,-11477.314453,1.547852
10451,-10499.547852,-10499.649414,0.101562
10452,-11337.375977,-11340.498047,3.122070
10453,-11882.044922,-11883.600586,1.555664
10454,-10496.754883,-10500.283203,3.528320
10455,-11753.629883,-11754.306641,0.676758
10456,-11001.191406,-11002.716797,1.525391
10457,-12387.280273,-12386.133789,1.146484
10458,-10533.931641,-10532.459961,1.471680
10459,-10563.707031,-10565.209961,1.502930
10460,-8460.720703,-8460.439453,0.281250
10461,-12555.082031,-12554.912109,0.169922
10462,-10937.687500,-10937.253906,0.433594
10463,-11882.018555,-11882.373047,0.354492
10464,-9461.633789,-9464.414062,2.780273
10465,-10967.178711,-10968.696289,1.517578
10466,-10969.083984,-10968.894531,0.189453
10467,-11373.881836,-11374.581055,0.699219
10468,-14639.748047,-14640.038086,0.290039
10469,-11844.300781,-11844.686523,0.385742
10470,-11440.049805,-11439.699219,0.350586
10471,-12251.223633,-12249.957031,1.266602
10472,-11812.867188,-11811.835938,1.031250
10473,-11407.086914,-11405.041992,2.044922
10474,-11480.653320,-11478.618164,2.035156
10475,-9935.701172,-9934.570312,1.130859
10476,-7382.761719,-7382.581543,0.180176
10477,-10967.813477,-10969.592773,1.779297
10478,-9834.829102,-9834.702148,0.126953
10479,-11544.698242,-11544.214844,0.483398
10480,-11946.833008,-11947.819336,0.986328
10481,-12456.526367,-12456.007812,0.518555
10482,-11948.963867,-11948.473633,0.490234
10483,-12279.743164,-12281.683594,1.940430
10484,-10566.750977,-10565.955078,0.795898
10485,-10361.034180,-10364.126953,3.092773
10486,-10474.228516,-10474.312500,0.083984
10487,-11916.003906,-11915.809570,0.194336
10488,-9958.837891,-9957.397461,1.440430
10489,-11807.403320,-11810.405273,3.001953
10490,-10565.312500,-10565.228516,0.083984
10491,-12455.638672,-12456.004883,0.366211
10492,-11004.996094,-11002.985352,2.010742
10493,-12792.791992,-12791.423828,1.368164
10494,-9521.424805,-9520.879883,0.544922
10495,-11543.917969,-11543.350586,0.567383
10496,-10427.962891,-10429.011719,1.048828
10497,-11543.052734,-11542.595703,0.457031
10498,-10533.756836,-10533.265625,0.491211
10499,-8418.177734,-8418.801758,0.624023
10500,-10937.095703,-10937.672852,0.577148
10501,-10972.463867,-10970.885742,1.578125
10502,-10970.774414,-10970.054688,0.719727
10503,-11578.442383,-11576.759766,1.682617
10504,-11371.286133,-11372.842773,1.556641
10505,-10903.099609,-10903.875977,0.776367
10506,-7828.729492,-7828.643066,0.086426
10507,-12246.730469,-12249.101562,2.371094
10508,-11544.760742,-11544.541992,0.218750
10509,-11913.941406,-11914.479492,0.538086
10510,-12520.697266,-12521.391602,0.694336
10511,-9589.250977,-9587.699219,1.551758
10512,-11370.211914,-11372.471680,2.259766
10513,-8290.398438,-8291.151367,0.752930
10514,-10327.962891,-10329.299805,1.336914
10515,-12552.162109,-12554.243164,2.081055
10516,-11718.499023,-11720.478516,1.979492
10517,-10864.839844,-10866.899414,2.059570
10518,-10500.581055,-10500.721680,0.140625
10519,-10969.401367,-10969.737305,0.335938
10520,-9764.778320,-9764.324219,0.454102
10521,-9958.133789,-9959.218750,1.084961
10522,-10902.487305,-10902.349609,0.137695
10523,-11475.411133,-11476.052734,0.641602
10524,-12418.480469,-12418.953125,0.472656
10525,-9555.267578,-9555.990234,0.722656
10526,-11816.687500,-11813.731445,2.956055
10527,-11913.009766,-11915.304688,2.294922
10528,-9956.159180,-9958.349609,2.190430
10529,-11544.825195,-11544.443359,0.381836
10530,-12403.866211,-12411.254883,7.388672
10531,-11916.715820,-11915.449219,1.266602
10532,-10534.098633,-10533.291992,0.806641
10533,-11542.022461,-11542.796875,0.774414
10534,-10339.158203,-10338.393555,0.764648
10535,-10878.696289,-10878.315430,0.380859
10536,-10599.647461,-10598.426758,1.220703
10537,-10531.520508,-10531.900391,0.379883
10538,-11510.639648,-11510.180664,0.458984
10539,-10599.344727,-10598.388672,0.956055
10540,-10970.842773,-10970.153320,0.689453
10541,-9496.263672,-9496.433594,0.169922
10542,-10937.584961,-10937.440430,0.144531
10543,-12552.250977,-12554.065430,1.814453
10544,-12355.389648,-12353.729492,1.660156
10545,-12455.337891,-12456.691406,1.353516
10546,-11724.856445,-11722.726562,2.129883
10547,-10903.988281,-10902.941406,1.046875
10548,-8862.531250,-8864.656250,2.125000
10549,-11951.334961,-11949.108398,2.226562
10550,-9522.992188,-9522.877930,0.114258
10551,-10565.207031,-10564.754883,0.452148
10552,-9552.591797,-9554.759766,2.167969
10553,-11778.846680,-11780.133789,1.287109
10554,-10497.963867,-10497.032227,0.931641
10555,-11476.563477,-11476.574219,0.010742
10556,-8519.761719,-8520.072266,0.310547
10557,-11509.456055,-11509.772461,0.316406
10558,-11978.979492,-11979.434570,0.455078
10559,-9560.276367,-9562.290039,2.013672
10560,-7451.162109,-7450.830078,0.332031
10561,-12455.641602,-12455.894531,0.252930
10562,-10503.390625,-10501.173828,2.216797
10563,-8728.955078,-8729.226562,0.271484
10564,-10532.716797,-10532.277344,0.439453
10565,-12475.087891,-12479.372070,4.284180
10566,-11949.318359,-11948.274414,1.043945
10567,-8551.805664,-8552.536133,0.730469
10568,-12521.707031,-12521.625000,0.082031
10569,-11981.040039,-11981.564453,0.524414
10570,-10935.451172,-10935.385742,0.065430
10571,-11813.628906,-11812.044922,1.583984
10572,-12522.494141,-12521.813477,0.680664
10573,-9488.797852,-9488.556641,0.241211
10574,-9520.326172,-9520.414062,0.087891
10575,-10969.492188,-10970.200195,0.708008
10576,-9588.023438,-9587.727539,0.295898
10577,-12448.353516,-12451.109375,2.755859
10578,-11479.367188,-11478.574219,0.792969
10579,-11915.533203,-11915.782227,0.249023
10580,-12489.505859,-12488.807617,0.698242
10581,-9960.919922,-9960.616211,0.303711
10582,-11373.536133,-11374.011719,0.475586
10583,-10531.121094,-10532.361328,1.240234
10584,-11373.979492,-11373.749023,0.230469
10585,-11238.659180,-11238.913086,0.253906
10586,-11477.515625,-11476.222656,1.292969
10587,-11543.319336,-11541.418945,1.900391
10588,-11912.514648,-11913.794922,1.280273
10589,-11543.131836,-11543.730469,0.598633
10590,-9958.398438,-9957.541992,0.856445
10591,-10534.366211,-10533.549805,0.816406
10592,-10901.354492,-10903.947266,2.592773
10593,-10506.578125,-10507.019531,0.441406
10594,-11476.751953,-11477.198242,0.446289
10595,-11846.437500,-11844.058594,2.378906
10596,-11890.644531,-11889.750977,0.893555
10597,-10937.958008,-10936.045898,1.912109
10598,-10025.595703,-10023.862305,1.733398
10599,-12248.518555,-12249.624023,1.105469
10600,-9857.257812,-9859.752930,2.495117
10601,-12523.851562,-12522.357422,1.494141
10602,-11374.864258,-11376.347656,1.483398
10603,-9957.533203,-9957.873047,0.339844
10604,-10903.624023,-10905.017578,1.393555
10605,-9934.994141,-9934.832031,0.162109
10606,-11544.383789,-11543.587891,0.795898
10607,-9405.684570,-9405.266602,0.417969
10608,-12760.371094,-12756.633789,3.737305
10609,-12926.833984,-12926.751953,0.082031
10610,-12522.231445,-12522.453125,0.221680
10611,-11307.889648,-11308.604492,0.714844
10612,-10936.071289,-10936.454102,0.382812
10613,-11478.175781,-11477.610352,0.565430
10614,-8461.181641,-8460.257812,0.923828
10615,-12350.427734,-12352.591797,2.164062
10616,-10802.404297,-10802.229492,0.174805
10617,-12387.727539,-12386.829102,0.898438
10618,-9961.659180,-9960.895508,0.763672
10619,-10902.542969,-10902.727539,0.184570
10620,-10903.069336,-10903.872070,0.802734
10621,-11374.338867,-11374.855469,0.516602
10622,-9936.711914,-9935.426758,1.285156
10623,-11372.268555,-11374.541992,2.273438
10624,-10425.024414,-10427.252930,2.228516
10625,-11486.420898,-11484.604492,1.816406
10626,-10940.296875,-10939.301758,0.995117
10627,-11475.863281,-11479.320312,3.457031
10628,-9867.209961,-9866.061523,1.148438
10629,-11510.032227,-11509.826172,0.206055
10630,-11509.783203,-11509.577148,0.206055
10631,-10598.790039,-10599.291016,0.500977
10632,-11511.808594,-11510.922852,0.885742
10633,-9923.716797,-9924.231445,0.514648
10634,-9328.106445,-9328.552734,0.446289
10635,-13501.379883,-13500.494141,0.885742
10636,-11947.492188,-11946.875000,0.617188
10637,-9463.540039,-9463.818359,0.278320
10638,-11407.878906,-11408.313477,0.434570
10639,-12353.138672,-12353.721680,0.583008
10640,-9522.062500,-9522.643555,0.581055
10641,-10933.305664,-10935.457031,2.151367
10642,-11948.298828,-11948.400391,0.101562
10643,-11949.485352,-11948.846680,0.638672
10644,-11343.199219,-11342.265625,0.933594
10645,-12419.177734,-12418.753906,0.423828
10646,-11543.084961,-11542.743164,0.341797
10647,-10566.586914,-10566.566406,0.020508
10648,-9436.940430,-9437.515625,0.575195
10649,-11477.672852,-11478.179688,0.506836
10650,-10532.176758,-10531.828125,0.348633
10651,-12352.242188,-12351.608398,0.633789
10652,-12555.801758,-12554.155273,1.646484
10653,-10466.759766,-10466.783203,0.023438
10654,-11508.184570,-11509.540039,1.355469
10655,-10566.166992,-10566.165039,0.001953
10656,-9588.127930,-9588.088867,0.039062
10657,-10499.258789,-10499.600586,0.341797
10658,-10938.563477,-10937.782227,0.781250
10659,-10936.395508,-10937.224609,0.829102
10660,-12961.888672,-12960.288086,1.600586
10661,-12959.621094,-12956.534180,3.086914
10662,-10429.919922,-10430.081055,0.161133
10663,-12521.625977,-12520.909180,0.716797
10664,-13499.887695,-13500.138672,0.250977
10665,-11543.728516,-11542.932617,0.795898
10666,-10937.859375,-10937.395508,0.463867
10667,-10937.594727,-10937.163086,0.431641
10668,-11810.248047,-11811.431641,1.183594
10669,-10532.150391,-10532.272461,0.122070
10670,-12957.162109,-12959.145508,1.983398
10671,-12758.587891,-12757.426758,1.161133
10672,-10535.519531,-10534.599609,0.919922
10673,-11511.995117,-11510.190430,1.804688
10674,-11916.930664,-11915.894531,1.036133
10675,-11510.653320,-11509.778320,0.875000
10676,-8487.549805,-8486.846680,0.703125
10677,-9956.124023,-9957.375000,1.250977
10678,-11374.807617,-11375.335938,0.528320
10679,-10567.795898,-10567.267578,0.528320
10680,-9555.931641,-9556.082031,0.150391
10681,-10398.375000,-10398.244141,0.130859
10682,-12489.234375,-12489.407227,0.172852
10683,-10938.195312,-10939.632812,1.437500
10684,-10970.770508,-10969.843750,0.926758
10685,-12013.541992,-12012.454102,1.087891
10686,-11373.865234,-11375.554688,1.689453
10687,-10307.481445,-10306.495117,0.986328
10688,-10364.297852,-10364.334961,0.037109
10689,-11478.092773,-11477.613281,0.479492
10690,-11946.279297,-11948.161133,1.881836
10691,-10363.953125,-10364.399414,0.446289
10692,-11574.628906,-11575.718750,1.089844
10693,-11406.744141,-11407.704102,0.959961
10694,-10877.824219,-10877.889648,0.065430
10695,-10532.073242,-10532.390625,0.317383
10696,-10534.664062,-10533.103516,1.560547
10697,-11509.047852,-11507.529297,1.518555
10698,-9652.915039,-9653.914062,0.999023
10699,-10566.120117,-10565.912109,0.208008
10700,-9590.282227,-9589.051758,1.230469
10701,-10500.882812,-10498.826172,2.056641
10702,-12250.902344,-12249.992188,0.910156
10703,-11977.029297,-11978.081055,1.051758
10704,-11944.318359,-11947.119141,2.800781
10705,-8519.261719,-8518.624023,0.637695
10706,-10565.439453,-10565.127930,0.311523
10707,-9987.454102,-9989.869141,2.415039
10708,-13447.011719,-13447.014648,0.002930
10709,-10330.413086,-10330.336914,0.076172
10710,-10530.601562,-10531.643555,1.041992
10711,-9957.330078,-9957.811523,0.481445
10712,-10970.194336,-10970.408203,0.213867
10713,-10970.047852,-10971.860352,1.812500
10714,-12520.188477,-12522.094727,1.906250
10715,-9926.069336,-9926.499023,0.429688
10716,-11948.727539,-11948.663086,0.064453
10717,-12857.325195,-12860.322266,2.997070
10718,-10336.148438,-10337.257812,1.109375
10719,-10531.339844,-10533.255859,1.916016
10720,-11510.857422,-11509.350586,1.506836
10721,-11915.295898,-11915.634766,0.338867
10722,-9555.552734,-9554.712891,0.839844
10723,-10937.252930,-10936.989258,0.263672
10724,-9431.342773,-9431.920898,0.578125
10725,-11576.460938,-11576.695312,0.234375
10726,-13443.815430,-13444.219727,0.404297
10727,-8486.102539,-8486.002930,0.099609
10728,-12151.521484,-12155.478516,3.957031
10729,-12216.291992,-12215.811523,0.480469
10730,-9463.980469,-9462.910156,1.070312
10731,-11815.083984,-11813.686523,1.397461
10732,-10468.872070,-10468.809570,0.062500
10733,-8452.021484,-8451.982422,0.039062
10734,-10939.984375,-10939.191406,0.792969
10735,-9528.805664,-9529.389648,0.583984
10736,-10741.281250,-10742.187500,0.906250
10737,-10397.119141,-10396.708008,0.411133
10738,-11454.057617,-11453.284180,0.773438
10739,-11375.236328,-11373.287109,1.949219
10740,-11576.621094,-11576.584961,0.036133
10741,-11001.890625,-11003.686523,1.795898
10742,-12386.046875,-12385.157227,0.889648
10743,-13470.595703,-13467.064453,3.531250
10744,-10363.181641,-10365.254883,2.073242
10745,-9960.193359,-9960.754883,0.561523
10746,-11436.877930,-11444.115234,7.237305
10747,-11543.568359,-11543.115234,0.453125
10748,-10969.325195,-10969.436523,0.111328
10749,-12453.801758,-12454.734375,0.932617
10750,-11002.863281,-11001.541016,1.322266
10751,-11947.007812,-11947.008789,0.000977
10752,-12489.956055,-12489.754883,0.201172
10753,-16473.375000,-16471.908203,1.466797
10754,-10532.675781,-10532.120117,0.555664
10755,-11001.847656,-11002.381836,0.534180
10756,-12490.397461,-12489.645508,0.751953
10757,-11307.244141,-11307.813477,0.569336
10758,-11948.417969,-11948.332031,0.085938
10759,-9430.870117,-9430.953125,0.083008
10760,-10833.721680,-10833.486328,0.235352
10761,-11509.861328,-11511.641602,1.780273
10762,-11445.677734,-11443.847656,1.830078
10763,-10532.947266,-10532.846680,0.100586
10764,-12286.908203,-12288.597656,1.689453
10765,-10532.336914,-10533.581055,1.244141
10766,-10369.045898,-10369.066406,0.020508
10767,-10475.202148,-10475.159180,0.042969
10768,-11478.968750,-11478.218750,0.750000
10769,-11948.828125,-11949.125977,0.297852
10770,-10835.621094,-10834.166016,1.455078
10771,-12417.676758,-12417.944336,0.267578
10772,-11916.031250,-11914.790039,1.241211
10773,-10564.250000,-10565.350586,1.100586
10774,-8452.965820,-8452.115234,0.850586
10775,-11002.595703,-11003.417969,0.822266
10776,-9429.397461,-9429.341797,0.055664
10777,-11446.037109,-11445.026367,1.010742
10778,-10969.397461,-10970.825195,1.427734
10779,-10362.998047,-10365.373047,2.375000
10780,-11845.940430,-11844.975586,0.964844
10781,-10936.703125,-10935.910156,0.792969
10782,-11453.742188,-11453.498047,0.244141
10783,-10933.996094,-10935.923828,1.927734
10784,-11342.849609,-11343.452148,0.602539
10785,-12687.673828,-12685.914062,1.759766
10786,-11937.185547,-11937.458008,0.272461
10787,-10565.265625,-10566.366211,1.100586
10788,-11481.032227,-11479.020508,2.011719
10789,-16467.462891,-16471.070312,3.607422
10790,-11950.033203,-11948.029297,2.003906
10791,-10905.303711,-10905.806641,0.502930
10792,-11810.612305,-11811.322266,0.709961
10793,-12215.306641,-12214.929688,0.376953
10794,-11512.956055,-11511.785156,1.170898
10795,-12890.889648,-12892.671875,1.782227
10796,-10533.634766,-10532.460938,1.173828
10797,-11033.806641,-11034.919922,1.113281
10798,-10598.373047,-10598.332031,0.041016
10799,-12523.071289,-12522.251953,0.819336
10800,-9462.794922,-9462.064453,0.730469
10801,-11918.520508,-11916.574219,1.946289
10802,-11981.932617,-11980.489258,1.443359
10803,-10967.666992,-10968.670898,1.003906
10804,-11406.700195,-11404.698242,2.001953
10805,-12453.437500,-12455.759766,2.322266
10806,-10533.855469,-10533.832031,0.023438
10807,-11543.102539,-11542.925781,0.176758
10808,-12896.398438,-12892.942383,3.456055
10809,-11408.321289,-11407.986328,0.334961
10810,-9463.732422,-9463.511719,0.220703
10811,-10534.532227,-10532.827148,1.705078
10812,-11888.106445,-11890.601562,2.495117
10813,-11338.888672,-11342.046875,3.158203
10814,-9496.034180,-9495.697266,0.336914
10815,-12791.537109,-12790.139648,1.397461
10816,-11511.997070,-11511.551758,0.445312
10817,-11916.915039,-11915.987305,0.927734
10818,-10930.533203,-10933.805664,3.272461
10819,-13006.177734,-13007.396484,1.218750
10820,-11034.931641,-11034.764648,0.166992
10821,-8485.443359,-8485.316406,0.126953
10822,-9461.481445,-9463.016602,1.535156
10823,-11811.015625,-11810.304688,0.710938
10824,-10840.416016,-10839.882812,0.533203
10825,-9990.173828,-9991.087891,0.914062
10826,-10532.169922,-10533.107422,0.937500
10827,-11879.385742,-11878.176758,1.208984
10828,-11812.465820,-11811.758789,0.707031
10829,-11035.643555,-11034.709961,0.933594
10830,-12015.069336,-12014.712891,0.356445
10831,-10970.894531,-10970.313477,0.581055
10832,-10565.836914,-10565.612305,0.224609
10833,-9359.096680,-9357.549805,1.546875
10834,-10502.802734,-10499.864258,2.938477
10835,-10969.083984,-10970.356445,1.272461
10836,-12455.580078,-12456.191406,0.611328
10837,-10601.502930,-10599.066406,2.436523
10838,-11439.270508,-11439.610352,0.339844
10839,-11884.667969,-11883.355469,1.312500
10840,-11373.243164,-11374.188477,0.945312
10841,-12787.376953,-12789.830078,2.453125
10842,-11948.347656,-11948.978516,0.630859
10843,-10937.498047,-10937.148438,0.349609
10844,-12488.895508,-12488.158203,0.737305
10845,-13328.982422,-13332.350586,3.368164
10846,-12323.491211,-12321.391602,2.099609
10847,-9902.334961,-9902.782227,0.447266
10848,-11947.816406,-11949.339844,1.523438
10849,-11916.758789,-11916.241211,0.517578
10850,-11403.902344,-11405.785156,1.882812
10851,-11377.517578,-11375.408203,2.109375
10852,-10567.247070,-10566.612305,0.634766
10853,-11883.945312,-11884.559570,0.614258
10854,-9901.796875,-9899.943359,1.853516
10855,-10472.223633,-10473.792969,1.569336
10856,-9933.461914,-9933.166016,0.295898
10857,-11914.928711,-11915.583008,0.654297
10858,-9495.125000,-9496.822266,1.697266
10859,-11844.591797,-11844.695312,0.103516
10860,-12417.306641,-12418.190430,0.883789
10861,-12893.621094,-12895.113281,1.492188
10862,-11474.304688,-11477.069336,2.764648
10863,-8864.541016,-8865.208984,0.667969
10864,-11706.567383,-11707.866211,1.298828
10865,-12456.538086,-12456.887695,0.349609
10866,-11319.718750,-11317.166016,2.552734
10867,-10775.716797,-10776.213867,0.497070
10868,-12386.931641,-12385.866211,1.065430
10869,-11341.855469,-11341.363281,0.492188
10870,-11318.557617,-11316.415039,2.142578
10871,-9955.984375,-9957.228516,1.244141
10872,-11980.921875,-11981.396484,0.474609
10873,-9530.060547,-9529.424805,0.635742
10874,-11574.054688,-11575.779297,1.724609
10875,-8865.136719,-8864.957031,0.179688
10876,-9869.673828,-9870.495117,0.821289
10877,-11912.644531,-11913.538086,0.893555
10878,-12554.874023,-12554.979492,0.105469
10879,-10972.789062,-10969.188477,3.600586
10880,-9992.261719,-9992.371094,0.109375
10881,-10969.441406,-10969.366211,0.075195
10882,-10363.727539,-10362.531250,1.196289
10883,-11443.631836,-11444.399414,0.767578
10884,-10667.572266,-10671.065430,3.493164
10885,-11419.835938,-11419.833984,0.001953
10886,-9488.322266,-9489.584961,1.262695
10887,-10533.719727,-10533.117188,0.602539
10888,-11781.288086,-11779.993164,1.294922
10889,-11947.082031,-11947.918945,0.836914
10890,-11374.560547,-11374.079102,0.481445
10891,-12923.562500,-12924.962891,1.400391
10892,-9992.088867,-9991.559570,0.529297
10893,-11914.468750,-11914.465820,0.002930
10894,-11507.560547,-11509.356445,1.795898
10895,-11979.206055,-11979.979492,0.773438
10896,-8520.328125,-8519.884766,0.443359
10897,-11034.094727,-11034.755859,0.661133
10898,-12522.038086,-12522.810547,0.772461
10899,-9902.125000,-9901.352539,0.772461
10900,-11544.415039,-11542.680664,1.734375
10901,-10969.241211,-10968.425781,0.815430
10902,-12927.409180,-12926.256836,1.152344
10903,-10532.784180,-10533.131836,0.347656
10904,-10968.574219,-10967.979492,0.594727
10905,-10881.535156,-10880.581055,0.954102
10906,-12367.956055,-12373.382812,5.426758
10907,-10564.924805,-10565.126953,0.202148
10908,-9833.566406,-9834.985352,1.418945
10909,-11510.282227,-11509.048828,1.233398
10910,-9555.043945,-9555.197266,0.153320
10911,-10396.855469,-10397.112305,0.256836
10912,-10936.986328,-10938.194336,1.208008
10913,-8920.337891,-8921.652344,1.314453
10914,-9556.044922,-9555.658203,0.386719
10915,-11514.480469,-11509.957031,4.523438
10916,-11980.586914,-11980.549805,0.037109
10917,-12927.225586,-12925.849609,1.375977
10918,-10565.805664,-10565.202148,0.603516
10919,-11509.923828,-11509.093750,0.830078
10920,-11541.994141,-11542.747070,0.752930
10921,-11512.725586,-11511.934570,0.791016
10922,-11544.038086,-11542.652344,1.385742
10923,-11947.497070,-11949.067383,1.570312
10924,-12553.551758,-12554.370117,0.818359
10925,-10440.334961,-10440.380859,0.045898
10926,-9811.054688,-9809.486328,1.568359
10927,-11375.578125,-11375.611328,0.033203
10928,-10940.189453,-10938.166992,2.022461
10929,-10566.622070,-10566.571289,0.050781
10930,-11514.309570,-11512.544922,1.764648
10931,-11407.153320,-11406.818359,0.334961
10932,-12386.377930,-12384.677734,1.700195
10933,-11882.344727,-11882.253906,0.090820
10934,-11439.530273,-11439.498047,0.032227
10935,-13363.062500,-13363.089844,0.027344
10936,-11510.456055,-11509.249023,1.207031
10937,-11915.291016,-11915.299805,0.008789
10938,-7767.127930,-7762.806641,4.321289
10939,-10438.991211,-10440.169922,1.178711
10940,-10937.373047,-10937.212891,0.160156
10941,-10902.339844,-10901.413086,0.926758
10942,-12960.665039,-12958.801758,1.863281
10943,-9958.364258,-9959.647461,1.283203
10944,-9426.051758,-9429.633789,3.582031
10945,-9934.529297,-9934.280273,0.249023
10946,-10233.649414,-10234.518555,0.869141
10947,-10428.997070,-10428.837891,0.159180
10948,-8427.425781,-8426.744141,0.681641
10949,-10565.568359,-10566.095703,0.527344
10950,-11948.246094,-11948.212891,0.033203
10951,-10969.949219,-10969.936523,0.012695
10952,-12417.664062,-12417.463867,0.200195
10953,-11511.474609,-11511.809570,0.334961
10954,-11883.978516,-11882.936523,1.041992
10955,-11845.951172,-11844.272461,1.678711
10956,-10938.139648,-10937.963867,0.175781
10957,-11576.017578,-11576.014648,0.002930
10958,-11511.625000,-11511.509766,0.115234
10959,-11509.663086,-11508.245117,1.417969
10960,-9330.630859,-9327.639648,2.991211
10961,-11405.848633,-11406.362305,0.513672
10962,-10867.226562,-10866.963867,0.262695
10963,-12490.630859,-12488.044922,2.585938
10964,-11512.294922,-11511.168945,1.125977
10965,-12553.702148,-12554.465820,0.763672
10966,-11341.096680,-11341.040039,0.056641
10967,-10970.295898,-10969.514648,0.781250
10968,-9901.167969,-9901.397461,0.229492
10969,-11410.887695,-11410.557617,0.330078
10970,-9497.743164,-9497.310547,0.432617
10971,-9490.216797,-9489.413086,0.803711
10972,-11883.854492,-11880.822266,3.032227
10973,-10396.367188,-10395.801758,0.565430
10974,-12013.561523,-12012.728516,0.833008
10975,-10501.077148,-10498.161133,2.916016
10976,-11543.735352,-11543.004883,0.730469
10977,-11949.517578,-11948.662109,0.855469
10978,-11544.641602,-11543.721680,0.919922
10979,-8452.460938,-8452.342773,0.118164
10980,-11478.108398,-11478.259766,0.151367
10981,-10566.567383,-10565.114258,1.453125
10982,-11373.678711,-11373.292969,0.385742
10983,-11374.843750,-11374.704102,0.139648
10984,-11913.818359,-11914.336914,0.518555
10985,-10599.205078,-10599.140625,0.064453
10986,-10396.318359,-10397.474609,1.156250
10987,-9889.456055,-9891.791016,2.334961
10988,-11543.475586,-11543.858398,0.382812
10989,-11478.801758,-11476.549805,2.251953
10990,-13007.702148,-13008.584961,0.882812
10991,-10878.894531,-10878.682617,0.211914
10992,-10533.077148,-10533.752930,0.675781
10993,-11510.981445,-11510.964844,0.016602
10994,-12553.262695,-12553.200195,0.062500
10995,-10834.626953,-10833.949219,0.677734
10996,-11372.744141,-11375.799805,3.055664
10997,-11544.970703,-11544.209961,0.760742
10998,-11509.661133,-11510.855469,1.194336
10999,-10597.576172,-10598.200195,0.624023
11000,-11949.600586,-11949.041992,0.558594
11001,-12926.681641,-12927.669922,0.988281
11002,-12820.670898,-12822.034180,1.363281
11003,-12521.372070,-12521.008789,0.363281
11004,-9326.653320,-9326.879883,0.226562
11005,-10472.888672,-10474.413086,1.524414
11006,-10396.763672,-10397.332031,0.568359
11007,-10533.423828,-10533.185547,0.238281
11008,-9465.198242,-9463.887695,1.310547
11009,-10473.460938,-10473.510742,0.049805
11010,-10937.107422,-10938.152344,1.044922
11011,-10565.380859,-10565.063477,0.317383
11012,-12488.541992,-12487.935547,0.606445
11013,-12552.735352,-12553.821289,1.085938
11014,-11510.261719,-11511.918945,1.657227
11015,-11575.202148,-11576.291992,1.089844
11016,-12383.182617,-12384.686523,1.503906
11017,-10533.509766,-10533.931641,0.421875
11018,-12790.437500,-12791.264648,0.827148
11019,-10434.960938,-10439.648438,4.687500
11020,-7218.956055,-7218.741211,0.214844
11021,-11779.265625,-11778.999023,0.266602
11022,-11946.054688,-11947.723633,1.668945
11023,-10936.701172,-10938.265625,1.564453
11024,-10971.108398,-10969.431641,1.676758
11025,-11001.753906,-11002.002930,0.249023
11026,-13768.997070,-13764.689453,4.307617
11027,-9621.525391,-9621.729492,0.204102
11028,-10499.041016,-10500.493164,1.452148
11029,-11917.139648,-11917.540039,0.400391
11030,-10565.801758,-10566.205078,0.403320
11031,-11508.684570,-11507.998047,0.686523
11032,-10935.760742,-10937.431641,1.670898
11033,-9836.028320,-9833.166016,2.862305
11034,-11301.333984,-11305.610352,4.276367
11035,-10533.573242,-10533.668945,0.095703
11036,-11478.165039,-11477.555664,0.609375
11037,-9520.918945,-9522.570312,1.651367
11038,-11477.471680,-11477.318359,0.153320
11039,-9456.860352,-9458.721680,1.861328
11040,-12418.975586,-12418.383789,0.591797
11041,-11201.077148,-11205.933594,4.856445
11042,-11000.863281,-11001.356445,0.493164
11043,-12322.090820,-12319.563477,2.527344
11044,-11950.159180,-11949.056641,1.102539
11045,-10770.494141,-10770.175781,0.318359
11046,-8924.320312,-8923.709961,0.610352
11047,-11508.681641,-11508.744141,0.062500
11048,-11476.347656,-11477.468750,1.121094
11049,-10500.995117,-10500.738281,0.256836
11050,-9901.153320,-9900.945312,0.208008
11051,-12789.673828,-12789.125977,0.547852
11052,-10533.800781,-10531.850586,1.950195
11053,-11372.208008,-11374.373047,2.165039
11054,-11507.263672,-11507.706055,0.442383
11055,-10798.050781,-10799.363281,1.312500
11056,-12958.556641,-12958.025391,0.531250
11057,-10940.000000,-10937.611328,2.388672
11058,-13330.033203,-13332.416016,2.382812
11059,-11915.673828,-11915.948242,0.274414
11060,-11374.775391,-11376.104492,1.329102
11061,-11404.283203,-11407.024414,2.741211
11062,-10499.821289,-10500.432617,0.611328
11063,-9496.190430,-9496.878906,0.688477
11064,-10775.666992,-10775.934570,0.267578
11065,-10968.921875,-10969.682617,0.760742
11066,-11006.062500,-11003.358398,2.704102
11067,-10531.406250,-10532.221680,0.815430
11068,-9840.100586,-9837.384766,2.715820
11069,-10397.328125,-10397.568359,0.240234
11070,-12786.744141,-12789.249023,2.504883
11071,-10361.829102,-10362.601562,0.772461
11072,-11440.276367,-11437.897461,2.378906
11073,-10597.625977,-10598.456055,0.830078
11074,-11948.731445,-11947.977539,0.753906
11075,-10468.145508,-10468.228516,0.083008
11076,-10307.400391,-10307.174805,0.225586
11077,-11542.244141,-11542.760742,0.516602
11078,-10533.736328,-10532.518555,1.217773
11079,-9621.897461,-9620.958008,0.939453
11080,-11853.492188,-11851.512695,1.979492
11081,-11240.072266,-11239.009766,1.062500
11082,-11509.032227,-11510.890625,1.858398
11083,-13293.310547,-13297.908203,4.597656
11084,-10532.722656,-10531.846680,0.875977
11085,-12928.232422,-12927.261719,0.970703
11086,-11475.384766,-11475.884766,0.500000
11087,-10969.428711,-10970.495117,1.066406
11088,-11948.160156,-11948.313477,0.153320
11089,-11543.377930,-11544.172852,0.794922
11090,-10846.575195,-10845.271484,1.303711
11091,-11342.165039,-11342.105469,0.059570
11092,-10937.100586,-10936.953125,0.147461
11093,-12893.500000,-12894.500000,1.000000
11094,-11440.130859,-11440.353516,0.222656
11095,-9867.401367,-9866.952148,0.449219
11096,-12520.278320,-12521.590820,1.312500
11097,-10834.941406,-10835.083008,0.141602
11098,-9587.961914,-9587.597656,0.364258
11099,-12383.072266,-12386.187500,3.115234
11100,-11317.386719,-11318.628906,1.242188
11101,-10494.222656,-10498.546875,4.324219
11102,-10934.632812,-10936.816406,2.183594
11103,-11341.237305,-11341.883789,0.646484
11104,-11508.478516,-11510.524414,2.045898
11105,-11913.327148,-11914.795898,1.468750
11106,-12384.034180,-12385.857422,1.823242
11107,-8861.900391,-8862.739258,0.838867
11108,-11512.365234,-11511.907227,0.458008
11109,-12386.540039,-12384.367188,2.172852
11110,-11911.612305,-11912.466797,0.854492
11111,-10532.709961,-10534.136719,1.426758
11112,-12354.881836,-12354.078125,0.803711
11113,-7853.104492,-7853.980957,0.876465
11114,-10505.885742,-10507.814453,1.928711
11115,-11543.322266,-11543.734375,0.412109
11116,-10938.394531,-10936.951172,1.443359
11117,-11947.277344,-11948.623047,1.345703
11118,-11886.147461,-11884.113281,2.034180
11119,-15288.720703,-15292.879883,4.159180
11120,-10565.877930,-10565.396484,0.481445
11121,-13006.375977,-13007.275391,0.899414
11122,-11001.284180,-11002.591797,1.307617
11123,-11543.400391,-11542.843750,0.556641
11124,-12012.683594,-12013.821289,1.137695
11125,-11949.611328,-11948.450195,1.161133
11126,-11036.276367,-11036.599609,0.323242
11127,-12012.161133,-12013.315430,1.154297
11128,-11948.262695,-11947.931641,0.331055
11129,-11542.748047,-11543.168945,0.420898
11130,-11475.987305,-11476.096680,0.109375
11131,-11373.314453,-11374.305664,0.991211
11132,-11947.416992,-11947.390625,0.026367
11133,-11947.818359,-11948.652344,0.833984
11134,-10902.545898,-10903.194336,0.648438
11135,-11544.613281,-11543.796875,0.816406
11136,-9960.724609,-9959.811523,0.913086
11137,-11473.640625,-11474.180664,0.540039
11138,-12012.908203,-12014.111328,1.203125
11139,-12387.040039,-12386.357422,0.682617
11140,-9957.105469,-9957.033203,0.072266
11141,-11545.324219,-11543.509766,1.814453
11142,-11813.779297,-11814.070312,0.291016
11143,-10564.159180,-10565.365234,1.206055
11144,-11543.186523,-11543.849609,0.663086
11145,-10599.820312,-10599.296875,0.523438
11146,-11912.831055,-11913.028320,0.197266
11147,-11408.632812,-11408.794922,0.162109
11148,-12353.627930,-12353.386719,0.241211
11149,-11269.563477,-11271.004883,1.441406
11150,-10937.779297,-10938.569336,0.790039
11151,-13983.478516,-13985.388672,1.910156
11152,-12486.959961,-12478.051758,8.908203
11153,-11375.616211,-11374.328125,1.288086
11154,-11542.800781,-11543.930664,1.129883
11155,-9962.078125,-9959.151367,2.926758
11156,-11206.152344,-11206.149414,0.002930
11157,-10566.583008,-10566.557617,0.025391
11158,-10875.248047,-10874.745117,0.502930
11159,-10934.065430,-10933.984375,0.081055
11160,-11950.744141,-11949.877930,0.866211
11161,-10971.919922,-10971.107422,0.812500
11162,-10967.933594,-10968.150391,0.216797
11163,-11544.972656,-11544.564453,0.408203
11164,-12754.501953,-12757.321289,2.819336
11165,-9833.631836,-9834.042969,0.411133
11166,-11913.774414,-11915.268555,1.494141
11167,-9865.875000,-9866.330078,0.455078
11168,-11509.221680,-11510.607422,1.385742
11169,-11408.299805,-11408.325195,0.025391
11170,-11372.019531,-11374.036133,2.016602
11171,-10361.937500,-10363.592773,1.655273
11172,-12821.342773,-12821.705078,0.362305
11173,-12453.234375,-12454.748047,1.513672
11174,-9925.568359,-9924.458984,1.109375
11175,-12587.106445,-12586.973633,0.132812
11176,-12926.131836,-12926.330078,0.198242
11177,-10906.683594,-10906.441406,0.242188
11178,-10936.772461,-10936.955078,0.182617
11179,-12415.213867,-12417.520508,2.306641
11180,-10532.077148,-10532.478516,0.401367
11181,-11341.678711,-11340.035156,1.643555
11182,-11857.679688,-11857.370117,0.309570
11183,-10968.750000,-10968.494141,0.255859
11184,-11576.114258,-11575.968750,0.145508
11185,-11843.912109,-11844.373047,0.460938
11186,-11948.979492,-11949.384766,0.405273
11187,-10533.893555,-10532.316406,1.577148
11188,-10845.517578,-10844.904297,0.613281
11189,-9958.311523,-9957.868164,0.443359
11190,-12520.650391,-12520.214844,0.435547
11191,-10499.903320,-10500.807617,0.904297
11192,-11978.196289,-11979.333984,1.137695
11193,-11374.704102,-11373.625977,1.078125
11194,-11269.915039,-11271.660156,1.745117
11195,-12786.981445,-12788.847656,1.866211
11196,-10787.668945,-10788.506836,0.837891
11197,-11375.337891,-11374.393555,0.944336
11198,-10836.087891,-10834.500977,1.586914
11199,-11576.728516,-11576.820312,0.091797
11200,-9866.948242,-9868.115234,1.166992
11201,-11001.725586,-11001.347656,0.377930
11202,-11001.229492,-11003.961914,2.732422
11203,-11543.687500,-11543.599609,0.087891
11204,-10971.026367,-10970.049805,0.976562
11205,-10944.390625,-10943.320312,1.070312
11206,-11407.353516,-11406.564453,0.789062
11207,-10937.960938,-10935.993164,1.967773
11208,-11980.445312,-11980.872070,0.426758
11209,-11308.018555,-11307.875000,0.143555
11210,-7393.982910,-7391.153809,2.829102
11211,-11543.196289,-11543.768555,0.572266
11212,-11372.650391,-11373.728516,1.078125
11213,-11544.076172,-11544.196289,0.120117
11214,-11477.298828,-11476.718750,0.580078
11215,-12288.032227,-12287.316406,0.715820
11216,-10967.052734,-10968.816406,1.763672
11217,-11946.333008,-11946.802734,0.469727
11218,-11007.071289,-11003.952148,3.119141
11219,-12385.427734,-12385.723633,0.295898
11220,-12521.076172,-12521.525391,0.449219
11221,-12521.156250,-12521.756836,0.600586
11222,-11525.743164,-11526.666992,0.923828
11223,-11544.911133,-11543.819336,1.091797
11224,-9292.263672,-9292.661133,0.397461
11225,-11949.556641,-11947.783203,1.773438
11226,-9555.910156,-9555.662109,0.248047
11227,-10971.565430,-10970.517578,1.047852
11228,-10539.537109,-10539.981445,0.444336
11229,-12520.766602,-12521.335938,0.569336
11230,-11406.673828,-11408.073242,1.399414
11231,-10901.736328,-10903.053711,1.317383
11232,-11478.222656,-11478.738281,0.515625
11233,-12955.999023,-12957.533203,1.534180
11234,-8485.097656,-8485.381836,0.284180
11235,-10396.625000,-10395.169922,1.455078
11236,-10745.327148,-10743.523438,1.803711
11237,-11812.484375,-11813.164062,0.679688
11238,-10970.914062,-10971.426758,0.512695
11239,-12489.380859,-12489.105469,0.275391
11240,-12992.446289,-12990.287109,2.159180
11241,-10565.757812,-10565.977539,0.219727
11242,-10935.213867,-10936.076172,0.862305
11243,-12649.069336,-12651.794922,2.725586
11244,-11509.812500,-11509.238281,0.574219
11245,-10441.010742,-10441.091797,0.081055
11246,-9490.699219,-9490.507812,0.191406
11247,-10442.286133,-10441.366211,0.919922
11248,-10829.476562,-10832.362305,2.885742
11249,-11405.830078,-11406.536133,0.706055
11250,-11979.155273,-11979.341797,0.186523
11251,-11575.805664,-11575.891602,0.085938
11252,-8833.837891,-8833.031250,0.806641
11253,-11479.501953,-11478.756836,0.745117
11254,-10818.886719,-10821.072266,2.185547
11255,-11442.268555,-11440.822266,1.446289
11256,-11945.876953,-11947.624023,1.747070
11257,-9495.520508,-9495.863281,0.342773
11258,-11505.692383,-11510.452148,4.759766
11259,-11003.406250,-11002.892578,0.513672
11260,-11512.073242,-11511.684570,0.388672
11261,-10936.536133,-10936.004883,0.531250
11262,-11914.111328,-11913.467773,0.643555
11263,-11846.035156,-11844.463867,1.571289
11264,-11979.423828,-11978.926758,0.497070
11265,-10365.136719,-10364.909180,0.227539
11266,-12281.027344,-12281.178711,0.151367
11267,-10533.242188,-10532.863281,0.378906
11268,-10532.029297,-10532.250977,0.221680
11269,-11510.647461,-11510.181641,0.465820
11270,-10531.608398,-10531.804688,0.196289
11271,-13333.290039,-13332.410156,0.879883
11272,-11812.590820,-11812.359375,0.231445
11273,-10936.807617,-10936.647461,0.160156
11274,-6188.626465,-6186.184082,2.442383
11275,-5678.003418,-5657.703613,20.299805
11276,-9464.384766,-9463.237305,1.147461
11277,-12491.674805,-12490.294922,1.379883
11278,-10371.228516,-10376.899414,5.670898
11279,-10874.845703,-10878.427734,3.582031
11280,-9327.864258,-9327.822266,0.041992
11281,-10904.596680,-10904.970703,0.374023
11282,-10935.400391,-10936.085938,0.685547
11283,-12556.359375,-12554.713867,1.645508
11284,-11753.976562,-11754.008789,0.032227
11285,-12352.674805,-12352.921875,0.247070
11286,-11544.872070,-11543.740234,1.131836
11287,-10972.496094,-10971.702148,0.793945
11288,-10564.613281,-10565.326172,0.712891
11289,-11987.254883,-11979.830078,7.424805
11290,-11846.950195,-11845.461914,1.488281
11291,-11544.061523,-11542.476562,1.584961
11292,-10968.234375,-10967.893555,0.340820
11293,-11677.478516,-11676.706055,0.772461
11294,-11344.182617,-11342.935547,1.247070
11295,-11439.814453,-11443.447266,3.632812
11296,-11377.760742,-11375.116211,2.644531
11297,-10937.911133,-10937.671875,0.239258
11298,-9828.636719,-9829.847656,1.210938
11299,-10498.297852,-10497.320312,0.977539
11300,-11477.199219,-11476.166992,1.032227
11301,-10939.145508,-10937.679688,1.465820
11302,-10397.801758,-10398.352539,0.550781
11303,-12352.208984,-12352.598633,0.389648
11304,-7417.854004,-7416.478516,1.375488
11305,-12490.030273,-12488.372070,1.658203
11306,-9928.017578,-9928.425781,0.408203
11307,-11781.373047,-11779.720703,1.652344
11308,-11574.371094,-11575.658203,1.287109
11309,-10500.552734,-10499.020508,1.532227
11310,-11543.394531,-11543.355469,0.039062
11311,-10938.967773,-10936.336914,2.630859
11312,-9957.744141,-9958.981445,1.237305
11313,-11948.063477,-11948.162109,0.098633
11314,-13918.956055,-13917.038086,1.917969
11315,-10972.266602,-10971.791016,0.475586
11316,-9294.296875,-9293.514648,0.782227
11317,-9795.988281,-9797.665039,1.676758
11318,-8799.471680,-8801.190430,1.718750
11319,-11947.640625,-11947.973633,0.333008
11320,-12927.477539,-12925.727539,1.750000
11321,-11577.727539,-11576.719727,1.007812
11322,-12820.214844,-12821.647461,1.432617
11323,-9957.961914,-9957.607422,0.354492
11324,-11944.189453,-11945.069336,0.879883
11325,-10533.133789,-10531.724609,1.409180
11326,-10477.578125,-10475.231445,2.346680
11327,-11914.771484,-11915.988281,1.216797
11328,-10499.719727,-10500.542969,0.823242
11329,-11409.565430,-11408.612305,0.953125
11330,-12520.898438,-12520.331055,0.567383
11331,-10968.478516,-10969.835938,1.357422
11332,-12457.452148,-12458.097656,0.645508
11333,-12894.234375,-12894.843750,0.609375
11334,-12489.750977,-12489.216797,0.534180
11335,-12322.340820,-12319.546875,2.793945
11336,-12350.510742,-12351.809570,1.298828
11337,-11776.337891,-11777.774414,1.436523
11338,-11409.563477,-11408.097656,1.465820
11339,-9562.642578,-9562.362305,0.280273
11340,-11511.865234,-11510.837891,1.027344
11341,-11509.740234,-11510.134766,0.394531
11342,-12387.304688,-12386.537109,0.767578
11343,-12251.455078,-12250.883789,0.571289
11344,-11918.044922,-11916.653320,1.391602
11345,-12926.825195,-12926.154297,0.670898
11346,-12457.450195,-12457.458008,0.007812
11347,-11341.569336,-11340.663086,0.906250
11348,-11916.564453,-11914.454102,2.110352
11349,-11511.222656,-11510.193359,1.029297
11350,-13531.062500,-13532.564453,1.501953
11351,-12551.452148,-12553.269531,1.817383
11352,-11910.039062,-11913.522461,3.483398
11353,-10970.639648,-10969.497070,1.142578
11354,-11345.466797,-11341.748047,3.718750
11355,-11339.602539,-11340.565430,0.962891
11356,-10835.553711,-10833.293945,2.259766
11357,-10596.592773,-10599.267578,2.674805
11358,-11510.236328,-11510.359375,0.123047
11359,-11916.779297,-11917.280273,0.500977
11360,-11544.632812,-11544.203125,0.429688
11361,-12419.828125,-12418.446289,1.381836
11362,-10536.316406,-10533.672852,2.643555
11363,-11947.916016,-11947.423828,0.492188
11364,-10338.782227,-10340.020508,1.238281
11365,-11407.478516,-11406.715820,0.762695
11366,-9464.806641,-9464.322266,0.484375
11367,-10970.875977,-10970.388672,0.487305
11368,-9924.011719,-9925.799805,1.788086
11369,-12490.474609,-12489.960938,0.513672
11370,-8726.476562,-8728.833008,2.356445
11371,-13364.583008,-13363.977539,0.605469
11372,-10902.578125,-10902.299805,0.278320
11373,-11949.404297,-11947.113281,2.291016
11374,-9799.704102,-9798.023438,1.680664
11375,-11510.435547,-11511.579102,1.143555
11376,-11544.332031,-11544.704102,0.372070
11377,-10168.808594,-10169.650391,0.841797
11378,-11513.928711,-11511.524414,2.404297
11379,-10598.047852,-10598.079102,0.031250
11380,-11948.409180,-11947.653320,0.755859
11381,-11813.223633,-11812.099609,1.124023
11382,-11948.067383,-11947.246094,0.821289
11383,-10566.134766,-10565.330078,0.804688
11384,-12490.444336,-12488.865234,1.579102
11385,-9954.996094,-9957.613281,2.617188
11386,-10711.376953,-10710.282227,1.094727
11387,-11512.460938,-11512.108398,0.352539
11388,-10531.605469,-10532.152344,0.546875
11389,-10531.868164,-10531.085938,0.782227
11390,-11441.384766,-11440.172852,1.211914
11391,-11511.403320,-11509.713867,1.689453
11392,-11885.952148,-11883.264648,2.687500
11393,-11479.496094,-11478.995117,0.500977
11394,-9902.066406,-9901.451172,0.615234
11395,-10968.045898,-10969.410156,1.364258
11396,-10360.064453,-10362.493164,2.428711
11397,-11677.126953,-11674.958984,2.167969
11398,-11882.391602,-11882.339844,0.051758
11399,-10201.441406,-10201.158203,0.283203
11400,-9465.543945,-9465.722656,0.178711
11401,-9436.972656,-9437.842773,0.870117
11402,-10970.200195,-10969.761719,0.438477
11403,-10935.660156,-10936.143555,0.483398
11404,-10831.921875,-10832.230469,0.308594
11405,-10906.615234,-10905.752930,0.862305
11406,-9956.616211,-9957.032227,0.416016
11407,-10880.856445,-10879.294922,1.561523
11408,-10937.803711,-10937.306641,0.497070
11409,-8098.203613,-8096.875488,1.328125
11410,-11512.322266,-11512.842773,0.520508
11411,-10971.040039,-10970.555664,0.484375
11412,-11315.857422,-11318.035156,2.177734
11413,-9373.234375,-9372.539062,0.695312
11414,-11576.131836,-11575.607422,0.524414
11415,-10911.965820,-10911.530273,0.435547
11416,-10466.974609,-10466.726562,0.248047
11417,-11949.939453,-11948.279297,1.660156
11418,-11948.827148,-11947.201172,1.625977
11419,-10599.716797,-10598.296875,1.419922
11420,-10968.818359,-10969.986328,1.167969
11421,-9902.400391,-9902.333984,0.066406
11422,-11948.563477,-11948.468750,0.094727
11423,-10850.297852,-10846.799805,3.498047
11424,-10566.388672,-10565.494141,0.894531
11425,-11948.214844,-11946.935547,1.279297
11426,-12753.192383,-12756.298828,3.106445
11427,-9464.059570,-9463.825195,0.234375
11428,-11981.707031,-11981.147461,0.559570
11429,-11545.219727,-11544.254883,0.964844
11430,-9372.534180,-9371.183594,1.350586
11431,-11182.389648,-11181.912109,0.477539
11432,-10500.708984,-10500.518555,0.190430
11433,-9554.835938,-9554.426758,0.409180
11434,-11002.768555,-11002.265625,0.502930
11435,-12926.661133,-12925.268555,1.392578
11436,-9622.494141,-9620.833008,1.661133
11437,-11852.977539,-11852.022461,0.955078
11438,-12522.209961,-12522.496094,0.286133
11439,-10531.553711,-10531.867188,0.313477
11440,-9728.306641,-9732.040039,3.733398
11441,-12864.929688,-12861.496094,3.433594
11442,-11511.036133,-11510.305664,0.730469
11443,-10934.481445,-10936.396484,1.915039
11444,-11513.513672,-11511.618164,1.895508
11445,-12455.648438,-12455.536133,0.112305
11446,-11915.755859,-11915.041016,0.714844
11447,-9900.644531,-9901.344727,0.700195
11448,-9496.960938,-9497.298828,0.337891
11449,-11512.743164,-11512.021484,0.721680
11450,-9463.598633,-9464.064453,0.465820
11451,-11980.171875,-11979.420898,0.750977
11452,-11913.265625,-11913.309570,0.043945
11453,-11543.687500,-11544.296875,0.609375
11454,-11511.292969,-11510.547852,0.745117
11455,-10902.046875,-10902.995117,0.948242
11456,-11510.248047,-11508.622070,1.625977
11457,-10433.611328,-10430.782227,2.829102
11458,-11812.126953,-11811.704102,0.422852
11459,-11981.110352,-11981.062500,0.047852
11460,-10970.854492,-10970.530273,0.324219
11461,-12892.859375,-12893.643555,0.784180
11462,-12014.785156,-12012.612305,2.172852
11463,-10768.682617,-10769.374023,0.691406
11464,-12386.292969,-12386.445312,0.152344
11465,-10969.199219,-10968.763672,0.435547
11466,-11341.501953,-11340.083008,1.418945
11467,-11945.585938,-11945.928711,0.342773
11468,-11779.391602,-11779.411133,0.019531
11469,-11510.146484,-11509.202148,0.944336
11470,-11945.955078,-11948.725586,2.770508
11471,-11577.331055,-11577.064453,0.266602
11472,-12488.170898,-12486.893555,1.277344
11473,-9925.993164,-9924.603516,1.389648
11474,-11541.338867,-11541.763672,0.424805
11475,-11948.916016,-11948.175781,0.740234
11476,-10472.096680,-10474.795898,2.699219
11477,-10436.273438,-10435.036133,1.237305
11478,-10913.201172,-10911.659180,1.541992
11479,-12382.410156,-12383.720703,1.310547
11480,-10969.767578,-10970.194336,0.426758
11481,-12788.029297,-12790.383789,2.354492
11482,-10938.828125,-10938.341797,0.486328
11483,-8287.078125,-8289.783203,2.705078
11484,-10906.344727,-10905.802734,0.541992
11485,-11913.197266,-11915.430664,2.233398
11486,-11808.413086,-11811.139648,2.726562
11487,-12315.457031,-12319.814453,4.357422
11488,-10999.946289,-11001.655273,1.708984
11489,-9926.547852,-9925.702148,0.845703
11490,-11513.991211,-11512.407227,1.583984
11491,-11406.577148,-11407.443359,0.866211
11492,-9962.425781,-9960.859375,1.566406
11493,-9294.931641,-9294.740234,0.191406
11494,-9162.052734,-9165.410156,3.357422
11495,-10564.724609,-10565.479492,0.754883
11496,-12521.449219,-12522.102539,0.653320
11497,-10533.285156,-10532.557617,0.727539
11498,-10937.592773,-10937.893555,0.300781
11499,-11884.217773,-11882.222656,1.995117
11500,-12554.286133,-12554.446289,0.160156
11501,-9990.930664,-9991.160156,0.229492
11502,-10331.208984,-10330.131836,1.077148
11503,-12957.321289,-12957.363281,0.041992
11504,-11343.083984,-11342.164062,0.919922
11505,-10970.713867,-10968.859375,1.854492
11506,-8553.869141,-8551.744141,2.125000
11507,-12823.025391,-12823.972656,0.947266
11508,-10565.039062,-10565.565430,0.526367
11509,-11510.338867,-11510.047852,0.291016
11510,-9496.706055,-9496.800781,0.094727
11511,-11478.092773,-11478.144531,0.051758
11512,-9464.861328,-9463.347656,1.513672
11513,-11543.857422,-11542.966797,0.890625
11514,-10968.690430,-10968.887695,0.197266
11515,-11512.451172,-11511.791016,0.660156
11516,-11948.691406,-11946.732422,1.958984
11517,-12926.603516,-12926.009766,0.593750
11518,-10598.388672,-10598.360352,0.028320
11519,-10533.486328,-10533.881836,0.395508
11520,-10938.362305,-10938.471680,0.109375
11521,-11478.102539,-11476.304688,1.797852
11522,-10532.839844,-10532.540039,0.299805
11523,-10502.949219,-10498.621094,4.328125
11524,-11943.984375,-11945.300781,1.316406
11525,-10937.153320,-10936.094727,1.058594
11526,-11544.132812,-11543.998047,0.134766
11527,-11440.755859,-11437.783203,2.972656
11528,-10904.070312,-10903.716797,0.353516
11529,-8491.661133,-8493.503906,1.842773
11530,-10024.758789,-10023.952148,0.806641
11531,-12457.054688,-12457.040039,0.014648
11532,-11313.891602,-11313.196289,0.695312
11533,-9440.123047,-9438.633789,1.489258
11534,-10532.125000,-10533.098633,0.973633
11535,-10565.313477,-10565.423828,0.110352
11536,-11406.428711,-11407.717773,1.289062
11537,-11948.026367,-11947.852539,0.173828
11538,-10834.084961,-10832.666992,1.417969
11539,-11882.325195,-11883.615234,1.290039
11540,-12492.558594,-12489.849609,2.708984
11541,-12216.650391,-12217.035156,0.384766
11542,-10533.178711,-10533.025391,0.153320
11543,-11373.367188,-11373.654297,0.287109
11544,-12354.233398,-12355.072266,0.838867
11545,-12553.425781,-12553.375000,0.050781
11546,-10902.830078,-10901.801758,1.028320
11547,-11512.429688,-11509.584961,2.844727
11548,-10397.111328,-10394.625977,2.485352
11549,-12215.261719,-12214.744141,0.517578
11550,-9523.858398,-9522.763672,1.094727
11551,-9966.262695,-9966.091797,0.170898
11552,-11813.205078,-11812.979492,0.225586
11553,-12555.612305,-12554.302734,1.309570
11554,-7855.104004,-7853.957520,1.146484
11555,-10363.338867,-10363.278320,0.060547
11556,-10508.905273,-10507.136719,1.768555
11557,-12417.352539,-12417.190430,0.162109
11558,-9464.449219,-9463.964844,0.484375
11559,-10973.058594,-10970.621094,2.437500
11560,-10338.615234,-10338.015625,0.599609
11561,-12656.188477,-12650.637695,5.550781
11562,-11406.230469,-11407.787109,1.556641
11563,-7301.985840,-7300.342773,1.643066
11564,-13905.577148,-13905.083008,0.494141
11565,-10393.177734,-10393.895508,0.717773
11566,-11543.629883,-11542.547852,1.082031
11567,-11544.220703,-11544.226562,0.005859
11568,-11371.283203,-11373.219727,1.936523
11569,-12895.787109,-12893.643555,2.143555
11570,-10498.884766,-10498.803711,0.081055
11571,-10441.372070,-10442.240234,0.868164
11572,-9926.184570,-9926.657227,0.472656
11573,-11446.069336,-11445.215820,0.853516
11574,-11372.012695,-11373.651367,1.638672
11575,-11477.683594,-11478.416016,0.732422
11576,-11948.267578,-11948.012695,0.254883
11577,-11915.413086,-11913.112305,2.300781
11578,-10935.914062,-10936.000977,0.086914
11579,-11511.127930,-11509.621094,1.506836
11580,-11479.828125,-11478.003906,1.824219
11581,-11510.306641,-11511.316406,1.009766
11582,-11409.919922,-11408.409180,1.510742
11583,-12957.661133,-12958.263672,0.602539
11584,-10972.104492,-10969.241211,2.863281
11585,-8864.260742,-8864.625000,0.364258
11586,-11544.720703,-11544.493164,0.227539
11587,-11754.765625,-11754.071289,0.694336
11588,-11951.271484,-11949.201172,2.070312
11589,-11409.092773,-11407.143555,1.949219
11590,-11949.525391,-11949.871094,0.345703
11591,-12352.436523,-12353.485352,1.048828
11592,-11948.375977,-11947.501953,0.874023
11593,-9900.844727,-9899.001953,1.842773
11594,-11375.601562,-11375.233398,0.368164
11595,-10533.240234,-10533.508789,0.268555
11596,-12890.664062,-12894.051758,3.387695
11597,-8550.953125,-8551.909180,0.956055
11598,-10973.884766,-10971.301758,2.583008
11599,-11405.136719,-11407.465820,2.329102
11600,-11512.985352,-11510.210938,2.774414
11601,-11946.635742,-11946.625000,0.010742
11602,-10533.288086,-10533.024414,0.263672
11603,-7325.163086,-7325.831055,0.667969
11604,-11543.222656,-11543.765625,0.542969
11605,-11541.935547,-11543.218750,1.283203
11606,-11878.326172,-11884.197266,5.871094
11607,-11377.589844,-11373.701172,3.888672
11608,-10337.446289,-10338.436523,0.990234
11609,-10403.881836,-10404.737305,0.855469
11610,-9589.487305,-9589.001953,0.485352
11611,-11449.069336,-11446.611328,2.458008
11612,-11477.651367,-11477.845703,0.194336
11613,-12524.290039,-12522.137695,2.152344
11614,-12384.767578,-12385.117188,0.349609
11615,-11810.466797,-11811.626953,1.160156
11616,-10531.143555,-10529.786133,1.357422
11617,-9556.863281,-9556.360352,0.502930
11618,-10879.350586,-10879.586914,0.236328
11619,-10500.904297,-10498.860352,2.043945
11620,-13224.344727,-13225.307617,0.962891
11621,-10937.625977,-10938.023438,0.397461
11622,-11406.300781,-11407.277344,0.976562
11623,-9520.521484,-9521.810547,1.289062
11624,-11000.292969,-11001.608398,1.315430
11625,-11478.311523,-11478.754883,0.443359
11626,-10972.289062,-10969.217773,3.071289
11627,-11543.326172,-11542.904297,0.421875
11628,-9429.724609,-9430.439453,0.714844
11629,-11981.692383,-11980.433594,1.258789
11630,-11405.835938,-11406.879883,1.043945
11631,-11003.014648,-11003.410156,0.395508
11632,-10397.980469,-10398.000977,0.020508
11633,-9554.344727,-9554.639648,0.294922
11634,-11544.038086,-11542.761719,1.276367
11635,-11917.204102,-11913.832031,3.372070
11636,-11408.759766,-11407.648438,1.111328
11637,-10498.333984,-10498.755859,0.421875
11638,-12492.542969,-12489.638672,2.904297
11639,-10390.671875,-10392.699219,2.027344
11640,-11710.535156,-11708.939453,1.595703
11641,-10910.382812,-10911.096680,0.713867
11642,-11544.105469,-11543.382812,0.722656
11643,-9358.848633,-9360.134766,1.286133
11644,-11338.607422,-11340.518555,1.911133
11645,-12362.395508,-12353.938477,8.457031
11646,-11441.720703,-11441.041992,0.678711
11647,-11510.420898,-11509.205078,1.215820
11648,-10878.809570,-10879.188477,0.378906
11649,-9958.746094,-9958.743164,0.002930
11650,-10933.458008,-10934.912109,1.454102
11651,-11002.357422,-11002.069336,0.288086
11652,-9523.189453,-9521.470703,1.718750
11653,-10939.863281,-10938.426758,1.436523
11654,-11343.427734,-11342.991211,0.436523
11655,-11576.956055,-11575.773438,1.182617
11656,-11883.860352,-11882.460938,1.399414
11657,-12753.617188,-12757.434570,3.817383
11658,-11511.991211,-11511.011719,0.979492
11659,-11002.369141,-11001.977539,0.391602
11660,-11812.009766,-11811.746094,0.263672
11661,-12246.787109,-12249.502930,2.715820
11662,-11915.164062,-11913.312500,1.851562
11663,-11270.385742,-11270.666016,0.280273
11664,-10866.416992,-10866.913086,0.496094
11665,-10935.880859,-10937.768555,1.887695
11666,-11946.024414,-11947.580078,1.555664
11667,-11477.167969,-11478.459961,1.291992
11668,-10509.820312,-10507.804688,2.015625
11669,-11478.713867,-11477.734375,0.979492
11670,-10836.134766,-10833.260742,2.874023
11671,-8891.250000,-8890.784180,0.465820
11672,-11544.231445,-11544.371094,0.139648
11673,-10872.157227,-10870.154297,2.002930
11674,-11913.655273,-11912.645508,1.009766
11675,-8925.562500,-8924.729492,0.833008
11676,-12487.542969,-12489.859375,2.316406
11677,-11779.080078,-11778.814453,0.265625
11678,-12491.114258,-12488.112305,3.001953
11679,-11954.064453,-11947.667969,6.396484
11680,-12520.883789,-12521.100586,0.216797
11681,-11609.205078,-11608.943359,0.261719
11682,-10969.124023,-10969.082031,0.041992
11683,-10970.055664,-10970.421875,0.366211
11684,-10499.188477,-10500.372070,1.183594
11685,-11478.324219,-11477.685547,0.638672
11686,-7659.498047,-7659.875488,0.377441
11687,-11945.569336,-11946.325195,0.755859
11688,-11980.480469,-11979.187500,1.292969
11689,-10937.903320,-10937.277344,0.625977
11690,-11981.765625,-11980.972656,0.792969
11691,-9928.708984,-9924.440430,4.268555
11692,-11963.754883,-11963.433594,0.321289
11693,-11812.697266,-11813.456055,0.758789
11694,-10935.544922,-10936.468750,0.923828
11695,-10565.550781,-10565.813477,0.262695
11696,-10970.004883,-10969.680664,0.324219
11697,-11407.372070,-11406.993164,0.378906
11698,-11541.291016,-11542.872070,1.581055
11699,-10501.999023,-10499.952148,2.046875
11700,-15182.197266,-15178.532227,3.665039
11701,-9765.926758,-9766.656250,0.729492
11702,-10906.540039,-10905.365234,1.174805
11703,-12354.901367,-12353.753906,1.147461
11704,-9832.892578,-9833.916992,1.024414
11705,-11978.357422,-11978.851562,0.494141
11706,-11945.597656,-11948.108398,2.510742
11707,-11979.589844,-11979.076172,0.513672
11708,-9703.324219,-9706.739258,3.415039
11709,-11947.021484,-11948.566406,1.544922
11710,-12554.999023,-12554.557617,0.441406
11711,-9555.551758,-9554.491211,1.060547
11712,-12455.042969,-12454.565430,0.477539
11713,-10969.801758,-10970.182617,0.380859
11714,-11846.165039,-11844.883789,1.281250
11715,-11476.481445,-11475.910156,0.571289
11716,-12990.824219,-12991.669922,0.845703
11717,-10934.025391,-10936.607422,2.582031
11718,-10403.472656,-10409.042969,5.570312
11719,-11518.978516,-11517.431641,1.546875
11720,-10474.505859,-10474.348633,0.157227
11721,-8289.922852,-8292.055664,2.132812
11722,-10970.301758,-10970.546875,0.245117
11723,-12486.740234,-12488.119141,1.378906
11724,-10501.816406,-10501.095703,0.720703
11725,-10880.422852,-10879.816406,0.606445
11726,-11511.210938,-11510.539062,0.671875
11727,-12214.639648,-12216.411133,1.771484
11728,-11576.441406,-11575.964844,0.476562
11729,-10466.808594,-10466.719727,0.088867
11730,-10965.365234,-10968.262695,2.897461
11731,-11983.049805,-11981.197266,1.852539
11732,-11510.179688,-11510.351562,0.171875
11733,-10566.252930,-10566.361328,0.108398
11734,-12716.322266,-12716.744141,0.421875
11735,-10935.659180,-10937.146484,1.487305
11736,-12247.839844,-12248.263672,0.423828
11737,-11477.006836,-11478.769531,1.762695
11738,-11878.861328,-11881.628906,2.767578
11739,-12250.488281,-12249.994141,0.494141
11740,-8485.895508,-8486.393555,0.498047
11741,-10501.747070,-10501.334961,0.412109
11742,-11841.678711,-11844.530273,2.851562
11743,-10531.755859,-10531.944336,0.188477
11744,-11510.168945,-11510.309570,0.140625
11745,-10533.414062,-10534.336914,0.922852
11746,-11542.259766,-11543.713867,1.454102
11747,-10970.594727,-10969.289062,1.305664
11748,-12492.180664,-12490.509766,1.670898
11749,-10970.504883,-10970.471680,0.033203
11750,-12488.318359,-12488.691406,0.373047
11751,-11480.955078,-11479.662109,1.292969
11752,-9992.290039,-9990.756836,1.533203
11753,-11473.321289,-11476.647461,3.326172
11754,-11378.494141,-11376.770508,1.723633
11755,-11410.510742,-11407.481445,3.029297
11756,-13007.813477,-13007.973633,0.160156
11757,-11373.188477,-11372.533203,0.655273
11758,-11543.926758,-11543.538086,0.388672
11759,-11979.790039,-11981.203125,1.413086
11760,-12924.273438,-12926.392578,2.119141
11761,-9992.298828,-9992.384766,0.085938
11762,-10364.336914,-10363.423828,0.913086
11763,-10968.753906,-10967.237305,1.516602
11764,-9900.532227,-9901.526367,0.994141
11765,-10943.941406,-10945.501953,1.560547
11766,-10538.913086,-10539.913086,1.000000
11767,-12459.138672,-12455.116211,4.022461
11768,-11545.915039,-11544.580078,1.334961
11769,-10506.152344,-10498.965820,7.186523
11770,-11913.248047,-11913.742188,0.494141
11771,-10971.109375,-10970.830078,0.279297
11772,-11406.888672,-11407.084961,0.196289
11773,-9622.711914,-9621.826172,0.885742
11774,-10532.041016,-10532.996094,0.955078
11775,-10566.350586,-10566.108398,0.242188
11776,-11508.782227,-11509.448242,0.666016
11777,-11916.096680,-11916.635742,0.539062
11778,-11916.088867,-11916.169922,0.081055
11779,-10366.232422,-10363.206055,3.026367
11780,-11512.855469,-11511.032227,1.823242
11781,-11576.850586,-11576.308594,0.541992
11782,-10803.717773,-10801.848633,1.869141
11783,-12487.140625,-12487.753906,0.613281
11784,-11911.563477,-11912.447266,0.883789
11785,-11951.284180,-11949.738281,1.545898
11786,-11916.544922,-11917.322266,0.777344
11787,-9991.318359,-9992.055664,0.737305
11788,-11316.544922,-11316.160156,0.384766
11789,-9555.217773,-9554.766602,0.451172
11790,-10533.011719,-10533.685547,0.673828
11791,-10443.406250,-10442.597656,0.808594
11792,-11913.347656,-11912.677734,0.669922
11793,-10538.459961,-10539.919922,1.459961
11794,-13883.248047,-13881.218750,2.029297
11795,-12929.114258,-12927.506836,1.607422
11796,-11477.429688,-11477.303711,0.125977
11797,-10565.250000,-10564.555664,0.694336
11798,-11510.602539,-11510.106445,0.496094
11799,-9990.466797,-9990.684570,0.217773
11800,-9497.787109,-9496.316406,1.470703
11801,-12352.641602,-12353.945312,1.303711
11802,-11948.011719,-11949.090820,1.079102
11803,-10304.327148,-10300.803711,3.523438
11804,-11309.348633,-11308.535156,0.813477
11805,-10470.359375,-10465.486328,4.873047
11806,-12960.404297,-12960.210938,0.193359
11807,-10497.857422,-10498.342773,0.485352
11808,-12282.284180,-12281.152344,1.131836
11809,-9930.725586,-9932.446289,1.720703
11810,-11950.659180,-11947.972656,2.686523
11811,-11576.466797,-11575.747070,0.719727
11812,-9521.820312,-9523.155273,1.334961
11813,-10801.061523,-10801.092773,0.031250
11814,-10469.016602,-10466.606445,2.410156
11815,-10428.769531,-10429.223633,0.454102
11816,-10340.252930,-10339.802734,0.450195
11817,-11978.978516,-11980.541016,1.562500
11818,-12926.310547,-12927.797852,1.487305
11819,-10934.587891,-10936.669922,2.082031
11820,-12789.763672,-12788.978516,0.785156
11821,-10934.208984,-10934.378906,0.169922
11822,-9555.291992,-9554.659180,0.632812
11823,-11576.399414,-11575.705078,0.694336
11824,-10534.596680,-10534.102539,0.494141
11825,-12958.741211,-12959.333984,0.592773
11826,-13442.106445,-13442.721680,0.615234
11827,-11406.197266,-11407.574219,1.376953
11828,-10969.749023,-10969.588867,0.160156
11829,-12486.726562,-12487.399414,0.672852
11830,-11917.701172,-11916.570312,1.130859
11831,-10530.951172,-10530.901367,0.049805
11832,-12821.236328,-12822.235352,0.999023
11833,-11511.698242,-11511.038086,0.660156
11834,-9904.169922,-9901.612305,2.557617
11835,-11850.958008,-11849.817383,1.140625
11836,-10532.165039,-10532.667969,0.502930
11837,-10498.824219,-10499.622070,0.797852
11838,-10829.596680,-10831.615234,2.018555
11839,-11375.019531,-11375.059570,0.040039
11840,-12352.583008,-12353.076172,0.493164
11841,-11915.586914,-11914.960938,0.625977
11842,-9461.553711,-9462.016602,0.462891
11843,-10361.353516,-10362.899414,1.545898
11844,-11543.700195,-11543.372070,0.328125
11845,-10396.694336,-10397.414062,0.719727
11846,-11980.305664,-11979.123047,1.182617
11847,-9521.064453,-9522.363281,1.298828
11848,-13767.666992,-13766.458008,1.208984
11849,-11344.868164,-11340.213867,4.654297
11850,-11318.561523,-11315.010742,3.550781
11851,-11511.598633,-11510.108398,1.490234
11852,-12422.216797,-12421.625977,0.590820
11853,-11206.274414,-11206.149414,0.125000
11854,-11881.884766,-11881.062500,0.822266
11855,-11544.347656,-11544.015625,0.332031
11856,-9958.024414,-9956.952148,1.072266
11857,-12521.975586,-12523.030273,1.054688
11858,-10937.285156,-10935.493164,1.791992
11859,-10531.130859,-10533.107422,1.976562
11860,-12787.568359,-12788.540039,0.971680
11861,-11374.657227,-11373.467773,1.189453
11862,-11003.244141,-11003.622070,0.377930
11863,-10427.981445,-10427.452148,0.529297
11864,-10532.048828,-10531.928711,0.120117
11865,-12928.824219,-12927.080078,1.744141
11866,-9464.566406,-9461.861328,2.705078
11867,-10566.190430,-10565.903320,0.287109
11868,-11340.173828,-11341.060547,0.886719
11869,-9464.471680,-9464.022461,0.449219
11870,-10501.001953,-10499.555664,1.446289
11871,-10967.797852,-10968.143555,0.345703
11872,-11513.187500,-11511.287109,1.900391
11873,-11948.024414,-11947.941406,0.083008
11874,-12354.573242,-12354.529297,0.043945
11875,-13329.785156,-13330.237305,0.452148
11876,-12386.660156,-12385.563477,1.096680
11877,-11916.396484,-11915.402344,0.994141
11878,-13497.460938,-13498.857422,1.396484
11879,-11948.461914,-11947.551758,0.910156
11880,-11478.329102,-11477.227539,1.101562
11881,-11342.602539,-11342.196289,0.406250
11882,-9900.974609,-9900.588867,0.385742
11883,-12386.109375,-12386.071289,0.038086
11884,-8924.073242,-8923.208984,0.864258
11885,-10834.565430,-10832.419922,2.145508
11886,-10877.160156,-10876.847656,0.312500
11887,-11542.544922,-11543.566406,1.021484
11888,-11509.131836,-11509.321289,0.189453
11889,-10461.257812,-10462.355469,1.097656
11890,-12520.000977,-12520.433594,0.432617
11891,-9621.556641,-9620.732422,0.824219
11892,-11340.933594,-11341.515625,0.582031
11893,-11374.492188,-11375.538086,1.045898
11894,-11877.845703,-11882.220703,4.375000
11895,-12319.549805,-12319.835938,0.286133
11896,-10497.026367,-10498.416992,1.390625
11897,-5361.037598,-5377.769531,16.731934
11898,-12925.954102,-12925.006836,0.947266
11899,-11407.921875,-11408.032227,0.110352
11900,-10530.998047,-10532.170898,1.172852
11901,-11509.872070,-11511.064453,1.192383
11902,-9520.517578,-9521.334961,0.817383
11903,-10564.777344,-10565.340820,0.563477
11904,-12893.912109,-12893.298828,0.613281
11905,-10497.449219,-10499.347656,1.898438
11906,-11912.444336,-11913.947266,1.502930
11907,-12519.817383,-12520.293945,0.476562
11908,-8518.574219,-8517.821289,0.752930
11909,-8319.059570,-8322.085938,3.026367
11910,-12385.458008,-12386.453125,0.995117
11911,-11811.113281,-11812.189453,1.076172
11912,-11946.113281,-11947.506836,1.393555
11913,-11544.911133,-11543.966797,0.944336
11914,-9163.436523,-9166.031250,2.594727
11915,-11511.260742,-11511.538086,0.277344
11916,-9495.597656,-9496.440430,0.842773
11917,-10532.336914,-10532.366211,0.029297
11918,-11945.116211,-11944.900391,0.215820
11919,-9463.715820,-9462.841797,0.874023
11920,-11915.837891,-11914.979492,0.858398
11921,-11476.488281,-11477.516602,1.028320
11922,-11309.437500,-11309.892578,0.455078
11923,-11950.843750,-11948.021484,2.822266
11924,-11543.909180,-11543.889648,0.019531
11925,-11776.493164,-11779.142578,2.649414
11926,-10631.734375,-10631.619141,0.115234
11927,-11511.696289,-11510.623047,1.073242
11928,-11510.691406,-11511.494141,0.802734
11929,-10867.666016,-10866.737305,0.928711
11930,-10337.211914,-10335.699219,1.512695
11931,-11544.709961,-11543.740234,0.969727
11932,-10439.732422,-10441.750000,2.017578
11933,-10565.534180,-10565.074219,0.459961
11934,-11506.945312,-11509.012695,2.067383
11935,-11841.335938,-11844.494141,3.158203
11936,-10531.781250,-10532.176758,0.395508
11937,-11779.927734,-11780.319336,0.391602
11938,-11949.068359,-11948.048828,1.019531
11939,-9812.900391,-9810.604492,2.295898
11940,-11510.334961,-11508.521484,1.813477
11941,-10430.301758,-10429.193359,1.108398
11942,-11511.149414,-11509.365234,1.784180
11943,-12385.943359,-12386.319336,0.375977
11944,-11779.699219,-11780.501953,0.802734
11945,-11340.284180,-11340.668945,0.384766
11946,-9554.397461,-9556.087891,1.690430
11947,-13533.187500,-13532.092773,1.094727
11948,-11237.469727,-11235.425781,2.043945
11949,-11509.619141,-11509.592773,0.026367
11950,-10972.229492,-10971.411133,0.818359
11951,-10938.612305,-10937.441406,1.170898
11952,-13466.841797,-13468.194336,1.352539
11953,-8396.277344,-8395.179688,1.097656
11954,-10436.916992,-10439.444336,2.527344
11955,-8923.666992,-8923.675781,0.008789
11956,-9992.217773,-9991.382812,0.834961
11957,-9957.586914,-9958.960938,1.374023
11958,-10430.659180,-10430.526367,0.132812
11959,-11445.529297,-11443.372070,2.157227
11960,-10870.430664,-10869.705078,0.725586
11961,-10502.929688,-10500.883789,2.045898
11962,-9589.064453,-9588.644531,0.419922
11963,-11947.387695,-11947.421875,0.034180
11964,-11546.089844,-11544.387695,1.702148
11965,-10441.938477,-10441.807617,0.130859
11966,-10499.090820,-10498.625977,0.464844
11967,-11979.742188,-11980.393555,0.651367
11968,-11512.059570,-11511.039062,1.020508
11969,-12521.569336,-12521.151367,0.417969
11970,-10882.667969,-10879.672852,2.995117
11971,-12820.726562,-12822.817383,2.090820
11972,-12387.232422,-12387.839844,0.607422
11973,-11914.290039,-11914.089844,0.200195
11974,-11475.519531,-11475.914062,0.394531
11975,-9959.114258,-9958.532227,0.582031
11976,-10397.640625,-10397.167969,0.472656
11977,-10535.119141,-10534.791992,0.327148
11978,-9935.082031,-9933.741211,1.340820
11979,-11915.139648,-11916.049805,0.910156
11980,-9530.251953,-9529.482422,0.769531
11981,-10935.584961,-10936.958984,1.374023
11982,-12211.863281,-12215.900391,4.037109
11983,-12257.405273,-12260.411133,3.005859
11984,-11509.013672,-11509.945312,0.931641
11985,-10968.790039,-10968.655273,0.134766
11986,-10361.732422,-10364.311523,2.579102
11987,-9554.958008,-9555.462891,0.504883
11988,-10969.611328,-10970.140625,0.529297
11989,-11946.985352,-11948.043945,1.058594
11990,-9463.703125,-9462.936523,0.766602
11991,-12386.515625,-12385.433594,1.082031
11992,-11000.769531,-11002.599609,1.830078
11993,-12384.559570,-12385.135742,0.576172
11994,-11922.974609,-11923.351562,0.376953
11995,-11917.712891,-11916.507812,1.205078
11996,-10566.570312,-10566.371094,0.199219
11997,-10835.125000,-10834.458984,0.666016
11998,-10338.428711,-10338.271484,0.157227
11999,-9359.906250,-9360.518555,0.612305
12000,-10972.581055,-10971.627930,0.953125
12001,-10799.222656,-10799.043945,0.178711
12002,-10567.286133,-10566.074219,1.211914
12003,-10971.187500,-10970.386719,0.800781
12004,-11948.113281,-11947.975586,0.137695
12005,-12926.098633,-12925.832031,0.266602
12006,-12299.243164,-12286.728516,12.514648
12007,-9869.563477,-9868.818359,0.745117
12008,-11038.485352,-11035.824219,2.661133
12009,-11373.148438,-11371.791992,1.356445
12010,-10416.098633,-10415.883789,0.214844
12011,-11376.145508,-11375.976562,0.168945
12012,-10565.489258,-10564.793945,0.695312
12013,-11542.754883,-11543.561523,0.806641
12014,-10531.711914,-10531.724609,0.012695
12015,-11951.785156,-11948.493164,3.291992
12016,-9497.650391,-9496.975586,0.674805
12017,-11542.442383,-11543.391602,0.949219
12018,-11511.746094,-11511.828125,0.082031
12019,-11450.890625,-11451.672852,0.782227
12020,-10532.487305,-10532.741211,0.253906
12021,-11512.185547,-11513.061523,0.875977
12022,-10936.347656,-10937.351562,1.003906
12023,-10533.745117,-10532.748047,0.997070
12024,-11512.875000,-11511.389648,1.485352
12025,-13365.389648,-13363.389648,2.000000
12026,-10430.121094,-10429.109375,1.011719
12027,-10565.579102,-10565.215820,0.363281
12028,-10500.953125,-10501.007812,0.054688
12029,-9303.200195,-9301.929688,1.270508
12030,-10499.215820,-10500.135742,0.919922
12031,-9563.090820,-9562.669922,0.420898
12032,-11377.185547,-11372.868164,4.317383
12033,-10969.858398,-10969.625000,0.233398
12034,-11341.862305,-11342.734375,0.872070
12035,-11479.990234,-11478.386719,1.603516
12036,-10970.158203,-10967.420898,2.737305
12037,-12419.005859,-12417.774414,1.231445
12038,-10532.579102,-10531.986328,0.592773
12039,-10497.094727,-10499.859375,2.764648
12040,-11001.775391,-11002.541016,0.765625
12041,-12553.541992,-12554.254883,0.712891
12042,-11813.115234,-11812.536133,0.579102
12043,-12455.771484,-12455.337891,0.433594
12044,-9926.109375,-9926.305664,0.196289
12045,-11912.613281,-11912.979492,0.366211
12046,-9890.486328,-9889.974609,0.511719
12047,-10969.582031,-10968.153320,1.428711
12048,-11511.024414,-11511.324219,0.299805
12049,-9954.166992,-9956.500977,2.333984
12050,-10534.265625,-10533.287109,0.978516
12051,-11576.141602,-11576.047852,0.093750
12052,-9326.239258,-9325.749023,0.490234
12053,-11544.410156,-11543.657227,0.752930
12054,-12791.001953,-12791.848633,0.846680
12055,-10934.704102,-10936.402344,1.698242
12056,-9991.076172,-9990.863281,0.212891
12057,-11420.002930,-11419.777344,0.225586
12058,-10501.404297,-10501.027344,0.376953
12059,-11477.648438,-11477.099609,0.548828
12060,-11543.396484,-11543.283203,0.113281
12061,-10937.459961,-10934.160156,3.299805
12062,-9496.139648,-9495.842773,0.296875
12063,-10364.486328,-10362.895508,1.590820
12064,-11004.072266,-11001.943359,2.128906
12065,-10566.725586,-10565.379883,1.345703
12066,-11845.247070,-11844.108398,1.138672
12067,-11950.106445,-11946.321289,3.785156
12068,-11408.071289,-11407.567383,0.503906
12069,-9921.786133,-9924.195312,2.409180
12070,-11510.559570,-11510.975586,0.416016
12071,-10967.467773,-10969.079102,1.611328
12072,-9902.746094,-9902.301758,0.444336
12073,-11542.375000,-11542.664062,0.289062
12074,-11945.166992,-11946.875000,1.708008
12075,-8921.191406,-8921.657227,0.465820
12076,-12552.789062,-12555.160156,2.371094
12077,-10502.452148,-10501.585938,0.866211
12078,-10304.430664,-10305.306641,0.875977
12079,-11913.721680,-11914.943359,1.221680
12080,-11916.670898,-11916.783203,0.112305
12081,-10938.602539,-10938.039062,0.563477
12082,-8586.323242,-8585.040039,1.283203
12083,-13334.285156,-13332.839844,1.445312
12084,-9959.978516,-9961.256836,1.278320
12085,-9868.610352,-9868.907227,0.296875
12086,-11544.049805,-11543.691406,0.358398
12087,-12350.653320,-12352.953125,2.299805
12088,-10971.553711,-10970.111328,1.442383
12089,-13363.222656,-13364.224609,1.001953
12090,-10970.224609,-10968.824219,1.400391
12091,-11448.058594,-11446.186523,1.872070
12092,-8695.016602,-8695.692383,0.675781
12093,-10567.565430,-10566.725586,0.839844
12094,-11936.663086,-11937.886719,1.223633
12095,-7386.322266,-7383.439453,2.882812
12096,-9520.879883,-9522.218750,1.338867
12097,-10934.399414,-10936.403320,2.003906
12098,-11913.658203,-11913.423828,0.234375
12099,-9957.074219,-9957.968750,0.894531
12100,-10936.988281,-10937.362305,0.374023
12101,-10870.880859,-10870.254883,0.625977
12102,-11944.104492,-11945.358398,1.253906
12103,-11884.493164,-11883.898438,0.594727
12104,-11781.331055,-11777.142578,4.188477
12105,-11576.287109,-11577.117188,0.830078
12106,-11779.450195,-11778.905273,0.544922
12107,-9924.955078,-9925.774414,0.819336
12108,-12215.109375,-12217.826172,2.716797
12109,-12994.297852,-12992.534180,1.763672
12110,-10936.880859,-10938.557617,1.676758
12111,-11917.029297,-11915.089844,1.939453
12112,-11510.953125,-11509.768555,1.184570
12113,-11543.098633,-11543.524414,0.425781
12114,-11947.557617,-11948.920898,1.363281
12115,-10870.281250,-10872.882812,2.601562
12116,-11914.409180,-11913.355469,1.053711
12117,-11446.190430,-11444.810547,1.379883
12118,-8859.871094,-8854.463867,5.407227
12119,-11912.100586,-11914.541992,2.441406
12120,-10394.940430,-10394.815430,0.125000
12121,-11511.353516,-11510.620117,0.733398
12122,-11512.934570,-11511.878906,1.055664
12123,-12386.375000,-12386.170898,0.204102
12124,-11509.021484,-11510.165039,1.143555
12125,-10969.019531,-10969.215820,0.196289
12126,-10364.166016,-10363.792969,0.373047
12127,-11440.250000,-11441.008789,0.758789
12128,-6383.829102,-6381.631348,2.197754
12129,-9869.300781,-9868.389648,0.911133
12130,-10938.129883,-10937.440430,0.689453
12131,-12990.238281,-12990.039062,0.199219
12132,-11543.356445,-11543.537109,0.180664
12133,-10896.918945,-10898.783203,1.864258
12134,-12520.248047,-12521.645508,1.397461
12135,-11510.794922,-11509.259766,1.535156
12136,-10938.454102,-10936.504883,1.949219
12137,-11511.170898,-11509.686523,1.484375
12138,-10939.594727,-10938.443359,1.151367
12139,-9958.215820,-9957.558594,0.657227
12140,-12785.818359,-12789.631836,3.813477
12141,-11339.404297,-11342.224609,2.820312
12142,-10819.238281,-10821.750977,2.512695
12143,-10532.171875,-10533.207031,1.035156
12144,-10532.245117,-10533.148438,0.903320
12145,-11451.353516,-11450.957031,0.396484
12146,-9556.607422,-9555.958008,0.649414
12147,-12556.663086,-12554.629883,2.033203
12148,-9484.279297,-9488.345703,4.066406
12149,-10971.159180,-10970.406250,0.752930
12150,-12466.554688,-12465.509766,1.044922
12151,-11544.722656,-11544.213867,0.508789
12152,-9868.653320,-9867.686523,0.966797
12153,-11948.969727,-11948.788086,0.181641
12154,-10497.537109,-10498.950195,1.413086
12155,-9590.577148,-9589.203125,1.374023
12156,-12541.922852,-12538.320312,3.602539
12157,-10361.604492,-10361.820312,0.215820
12158,-9925.356445,-9924.271484,1.084961
12159,-11948.926758,-11947.903320,1.023438
12160,-11511.632812,-11511.740234,0.107422
12161,-8519.510742,-8519.652344,0.141602
12162,-10498.075195,-10499.029297,0.954102
12163,-8831.168945,-8831.593750,0.424805
12164,-10900.812500,-10903.615234,2.802734
12165,-11846.188477,-11845.018555,1.169922
12166,-11513.816406,-11512.378906,1.437500
12167,-10936.647461,-10937.553711,0.906250
12168,-12485.889648,-12487.874023,1.984375
12169,-11511.431641,-11512.185547,0.753906
12170,-10970.026367,-10969.005859,1.020508
12171,-10565.572266,-10565.979492,0.407227
12172,-12417.830078,-12418.731445,0.901367
12173,-10565.829102,-10565.971680,0.142578
12174,-11451.218750,-11451.702148,0.483398
12175,-12521.690430,-12522.518555,0.828125
12176,-10968.713867,-10969.009766,0.295898
12177,-10880.466797,-10880.896484,0.429688
12178,-8428.431641,-8427.137695,1.293945
12179,-10500.761719,-10501.418945,0.657227
12180,-12348.258789,-12351.647461,3.388672
12181,-10440.539062,-10443.676758,3.137695
12182,-9562.720703,-9562.537109,0.183594
12183,-9870.392578,-9869.110352,1.282227
12184,-11980.843750,-11979.871094,0.972656
12185,-10904.910156,-10905.679688,0.769531
12186,-11545.063477,-11543.580078,1.483398
12187,-10970.396484,-10970.602539,0.206055
12188,-10566.025391,-10566.403320,0.377930
12189,-9927.383789,-9925.245117,2.138672
12190,-10906.582031,-10907.139648,0.557617
12191,-11951.769531,-11947.797852,3.971680
12192,-11541.940430,-11542.853516,0.913086
12193,-10366.744141,-10365.331055,1.413086
12194,-10307.080078,-10306.576172,0.503906
12195,-9324.777344,-9326.989258,2.211914
12196,-12387.979492,-12385.807617,2.171875
12197,-8222.848633,-8224.344727,1.496094
12198,-11210.286133,-11210.719727,0.433594
12199,-10775.103516,-10775.470703,0.367188
12200,-10907.025391,-10905.796875,1.228516
12201,-8857.430664,-8855.535156,1.895508
12202,-11478.420898,-11476.340820,2.080078
12203,-10565.312500,-10566.517578,1.205078
12204,-11280.672852,-11283.379883,2.707031
12205,-9869.658203,-9866.964844,2.693359
12206,-8831.679688,-8831.786133,0.106445
12207,-11510.910156,-11511.826172,0.916016
12208,-9620.881836,-9621.593750,0.711914
12209,-12489.757812,-12489.107422,0.650391
12210,-10970.196289,-10970.968750,0.772461
12211,-10970.666992,-10971.160156,0.493164
12212,-11948.053711,-11946.928711,1.125000
12213,-11000.787109,-11001.728516,0.941406
12214,-10565.788086,-10565.314453,0.473633
12215,-9555.583008,-9555.926758,0.343750
12216,-9519.892578,-9520.900391,1.007812
12217,-12485.929688,-12488.267578,2.337891
12218,-11376.380859,-11376.414062,0.033203
12219,-10831.188477,-10832.748047,1.559570
12220,-9520.934570,-9522.792969,1.858398
12221,-11374.944336,-11375.898438,0.954102
12222,-10938.271484,-10938.284180,0.012695
12223,-9839.820312,-9842.831055,3.010742
12224,-12961.463867,-12958.631836,2.832031
12225,-11946.064453,-11948.494141,2.429688
12226,-11847.554688,-11845.505859,2.048828
12227,-6732.040527,-6726.686523,5.354004
12228,-11510.759766,-11509.458984,1.300781
12229,-12790.489258,-12790.232422,0.256836
12230,-11486.159180,-11484.568359,1.590820
12231,-13468.061523,-13468.075195,0.013672
12232,-10936.948242,-10937.352539,0.404297
12233,-10531.921875,-10532.299805,0.377930
12234,-12484.709961,-12487.328125,2.618164
12235,-12550.904297,-12552.922852,2.018555
12236,-11945.389648,-11948.337891,2.948242
12237,-12684.721680,-12686.173828,1.452148
12238,-11980.199219,-11979.493164,0.706055
12239,-12784.424805,-12788.109375,3.684570
12240,-8487.408203,-8484.529297,2.878906
12241,-12923.803711,-12925.813477,2.009766
12242,-10904.694336,-10906.330078,1.635742
12243,-12143.180664,-12142.253906,0.926758
12244,-11373.941406,-11375.086914,1.145508
12245,-12347.219727,-12350.865234,3.645508
12246,-12356.409180,-12353.662109,2.747070
12247,-13467.835938,-13467.598633,0.237305
12248,-12383.778320,-12384.998047,1.219727
12249,-11508.134766,-11509.355469,1.220703
12250,-12490.792969,-12488.821289,1.971680
12251,-11542.317383,-11541.908203,0.409180
12252,-7796.047852,-7796.536133,0.488281
12253,-9935.452148,-9934.059570,1.392578
12254,-11915.803711,-11916.478516,0.674805
12255,-11947.118164,-11948.502930,1.384766
12256,-12386.398438,-12385.011719,1.386719
12257,-10768.480469,-10767.436523,1.043945
12258,-11445.482422,-11445.287109,0.195312
12259,-11442.333008,-11444.647461,2.314453
12260,-10903.631836,-10904.783203,1.151367
12261,-12399.099609,-12401.580078,2.480469
12262,-11453.264648,-11452.029297,1.235352
12263,-10501.179688,-10501.178711,0.000977
12264,-11511.378906,-11510.474609,0.904297
12265,-10496.728516,-10499.534180,2.805664
12266,-12929.325195,-12927.075195,2.250000
12267,-10665.479492,-10671.709961,6.230469
12268,-11375.424805,-11374.250977,1.173828
12269,-10970.082031,-10969.775391,0.306641
12270,-10936.663086,-10936.307617,0.355469
12271,-11283.939453,-11283.548828,0.390625
12272,-11344.998047,-11342.685547,2.312500
12273,-10597.334961,-10598.592773,1.257812
12274,-8887.807617,-8887.724609,0.083008
12275,-10911.059570,-10911.947266,0.887695
12276,-10939.903320,-10938.453125,1.450195
12277,-11513.418945,-11512.050781,1.368164
12278,-10464.730469,-10464.731445,0.000977
12279,-11948.344727,-11948.040039,0.304688
12280,-11545.762695,-11545.197266,0.565430
12281,-11575.969727,-11575.915039,0.054688
12282,-12491.696289,-12490.449219,1.247070
12283,-12418.227539,-12418.568359,0.340820
12284,-12354.192383,-12353.957031,0.235352
12285,-9486.578125,-9487.285156,0.707031
12286,-9557.541992,-9555.757812,1.784180
12287,-11812.371094,-11810.682617,1.688477
12288,-12895.204102,-12892.878906,2.325195
12289,-11578.687500,-11576.670898,2.016602
12290,-10535.184570,-10534.090820,1.093750
12291,-10939.088867,-10938.218750,0.870117
12292,-11479.373047,-11476.446289,2.926758
12293,-12488.106445,-12489.096680,0.990234
12294,-10565.074219,-10566.285156,1.210938
12295,-10499.987305,-10498.952148,1.035156
12296,-11509.794922,-11510.447266,0.652344
12297,-11859.250000,-11857.721680,1.528320
12298,-10634.945312,-10638.911133,3.965820
12299,-10441.250000,-10440.970703,0.279297
12300,-10464.523438,-10466.426758,1.903320
12301,-7655.906738,-7659.477051,3.570312
12302,-12823.984375,-12821.803711,2.180664
12303,-9295.347656,-9295.132812,0.214844
12304,-10798.779297,-10800.167969,1.388672
12305,-10879.169922,-10876.482422,2.687500
12306,-12210.941406,-12214.909180,3.967773
12307,-11510.380859,-11511.856445,1.475586
12308,-11369.475586,-11371.657227,2.181641
12309,-10935.338867,-10935.672852,0.333984
12310,-11348.903320,-11350.060547,1.157227
12311,-10937.889648,-10935.648438,2.241211
12312,-12351.895508,-12353.635742,1.740234
12313,-10833.557617,-10832.868164,0.689453
12314,-12992.815430,-12991.909180,0.906250
12315,-11477.696289,-11477.710938,0.014648
12316,-10500.036133,-10499.632812,0.403320
12317,-10833.875977,-10833.434570,0.441406
12318,-9529.967773,-9530.136719,0.168945
12319,-10935.861328,-10936.075195,0.213867
12320,-12353.056641,-12350.774414,2.282227
12321,-12247.612305,-12247.668945,0.056641
12322,-12694.040039,-12697.243164,3.203125
12323,-12010.128906,-12013.096680,2.967773
12324,-8487.653320,-8486.542969,1.110352
12325,-10430.702148,-10429.233398,1.468750
12326,-11950.018555,-11948.964844,1.053711
12327,-10312.322266,-10303.595703,8.726562
12328,-11346.548828,-11343.536133,3.012695
12329,-11877.750977,-11877.977539,0.226562
12330,-12386.562500,-12384.972656,1.589844
12331,-10476.203125,-10475.108398,1.094727
12332,-10803.184570,-10802.212891,0.971680
12333,-10969.419922,-10969.312500,0.107422
12334,-7385.251953,-7382.909668,2.342285
12335,-11507.024414,-11507.931641,0.907227
12336,-11949.211914,-11948.967773,0.244141
12337,-12487.020508,-12487.824219,0.803711
12338,-11476.506836,-11477.658203,1.151367
12339,-11269.138672,-11270.548828,1.410156
12340,-11408.440430,-11407.225586,1.214844
12341,-8427.049805,-8426.655273,0.394531
12342,-10599.161133,-10598.983398,0.177734
12343,-11947.481445,-11947.862305,0.380859
12344,-10600.099609,-10598.463867,1.635742
12345,-11375.087891,-11374.971680,0.116211
12346,-10935.932617,-10934.703125,1.229492
12347,-12894.621094,-12894.855469,0.234375
12348,-10532.443359,-10532.817383,0.374023
12349,-11510.887695,-11511.251953,0.364258
12350,-11002.650391,-11002.527344,0.123047
12351,-10336.684570,-10337.485352,0.800781
12352,-12960.284180,-12959.718750,0.565430
12353,-11811.449219,-11811.780273,0.331055
12354,-11206.584961,-11205.866211,0.718750
12355,-11979.862305,-11979.900391,0.038086
12356,-10835.154297,-10833.939453,1.214844
12357,-11507.083008,-11506.904297,0.178711
12358,-11544.465820,-11543.623047,0.842773
12359,-10442.290039,-10441.311523,0.978516
12360,-10471.065430,-10473.149414,2.083984
12361,-10443.186523,-10440.894531,2.291992
12362,-11881.898438,-11880.155273,1.743164
12363,-10937.774414,-10938.527344,0.752930
12364,-12961.324219,-12959.767578,1.556641
12365,-11949.698242,-11947.367188,2.331055
12366,-12553.040039,-12553.592773,0.552734
12367,-11375.763672,-11375.942383,0.178711
12368,-10973.751953,-10971.208008,2.543945
12369,-12385.695312,-12386.887695,1.192383
12370,-12483.737305,-12487.712891,3.975586
12371,-11813.766602,-11813.233398,0.533203
12372,-10363.638672,-10363.275391,0.363281
12373,-10361.132812,-10362.317383,1.184570
12374,-11375.707031,-11374.436523,1.270508
12375,-12554.062500,-12554.103516,0.041016
12376,-11509.596680,-11510.914062,1.317383
12377,-9990.721680,-9990.687500,0.034180
12378,-12386.250977,-12385.781250,0.469727
12379,-10867.063477,-10867.144531,0.081055
12380,-12489.506836,-12489.932617,0.425781
12381,-10941.169922,-10939.156250,2.013672
12382,-10532.935547,-10532.429688,0.505859
12383,-11950.194336,-11948.960938,1.233398
12384,-15495.680664,-15493.582031,2.098633
12385,-10532.224609,-10531.791016,0.433594
12386,-10531.334961,-10532.267578,0.932617
12387,-10500.181641,-10500.027344,0.154297
12388,-10530.080078,-10531.606445,1.526367
12389,-11344.892578,-11343.482422,1.410156
12390,-12489.380859,-12488.796875,0.583984
12391,-10564.842773,-10564.516602,0.326172
12392,-12553.167969,-12553.500977,0.333008
12393,-11374.272461,-11373.356445,0.916016
12394,-11948.266602,-11948.206055,0.060547
12395,-10296.540039,-10298.045898,1.505859
12396,-11906.428711,-11914.936523,8.507812
12397,-9555.499023,-9555.211914,0.287109
12398,-7855.093262,-7852.758301,2.334961
12399,-10567.243164,-10566.458984,0.784180
12400,-10965.950195,-10967.410156,1.459961
12401,-10931.511719,-10934.353516,2.841797
12402,-10937.653320,-10937.431641,0.221680
12403,-10395.566406,-10395.473633,0.092773
12404,-10969.711914,-10968.731445,0.980469
12405,-10395.867188,-10396.269531,0.402344
12406,-12354.519531,-12351.821289,2.698242
12407,-11377.344727,-11374.628906,2.715820
12408,-9552.440430,-9554.616211,2.175781
12409,-10474.641602,-10474.910156,0.268555
12410,-10935.797852,-10933.088867,2.708984
12411,-12353.065430,-12352.416992,0.648438
12412,-10906.607422,-10904.797852,1.809570
12413,-10938.640625,-10937.010742,1.629883
12414,-9463.782227,-9463.112305,0.669922
12415,-10461.898438,-10464.328125,2.429688
12416,-12555.853516,-12555.421875,0.431641
12417,-10530.898438,-10531.822266,0.923828
12418,-11478.778320,-11477.810547,0.967773
12419,-8890.799805,-8892.064453,1.264648
12420,-11476.566406,-11476.378906,0.187500
12421,-10305.750977,-10302.645508,3.105469
12422,-9463.646484,-9463.025391,0.621094
12423,-10499.649414,-10498.764648,0.884766
12424,-11002.685547,-11002.570312,0.115234
12425,-12789.027344,-12789.476562,0.449219
12426,-11946.527344,-11947.522461,0.995117
12427,-9524.627930,-9522.598633,2.029297
12428,-10967.759766,-10969.326172,1.566406
12429,-10973.295898,-10971.406250,1.889648
12430,-11373.404297,-11373.421875,0.017578
12431,-11408.299805,-11408.570312,0.270508
12432,-13549.286133,-13547.093750,2.192383
12433,-11512.209961,-11511.049805,1.160156
12434,-10969.721680,-10970.468750,0.747070
12435,-11375.682617,-11375.171875,0.510742
12436,-12490.794922,-12490.399414,0.395508
12437,-11917.333984,-11915.454102,1.879883
12438,-12956.190430,-12957.228516,1.038086
12439,-9430.512695,-9430.093750,0.418945
12440,-11916.214844,-11914.632812,1.582031
12441,-11981.759766,-11981.793945,0.034180
12442,-11543.919922,-11543.256836,0.663086
12443,-10024.451172,-10023.947266,0.503906
12444,-10473.939453,-10474.625977,0.686523
12445,-12554.903320,-12553.352539,1.550781
12446,-12322.149414,-12321.809570,0.339844
12447,-11501.327148,-11501.708008,0.380859
12448,-11001.910156,-11002.413086,0.502930
12449,-10507.710938,-10507.179688,0.531250
12450,-10913.293945,-10911.967773,1.326172
12451,-11948.457031,-11948.794922,0.337891
12452,-11948.488281,-11947.969727,0.518555
12453,-9924.381836,-9926.422852,2.041016
12454,-10803.653320,-10801.679688,1.973633
12455,-11445.047852,-11443.900391,1.147461
12456,-11916.700195,-11916.315430,0.384766
12457,-11411.967773,-11407.635742,4.332031
12458,-10396.091797,-10395.275391,0.816406
12459,-11374.693359,-11374.417969,0.275391
12460,-12455.058594,-12454.621094,0.437500
12461,-12383.520508,-12384.245117,0.724609
12462,-11511.341797,-11510.370117,0.971680
12463,-12351.871094,-12353.867188,1.996094
12464,-11946.132812,-11948.108398,1.975586
12465,-10305.466797,-10305.565430,0.098633
12466,-11409.293945,-11407.496094,1.797852
12467,-11812.342773,-11812.854492,0.511719
12468,-10940.437500,-10939.647461,0.790039
12469,-11000.519531,-11003.531250,3.011719
12470,-11946.844727,-11948.515625,1.670898
12471,-11480.990234,-11479.091797,1.898438
12472,-10937.699219,-10937.833984,0.134766
12473,-11913.679688,-11914.772461,1.092773
12474,-10970.027344,-10970.595703,0.568359
12475,-8495.105469,-8493.396484,1.708984
12476,-9523.848633,-9523.562500,0.286133
12477,-10802.887695,-10800.915039,1.972656
12478,-8419.924805,-8419.189453,0.735352
12479,-10442.541016,-10440.637695,1.903320
12480,-12489.466797,-12488.458984,1.007812
12481,-12927.648438,-12926.360352,1.288086
12482,-11033.854492,-11034.903320,1.048828
12483,-9341.898438,-9341.574219,0.324219
12484,-12789.175781,-12789.833984,0.658203
12485,-10269.250000,-10270.809570,1.559570
12486,-10500.496094,-10500.395508,0.100586
12487,-10598.865234,-10598.387695,0.477539
12488,-11948.638672,-11947.937500,0.701172
12489,-12017.685547,-12014.369141,3.316406
12490,-10901.513672,-10901.960938,0.447266
12491,-12956.471680,-12958.717773,2.246094
12492,-12924.500000,-12925.736328,1.236328
12493,-12519.732422,-12520.117188,0.384766
12494,-11914.804688,-11916.593750,1.789062
12495,-9900.313477,-9900.012695,0.300781
12496,-11372.737305,-11374.791992,2.054688
12497,-9893.348633,-9894.431641,1.083008
12498,-9499.364258,-9496.255859,3.108398
12499,-12386.125977,-12385.538086,0.587891
12500,-11512.367188,-11511.901367,0.465820
12501,-11917.395508,-11916.521484,0.874023
12502,-9520.621094,-9522.009766,1.388672
12503,-11510.878906,-11511.726562,0.847656
12504,-11575.958984,-11576.265625,0.306641
12505,-11947.704102,-11947.481445,0.222656
12506,-10831.809570,-10833.066406,1.256836
12507,-10427.660156,-10426.614258,1.045898
12508,-11509.886719,-11509.285156,0.601562
12509,-10939.797852,-10937.142578,2.655273
12510,-10471.442383,-10470.156250,1.286133
12511,-11913.999023,-11914.144531,0.145508
12512,-10598.924805,-10599.164062,0.239258
12513,-11341.115234,-11340.574219,0.541016
12514,-12521.644531,-12521.971680,0.327148
12515,-9462.410156,-9464.014648,1.604492
12516,-10935.141602,-10936.075195,0.933594
12517,-10441.488281,-10440.720703,0.767578
12518,-12488.263672,-12488.222656,0.041016
12519,-11673.721680,-11674.624023,0.902344
12520,-11913.911133,-11915.987305,2.076172
12521,-11475.427734,-11476.218750,0.791016
12522,-10566.630859,-10566.010742,0.620117
12523,-10501.343750,-10501.217773,0.125977
12524,-11337.943359,-11339.150391,1.207031
12525,-10968.521484,-10968.721680,0.200195
12526,-11407.315430,-11407.046875,0.268555
12527,-11542.413086,-11542.819336,0.406250
12528,-10533.351562,-10532.772461,0.579102
12529,-11185.807617,-11180.385742,5.421875
12530,-11950.408203,-11948.872070,1.536133
12531,-11340.071289,-11341.495117,1.423828
12532,-12819.602539,-12823.544922,3.942383
12533,-10867.057617,-10866.632812,0.424805
12534,-9563.582031,-9562.621094,0.960938
12535,-10500.383789,-10499.909180,0.474609
12536,-8863.392578,-8863.546875,0.154297
12537,-10931.108398,-10933.795898,2.687500
12538,-9897.391602,-9899.166016,1.774414
12539,-10969.925781,-10969.308594,0.617188
12540,-12247.921875,-12249.253906,1.332031
12541,-11375.302734,-11374.999023,0.303711
12542,-8362.306641,-8361.823242,0.483398
12543,-11981.383789,-11981.636719,0.252930
12544,-12552.900391,-12553.167969,0.267578
12545,-11916.505859,-11915.774414,0.731445
12546,-11004.544922,-11003.811523,0.733398
12547,-13764.449219,-13765.492188,1.042969
12548,-9902.113281,-9899.351562,2.761719
12549,-11544.883789,-11544.157227,0.726562
12550,-10532.364258,-10532.548828,0.184570
12551,-11945.677734,-11946.094727,0.416992
12552,-11543.357422,-11543.978516,0.621094
12553,-10363.339844,-10362.700195,0.639648
12554,-9901.292969,-9900.305664,0.987305
12555,-11948.873047,-11948.155273,0.717773
12556,-12318.144531,-12319.646484,1.501953
12557,-10566.093750,-10565.218750,0.875000
12558,-10499.334961,-10499.853516,0.518555
12559,-11542.793945,-11543.129883,0.335938
12560,-9830.211914,-9829.613281,0.598633
12561,-10865.451172,-10866.884766,1.433594
12562,-11510.102539,-11510.065430,0.037109
12563,-11476.103516,-11477.975586,1.872070
12564,-10532.808594,-10533.441406,0.632812
12565,-11342.146484,-11341.320312,0.826172
12566,-11439.833008,-11440.092773,0.259766
12567,-9523.666016,-9521.895508,1.770508
12568,-6351.919922,-6355.107422,3.187500
12569,-11375.126953,-11375.203125,0.076172
12570,-12520.883789,-12521.398438,0.514648
12571,-11778.422852,-11780.089844,1.666992
12572,-11371.720703,-11373.123047,1.402344
12573,-10767.148438,-10770.233398,3.084961
12574,-10902.409180,-10904.189453,1.780273
12575,-11980.953125,-11979.556641,1.396484
12576,-11238.320312,-11239.189453,0.869141
12577,-9925.196289,-9924.580078,0.616211
12578,-10834.255859,-10836.136719,1.880859
12579,-11949.452148,-11948.609375,0.842773
12580,-9486.602539,-9489.573242,2.970703
12581,-11808.800781,-11811.947266,3.146484
12582,-10969.800781,-10970.554688,0.753906
12583,-10799.713867,-10802.052734,2.338867
12584,-10534.546875,-10534.007812,0.539062
12585,-10967.245117,-10967.800781,0.555664
12586,-10938.985352,-10938.289062,0.696289
12587,-11543.147461,-11544.190430,1.042969
12588,-10902.415039,-10904.676758,2.261719
12589,-12246.632812,-12246.477539,0.155273
12590,-9899.742188,-9898.403320,1.338867
12591,-10970.645508,-10968.815430,1.830078
12592,-12522.963867,-12521.866211,1.097656
12593,-11286.700195,-11283.859375,2.840820
12594,-12015.144531,-12014.482422,0.662109
12595,-11233.742188,-11234.831055,1.088867
12596,-11778.653320,-11779.787109,1.133789
12597,-9522.747070,-9521.950195,0.796875
12598,-11338.416016,-11339.755859,1.339844
12599,-12956.479492,-12956.753906,0.274414
12600,-11948.615234,-11949.198242,0.583008
12601,-9964.052734,-9965.387695,1.334961
12602,-11476.111328,-11476.025391,0.085938
12603,-11577.035156,-11577.029297,0.005859
12604,-11843.983398,-11843.122070,0.861328
12605,-11510.208984,-11511.248047,1.039062
12606,-11509.403320,-11509.602539,0.199219
12607,-9556.637695,-9555.620117,1.017578
12608,-11977.266602,-11978.836914,1.570312
12609,-9462.865234,-9461.733398,1.131836
12610,-12959.014648,-12959.935547,0.920898
12611,-11041.718750,-11041.415039,0.303711
12612,-10501.370117,-10499.047852,2.322266
12613,-11407.336914,-11405.506836,1.830078
12614,-13363.867188,-13364.164062,0.296875
12615,-10463.452148,-10464.302734,0.850586
12616,-12321.734375,-12321.402344,0.332031
12617,-10442.745117,-10441.871094,0.874023
12618,-10429.038086,-10428.684570,0.353516
12619,-10395.611328,-10396.472656,0.861328
12620,-11813.913086,-11813.163086,0.750000
12621,-10500.225586,-10499.475586,0.750000
12622,-10501.037109,-10501.367188,0.330078
12623,-12488.747070,-12487.960938,0.786133
12624,-11950.311523,-11948.104492,2.207031
12625,-9530.238281,-9530.271484,0.033203
12626,-9900.246094,-9900.424805,0.178711
12627,-10441.841797,-10441.725586,0.116211
12628,-12318.497070,-12319.612305,1.115234
12629,-10865.754883,-10870.879883,5.125000
12630,-11981.478516,-11982.090820,0.612305
12631,-10532.107422,-10532.986328,0.878906
12632,-11478.601562,-11478.751953,0.150391
12633,-9498.131836,-9496.527344,1.604492
12634,-11409.588867,-11407.490234,2.098633
12635,-11372.952148,-11374.064453,1.112305
12636,-11980.328125,-11980.765625,0.437500
12637,-11005.582031,-11004.542969,1.039062
12638,-11481.421875,-11479.126953,2.294922
12639,-11950.364258,-11947.790039,2.574219
12640,-11916.059570,-11916.263672,0.204102
12641,-12017.141602,-12013.071289,4.070312
12642,-10564.221680,-10565.500000,1.278320
12643,-11512.093750,-11511.471680,0.622070
12644,-11811.335938,-11813.346680,2.010742
12645,-11981.258789,-11980.699219,0.559570
12646,-11739.492188,-11739.523438,0.031250
12647,-11375.278320,-11375.391602,0.113281
12648,-11510.305664,-11510.246094,0.059570
12649,-12789.473633,-12788.123047,1.350586
12650,-12278.015625,-12279.908203,1.892578
12651,-11480.028320,-11476.718750,3.309570
12652,-10565.238281,-10565.458984,0.220703
12653,-9269.857422,-9269.337891,0.519531
12654,-13470.504883,-13468.152344,2.352539
12655,-10971.332031,-10970.143555,1.188477
12656,-10360.770508,-10362.235352,1.464844
12657,-10501.008789,-10501.647461,0.638672
12658,-11980.627930,-11980.708984,0.081055
12659,-10328.583008,-10329.351562,0.768555
12660,-12959.396484,-12959.517578,0.121094
12661,-10148.149414,-10143.499023,4.650391
12662,-10532.665039,-10532.112305,0.552734
12663,-9554.562500,-9554.590820,0.028320
12664,-10934.735352,-10935.409180,0.673828
12665,-12247.105469,-12249.369141,2.263672
12666,-12385.115234,-12384.323242,0.791992
12667,-12321.966797,-12321.892578,0.074219
12668,-11445.975586,-11444.824219,1.151367
12669,-9556.142578,-9555.213867,0.928711
12670,-9525.084961,-9523.236328,1.848633
12671,-10532.971680,-10533.560547,0.588867
12672,-9370.423828,-9371.129883,0.706055
12673,-12455.807617,-12455.167969,0.639648
12674,-11577.214844,-11576.645508,0.569336
12675,-10969.946289,-10969.223633,0.722656
12676,-10532.666016,-10531.841797,0.824219
12677,-11844.173828,-11845.225586,1.051758
12678,-11979.322266,-11981.469727,2.147461
12679,-11510.120117,-11510.615234,0.495117
12680,-11513.821289,-11511.251953,2.569336
12681,-10499.615234,-10498.400391,1.214844
12682,-9524.221680,-9521.704102,2.517578
12683,-6381.665039,-6380.693848,0.971191
12684,-11510.411133,-11511.133789,0.722656
12685,-11544.161133,-11544.431641,0.270508
12686,-11947.966797,-11947.368164,0.598633
12687,-11406.071289,-11406.686523,0.615234
12688,-11946.051758,-11948.007812,1.956055
12689,-12416.331055,-12418.224609,1.893555
12690,-10501.515625,-10501.249023,0.266602
12691,-11510.972656,-11510.480469,0.492188
12692,-11778.611328,-11778.380859,0.230469
12693,-10365.781250,-10363.706055,2.075195
12694,-11208.977539,-11210.805664,1.828125
12695,-10865.104492,-10866.003906,0.899414
12696,-10339.264648,-10338.722656,0.541992
12697,-10564.940430,-10564.735352,0.205078
12698,-10533.561523,-10532.683594,0.877930
12699,-9956.539062,-9957.275391,0.736328
12700,-10999.916992,-11001.412109,1.495117
12701,-8455.751953,-8454.168945,1.583008
12702,-11911.845703,-11914.417969,2.572266
12703,-11374.251953,-11375.385742,1.133789
12704,-13499.142578,-13499.834961,0.692383
12705,-11912.084961,-11912.114258,0.029297
12706,-11271.882812,-11271.714844,0.167969
12707,-10428.627930,-10426.263672,2.364258
12708,-11543.300781,-11543.557617,0.256836
12709,-11947.994141,-11946.951172,1.042969
12710,-9933.033203,-9932.666016,0.367188
12711,-7446.679688,-7449.546875,2.867188
12712,-10507.640625,-10506.754883,0.885742
12713,-11341.020508,-11340.382812,0.637695
12714,-10936.057617,-10936.512695,0.455078
12715,-10933.724609,-10934.828125,1.103516
12716,-10969.920898,-10970.741211,0.820312
12717,-11478.368164,-11476.935547,1.432617
12718,-8519.567383,-8519.211914,0.355469
12719,-11405.668945,-11407.667969,1.999023
12720,-11979.995117,-11980.911133,0.916016
12721,-12416.689453,-12418.400391,1.710938
12722,-11303.993164,-11303.634766,0.358398
12723,-10534.374023,-10532.761719,1.612305
12724,-9845.454102,-9842.421875,3.032227
12725,-11911.900391,-11914.561523,2.661133
12726,-10499.961914,-10499.406250,0.555664
12727,-11476.273438,-11476.042969,0.230469
12728,-10935.364258,-10935.714844,0.350586
12729,-11254.060547,-11250.238281,3.822266
12730,-11473.658203,-11473.616211,0.041992
12731,-11880.590820,-11880.055664,0.535156
12732,-9406.177734,-9404.147461,2.030273
12733,-10364.595703,-10363.968750,0.626953
12734,-12385.508789,-12385.899414,0.390625
12735,-11981.232422,-11980.881836,0.350586
12736,-11846.067383,-11844.687500,1.379883
12737,-11474.644531,-11475.253906,0.609375
12738,-10500.946289,-10500.915039,0.031250
12739,-12928.025391,-12927.548828,0.476562
12740,-11001.208008,-11002.833008,1.625000
12741,-10971.540039,-10970.757812,0.782227
12742,-9324.913086,-9325.693359,0.780273
12743,-12490.221680,-12489.416992,0.804688
12744,-10846.140625,-10843.494141,2.646484
12745,-11542.455078,-11543.351562,0.896484
12746,-12355.228516,-12353.199219,2.029297
12747,-9268.445312,-9270.209961,1.764648
12748,-10970.574219,-10970.781250,0.207031
12749,-12958.038086,-12958.553711,0.515625
12750,-11475.626953,-11477.515625,1.888672
12751,-9523.179688,-9521.694336,1.485352
12752,-9556.038086,-9555.265625,0.772461
12753,-12892.813477,-12893.646484,0.833008
12754,-11374.283203,-11375.304688,1.021484
12755,-11372.198242,-11374.606445,2.408203
12756,-12521.550781,-12521.180664,0.370117
12757,-12281.381836,-12280.961914,0.419922
12758,-12415.541992,-12415.837891,0.295898
12759,-11511.024414,-11509.611328,1.413086
12760,-10598.175781,-10598.575195,0.399414
12761,-10535.549805,-10531.703125,3.846680
12762,-9554.587891,-9554.901367,0.313477
12763,-10430.333008,-10429.026367,1.306641
12764,-8425.211914,-8428.424805,3.212891
12765,-9362.539062,-9361.129883,1.409180
12766,-11341.875000,-11341.893555,0.018555
12767,-11212.837891,-11212.741211,0.096680
12768,-11375.232422,-11374.423828,0.808594
12769,-13329.857422,-13330.849609,0.992188
12770,-10939.903320,-10939.516602,0.386719
12771,-11949.433594,-11947.870117,1.563477
12772,-10935.726562,-10937.312500,1.585938
12773,-11843.219727,-11844.406250,1.186523
12774,-9901.304688,-9901.457031,0.152344
12775,-11544.181641,-11542.857422,1.324219
12776,-9960.322266,-9959.641602,0.680664
12777,-11508.760742,-11509.311523,0.550781
12778,-9988.531250,-9990.978516,2.447266
12779,-11512.367188,-11511.806641,0.560547
12780,-12459.825195,-12456.764648,3.060547
12781,-10363.274414,-10362.848633,0.425781
12782,-12246.925781,-12248.320312,1.394531
12783,-12349.922852,-12352.131836,2.208984
12784,-9271.084961,-9270.680664,0.404297
12785,-10804.957031,-10800.097656,4.859375
12786,-11544.242188,-11543.573242,0.668945
12787,-10903.763672,-10903.615234,0.148438
12788,-10904.566406,-10905.029297,0.462891
12789,-10500.467773,-10498.595703,1.872070
12790,-11373.769531,-11372.970703,0.798828
12791,-11545.782227,-11544.598633,1.183594
12792,-11406.968750,-11407.518555,0.549805
12793,-9924.391602,-9924.334961,0.056641
12794,-11945.873047,-11947.916992,2.043945
12795,-10532.504883,-10531.957031,0.547852
12796,-11406.865234,-11406.940430,0.075195
12797,-11946.649414,-11947.745117,1.095703
12798,-9922.517578,-9923.049805,0.532227
12799,-11948.602539,-11949.501953,0.899414
12800,-11948.407227,-11948.973633,0.566406
12801,-12924.759766,-12926.461914,1.702148
12802,-10498.221680,-10499.083008,0.861328
12803,-12958.173828,-12958.012695,0.161133
12804,-11845.752930,-11844.654297,1.098633
12805,-11510.681641,-11509.109375,1.572266
12806,-9927.988281,-9925.280273,2.708008
12807,-11372.437500,-11373.427734,0.990234
12808,-10937.955078,-10938.088867,0.133789
12809,-9326.266602,-9326.949219,0.682617
12810,-9359.380859,-9359.820312,0.439453
12811,-12429.357422,-12430.940430,1.583008
12812,-11473.333008,-11476.818359,3.485352
12813,-12791.143555,-12791.195312,0.051758
12814,-11001.667969,-11001.887695,0.219727
12815,-10913.248047,-10912.044922,1.203125
12816,-12551.483398,-12552.779297,1.295898
12817,-10972.749023,-10971.540039,1.208984
12818,-11543.059570,-11543.476562,0.416992
12819,-11377.580078,-11376.508789,1.071289
12820,-11776.599609,-11779.185547,2.585938
12821,-11913.986328,-11914.668945,0.682617
12822,-10743.208008,-10741.787109,1.420898
12823,-11962.892578,-11963.769531,0.876953
12824,-11947.135742,-11947.243164,0.107422
12825,-10798.949219,-10799.151367,0.202148
12826,-11945.568359,-11946.972656,1.404297
12827,-10934.617188,-10935.648438,1.031250
12828,-11706.347656,-11707.963867,1.616211
12829,-12957.765625,-12958.829102,1.063477
12830,-11510.322266,-11511.695312,1.373047
12831,-11982.012695,-11980.515625,1.497070
12832,-11000.663086,-11001.357422,0.694336
12833,-10370.676758,-10370.819336,0.142578
12834,-11945.966797,-11948.022461,2.055664
12835,-11946.079102,-11945.940430,0.138672
12836,-10970.998047,-10971.607422,0.609375
12837,-11502.401367,-11502.146484,0.254883
12838,-13432.779297,-13435.074219,2.294922
12839,-8921.808594,-8921.692383,0.116211
12840,-11406.475586,-11406.397461,0.078125
12841,-12381.240234,-12382.668945,1.428711
12842,-11704.897461,-11706.435547,1.538086
12843,-11979.167969,-11980.899414,1.731445
12844,-11545.994141,-11543.953125,2.041016
12845,-10531.510742,-10532.117188,0.606445
12846,-11373.795898,-11374.990234,1.194336
12847,-11914.973633,-11914.860352,0.113281
12848,-11408.598633,-11407.929688,0.668945
12849,-11882.848633,-11881.176758,1.671875
12850,-10566.361328,-10566.333008,0.028320
12851,-11913.944336,-11913.811523,0.132812
12852,-12015.863281,-12014.028320,1.834961
12853,-10361.926758,-10362.756836,0.830078
12854,-11374.434570,-11375.057617,0.623047
12855,-11915.715820,-11914.519531,1.196289
12856,-9933.707031,-9934.452148,0.745117
12857,-11979.007812,-11978.944336,0.063477
12858,-10834.936523,-10834.854492,0.082031
12859,-9989.386719,-9989.855469,0.468750
12860,-11783.185547,-11776.107422,7.078125
12861,-10308.115234,-10305.332031,2.783203
12862,-12554.540039,-12554.355469,0.184570
12863,-11876.182617,-11878.159180,1.976562
12864,-11511.587891,-11512.056641,0.468750
12865,-10564.939453,-10566.093750,1.154297
12866,-9900.277344,-9900.869141,0.591797
12867,-11477.208984,-11477.392578,0.183594
12868,-12892.001953,-12893.120117,1.118164
12869,-10971.695312,-10970.719727,0.975586
12870,-12891.846680,-12893.336914,1.490234
12871,-11374.154297,-11373.394531,0.759766
12872,-12385.918945,-12385.306641,0.612305
12873,-8551.734375,-8551.770508,0.036133
12874,-10443.279297,-10442.917969,0.361328
12875,-8892.253906,-8890.523438,1.730469
12876,-12887.552734,-12893.662109,6.109375
12877,-12214.568359,-12216.614258,2.045898
12878,-9994.024414,-9993.742188,0.282227
12879,-8825.967773,-8829.469727,3.501953
12880,-11508.507812,-11509.494141,0.986328
12881,-8334.746094,-8338.072266,3.326172
12882,-11545.401367,-11544.247070,1.154297
12883,-12455.212891,-12456.574219,1.361328
12884,-12352.599609,-12352.546875,0.052734
12885,-11339.693359,-11339.280273,0.413086
12886,-11508.981445,-11509.873047,0.891602
12887,-11509.858398,-11511.592773,1.734375
12888,-8292.132812,-8290.950195,1.182617
12889,-10909.524414,-10910.680664,1.156250
12890,-12793.193359,-12791.806641,1.386719
12891,-10566.858398,-10565.020508,1.837891
12892,-10533.999023,-10532.886719,1.112305
12893,-9531.110352,-9530.097656,1.012695
12894,-10500.634766,-10499.478516,1.156250
12895,-11734.891602,-11739.423828,4.532227
12896,-11510.198242,-11509.453125,0.745117
12897,-10935.152344,-10937.045898,1.893555
12898,-11475.875977,-11476.949219,1.073242
12899,-11981.304688,-11981.427734,0.123047
12900,-10969.129883,-10970.042969,0.913086
12901,-9403.246094,-9404.787109,1.541016
12902,-10564.492188,-10565.569336,1.077148
12903,-13762.457031,-13764.790039,2.333008
12904,-9899.800781,-9901.303711,1.502930
12905,-11408.028320,-11408.356445,0.328125
12906,-12520.001953,-12520.955078,0.953125
12907,-11844.992188,-11846.155273,1.163086
12908,-10532.997070,-10531.556641,1.440430
12909,-10933.083008,-10934.802734,1.719727
12910,-13466.032227,-13466.201172,0.168945
12911,-10465.720703,-10465.161133,0.559570
12912,-13902.524414,-13905.134766,2.610352
12913,-11510.328125,-11510.343750,0.015625
12914,-11317.264648,-11317.772461,0.507812
12915,-12927.357422,-12927.575195,0.217773
12916,-10335.456055,-10336.771484,1.315430
12917,-11916.220703,-11916.141602,0.079102
12918,-10499.944336,-10500.568359,0.624023
12919,-12553.669922,-12553.484375,0.185547
12920,-11509.122070,-11509.510742,0.388672
12921,-11948.616211,-11947.312500,1.303711
12922,-11342.113281,-11343.362305,1.249023
12923,-12355.681641,-12353.505859,2.175781
12924,-10497.913086,-10498.621094,0.708008
12925,-11544.330078,-11544.221680,0.108398
12926,-11476.114258,-11477.666992,1.552734
12927,-11475.808594,-11475.576172,0.232422
12928,-12687.857422,-12686.488281,1.369141
12929,-10532.438477,-10532.394531,0.043945
12930,-11544.997070,-11543.707031,1.290039
12931,-9924.935547,-9925.411133,0.475586
12932,-11946.705078,-11946.031250,0.673828
12933,-11917.098633,-11914.553711,2.544922
12934,-11510.802734,-11511.350586,0.547852
12935,-12553.735352,-12553.949219,0.213867
12936,-10533.154297,-10533.427734,0.273438
12937,-11982.118164,-11980.922852,1.195312
12938,-12460.003906,-12457.585938,2.417969
12939,-11512.096680,-11511.246094,0.850586
12940,-10969.541016,-10969.281250,0.259766
12941,-10533.652344,-10532.953125,0.699219
12942,-11342.766602,-11342.557617,0.208984
12943,-11509.628906,-11509.919922,0.291016
12944,-13330.777344,-13331.972656,1.195312
12945,-11510.696289,-11511.567383,0.871094
12946,-12521.041992,-12521.563477,0.521484
12947,-10534.953125,-10532.961914,1.991211
12948,-10969.730469,-10970.722656,0.992188
12949,-11000.052734,-11001.666992,1.614258
12950,-10397.782227,-10397.073242,0.708984
12951,-9497.716797,-9496.921875,0.794922
12952,-10532.903320,-10531.789062,1.114258
12953,-9555.547852,-9555.197266,0.350586
12954,-9765.436523,-9764.876953,0.559570
12955,-11003.187500,-11001.354492,1.833008
12956,-12454.310547,-12454.825195,0.514648
12957,-11914.227539,-11915.854492,1.626953
12958,-10876.455078,-10877.966797,1.511719
12959,-9552.971680,-9555.291992,2.320312
12960,-10461.980469,-10463.023438,1.042969
12961,-10462.477539,-10462.195312,0.282227
12962,-10935.561523,-10937.202148,1.640625
12963,-11408.034180,-11408.617188,0.583008
12964,-10365.526367,-10362.732422,2.793945
12965,-11575.772461,-11575.924805,0.152344
12966,-11376.760742,-11373.701172,3.059570
12967,-11543.123047,-11543.581055,0.458008
12968,-8426.925781,-8426.867188,0.058594
12969,-10899.791016,-10901.958008,2.166992
12970,-11001.242188,-11002.035156,0.792969
12971,-11002.638672,-11003.473633,0.834961
12972,-10564.315430,-10564.579102,0.263672
12973,-11237.625000,-11238.050781,0.425781
12974,-11407.424805,-11407.253906,0.170898
12975,-10969.405273,-10970.316406,0.911133
12976,-10567.609375,-10565.866211,1.743164
12977,-15527.771484,-15526.656250,1.115234
12978,-12250.936523,-12248.325195,2.611328
12979,-11407.154297,-11407.933594,0.779297
12980,-11376.444336,-11375.915039,0.529297
12981,-10901.749023,-10903.432617,1.683594
12982,-11260.981445,-11271.001953,10.020508
12983,-10903.727539,-10903.561523,0.166016
12984,-11860.272461,-11856.921875,3.350586
12985,-11512.334961,-11510.745117,1.589844
12986,-12385.538086,-12386.197266,0.659180
12987,-9402.999023,-9405.535156,2.536133
12988,-10397.946289,-10395.785156,2.161133
12989,-11268.574219,-11270.011719,1.437500
12990,-11478.451172,-11477.229492,1.221680
12991,-10970.654297,-10970.147461,0.506836
12992,-9556.938477,-9555.968750,0.969727
12993,-11372.923828,-11371.983398,0.940430
12994,-11780.453125,-11779.584961,0.868164
12995,-11981.538086,-11981.629883,0.091797
12996,-10533.798828,-10533.221680,0.577148
12997,-11916.730469,-11915.408203,1.322266
12998,-12993.899414,-12991.893555,2.005859
12999,-10938.032227,-10936.830078,1.202148
13000,-9798.337891,-9797.974609,0.363281
13001,-11882.575195,-11882.709961,0.134766
13002,-12418.358398,-12418.663086,0.304688
13003,-11509.957031,-11509.679688,0.277344
13004,-10864.915039,-10866.798828,1.883789
13005,-9521.963867,-9522.142578,0.178711
13006,-11915.650391,-11913.803711,1.846680
13007,-12458.501953,-12455.790039,2.711914
13008,-11440.837891,-11440.613281,0.224609
13009,-11982.361328,-11980.713867,1.647461
13010,-9959.957031,-9958.972656,0.984375
13011,-9488.400391,-9487.815430,0.584961
13012,-11948.090820,-11947.927734,0.163086
13013,-11477.750977,-11476.716797,1.034180
13014,-12385.512695,-12387.143555,1.630859
13015,-12354.173828,-12352.968750,1.205078
13016,-11947.944336,-11947.363281,0.581055
13017,-9958.631836,-9960.156250,1.524414
13018,-10534.030273,-10532.912109,1.118164
13019,-10564.905273,-10565.178711,0.273438
13020,-11947.810547,-11948.949219,1.138672
13021,-12353.245117,-12353.820312,0.575195
13022,-9288.920898,-9293.516602,4.595703
13023,-10904.271484,-10903.961914,0.309570
13024,-9960.057617,-9959.723633,0.333984
13025,-8452.920898,-8453.228516,0.307617
13026,-12789.807617,-12790.113281,0.305664
13027,-12553.724609,-12553.445312,0.279297
13028,-12030.875977,-12030.115234,0.760742
13029,-11443.931641,-11443.735352,0.196289
13030,-11372.726562,-11375.909180,3.182617
13031,-12421.107422,-12422.302734,1.195312
13032,-11003.271484,-11001.527344,1.744141
13033,-10625.843750,-10631.492188,5.648438
13034,-11511.219727,-11510.451172,0.768555
13035,-9496.005859,-9497.161133,1.155273
13036,-11485.928711,-11486.001953,0.073242
13037,-10498.729492,-10497.578125,1.151367
13038,-9520.920898,-9521.825195,0.904297
13039,-11544.527344,-11543.316406,1.210938
13040,-10969.399414,-10969.259766,0.139648
13041,-8486.714844,-8486.760742,0.045898
13042,-11981.414062,-11981.430664,0.016602
13043,-7787.077148,-7788.002930,0.925781
13044,-12349.028320,-12353.041992,4.013672
13045,-12927.585938,-12925.911133,1.674805
13046,-12924.158203,-12926.256836,2.098633
13047,-11509.158203,-11510.825195,1.666992
13048,-12522.162109,-12521.956055,0.206055
13049,-10745.847656,-10742.497070,3.350586
13050,-11912.828125,-11913.061523,0.233398
13051,-10567.029297,-10566.557617,0.471680
13052,-9867.124023,-9867.574219,0.450195
13053,-11754.095703,-11752.667969,1.427734
13054,-9555.039062,-9555.755859,0.716797
13055,-10533.854492,-10532.430664,1.423828
13056,-12488.974609,-12489.758789,0.784180
13057,-10899.452148,-10902.074219,2.622070
13058,-10901.201172,-10903.460938,2.259766
13059,-12922.109375,-12923.382812,1.273438
13060,-11543.575195,-11544.735352,1.160156
13061,-11408.075195,-11407.684570,0.390625
13062,-11342.340820,-11341.897461,0.443359
13063,-10500.187500,-10500.583984,0.396484
13064,-9957.263672,-9957.478516,0.214844
13065,-9890.441406,-9891.528320,1.086914
13066,-10598.860352,-10599.372070,0.511719
13067,-9708.426758,-9705.817383,2.609375
13068,-11479.062500,-11478.538086,0.524414
13069,-10599.382812,-10598.532227,0.850586
13070,-11513.368164,-11510.123047,3.245117
13071,-10351.460938,-10351.247070,0.213867
13072,-9464.538086,-9462.720703,1.817383
13073,-11916.117188,-11917.122070,1.004883
13074,-11374.952148,-11373.504883,1.447266
13075,-8779.859375,-8774.152344,5.707031
13076,-12014.410156,-12012.493164,1.916992
13077,-12487.839844,-12489.473633,1.633789
13078,-10904.041992,-10903.744141,0.297852
13079,-10499.461914,-10500.243164,0.781250
13080,-10876.162109,-10879.722656,3.560547
13081,-12386.786133,-12384.467773,2.318359
13082,-13008.052734,-13007.571289,0.481445
13083,-11475.252930,-11476.497070,1.244141
