index,predicted,target,abs_error
0,-13351.779297,-13498.684570,146.905273
1,-12571.067383,-12553.394531,17.672852
2,-10564.231445,-10565.196289,0.964844
3,-11494.486328,-11511.768555,17.282227
4,-10940.443359,-10936.218750,4.224609
5,-10564.873047,-10564.536133,0.336914
6,-11983.055664,-11978.977539,4.078125
7,-11319.784180,-11420.879883,101.095703
8,-10546.156250,-10533.431641,12.724609
9,-9972.273438,-9933.640625,38.632812
10,-10501.035156,-10469.112305,31.922852
11,-11514.412109,-11508.370117,6.041992
12,-13822.822266,-13937.166992,114.344727
13,-9533.235352,-9554.845703,21.610352
14,-9794.668945,-10003.875977,209.207031
15,-11378.992188,-11375.015625,3.976562
16,-10940.750977,-10905.177734,35.573242
17,-11918.869141,-11913.840820,5.028320
18,-11542.034180,-11543.761719,1.727539
19,-10987.191406,-10911.668945,75.522461
20,-11770.372070,-11811.770508,41.398438
21,-11902.768555,-11844.586914,58.181641
22,-12718.261719,-12757.309570,39.047852
23,-10554.852539,-10566.061523,11.208984
24,-10309.085938,-10340.071289,30.985352
25,-9541.565430,-9554.411133,12.845703
26,-12501.834961,-12488.501953,13.333008
27,-9584.932617,-9620.880859,35.948242
28,-10365.939453,-10329.749023,36.190430
29,-10995.125977,-10969.043945,26.082031
30,-10573.272461,-10566.407227,6.865234
31,-11919.517578,-11914.469727,5.047852
32,-12545.631836,-12553.772461,8.140625
33,-10808.486328,-10834.231445,25.745117
34,-11542.483398,-11575.876953,33.393555
35,-11543.487305,-11544.002930,0.515625
36,-10501.889648,-10499.958008,1.931641
37,-14008.466797,-14089.933594,81.466797
38,-12298.355469,-12354.044922,55.689453
39,-10948.568359,-10937.226562,11.341797
40,-12185.421875,-12246.777344,61.355469
41,-11229.174805,-11303.146484,73.971680
42,-10998.406250,-11001.580078,3.173828
43,-11373.056641,-11374.910156,1.853516
44,-11546.159180,-11542.752930,3.406250
45,-10973.609375,-10967.206055,6.403320
46,-10977.637695,-10968.337891,9.299805
47,-10535.530273,-10532.243164,3.287109
48,-12722.576172,-12823.902344,101.326172
49,-8888.001953,-8865.435547,22.566406
50,-10589.687500,-10598.396484,8.708984
51,-10012.028320,-9989.923828,22.104492
52,-12278.210938,-12415.283203,137.072266
53,-10993.405273,-10971.535156,21.870117
54,-11524.790039,-11543.732422,18.942383
55,-10861.528320,-10869.083984,7.555664
56,-9961.870117,-9934.561523,27.308594
57,-12837.251953,-12861.800781,24.548828
58,-10340.570312,-10339.115234,1.455078
59,-10289.197266,-10339.620117,50.422852
60,-10537.340820,-10531.671875,5.668945
61,-11336.345703,-11337.657227,1.311523
62,-11498.073242,-11512.333984,14.260742
63,-12926.505859,-12924.502930,2.002930
64,-10457.516602,-10466.745117,9.228516
65,-12523.018555,-12490.454102,32.564453
66,-11535.538086,-11542.567383,7.029297
67,-11938.540039,-11916.375000,22.165039
68,-11363.942383,-11374.641602,10.699219
69,-10963.654297,-10937.666992,25.987305
70,-11476.547852,-11510.581055,34.033203
71,-12028.674805,-11979.778320,48.896484
72,-12792.346680,-12790.191406,2.155273
73,-9427.551758,-9464.125000,36.573242
74,-10988.887695,-10971.105469,17.782227
75,-12367.786133,-12351.949219,15.836914
76,-10910.687500,-10911.768555,1.081055
77,-12470.029297,-12455.587891,14.441406
78,-11463.379883,-11477.454102,14.074219
79,-12941.091797,-12926.005859,15.085938
80,-11933.427734,-12431.525391,498.097656
81,-12277.561523,-12373.346680,95.785156
82,-11011.152344,-11001.740234,9.412109
83,-11536.716797,-11542.741211,6.024414
84,-11557.118164,-11576.146484,19.028320
85,-10499.208984,-10499.601562,0.392578
86,-9033.721680,-8858.500977,175.220703
87,-12296.573242,-12319.694336,23.121094
88,-11374.521484,-11374.217773,0.303711
89,-10320.539062,-10330.314453,9.775391
90,-10551.834961,-10531.974609,19.860352
91,-12504.013672,-12522.051758,18.038086
92,-12376.525391,-12352.669922,23.855469
93,-14113.714844,-14202.872070,89.157227
94,-10563.132812,-10565.432617,2.299805
95,-10029.039062,-9990.643555,38.395508
96,-9948.964844,-9957.859375,8.894531
97,-10576.671875,-10566.213867,10.458008
98,-11474.000977,-11477.249023,3.248047
99,-11929.405273,-11946.578125,17.172852
100,-11950.458984,-11945.985352,4.473633
101,-12760.927734,-12789.951172,29.023438
102,-10241.809570,-10272.914062,31.104492
103,-9748.351562,-9797.851562,49.500000
104,-11978.059570,-11948.402344,29.657227
105,-9424.674805,-9393.004883,31.669922
106,-11310.042969,-11341.975586,31.932617
107,-11826.345703,-11844.517578,18.171875
108,-5654.443359,-6413.638184,759.194824
109,-11917.839844,-11915.433594,2.406250
110,-10916.542969,-10902.692383,13.850586
111,-10624.327148,-10631.538086,7.210938
112,-11918.005859,-11914.928711,3.077148
113,-10955.686523,-10935.870117,19.816406
114,-11971.471680,-11915.978516,55.493164
115,-10977.379883,-10968.888672,8.491211
116,-11534.509766,-11542.441406,7.931641
117,-11949.340820,-11947.549805,1.791016
118,-12550.243164,-12521.248047,28.995117
119,-11452.660156,-11444.850586,7.809570
120,-10542.083984,-10533.569336,8.514648
121,-10543.188477,-10533.243164,9.945312
122,-12354.695312,-12352.593750,2.101562
123,-10984.544922,-10968.888672,15.656250
124,-10452.983398,-10464.478516,11.495117
125,-11984.136719,-11980.868164,3.268555
126,-12084.677734,-12111.850586,27.172852
127,-10552.013672,-10533.057617,18.956055
128,-10898.052734,-10870.758789,27.293945
129,-11320.605469,-11341.973633,21.368164
130,-12211.148438,-12250.300781,39.152344
131,-10995.686523,-11002.237305,6.550781
132,-11482.412109,-11479.807617,2.604492
133,-11506.375000,-11511.004883,4.629883
134,-11557.548828,-11511.188477,46.360352
135,-9518.718750,-9522.361328,3.642578
136,-11475.262695,-11476.503906,1.241211
137,-10825.554688,-10834.408203,8.853516
138,-11487.188477,-11407.258789,79.929688
139,-13228.390625,-13226.476562,1.914062
140,-11933.353516,-11946.218750,12.865234
141,-11498.588867,-11510.857422,12.268555
142,-10556.900391,-10566.059570,9.159180
143,-11687.161133,-11812.869141,125.708008
144,-12383.023438,-12386.082031,3.058594
145,-11408.515625,-11405.760742,2.754883
146,-9643.133789,-9437.475586,205.658203
147,-10960.708984,-10967.454102,6.745117
148,-11005.066406,-11001.651367,3.415039
149,-11384.815430,-11406.745117,21.929688
150,-11394.759766,-11407.640625,12.880859
151,-12338.035156,-12353.238281,15.203125
152,-10966.290039,-10969.220703,2.930664
153,-11896.479492,-11915.239258,18.759766
154,-10172.388672,-10273.270508,100.881836
155,-10944.602539,-10935.821289,8.781250
156,-12319.248047,-12353.587891,34.339844
157,-11951.635742,-11948.673828,2.961914
158,-11407.434570,-11373.148438,34.286133
159,-11923.949219,-11916.332031,7.617188
160,-11165.824219,-11283.283203,117.458984
161,-10592.795898,-10599.689453,6.893555
162,-10542.729492,-10534.330078,8.399414
163,-10582.665039,-10565.091797,17.573242
164,-11956.216797,-11914.689453,41.527344
165,-11470.041992,-11478.558594,8.516602
166,-10530.542969,-10532.727539,2.184570
167,-11524.232422,-11541.607422,17.375000
168,-11407.335938,-11408.954102,1.618164
169,-8764.001953,-8832.089844,68.087891
170,-10814.820312,-10866.784180,51.963867
171,-11585.700195,-11609.236328,23.536133
172,-11316.261719,-11342.840820,26.579102
173,-11767.911133,-11776.840820,8.929688
174,-9909.093750,-9900.498047,8.595703
175,-10538.473633,-10531.018555,7.455078
176,-10501.065430,-10501.610352,0.544922
177,-11930.479492,-11916.420898,14.058594
178,-11480.895508,-11476.269531,4.625977
179,-12449.670898,-12456.193359,6.522461
180,-10522.960938,-10499.897461,23.063477
181,-9513.395508,-9496.232422,17.163086
182,-11287.166016,-11316.409180,29.243164
183,-6160.648926,-6381.682617,221.033691
184,-12535.084961,-12521.106445,13.978516
185,-10542.519531,-10531.911133,10.608398
186,-9854.362305,-9868.079102,13.716797
187,-12324.207031,-12351.472656,27.265625
188,-11502.293945,-11511.301758,9.007812
189,-11947.066406,-11946.583984,0.482422
190,-10415.559570,-10441.358398,25.798828
191,-11229.615234,-11308.295898,78.680664
192,-12455.708984,-12454.038086,1.670898
193,-9973.977539,-9991.027344,17.049805
194,-11833.675781,-11848.615234,14.939453
195,-10781.134766,-10800.943359,19.808594
196,-10976.259766,-10969.740234,6.519531
197,-12732.630859,-12787.853516,55.222656
198,-10560.582031,-10566.928711,6.346680
199,-10953.810547,-10937.490234,16.320312
200,-10834.720703,-10838.405273,3.684570
201,-9853.409180,-9837.361328,16.047852
202,-8428.141602,-8519.438477,91.296875
203,-11942.925781,-11914.277344,28.648438
204,-9585.608398,-9588.096680,2.488281
205,-11532.503906,-11543.677734,11.173828
206,-10570.581055,-10566.449219,4.131836
207,-11558.146484,-11543.645508,14.500977
208,-10500.948242,-10499.347656,1.600586
209,-12540.516602,-12554.077148,13.560547
210,-11379.025391,-11406.921875,27.896484
211,-11409.124023,-11478.509766,69.385742
212,-9958.647461,-9960.317383,1.669922
213,-12378.256836,-12385.833008,7.576172
214,-9902.965820,-9899.817383,3.148438
215,-9435.474609,-9463.702148,28.227539
216,-12343.636719,-12354.606445,10.969727
217,-12891.067383,-12894.528320,3.460938
218,-11018.471680,-11002.842773,15.628906
219,-10460.800781,-10441.290039,19.510742
220,-10934.137695,-10880.791992,53.345703
221,-11499.120117,-11511.022461,11.902344
222,-12924.890625,-12924.450195,0.440430
223,-10374.915039,-10426.010742,51.095703
224,-9517.731445,-9552.243164,34.511719
225,-11444.523438,-11478.140625,33.617188
226,-11912.589844,-11913.915039,1.325195
227,-10504.441406,-10498.988281,5.453125
228,-11504.607422,-11510.583008,5.975586
229,-11000.257812,-10970.231445,30.026367
230,-11029.691406,-11034.735352,5.043945
231,-10940.269531,-10937.887695,2.381836
232,-9490.389648,-9522.030273,31.640625
233,-13387.523438,-13467.668945,80.145508
234,-11940.971680,-11947.890625,6.918945
235,-9532.431641,-9521.739258,10.692383
236,-10419.794922,-10429.400391,9.605469
237,-11549.791016,-11576.194336,26.403320
238,-10440.203125,-10408.854492,31.348633
239,-11329.149414,-11373.472656,44.323242
240,-10255.796875,-10304.251953,48.455078
241,-11965.581055,-11948.479492,17.101562
242,-10578.391602,-10566.514648,11.876953
243,-9872.635742,-9866.088867,6.546875
244,-10564.133789,-10565.408203,1.274414
245,-11316.993164,-11340.927734,23.934570
246,-10509.313477,-10501.295898,8.017578
247,-8391.290039,-8485.269531,93.979492
248,-11367.113281,-11375.903320,8.790039
249,-11368.781250,-11373.913086,5.131836
250,-12433.632812,-12425.038086,8.594727
251,-11463.198242,-11477.542969,14.344727
252,-12913.964844,-12927.091797,13.126953
253,-10417.441406,-10395.939453,21.501953
254,-11475.892578,-11479.095703,3.203125
255,-8883.439453,-8924.677734,41.238281
256,-9943.787109,-9958.392578,14.605469
257,-9546.605469,-9555.601562,8.996094
258,-11910.882812,-11916.341797,5.458984
259,-10542.051758,-10531.988281,10.063477
260,-9439.311523,-8452.689453,986.622070
261,-11913.035156,-11945.949219,32.914062
262,-10933.912109,-10935.984375,2.072266
263,-13343.591797,-13330.035156,13.556641
264,-10973.512695,-10970.596680,2.916016
265,-10376.351562,-10407.875977,31.524414
266,-10500.855469,-10498.956055,1.899414
267,-11473.592773,-11477.142578,3.549805
268,-11891.973633,-11884.930664,7.042969
269,-11458.989258,-11476.231445,17.242188
270,-11437.798828,-11445.089844,7.291016
271,-10985.000977,-11001.897461,16.896484
272,-10939.579102,-10937.544922,2.034180
273,-13327.293945,-13363.359375,36.065430
274,-10446.296875,-10465.111328,18.814453
275,-8488.865234,-8551.990234,63.125000
276,-12282.760742,-12321.399414,38.638672
277,-10569.268555,-10566.445312,2.823242
278,-10972.063477,-10970.824219,1.239258
279,-10835.460938,-10945.304688,109.843750
280,-10506.226562,-10497.916016,8.310547
281,-13724.674805,-13905.029297,180.354492
282,-12886.978516,-12924.894531,37.916016
283,-12508.816406,-12521.003906,12.187500
284,-8948.677734,-8798.003906,150.673828
285,-10332.248047,-10306.114258,26.133789
286,-12187.603516,-12283.141602,95.538086
287,-8614.981445,-8259.398438,355.583008
288,-11953.847656,-11947.580078,6.267578
289,-11526.797852,-11543.821289,17.023438
290,-10335.123047,-10328.772461,6.350586
291,-11626.031250,-11675.176758,49.145508
292,-9403.674805,-9463.276367,59.601562
293,-10997.484375,-11001.612305,4.127930
294,-9412.136719,-9521.494141,109.357422
295,-11500.244141,-11511.387695,11.143555
296,-9556.058594,-9554.298828,1.759766
297,-11578.150391,-11576.951172,1.199219
298,-11947.336914,-11948.176758,0.839844
299,-12359.007812,-12385.495117,26.487305
300,-11491.608398,-11510.320312,18.711914
301,-11574.729492,-11576.220703,1.491211
302,-11421.404297,-11406.876953,14.527344
303,-10568.564453,-10565.299805,3.264648
304,-12005.458008,-11981.275391,24.182617
305,-12560.827148,-12553.662109,7.165039
306,-10954.424805,-10936.375977,18.048828
307,-10506.970703,-10498.850586,8.120117
308,-11513.007812,-11511.674805,1.333008
309,-9559.984375,-9554.922852,5.061523
310,-10837.165039,-10834.426758,2.738281
311,-11940.547852,-11948.156250,7.608398
312,-11483.255859,-11477.575195,5.680664
313,-11937.403320,-11948.941406,11.538086
314,-10511.863281,-10498.708008,13.155273
315,-12430.441406,-12386.484375,43.957031
316,-11527.126953,-11543.395508,16.268555
317,-12686.811523,-12757.315430,70.503906
318,-13082.363281,-13122.995117,40.631836
319,-9858.297852,-9901.152344,42.854492
320,-9908.154297,-9899.161133,8.993164
321,-12433.963867,-12386.866211,47.097656
322,-11958.155273,-11946.568359,11.586914
323,-11762.309570,-11779.550781,17.241211
324,-11789.105469,-11812.072266,22.966797
325,-12371.599609,-12415.602539,44.002930
326,-10574.935547,-10565.130859,9.804688
327,-11954.358398,-11980.053711,25.695312
328,-10971.847656,-10968.589844,3.257812
329,-9895.250000,-9900.097656,4.847656
330,-10425.574219,-10426.318359,0.744141
331,-10958.097656,-10936.499023,21.598633
332,-8945.289062,-8888.487305,56.801758
333,-10951.981445,-10970.094727,18.113281
334,-11823.284180,-11812.013672,11.270508
335,-11557.353516,-11576.324219,18.970703
336,-10532.685547,-10532.875000,0.189453
337,-10967.835938,-10969.038086,1.202148
338,-12946.289062,-12957.711914,11.422852
339,-9810.728516,-9836.131836,25.403320
340,-12481.075195,-12486.986328,5.911133
341,-10527.185547,-10533.437500,6.251953
342,-12307.299805,-12285.872070,21.427734
343,-8794.883789,-8891.828125,96.944336
344,-10941.280273,-10938.022461,3.257812
345,-11945.174805,-11948.373047,3.198242
346,-11813.392578,-11843.418945,30.026367
347,-10363.858398,-10363.073242,0.785156
348,-11291.009766,-11303.894531,12.884766
349,-12344.474609,-12385.622070,41.147461
350,-10330.065430,-10337.533203,7.467773
351,-11510.743164,-11510.134766,0.608398
352,-11842.969727,-11844.141602,1.171875
353,-10904.829102,-10878.721680,26.107422
354,-11885.894531,-11884.611328,1.283203
355,-9970.897461,-9958.732422,12.165039
356,-9462.930664,-9589.267578,126.336914
357,-11960.624023,-11980.787109,20.163086
358,-9915.936523,-9900.881836,15.054688
359,-11485.247070,-11509.678711,24.431641
360,-11008.479492,-11002.281250,6.198242
361,-9954.778320,-9958.738281,3.959961
362,-11845.695312,-11844.211914,1.483398
363,-11935.641602,-11948.875977,13.234375
364,-11798.337891,-11813.000000,14.662109
365,-11005.462891,-11003.915039,1.547852
366,-11509.553711,-11509.713867,0.160156
367,-11892.412109,-11881.531250,10.880859
368,-12528.208984,-12554.611328,26.402344
369,-8500.892578,-8551.812500,50.919922
370,-12367.102539,-12353.338867,13.763672
371,-9526.540039,-9529.467773,2.927734
372,-10542.103516,-10507.832031,34.271484
373,-9920.742188,-9899.425781,21.316406
374,-11521.826172,-11542.270508,20.444336
375,-10987.998047,-10970.139648,17.858398
376,-10944.424805,-10937.270508,7.154297
377,-11561.498047,-11575.712891,14.214844
378,-11997.931641,-12014.625977,16.694336
379,-9542.124023,-9521.320312,20.803711
380,-11332.119141,-11342.052734,9.933594
381,-11295.066406,-11341.646484,46.580078
382,-12539.832031,-12522.758789,17.073242
383,-11948.502930,-11949.000000,0.497070
384,-10424.262695,-10393.131836,31.130859
385,-13807.731445,-13905.529297,97.797852
386,-9535.850586,-9554.618164,18.767578
387,-12846.505859,-12893.791992,47.286133
388,-11943.551758,-11947.460938,3.909180
389,-11432.029297,-11439.832031,7.802734
390,-12946.381836,-12926.743164,19.638672
391,-10523.634766,-10533.506836,9.872070
392,-12232.655273,-12249.118164,16.462891
393,-10897.458984,-10905.270508,7.811523
394,-12137.426758,-12156.314453,18.887695
395,-10466.007812,-10507.024414,41.016602
396,-10890.399414,-10904.828125,14.428711
397,-9950.333008,-9958.418945,8.085938
398,-12320.789062,-12353.389648,32.600586
399,-10567.468750,-10565.212891,2.255859
400,-12894.977539,-12894.116211,0.861328
401,-10963.365234,-10968.677734,5.312500
402,-11973.824219,-11979.612305,5.788086
403,-12535.607422,-12553.404297,17.796875
404,-11977.521484,-11981.179688,3.658203
405,-9912.751953,-9925.521484,12.769531
406,-9944.508789,-9956.794922,12.286133
407,-9958.895508,-9957.438477,1.457031
408,-10905.670898,-10938.566406,32.895508
409,-11492.935547,-11511.636719,18.701172
410,-12408.333984,-12554.804688,146.470703
411,-12970.921875,-13007.827148,36.905273
412,-10893.868164,-10901.385742,7.517578
413,-10985.300781,-10969.004883,16.295898
414,-10895.807617,-10872.269531,23.538086
415,-11977.500000,-11947.281250,30.218750
416,-9827.369141,-9811.785156,15.583984
417,-10829.466797,-10865.519531,36.052734
418,-10984.265625,-10967.965820,16.299805
419,-10515.229492,-10498.638672,16.590820
420,-11423.390625,-11403.731445,19.659180
421,-10162.531250,-10233.808594,71.277344
422,-12370.291992,-12385.437500,15.145508
423,-11343.505859,-11340.177734,3.328125
424,-10509.546875,-10499.203125,10.343750
425,-12885.892578,-12927.125977,41.233398
426,-13229.783203,-13228.088867,1.694336
427,-10947.467773,-10937.374023,10.093750
428,-12492.296875,-12487.666992,4.629883
429,-11345.798828,-11406.515625,60.716797
430,-11506.313477,-11511.041016,4.727539
431,-10948.722656,-10936.421875,12.300781
432,-10877.396484,-10905.961914,28.565430
433,-11004.995117,-11002.399414,2.595703
434,-11516.871094,-11510.977539,5.893555
435,-9957.052734,-9932.246094,24.806641
436,-11925.236328,-11947.133789,21.897461
437,-11533.966797,-11543.380859,9.414062
438,-15468.666016,-15930.724609,462.058594
439,-10382.248047,-10363.933594,18.314453
440,-12930.549805,-12923.398438,7.151367
441,-11366.613281,-11371.608398,4.995117
442,-9940.791016,-9931.501953,9.289062
443,-11504.721680,-11510.325195,5.603516
444,-10799.211914,-10833.143555,33.931641
445,-13308.382812,-13332.208008,23.825195
446,-11344.964844,-11373.690430,28.725586
447,-9254.073242,-9268.807617,14.734375
448,-10508.185547,-10499.641602,8.543945
449,-9959.926758,-9960.943359,1.016602
450,-11895.140625,-11914.126953,18.986328
451,-11787.667969,-11811.609375,23.941406
452,-11516.218750,-11510.260742,5.958008
453,-11494.752930,-11512.141602,17.388672
454,-10484.613281,-10442.702148,41.911133
455,-11778.834961,-11813.614258,34.779297
456,-9475.076172,-9492.637695,17.561523
457,-10957.928711,-10970.096680,12.167969
458,-10525.460938,-10506.791992,18.668945
459,-11514.746094,-11509.474609,5.271484
460,-9919.834961,-9925.022461,5.187500
461,-11800.716797,-11777.748047,22.968750
462,-9561.430664,-9554.907227,6.523438
463,-9848.631836,-9868.125000,19.493164
464,-10539.794922,-10531.848633,7.946289
465,-11945.885742,-11945.510742,0.375000
466,-11839.566406,-11845.142578,5.576172
467,-11934.016602,-11948.614258,14.597656
468,-9253.527344,-9358.317383,104.790039
469,-11323.069336,-11311.598633,11.470703
470,-11879.458008,-11882.555664,3.097656
471,-12750.223633,-12788.775391,38.551758
472,-10946.387695,-10938.045898,8.341797
473,-11991.939453,-12012.601562,20.662109
474,-9415.314453,-9399.690430,15.624023
475,-11951.859375,-11948.084961,3.774414
476,-12955.936523,-13007.868164,51.931641
477,-11689.974609,-11718.796875,28.822266
478,-11826.521484,-11843.401367,16.879883
479,-11931.205078,-11981.406250,50.201172
480,-9499.426758,-9488.181641,11.245117
481,-10470.201172,-10466.417969,3.783203
482,-10532.930664,-10531.215820,1.714844
483,-10966.459961,-10970.628906,4.168945
484,-12428.873047,-12351.925781,76.947266
485,-11530.250977,-11543.141602,12.890625
486,-10516.444336,-10498.814453,17.629883
487,-11377.967773,-11404.826172,26.858398
488,-10408.167969,-10427.248047,19.080078
489,-11491.673828,-11510.354492,18.680664
490,-11432.689453,-11406.655273,26.034180
491,-11882.799805,-11880.005859,2.793945
492,-10994.924805,-11001.923828,6.999023
493,-12426.266602,-12450.703125,24.436523
494,-12520.433594,-12521.280273,0.846680
495,-11848.994141,-11915.139648,66.145508
496,-11994.261719,-11979.129883,15.131836
497,-10526.912109,-10533.269531,6.357422
498,-9925.334961,-9924.355469,0.979492
499,-10952.878906,-10968.504883,15.625977
500,-10503.232422,-10499.622070,3.610352
501,-8827.251953,-8801.067383,26.184570
502,-8957.984375,-8921.100586,36.883789
503,-10966.534180,-10971.175781,4.641602
504,-10215.869141,-10272.185547,56.316406
505,-11460.040039,-11476.225586,16.185547
506,-11481.351562,-11478.658203,2.693359
507,-10950.906250,-10934.016602,16.889648
508,-12912.627930,-12925.981445,13.353516
509,-9932.460938,-9932.818359,0.357422
510,-10962.766602,-10938.574219,24.192383
511,-11518.082031,-11510.656250,7.425781
512,-12789.702148,-12822.050781,32.348633
513,-10946.909180,-10937.945312,8.963867
514,-9935.645508,-9959.411133,23.765625
515,-12550.486328,-12555.344727,4.858398
516,-11411.289062,-11408.152344,3.136719
517,-9926.510742,-9932.546875,6.036133
518,-9489.707031,-9496.049805,6.342773
519,-11332.495117,-11372.738281,40.243164
520,-12528.416016,-12488.493164,39.922852
521,-12483.124023,-12456.610352,26.513672
522,-11319.276367,-11338.798828,19.522461
523,-10947.043945,-10937.444336,9.599609
524,-11967.910156,-11857.872070,110.038086
525,-10918.993164,-10905.308594,13.684570
526,-11517.019531,-11510.508789,6.510742
527,-11957.384766,-11948.898438,8.486328
528,-11465.960938,-11478.458984,12.498047
529,-10536.325195,-10533.769531,2.555664
530,-10543.435547,-10532.219727,11.215820
531,-11462.893555,-11478.696289,15.802734
532,-11459.807617,-11478.064453,18.256836
533,-9412.217773,-9430.081055,17.863281
534,-10318.633789,-10305.170898,13.462891
535,-10973.627930,-10970.476562,3.151367
536,-11402.809570,-11406.974609,4.165039
537,-11800.786133,-11811.155273,10.369141
538,-11552.148438,-11576.529297,24.380859
539,-12367.300781,-12385.457031,18.156250
540,-15031.843750,-15494.766602,462.922852
541,-12099.544922,-11890.765625,208.779297
542,-10964.154297,-10937.767578,26.386719
543,-12784.611328,-12789.845703,5.234375
544,-11741.817383,-11776.574219,34.756836
545,-11393.126953,-11373.199219,19.927734
546,-11510.250000,-11508.694336,1.555664
547,-9671.280273,-9764.291992,93.011719
548,-9906.837891,-9926.296875,19.458984
549,-11953.959961,-11947.734375,6.225586
550,-12476.664062,-12488.838867,12.174805
551,-10964.173828,-10967.678711,3.504883
552,-12940.433594,-12959.859375,19.425781
553,-11530.157227,-11544.371094,14.213867
554,-11487.449219,-11476.867188,10.582031
555,-10493.537109,-10500.836914,7.299805
556,-10743.033203,-10809.052734,66.019531
557,-10509.809570,-10499.857422,9.952148
558,-11497.682617,-11509.145508,11.462891
559,-11382.491211,-11407.963867,25.472656
560,-8517.209961,-8428.347656,88.862305
561,-11943.360352,-11946.854492,3.494141
562,-10409.670898,-10430.757812,21.086914
563,-9902.125000,-9924.402344,22.277344
564,-10956.627930,-10938.647461,17.980469
565,-11794.934570,-11810.879883,15.945312
566,-11509.262695,-11512.867188,3.604492
567,-11339.355469,-11343.040039,3.684570
568,-11799.771484,-11811.361328,11.589844
569,-11768.810547,-11810.788086,41.977539
570,-10408.383789,-10442.050781,33.666992
571,-11954.727539,-11948.041016,6.686523
572,-10459.316406,-10462.424805,3.108398
573,-11949.505859,-11947.917969,1.587891
574,-10902.473633,-10970.747070,68.273438
575,-11524.282227,-11543.453125,19.170898
576,-11510.373047,-11509.801758,0.571289
577,-10955.273438,-10970.649414,15.375977
578,-11948.289062,-11946.120117,2.168945
579,-11913.101562,-11980.123047,67.021484
580,-12867.628906,-12860.288086,7.340820
581,-11947.306641,-11947.137695,0.168945
582,-11321.109375,-11374.681641,53.572266
583,-11868.092773,-11876.485352,8.392578
584,-11955.787109,-11947.030273,8.756836
585,-9465.404297,-9497.461914,32.057617
586,-9387.924805,-9523.314453,135.389648
587,-9921.482422,-9926.965820,5.483398
588,-8418.919922,-8428.019531,9.099609
589,-11559.426758,-11577.054688,17.627930
590,-12752.690430,-12821.078125,68.387695
591,-6023.639160,-6322.972168,299.333008
592,-11549.471680,-11543.547852,5.923828
593,-11949.485352,-11948.591797,0.893555
594,-10543.420898,-10532.998047,10.422852
595,-11515.620117,-11512.228516,3.391602
596,-11929.260742,-11914.195312,15.065430
597,-12667.024414,-12756.151367,89.126953
598,-10935.237305,-10913.313477,21.923828
599,-10992.089844,-11001.587891,9.498047
600,-8270.776367,-8201.402344,69.374023
601,-10968.688477,-10969.226562,0.538086
602,-12938.732422,-12927.022461,11.709961
603,-10907.798828,-10904.622070,3.176758
604,-11534.206055,-11512.452148,21.753906
605,-11911.869141,-11915.759766,3.890625
606,-12879.708984,-12891.358398,11.649414
607,-12313.720703,-12354.109375,40.388672
608,-10526.433594,-10534.184570,7.750977
609,-11754.034180,-11777.203125,23.168945
610,-10559.300781,-10565.539062,6.238281
611,-7758.854492,-7762.208008,3.353516
612,-10314.152344,-10362.531250,48.378906
613,-12337.408203,-12320.797852,16.610352
614,-10486.869141,-10409.248047,77.621094
615,-9272.440430,-9303.206055,30.765625
616,-10896.723633,-10904.315430,7.591797
617,-9495.704102,-9461.547852,34.156250
618,-10819.215820,-10833.701172,14.485352
619,-11936.107422,-11947.344727,11.237305
620,-11948.267578,-11948.057617,0.209961
621,-11381.707031,-11373.691406,8.015625
622,-11958.625000,-11947.801758,10.823242
623,-12787.791992,-12788.855469,1.063477
624,-9501.508789,-9463.814453,37.694336
625,-12485.141602,-12488.934570,3.792969
626,-11326.380859,-11375.660156,49.279297
627,-10942.570312,-10938.835938,3.734375
628,-10779.253906,-10833.012695,53.758789
629,-10005.916016,-9990.623047,15.292969
630,-12453.749023,-12456.758789,3.009766
631,-12050.407227,-11948.753906,101.653320
632,-11369.996094,-11373.351562,3.355469
633,-12002.850586,-11980.041016,22.809570
634,-10967.074219,-10970.344727,3.270508
635,-11540.617188,-11542.831055,2.213867
636,-10532.511719,-10530.978516,1.533203
637,-11504.526367,-11510.436523,5.910156
638,-12862.972656,-12893.290039,30.317383
639,-12763.534180,-12791.440430,27.906250
640,-10492.092773,-10500.633789,8.541016
641,-8515.742188,-8584.876953,69.134766
642,-10359.777344,-10361.540039,1.762695
643,-7446.269531,-7566.379395,120.109863
644,-10932.136719,-10935.073242,2.936523
645,-11424.929688,-11444.916016,19.986328
646,-11007.698242,-11003.083984,4.614258
647,-11421.658203,-11407.017578,14.640625
648,-11502.697266,-11510.929688,8.232422
649,-9870.177734,-9902.072266,31.894531
650,-11770.976562,-11809.925781,38.949219
651,-11389.501953,-11373.197266,16.304688
652,-10990.346680,-10879.431641,110.915039
653,-11967.621094,-11945.975586,21.645508
654,-11457.117188,-11444.761719,12.355469
655,-9882.807617,-9933.475586,50.667969
656,-10755.416016,-10775.513672,20.097656
657,-11950.684570,-11946.858398,3.826172
658,-11415.410156,-11407.414062,7.996094
659,-7987.705078,-7763.420410,224.284668
660,-11006.679688,-11001.852539,4.827148
661,-12502.995117,-12520.776367,17.781250
662,-9623.579102,-9766.366211,142.787109
663,-10931.619141,-10971.281250,39.662109
664,-10972.214844,-10967.459961,4.754883
665,-12379.048828,-12383.799805,4.750977
666,-10476.568359,-10469.331055,7.237305
667,-11381.275391,-11373.417969,7.857422
668,-9994.362305,-9992.689453,1.672852
669,-11107.444336,-11206.767578,99.323242
670,-11491.992188,-11479.462891,12.529297
671,-11509.139648,-11509.121094,0.018555
672,-11992.465820,-12011.967773,19.501953
673,-11543.590820,-11543.954102,0.363281
674,-9983.765625,-9990.678711,6.913086
675,-12260.658203,-12249.831055,10.827148
676,-10564.883789,-10566.033203,1.149414
677,-9511.390625,-9521.677734,10.287109
678,-11929.612305,-11915.233398,14.378906
679,-11782.277344,-11844.472656,62.195312
680,-11353.298828,-11375.391602,22.092773
681,-10454.620117,-10464.765625,10.145508
682,-11346.734375,-11342.777344,3.957031
683,-11930.407227,-11948.484375,18.077148
684,-11569.504883,-11577.000977,7.496094
685,-12773.566406,-12791.077148,17.510742
686,-13125.009766,-13191.540039,66.530273
687,-11525.454102,-11543.026367,17.572266
688,-11492.247070,-11511.630859,19.383789
689,-9887.572266,-9895.438477,7.866211
690,-12478.525391,-12489.057617,10.532227
691,-10952.249023,-10935.954102,16.294922
692,-11506.825195,-11510.681641,3.856445
693,-11870.647461,-11913.883789,43.236328
694,-10953.000977,-10938.697266,14.303711
695,-10946.075195,-10935.579102,10.496094
696,-9949.305664,-9965.822266,16.516602
697,-12880.675781,-12892.448242,11.772461
698,-9893.595703,-9899.731445,6.135742
699,-11506.546875,-11509.839844,3.292969
700,-9496.243164,-9496.002930,0.240234
701,-12536.597656,-12521.144531,15.453125
702,-7862.326172,-7659.539062,202.787109
703,-12520.359375,-12489.550781,30.808594
704,-11932.680664,-11947.740234,15.059570
705,-10947.896484,-10935.983398,11.913086
706,-11511.349609,-11511.839844,0.490234
707,-10304.549805,-10337.875977,33.326172
708,-12516.494141,-12554.242188,37.748047
709,-9475.126953,-9496.262695,21.135742
710,-11553.461914,-11575.633789,22.171875
711,-7377.178711,-7359.023926,18.154785
712,-10567.688477,-10565.446289,2.242188
713,-11371.947266,-11374.459961,2.512695
714,-11517.291992,-11543.630859,26.338867
715,-9493.112305,-9522.009766,28.897461
716,-10562.449219,-10566.085938,3.636719
717,-9898.794922,-9901.942383,3.147461
718,-10738.776367,-10776.077148,37.300781
719,-12477.161133,-12489.591797,12.430664
720,-11372.192383,-11375.084961,2.892578
721,-11392.822266,-11374.804688,18.017578
722,-10984.781250,-10968.534180,16.247070
723,-11491.981445,-11509.550781,17.569336
724,-12493.549805,-12488.830078,4.719727
725,-11460.617188,-11477.717773,17.100586
726,-11416.833984,-11406.316406,10.517578
727,-11506.580078,-11452.275391,54.304688
728,-11341.602539,-11375.099609,33.497070
729,-11179.532227,-11237.453125,57.920898
730,-8411.679688,-8427.591797,15.912109
731,-11499.583984,-11509.553711,9.969727
732,-10973.530273,-10968.601562,4.928711
733,-11719.893555,-11745.933594,26.040039
734,-11176.547852,-11237.213867,60.666016
735,-10524.152344,-10532.944336,8.791992
736,-10927.784180,-10904.065430,23.718750
737,-8449.605469,-8460.489258,10.883789
738,-12765.432617,-12788.594727,23.162109
739,-9645.522461,-9437.826172,207.696289
740,-10503.142578,-10499.370117,3.772461
741,-8438.716797,-8426.961914,11.754883
742,-10418.911133,-10394.412109,24.499023
743,-12492.721680,-12487.714844,5.006836
744,-11489.113281,-11478.546875,10.566406
745,-10510.652344,-10499.777344,10.875000
746,-11523.737305,-11542.505859,18.768555
747,-12466.836914,-12455.501953,11.334961
748,-9932.813477,-9923.334961,9.478516
749,-11558.460938,-11542.721680,15.739258
750,-11537.078125,-11543.069336,5.991211
751,-12901.250000,-12925.539062,24.289062
752,-11952.876953,-11947.725586,5.151367
753,-9303.967773,-9326.698242,22.730469
754,-11338.168945,-11374.048828,35.879883
755,-12201.142578,-12286.147461,85.004883
756,-11954.267578,-11948.628906,5.638672
757,-11375.193359,-11374.810547,0.382812
758,-10843.460938,-10866.760742,23.299805
759,-12955.086914,-12959.628906,4.541992
760,-11769.571289,-11812.757812,43.186523
761,-12917.716797,-12926.000977,8.284180
762,-12514.828125,-12520.592773,5.764648
763,-8370.763672,-8395.823242,25.059570
764,-10504.967773,-10500.444336,4.523438
765,-11943.310547,-11949.562500,6.251953
766,-12357.292969,-12385.957031,28.664062
767,-11525.718750,-11508.356445,17.362305
768,-11554.941406,-11543.790039,11.151367
769,-11385.510742,-11375.314453,10.196289
770,-10940.832031,-10936.697266,4.134766
771,-10546.407227,-10531.617188,14.790039
772,-11364.923828,-11406.755859,41.832031
773,-10915.208984,-10904.060547,11.148438
774,-11462.180664,-11477.654297,15.473633
775,-10976.763672,-10969.492188,7.271484
776,-10956.349609,-10971.346680,14.997070
777,-11420.197266,-11443.836914,23.639648
778,-10990.017578,-10970.310547,19.707031
779,-11950.267578,-11948.971680,1.295898
780,-12446.969727,-12455.283203,8.313477
781,-10585.468750,-10598.513672,13.044922
782,-11236.296875,-11238.940430,2.643555
783,-10392.272461,-10393.088867,0.816406
784,-11501.491211,-11510.226562,8.735352
785,-10390.143555,-10506.788086,116.644531
786,-10797.122070,-10835.456055,38.333984
787,-12230.749023,-12247.723633,16.974609
788,-11011.010742,-11002.406250,8.604492
789,-12972.193359,-12958.740234,13.453125
790,-11987.166992,-12012.397461,25.230469
791,-8856.158203,-8922.295898,66.137695
792,-11393.976562,-11406.916992,12.940430
793,-10948.655273,-10968.123047,19.467773
794,-11538.738281,-11542.796875,4.058594
795,-12764.005859,-12790.190430,26.184570
796,-10520.265625,-10442.561523,77.704102
797,-10925.557617,-10899.000977,26.556641
798,-10561.834961,-10566.115234,4.280273
799,-11498.837891,-11510.844727,12.006836
800,-10004.226562,-9990.708008,13.518555
801,-11774.905273,-11810.813477,35.908203
802,-11415.011719,-11445.234375,30.222656
803,-12279.594727,-12248.637695,30.957031
804,-11460.539062,-11478.172852,17.633789
805,-11515.016602,-11512.101562,2.915039
806,-11496.544922,-11478.649414,17.895508
807,-11840.896484,-11850.301758,9.405273
808,-9349.692383,-9293.840820,55.851562
809,-11495.414062,-11479.714844,15.699219
810,-11908.007812,-11947.349609,39.341797
811,-11001.452148,-11002.591797,1.139648
812,-8763.581055,-8923.171875,159.590820
813,-11977.425781,-11948.464844,28.960938
814,-11433.724609,-11406.594727,27.129883
815,-9940.273438,-9923.778320,16.495117
816,-11639.057617,-11674.757812,35.700195
817,-12490.724609,-12488.177734,2.546875
818,-9280.864258,-9328.300781,47.436523
819,-10883.038086,-10879.417969,3.620117
820,-12324.815430,-12353.770508,28.955078
821,-11915.748047,-11914.766602,0.981445
822,-10956.710938,-10936.007812,20.703125
823,-11421.159180,-11476.059570,54.900391
824,-10965.895508,-10969.574219,3.678711
825,-11414.851562,-11407.247070,7.604492
826,-10912.829102,-10905.046875,7.782227
827,-10505.911133,-10499.732422,6.178711
828,-10507.775391,-10501.414062,6.361328
829,-12871.893555,-12893.440430,21.546875
830,-11495.814453,-11510.540039,14.725586
831,-10605.838867,-10598.208984,7.629883
832,-10987.749023,-10969.364258,18.384766
833,-12281.882812,-12319.499023,37.616211
834,-12491.323242,-12521.818359,30.495117
835,-10945.495117,-10969.457031,23.961914
836,-11403.194336,-11375.876953,27.317383
837,-11360.911133,-11419.094727,58.183594
838,-13267.125000,-13330.207031,63.082031
839,-11538.619141,-11543.585938,4.966797
840,-12300.945312,-12319.790039,18.844727
841,-11473.570312,-11479.066406,5.496094
842,-11347.122070,-11342.979492,4.142578
843,-12334.072266,-12385.100586,51.028320
844,-10957.557617,-10938.275391,19.282227
845,-13437.126953,-13433.984375,3.142578
846,-12553.836914,-12521.851562,31.985352
847,-11955.688477,-11948.672852,7.015625
848,-11357.023438,-11341.141602,15.881836
849,-10009.472656,-9990.006836,19.465820
850,-10981.403320,-10968.252930,13.150391
851,-10897.995117,-10901.868164,3.873047
852,-9519.384766,-9496.960938,22.423828
853,-9926.935547,-9901.004883,25.930664
854,-10447.275391,-10467.169922,19.894531
855,-10999.311523,-11001.806641,2.495117
856,-9514.725586,-9554.539062,39.813477
857,-11932.416992,-11916.139648,16.277344
858,-9456.549805,-9487.931641,31.381836
859,-11895.359375,-11914.826172,19.466797
860,-11016.146484,-11004.592773,11.553711
861,-10476.859375,-10473.759766,3.099609
862,-11907.376953,-11916.872070,9.495117
863,-11473.429688,-11478.882812,5.453125
864,-10746.838867,-10800.390625,53.551758
865,-12548.423828,-12570.751953,22.328125
866,-9930.967773,-9927.512695,3.455078
867,-8404.594727,-8427.803711,23.208984
868,-9496.946289,-9554.485352,57.539062
869,-10927.868164,-10905.211914,22.656250
870,-10533.751953,-10460.486328,73.265625
871,-10387.081055,-10393.259766,6.178711
872,-10991.671875,-11002.287109,10.615234
873,-10961.831055,-10968.481445,6.650391
874,-12978.352539,-12895.031250,83.321289
875,-10950.025391,-10865.787109,84.238281
876,-9229.694336,-10394.170898,1164.476562
877,-12524.314453,-12519.885742,4.428711
878,-11509.585938,-11509.809570,0.223633
879,-12502.745117,-12487.885742,14.859375
880,-12477.404297,-12486.697266,9.292969
881,-11415.442383,-11406.698242,8.744141
882,-10515.812500,-10499.581055,16.231445
883,-12493.956055,-12488.382812,5.573242
884,-10938.451172,-10912.168945,26.282227
885,-14577.376953,-14639.417969,62.041016
886,-10526.774414,-10532.649414,5.875000
887,-11553.149414,-11543.854492,9.294922
888,-8453.689453,-8485.719727,32.030273
889,-13436.290039,-13466.482422,30.192383
890,-11895.780273,-11914.438477,18.658203
891,-12359.132812,-12352.465820,6.666992
892,-11222.964844,-11270.760742,47.795898
893,-12532.557617,-12520.631836,11.925781
894,-11566.935547,-11575.686523,8.750977
895,-11943.412109,-11949.021484,5.609375
896,-11483.918945,-11477.104492,6.814453
897,-11555.865234,-11544.599609,11.265625
898,-11496.574219,-11511.122070,14.547852
899,-10992.201172,-10967.181641,25.019531
900,-9421.610352,-9489.197266,67.586914
901,-11537.125977,-11543.368164,6.242188
902,-11909.059570,-11915.245117,6.185547
903,-10556.279297,-10565.163086,8.883789
904,-13507.375977,-13532.427734,25.051758
905,-10445.729492,-10473.702148,27.972656
906,-11941.041016,-11948.214844,7.173828
907,-13392.977539,-13434.662109,41.684570
908,-10953.258789,-10970.508789,17.250000
909,-11503.873047,-11510.930664,7.057617
910,-10739.531250,-10776.912109,37.380859
911,-10860.042969,-10833.277344,26.765625
912,-10534.874023,-10532.825195,2.048828
913,-10535.294922,-10531.958984,3.335938
914,-9458.528320,-9463.504883,4.976562
915,-12549.306641,-12554.196289,4.889648
916,-9558.362305,-9555.725586,2.636719
917,-12323.828125,-12281.531250,42.296875
918,-12541.428711,-12553.749023,12.320312
919,-12379.724609,-12385.958984,6.234375
920,-11502.195312,-11511.024414,8.829102
921,-10534.958008,-10531.785156,3.172852
922,-2323.232422,-5625.188477,3301.956055
923,-12931.044922,-12959.790039,28.745117
924,-12367.305664,-12353.993164,13.312500
925,-10895.096680,-10878.649414,16.447266
926,-12896.514648,-12958.865234,62.350586
927,-9950.873047,-9934.833008,16.040039
928,-9974.195312,-9957.752930,16.442383
929,-10776.834961,-10801.984375,25.149414
930,-10233.550781,-10273.036133,39.485352
931,-11590.153320,-11609.059570,18.906250
932,-12462.388672,-12418.951172,43.437500
933,-10940.192383,-10878.794922,61.397461
934,-9937.847656,-9991.553711,53.706055
935,-11525.360352,-11484.373047,40.987305
936,-10968.792969,-10970.838867,2.045898
937,-11006.306641,-10970.716797,35.589844
938,-9856.457031,-9898.178711,41.721680
939,-10718.233398,-10708.287109,9.946289
940,-11362.499023,-11375.152344,12.653320
941,-11503.705078,-11439.706055,63.999023
942,-11387.983398,-11374.865234,13.118164
943,-7921.910156,-7797.215332,124.694824
944,-10299.299805,-10274.349609,24.950195
945,-8968.331055,-8923.276367,45.054688
946,-9911.194336,-9932.602539,21.408203
947,-11944.666992,-11947.883789,3.216797
948,-11492.894531,-11512.097656,19.203125
949,-9502.166016,-9521.061523,18.895508
950,-12461.221680,-12456.982422,4.239258
951,-10090.138672,-10057.116211,33.022461
952,-7564.981445,-7821.249512,256.268066
953,-11544.056641,-11576.693359,32.636719
954,-10942.522461,-10935.502930,7.019531
955,-10974.503906,-10968.144531,6.359375
956,-11812.371094,-11878.021484,65.650391
957,-12103.736328,-12430.715820,326.979492
958,-10406.185547,-10362.776367,43.409180
959,-12888.447266,-12925.898438,37.451172
960,-11496.969727,-11510.368164,13.398438
961,-11514.320312,-11510.187500,4.132812
962,-11876.379883,-11882.367188,5.987305
963,-10448.187500,-10473.750000,25.562500
964,-11455.579102,-11477.193359,21.614258
965,-11937.108398,-11915.829102,21.279297
966,-11262.916992,-11273.552734,10.635742
967,-10970.977539,-10878.626953,92.350586
968,-11955.725586,-11980.282227,24.556641
969,-10901.212891,-10902.917969,1.705078
970,-13316.980469,-13332.231445,15.250977
971,-11505.686523,-11510.595703,4.909180
972,-11906.391602,-11914.643555,8.251953
973,-11443.758789,-11475.031250,31.272461
974,-10550.349609,-10565.390625,15.041016
975,-10513.323242,-10499.083008,14.240234
976,-10961.479492,-10879.182617,82.296875
977,-11460.154297,-11476.222656,16.068359
978,-11592.354492,-11576.684570,15.669922
979,-10500.185547,-10507.574219,7.388672
980,-11517.924805,-11510.715820,7.208984
981,-9474.152344,-9495.964844,21.812500
982,-10532.791992,-10534.163086,1.371094
983,-11438.663086,-11406.791992,31.871094
984,-11562.396484,-11576.463867,14.067383
985,-10562.835938,-10566.259766,3.423828
986,-11937.552734,-11946.659180,9.106445
987,-12115.560547,-11888.626953,226.933594
988,-13330.452148,-13466.880859,136.428711
989,-11922.230469,-11917.136719,5.093750
990,-9900.868164,-9893.699219,7.168945
991,-10329.271484,-10339.565430,10.293945
992,-9468.396484,-9554.468750,86.072266
993,-11480.802734,-11480.242188,0.560547
994,-10913.207031,-10905.130859,8.076172
995,-11531.083008,-11543.897461,12.814453
996,-12482.334961,-12487.000000,4.665039
997,-12396.218750,-12385.979492,10.239258
998,-12702.561523,-12788.378906,85.817383
999,-12329.958984,-12384.940430,54.981445
1000,-11824.505859,-11844.150391,19.644531
1001,-8907.201172,-8858.437500,48.763672
1002,-12561.612305,-12520.044922,41.567383
1003,-10905.296875,-10900.929688,4.367188
1004,-10461.545898,-10466.165039,4.619141
1005,-10557.718750,-10565.199219,7.480469
1006,-10276.300781,-10304.708008,28.407227
1007,-12566.361328,-12553.816406,12.544922
1008,-11427.594727,-11419.511719,8.083008
1009,-9519.106445,-9495.952148,23.154297
1010,-12938.504883,-12925.525391,12.979492
1011,-12491.871094,-12487.685547,4.185547
1012,-11975.547852,-11979.692383,4.144531
1013,-11524.250977,-11511.083984,13.166992
1014,-12228.186523,-12248.100586,19.914062
1015,-11356.000000,-11342.028320,13.971680
1016,-10497.506836,-10500.740234,3.233398
1017,-10974.382812,-10970.645508,3.737305
1018,-11989.615234,-11980.231445,9.383789
1019,-9974.914062,-9990.875977,15.961914
1020,-12543.163086,-12684.015625,140.852539
1021,-10671.275391,-10813.398438,142.123047
1022,-10457.648438,-10464.406250,6.757812
1023,-10925.721680,-10938.031250,12.309570
1024,-8553.208008,-8518.734375,34.473633
1025,-10780.523438,-10876.716797,96.193359
1026,-11316.995117,-11309.980469,7.014648
1027,-11471.288086,-11478.100586,6.812500
1028,-11927.904297,-11912.783203,15.121094
1029,-7364.806641,-7327.246094,37.560547
1030,-11465.074219,-11452.673828,12.400391
1031,-10555.881836,-10565.172852,9.291016
1032,-11524.152344,-11543.976562,19.824219
1033,-10553.587891,-10565.728516,12.140625
1034,-10537.512695,-10531.968750,5.543945
1035,-10961.255859,-10969.742188,8.486328
1036,-10967.155273,-10934.254883,32.900391
1037,-11960.207031,-11947.841797,12.365234
1038,-10681.039062,-10776.870117,95.831055
1039,-10997.632812,-11003.905273,6.272461
1040,-11372.599609,-11406.532227,33.932617
1041,-9428.729492,-9429.763672,1.034180
1042,-10529.757812,-10533.303711,3.545898
1043,-11439.174805,-11444.806641,5.631836
1044,-9509.848633,-9438.547852,71.300781
1045,-10988.208008,-11001.902344,13.694336
1046,-11563.646484,-11575.861328,12.214844
1047,-11935.725586,-11949.765625,14.040039
1048,-11993.441406,-11980.078125,13.363281
1049,-10543.012695,-10534.811523,8.201172
1050,-10946.333984,-10936.720703,9.613281
1051,-10582.667969,-10598.125000,15.457031
1052,-12497.501953,-12489.411133,8.090820
1053,-11379.958008,-11374.704102,5.253906
1054,-11554.163086,-11544.192383,9.970703
1055,-9875.750000,-9900.200195,24.450195
1056,-10980.221680,-10969.748047,10.473633
1057,-10426.881836,-10506.695312,79.813477
1058,-11364.861328,-11374.154297,9.292969
1059,-10496.660156,-10500.214844,3.554688
1060,-10985.103516,-10970.453125,14.650391
1061,-11906.445312,-11948.300781,41.855469
1062,-12399.115234,-12386.025391,13.089844
1063,-10561.428711,-10565.537109,4.108398
1064,-12509.153320,-12486.829102,22.324219
1065,-10537.175781,-10532.080078,5.095703
1066,-10889.841797,-10902.797852,12.956055
1067,-10587.218750,-10599.135742,11.916992
1068,-11403.934570,-11350.366211,53.568359
1069,-10035.681641,-10024.008789,11.672852
1070,-11982.743164,-12012.351562,29.608398
1071,-10281.141602,-10304.391602,23.250000
1072,-10557.482422,-10531.999023,25.483398
1073,-11020.895508,-11001.717773,19.177734
1074,-10512.539062,-10498.911133,13.627930
1075,-9492.632812,-9437.604492,55.028320
1076,-10977.902344,-10967.900391,10.001953
1077,-10482.216797,-10498.837891,16.621094
1078,-10596.301758,-10598.337891,2.036133
1079,-10463.802734,-10506.844727,43.041992
1080,-10829.895508,-10838.430664,8.535156
1081,-10397.445312,-10474.775391,77.330078
1082,-12368.495117,-12352.950195,15.544922
1083,-10987.996094,-10968.405273,19.590820
1084,-10470.625000,-10465.557617,5.067383
1085,-12496.284180,-12522.734375,26.450195
1086,-12643.635742,-12684.752930,41.117188
1087,-10918.107422,-10938.209961,20.102539
1088,-11965.407227,-11948.711914,16.695312
1089,-11956.164062,-11981.625000,25.460938
1090,-12407.953125,-12385.316406,22.636719
1091,-10953.000000,-10970.727539,17.727539
1092,-12968.425781,-12957.028320,11.397461
1093,-11949.872070,-11948.339844,1.532227
1094,-11941.959961,-11945.037109,3.077148
1095,-10519.142578,-10499.542969,19.599609
1096,-10821.975586,-10800.805664,21.169922
1097,-10633.667969,-10709.035156,75.367188
1098,-9557.620117,-9554.630859,2.989258
1099,-10955.663086,-10936.163086,19.500000
1100,-9935.777344,-9926.386719,9.390625
1101,-11943.878906,-11981.394531,37.515625
1102,-10971.110352,-10969.627930,1.482422
1103,-11406.079102,-11406.868164,0.789062
1104,-12467.915039,-12455.267578,12.647461
1105,-10364.607422,-10365.076172,0.468750
1106,-11903.194336,-11949.375000,46.180664
1107,-10858.733398,-10866.596680,7.863281
1108,-9929.647461,-9934.596680,4.949219
1109,-10926.015625,-10937.259766,11.244141
1110,-7012.711914,-6727.351562,285.360352
1111,-11228.144531,-11237.989258,9.844727
1112,-14710.743164,-14919.209961,208.466797
1113,-12923.181641,-12903.519531,19.662109
1114,-12345.996094,-12351.045898,5.049805
1115,-10564.699219,-10565.440430,0.741211
1116,-10590.504883,-10598.481445,7.976562
1117,-11388.389648,-11407.716797,19.327148
1118,-12979.694336,-12958.298828,21.395508
1119,-11963.167969,-11947.834961,15.333008
1120,-11967.232422,-11948.810547,18.421875
1121,-10504.167969,-10499.400391,4.767578
1122,-11571.107422,-11576.943359,5.835938
1123,-11498.259766,-11512.166016,13.906250
1124,-9950.971680,-9925.658203,25.313477
1125,-11953.454102,-12014.711914,61.257812
1126,-10566.977539,-10565.229492,1.748047
1127,-9930.549805,-9867.598633,62.951172
1128,-12331.427734,-12385.965820,54.538086
1129,-9891.187500,-9897.159180,5.971680
1130,-11796.621094,-11778.361328,18.259766
1131,-12440.920898,-12454.824219,13.903320
1132,-10562.805664,-10565.463867,2.658203
1133,-10490.612305,-10499.757812,9.145508
1134,-11377.544922,-11407.510742,29.965820
1135,-11501.391602,-11510.783203,9.391602
1136,-12457.721680,-12454.505859,3.215820
1137,-11945.393555,-11948.751953,3.358398
1138,-10572.837891,-10566.549805,6.288086
1139,-10941.074219,-10937.856445,3.217773
1140,-11501.166992,-11510.128906,8.961914
1141,-11500.070312,-11512.063477,11.993164
1142,-12471.600586,-12521.587891,49.987305
1143,-12563.758789,-12555.059570,8.699219
1144,-13426.764648,-13466.393555,39.628906
1145,-12417.513672,-12455.580078,38.066406
1146,-10947.596680,-10911.362305,36.234375
1147,-10318.201172,-10332.670898,14.469727
1148,-12485.900391,-12489.342773,3.442383
1149,-9468.911133,-9487.315430,18.404297
1150,-9840.827148,-9866.296875,25.469727
1151,-12276.414062,-12321.337891,44.923828
1152,-10423.490234,-10473.354492,49.864258
1153,-10946.326172,-10937.140625,9.185547
1154,-11374.402344,-11316.609375,57.792969
1155,-12493.680664,-12488.859375,4.821289
1156,-10413.105469,-10441.500000,28.394531
1157,-10282.101562,-10273.735352,8.366211
1158,-10787.977539,-10767.538086,20.439453
1159,-11404.666992,-11406.740234,2.073242
1160,-10310.864258,-10329.443359,18.579102
1161,-10849.658203,-10832.113281,17.544922
1162,-12348.190430,-12385.166992,36.976562
1163,-12409.350586,-12386.157227,23.193359
1164,-10967.074219,-10968.550781,1.476562
1165,-12903.902344,-12924.890625,20.988281
1166,-11952.162109,-11980.487305,28.325195
1167,-11457.281250,-11476.132812,18.851562
1168,-11540.451172,-11542.683594,2.232422
1169,-11942.526367,-11915.533203,26.993164
1170,-11507.554688,-11510.405273,2.850586
1171,-9510.842773,-9495.692383,15.150391
1172,-10342.971680,-10372.552734,29.581055
1173,-10471.288086,-10466.823242,4.464844
1174,-12227.322266,-12398.154297,170.832031
1175,-10558.961914,-10566.000977,7.039062
1176,-12417.474609,-12466.822266,49.347656
1177,-9918.733398,-9926.540039,7.806641
1178,-9832.796875,-9835.652344,2.855469
1179,-11958.997070,-11948.779297,10.217773
1180,-11306.636719,-11396.724609,90.087891
1181,-10581.726562,-10598.464844,16.738281
1182,-12440.824219,-12519.974609,79.150391
1183,-11908.133789,-11914.706055,6.572266
1184,-11781.223633,-11812.266602,31.042969
1185,-12297.431641,-12320.102539,22.670898
1186,-9653.190430,-9730.769531,77.579102
1187,-9487.513672,-9521.591797,34.078125
1188,-9960.563477,-9933.324219,27.239258
1189,-11501.430664,-11510.080078,8.649414
1190,-12288.573242,-12353.735352,65.162109
1191,-10972.288086,-10969.101562,3.186523
1192,-12522.384766,-12521.225586,1.159180
1193,-11529.846680,-11542.470703,12.624023
1194,-10377.864258,-10364.191406,13.672852
1195,-12875.694336,-12927.330078,51.635742
1196,-11503.570312,-11509.393555,5.823242
1197,-11533.025391,-11543.424805,10.399414
1198,-11492.074219,-11477.587891,14.486328
1199,-8355.000000,-8393.809570,38.809570
1200,-11479.554688,-11477.842773,1.711914
1201,-11533.688477,-11544.425781,10.737305
1202,-11506.974609,-11510.697266,3.722656
1203,-11155.530273,-11207.387695,51.857422
1204,-10534.693359,-10533.753906,0.939453
1205,-10488.722656,-10466.549805,22.172852
1206,-7967.104492,-7852.896973,114.207520
1207,-11944.515625,-11948.056641,3.541016
1208,-11948.144531,-11949.261719,1.117188
1209,-11382.447266,-11372.469727,9.977539
1210,-4818.568848,-5344.570312,526.001465
1211,-11987.609375,-11980.823242,6.786133
1212,-10811.153320,-10847.933594,36.780273
1213,-9882.541992,-9898.262695,15.720703
1214,-8950.287109,-8889.248047,61.039062
1215,-10455.838867,-10466.780273,10.941406
1216,-10958.242188,-10935.120117,23.122070
1217,-10342.986328,-10428.085938,85.099609
1218,-8820.123047,-8831.656250,11.533203
1219,-7200.296875,-6726.451172,473.845703
1220,-11431.388672,-11447.074219,15.685547
1221,-10544.328125,-10531.965820,12.362305
1222,-10581.570312,-10565.430664,16.139648
1223,-12383.725586,-12386.713867,2.988281
1224,-9949.000000,-9901.275391,47.724609
1225,-10943.855469,-10935.768555,8.086914
1226,-10657.597656,-10741.524414,83.926758
1227,-10935.089844,-10935.458984,0.369141
1228,-11502.107422,-11511.762695,9.655273
1229,-12406.241211,-12385.390625,20.850586
1230,-10575.143555,-10565.230469,9.913086
1231,-11386.316406,-11406.791992,20.475586
1232,-10494.661133,-10500.916016,6.254883
1233,-10990.664062,-10877.211914,113.452148
1234,-11398.987305,-11374.244141,24.743164
1235,-9924.630859,-9924.857422,0.226562
1236,-10528.615234,-10531.327148,2.711914
1237,-9861.053711,-9359.615234,501.438477
1238,-10873.378906,-10878.594727,5.215820
1239,-12474.583008,-12457.330078,17.252930
1240,-11383.640625,-11408.005859,24.365234
1241,-11534.067383,-11542.417969,8.350586
1242,-11984.579102,-11981.923828,2.655273
1243,-10564.194336,-10565.279297,1.084961
1244,-9447.046875,-9462.933594,15.886719
1245,-10534.112305,-10533.437500,0.674805
1246,-12427.109375,-12422.224609,4.884766
1247,-9609.666016,-9587.701172,21.964844
1248,-10328.005859,-10364.854492,36.848633
1249,-10792.789062,-10812.885742,20.096680
1250,-11499.517578,-11508.979492,9.461914
1251,-11391.098633,-11407.928711,16.830078
1252,-9430.110352,-9455.811523,25.701172
1253,-11421.389648,-11441.174805,19.785156
1254,-10985.546875,-10970.427734,15.119141
1255,-9546.093750,-9555.716797,9.623047
1256,-11807.023438,-11778.096680,28.926758
1257,-11749.297852,-11720.666992,28.630859
1258,-10966.887695,-10969.868164,2.980469
1259,-10930.684570,-10902.804688,27.879883
1260,-10979.382812,-10971.393555,7.989258
1261,-12519.756836,-12519.797852,0.041016
1262,-10621.923828,-10598.324219,23.599609
1263,-10499.027344,-10499.410156,0.382812
1264,-10910.373047,-10904.821289,5.551758
1265,-10495.236328,-10499.446289,4.209961
1266,-11769.376953,-11812.548828,43.171875
1267,-11512.930664,-11510.492188,2.438477
1268,-10572.794922,-10565.908203,6.886719
1269,-11933.133789,-11947.373047,14.239258
1270,-11942.136719,-11914.567383,27.569336
1271,-11428.303711,-11406.447266,21.856445
1272,-11903.093750,-11881.056641,22.037109
1273,-9980.893555,-9933.648438,47.245117
1274,-10416.708984,-10395.823242,20.885742
1275,-11377.744141,-11372.560547,5.183594
1276,-10854.336914,-10813.390625,40.946289
1277,-11490.650391,-11512.062500,21.412109
1278,-9892.390625,-9923.937500,31.546875
1279,-12466.947266,-12488.159180,21.211914
1280,-9863.530273,-9868.195312,4.665039
1281,-11550.671875,-11543.654297,7.017578
1282,-12357.973633,-12354.133789,3.839844
1283,-10534.490234,-10534.054688,0.435547
1284,-10993.593750,-11001.340820,7.747070
1285,-11469.373047,-11475.841797,6.468750
1286,-7789.743652,-7852.793945,63.050293
1287,-12342.681641,-12352.816406,10.134766
1288,-11942.604492,-11981.238281,38.633789
1289,-12873.838867,-12894.035156,20.196289
1290,-11321.497070,-11342.751953,21.254883
1291,-12512.328125,-12520.904297,8.576172
1292,-11942.494141,-11949.053711,6.559570
1293,-11952.902344,-11948.372070,4.530273
1294,-11222.616211,-11286.252930,63.636719
1295,-10586.187500,-10598.346680,12.159180
1296,-11540.313477,-11542.799805,2.486328
1297,-10594.871094,-10598.458008,3.586914
1298,-11554.025391,-11542.832031,11.193359
1299,-10723.053711,-10800.737305,77.683594
1300,-10475.608398,-10440.633789,34.974609
1301,-9522.185547,-9495.903320,26.282227
1302,-10885.000000,-10880.966797,4.033203
1303,-12910.402344,-12895.554688,14.847656
1304,-10723.537109,-10742.898438,19.361328
1305,-10540.519531,-10532.896484,7.623047
1306,-11500.330078,-11510.125977,9.795898
1307,-11974.338867,-11948.268555,26.070312
1308,-10745.975586,-10802.830078,56.854492
1309,-11976.875000,-11948.833984,28.041016
1310,-11956.045898,-11947.883789,8.162109
1311,-10959.263672,-10936.420898,22.842773
1312,-12427.382812,-12456.825195,29.442383
1313,-10867.910156,-10871.527344,3.617188
1314,-9957.976562,-9956.468750,1.507812
1315,-9505.626953,-9554.735352,49.108398
1316,-10990.630859,-10971.773438,18.857422
1317,-11011.037109,-11004.395508,6.641602
1318,-10526.658203,-10533.636719,6.978516
1319,-9319.521484,-8920.917969,398.603516
1320,-12309.029297,-12384.543945,75.514648
1321,-10540.391602,-10533.454102,6.937500
1322,-10328.703125,-10364.125000,35.421875
1323,-11930.656250,-11948.362305,17.706055
1324,-12224.977539,-12249.946289,24.968750
1325,-10008.220703,-9991.675781,16.544922
1326,-12393.516602,-12418.292969,24.776367
1327,-12001.057617,-11980.365234,20.692383
1328,-9585.111328,-9587.654297,2.542969
1329,-10947.634766,-10935.037109,12.597656
1330,-10503.452148,-10498.831055,4.621094
1331,-13161.835938,-13226.498047,64.662109
1332,-10960.506836,-10970.437500,9.930664
1333,-11538.087891,-11543.432617,5.344727
1334,-12177.434570,-12248.320312,70.885742
1335,-10918.424805,-10879.450195,38.974609
1336,-9516.029297,-9497.043945,18.985352
1337,-10450.399414,-10463.684570,13.285156
1338,-10985.352539,-10970.183594,15.168945
1339,-10526.976562,-10533.340820,6.364258
1340,-11482.404297,-11509.542969,27.138672
1341,-9583.708984,-9588.474609,4.765625
1342,-10931.644531,-10937.899414,6.254883
1343,-8906.523438,-8921.810547,15.287109
1344,-11912.700195,-11915.517578,2.817383
1345,-11523.596680,-11544.581055,20.984375
1346,-10593.215820,-10599.228516,6.012695
1347,-8462.168945,-8393.664062,68.504883
1348,-10839.798828,-10801.544922,38.253906
1349,-10334.915039,-10364.875977,29.960938
1350,-11539.615234,-11544.177734,4.562500
1351,-10974.081055,-10971.767578,2.313477
1352,-10958.871094,-10970.036133,11.165039
1353,-10952.514648,-10936.451172,16.063477
1354,-13684.930664,-13765.717773,80.787109
1355,-11381.500977,-11373.816406,7.684570
1356,-12327.606445,-11938.018555,389.587891
1357,-10558.047852,-10566.417969,8.370117
1358,-12146.063477,-11858.447266,287.616211
1359,-9354.162109,-9404.955078,50.792969
1360,-9925.074219,-9933.895508,8.821289
1361,-10478.853516,-10473.482422,5.371094
1362,-9910.920898,-9956.544922,45.624023
1363,-11960.464844,-11949.342773,11.122070
1364,-11925.586914,-11945.065430,19.478516
1365,-10824.901367,-10832.353516,7.452148
1366,-10529.325195,-10532.056641,2.731445
1367,-11007.003906,-11001.333984,5.669922
1368,-11912.004883,-11881.459961,30.544922
1369,-10483.170898,-10466.218750,16.952148
1370,-11964.484375,-11947.362305,17.122070
1371,-10531.041016,-10532.735352,1.694336
1372,-11514.906250,-11510.933594,3.972656
1373,-9914.698242,-9925.761719,11.063477
1374,-9937.362305,-9926.309570,11.052734
1375,-10984.780273,-10969.663086,15.117188
1376,-11572.301758,-11484.170898,88.130859
1377,-10940.437500,-10936.777344,3.660156
1378,-10523.444336,-10533.673828,10.229492
1379,-9898.762695,-9900.920898,2.158203
1380,-10462.781250,-10465.955078,3.173828
1381,-11415.766602,-11408.774414,6.992188
1382,-10696.680664,-10169.004883,527.675781
1383,-10952.055664,-10935.325195,16.730469
1384,-11385.903320,-11406.617188,20.713867
1385,-11502.842773,-11510.561523,7.718750
1386,-10572.585938,-10565.200195,7.385742
1387,-9893.488281,-9927.344727,33.856445
1388,-10527.921875,-10533.470703,5.548828
1389,-11261.188477,-11307.571289,46.382812
1390,-10583.395508,-10599.685547,16.290039
1391,-12359.324219,-12385.205078,25.880859
1392,-10953.481445,-10938.560547,14.920898
1393,-9593.813477,-9587.779297,6.034180
1394,-10339.918945,-10363.583984,23.665039
1395,-11946.923828,-11945.530273,1.393555
1396,-10415.784180,-10473.096680,57.312500
1397,-11500.231445,-11510.944336,10.712891
1398,-10575.243164,-10565.116211,10.126953
1399,-9945.063477,-9957.794922,12.731445
1400,-12063.185547,-12398.551758,335.366211
1401,-12366.083984,-12353.259766,12.824219
1402,-9921.673828,-9902.083984,19.589844
1403,-9876.030273,-9860.064453,15.965820
1404,-11521.532227,-11509.784180,11.748047
1405,-10948.001953,-10934.512695,13.489258
1406,-9872.497070,-9901.308594,28.811523
1407,-11426.854492,-11408.101562,18.752930
1408,-11556.670898,-11707.648438,150.977539
1409,-12349.958008,-12386.525391,36.567383
1410,-12379.119141,-12350.460938,28.658203
1411,-10336.748047,-10371.005859,34.257812
1412,-11505.148438,-11510.773438,5.625000
1413,-11981.900391,-11981.256836,0.643555
1414,-10492.821289,-10507.144531,14.323242
1415,-9420.328125,-9463.096680,42.768555
1416,-10508.311523,-10500.047852,8.263672
1417,-12580.918945,-12554.968750,25.950195
1418,-12520.058594,-12522.146484,2.087891
1419,-11368.600586,-11341.806641,26.793945
1420,-12777.202148,-12823.771484,46.569336
1421,-9433.427734,-9488.458984,55.031250
1422,-11971.572266,-12013.708008,42.135742
1423,-11951.676758,-11948.269531,3.407227
1424,-10556.705078,-10565.199219,8.494141
1425,-7811.558594,-7852.171387,40.612793
1426,-9934.243164,-9925.391602,8.851562
1427,-11774.116211,-11778.695312,4.579102
1428,-8869.316406,-8829.703125,39.613281
1429,-10939.598633,-10939.842773,0.244141
1430,-11903.662109,-11915.454102,11.791992
1431,-10533.675781,-10532.299805,1.375977
1432,-10507.245117,-10499.354492,7.890625
1433,-11948.301758,-11948.616211,0.314453
1434,-10510.205078,-10498.053711,12.151367
1435,-10919.648438,-10880.187500,39.460938
1436,-11969.656250,-11978.534180,8.877930
1437,-10520.337891,-10533.542969,13.205078
1438,-12200.563477,-12279.995117,79.431641
1439,-6222.317871,-6413.632812,191.314941
1440,-11386.099609,-11406.518555,20.418945
1441,-10598.927734,-10598.744141,0.183594
1442,-11964.776367,-11980.764648,15.988281
1443,-11997.833008,-12012.534180,14.701172
1444,-11943.749023,-11947.629883,3.880859
1445,-8948.000000,-8484.656250,463.343750
1446,-13335.920898,-13329.452148,6.468750
1447,-12533.732422,-12522.014648,11.717773
1448,-9845.944336,-9868.929688,22.985352
1449,-12334.013672,-12353.723633,19.709961
1450,-10297.493164,-10304.250000,6.756836
1451,-10930.646484,-10935.577148,4.930664
1452,-13853.409180,-13388.602539,464.806641
1453,-9511.748047,-9522.898438,11.150391
1454,-11915.917969,-11914.611328,1.306641
1455,-10965.637695,-10970.647461,5.009766
1456,-9936.173828,-9956.678711,20.504883
1457,-9941.613281,-9958.639648,17.026367
1458,-9996.327148,-9991.982422,4.344727
1459,-10990.236328,-11002.098633,11.862305
1460,-8715.847656,-8420.912109,294.935547
1461,-10531.684570,-10533.326172,1.641602
1462,-11561.136719,-11576.029297,14.892578
1463,-11956.103516,-11945.011719,11.091797
1464,-11941.890625,-11981.355469,39.464844
1465,-11530.002930,-11544.340820,14.337891
1466,-11417.605469,-11445.992188,28.386719
1467,-10985.097656,-10969.668945,15.428711
1468,-11391.194336,-11407.168945,15.974609
1469,-10955.306641,-10968.617188,13.310547
1470,-8463.790039,-8484.567383,20.777344
1471,-10357.241211,-10363.583008,6.341797
1472,-10480.356445,-10465.939453,14.416992
1473,-11537.560547,-11543.415039,5.854492
1474,-11899.341797,-11849.284180,50.057617
1475,-10906.141602,-10937.126953,30.985352
1476,-10515.335938,-10473.837891,41.498047
1477,-11003.163086,-11003.812500,0.649414
1478,-10413.341797,-10429.126953,15.785156
1479,-10982.752930,-10969.079102,13.673828
1480,-8349.094727,-8427.346680,78.251953
1481,-12383.858398,-12386.582031,2.723633
1482,-11396.571289,-11373.750977,22.820312
1483,-11376.297852,-11374.502930,1.794922
1484,-11494.258789,-11510.951172,16.692383
1485,-10600.182617,-10598.598633,1.583984
1486,-10277.026367,-10272.150391,4.875977
1487,-10950.397461,-10935.325195,15.072266
1488,-11411.030273,-11408.273438,2.756836
1489,-10491.355469,-10499.415039,8.059570
1490,-11683.860352,-11811.720703,127.860352
1491,-11344.201172,-11341.395508,2.805664
1492,-11495.345703,-11510.079102,14.733398
1493,-11945.238281,-11947.782227,2.543945
1494,-11376.302734,-11373.383789,2.918945
1495,-11386.385742,-11373.973633,12.412109
1496,-10361.636719,-10361.674805,0.038086
1497,-11284.899414,-11342.835938,57.936523
1498,-11413.790039,-11406.321289,7.468750
1499,-11910.982422,-11914.994141,4.011719
1500,-10955.311523,-10938.059570,17.251953
1501,-9928.004883,-9926.280273,1.724609
1502,-11541.435547,-11542.698242,1.262695
1503,-11958.015625,-11949.059570,8.956055
1504,-11528.011719,-11542.594727,14.583008
1505,-10295.584961,-10333.328125,37.743164
1506,-11294.171875,-11340.508789,46.336914
1507,-11937.805664,-11947.980469,10.174805
1508,-9526.625000,-9463.096680,63.528320
1509,-10560.804688,-10565.765625,4.960938
1510,-8758.158203,-8856.162109,98.003906
1511,-12557.625977,-12554.110352,3.515625
1512,-11484.971680,-11511.454102,26.482422
1513,-11357.312500,-11374.045898,16.733398
1514,-10327.112305,-10305.645508,21.466797
1515,-9407.528320,-9456.421875,48.893555
1516,-11379.906250,-11373.682617,6.223633
1517,-11499.647461,-11511.870117,12.222656
1518,-9537.131836,-9496.896484,40.235352
1519,-11524.583984,-11543.416016,18.832031
1520,-11852.255859,-11844.701172,7.554688
1521,-9838.597656,-9867.168945,28.571289
1522,-10528.969727,-10507.854492,21.115234
1523,-10429.721680,-10429.204102,0.517578
1524,-11953.115234,-11949.194336,3.920898
1525,-12471.175781,-12457.381836,13.793945
1526,-11893.309570,-11880.913086,12.396484
1527,-10837.693359,-10866.757812,29.064453
1528,-11967.912109,-11948.753906,19.158203
1529,-11962.541016,-11948.306641,14.234375
1530,-12021.268555,-12013.377930,7.890625
1531,-10985.350586,-11001.695312,16.344727
1532,-12179.795898,-12248.969727,69.173828
1533,-11944.050781,-11947.884766,3.833984
1534,-13448.018555,-13498.459961,50.441406
1535,-10395.931641,-10397.312500,1.380859
1536,-12350.871094,-12382.351562,31.480469
1537,-10906.166992,-10906.353516,0.186523
1538,-13612.671875,-13661.620117,48.948242
1539,-10944.494141,-10932.347656,12.146484
1540,-9944.951172,-9926.730469,18.220703
1541,-12558.178711,-12554.166016,4.012695
1542,-9938.807617,-9935.528320,3.279297
1543,-9928.979492,-9900.902344,28.077148
1544,-10886.711914,-10880.246094,6.465820
1545,-10956.649414,-10968.242188,11.592773
1546,-11894.712891,-11915.370117,20.657227
1547,-10528.708008,-10533.692383,4.984375
1548,-9397.119141,-9405.990234,8.871094
1549,-10943.383789,-10936.051758,7.332031
1550,-10538.504883,-10532.605469,5.899414
1551,-10303.156250,-10274.039062,29.117188
1552,-14404.671875,-14526.299805,121.627930
1553,-10420.515625,-10429.004883,8.489258
1554,-11780.523438,-11844.616211,64.092773
1555,-9444.435547,-9496.375000,51.939453
1556,-12945.802734,-12959.142578,13.339844
1557,-10539.901367,-10534.034180,5.867188
1558,-11893.438477,-11882.502930,10.935547
1559,-10500.724609,-10498.767578,1.957031
1560,-11548.613281,-11576.569336,27.956055
1561,-10742.907227,-10742.688477,0.218750
1562,-9021.518555,-8920.833984,100.684570
1563,-11474.054688,-11476.151367,2.096680
1564,-12195.808594,-12249.258789,53.450195
1565,-11051.376953,-11036.105469,15.271484
1566,-10964.267578,-10936.915039,27.352539
1567,-9624.464844,-9360.098633,264.366211
1568,-10985.307617,-10968.558594,16.749023
1569,-10367.451172,-10338.438477,29.012695
1570,-11947.048828,-11948.763672,1.714844
1571,-9903.407227,-9899.198242,4.208984
1572,-11331.732422,-11341.297852,9.565430
1573,-11521.542969,-11512.459961,9.083008
1574,-12366.250000,-12384.571289,18.321289
1575,-12470.855469,-12455.076172,15.779297
1576,-9262.785156,-9327.651367,64.866211
1577,-10965.861328,-10968.956055,3.094727
1578,-12277.300781,-12320.492188,43.191406
1579,-9935.983398,-9923.798828,12.184570
1580,-12539.581055,-12553.817383,14.236328
1581,-10531.063477,-10532.871094,1.807617
1582,-11497.000000,-11510.393555,13.393555
1583,-11745.583008,-11779.915039,34.332031
1584,-10461.171875,-10506.370117,45.198242
1585,-12344.316406,-12385.087891,40.771484
1586,-11505.445312,-11512.346680,6.901367
1587,-10971.923828,-10968.676758,3.247070
1588,-11456.217773,-11477.845703,21.627930
1589,-11943.362305,-11947.750977,4.388672
1590,-11905.004883,-11914.231445,9.226562
1591,-10383.659180,-10394.372070,10.712891
1592,-9611.360352,-9589.240234,22.120117
1593,-10925.420898,-10903.823242,21.597656
1594,-10527.848633,-10534.111328,6.262695
1595,-11953.403320,-11944.236328,9.166992
1596,-10980.351562,-10968.260742,12.090820
1597,-11917.149414,-11914.666992,2.482422
1598,-10879.048828,-10878.633789,0.415039
1599,-9649.259766,-9733.481445,84.221680
1600,-11414.887695,-11444.499023,29.611328
1601,-10940.424805,-10937.025391,3.399414
1602,-8878.171875,-8832.022461,46.149414
1603,-11017.061523,-11002.217773,14.843750
1604,-11499.466797,-11509.791992,10.325195
1605,-11539.139648,-11512.094727,27.044922
1606,-10995.468750,-11002.656250,7.187500
1607,-11382.768555,-11408.285156,25.516602
1608,-11368.692383,-11376.306641,7.614258
1609,-7596.010742,-7482.745117,113.265625
1610,-13524.593750,-13548.634766,24.041016
1611,-10922.735352,-10905.362305,17.373047
1612,-10980.249023,-10968.243164,12.005859
1613,-9449.292969,-9405.533203,43.759766
1614,-12464.748047,-12488.378906,23.630859
1615,-11518.131836,-11543.841797,25.709961
1616,-10501.800781,-10498.398438,3.402344
1617,-10899.963867,-10902.934570,2.970703
1618,-11539.920898,-11543.838867,3.917969
1619,-10526.108398,-10532.902344,6.793945
1620,-10504.759766,-10500.840820,3.918945
1621,-12761.549805,-12959.056641,197.506836
1622,-10919.117188,-10904.701172,14.416016
1623,-11496.811523,-11510.787109,13.975586
1624,-10967.990234,-10970.500977,2.510742
1625,-9443.544922,-9488.211914,44.666992
1626,-10948.434570,-10936.142578,12.291992
1627,-11778.006836,-11779.490234,1.483398
1628,-11976.224609,-11981.920898,5.696289
1629,-11199.038086,-12958.606445,1759.568359
1630,-10971.463867,-10969.221680,2.242188
1631,-5728.188477,-6380.364746,652.176270
1632,-10582.960938,-10599.567383,16.606445
1633,-11473.479492,-11477.505859,4.026367
1634,-10516.864258,-10497.908203,18.956055
1635,-10000.150391,-9959.131836,41.018555
1636,-10556.152344,-10566.805664,10.653320
1637,-8903.848633,-8889.327148,14.521484
1638,-11497.671875,-11509.714844,12.042969
1639,-11769.039062,-11778.708008,9.668945
1640,-12493.309570,-12489.055664,4.253906
1641,-12470.424805,-12489.061523,18.636719
1642,-10411.260742,-10393.744141,17.516602
1643,-11549.640625,-11544.098633,5.541992
1644,-11900.635742,-11948.247070,47.611328
1645,-10973.520508,-10968.061523,5.458984
1646,-11530.616211,-11544.542969,13.926758
1647,-12515.041016,-12488.580078,26.460938
1648,-9473.748047,-9497.099609,23.351562
1649,-12508.497070,-12521.291992,12.794922
1650,-11517.311523,-11542.416992,25.105469
1651,-12329.666016,-12353.753906,24.087891
1652,-11958.979492,-11945.493164,13.486328
1653,-12315.629883,-12319.508789,3.878906
1654,-11996.671875,-11982.193359,14.478516
1655,-11010.476562,-11002.677734,7.798828
1656,-11424.126953,-11407.482422,16.644531
1657,-14394.738281,-14526.499023,131.760742
1658,-12494.093750,-12486.695312,7.398438
1659,-9470.046875,-9620.860352,150.813477
1660,-10368.454102,-10374.816406,6.362305
1661,-10407.767578,-10531.924805,124.157227
1662,-12455.235352,-12456.248047,1.012695
1663,-11361.161133,-11376.470703,15.309570
1664,-12513.702148,-12570.816406,57.114258
1665,-10293.013672,-10274.197266,18.816406
1666,-11491.735352,-11510.112305,18.376953
1667,-10945.980469,-10937.892578,8.087891
1668,-11270.794922,-11270.301758,0.493164
1669,-9428.267578,-9429.209961,0.942383
1670,-11540.332031,-11544.026367,3.694336
1671,-9785.925781,-9835.265625,49.339844
1672,-12515.952148,-12520.023438,4.071289
1673,-12312.974609,-12351.671875,38.697266
1674,-9601.638672,-9588.993164,12.645508
1675,-10164.160156,-10203.339844,39.179688
1676,-9848.469727,-9867.422852,18.953125
1677,-10941.862305,-10937.065430,4.796875
1678,-11461.768555,-11477.908203,16.139648
1679,-10012.333984,-10024.117188,11.783203
1680,-11967.545898,-11981.008789,13.462891
1681,-11399.076172,-11371.675781,27.400391
1682,-9528.911133,-9522.078125,6.833008
1683,-13317.562500,-13443.424805,125.862305
1684,-10256.958984,-10306.760742,49.801758
1685,-12506.902344,-12488.853516,18.048828
1686,-11795.871094,-11812.304688,16.433594
1687,-11539.007812,-11543.669922,4.662109
1688,-10924.150391,-10938.771484,14.621094
1689,-11923.495117,-11915.500977,7.994141
1690,-12364.399414,-12352.694336,11.705078
1691,-11508.833008,-11509.302734,0.469727
1692,-11921.890625,-11916.727539,5.163086
1693,-10482.560547,-10499.545898,16.985352
1694,-10932.313477,-10937.077148,4.763672
1695,-10539.335938,-10533.267578,6.068359
1696,-9951.275391,-9925.796875,25.478516
1697,-8625.820312,-8456.002930,169.817383
1698,-11547.746094,-11453.630859,94.115234
1699,-10540.032227,-10531.977539,8.054688
1700,-11009.143555,-11001.382812,7.760742
1701,-9564.630859,-9555.825195,8.805664
1702,-12911.791016,-12958.645508,46.854492
1703,-10763.551758,-10832.356445,68.804688
1704,-7266.317871,-7359.244629,92.926758
1705,-11506.440430,-11509.602539,3.162109
1706,-10412.906250,-10433.851562,20.945312
1707,-11593.937500,-11609.114258,15.176758
1708,-10351.219727,-10362.804688,11.584961
1709,-11964.080078,-11981.347656,17.267578
1710,-10900.534180,-10937.094727,36.560547
1711,-11369.946289,-11372.765625,2.819336
1712,-9997.029297,-9933.394531,63.634766
1713,-11506.820312,-11510.245117,3.424805
1714,-9550.043945,-9497.318359,52.725586
1715,-10977.515625,-10880.870117,96.645508
1716,-11440.093750,-11443.633789,3.540039
1717,-12004.952148,-12012.285156,7.333008
1718,-10357.489258,-10361.011719,3.522461
1719,-11372.314453,-11375.639648,3.325195
1720,-11375.850586,-11408.651367,32.800781
1721,-11496.899414,-11510.746094,13.846680
1722,-10482.060547,-10467.108398,14.952148
1723,-9915.408203,-9933.941406,18.533203
1724,-9934.707031,-9927.597656,7.109375
1725,-9896.886719,-9927.708984,30.822266
1726,-11532.770508,-11542.680664,9.910156
1727,-10055.285156,-10023.865234,31.419922
1728,-11374.842773,-11374.150391,0.692383
1729,-10311.330078,-10406.722656,95.392578
1730,-11509.235352,-11511.241211,2.005859
1731,-11942.879883,-11946.929688,4.049805
1732,-11933.875977,-11916.051758,17.824219
1733,-11370.644531,-11373.997070,3.352539
1734,-9806.248047,-9869.940430,63.692383
1735,-11543.626953,-11517.341797,26.285156
1736,-9495.191406,-9489.121094,6.070312
1737,-11317.402344,-11342.336914,24.934570
1738,-10022.017578,-9875.010742,147.006836
1739,-11981.773438,-11979.735352,2.038086
1740,-10268.165039,-10298.118164,29.953125
1741,-11370.731445,-11408.309570,37.578125
1742,-10902.976562,-10910.891602,7.915039
1743,-9948.339844,-9960.041016,11.701172
1744,-10915.679688,-10904.032227,11.647461
1745,-9902.090820,-9927.549805,25.458984
1746,-11833.549805,-11844.695312,11.145508
1747,-10425.472656,-10473.370117,47.897461
1748,-11963.934570,-11979.102539,15.167969
1749,-12019.470703,-11979.863281,39.607422
1750,-11523.059570,-11543.614258,20.554688
1751,-9924.396484,-9934.951172,10.554688
1752,-12481.437500,-12486.831055,5.393555
1753,-12466.156250,-12454.726562,11.429688
1754,-11361.594727,-11412.337891,50.743164
1755,-11959.826172,-11753.652344,206.173828
1756,-12522.353516,-12489.425781,32.927734
1757,-11504.700195,-11511.607422,6.907227
1758,-10536.755859,-10532.729492,4.026367
1759,-11818.591797,-11845.120117,26.528320
1760,-11481.105469,-11510.790039,29.684570
1761,-12500.832031,-12487.355469,13.476562
1762,-8841.371094,-8832.221680,9.149414
1763,-11573.090820,-11576.748047,3.657227
1764,-11393.861328,-11408.028320,14.166992
1765,-11996.840820,-11981.783203,15.057617
1766,-10851.920898,-10865.321289,13.400391
1767,-9940.597656,-9925.732422,14.865234
1768,-11896.791016,-11916.445312,19.654297
1769,-11411.276367,-11406.713867,4.562500
1770,-11510.700195,-11543.510742,32.810547
1771,-12569.060547,-12586.905273,17.844727
1772,-11500.987305,-11510.445312,9.458008
1773,-12733.271484,-12789.417969,56.146484
1774,-10470.793945,-10539.900391,69.106445
1775,-11811.541992,-11812.979492,1.437500
1776,-10921.581055,-10904.919922,16.661133
1777,-8949.754883,-8987.992188,38.237305
1778,-11496.585938,-11510.389648,13.803711
1779,-8367.525391,-8453.079102,85.553711
1780,-10991.735352,-10971.490234,20.245117
1781,-8980.104492,-9132.916016,152.811523
1782,-12518.060547,-12489.370117,28.690430
1783,-11982.481445,-11979.302734,3.178711
1784,-11505.899414,-11512.281250,6.381836
1785,-10367.809570,-10473.720703,105.911133
1786,-11923.426758,-11914.151367,9.275391
1787,-9709.078125,-9797.816406,88.738281
1788,-10394.208984,-10338.941406,55.267578
1789,-10535.953125,-10531.807617,4.145508
1790,-12530.314453,-12553.324219,23.009766
1791,-11612.028320,-11609.103516,2.924805
1792,-10510.322266,-10502.727539,7.594727
1793,-11936.880859,-11949.638672,12.757812
1794,-10881.378906,-10878.575195,2.803711
1795,-11500.256836,-11510.092773,9.835938
1796,-10936.300781,-10937.924805,1.624023
1797,-11378.458008,-11374.479492,3.978516
1798,-10540.736328,-10532.866211,7.870117
1799,-10664.850586,-10743.595703,78.745117
1800,-9930.741211,-9959.519531,28.778320
1801,-12283.145508,-12353.073242,69.927734
1802,-11540.526367,-11511.891602,28.634766
1803,-11946.379883,-11946.751953,0.372070
1804,-10943.586914,-10936.713867,6.873047
1805,-10567.384766,-10565.798828,1.585938
1806,-10530.969727,-10534.071289,3.101562
1807,-9982.410156,-9991.861328,9.451172
1808,-12524.026367,-12520.586914,3.439453
1809,-11915.791992,-11914.778320,1.013672
1810,-11929.892578,-11916.570312,13.322266
1811,-10944.195312,-10935.221680,8.973633
1812,-11360.964844,-11408.362305,47.397461
1813,-11390.889648,-11407.477539,16.587891
1814,-10784.103516,-10802.526367,18.422852
1815,-11373.406250,-11375.431641,2.025391
1816,-10978.399414,-10969.246094,9.153320
1817,-9916.844727,-9960.275391,43.430664
1818,-9695.521484,-9796.390625,100.869141
1819,-10479.647461,-10474.215820,5.431641
1820,-13844.748047,-13938.203125,93.455078
1821,-11346.106445,-11342.159180,3.947266
1822,-10504.199219,-10499.899414,4.299805
1823,-10425.291992,-10473.901367,48.609375
1824,-9960.463867,-9992.465820,32.001953
1825,-10967.755859,-10971.243164,3.487305
1826,-12653.149414,-12685.056641,31.907227
1827,-11459.549805,-11477.524414,17.974609
1828,-9944.428711,-9923.547852,20.880859
1829,-11330.741211,-11340.625000,9.883789
1830,-10366.683594,-10392.967773,26.284180
1831,-12490.555664,-12488.631836,1.923828
1832,-12267.320312,-12317.808594,50.488281
1833,-12527.833008,-12554.233398,26.400391
1834,-11500.871094,-11509.792969,8.921875
1835,-12482.180664,-12489.416016,7.235352
1836,-10536.557617,-10532.061523,4.496094
1837,-10533.457031,-10532.766602,0.690430
1838,-12554.670898,-12520.804688,33.866211
1839,-12329.003906,-12352.801758,23.797852
1840,-9517.791016,-9521.220703,3.429688
1841,-11496.342773,-11510.965820,14.623047
1842,-9481.872070,-9464.121094,17.750977
1843,-11389.098633,-11340.782227,48.316406
1844,-11893.733398,-11980.031250,86.297852
1845,-11935.017578,-11946.559570,11.541992
1846,-11943.523438,-11946.144531,2.621094
1847,-12512.520508,-12522.021484,9.500977
1848,-10344.381836,-10867.413086,523.031250
1849,-10422.626953,-10430.042969,7.416016
1850,-10438.691406,-10441.862305,3.170898
1851,-10529.476562,-10533.070312,3.593750
1852,-10957.761719,-10938.606445,19.155273
1853,-11958.789062,-11947.135742,11.653320
1854,-11927.187500,-11914.508789,12.678711
1855,-11514.825195,-11510.572266,4.252930
1856,-9899.078125,-9891.656250,7.421875
1857,-11376.389648,-11376.009766,0.379883
1858,-12489.572266,-12456.500977,33.071289
1859,-11348.443359,-11376.056641,27.613281
1860,-10921.553711,-10904.203125,17.350586
1861,-10902.034180,-10902.047852,0.013672
1862,-11486.617188,-11478.828125,7.789062
1863,-12190.216797,-12248.431641,58.214844
1864,-11304.386719,-11341.948242,37.561523
1865,-10448.996094,-10428.098633,20.897461
1866,-11911.089844,-11917.063477,5.973633
1867,-12029.253906,-11947.113281,82.140625
1868,-11507.239258,-11510.988281,3.749023
1869,-11954.250000,-11949.538086,4.711914
1870,-12932.248047,-12927.376953,4.871094
1871,-10530.447266,-10531.970703,1.523438
1872,-11503.364258,-11509.576172,6.211914
1873,-11897.373047,-11912.768555,15.395508
1874,-9961.504883,-9958.926758,2.578125
1875,-9740.009766,-9707.074219,32.935547
1876,-9478.504883,-9488.369141,9.864258
1877,-11944.716797,-11948.118164,3.401367
1878,-12095.740234,-12134.333984,38.593750
1879,-10969.334961,-10970.189453,0.854492
1880,-14531.973633,-14887.848633,355.875000
1881,-12318.172852,-12319.609375,1.436523
1882,-11503.394531,-11510.417969,7.023438
1883,-11360.505859,-11341.392578,19.113281
1884,-11533.861328,-11543.794922,9.933594
1885,-12345.660156,-12384.366211,38.706055
1886,-11942.283203,-11947.685547,5.402344
1887,-12337.201172,-12354.191406,16.990234
1888,-9795.030273,-8335.795898,1459.234375
1889,-11383.242188,-11374.282227,8.959961
1890,-10376.053711,-10397.226562,21.172852
1891,-11922.208008,-11948.736328,26.528320
1892,-12325.080078,-12344.596680,19.516602
1893,-11085.729492,-11484.723633,398.994141
1894,-10526.070312,-10533.332031,7.261719
1895,-10962.889648,-10971.041016,8.151367
1896,-11411.738281,-11408.464844,3.273438
1897,-10884.200195,-10869.821289,14.378906
1898,-9611.500977,-9588.406250,23.094727
1899,-11513.318359,-11543.315430,29.997070
1900,-11935.165039,-11948.852539,13.687500
1901,-11517.434570,-11544.116211,26.681641
1902,-12490.718750,-12488.462891,2.255859
1903,-11505.260742,-11510.974609,5.713867
1904,-9753.906250,-9797.746094,43.839844
1905,-9571.369141,-9529.222656,42.146484
1906,-11543.962891,-11543.385742,0.577148
1907,-12365.148438,-12352.947266,12.201172
1908,-13129.416992,-13224.622070,95.205078
1909,-12350.733398,-12384.336914,33.603516
1910,-9861.633789,-9902.394531,40.760742
1911,-12032.775391,-12015.138672,17.636719
1912,-10530.095703,-10533.744141,3.648438
1913,-10468.406250,-10474.518555,6.112305
1914,-8273.237305,-8393.703125,120.465820
1915,-12952.785156,-13005.789062,53.003906
1916,-10958.062500,-10938.752930,19.309570
1917,-10964.809570,-10968.325195,3.515625
1918,-13318.993164,-13331.618164,12.625000
1919,-9464.463867,-9488.846680,24.382812
1920,-10939.556641,-10937.549805,2.006836
1921,-10913.458008,-10944.792969,31.334961
1922,-12556.562500,-12522.615234,33.947266
1923,-9518.773438,-9521.442383,2.668945
1924,-12931.503906,-12927.455078,4.048828
1925,-10561.236328,-10566.351562,5.115234
1926,-10505.808594,-10499.916016,5.892578
1927,-11949.307617,-11948.029297,1.278320
1928,-12969.542969,-12927.908203,41.634766
1929,-8474.126953,-8486.669922,12.542969
1930,-11499.637695,-11510.619141,10.981445
1931,-10343.974609,-10394.354492,50.379883
1932,-11513.043945,-11543.130859,30.086914
1933,-11295.837891,-11310.137695,14.299805
1934,-11510.487305,-11510.070312,0.416992
1935,-10744.170898,-10768.902344,24.731445
1936,-10912.216797,-10903.927734,8.289062
1937,-9919.834961,-9957.427734,37.592773
1938,-12492.439453,-12521.313477,28.874023
1939,-11016.640625,-11001.773438,14.867188
1940,-12347.085938,-12385.065430,37.979492
1941,-11491.294922,-11509.233398,17.938477
1942,-10971.312500,-10969.798828,1.513672
1943,-12519.929688,-12521.302734,1.373047
1944,-13450.138672,-13467.028320,16.889648
1945,-10927.468750,-10936.651367,9.182617
1946,-9947.163086,-9958.672852,11.509766
1947,-11959.864258,-11949.207031,10.657227
1948,-11601.762695,-11608.833984,7.071289
1949,-12880.029297,-12925.765625,45.736328
1950,-9614.149414,-9588.895508,25.253906
1951,-9840.903320,-9867.576172,26.672852
1952,-12368.143555,-12384.405273,16.261719
1953,-9521.476562,-9497.618164,23.858398
1954,-12436.035156,-12520.892578,84.857422
1955,-10814.257812,-10809.159180,5.098633
1956,-10963.375000,-10939.598633,23.776367
1957,-11019.734375,-11002.460938,17.273438
1958,-9858.997070,-9895.382812,36.385742
1959,-10878.834961,-10866.477539,12.357422
1960,-10967.827148,-10936.510742,31.316406
1961,-10541.328125,-10533.297852,8.030273
1962,-10968.885742,-10970.030273,1.144531
1963,-11968.326172,-11980.723633,12.397461
1964,-12440.241211,-12456.547852,16.306641
1965,-11028.959961,-11034.473633,5.513672
1966,-9981.627930,-9992.695312,11.067383
1967,-9546.557617,-9555.615234,9.057617
1968,-11259.641602,-11315.403320,55.761719
1969,-12738.525391,-12790.835938,52.310547
1970,-11924.601562,-11917.377930,7.223633
1971,-11894.910156,-11915.285156,20.375000
1972,-14803.744141,-14952.520508,148.776367
1973,-11495.590820,-11510.138672,14.547852
1974,-11524.411133,-11509.375977,15.035156
1975,-10989.567383,-11001.750977,12.183594
1976,-11978.202148,-11979.154297,0.952148
1977,-8873.332031,-8833.221680,40.110352
1978,-10966.557617,-10969.107422,2.549805
1979,-12001.161133,-11948.072266,53.088867
1980,-9979.806641,-9967.932617,11.874023
1981,-10979.549805,-10970.005859,9.543945
1982,-11269.479492,-11269.807617,0.328125
1983,-11940.305664,-11917.185547,23.120117
1984,-7595.395996,-7755.075195,159.679199
1985,-10897.670898,-10911.619141,13.948242
1986,-10569.054688,-10565.318359,3.736328
1987,-9937.431641,-9923.555664,13.875977
1988,-11963.751953,-11981.559570,17.807617
1989,-12514.269531,-12489.921875,24.347656
1990,-11814.543945,-11844.405273,29.861328
1991,-11384.988281,-11406.892578,21.904297
1992,-8065.422852,-8323.909180,258.486328
1993,-10961.704102,-10937.087891,24.616211
1994,-12305.293945,-12319.595703,14.301758
1995,-11345.160156,-11371.718750,26.558594
1996,-11951.000977,-11917.401367,33.599609
1997,-6132.187988,-6347.202148,215.014160
1998,-12776.166016,-12823.426758,47.260742
1999,-11908.151367,-11917.094727,8.943359
2000,-11403.877930,-11408.027344,4.149414
2001,-12973.115234,-12957.535156,15.580078
2002,-11172.533203,-11238.078125,65.544922
2003,-13990.486328,-13985.773438,4.712891
2004,-8445.260742,-8427.910156,17.350586
2005,-11557.606445,-11575.574219,17.967773
2006,-8336.308594,-8328.596680,7.711914
2007,-11450.659180,-11316.370117,134.289062
2008,-12352.801758,-12353.083008,0.281250
2009,-8368.367188,-8292.090820,76.276367
2010,-10567.617188,-10565.424805,2.192383
2011,-11530.720703,-11542.677734,11.957031
2012,-12431.322266,-12456.251953,24.929688
2013,-11928.925781,-11947.734375,18.808594
2014,-10366.570312,-10371.209961,4.639648
2015,-11428.778320,-11441.829102,13.050781
2016,-11500.290039,-11510.512695,10.222656
2017,-9974.039062,-9957.445312,16.593750
2018,-11984.031250,-11982.262695,1.768555
2019,-12678.313477,-12686.108398,7.794922
2020,-11589.362305,-11609.474609,20.112305
2021,-11537.177734,-11542.968750,5.791016
2022,-11530.316406,-11543.775391,13.458984
2023,-11729.367188,-11746.207031,16.839844
2024,-9940.300781,-9900.877930,39.422852
2025,-10991.974609,-10911.631836,80.342773
2026,-10536.959961,-10532.024414,4.935547
2027,-10786.492188,-10801.467773,14.975586
2028,-12525.889648,-12522.418945,3.470703
2029,-11558.357422,-11608.742188,50.384766
2030,-12454.629883,-12456.416992,1.787109
2031,-11940.926758,-11947.880859,6.954102
2032,-9401.416992,-9471.249023,69.832031
2033,-11492.611328,-11511.622070,19.010742
2034,-11945.771484,-11949.129883,3.358398
2035,-11211.471680,-11270.621094,59.149414
2036,-11344.747070,-11341.598633,3.148438
2037,-9935.502930,-9934.163086,1.339844
2038,-11357.779297,-11340.144531,17.634766
2039,-9607.924805,-9588.692383,19.232422
2040,-11815.793945,-11843.492188,27.698242
2041,-10562.788086,-10565.348633,2.560547
2042,-9804.078125,-9797.931641,6.146484
2043,-9424.475586,-9487.538086,63.062500
2044,-10387.714844,-10337.748047,49.966797
2045,-9509.487305,-9521.382812,11.895508
2046,-9882.387695,-9811.765625,70.622070
2047,-9460.612305,-9462.221680,1.609375
2048,-10561.798828,-10565.427734,3.628906
2049,-9516.668945,-9523.721680,7.052734
2050,-12792.413086,-12789.515625,2.897461
2051,-8372.390625,-8454.473633,82.083008
2052,-8789.472656,-8887.542969,98.070312
2053,-10522.015625,-10531.188477,9.172852
2054,-11019.615234,-11003.985352,15.629883
2055,-11539.018555,-11542.939453,3.920898
2056,-11795.057617,-11813.382812,18.325195
2057,-12490.413086,-12486.883789,3.529297
2058,-11961.162109,-11913.925781,47.236328
2059,-11922.768555,-11917.250977,5.517578
2060,-11552.283203,-11543.674805,8.608398
2061,-9443.903320,-9463.588867,19.685547
2062,-10536.478516,-10534.555664,1.922852
2063,-12370.700195,-12354.312500,16.387695
2064,-10529.938477,-10531.433594,1.495117
2065,-11787.318359,-11845.174805,57.856445
2066,-11943.168945,-11947.885742,4.716797
2067,-8959.403320,-8896.418945,62.984375
2068,-9985.856445,-9992.893555,7.037109
2069,-11805.363281,-11811.112305,5.749023
2070,-9789.402344,-9797.037109,7.634766
2071,-11502.009766,-11510.530273,8.520508
2072,-9488.017578,-9553.963867,65.946289
2073,-8741.342773,-8924.947266,183.604492
2074,-10387.556641,-10338.658203,48.898438
2075,-11476.853516,-11476.100586,0.752930
2076,-10399.675781,-10426.618164,26.942383
2077,-12289.750000,-12352.773438,63.023438
2078,-10981.625977,-10968.516602,13.109375
2079,-10534.540039,-10531.350586,3.189453
2080,-11906.157227,-11914.755859,8.598633
2081,-10906.133789,-10865.890625,40.243164
2082,-12736.484375,-12790.834961,54.350586
2083,-10951.368164,-10971.185547,19.817383
2084,-11963.328125,-11948.167969,15.160156
2085,-10963.925781,-10965.666992,1.741211
2086,-11368.722656,-11371.102539,2.379883
2087,-11779.930664,-11810.966797,31.036133
2088,-11992.136719,-11948.359375,43.777344
2089,-9901.376953,-9901.074219,0.302734
2090,-11236.820312,-11270.172852,33.352539
2091,-9422.565430,-9488.546875,65.981445
2092,-9547.749023,-9555.855469,8.106445
2093,-11527.512695,-11543.088867,15.576172
2094,-12883.253906,-12926.280273,43.026367
2095,-10981.900391,-10912.064453,69.835938
2096,-11859.819336,-11883.020508,23.201172
2097,-11010.457031,-11003.173828,7.283203
2098,-10470.961914,-10465.750000,5.211914
2099,-12351.958008,-12386.736328,34.778320
2100,-10355.355469,-10396.655273,41.299805
2101,-9455.789062,-9462.900391,7.111328
2102,-10988.644531,-10971.537109,17.107422
2103,-10351.257812,-10409.647461,58.389648
2104,-11527.628906,-11545.072266,17.443359
2105,-10500.769531,-10500.058594,0.710938
2106,-11946.866211,-11948.279297,1.413086
2107,-10975.504883,-10971.882812,3.622070
2108,-10577.733398,-10565.401367,12.332031
2109,-10547.935547,-10532.829102,15.106445
2110,-11920.681641,-11912.875977,7.805664
2111,-10522.629883,-10532.713867,10.083984
2112,-10909.823242,-10903.050781,6.772461
2113,-10921.519531,-10935.318359,13.798828
2114,-11983.602539,-11979.413086,4.189453
2115,-11557.179688,-11543.298828,13.880859
2116,-11466.299805,-11476.954102,10.654297
2117,-11378.565430,-11341.425781,37.139648
2118,-10352.498047,-10371.112305,18.614258
2119,-10543.532227,-10534.015625,9.516602
2120,-10225.476562,-10271.285156,45.808594
2121,-9915.825195,-9927.605469,11.780273
2122,-11453.019531,-11476.963867,23.944336
2123,-11949.009766,-11948.208984,0.800781
2124,-12361.305664,-12384.201172,22.895508
2125,-10292.394531,-10305.467773,13.073242
2126,-12734.114258,-12823.547852,89.433594
2127,-9004.462891,-9588.454102,583.991211
2128,-8983.254883,-8921.338867,61.916016
2129,-10972.757812,-10970.203125,2.554688
2130,-10467.816406,-10474.725586,6.909180
2131,-11536.272461,-11543.715820,7.443359
2132,-12722.824219,-12791.017578,68.193359
2133,-11519.280273,-11508.797852,10.482422
2134,-10523.377930,-10532.368164,8.990234
2135,-11322.559570,-11309.162109,13.397461
2136,-11226.941406,-11239.162109,12.220703
2137,-11485.463867,-11476.500977,8.962891
2138,-12564.268555,-12554.363281,9.905273
2139,-11929.299805,-11915.590820,13.708984
2140,-11705.712891,-11775.661133,69.948242
2141,-10931.581055,-10936.073242,4.492188
2142,-10777.338867,-10801.625000,24.286133
2143,-11676.101562,-11485.142578,190.958984
2144,-11402.842773,-11407.083008,4.240234
2145,-10883.647461,-10879.960938,3.686523
2146,-10901.895508,-10905.007812,3.112305
2147,-11006.409180,-11001.551758,4.857422
2148,-11938.712891,-11947.536133,8.823242
2149,-11416.039062,-11444.287109,28.248047
2150,-12953.906250,-13007.501953,53.595703
2151,-10971.106445,-10970.451172,0.655273
2152,-12536.292969,-12521.306641,14.986328
2153,-10943.553711,-10938.110352,5.443359
2154,-9464.916016,-9521.993164,57.077148
2155,-10561.306641,-10565.185547,3.878906
2156,-11537.217773,-11542.933594,5.715820
2157,-12009.040039,-11982.132812,26.907227
2158,-11967.653320,-11979.434570,11.781250
2159,-10520.122070,-10531.589844,11.467773
2160,-11449.764648,-11476.365234,26.600586
2161,-10953.544922,-10933.541992,20.002930
2162,-11927.753906,-11914.859375,12.894531
2163,-11379.975586,-11407.700195,27.724609
2164,-11946.847656,-11948.137695,1.290039
2165,-11358.750000,-11374.216797,15.466797
2166,-11908.101562,-11914.109375,6.007812
2167,-10796.839844,-10833.109375,36.269531
2168,-11369.774414,-11376.210938,6.436523
2169,-11475.613281,-11511.376953,35.763672
2170,-10919.920898,-10905.566406,14.354492
2171,-10901.535156,-10878.650391,22.884766
2172,-12753.777344,-12822.663086,68.885742
2173,-12364.828125,-12384.429688,19.601562
2174,-10421.228516,-10432.125977,10.897461
2175,-12307.166016,-12353.385742,46.219727
2176,-10960.484375,-10968.363281,7.878906
2177,-12513.958008,-12488.233398,25.724609
2178,-10462.866211,-10429.285156,33.581055
2179,-11772.448242,-11778.149414,5.701172
2180,-12538.353516,-12488.849609,49.503906
2181,-10425.371094,-10442.288086,16.916992
2182,-10839.589844,-10879.257812,39.667969
2183,-10505.558594,-10497.597656,7.960938
2184,-11992.891602,-11980.568359,12.323242
2185,-10954.549805,-10937.136719,17.413086
2186,-11558.835938,-11543.432617,15.403320
2187,-11909.926758,-11916.553711,6.626953
2188,-10417.779297,-10395.944336,21.834961
2189,-11521.697266,-11508.591797,13.105469
2190,-10896.496094,-10846.825195,49.670898
2191,-11404.048828,-11375.458984,28.589844
2192,-9313.486328,-9268.558594,44.927734
2193,-11770.458984,-11811.913086,41.454102
2194,-12526.390625,-12553.127930,26.737305
2195,-10797.541016,-10835.334961,37.793945
2196,-11938.906250,-11914.720703,24.185547
2197,-11522.722656,-11543.612305,20.889648
2198,-11033.825195,-11003.392578,30.432617
2199,-10938.995117,-10937.604492,1.390625
2200,-12904.652344,-12926.010742,21.358398
2201,-12121.460938,-12112.265625,9.195312
2202,-10968.298828,-10967.899414,0.399414
2203,-11461.057617,-11477.013672,15.956055
2204,-11979.485352,-11948.785156,30.700195
2205,-9899.696289,-9899.891602,0.195312
2206,-11379.820312,-11372.916992,6.903320
2207,-10475.187500,-10466.544922,8.642578
2208,-9480.230469,-9462.653320,17.577148
2209,-10903.898438,-10910.237305,6.338867
2210,-11928.779297,-11915.991211,12.788086
2211,-11564.437500,-11576.939453,12.501953
2212,-9504.946289,-9521.714844,16.768555
2213,-9467.134766,-9463.361328,3.773438
2214,-11489.694336,-11511.035156,21.340820
2215,-10918.020508,-10903.565430,14.455078
2216,-10530.500000,-10532.860352,2.360352
2217,-11461.873047,-11478.145508,16.272461
2218,-12768.789062,-12823.496094,54.707031
2219,-10966.733398,-10968.081055,1.347656
2220,-11377.357422,-11374.363281,2.994141
2221,-10933.531250,-10904.570312,28.960938
2222,-11781.749023,-11778.885742,2.863281
2223,-10957.205078,-10968.210938,11.005859
2224,-10965.209961,-10971.818359,6.608398
2225,-10956.792969,-10971.096680,14.303711
2226,-12528.177734,-12519.787109,8.390625
2227,-11510.509766,-11510.782227,0.272461
2228,-10584.895508,-10598.619141,13.723633
2229,-11195.592773,-11239.000000,43.407227
2230,-11725.013672,-11778.923828,53.910156
2231,-9894.719727,-9923.573242,28.853516
2232,-10716.483398,-10833.006836,116.523438
2233,-10446.445312,-10395.952148,50.493164
2234,-10421.526367,-10442.307617,20.781250
2235,-10939.802734,-10935.458984,4.343750
2236,-10968.569336,-10968.210938,0.358398
2237,-11499.263672,-11512.204102,12.940430
2238,-9493.186523,-9522.424805,29.238281
2239,-11020.547852,-11034.948242,14.400391
2240,-11936.870117,-11948.642578,11.772461
2241,-10369.806641,-10363.021484,6.785156
2242,-11388.886719,-11374.547852,14.338867
2243,-11966.933594,-11981.399414,14.465820
2244,-9933.842773,-9933.287109,0.555664
2245,-12500.870117,-12489.194336,11.675781
2246,-10606.245117,-10598.080078,8.165039
2247,-9635.646484,-9620.638672,15.007812
2248,-11808.820312,-11811.321289,2.500977
2249,-10985.920898,-10970.109375,15.811523
2250,-10458.404297,-10467.672852,9.268555
2251,-11979.042969,-11980.917969,1.875000
2252,-10723.313477,-10776.550781,53.237305
2253,-10434.412109,-10432.190430,2.221680
2254,-11492.107422,-11479.031250,13.076172
2255,-10945.909180,-10938.027344,7.881836
2256,-10982.131836,-10970.633789,11.498047
2257,-11902.868164,-11881.426758,21.441406
2258,-10777.186523,-10774.666992,2.519531
2259,-11391.646484,-11372.823242,18.823242
2260,-11764.870117,-11812.117188,47.247070
2261,-10980.430664,-10967.461914,12.968750
2262,-9506.616211,-9523.152344,16.536133
2263,-12322.572266,-12320.089844,2.482422
2264,-10386.302734,-10395.828125,9.525391
2265,-11918.301758,-11914.730469,3.571289
2266,-10944.509766,-10934.931641,9.578125
2267,-9934.447266,-9933.201172,1.246094
2268,-12915.921875,-12926.381836,10.459961
2269,-11929.922852,-11947.766602,17.843750
2270,-11528.865234,-11542.397461,13.532227
2271,-11912.173828,-11948.336914,36.163086
2272,-11535.095703,-11542.353516,7.257812
2273,-12911.452148,-12894.824219,16.627930
2274,-10562.102539,-10565.617188,3.514648
2275,-11555.010742,-11576.084961,21.074219
2276,-12690.292969,-12820.156250,129.863281
2277,-11379.843750,-11372.411133,7.432617
2278,-10524.041992,-10532.934570,8.892578
2279,-9971.714844,-9957.411133,14.303711
2280,-9998.667969,-9959.261719,39.406250
2281,-11504.114258,-11510.463867,6.349609
2282,-10943.294922,-10936.551758,6.743164
2283,-10574.054688,-10565.410156,8.644531
2284,-10987.311523,-10969.914062,17.397461
2285,-12041.898438,-11981.503906,60.394531
2286,-10919.357422,-10905.354492,14.002930
2287,-10968.915039,-10968.549805,0.365234
2288,-9968.662109,-9934.694336,33.967773
2289,-11931.558594,-11948.158203,16.599609
2290,-9930.020508,-9932.553711,2.533203
2291,-10885.500000,-10904.781250,19.281250
2292,-11577.969727,-11575.925781,2.043945
2293,-9638.756836,-9620.973633,17.783203
2294,-10438.008789,-10438.641602,0.632812
2295,-11386.681641,-11372.499023,14.182617
2296,-12361.875000,-12385.576172,23.701172
2297,-13402.728516,-13332.687500,70.041016
2298,-11900.874023,-11915.854492,14.980469
2299,-10562.104492,-10566.747070,4.642578
2300,-7467.019043,-7449.371094,17.647949
2301,-10583.467773,-10599.304688,15.836914
2302,-12306.191406,-12350.504883,44.313477
2303,-10476.101562,-10540.129883,64.028320
2304,-13373.259766,-13395.397461,22.137695
2305,-9916.272461,-9925.364258,9.091797
2306,-8365.163086,-8452.739258,87.576172
2307,-9443.184570,-9431.106445,12.078125
2308,-11942.076172,-11947.402344,5.326172
2309,-10506.253906,-10500.369141,5.884766
2310,-11348.647461,-11316.956055,31.691406
2311,-11844.218750,-11849.132812,4.914062
2312,-9988.523438,-9990.997070,2.473633
2313,-12857.579102,-12863.036133,5.457031
2314,-12476.101562,-12489.636719,13.535156
2315,-11836.590820,-11850.197266,13.606445
2316,-12770.035156,-12790.422852,20.387695
2317,-11924.715820,-11948.230469,23.514648
2318,-11502.924805,-11510.437500,7.512695
2319,-11493.519531,-11510.712891,17.193359
2320,-11560.681641,-11577.092773,16.411133
2321,-12318.218750,-12279.113281,39.105469
2322,-9527.788086,-9496.009766,31.778320
2323,-11397.035156,-11376.694336,20.340820
2324,-9883.350586,-9900.189453,16.838867
2325,-11191.895508,-11271.348633,79.453125
2326,-10907.870117,-10879.531250,28.338867
2327,-10466.314453,-10466.175781,0.138672
2328,-10957.441406,-10970.886719,13.445312
2329,-10953.750977,-10905.148438,48.602539
2330,-10579.386719,-10564.963867,14.422852
2331,-11434.515625,-11408.486328,26.029297
2332,-9258.169922,-9360.313477,102.143555
2333,-12480.408203,-12456.560547,23.847656
2334,-10287.141602,-10338.694336,51.552734
2335,-11560.011719,-11577.198242,17.186523
2336,-12556.071289,-12521.589844,34.481445
2337,-10669.163086,-10775.706055,106.542969
2338,-11909.910156,-11915.500977,5.590820
2339,-11523.667969,-11543.011719,19.343750
2340,-11505.007812,-11510.980469,5.972656
2341,-11363.045898,-11374.799805,11.753906
2342,-10979.275391,-10969.683594,9.591797
2343,-12233.416016,-12212.937500,20.478516
2344,-10415.245117,-10396.128906,19.116211
2345,-12490.566406,-12488.414062,2.152344
2346,-12306.304688,-12321.639648,15.334961
2347,-10994.073242,-11002.265625,8.192383
2348,-10880.329102,-10904.353516,24.024414
2349,-11485.541992,-11477.329102,8.212891
2350,-12351.195312,-12384.028320,32.833008
2351,-10510.031250,-10500.247070,9.784180
2352,-9409.554688,-9430.901367,21.346680
2353,-10950.222656,-10961.196289,10.973633
2354,-11379.049805,-11339.361328,39.688477
2355,-11948.212891,-11946.513672,1.699219
2356,-10991.922852,-11001.582031,9.659180
2357,-10871.724609,-10877.700195,5.975586
2358,-10937.773438,-10938.229492,0.456055
2359,-11008.364258,-11002.408203,5.956055
2360,-12349.488281,-12353.086914,3.598633
2361,-11423.152344,-11439.260742,16.108398
2362,-11363.685547,-11342.180664,21.504883
2363,-11371.616211,-11373.987305,2.371094
2364,-11224.410156,-11285.538086,61.127930
2365,-10383.605469,-10359.668945,23.936523
2366,-10976.674805,-10970.684570,5.990234
2367,-10926.750000,-10901.631836,25.118164
2368,-10925.847656,-10903.516602,22.331055
2369,-11015.977539,-11004.581055,11.396484
2370,-8260.902344,-8232.683594,28.218750
2371,-10531.610352,-10532.524414,0.914062
2372,-10764.617188,-10813.263672,48.646484
2373,-12550.984375,-12554.533203,3.548828
2374,-11541.034180,-11544.851562,3.817383
2375,-10509.297852,-10500.391602,8.906250
2376,-11439.743164,-11445.133789,5.390625
2377,-12462.643555,-12489.737305,27.093750
2378,-10282.665039,-10304.574219,21.909180
2379,-10985.340820,-10971.163086,14.177734
2380,-10463.950195,-10474.406250,10.456055
2381,-9424.917969,-9429.571289,4.653320
2382,-10534.913086,-10532.894531,2.018555
2383,-11416.530273,-11403.658203,12.872070
2384,-11456.697266,-11443.554688,13.142578
2385,-10974.896484,-10969.791992,5.104492
2386,-11795.388672,-11811.979492,16.590820
2387,-12769.018555,-12790.126953,21.108398
2388,-10801.341797,-10832.241211,30.899414
2389,-13861.612305,-13937.680664,76.068359
2390,-8484.688477,-8460.155273,24.533203
2391,-12004.643555,-11981.416016,23.227539
2392,-11946.775391,-11946.910156,0.134766
2393,-11947.314453,-11947.379883,0.065430
2394,-10935.367188,-10939.823242,4.456055
2395,-10566.815430,-10565.841797,0.973633
2396,-11404.153320,-11374.257812,29.895508
2397,-11014.385742,-11002.711914,11.673828
2398,-11481.456055,-11511.318359,29.862305
2399,-11531.757812,-11542.755859,10.998047
2400,-11361.455078,-11375.156250,13.701172
2401,-10508.686523,-10499.800781,8.885742
2402,-10586.249023,-10507.328125,78.920898
2403,-11945.833984,-11947.461914,1.627930
2404,-10902.766602,-10912.175781,9.409180
2405,-10385.391602,-10441.629883,56.238281
2406,-11376.820312,-11372.772461,4.047852
2407,-10501.697266,-10500.026367,1.670898
2408,-11515.457031,-11510.875000,4.582031
2409,-11550.680664,-11543.832031,6.848633
2410,-11874.545898,-11881.402344,6.856445
2411,-9916.292969,-9901.576172,14.716797
2412,-10461.376953,-10464.879883,3.502930
2413,-11980.556641,-11978.383789,2.172852
2414,-11959.244141,-11949.155273,10.088867
2415,-10493.578125,-10499.147461,5.569336
2416,-10942.846680,-10937.190430,5.656250
2417,-10958.212891,-10935.197266,23.015625
2418,-12368.547852,-12353.458984,15.088867
2419,-11946.677734,-11947.825195,1.147461
2420,-8546.064453,-9521.471680,975.407227
2421,-11939.795898,-11915.925781,23.870117
2422,-11898.554688,-11881.683594,16.871094
2423,-10509.293945,-10499.850586,9.443359
2424,-12358.296875,-12353.316406,4.980469
2425,-9947.404297,-9931.530273,15.874023
2426,-9964.291016,-9958.879883,5.411133
2427,-11470.050781,-11478.644531,8.593750
2428,-12823.942383,-12904.213867,80.271484
2429,-11922.568359,-11914.866211,7.702148
2430,-11771.072266,-11812.029297,40.957031
2431,-12487.361328,-12417.335938,70.025391
2432,-11006.639648,-11001.312500,5.327148
2433,-11949.807617,-11947.876953,1.930664
2434,-10944.013672,-10935.464844,8.548828
2435,-9838.213867,-9892.883789,54.669922
2436,-11921.987305,-11915.108398,6.878906
2437,-11521.467773,-11512.256836,9.210938
2438,-9519.356445,-9521.178711,1.822266
2439,-10937.015625,-10934.988281,2.027344
2440,-12952.237305,-12926.534180,25.703125
2441,-11357.044922,-11374.331055,17.286133
2442,-11001.758789,-11000.957031,0.801758
2443,-12486.038086,-12486.655273,0.617188
2444,-10013.078125,-9993.665039,19.413086
2445,-11510.368164,-11510.375000,0.006836
2446,-12139.506836,-12248.125977,108.619141
2447,-10558.940430,-10565.451172,6.510742
2448,-11972.761719,-11947.840820,24.920898
2449,-10881.693359,-10839.861328,41.832031
2450,-9935.591797,-9959.505859,23.914062
2451,-10548.487305,-10532.255859,16.231445
2452,-11039.104492,-11036.745117,2.359375
2453,-12495.809570,-12455.194336,40.615234
2454,-10940.624023,-10937.593750,3.030273
2455,-11587.458008,-11675.609375,88.151367
2456,-10955.494141,-10970.502930,15.008789
2457,-9468.757812,-9489.267578,20.509766
2458,-12488.832031,-12488.641602,0.190430
2459,-10300.360352,-10364.093750,63.733398
2460,-12478.296875,-12454.799805,23.497070
2461,-12198.366211,-12215.931641,17.565430
2462,-10309.520508,-10339.065430,29.544922
2463,-11920.873047,-11915.990234,4.882812
2464,-9438.355469,-9429.721680,8.633789
2465,-11547.389648,-11542.636719,4.752930
2466,-13254.015625,-13364.418945,110.403320
2467,-10460.120117,-10466.097656,5.977539
2468,-10350.988281,-10362.972656,11.984375
2469,-11898.629883,-11914.286133,15.656250
2470,-11349.922852,-11374.872070,24.949219
2471,-11000.688477,-11001.701172,1.012695
2472,-12485.473633,-12486.094727,0.621094
2473,-11509.751953,-11544.869141,35.117188
2474,-10558.371094,-10566.538086,8.166992
2475,-10968.650391,-10935.897461,32.752930
2476,-11895.867188,-11915.436523,19.569336
2477,-12549.044922,-12554.194336,5.149414
2478,-12346.974609,-12353.844727,6.870117
2479,-12527.957031,-12520.623047,7.333984
2480,-13149.969727,-13223.509766,73.540039
2481,-12957.403320,-12926.954102,30.449219
2482,-10947.349609,-10879.588867,67.760742
2483,-11943.587891,-11944.385742,0.797852
2484,-11935.066406,-11948.231445,13.165039
2485,-12842.450195,-12902.931641,60.481445
2486,-11554.843750,-11609.138672,54.294922
2487,-12519.176758,-12486.765625,32.411133
2488,-9938.801758,-9924.172852,14.628906
2489,-11742.647461,-11811.325195,68.677734
2490,-8567.586914,-8584.940430,17.353516
2491,-10594.807617,-10598.397461,3.589844
2492,-13001.611328,-12960.485352,41.125977
2493,-10001.993164,-9989.996094,11.997070
2494,-11876.638672,-11845.147461,31.491211
2495,-10507.515625,-10500.174805,7.340820
2496,-10373.676758,-10397.375977,23.699219
2497,-10972.934570,-10970.786133,2.148438
2498,-11343.030273,-11374.403320,31.373047
2499,-10593.334961,-10599.455078,6.120117
2500,-9514.718750,-9522.070312,7.351562
2501,-7288.766602,-7483.472168,194.705566
2502,-10564.080078,-10565.705078,1.625000
2503,-9524.689453,-9496.667969,28.021484
2504,-11383.150391,-11407.578125,24.427734
2505,-12372.737305,-12384.819336,12.082031
2506,-7288.933594,-7349.719727,60.786133
2507,-11992.745117,-11980.038086,12.707031
2508,-9570.818359,-9587.621094,16.802734
2509,-9163.398438,-9236.274414,72.875977
2510,-11935.936523,-11949.125977,13.189453
2511,-9544.466797,-9556.389648,11.922852
2512,-11471.054688,-11477.909180,6.854492
2513,-8013.809570,-7754.269043,259.540527
2514,-11508.669922,-11511.163086,2.493164
2515,-9966.919922,-9959.220703,7.699219
2516,-10974.853516,-10968.416992,6.436523
2517,-11673.626953,-11675.631836,2.004883
2518,-9498.298828,-9496.276367,2.022461
2519,-10534.656250,-10534.521484,0.134766
2520,-10926.942383,-10934.221680,7.279297
2521,-12555.460938,-12553.428711,2.032227
2522,-11431.849609,-11477.901367,46.051758
2523,-11460.281250,-11478.750977,18.469727
2524,-11455.226562,-11478.527344,23.300781
2525,-9945.266602,-9958.570312,13.303711
2526,-10525.260742,-10533.592773,8.332031
2527,-11522.249023,-11510.884766,11.364258
2528,-10506.684570,-10499.851562,6.833008
2529,-12328.416016,-12354.417969,26.001953
2530,-10981.639648,-10968.948242,12.691406
2531,-10839.113281,-10847.523438,8.410156
2532,-11522.724609,-11512.750000,9.974609
2533,-11075.370117,-11036.695312,38.674805
2534,-10971.333008,-10972.034180,0.701172
2535,-11499.696289,-11512.167969,12.471680
2536,-11377.810547,-11371.098633,6.711914
2537,-11007.308594,-11001.892578,5.416016
2538,-11393.858398,-11406.940430,13.082031
2539,-12346.321289,-12352.037109,5.715820
2540,-10558.919922,-10566.096680,7.176758
2541,-11499.396484,-11510.701172,11.304688
2542,-10540.643555,-10532.845703,7.797852
2543,-10452.003906,-10409.791992,42.211914
2544,-9915.931641,-9901.312500,14.619141
2545,-10947.070312,-10938.122070,8.948242
2546,-12499.541992,-12486.626953,12.915039
2547,-10931.289062,-10936.823242,5.534180
2548,-11520.485352,-11541.853516,21.368164
2549,-11827.061523,-11812.856445,14.205078
2550,-10358.873047,-10395.044922,36.171875
2551,-11952.393555,-11947.811523,4.582031
2552,-9466.814453,-9497.500977,30.686523
2553,-10980.578125,-10970.258789,10.319336
2554,-11940.277344,-11948.672852,8.395508
2555,-10985.944336,-10971.669922,14.274414
2556,-10991.549805,-11001.345703,9.795898
2557,-13533.901367,-13532.414062,1.487305
2558,-11954.841797,-11948.310547,6.531250
2559,-11185.866211,-11272.888672,87.022461
2560,-9911.465820,-9901.346680,10.119141
2561,-11531.384766,-11543.428711,12.043945
2562,-11966.422852,-11946.155273,20.267578
2563,-10943.666016,-10909.718750,33.947266
2564,-11923.416016,-11945.014648,21.598633
2565,-10995.977539,-11001.608398,5.630859
2566,-8443.368164,-8519.828125,76.459961
2567,-11816.503906,-11810.470703,6.033203
2568,-11374.488281,-11407.579102,33.090820
2569,-12000.462891,-12014.435547,13.972656
2570,-11515.356445,-11542.666992,27.310547
2571,-10987.511719,-10879.876953,107.634766
2572,-10338.768555,-10339.197266,0.428711
2573,-9991.104492,-9810.709961,180.394531
2574,-10968.633789,-10938.671875,29.961914
2575,-11248.942383,-11341.179688,92.237305
2576,-10954.404297,-10937.246094,17.158203
2577,-10551.554688,-10566.155273,14.600586
2578,-12719.907227,-12791.043945,71.136719
2579,-11823.994141,-11844.722656,20.728516
2580,-10390.565430,-10398.310547,7.745117
2581,-10509.207031,-10498.677734,10.529297
2582,-10390.708008,-10427.431641,36.723633
2583,-10321.325195,-10329.421875,8.096680
2584,-10562.541016,-10565.175781,2.634766
2585,-9954.323242,-9809.716797,144.606445
2586,-10976.705078,-10971.854492,4.850586
2587,-11325.555664,-11238.709961,86.845703
2588,-9536.089844,-9555.001953,18.912109
2589,-10810.188477,-10802.456055,7.732422
2590,-10877.994141,-10832.729492,45.264648
2591,-10553.571289,-10564.779297,11.208008
2592,-10978.187500,-10969.698242,8.489258
2593,-11527.019531,-11542.615234,15.595703
2594,-10843.130859,-10834.426758,8.704102
2595,-11925.664062,-11948.336914,22.672852
2596,-11400.720703,-11406.837891,6.117188
2597,-11599.225586,-11675.570312,76.344727
2598,-11995.480469,-11980.929688,14.550781
2599,-9984.773438,-9990.791016,6.017578
2600,-10385.181641,-10370.868164,14.313477
2601,-9398.534180,-9568.295898,169.761719
2602,-10928.791016,-10902.416016,26.375000
2603,-11556.989258,-11576.318359,19.329102
2604,-12524.923828,-12571.439453,46.515625
2605,-10941.276367,-10936.758789,4.517578
2606,-10949.264648,-10936.599609,12.665039
2607,-11899.149414,-11915.214844,16.065430
2608,-9950.818359,-9924.485352,26.333008
2609,-10900.955078,-10938.435547,37.480469
2610,-12772.184570,-12792.165039,19.980469
2611,-10473.033203,-10429.019531,44.013672
2612,-11941.757812,-11948.189453,6.431641
2613,-11005.424805,-11003.709961,1.714844
2614,-10918.329102,-10902.911133,15.417969
2615,-10997.190430,-11001.743164,4.552734
2616,-12028.499023,-12014.888672,13.610352
2617,-12484.864258,-12488.013672,3.149414
2618,-11372.921875,-11373.157227,0.235352
2619,-9395.062500,-9327.505859,67.556641
2620,-11920.459961,-11915.594727,4.865234
2621,-11023.070312,-11001.357422,21.712891
2622,-11274.321289,-11341.348633,67.027344
2623,-10980.762695,-10969.271484,11.491211
2624,-11588.226562,-11609.086914,20.860352
2625,-11949.848633,-11915.471680,34.376953
2626,-12013.514648,-12013.265625,0.249023
2627,-9953.541016,-9958.766602,5.225586
2628,-11358.617188,-11375.157227,16.540039
2629,-12338.639648,-12386.372070,47.732422
2630,-10993.841797,-10969.498047,24.343750
2631,-11967.961914,-11980.112305,12.150391
2632,-9951.820312,-9958.272461,6.452148
2633,-11344.819336,-11341.533203,3.286133
2634,-11957.830078,-11948.339844,9.490234
2635,-10764.082031,-10768.805664,4.723633
2636,-8257.501953,-8337.114258,79.612305
2637,-10951.776367,-10936.128906,15.647461
2638,-12491.872070,-12489.255859,2.616211
2639,-9321.533203,-9290.865234,30.667969
2640,-10291.209961,-10330.998047,39.788086
2641,-11925.662109,-11914.133789,11.528320
2642,-12019.026367,-11947.794922,71.231445
2643,-10328.569336,-10365.102539,36.533203
2644,-11972.902344,-11947.686523,25.215820
2645,-10377.759766,-10427.965820,50.206055
2646,-11737.792969,-11811.720703,73.927734
2647,-12946.322266,-12958.249023,11.926758
2648,-9958.843750,-9958.052734,0.791016
2649,-12490.393555,-12488.220703,2.172852
2650,-10969.422852,-10967.916016,1.506836
2651,-12490.967773,-12488.665039,2.302734
2652,-11953.345703,-11947.957031,5.388672
2653,-11370.686523,-11374.211914,3.525391
2654,-12558.328125,-12570.833008,12.504883
2655,-11487.018555,-11510.641602,23.623047
2656,-11019.003906,-11004.553711,14.450195
2657,-9526.300781,-9554.599609,28.298828
2658,-11427.048828,-11406.416016,20.632812
2659,-10494.172852,-10502.383789,8.210938
2660,-10958.583984,-10969.358398,10.774414
2661,-11245.326172,-11237.407227,7.918945
2662,-11004.298828,-11001.886719,2.412109
2663,-11836.495117,-11877.676758,41.181641
2664,-10946.836914,-10936.256836,10.580078
2665,-11932.971680,-11916.010742,16.960938
2666,-11923.924805,-11915.137695,8.787109
2667,-10977.234375,-10912.479492,64.754883
2668,-11518.041016,-11510.545898,7.495117
2669,-10535.060547,-10534.180664,0.879883
2670,-10536.617188,-10531.755859,4.861328
2671,-11912.339844,-11913.068359,0.728516
2672,-9583.111328,-9554.628906,28.482422
2673,-11757.548828,-11811.255859,53.707031
2674,-11780.819336,-11810.709961,29.890625
2675,-11978.320312,-11982.087891,3.767578
2676,-10985.418945,-10970.331055,15.087891
2677,-11530.718750,-11544.549805,13.831055
2678,-11561.630859,-11576.285156,14.654297
2679,-11980.449219,-11914.082031,66.367188
2680,-9187.142578,-9236.907227,49.764648
2681,-12957.493164,-12958.590820,1.097656
2682,-10596.535156,-10599.089844,2.554688
2683,-10994.220703,-10968.976562,25.244141
2684,-11382.488281,-11410.593750,28.105469
2685,-10936.913086,-10938.364258,1.451172
2686,-10921.208008,-10903.578125,17.629883
2687,-10506.848633,-10473.639648,33.208984
2688,-12909.096680,-12925.684570,16.587891
2689,-11412.868164,-11405.535156,7.333008
2690,-11930.127930,-11913.861328,16.266602
2691,-11369.065430,-11407.232422,38.166992
2692,-11562.489258,-11576.140625,13.651367
2693,-12400.750977,-12384.614258,16.136719
2694,-10929.832031,-10910.073242,19.758789
2695,-11548.470703,-11543.717773,4.752930
2696,-11500.186523,-11511.653320,11.466797
2697,-9545.915039,-9554.788086,8.873047
2698,-9559.260742,-9554.279297,4.981445
2699,-10782.727539,-10800.330078,17.602539
2700,-10408.104492,-10408.250000,0.145508
2701,-10405.871094,-10441.150391,35.279297
2702,-10015.457031,-9991.850586,23.606445
2703,-9937.755859,-9956.471680,18.715820
2704,-11389.298828,-11407.058594,17.759766
2705,-10459.774414,-10474.880859,15.106445
2706,-10541.067383,-10532.541016,8.526367
2707,-10986.523438,-10945.375000,41.148438
2708,-12932.499023,-12925.813477,6.685547
2709,-12000.848633,-11948.579102,52.269531
2710,-8926.588867,-8922.132812,4.456055
2711,-10944.022461,-10938.265625,5.756836
2712,-11485.304688,-11440.572266,44.732422
2713,-11350.783203,-11341.529297,9.253906
2714,-12912.520508,-12925.106445,12.585938
2715,-11935.607422,-11915.114258,20.493164
2716,-12550.127930,-12553.177734,3.049805
2717,-10939.365234,-10935.582031,3.783203
2718,-10943.887695,-10939.249023,4.638672
2719,-11453.462891,-11476.301758,22.838867
2720,-11380.251953,-11406.968750,26.716797
2721,-11965.988281,-11981.989258,16.000977
2722,-10941.567383,-10968.576172,27.008789
2723,-12328.357422,-12353.995117,25.637695
2724,-10544.275391,-10533.064453,11.210938
2725,-11524.166016,-11542.560547,18.394531
2726,-10308.133789,-10332.175781,24.041992
2727,-11792.899414,-11844.945312,52.045898
2728,-11381.609375,-11440.491211,58.881836
2729,-8447.380859,-8427.693359,19.687500
2730,-11452.466797,-11478.152344,25.685547
2731,-11493.932617,-11510.474609,16.541992
2732,-10507.563477,-10499.763672,7.799805
2733,-11889.829102,-11916.392578,26.563477
2734,-11535.871094,-11542.347656,6.476562
2735,-10931.783203,-10935.825195,4.041992
2736,-8096.820312,-8324.150391,227.330078
2737,-11529.246094,-11543.552734,14.306641
2738,-9469.832031,-9463.000000,6.832031
2739,-10512.180664,-10498.835938,13.344727
2740,-10525.399414,-10533.024414,7.625000
2741,-7311.750000,-7448.638672,136.888672
2742,-10972.396484,-10967.751953,4.644531
2743,-11484.246094,-11511.616211,27.370117
2744,-10869.987305,-10872.981445,2.994141
2745,-10565.028320,-10566.262695,1.234375
2746,-10611.151367,-10598.192383,12.958984
2747,-11956.846680,-11948.221680,8.625000
2748,-10509.443359,-10498.048828,11.394531
2749,-11939.125000,-11948.149414,9.024414
2750,-10954.066406,-10879.572266,74.494141
2751,-10206.558594,-10305.143555,98.584961
2752,-10946.193359,-10935.322266,10.871094
2753,-10938.069336,-10936.218750,1.850586
2754,-11543.543945,-11543.459961,0.083984
2755,-11783.394531,-11813.788086,30.393555
2756,-10990.727539,-11001.048828,10.321289
2757,-10350.831055,-10364.329102,13.498047
2758,-12721.189453,-12787.984375,66.794922
2759,-10576.897461,-10564.529297,12.368164
2760,-11974.676758,-11978.204102,3.527344
2761,-9933.564453,-9958.431641,24.867188
2762,-11501.365234,-11510.899414,9.534180
2763,-12363.095703,-12385.119141,22.023438
2764,-9793.609375,-8921.989258,871.620117
2765,-10534.689453,-10532.086914,2.602539
2766,-10984.910156,-11000.495117,15.584961
2767,-10560.979492,-10566.431641,5.452148
2768,-12280.740234,-12354.295898,73.555664
2769,-10822.131836,-10835.442383,13.310547
2770,-12005.010742,-11948.994141,56.016602
2771,-10531.703125,-10533.487305,1.784180
2772,-11983.304688,-11981.993164,1.311523
2773,-9451.609375,-8452.380859,999.228516
2774,-11574.092773,-11576.906250,2.813477
2775,-10923.216797,-11001.488281,78.271484
2776,-9154.806641,-9302.630859,147.824219
2777,-10495.232422,-10498.810547,3.578125
2778,-12065.859375,-12145.211914,79.352539
2779,-12391.154297,-12386.193359,4.960938
2780,-12956.050781,-12958.605469,2.554688
2781,-11483.641602,-11508.862305,25.220703
2782,-11558.782227,-11577.538086,18.755859
2783,-10514.478516,-10499.833008,14.645508
2784,-9308.683594,-8519.961914,788.721680
2785,-12535.408203,-12521.450195,13.958008
2786,-12539.460938,-12521.199219,18.261719
2787,-11243.218750,-11238.838867,4.379883
2788,-12395.160156,-12351.662109,43.498047
2789,-13201.469727,-13364.036133,162.566406
2790,-10826.876953,-10845.142578,18.265625
2791,-11806.587891,-11844.460938,37.873047
2792,-11220.148438,-11236.973633,16.825195
2793,-11838.551758,-11810.208984,28.342773
2794,-11450.865234,-11445.554688,5.310547
2795,-11497.972656,-11510.106445,12.133789
2796,-9457.722656,-9455.760742,1.961914
2797,-10447.559570,-10468.632812,21.073242
2798,-10773.055664,-10764.996094,8.059570
2799,-12637.915039,-12789.243164,151.328125
2800,-12837.079102,-12894.006836,56.927734
2801,-10797.924805,-10844.802734,46.877930
2802,-10541.792969,-10533.298828,8.494141
2803,-10713.250977,-10744.290039,31.039062
2804,-12489.761719,-12490.327148,0.565430
2805,-9510.652344,-9522.442383,11.790039
2806,-9943.954102,-9960.405273,16.451172
2807,-10953.912109,-10938.010742,15.901367
2808,-10558.066406,-10566.193359,8.126953
2809,-10959.566406,-10912.230469,47.335938
2810,-12411.938477,-12386.504883,25.433594
2811,-9192.615234,-9326.137695,133.522461
2812,-11327.795898,-11339.896484,12.100586
2813,-11931.259766,-11948.684570,17.424805
2814,-11520.967773,-11541.672852,20.705078
2815,-11548.334961,-11542.490234,5.844727
2816,-10956.862305,-10936.791992,20.070312
2817,-8908.625000,-8863.562500,45.062500
2818,-11456.773438,-11479.407227,22.633789
2819,-11923.748047,-11949.103516,25.355469
2820,-11964.185547,-11946.691406,17.494141
2821,-10942.736328,-10935.455078,7.281250
2822,-11015.240234,-11270.176758,254.936523
2823,-11529.242188,-11543.782227,14.540039
2824,-9905.679688,-9901.092773,4.586914
2825,-11922.650391,-11915.687500,6.962891
2826,-11010.239258,-11002.922852,7.316406
2827,-11573.180664,-11576.900391,3.719727
2828,-10602.392578,-10598.807617,3.584961
2829,-11947.627930,-11947.970703,0.342773
2830,-10492.875000,-10500.141602,7.266602
2831,-12530.878906,-12520.515625,10.363281
2832,-9510.620117,-9429.597656,81.022461
2833,-10553.606445,-10565.151367,11.544922
2834,-10453.784180,-10427.132812,26.651367
2835,-11474.950195,-11509.410156,34.459961
2836,-10951.334961,-10968.081055,16.746094
2837,-10876.693359,-10911.329102,34.635742
2838,-12849.501953,-12860.526367,11.024414
2839,-11948.135742,-11948.882812,0.747070
2840,-13414.343750,-13444.412109,30.068359
2841,-11936.199219,-11947.728516,11.529297
2842,-11006.349609,-11003.862305,2.487305
2843,-9544.149414,-9496.829102,47.320312
2844,-11957.790039,-11947.264648,10.525391
2845,-11751.830078,-11812.428711,60.598633
2846,-11340.226562,-11373.357422,33.130859
2847,-12304.100586,-12350.261719,46.161133
2848,-9526.415039,-9555.833008,29.417969
2849,-9259.547852,-9269.726562,10.178711
2850,-11570.887695,-11575.642578,4.754883
2851,-10478.047852,-10474.351562,3.696289
2852,-11983.532227,-11948.270508,35.261719
2853,-12540.781250,-12522.085938,18.695312
2854,-11502.117188,-11508.931641,6.814453
2855,-10771.578125,-10800.663086,29.084961
2856,-11136.112305,-11270.925781,134.813477
2857,-10332.379883,-10364.164062,31.784180
2858,-10331.278320,-10337.833984,6.555664
2859,-9461.144531,-9490.370117,29.225586
2860,-11978.558594,-11949.505859,29.052734
2861,-11521.626953,-11543.411133,21.784180
2862,-9465.928711,-9495.478516,29.549805
2863,-10443.619141,-10440.688477,2.930664
2864,-11982.418945,-12014.753906,32.334961
2865,-11521.926758,-11510.707031,11.219727
2866,-12498.933594,-12521.375000,22.441406
2867,-9536.019531,-9521.303711,14.715820
2868,-12372.907227,-12321.250000,51.657227
2869,-11503.130859,-11486.424805,16.706055
2870,-11627.804688,-11608.865234,18.939453
2871,-11221.425781,-11270.232422,48.806641
2872,-8397.343750,-8427.523438,30.179688
2873,-9410.281250,-9371.063477,39.217773
2874,-11523.459961,-11510.826172,12.633789
2875,-10806.495117,-10775.057617,31.437500
2876,-10528.307617,-10532.969727,4.662109
2877,-11920.015625,-11913.796875,6.218750
2878,-11599.726562,-11544.527344,55.199219
2879,-10909.796875,-10903.208984,6.587891
2880,-11970.739258,-11949.945312,20.793945
2881,-11268.967773,-11269.706055,0.738281
2882,-11491.501953,-11511.657227,20.155273
2883,-10974.035156,-10933.847656,40.187500
2884,-11546.076172,-11575.809570,29.733398
2885,-10958.051758,-10937.764648,20.287109
2886,-10982.070312,-10969.071289,12.999023
2887,-15258.042969,-15613.668945,355.625977
2888,-10960.086914,-10970.714844,10.627930
2889,-11503.541016,-11511.693359,8.152344
2890,-10457.192383,-10506.800781,49.608398
2891,-11938.744141,-11916.541016,22.203125
2892,-11333.050781,-11341.862305,8.811523
2893,-11525.931641,-11541.708984,15.777344
2894,-10466.864258,-10498.885742,32.021484
2895,-10491.768555,-10501.182617,9.414062
2896,-10465.659180,-10465.562500,0.096680
2897,-8406.613281,-8485.222656,78.609375
2898,-10562.829102,-10564.348633,1.519531
2899,-11465.556641,-11477.375977,11.819336
2900,-11941.719727,-11947.947266,6.227539
2901,-11350.333008,-11342.660156,7.672852
2902,-12975.582031,-12958.905273,16.676758
2903,-10955.021484,-10935.162109,19.859375
2904,-12525.155273,-12520.847656,4.307617
2905,-10711.311523,-10865.594727,154.283203
2906,-11406.724609,-11440.236328,33.511719
2907,-10979.543945,-10970.075195,9.468750
2908,-8554.199219,-8697.049805,142.850586
2909,-11520.578125,-11544.893555,24.315430
2910,-10969.761719,-10910.264648,59.497070
2911,-9489.165039,-9462.851562,26.313477
2912,-10526.705078,-10533.200195,6.495117
2913,-9919.934570,-9923.602539,3.667969
2914,-11785.437500,-11811.161133,25.723633
2915,-10483.241211,-10499.478516,16.237305
2916,-12754.329102,-12790.225586,35.896484
2917,-9443.628906,-9487.587891,43.958984
2918,-11926.224609,-11949.040039,22.815430
2919,-11537.713867,-11544.310547,6.596680
2920,-9411.439453,-9301.640625,109.798828
2921,-10533.627930,-10532.795898,0.832031
2922,-10915.250977,-10903.553711,11.697266
2923,-9457.752930,-9521.189453,63.436523
2924,-12529.275391,-12521.075195,8.200195
2925,-12237.904297,-12247.117188,9.212891
2926,-12333.132812,-12353.929688,20.796875
2927,-10932.646484,-10968.550781,35.904297
2928,-11593.803711,-11609.325195,15.521484
2929,-10911.404297,-10903.367188,8.037109
2930,-10901.308594,-10938.738281,37.429688
2931,-10532.181641,-10534.166992,1.985352
2932,-12325.581055,-12352.888672,27.307617
2933,-11486.347656,-11508.547852,22.200195
2934,-10546.500977,-10532.965820,13.535156
2935,-10965.918945,-10971.380859,5.461914
2936,-11410.539062,-11407.868164,2.670898
2937,-12458.458984,-12457.311523,1.147461
2938,-8501.005859,-9523.727539,1022.721680
2939,-10548.412109,-10566.557617,18.145508
2940,-10485.820312,-10467.026367,18.793945
2941,-11156.231445,-11146.181641,10.049805
2942,-12337.990234,-12353.931641,15.941406
2943,-10820.180664,-10833.190430,13.009766
2944,-11359.912109,-11342.403320,17.508789
2945,-13428.207031,-13499.001953,70.794922
2946,-11485.438477,-11511.235352,25.796875
2947,-10973.114258,-11001.703125,28.588867
2948,-10932.291016,-10906.108398,26.182617
2949,-10503.961914,-10500.023438,3.938477
2950,-11890.085938,-11947.239258,57.153320
2951,-8638.903320,-8805.140625,166.237305
2952,-10855.382812,-10912.249023,56.866211
2953,-11959.544922,-11948.849609,10.695312
2954,-10579.525391,-10598.330078,18.804688
2955,-10931.209961,-10934.100586,2.890625
2956,-11396.140625,-11407.655273,11.514648
2957,-11540.009766,-11543.438477,3.428711
2958,-12494.660156,-12488.346680,6.313477
2959,-11501.689453,-11511.170898,9.481445
2960,-11348.955078,-11339.593750,9.361328
2961,-11392.745117,-11372.411133,20.333984
2962,-11427.124023,-11372.496094,54.627930
2963,-11985.887695,-11947.979492,37.908203
2964,-11483.872070,-11477.134766,6.737305
2965,-9971.330078,-9991.114258,19.784180
2966,-10955.400391,-10969.298828,13.898438
2967,-11358.287109,-11374.344727,16.057617
2968,-11342.615234,-11342.761719,0.146484
2969,-9586.322266,-9588.979492,2.657227
2970,-11004.143555,-10970.376953,33.766602
2971,-11257.206055,-11270.906250,13.700195
2972,-10991.430664,-10970.486328,20.944336
2973,-8123.381348,-7887.831543,235.549805
2974,-9526.455078,-9554.535156,28.080078
2975,-10466.164062,-10466.537109,0.373047
2976,-9884.531250,-9901.107422,16.576172
2977,-10993.546875,-11001.705078,8.158203
2978,-11331.156250,-11398.339844,67.183594
2979,-9349.639648,-9397.755859,48.116211
2980,-10538.491211,-10532.665039,5.826172
2981,-9927.293945,-9923.458008,3.835938
2982,-10531.001953,-10506.659180,24.342773
2983,-10561.262695,-10565.463867,4.201172
2984,-9951.467773,-9933.260742,18.207031
2985,-10954.451172,-10937.039062,17.412109
2986,-8369.425781,-8395.803711,26.377930
2987,-10977.714844,-10969.345703,8.369141
2988,-11491.746094,-11510.240234,18.494141
2989,-10376.096680,-10362.656250,13.440430
2990,-11935.539062,-11915.879883,19.659180
2991,-8922.662109,-8889.427734,33.234375
2992,-11470.548828,-11478.638672,8.089844
2993,-11527.367188,-11544.131836,16.764648
2994,-11330.779297,-11420.391602,89.612305
2995,-12314.232422,-12350.880859,36.648438
2996,-10803.993164,-10833.494141,29.500977
2997,-12925.058594,-12957.332031,32.273438
2998,-12500.946289,-12489.931641,11.014648
2999,-9494.197266,-9521.440430,27.243164
3000,-11307.457031,-11339.906250,32.449219
3001,-11340.374023,-11373.945312,33.571289
3002,-10949.095703,-10938.025391,11.070312
3003,-10589.487305,-10598.626953,9.139648
3004,-10948.002930,-10936.490234,11.512695
3005,-10560.500977,-10565.173828,4.672852
3006,-11921.272461,-11913.258789,8.013672
3007,-11000.794922,-11002.708984,1.914062
3008,-11954.745117,-11945.103516,9.641602
3009,-11471.763672,-11477.455078,5.691406
3010,-11959.593750,-11947.472656,12.121094
3011,-10491.979492,-10499.772461,7.792969
3012,-8805.005859,-8924.485352,119.479492
3013,-11523.483398,-11543.620117,20.136719
3014,-11936.947266,-11947.577148,10.629883
3015,-11919.660156,-11915.753906,3.906250
3016,-11956.277344,-11948.578125,7.699219
3017,-10250.668945,-10327.459961,76.791016
3018,-12418.251953,-12386.438477,31.813477
3019,-11566.293945,-11542.905273,23.388672
3020,-11501.406250,-11509.487305,8.081055
3021,-7673.418945,-7853.954102,180.535156
3022,-9940.754883,-10025.998047,85.243164
3023,-11544.784180,-11543.851562,0.932617
3024,-11520.190430,-11510.508789,9.681641
3025,-10948.032227,-10937.120117,10.912109
3026,-10537.537109,-10534.629883,2.907227
3027,-11499.457031,-11509.125000,9.667969
3028,-11974.230469,-11981.385742,7.155273
3029,-10943.274414,-10936.909180,6.365234
3030,-11563.724609,-11451.983398,111.741211
3031,-11523.394531,-11511.454102,11.940430
3032,-11517.827148,-11542.007812,24.180664
3033,-11546.745117,-11544.038086,2.707031
3034,-9542.033203,-9554.343750,12.310547
3035,-11410.261719,-11406.440430,3.821289
3036,-9477.218750,-9488.488281,11.269531
3037,-8772.215820,-6346.170898,2426.044922
3038,-12325.127930,-12373.375977,48.248047
3039,-11518.462891,-11543.408203,24.945312
3040,-11567.479492,-11576.104492,8.625000
3041,-11380.103516,-11374.332031,5.771484
3042,-10977.035156,-10968.807617,8.227539
3043,-11698.695312,-11825.421875,126.726562
3044,-12542.312500,-12522.467773,19.844727
3045,-11982.271484,-11979.639648,2.631836
3046,-10400.076172,-10473.879883,73.803711
3047,-10919.539062,-10904.172852,15.366211
3048,-10919.156250,-10906.572266,12.583984
3049,-14131.462891,-14202.466797,71.003906
3050,-9604.705078,-9620.889648,16.184570
3051,-11399.081055,-11373.306641,25.774414
3052,-11380.780273,-11373.623047,7.157227
3053,-11431.050781,-11453.245117,22.194336
3054,-12722.013672,-12787.973633,65.959961
3055,-11527.449219,-11542.203125,14.753906
3056,-10522.408203,-10532.293945,9.885742
3057,-12473.383789,-12488.051758,14.667969
3058,-11445.162109,-11439.494141,5.667969
3059,-10567.060547,-10566.044922,1.015625
3060,-10920.491211,-10847.927734,72.563477
3061,-8522.247070,-8486.578125,35.668945
3062,-14638.282227,-14637.000000,1.282227
3063,-10526.206055,-10533.236328,7.030273
3064,-10414.402344,-10396.145508,18.256836
3065,-10807.381836,-10837.929688,30.547852
3066,-12086.338867,-12215.741211,129.402344
3067,-9470.089844,-9464.926758,5.163086
3068,-10499.829102,-10498.686523,1.142578
3069,-10924.905273,-10936.976562,12.071289
3070,-11529.752930,-11544.626953,14.874023
3071,-15297.549805,-15460.208008,162.658203
3072,-10531.340820,-10532.886719,1.545898
3073,-10991.150391,-11001.138672,9.988281
3074,-11932.706055,-11914.182617,18.523438
3075,-12356.175781,-12351.909180,4.266602
3076,-9540.184570,-9553.881836,13.697266
3077,-12816.941406,-12855.876953,38.935547
3078,-12786.487305,-12820.302734,33.815430
3079,-12384.302734,-12382.445312,1.857422
3080,-10797.065430,-10832.524414,35.458984
3081,-11467.361328,-11475.940430,8.579102
3082,-10393.905273,-10395.965820,2.060547
3083,-10982.388672,-11003.745117,21.356445
3084,-9430.031250,-9438.955078,8.923828
3085,-11456.504883,-11478.600586,22.095703
3086,-13026.541016,-12991.558594,34.982422
3087,-11382.962891,-11408.972656,26.009766
3088,-7552.570801,-7449.341797,103.229004
3089,-10601.850586,-10631.789062,29.938477
3090,-12896.611328,-12891.790039,4.821289
3091,-11541.945312,-11543.666992,1.721680
3092,-11496.493164,-11479.819336,16.673828
3093,-9783.789062,-9869.153320,85.364258
3094,-10538.897461,-10532.771484,6.125977
3095,-9631.392578,-9405.003906,226.388672
3096,-12860.703125,-12891.301758,30.598633
3097,-12844.724609,-12891.820312,47.095703
3098,-12451.076172,-12457.319336,6.243164
3099,-10941.646484,-10936.852539,4.793945
3100,-10531.921875,-10533.439453,1.517578
3101,-11957.636719,-11947.305664,10.331055
3102,-7826.343262,-7821.307617,5.035645
3103,-10458.583984,-10475.792969,17.208984
3104,-13487.640625,-13871.909180,384.268555
3105,-12178.026367,-12150.783203,27.243164
3106,-11503.611328,-11510.409180,6.797852
3107,-11526.004883,-11542.605469,16.600586
3108,-11528.269531,-11543.416016,15.146484
3109,-13491.142578,-13548.284180,57.141602
3110,-12355.815430,-12385.767578,29.952148
3111,-10985.965820,-10968.478516,17.487305
3112,-11491.639648,-11478.652344,12.987305
3113,-13843.704102,-13880.080078,36.375977
3114,-11526.977539,-11511.614258,15.363281
3115,-10565.239258,-10565.092773,0.146484
3116,-10925.021484,-10905.237305,19.784180
3117,-10332.168945,-10329.163086,3.005859
3118,-11296.889648,-11269.852539,27.037109
3119,-11405.888672,-11373.967773,31.920898
3120,-10828.705078,-10832.535156,3.830078
3121,-12774.884766,-12823.488281,48.603516
3122,-9553.308594,-9358.476562,194.832031
3123,-11398.224609,-11341.880859,56.343750
3124,-11543.245117,-11542.694336,0.550781
3125,-11812.518555,-11810.633789,1.884766
3126,-10508.696289,-10499.179688,9.516602
3127,-10507.169922,-10473.741211,33.428711
3128,-11850.492188,-11883.256836,32.764648
3129,-11950.729492,-11948.207031,2.522461
3130,-9821.105469,-9837.028320,15.922852
3131,-9427.627930,-9430.254883,2.626953
3132,-10974.572266,-10970.410156,4.162109
3133,-11176.705078,-11211.561523,34.856445
3134,-10820.013672,-10878.625977,58.612305
3135,-10929.948242,-10936.471680,6.523438
3136,-11497.029297,-11512.026367,14.997070
3137,-8349.281250,-8393.020508,43.739258
3138,-11535.410156,-11544.601562,9.191406
3139,-11926.362305,-11915.393555,10.968750
3140,-10863.634766,-10912.095703,48.460938
3141,-12365.167969,-12385.321289,20.153320
3142,-11529.714844,-11511.583008,18.131836
3143,-11702.301758,-11779.292969,76.991211
3144,-11488.662109,-11510.482422,21.820312
3145,-12424.777344,-12385.861328,38.916016
3146,-11014.279297,-11001.611328,12.667969
3147,-10945.586914,-10935.732422,9.854492
3148,-11883.248047,-11916.093750,32.845703
3149,-12614.416992,-12431.176758,183.240234
3150,-10504.152344,-10499.296875,4.855469
3151,-10930.422852,-10938.344727,7.921875
3152,-10768.697266,-10832.158203,63.460938
3153,-11532.750977,-11509.644531,23.106445
3154,-11363.392578,-11374.810547,11.417969
3155,-8736.802734,-8857.155273,120.352539
3156,-10507.076172,-10499.554688,7.521484
3157,-12499.455078,-12488.584961,10.870117
3158,-10986.690430,-10968.635742,18.054688
3159,-12801.246094,-12821.394531,20.148438
3160,-11883.816406,-11946.899414,63.083008
3161,-11343.877930,-11373.926758,30.048828
3162,-12169.257812,-12247.368164,78.110352
3163,-9964.934570,-9990.849609,25.915039
3164,-10958.381836,-10934.299805,24.082031
3165,-11501.502930,-11509.571289,8.068359
3166,-11506.269531,-11509.179688,2.910156
3167,-9419.051758,-9407.237305,11.814453
3168,-9537.082031,-9529.518555,7.563477
3169,-10553.380859,-10566.106445,12.725586
3170,-12200.693359,-12215.947266,15.253906
3171,-10951.868164,-10937.966797,13.901367
3172,-12285.570312,-12216.496094,69.074219
3173,-12881.782227,-12894.268555,12.486328
3174,-11237.789062,-11270.442383,32.653320
3175,-8788.466797,-8519.372070,269.094727
3176,-9526.967773,-9496.247070,30.720703
3177,-12401.437500,-12385.352539,16.084961
3178,-10977.886719,-10970.263672,7.623047
3179,-10413.207031,-10434.992188,21.785156
3180,-8898.382812,-9379.471680,481.088867
3181,-11008.436523,-11002.872070,5.564453
3182,-10541.856445,-10532.140625,9.715820
3183,-12247.328125,-12431.206055,183.877930
3184,-10526.316406,-10532.048828,5.732422
3185,-10426.724609,-10474.125977,47.401367
3186,-11151.626953,-11203.635742,52.008789
3187,-12370.468750,-12353.023438,17.445312
3188,-9861.080078,-9867.916016,6.835938
3189,-10458.897461,-10532.970703,74.073242
3190,-11792.500977,-11746.172852,46.328125
3191,-11387.602539,-11374.644531,12.958008
3192,-10936.362305,-10937.224609,0.862305
3193,-11698.381836,-11825.672852,127.291016
3194,-8381.199219,-7416.485352,964.713867
3195,-10559.684570,-10566.166992,6.482422
3196,-10942.718750,-10934.571289,8.147461
3197,-11774.164062,-11744.565430,29.598633
3198,-10542.508789,-10533.099609,9.409180
3199,-9849.931641,-9959.442383,109.510742
3200,-10933.061523,-10936.452148,3.390625
3201,-11492.076172,-11510.513672,18.437500
3202,-10449.191406,-10440.435547,8.755859
3203,-10511.787109,-10498.708984,13.078125
3204,-12698.171875,-12791.923828,93.751953
3205,-10526.029297,-10499.010742,27.018555
3206,-10908.868164,-10903.013672,5.854492
3207,-10944.791016,-10969.608398,24.817383
3208,-9588.533203,-9555.124023,33.409180
3209,-9156.232422,-9294.646484,138.414062
3210,-12405.760742,-12417.072266,11.311523
3211,-10848.680664,-10870.935547,22.254883
3212,-11818.941406,-11845.144531,26.203125
3213,-11528.662109,-11545.228516,16.566406
3214,-11130.320312,-11238.027344,107.707031
3215,-12383.916016,-12352.475586,31.440430
3216,-10959.452148,-10937.324219,22.127930
3217,-10904.620117,-10903.575195,1.044922
3218,-11627.726562,-11675.022461,47.295898
3219,-10482.400391,-10464.512695,17.887695
3220,-7162.938477,-7221.797852,58.859375
3221,-9825.363281,-9866.013672,40.650391
3222,-10526.022461,-10531.916992,5.894531
3223,-10497.868164,-10500.505859,2.637695
3224,-11418.021484,-11440.340820,22.319336
3225,-12616.806641,-12586.296875,30.509766
3226,-9860.684570,-9898.475586,37.791016
3227,-8961.560547,-6693.548340,2268.012207
3228,-9569.228516,-9587.520508,18.291992
3229,-14294.777344,-14482.785156,188.007812
3230,-12194.234375,-12249.875977,55.641602
3231,-11357.649414,-11373.916992,16.267578
3232,-11957.882812,-11946.541016,11.341797
3233,-10929.805664,-10935.619141,5.813477
3234,-10561.772461,-10565.119141,3.346680
3235,-11344.554688,-11376.763672,32.208984
3236,-9259.669922,-9238.302734,21.367188
3237,-14329.161133,-14421.514648,92.353516
3238,-11909.095703,-11915.412109,6.316406
3239,-10464.325195,-10466.445312,2.120117
3240,-9420.709961,-9455.688477,34.978516
3241,-11877.336914,-11845.213867,32.123047
3242,-10368.881836,-10362.351562,6.530273
3243,-8894.282227,-8923.808594,29.526367
3244,-11346.749023,-11284.950195,61.798828
3245,-11487.435547,-11511.427734,23.992188
3246,-11359.626953,-11373.806641,14.179688
3247,-11252.548828,-11335.437500,82.888672
3248,-11935.903320,-11945.076172,9.172852
3249,-10908.528320,-10846.658203,61.870117
3250,-11524.500000,-11543.174805,18.674805
3251,-8941.924805,-8896.908203,45.016602
3252,-11794.532227,-11813.416992,18.884766
3253,-10990.266602,-10968.494141,21.772461
3254,-11803.267578,-11811.028320,7.760742
3255,-10987.930664,-10969.033203,18.897461
3256,-11529.435547,-11544.880859,15.445312
3257,-10363.029297,-10362.576172,0.453125
3258,-6751.271973,-6785.388672,34.116699
3259,-11498.492188,-11509.851562,11.359375
3260,-10393.367188,-10365.186523,28.180664
3261,-10927.026367,-10936.955078,9.928711
3262,-7833.288086,-6815.876465,1017.411621
3263,-11271.013672,-11303.475586,32.461914
3264,-12333.169922,-12320.987305,12.182617
3265,-9472.078125,-9488.447266,16.369141
3266,-10334.745117,-10365.501953,30.756836
3267,-11386.457031,-11374.270508,12.186523
3268,-10593.313477,-10598.320312,5.006836
3269,-10456.073242,-10466.740234,10.666992
3270,-9463.322266,-9463.679688,0.357422
3271,-12329.216797,-12349.999023,20.782227
3272,-9941.682617,-9934.324219,7.358398
3273,-13875.781250,-13873.048828,2.732422
3274,-10413.829102,-10395.930664,17.898438
3275,-10791.094727,-10802.272461,11.177734
3276,-11584.753906,-11576.854492,7.899414
3277,-10962.220703,-10971.190430,8.969727
3278,-11000.555664,-11001.500977,0.945312
3279,-11976.369141,-11949.188477,27.180664
3280,-9889.341797,-9895.558594,6.216797
3281,-9336.845703,-9438.704102,101.858398
3282,-10388.131836,-10396.114258,7.982422
3283,-10336.037109,-10338.106445,2.069336
3284,-11367.721680,-11374.911133,7.189453
3285,-11424.488281,-11439.707031,15.218750
3286,-11535.145508,-11542.969727,7.824219
3287,-11540.878906,-11543.534180,2.655273
3288,-9598.621094,-9588.968750,9.652344
3289,-11541.368164,-11543.930664,2.562500
3290,-12446.888672,-12455.891602,9.002930
3291,-9546.680664,-9588.377930,41.697266
3292,-11375.812500,-11374.638672,1.173828
3293,-10600.497070,-10598.986328,1.510742
3294,-10440.199219,-10410.887695,29.311523
3295,-13587.266602,-13401.913086,185.353516
3296,-10510.585938,-10498.936523,11.649414
3297,-12222.121094,-12249.358398,27.237305
3298,-10391.894531,-10364.315430,27.579102
3299,-10978.341797,-10970.583008,7.758789
3300,-10555.518555,-10566.457031,10.938477
3301,-7648.859375,-7763.599121,114.739746
3302,-11805.720703,-11844.013672,38.292969
3303,-11565.281250,-11576.136719,10.855469
3304,-12458.007812,-12456.398438,1.609375
3305,-12411.710938,-12419.684570,7.973633
3306,-12334.833008,-12350.866211,16.033203
3307,-10361.886719,-10360.210938,1.675781
3308,-11887.623047,-11882.321289,5.301758
3309,-12471.476562,-12489.336914,17.860352
3310,-10972.197266,-10968.536133,3.661133
3311,-10916.407227,-10878.560547,37.846680
3312,-10338.670898,-10339.534180,0.863281
3313,-10934.909180,-10936.968750,2.059570
3314,-11331.981445,-11341.549805,9.568359
3315,-10518.795898,-10531.838867,13.042969
3316,-11464.774414,-11511.358398,46.583984
3317,-10410.630859,-10464.942383,54.311523
3318,-11466.561523,-11477.118164,10.556641
3319,-12892.812500,-12926.897461,34.084961
3320,-11505.096680,-11509.446289,4.349609
3321,-11357.114258,-11376.278320,19.164062
3322,-9547.581055,-9555.877930,8.296875
3323,-11403.576172,-11406.537109,2.960938
3324,-12978.628906,-12926.235352,52.393555
3325,-10992.199219,-10971.813477,20.385742
3326,-11915.845703,-11945.833008,29.987305
3327,-10379.318359,-10393.076172,13.757812
3328,-9534.927734,-9497.288086,37.639648
3329,-11924.255859,-11914.212891,10.042969
3330,-9952.457031,-9960.629883,8.172852
3331,-11902.115234,-11916.176758,14.061523
3332,-11941.061523,-11948.418945,7.357422
3333,-9913.754883,-9990.939453,77.184570
3334,-11904.446289,-11916.532227,12.085938
3335,-13444.595703,-13468.125977,23.530273
3336,-11335.378906,-11337.957031,2.578125
3337,-11505.164062,-11510.824219,5.660156
3338,-13375.846680,-13434.762695,58.916016
3339,-10949.897461,-10938.144531,11.752930
3340,-10337.575195,-10363.666016,26.090820
3341,-10621.445312,-10833.671875,212.226562
3342,-9199.343750,-9202.767578,3.423828
3343,-11536.533203,-11542.750000,6.216797
3344,-12533.515625,-12520.362305,13.153320
3345,-11563.592773,-11575.789062,12.196289
3346,-10359.649414,-10396.270508,36.621094
3347,-11945.169922,-11945.754883,0.584961
3348,-11947.892578,-11980.155273,32.262695
3349,-10386.131836,-10430.916016,44.784180
3350,-11527.666992,-11543.604492,15.937500
3351,-10776.427734,-10832.185547,55.757812
3352,-13492.984375,-13531.694336,38.709961
3353,-9554.399414,-9555.706055,1.306641
3354,-10486.118164,-10469.167969,16.950195
3355,-10601.700195,-10599.134766,2.565430
3356,-10943.303711,-10934.250977,9.052734
3357,-12221.439453,-12248.634766,27.195312
3358,-11878.834961,-11882.258789,3.423828
3359,-9488.267578,-9462.959961,25.307617
3360,-10430.429688,-10395.054688,35.375000
3361,-11347.418945,-11342.884766,4.534180
3362,-11016.272461,-11001.579102,14.693359
3363,-10563.855469,-10566.433594,2.578125
3364,-9987.095703,-10023.858398,36.762695
3365,-11492.239258,-11510.688477,18.449219
3366,-11555.121094,-11575.791016,20.669922
3367,-12501.227539,-12521.970703,20.743164
3368,-11348.397461,-11420.844727,72.447266
3369,-8472.910156,-8359.979492,112.930664
3370,-10489.821289,-10500.408203,10.586914
3371,-11348.391602,-11372.750000,24.358398
3372,-11872.521484,-11844.494141,28.027344
3373,-11467.999023,-11476.501953,8.502930
3374,-12589.896484,-12553.967773,35.928711
3375,-10561.998047,-10566.069336,4.071289
3376,-10573.113281,-10565.148438,7.964844
3377,-10292.768555,-10274.172852,18.595703
3378,-12384.704102,-12353.777344,30.926758
3379,-10562.015625,-10565.020508,3.004883
3380,-12488.515625,-12489.774414,1.258789
3381,-11927.303711,-11916.377930,10.925781
3382,-10975.321289,-10968.509766,6.811523
3383,-8416.701172,-9588.360352,1171.659180
3384,-12918.395508,-12926.399414,8.003906
3385,-12403.101562,-12417.601562,14.500000
3386,-10400.478516,-10395.697266,4.781250
3387,-9420.158203,-9428.725586,8.567383
3388,-11455.302734,-11476.884766,21.582031
3389,-10948.295898,-10936.184570,12.111328
3390,-10318.933594,-10365.125977,46.192383
3391,-11944.296875,-11947.197266,2.900391
3392,-11969.900391,-11948.821289,21.079102
3393,-10505.010742,-10499.930664,5.080078
3394,-11385.078125,-11375.630859,9.447266
3395,-11497.763672,-11509.954102,12.190430
3396,-11572.076172,-11542.766602,29.309570
3397,-10947.777344,-10934.009766,13.767578
3398,-11989.016602,-11980.890625,8.125977
3399,-11348.415039,-11340.935547,7.479492
3400,-11332.720703,-11338.207031,5.486328
3401,-11467.321289,-11478.505859,11.184570
3402,-12962.340820,-12925.236328,37.104492
3403,-11510.672852,-11511.209961,0.537109
3404,-10551.264648,-10531.144531,20.120117
3405,-12009.082031,-11981.103516,27.978516
3406,-11879.486328,-11883.321289,3.834961
3407,-10444.171875,-10440.297852,3.874023
3408,-10597.113281,-10599.153320,2.040039
3409,-10380.059570,-10397.606445,17.546875
3410,-9929.741211,-9899.452148,30.289062
3411,-9934.572266,-9932.578125,1.994141
3412,-10986.191406,-10969.855469,16.335938
3413,-10975.065430,-10969.658203,5.407227
3414,-9897.146484,-9898.236328,1.089844
3415,-10457.500977,-10467.124023,9.623047
3416,-10533.724609,-10531.875977,1.848633
3417,-10492.211914,-10499.921875,7.709961
3418,-9952.627930,-9934.143555,18.484375
3419,-12396.925781,-12466.693359,69.767578
3420,-12498.916016,-12489.076172,9.839844
3421,-9824.966797,-9859.731445,34.764648
3422,-9114.855469,-8890.333984,224.521484
3423,-11038.566406,-11034.626953,3.939453
3424,-11757.976562,-11780.300781,22.324219
3425,-12350.439453,-12354.071289,3.631836
3426,-8447.002930,-8361.621094,85.381836
3427,-9538.710938,-9521.518555,17.192383
3428,-10964.007812,-10938.583984,25.423828
3429,-11347.551758,-11419.324219,71.772461
3430,-9570.941406,-9555.754883,15.186523
3431,-10942.803711,-10936.391602,6.412109
3432,-11552.943359,-11543.866211,9.077148
3433,-10377.531250,-10360.204102,17.327148
3434,-10489.013672,-10500.371094,11.357422
3435,-11528.954102,-11544.095703,15.141602
3436,-10568.587891,-10566.056641,2.531250
3437,-10960.222656,-10971.268555,11.045898
3438,-11458.082031,-11477.244141,19.162109
3439,-11944.492188,-11946.791016,2.298828
3440,-11475.414062,-11477.298828,1.884766
3441,-10366.811523,-10362.589844,4.221680
3442,-9511.277344,-9522.439453,11.162109
3443,-9989.816406,-9991.675781,1.859375
3444,-11566.005859,-11576.884766,10.878906
3445,-10996.686523,-11001.674805,4.988281
3446,-11517.264648,-11511.221680,6.042969
3447,-10966.415039,-10913.083984,53.331055
3448,-10571.061523,-10565.129883,5.931641
3449,-10980.142578,-10972.108398,8.034180
3450,-9918.837891,-9923.544922,4.707031
3451,-11060.761719,-11036.541016,24.220703
3452,-12324.485352,-12354.916992,30.431641
3453,-8792.608398,-8922.012695,129.404297
3454,-11952.782227,-11947.708984,5.073242
3455,-10856.083008,-10866.989258,10.906250
3456,-10584.423828,-10508.692383,75.731445
3457,-12328.045898,-12319.560547,8.485352
3458,-9508.338867,-9520.611328,12.272461
3459,-11403.398438,-11373.281250,30.117188
3460,-11499.008789,-11510.633789,11.625000
3461,-10542.927734,-10531.850586,11.077148
3462,-12318.986328,-12386.709961,67.723633
3463,-11955.048828,-11915.834961,39.213867
3464,-11536.676758,-11511.485352,25.191406
3465,-12355.918945,-12350.329102,5.589844
3466,-11423.848633,-11406.873047,16.975586
3467,-11903.321289,-11883.223633,20.097656
3468,-12602.451172,-12683.987305,81.536133
3469,-12318.384766,-12385.322266,66.937500
3470,-10931.651367,-10904.706055,26.945312
3471,-10524.885742,-10532.728516,7.842773
3472,-11515.467773,-11509.647461,5.820312
3473,-10945.484375,-10938.621094,6.863281
3474,-11382.982422,-11374.292969,8.689453
3475,-9989.876953,-10025.999023,36.122070
3476,-11898.914062,-11916.272461,17.358398
3477,-11502.140625,-11512.226562,10.085938
3478,-11854.265625,-11882.031250,27.765625
3479,-10441.516602,-10473.900391,32.383789
3480,-11907.346680,-11917.639648,10.292969
3481,-10534.558594,-10565.228516,30.669922
3482,-10319.612305,-10330.554688,10.942383
3483,-11985.864258,-11980.909180,4.955078
3484,-12552.496094,-12553.461914,0.965820
3485,-9195.401367,-9521.166016,325.764648
3486,-10971.748047,-10968.607422,3.140625
3487,-11522.809570,-11510.185547,12.624023
3488,-12395.060547,-12384.870117,10.190430
3489,-10711.195312,-10800.382812,89.187500
3490,-11012.108398,-11001.752930,10.355469
3491,-11367.131836,-11317.814453,49.317383
3492,-11227.632812,-11179.325195,48.307617
3493,-11892.929688,-11947.763672,54.833984
3494,-10431.772461,-10439.958984,8.186523
3495,-9539.571289,-9497.354492,42.216797
3496,-12189.395508,-12250.678711,61.283203
3497,-12497.718750,-12455.132812,42.585938
3498,-11033.597656,-11034.441406,0.843750
3499,-11555.110352,-11542.494141,12.616211
3500,-12455.246094,-12456.114258,0.868164
3501,-9541.044922,-9554.571289,13.526367
3502,-11477.074219,-11478.762695,1.688477
3503,-15354.775391,-15459.993164,105.217773
3504,-11368.666016,-11374.803711,6.137695
3505,-12007.190430,-12014.776367,7.585938
3506,-11809.354492,-11809.821289,0.466797
3507,-9263.889648,-9329.276367,65.386719
3508,-11916.615234,-11914.494141,2.121094
3509,-11757.901367,-11809.827148,51.925781
3510,-11394.411133,-11408.838867,14.427734
3511,-12526.896484,-12522.754883,4.141602
3512,-10906.403320,-10904.161133,2.242188
3513,-10424.951172,-10431.027344,6.076172
3514,-11957.409180,-11980.737305,23.328125
3515,-11938.847656,-11948.208984,9.361328
3516,-10934.009766,-10936.323242,2.313477
3517,-11698.806641,-11721.577148,22.770508
3518,-10513.903320,-10473.183594,40.719727
3519,-11961.508789,-11980.179688,18.670898
3520,-11298.121094,-11282.958008,15.163086
3521,-11532.120117,-11543.825195,11.705078
3522,-5977.475098,-6256.387207,278.912109
3523,-9931.952148,-9959.509766,27.557617
3524,-12314.115234,-12353.109375,38.994141
3525,-9488.079102,-9462.876953,25.202148
3526,-12520.705078,-12521.308594,0.603516
3527,-11128.333984,-11237.847656,109.513672
3528,-10977.747070,-10969.874023,7.873047
3529,-9958.117188,-9956.718750,1.398438
3530,-12507.745117,-12488.486328,19.258789
3531,-9572.610352,-9555.696289,16.914062
3532,-10929.320312,-10968.183594,38.863281
3533,-12521.077148,-12521.004883,0.072266
3534,-9367.128906,-9407.334961,40.206055
3535,-9946.204102,-9957.541992,11.337891
3536,-11484.623047,-11477.750977,6.872070
3537,-10518.992188,-10507.852539,11.139648
3538,-11792.536133,-11813.402344,20.866211
3539,-11503.614258,-11420.662109,82.952148
3540,-11572.387695,-11575.920898,3.533203
3541,-11375.523438,-11373.861328,1.662109
3542,-12905.849609,-12925.556641,19.707031
3543,-11906.972656,-11916.008789,9.036133
3544,-11792.813477,-11813.215820,20.402344
3545,-12897.475586,-12956.766602,59.291016
3546,-10520.863281,-10533.698242,12.834961
3547,-10981.186523,-10969.891602,11.294922
3548,-9106.570312,-9166.297852,59.727539
3549,-10537.928711,-10532.585938,5.342773
3550,-11768.974609,-11780.605469,11.630859
3551,-11746.684570,-11812.995117,66.310547
3552,-11907.765625,-11914.854492,7.088867
3553,-10565.431641,-10565.172852,0.258789
3554,-11560.921875,-11576.074219,15.152344
3555,-11539.634766,-11543.358398,3.723633
3556,-10929.205078,-10911.145508,18.059570
3557,-10971.761719,-10969.781250,1.980469
3558,-9913.723633,-9934.483398,20.759766
3559,-10548.631836,-10530.960938,17.670898
3560,-10896.190430,-10879.791992,16.398438
3561,-11936.669922,-11914.808594,21.861328
3562,-10460.836914,-10465.552734,4.715820
3563,-10405.022461,-10397.564453,7.458008
3564,-11943.125977,-11945.750000,2.624023
3565,-11550.508789,-11576.771484,26.262695
3566,-10784.790039,-10802.178711,17.388672
3567,-12533.662109,-12522.739258,10.922852
3568,-12028.555664,-12012.163086,16.392578
3569,-9884.459961,-9867.356445,17.103516
3570,-11345.189453,-11373.411133,28.221680
3571,-12872.654297,-12894.807617,22.153320
3572,-11469.813477,-11478.752930,8.939453
3573,-12356.102539,-12352.292969,3.809570
3574,-10561.473633,-10566.589844,5.116211
3575,-11540.003906,-11542.167969,2.164062
3576,-12544.254883,-12592.184570,47.929688
3577,-11768.413086,-11812.007812,43.594727
3578,-10462.642578,-10468.003906,5.361328
3579,-9962.413086,-9965.813477,3.400391
3580,-10502.658203,-10497.963867,4.694336
3581,-11909.958008,-11913.763672,3.805664
3582,-10024.826172,-9992.283203,32.542969
3583,-10373.428711,-10399.692383,26.263672
3584,-12974.943359,-13007.571289,32.627930
3585,-10538.210938,-10532.431641,5.779297
3586,-11986.936523,-11979.042969,7.893555
3587,-10931.941406,-10935.958984,4.017578
3588,-11141.399414,-11206.099609,64.700195
3589,-10498.447266,-10498.003906,0.443359
3590,-11952.203125,-11947.506836,4.696289
3591,-12431.066406,-12385.682617,45.383789
3592,-11036.594727,-11003.257812,33.336914
3593,-9777.624023,-9836.970703,59.346680
3594,-13329.964844,-13329.762695,0.202148
3595,-10592.824219,-10598.554688,5.730469
3596,-10500.546875,-10498.544922,2.001953
3597,-11530.709961,-11543.388672,12.678711
3598,-10535.353516,-10533.007812,2.345703
3599,-10560.930664,-10566.443359,5.512695
3600,-11956.604492,-11948.589844,8.014648
3601,-11462.275391,-11474.071289,11.795898
3602,-11135.018555,-11180.401367,45.382812
3603,-10350.730469,-10365.484375,14.753906
3604,-11497.827148,-11511.083984,13.256836
3605,-12235.113281,-12248.732422,13.619141
3606,-10286.974609,-10306.320312,19.345703
3607,-8492.339844,-8486.562500,5.777344
3608,-10451.264648,-10474.431641,23.166992
3609,-13362.285156,-13434.243164,71.958008
3610,-10444.223633,-10474.269531,30.045898
3611,-10507.677734,-10498.708008,8.969727
3612,-10414.753906,-10430.279297,15.525391
3613,-10538.708008,-10532.157227,6.550781
3614,-11510.898438,-11509.080078,1.818359
3615,-10917.673828,-10906.071289,11.602539
3616,-10510.659180,-10498.878906,11.780273
3617,-11557.516602,-11576.213867,18.697266
3618,-11968.875977,-11947.241211,21.634766
3619,-12396.212891,-12353.184570,43.028320
3620,-10583.923828,-10566.572266,17.351562
3621,-12474.816406,-12451.613281,23.203125
3622,-12576.059570,-12586.902344,10.842773
3623,-10758.710938,-10801.608398,42.897461
3624,-12493.092773,-12487.896484,5.196289
3625,-11312.452148,-11311.686523,0.765625
3626,-11938.781250,-11914.992188,23.789062
3627,-10376.859375,-10405.894531,29.035156
3628,-11454.945312,-11444.199219,10.746094
3629,-10865.923828,-10878.732422,12.808594
3630,-11506.949219,-11510.719727,3.770508
3631,-10924.826172,-10903.199219,21.626953
3632,-11201.174805,-11239.602539,38.427734
3633,-11006.024414,-11003.185547,2.838867
3634,-10534.339844,-10564.736328,30.396484
3635,-10496.171875,-10498.670898,2.499023
3636,-11380.235352,-11406.863281,26.627930
3637,-12805.216797,-12956.908203,151.691406
3638,-10580.679688,-10566.183594,14.496094
3639,-9246.167969,-9521.096680,274.928711
3640,-10934.874023,-10937.637695,2.763672
3641,-11458.355469,-11437.892578,20.462891
3642,-11916.900391,-11917.047852,0.147461
3643,-8659.208984,-9489.400391,830.191406
3644,-11484.568359,-11476.805664,7.762695
3645,-9894.428711,-9901.217773,6.789062
3646,-11586.916992,-11576.753906,10.163086
3647,-10848.151367,-10834.127930,14.023438
3648,-12861.425781,-12893.497070,32.071289
3649,-11952.429688,-11947.055664,5.374023
3650,-12919.103516,-12926.635742,7.532227
3651,-10965.699219,-10968.745117,3.045898
3652,-10951.906250,-10937.297852,14.608398
3653,-10084.437500,-10087.437500,3.000000
3654,-8557.553711,-8728.505859,170.952148
3655,-8400.878906,-8394.277344,6.601562
3656,-10529.298828,-10533.276367,3.977539
3657,-12495.344727,-12488.731445,6.613281
3658,-10929.358398,-10938.314453,8.956055
3659,-11514.285156,-11510.889648,3.395508
3660,-11784.040039,-11845.826172,61.786133
3661,-10944.892578,-10938.039062,6.853516
3662,-10544.984375,-10531.965820,13.018555
3663,-9472.462891,-9463.283203,9.179688
3664,-10929.338867,-10935.634766,6.295898
3665,-11901.878906,-11913.556641,11.677734
3666,-11756.867188,-11811.318359,54.451172
3667,-11392.329102,-11373.552734,18.776367
3668,-11516.575195,-11509.158203,7.416992
3669,-11051.838867,-10943.041016,108.797852
3670,-10875.028320,-10912.176758,37.148438
3671,-9917.886719,-9926.308594,8.421875
3672,-11983.537109,-11981.447266,2.089844
3673,-12511.997070,-12489.264648,22.732422
3674,-9315.151367,-9361.113281,45.961914
3675,-10354.144531,-10363.972656,9.828125
3676,-12412.411133,-12417.985352,5.574219
3677,-11203.483398,-11239.544922,36.061523
3678,-7290.129883,-7416.551758,126.421875
3679,-13339.456055,-13330.866211,8.589844
3680,-10392.339844,-10395.902344,3.562500
3681,-8844.833008,-8922.104492,77.271484
3682,-9916.608398,-9927.772461,11.164062
3683,-11951.761719,-11981.787109,30.025391
3684,-10012.708984,-9990.284180,22.424805
3685,-10961.861328,-10968.890625,7.029297
3686,-11804.242188,-11812.159180,7.916992
3687,-10507.162109,-10500.697266,6.464844
3688,-10988.141602,-10971.436523,16.705078
3689,-11749.504883,-11746.149414,3.355469
3690,-11517.037109,-11544.472656,27.435547
3691,-11906.002930,-11914.013672,8.010742
3692,-10569.734375,-10566.110352,3.624023
3693,-10903.921875,-10903.662109,0.259766
3694,-12343.327148,-12354.568359,11.241211
3695,-10932.075195,-10937.268555,5.193359
3696,-10558.007812,-10532.154297,25.853516
3697,-10976.291016,-10968.975586,7.315430
3698,-12491.974609,-12488.330078,3.644531
3699,-11973.855469,-11980.651367,6.795898
3700,-10558.916992,-10565.880859,6.963867
3701,-10991.584961,-11003.501953,11.916992
3702,-10548.076172,-10533.126953,14.949219
3703,-10995.700195,-10969.374023,26.326172
3704,-11552.790039,-11576.860352,24.070312
3705,-11489.041992,-11510.246094,21.204102
3706,-12549.485352,-12553.920898,4.435547
3707,-10344.771484,-10364.430664,19.659180
3708,-11801.814453,-11844.911133,43.096680
3709,-10468.899414,-10472.511719,3.612305
3710,-11900.976562,-11914.127930,13.151367
3711,-11957.677734,-11916.303711,41.374023
3712,-11008.279297,-10880.137695,128.141602
3713,-8801.384766,-8485.907227,315.477539
3714,-12504.301758,-12487.838867,16.462891
3715,-8394.680664,-8426.653320,31.972656
3716,-11457.640625,-11407.722656,49.917969
3717,-12492.068359,-12489.816406,2.251953
3718,-10966.127930,-10968.566406,2.438477
3719,-11580.939453,-11609.475586,28.536133
3720,-13325.684570,-13329.545898,3.861328
3721,-11940.360352,-11948.234375,7.874023
3722,-11333.500977,-11341.303711,7.802734
3723,-11039.515625,-11036.129883,3.385742
3724,-9492.224609,-9465.331055,26.893555
3725,-9326.558594,-9327.051758,0.493164
3726,-10779.404297,-10773.764648,5.639648
3727,-11791.176758,-11844.486328,53.309570
3728,-11513.029297,-11511.138672,1.890625
3729,-9938.944336,-9902.249023,36.695312
3730,-11495.208984,-11511.756836,16.547852
3731,-9995.773438,-9992.351562,3.421875
3732,-11924.857422,-11915.658203,9.199219
3733,-9568.528320,-9555.775391,12.752930
3734,-9463.805664,-9521.791992,57.986328
3735,-10331.565430,-10337.450195,5.884766
3736,-10539.601562,-10533.606445,5.995117
3737,-9908.170898,-9811.729492,96.441406
3738,-9992.383789,-9993.801758,1.417969
3739,-9999.597656,-9992.439453,7.158203
3740,-10592.330078,-10598.101562,5.771484
3741,-12920.092773,-12927.796875,7.704102
3742,-10427.658203,-10440.799805,13.141602
3743,-10473.779297,-10474.188477,0.409180
3744,-9567.127930,-9587.252930,20.125000
3745,-11926.190430,-11917.297852,8.892578
3746,-11366.373047,-11375.875977,9.502930
3747,-10940.184570,-10879.765625,60.418945
3748,-11542.791992,-11543.866211,1.074219
3749,-12522.268555,-12522.140625,0.127930
3750,-10498.228516,-10501.168945,2.940430
3751,-12341.244141,-12320.278320,20.965820
3752,-10755.821289,-10833.701172,77.879883
3753,-11481.022461,-11451.769531,29.252930
3754,-10153.533203,-10142.412109,11.121094
3755,-10335.981445,-10393.747070,57.765625
3756,-11963.736328,-12014.357422,50.621094
3757,-11386.947266,-11404.771484,17.824219
3758,-10981.101562,-10971.019531,10.082031
3759,-10884.976562,-10905.163086,20.186523
3760,-11518.798828,-11511.876953,6.921875
3761,-10408.562500,-10393.905273,14.657227
3762,-11468.726562,-11477.579102,8.852539
3763,-9058.017578,-8863.133789,194.883789
3764,-10531.854492,-10532.917969,1.063477
3765,-12995.969727,-12926.125977,69.843750
3766,-9300.003906,-9269.698242,30.305664
3767,-11538.871094,-11616.233398,77.362305
3768,-10971.126953,-10969.860352,1.266602
3769,-9367.401367,-9454.896484,87.495117
3770,-11563.056641,-11575.819336,12.762695
3771,-9503.202148,-9495.431641,7.770508
3772,-12500.302734,-12488.416992,11.885742
3773,-12229.536133,-12280.834961,51.298828
3774,-11509.731445,-11511.793945,2.062500
3775,-11401.910156,-11441.774414,39.864258
3776,-9943.619141,-9959.858398,16.239258
3777,-11764.537109,-11778.925781,14.388672
3778,-12717.344727,-12788.588867,71.244141
3779,-10634.185547,-10631.299805,2.885742
3780,-11936.862305,-11948.413086,11.550781
3781,-11253.923828,-11407.684570,153.760742
3782,-11982.727539,-11914.625977,68.101562
3783,-10563.462891,-10565.209961,1.747070
3784,-12606.816406,-12586.943359,19.873047
3785,-12889.489258,-12925.178711,35.689453
3786,-10510.863281,-10498.833008,12.030273
3787,-10396.855469,-10396.018555,0.836914
3788,-11917.311523,-11914.584961,2.726562
3789,-10366.099609,-10396.686523,30.586914
3790,-11498.220703,-11511.629883,13.409180
3791,-10535.862305,-10531.672852,4.189453
3792,-11368.046875,-11342.870117,25.176758
3793,-9956.763672,-9956.777344,0.013672
3794,-9880.200195,-9901.078125,20.877930
3795,-10571.506836,-10565.231445,6.275391
3796,-10970.581055,-10969.015625,1.565430
3797,-10986.018555,-10971.350586,14.667969
3798,-11503.645508,-11510.266602,6.621094
3799,-12927.000000,-12894.972656,32.027344
3800,-10517.711914,-10498.687500,19.024414
3801,-11304.827148,-11339.300781,34.473633
3802,-10558.740234,-10565.477539,6.737305
3803,-11342.345703,-11375.226562,32.880859
3804,-12549.623047,-12554.576172,4.953125
3805,-9807.731445,-9832.737305,25.005859
3806,-12904.820312,-12894.757812,10.062500
3807,-10363.860352,-10365.644531,1.784180
3808,-11377.399414,-11374.078125,3.321289
3809,-12390.873047,-12384.724609,6.148438
3810,-12463.917969,-12456.277344,7.640625
3811,-10975.824219,-10970.609375,5.214844
3812,-11533.064453,-11543.749023,10.684570
3813,-9585.111328,-9554.353516,30.757812
3814,-10964.709961,-10970.096680,5.386719
3815,-10520.536133,-10534.380859,13.844727
3816,-9476.485352,-9495.995117,19.509766
3817,-11540.399414,-11542.445312,2.045898
3818,-11957.157227,-11945.954102,11.203125
3819,-10366.162109,-10363.306641,2.855469
3820,-11387.304688,-11374.229492,13.075195
3821,-10494.148438,-10500.340820,6.192383
3822,-10551.210938,-10532.693359,18.517578
3823,-9160.390625,-9269.954102,109.563477
3824,-9874.571289,-9866.156250,8.415039
3825,-10016.740234,-9989.689453,27.050781
3826,-12532.361328,-12552.984375,20.623047
3827,-12417.163086,-12417.885742,0.722656
3828,-10614.255859,-4613.901367,6000.354492
3829,-11488.691406,-11510.847656,22.156250
3830,-10530.578125,-10533.216797,2.638672
3831,-12991.675781,-13467.519531,475.843750
3832,-11582.101562,-11608.871094,26.769531
3833,-12983.089844,-12959.397461,23.692383
3834,-11327.900391,-11341.882812,13.982422
3835,-10930.253906,-10935.326172,5.072266
3836,-11917.675781,-11911.701172,5.974609
3837,-10994.198242,-11004.385742,10.187500
3838,-11966.973633,-11947.545898,19.427734
3839,-12340.769531,-12383.974609,43.205078
3840,-11429.227539,-11420.062500,9.165039
3841,-11553.415039,-11542.906250,10.508789
3842,-11834.357422,-11849.767578,15.410156
3843,-10729.696289,-10801.472656,71.776367
3844,-10914.264648,-10905.809570,8.455078
3845,-11639.457031,-11711.594727,72.137695
3846,-10772.578125,-10801.342773,28.764648
3847,-9595.777344,-9621.531250,25.753906
3848,-12512.004883,-12520.970703,8.965820
3849,-11352.687500,-11406.831055,54.143555
3850,-9742.375977,-9705.899414,36.476562
3851,-12376.478516,-12385.275391,8.796875
3852,-11544.064453,-11542.940430,1.124023
3853,-10533.958984,-10530.520508,3.438477
3854,-9469.164062,-9463.511719,5.652344
3855,-10962.328125,-10968.237305,5.909180
3856,-13522.091797,-13661.609375,139.517578
3857,-11547.304688,-11575.724609,28.419922
3858,-12503.108398,-12490.477539,12.630859
3859,-12991.736328,-12926.592773,65.143555
3860,-10764.125977,-10801.189453,37.063477
3861,-11911.831055,-11913.791016,1.959961
3862,-9537.367188,-9556.015625,18.648438
3863,-13333.055664,-13361.752930,28.697266
3864,-12491.677734,-12487.213867,4.463867
3865,-8406.427734,-8426.673828,20.246094
3866,-10998.632812,-10970.427734,28.205078
3867,-11847.225586,-11811.544922,35.680664
3868,-11926.541016,-11916.129883,10.411133
3869,-10565.331055,-10566.072266,0.741211
3870,-11540.634766,-11542.454102,1.819336
3871,-9465.219727,-9490.278320,25.058594
3872,-11496.959961,-11510.786133,13.826172
3873,-10410.554688,-10396.944336,13.610352
3874,-10909.828125,-10846.458984,63.369141
3875,-10772.490234,-10765.051758,7.438477
3876,-11931.535156,-11914.728516,16.806641
3877,-11344.338867,-11339.973633,4.365234
3878,-9896.408203,-9899.357422,2.949219
3879,-9446.632812,-9463.238281,16.605469
3880,-10543.200195,-10533.101562,10.098633
3881,-10992.634766,-11002.309570,9.674805
3882,-9648.983398,-9706.628906,57.645508
3883,-11417.585938,-11406.720703,10.865234
3884,-11464.438477,-11349.511719,114.926758
3885,-10170.011719,-10395.370117,225.358398
3886,-10776.269531,-10833.305664,57.036133
3887,-9587.755859,-9587.725586,0.030273
3888,-9475.815430,-9463.098633,12.716797
3889,-11481.937500,-11476.916016,5.021484
3890,-11860.702148,-11844.994141,15.708008
3891,-11307.019531,-11309.424805,2.405273
3892,-9531.698242,-9555.407227,23.708984
3893,-10560.771484,-10565.074219,4.302734
3894,-13417.218750,-13531.731445,114.512695
3895,-12784.378906,-12789.712891,5.333984
3896,-10997.230469,-10968.429688,28.800781
3897,-11896.880859,-11882.676758,14.204102
3898,-10398.682617,-10384.205078,14.477539
3899,-9530.550781,-9555.491211,24.940430
3900,-11558.596680,-11577.030273,18.433594
3901,-12008.378906,-11945.260742,63.118164
3902,-11023.734375,-11034.848633,11.114258
3903,-11021.811523,-11003.282227,18.529297
3904,-10407.681641,-10474.868164,67.186523
3905,-10829.721680,-10833.310547,3.588867
3906,-10500.131836,-10498.583984,1.547852
3907,-11042.762695,-11034.338867,8.423828
3908,-10410.241211,-10396.072266,14.168945
3909,-10013.502930,-9992.251953,21.250977
3910,-11788.644531,-11779.001953,9.642578
3911,-11947.235352,-11948.127930,0.892578
3912,-10955.335938,-10937.706055,17.629883
3913,-10904.358398,-10903.886719,0.471680
3914,-11012.815430,-10945.759766,67.055664
3915,-8453.478516,-8395.014648,58.463867
3916,-10487.587891,-10507.286133,19.698242
3917,-12289.326172,-12354.306641,64.980469
3918,-10989.462891,-10967.250000,22.212891
3919,-12472.341797,-12457.282227,15.059570
3920,-11511.860352,-11509.652344,2.208008
3921,-11919.634766,-11915.493164,4.141602
3922,-13653.562500,-13660.667969,7.105469
3923,-11501.535156,-11508.948242,7.413086
3924,-13239.473633,-13329.863281,90.389648
3925,-11720.224609,-11777.976562,57.751953
3926,-10961.791992,-10971.655273,9.863281
3927,-11005.670898,-11002.488281,3.182617
3928,-8848.830078,-8520.131836,328.698242
3929,-14278.881836,-14419.575195,140.693359
3930,-10974.010742,-10970.055664,3.955078
3931,-11265.479492,-11303.750000,38.270508
3932,-12668.767578,-12685.375000,16.607422
3933,-10459.792969,-10466.024414,6.231445
3934,-11361.490234,-11376.271484,14.781250
3935,-10479.037109,-10383.397461,95.639648
3936,-10822.093750,-10878.745117,56.651367
3937,-9951.341797,-9923.603516,27.738281
3938,-8474.052734,-8493.579102,19.526367
3939,-10467.796875,-10468.484375,0.687500
3940,-8887.545898,-8865.399414,22.146484
3941,-10399.208008,-10430.422852,31.214844
3942,-11501.868164,-11510.674805,8.806641
3943,-13610.370117,-13548.599609,61.770508
3944,-11819.666016,-11844.280273,24.614258
3945,-10973.731445,-10971.271484,2.459961
3946,-11390.470703,-11406.776367,16.305664
3947,-11700.272461,-11712.424805,12.152344
3948,-11561.491211,-11576.705078,15.213867
3949,-10952.043945,-10934.921875,17.122070
3950,-13388.060547,-13467.775391,79.714844
3951,-10445.786133,-10408.343750,37.442383
3952,-12472.388672,-12487.083008,14.694336
3953,-10567.423828,-10565.317383,2.106445
3954,-10144.414062,-9841.633789,302.780273
3955,-12495.508789,-12488.772461,6.736328
3956,-12458.877930,-12456.457031,2.420898
3957,-9984.476562,-9958.463867,26.012695
3958,-11526.731445,-11542.234375,15.502930
3959,-11936.374023,-11915.708984,20.665039
3960,-10529.137695,-10533.866211,4.728516
3961,-10562.014648,-10565.916016,3.901367
3962,-11808.010742,-11889.935547,81.924805
3963,-10918.486328,-10903.383789,15.102539
3964,-9569.342773,-9522.277344,47.065430
3965,-11012.359375,-11002.200195,10.159180
3966,-11934.753906,-11917.089844,17.664062
3967,-9599.462891,-9588.585938,10.876953
3968,-11391.335938,-11405.653320,14.317383
3969,-10934.603516,-10937.938477,3.334961
3970,-11814.868164,-11812.451172,2.416992
3971,-9249.088867,-9338.822266,89.733398
3972,-9401.912109,-9431.774414,29.862305
3973,-11549.587891,-11543.679688,5.908203
3974,-11586.930664,-11609.104492,22.173828
3975,-11971.354492,-11946.373047,24.981445
3976,-10529.000000,-10534.155273,5.155273
3977,-10934.400391,-10935.747070,1.346680
3978,-10506.586914,-10497.202148,9.384766
3979,-11370.636719,-11407.829102,37.192383
3980,-10393.289062,-10363.766602,29.522461
3981,-8449.830078,-8551.949219,102.119141
3982,-10004.781250,-9992.695312,12.085938
3983,-12406.887695,-12385.573242,21.314453
3984,-11477.897461,-11480.320312,2.422852
3985,-10395.822266,-10396.812500,0.990234
3986,-11528.146484,-11544.525391,16.378906
3987,-9183.545898,-8923.059570,260.486328
3988,-11505.428711,-11510.275391,4.846680
3989,-10957.121094,-10969.431641,12.310547
3990,-11335.988281,-11343.631836,7.643555
3991,-12330.258789,-12249.236328,81.022461
3992,-10553.746094,-10566.145508,12.399414
3993,-9973.363281,-9992.393555,19.030273
3994,-8440.368164,-8459.945312,19.577148
3995,-10544.447266,-10564.554688,20.107422
3996,-10515.349609,-10498.970703,16.378906
3997,-10527.172852,-10531.528320,4.355469
3998,-10475.928711,-10466.089844,9.838867
3999,-11492.559570,-11509.535156,16.975586
4000,-8916.779297,-10834.199219,1917.419922
4001,-10323.656250,-10337.828125,14.171875
4002,-10410.779297,-10440.848633,30.069336
4003,-11489.083984,-11510.284180,21.200195
4004,-10373.885742,-10363.921875,9.963867
4005,-11955.163086,-11946.622070,8.541016
4006,-9548.373047,-9554.916016,6.542969
4007,-10451.263672,-10474.740234,23.476562
4008,-9400.361328,-9431.963867,31.602539
4009,-12498.250977,-12487.848633,10.402344
4010,-12953.633789,-13005.947266,52.313477
4011,-11503.953125,-11511.256836,7.303711
4012,-12501.139648,-12486.447266,14.692383
4013,-11508.212891,-11542.509766,34.296875
4014,-11375.607422,-11341.565430,34.041992
4015,-11521.320312,-11542.263672,20.943359
4016,-9564.048828,-9523.573242,40.475586
4017,-11572.840820,-11675.132812,102.291992
4018,-10477.632812,-10466.755859,10.876953
4019,-11399.448242,-11408.346680,8.898438
4020,-11476.400391,-11477.498047,1.097656
4021,-10933.468750,-10934.893555,1.424805
4022,-10504.403320,-10499.920898,4.482422
4023,-11298.823242,-11343.144531,44.321289
4024,-8336.453125,-8427.949219,91.496094
4025,-9486.440430,-9496.367188,9.926758
4026,-12358.035156,-12385.832031,27.796875
4027,-9944.344727,-9958.886719,14.541992
4028,-11299.384766,-11307.720703,8.335938
4029,-9930.192383,-9869.688477,60.503906
4030,-12360.560547,-12386.081055,25.520508
4031,-11975.536133,-11948.472656,27.063477
4032,-10556.192383,-10565.858398,9.666016
4033,-10393.502930,-10462.109375,68.606445
4034,-13447.920898,-13499.866211,51.945312
4035,-10513.813477,-10507.810547,6.002930
4036,-10822.517578,-10867.024414,44.506836
4037,-12721.536133,-12790.811523,69.275391
4038,-11440.076172,-11446.051758,5.975586
4039,-8683.725586,-6288.608887,2395.116699
4040,-10562.886719,-10566.568359,3.681641
4041,-11789.281250,-11780.791016,8.490234
4042,-11534.344727,-11542.909180,8.564453
4043,-11926.500977,-11914.506836,11.994141
4044,-11953.011719,-11947.729492,5.282227
4045,-10601.108398,-10599.560547,1.547852
4046,-11521.872070,-11543.335938,21.463867
4047,-11501.319336,-11510.330078,9.010742
4048,-9856.316406,-9868.188477,11.872070
4049,-10568.259766,-10565.176758,3.083008
4050,-10075.532227,-10057.077148,18.455078
4051,-10850.730469,-10838.682617,12.047852
4052,-10949.942383,-10936.099609,13.842773
4053,-11977.830078,-11982.323242,4.493164
4054,-11489.706055,-11510.475586,20.769531
4055,-12239.419922,-12215.793945,23.625977
4056,-11510.378906,-11510.662109,0.283203
4057,-10292.079102,-10303.556641,11.477539
4058,-11931.413086,-11913.641602,17.771484
4059,-11935.176758,-11916.013672,19.163086
4060,-10953.401367,-10935.947266,17.454102
4061,-12504.664062,-12490.127930,14.536133
4062,-11023.240234,-11001.512695,21.727539
4063,-11363.926758,-11343.330078,20.596680
4064,-6700.585938,-6786.392578,85.806641
4065,-10422.408203,-10395.747070,26.661133
4066,-11027.305664,-11003.666016,23.639648
4067,-11958.344727,-11980.082031,21.737305
4068,-12302.214844,-12321.026367,18.811523
4069,-10960.289062,-10968.263672,7.974609
4070,-11973.829102,-11981.371094,7.541992
4071,-11503.790039,-11485.381836,18.408203
4072,-11565.369141,-11577.897461,12.528320
4073,-12783.871094,-12854.854492,70.983398
4074,-10563.222656,-10566.539062,3.316406
4075,-11343.791992,-11338.252930,5.539062
4076,-11264.525391,-11303.516602,38.991211
4077,-9704.279297,-9763.905273,59.625977
4078,-9571.957031,-9588.990234,17.033203
4079,-10951.693359,-10936.180664,15.512695
4080,-11940.951172,-11946.637695,5.686523
4081,-11779.083008,-11778.581055,0.501953
4082,-12497.564453,-12521.951172,24.386719
4083,-10369.771484,-10398.512695,28.741211
4084,-10494.260742,-10500.587891,6.327148
4085,-9092.666016,-9236.079102,143.413086
4086,-8908.681641,-8922.132812,13.451172
4087,-10578.074219,-10598.583984,20.509766
4088,-11904.124023,-11981.134766,77.010742
4089,-10553.542969,-10566.094727,12.551758
4090,-12360.148438,-12385.276367,25.127930
4091,-10974.740234,-10970.033203,4.707031
4092,-10758.877930,-10774.743164,15.865234
4093,-11318.687500,-11372.762695,54.075195
4094,-10561.878906,-10564.596680,2.717773
4095,-10973.350586,-10970.073242,3.277344
4096,-12740.919922,-12822.414062,81.494141
4097,-11498.632812,-11507.760742,9.127930
4098,-11530.209961,-11544.318359,14.108398
4099,-8400.697266,-8395.389648,5.307617
4100,-10563.087891,-10566.787109,3.699219
4101,-10533.358398,-10533.043945,0.314453
4102,-10561.768555,-10566.095703,4.327148
4103,-10928.859375,-10937.286133,8.426758
4104,-12282.578125,-12352.925781,70.347656
4105,-12191.792969,-12250.166992,58.374023
4106,-11928.836914,-11913.315430,15.521484
4107,-10589.667969,-10565.000000,24.667969
4108,-9605.127930,-9588.875977,16.251953
4109,-12624.947266,-12586.797852,38.149414
4110,-10904.690430,-10903.442383,1.248047
4111,-9916.242188,-9924.558594,8.316406
4112,-11411.004883,-11408.481445,2.523438
4113,-10962.944336,-10934.393555,28.550781
4114,-11313.048828,-11309.795898,3.252930
4115,-9684.429688,-9733.731445,49.301758
4116,-9473.026367,-9589.274414,116.248047
4117,-11821.170898,-11845.229492,24.058594
4118,-11448.793945,-11509.120117,60.326172
4119,-11824.463867,-11844.328125,19.864258
4120,-9557.690430,-9462.792969,94.897461
4121,-10144.829102,-10342.885742,198.056641
4122,-10983.888672,-10971.241211,12.647461
4123,-11379.961914,-11373.003906,6.958008
4124,-10967.704102,-10970.492188,2.788086
4125,-13496.999023,-13532.008789,35.009766
4126,-11381.323242,-11375.381836,5.941406
4127,-10233.095703,-10306.005859,72.910156
4128,-11466.701172,-11479.715820,13.014648
4129,-10824.323242,-10867.500000,43.176758
4130,-11347.831055,-11341.476562,6.354492
4131,-11955.977539,-11980.139648,24.162109
4132,-12935.244141,-12925.651367,9.592773
4133,-11511.368164,-11511.761719,0.393555
4134,-13273.011719,-13395.818359,122.806641
4135,-12345.433594,-12351.954102,6.520508
4136,-12323.078125,-12318.885742,4.192383
4137,-11352.344727,-11376.326172,23.981445
4138,-11478.978516,-11477.604492,1.374023
4139,-10884.196289,-10847.759766,36.436523
4140,-10816.121094,-10846.155273,30.034180
4141,-11554.855469,-11544.085938,10.769531
4142,-10801.906250,-10800.605469,1.300781
4143,-10954.459961,-10970.502930,16.042969
4144,-10529.021484,-10532.319336,3.297852
4145,-10497.154297,-10501.802734,4.648438
4146,-11777.374023,-11813.019531,35.645508
4147,-10468.661133,-10506.833984,38.172852
4148,-10868.825195,-10906.330078,37.504883
4149,-10529.952148,-10534.273438,4.321289
4150,-10780.333008,-10800.154297,19.821289
4151,-10973.925781,-10969.627930,4.297852
4152,-11499.533203,-11485.890625,13.642578
4153,-10462.111328,-10442.912109,19.199219
4154,-11905.702148,-11912.815430,7.113281
4155,-11822.748047,-11948.753906,126.005859
4156,-9388.997070,-9405.345703,16.348633
4157,-11474.918945,-11479.543945,4.625000
4158,-10817.632812,-10833.247070,15.614258
4159,-9901.407227,-9894.467773,6.939453
4160,-10464.716797,-10465.596680,0.879883
4161,-11937.407227,-11913.500977,23.906250
4162,-11832.279297,-11845.095703,12.816406
4163,-10753.064453,-10833.531250,80.466797
4164,-11394.210938,-11407.573242,13.362305
4165,-9431.513672,-9429.451172,2.062500
4166,-10961.664062,-10937.913086,23.750977
4167,-11932.119141,-11948.449219,16.330078
4168,-11460.784180,-11477.291016,16.506836
4169,-9595.064453,-9587.916992,7.147461
4170,-9987.169922,-9991.639648,4.469727
4171,-10960.699219,-10969.115234,8.416016
4172,-10996.202148,-11001.625977,5.423828
4173,-11925.918945,-11915.646484,10.272461
4174,-9945.425781,-9960.687500,15.261719
4175,-12468.137695,-12456.288086,11.849609
4176,-9927.964844,-9923.653320,4.311523
4177,-9521.410156,-9529.583008,8.172852
4178,-10015.078125,-9992.163086,22.915039
4179,-10562.412109,-10566.262695,3.850586
4180,-11415.311523,-11405.976562,9.334961
4181,-10527.009766,-10533.259766,6.250000
4182,-10529.486328,-10532.500000,3.013672
4183,-11933.994141,-11914.590820,19.403320
4184,-10521.089844,-10507.755859,13.333984
4185,-11437.842773,-11441.845703,4.002930
4186,-11509.506836,-11510.196289,0.689453
4187,-11779.487305,-11813.206055,33.718750
4188,-10560.771484,-10565.457031,4.685547
4189,-11808.367188,-11811.596680,3.229492
4190,-8946.231445,-8864.812500,81.418945
4191,-11992.590820,-11946.362305,46.228516
4192,-8017.285156,-8260.203125,242.917969
4193,-9507.990234,-9489.375000,18.615234
4194,-11546.402344,-11575.789062,29.386719
4195,-11469.631836,-11477.306641,7.674805
4196,-12357.844727,-12386.748047,28.903320
4197,-10966.576172,-10938.689453,27.886719
4198,-9474.559570,-9464.257812,10.301758
4199,-10347.246094,-10362.829102,15.583008
4200,-12764.506836,-12821.899414,57.392578
4201,-12481.014648,-12488.541992,7.527344
4202,-11784.327148,-11722.206055,62.121094
4203,-10473.447266,-10506.883789,33.436523
4204,-8536.438477,-8518.589844,17.848633
4205,-11519.704102,-11510.781250,8.922852
4206,-9526.194336,-9522.552734,3.641602
4207,-10294.026367,-10332.030273,38.003906
4208,-9449.563477,-9464.486328,14.922852
4209,-11524.041016,-11508.777344,15.263672
4210,-12295.863281,-12319.045898,23.182617
4211,-10934.477539,-10938.303711,3.826172
4212,-10584.912109,-10566.275391,18.636719
4213,-11430.737305,-11406.991211,23.746094
4214,-11529.127930,-11512.540039,16.587891
4215,-11923.063477,-11915.551758,7.511719
4216,-9924.092773,-9902.294922,21.797852
4217,-11354.523438,-11373.822266,19.298828
4218,-10529.599609,-10532.041992,2.442383
4219,-7688.336914,-7764.229492,75.892578
4220,-10373.556641,-10370.446289,3.110352
4221,-12022.870117,-12012.411133,10.458984
4222,-11905.606445,-11915.437500,9.831055
4223,-11401.071289,-11406.635742,5.564453
4224,-9949.083984,-9958.919922,9.835938
4225,-11911.319336,-11915.454102,4.134766
4226,-10430.813477,-10428.879883,1.933594
4227,-11904.180664,-11916.160156,11.979492
4228,-11344.609375,-11285.245117,59.364258
4229,-11781.420898,-11813.516602,32.095703
4230,-10337.666016,-10307.340820,30.325195
4231,-11516.989258,-11511.537109,5.452148
4232,-10625.503906,-10631.522461,6.018555
4233,-10944.467773,-10934.407227,10.060547
4234,-11358.215820,-11372.338867,14.123047
4235,-11961.297852,-11947.551758,13.746094
4236,-10448.689453,-10439.437500,9.251953
4237,-10591.941406,-10599.147461,7.206055
4238,-10436.394531,-10473.651367,37.256836
4239,-10994.555664,-11001.464844,6.909180
4240,-13250.870117,-13332.066406,81.196289
4241,-10984.220703,-10970.852539,13.368164
4242,-10974.517578,-10937.860352,36.657227
4243,-9518.771484,-9496.491211,22.280273
4244,-10536.930664,-10532.897461,4.033203
4245,-11398.631836,-11412.162109,13.530273
4246,-10532.249023,-10531.977539,0.271484
4247,-9778.305664,-9764.538086,13.767578
4248,-10358.977539,-10362.552734,3.575195
4249,-9837.202148,-9866.006836,28.804688
4250,-8185.893555,-8200.674805,14.781250
4251,-11501.065430,-11510.336914,9.271484
4252,-12538.399414,-12554.382812,15.983398
4253,-12463.438477,-12457.525391,5.913086
4254,-10980.253906,-10971.061523,9.192383
4255,-10379.903320,-10360.077148,19.826172
4256,-10941.209961,-10935.886719,5.323242
4257,-11362.122070,-11375.250977,13.128906
4258,-9315.524414,-9302.253906,13.270508
4259,-10648.235352,-10507.148438,141.086914
4260,-10466.595703,-10441.182617,25.413086
4261,-10246.121094,-10339.078125,92.957031
4262,-11998.167969,-12012.262695,14.094727
4263,-10490.800781,-10425.942383,64.858398
4264,-11437.901367,-11445.892578,7.991211
4265,-10534.521484,-10533.432617,1.088867
4266,-10954.097656,-10968.980469,14.882812
4267,-11972.416992,-11979.923828,7.506836
4268,-12491.513672,-12455.325195,36.188477
4269,-11486.365234,-11509.542969,23.177734
4270,-10951.520508,-10938.383789,13.136719
4271,-11506.458008,-11511.803711,5.345703
4272,-10777.555664,-10801.013672,23.458008
4273,-10931.756836,-10936.746094,4.989258
4274,-15542.375000,-15898.483398,356.108398
4275,-12528.115234,-12520.483398,7.631836
4276,-12645.856445,-12685.061523,39.205078
4277,-10570.538086,-10565.937500,4.600586
4278,-11958.111328,-11948.606445,9.504883
4279,-11412.238281,-11442.918945,30.680664
4280,-12324.286133,-12353.112305,28.826172
4281,-12002.958984,-11949.291016,53.667969
4282,-11257.627930,-11270.091797,12.463867
4283,-12408.722656,-12384.462891,24.259766
4284,-11580.318359,-11576.016602,4.301758
4285,-10482.712891,-10500.226562,17.513672
4286,-10961.145508,-10945.645508,15.500000
4287,-10846.268555,-10904.941406,58.672852
4288,-11424.597656,-11438.279297,13.681641
4289,-12188.898438,-12249.977539,61.079102
4290,-13009.468750,-12957.147461,52.321289
4291,-11942.996094,-11948.851562,5.855469
4292,-9878.554688,-9868.083984,10.470703
4293,-9470.597656,-9461.888672,8.708984
4294,-11552.102539,-11576.033203,23.930664
4295,-11590.528320,-11577.204102,13.324219
4296,-10370.646484,-10362.820312,7.826172
4297,-10505.986328,-10500.789062,5.197266
4298,-12906.714844,-12895.416016,11.298828
4299,-11492.139648,-11509.476562,17.336914
4300,-11585.514648,-11593.467773,7.953125
4301,-11493.078125,-11510.399414,17.321289
4302,-12767.934570,-12791.506836,23.572266
4303,-12486.250000,-12487.373047,1.123047
4304,-10544.850586,-10532.158203,12.692383
4305,-10251.981445,-10297.942383,45.960938
4306,-10411.943359,-10799.934570,387.991211
4307,-10927.526367,-10937.772461,10.246094
4308,-10549.801758,-10474.108398,75.693359
4309,-10953.731445,-10935.064453,18.666992
4310,-11462.703125,-11478.149414,15.446289
4311,-13393.107422,-13443.854492,50.747070
4312,-10549.679688,-10533.292969,16.386719
4313,-12389.744141,-12320.173828,69.570312
4314,-11464.710938,-11443.089844,21.621094
4315,-10358.191406,-10362.507812,4.316406
4316,-10491.232422,-10499.153320,7.920898
4317,-11338.663086,-11338.692383,0.029297
4318,-11404.671875,-11406.280273,1.608398
4319,-10786.349609,-10775.305664,11.043945
4320,-10982.782227,-10969.668945,13.113281
4321,-11759.715820,-11812.501953,52.786133
4322,-11905.742188,-11883.461914,22.280273
4323,-11126.897461,-11236.591797,109.694336
4324,-11519.567383,-11510.059570,9.507812
4325,-11756.572266,-11778.918945,22.346680
4326,-10830.916992,-10835.449219,4.532227
4327,-11509.783203,-11543.905273,34.122070
4328,-10901.793945,-10905.993164,4.199219
4329,-10718.000000,-10742.090820,24.090820
4330,-10444.133789,-10508.026367,63.892578
4331,-12972.792969,-12960.313477,12.479492
4332,-12431.423828,-12456.537109,25.113281
4333,-12086.046875,-12260.850586,174.803711
4334,-11045.345703,-11034.601562,10.744141
4335,-11509.136719,-11512.056641,2.919922
4336,-11558.652344,-11576.477539,17.825195
4337,-10431.529297,-10429.488281,2.041016
4338,-9892.214844,-9866.986328,25.228516
4339,-12486.198242,-12488.662109,2.463867
4340,-12436.250977,-12455.959961,19.708984
4341,-10564.691406,-10566.152344,1.460938
4342,-12426.489258,-12295.785156,130.704102
4343,-11946.128906,-11947.079102,0.950195
4344,-11986.044922,-11981.083008,4.961914
4345,-10914.615234,-10904.748047,9.867188
4346,-11965.662109,-11979.372070,13.709961
4347,-12216.487305,-12280.692383,64.205078
4348,-11359.394531,-11311.233398,48.161133
4349,-10471.868164,-10468.205078,3.663086
4350,-9943.432617,-9958.479492,15.046875
4351,-11541.169922,-11575.897461,34.727539
4352,-12950.709961,-12960.072266,9.362305
4353,-10339.813477,-10365.144531,25.331055
4354,-9556.821289,-9555.873047,0.948242
4355,-11916.873047,-11915.557617,1.315430
4356,-12501.083008,-12487.971680,13.111328
4357,-13357.447266,-13444.111328,86.664062
4358,-9889.340820,-9901.983398,12.642578
4359,-10539.873047,-10532.155273,7.717773
4360,-10468.210938,-10409.268555,58.942383
4361,-11781.181641,-11844.510742,63.329102
4362,-10554.625977,-10533.154297,21.471680
4363,-9916.837891,-9959.181641,42.343750
4364,-9905.349609,-9899.098633,6.250977
4365,-11394.686523,-11407.795898,13.109375
4366,-12492.976562,-12486.013672,6.962891
4367,-10787.241211,-10866.971680,79.730469
4368,-11350.065430,-11342.402344,7.663086
4369,-10272.601562,-10305.576172,32.974609
4370,-10882.518555,-10870.337891,12.180664
4371,-12020.202148,-12013.434570,6.767578
4372,-11934.088867,-11948.356445,14.267578
4373,-11946.618164,-11948.445312,1.827148
4374,-10963.164062,-10968.510742,5.346680
4375,-12479.500977,-12488.273438,8.772461
4376,-13108.040039,-13466.639648,358.599609
4377,-10996.185547,-11001.652344,5.466797
4378,-10968.708984,-10969.592773,0.883789
4379,-11381.488281,-11376.006836,5.481445
4380,-10553.726562,-10565.288086,11.561523
4381,-11581.431641,-11543.579102,37.852539
4382,-11405.433594,-11407.174805,1.741211
4383,-12503.959961,-12489.041016,14.918945
4384,-11542.741211,-11542.875000,0.133789
4385,-13445.687500,-12431.767578,1013.919922
4386,-13318.804688,-13331.032227,12.227539
4387,-9532.363281,-9529.375977,2.987305
4388,-11919.411133,-11914.540039,4.871094
4389,-11612.791992,-11675.435547,62.643555
4390,-12554.011719,-12554.322266,0.310547
4391,-11513.248047,-11510.771484,2.476562
4392,-11001.184570,-11003.765625,2.581055
4393,-11505.791016,-11509.397461,3.606445
4394,-10335.593750,-10338.832031,3.238281
4395,-13406.217773,-13443.520508,37.302734
4396,-13193.965820,-13362.637695,168.671875
4397,-11339.379883,-11342.110352,2.730469
4398,-11511.385742,-11510.205078,1.180664
4399,-10517.220703,-10499.829102,17.391602
4400,-11508.625977,-11543.384766,34.758789
4401,-10535.044922,-10531.658203,3.386719
4402,-9451.527344,-9463.380859,11.853516
4403,-9764.447266,-10833.655273,1069.208008
4404,-9527.380859,-9522.958984,4.421875
4405,-8840.900391,-8857.273438,16.373047
4406,-11506.816406,-11510.429688,3.613281
4407,-9464.781250,-9488.248047,23.466797
4408,-11523.522461,-11543.306641,19.784180
4409,-9994.607422,-9990.338867,4.268555
4410,-11513.796875,-11511.301758,2.495117
4411,-10319.041992,-10304.940430,14.101562
4412,-11570.499023,-11576.878906,6.379883
4413,-12478.668945,-12455.266602,23.402344
4414,-11361.699219,-11343.297852,18.401367
4415,-9458.521484,-9520.396484,61.875000
4416,-12842.301758,-12925.521484,83.219727
4417,-10505.036133,-10507.715820,2.679688
4418,-9443.406250,-9463.986328,20.580078
4419,-9596.434570,-9587.824219,8.610352
4420,-11549.059570,-11576.831055,27.771484
4421,-9946.386719,-9958.958008,12.571289
4422,-11527.654297,-11542.583984,14.929688
4423,-10594.391602,-10507.647461,86.744141
4424,-11915.649414,-11914.551758,1.097656
4425,-11932.894531,-11946.514648,13.620117
4426,-11936.845703,-11947.572266,10.726562
4427,-10999.151367,-11001.833008,2.681641
4428,-11414.736328,-11406.983398,7.752930
4429,-11323.412109,-11373.887695,50.475586
4430,-7671.359863,-7819.281738,147.921875
4431,-9885.055664,-9901.410156,16.354492
4432,-10789.854492,-10832.235352,42.380859
4433,-9987.777344,-9992.788086,5.010742
4434,-12814.191406,-12821.864258,7.672852
4435,-11508.498047,-11510.997070,2.499023
4436,-11973.443359,-11948.456055,24.987305
4437,-9823.153320,-9835.664062,12.510742
4438,-12291.470703,-12401.545898,110.075195
4439,-11413.948242,-11350.872070,63.076172
4440,-11360.518555,-11375.149414,14.630859
4441,-12930.290039,-12926.482422,3.807617
4442,-11486.208008,-11476.022461,10.185547
4443,-12407.777344,-12467.196289,59.418945
4444,-12271.735352,-12353.214844,81.479492
4445,-12551.791992,-12554.866211,3.074219
4446,-11425.082031,-11405.243164,19.838867
4447,-10948.377930,-10935.050781,13.327148
4448,-9323.306641,-9361.507812,38.201172
4449,-11536.992188,-11544.188477,7.196289
4450,-9794.701172,-9765.308594,29.392578
4451,-11508.634766,-11510.142578,1.507812
4452,-8494.785156,-8485.165039,9.620117
4453,-11384.364258,-11408.418945,24.054688
4454,-9838.541016,-9864.631836,26.090820
4455,-11334.767578,-11340.381836,5.614258
4456,-11464.450195,-11477.197266,12.747070
4457,-9538.708008,-9554.390625,15.682617
4458,-10928.949219,-10935.852539,6.903320
4459,-11948.402344,-11949.136719,0.734375
4460,-11012.249023,-11003.619141,8.629883
4461,-12568.608398,-12554.586914,14.021484
4462,-10762.028320,-10775.333008,13.304688
4463,-10969.279297,-10970.579102,1.299805
4464,-11923.229492,-11948.571289,25.341797
4465,-12568.292969,-12554.228516,14.064453
4466,-10986.237305,-10967.172852,19.064453
4467,-8395.753906,-8393.545898,2.208008
4468,-11949.979492,-11945.326172,4.653320
4469,-11346.996094,-11374.816406,27.820312
4470,-10855.527344,-10867.077148,11.549805
4471,-13865.519531,-13984.116211,118.596680
4472,-10876.708984,-10913.111328,36.402344
4473,-14391.339844,-14390.896484,0.443359
4474,-11490.808594,-11479.451172,11.357422
4475,-11785.619141,-11844.286133,58.666992
4476,-10817.707031,-10847.610352,29.903320
4477,-11472.344727,-11476.690430,4.345703
4478,-10037.658203,-10023.849609,13.808594
4479,-11368.928711,-11373.622070,4.693359
4480,-10495.804688,-10499.930664,4.125977
4481,-10743.864258,-10800.811523,56.947266
4482,-10375.906250,-10383.688477,7.782227
4483,-11392.981445,-11370.583008,22.398438
4484,-11520.405273,-11544.264648,23.859375
4485,-10804.299805,-10833.697266,29.397461
4486,-10560.754883,-10566.283203,5.528320
4487,-12528.146484,-12522.244141,5.902344
4488,-11958.821289,-11948.567383,10.253906
4489,-10904.524414,-10903.945312,0.579102
4490,-11001.262695,-11002.331055,1.068359
4491,-11473.458984,-11478.579102,5.120117
4492,-8500.823242,-8394.916992,105.906250
4493,-10958.746094,-10935.153320,23.592773
4494,-12014.778320,-12012.982422,1.795898
4495,-11749.754883,-11779.882812,30.127930
4496,-12610.232422,-12684.719727,74.487305
4497,-10908.527344,-10902.484375,6.042969
4498,-10925.767578,-10902.774414,22.993164
4499,-11939.839844,-11982.041016,42.201172
4500,-10567.083984,-10564.428711,2.655273
4501,-9092.028320,-9178.463867,86.435547
4502,-12511.754883,-12522.642578,10.887695
4503,-10469.077148,-10463.647461,5.429688
4504,-9842.688477,-9834.312500,8.375977
4505,-11360.083008,-11375.662109,15.579102
4506,-9904.006836,-9926.384766,22.377930
4507,-12480.711914,-12489.154297,8.442383
4508,-10358.619141,-10362.750000,4.130859
4509,-11346.747070,-11374.157227,27.410156
4510,-10531.065430,-10532.883789,1.818359
4511,-10514.374023,-10500.880859,13.493164
4512,-9566.652344,-9587.636719,20.984375
4513,-10537.499023,-10532.616211,4.882812
4514,-11955.942383,-11949.765625,6.176758
4515,-11398.041016,-11408.292969,10.251953
4516,-10013.013672,-9991.520508,21.493164
4517,-10480.043945,-10500.296875,20.252930
4518,-11884.963867,-11881.131836,3.832031
4519,-10588.011719,-10598.929688,10.917969
4520,-11501.376953,-11511.242188,9.865234
4521,-12335.482422,-12349.919922,14.437500
4522,-12495.332031,-12486.499023,8.833008
4523,-9473.658203,-9456.681641,16.976562
4524,-12350.091797,-12384.975586,34.883789
4525,-11660.063477,-11675.446289,15.382812
4526,-10973.726562,-10968.841797,4.884766
4527,-12926.617188,-12926.666992,0.049805
4528,-12306.617188,-12353.510742,46.893555
4529,-12445.043945,-12452.760742,7.716797
4530,-12469.703125,-12457.803711,11.899414
4531,-10384.276367,-10430.031250,45.754883
4532,-11898.838867,-11913.597656,14.758789
4533,-10392.670898,-10395.868164,3.197266
4534,-10919.291016,-10846.877930,72.413086
4535,-10542.205078,-10532.139648,10.065430
4536,-10999.806641,-11002.657227,2.850586
4537,-11977.640625,-11980.302734,2.662109
4538,-11360.341797,-11375.601562,15.259766
4539,-11812.958984,-11825.828125,12.869141
4540,-9452.964844,-9465.760742,12.795898
4541,-10487.158203,-10498.577148,11.418945
4542,-11521.844727,-11544.432617,22.587891
4543,-9580.314453,-9586.754883,6.440430
4544,-11877.509766,-11778.500000,99.009766
4545,-12326.182617,-12376.164062,49.981445
4546,-11404.129883,-11451.082031,46.952148
4547,-8731.041016,-8890.545898,159.504883
4548,-11509.193359,-11509.409180,0.215820
4549,-10384.667969,-10364.121094,20.546875
4550,-11539.721680,-11543.799805,4.078125
4551,-11458.993164,-11439.598633,19.394531
4552,-12512.825195,-12521.228516,8.403320
4553,-11973.441406,-11979.048828,5.607422
4554,-10531.810547,-10532.280273,0.469727
4555,-10476.496094,-10540.050781,63.554688
4556,-11508.426758,-11509.637695,1.210938
4557,-11534.967773,-11542.666992,7.699219
4558,-9501.532227,-9496.872070,4.660156
4559,-11332.409180,-11340.252930,7.843750
4560,-12518.679688,-12521.122070,2.442383
4561,-10803.759766,-10685.172852,118.586914
4562,-10398.339844,-10443.912109,45.572266
4563,-12376.045898,-12418.615234,42.569336
4564,-10974.647461,-10969.520508,5.126953
4565,-12844.346680,-12894.333008,49.986328
4566,-10407.956055,-10441.627930,33.671875
4567,-12201.052734,-12216.250977,15.198242
4568,-10967.432617,-10937.048828,30.383789
4569,-10744.808594,-10801.415039,56.606445
4570,-10568.254883,-10566.268555,1.986328
4571,-10570.866211,-10565.521484,5.344727
4572,-9747.058594,-9766.246094,19.187500
4573,-11533.874023,-11542.601562,8.727539
4574,-11000.086914,-11001.750977,1.664062
4575,-11945.532227,-11916.575195,28.957031
4576,-9935.144531,-9933.444336,1.700195
4577,-11433.950195,-11440.230469,6.280273
4578,-10312.220703,-10328.824219,16.603516
4579,-10882.337891,-10904.625000,22.287109
4580,-11467.270508,-11511.555664,44.285156
4581,-9456.174805,-9464.487305,8.312500
4582,-13366.002930,-13433.758789,67.755859
4583,-12924.058594,-12925.836914,1.778320
4584,-9565.821289,-9588.986328,23.165039
4585,-11981.524414,-11979.166992,2.357422
4586,-11933.244141,-11948.106445,14.862305
4587,-12487.138672,-12489.197266,2.058594
4588,-10336.520508,-10363.438477,26.917969
4589,-11958.132812,-11948.110352,10.022461
4590,-9920.490234,-9924.977539,4.487305
4591,-11964.337891,-11981.144531,16.806641
4592,-12930.595703,-12926.698242,3.897461
4593,-12372.176758,-12385.839844,13.663086
4594,-9971.760742,-9958.981445,12.779297
4595,-12433.933594,-12425.072266,8.861328
4596,-12441.453125,-12454.919922,13.466797
4597,-11357.081055,-11375.010742,17.929688
4598,-9932.525391,-9956.211914,23.686523
4599,-10270.706055,-10235.180664,35.525391
4600,-12950.072266,-12894.894531,55.177734
4601,-11394.032227,-11406.834961,12.802734
4602,-11949.050781,-11948.048828,1.001953
4603,-11061.472656,-11003.455078,58.017578
4604,-12746.673828,-12755.651367,8.977539
4605,-12929.527344,-12926.904297,2.623047
4606,-10939.061523,-10937.539062,1.522461
4607,-11730.697266,-11780.618164,49.920898
4608,-12505.720703,-12488.153320,17.567383
4609,-12517.213867,-12521.081055,3.867188
4610,-11009.693359,-11002.958984,6.734375
4611,-10924.957031,-10904.124023,20.833008
4612,-11194.013672,-11238.977539,44.963867
4613,-12552.727539,-12522.807617,29.919922
4614,-10352.883789,-10396.241211,43.357422
4615,-10962.401367,-10970.320312,7.918945
4616,-11512.541992,-11509.330078,3.211914
4617,-11043.390625,-11218.356445,174.965820
4618,-10493.359375,-10499.800781,6.441406
4619,-12392.912109,-12416.482422,23.570312
4620,-11564.166992,-11577.226562,13.059570
4621,-11307.917969,-11284.019531,23.898438
4622,-10010.919922,-9990.691406,20.228516
4623,-10936.934570,-10936.942383,0.007812
4624,-10987.945312,-10969.662109,18.283203
4625,-11388.227539,-11375.529297,12.698242
4626,-11506.669922,-11510.914062,4.244141
4627,-11541.636719,-11543.935547,2.298828
4628,-13038.169922,-13007.155273,31.014648
4629,-9454.086914,-9488.419922,34.333008
4630,-11914.500977,-11916.309570,1.808594
4631,-11486.544922,-11508.724609,22.179688
4632,-12588.225586,-12521.992188,66.233398
4633,-11395.817383,-11405.891602,10.074219
4634,-11511.769531,-11508.155273,3.614258
4635,-9909.094727,-9901.937500,7.157227
4636,-10972.418945,-10969.061523,3.357422
4637,-11944.478516,-11947.759766,3.281250
4638,-11486.288086,-11509.470703,23.182617
4639,-12424.583008,-12456.674805,32.091797
4640,-12478.005859,-12486.819336,8.813477
4641,-11904.591797,-11912.364258,7.772461
4642,-11806.751953,-11811.856445,5.104492
4643,-10976.945312,-10968.978516,7.966797
4644,-12374.999023,-12353.194336,21.804688
4645,-9986.826172,-9990.713867,3.887695
4646,-10927.974609,-10846.295898,81.678711
4647,-11506.542969,-11512.293945,5.750977
4648,-11447.138672,-11440.379883,6.758789
4649,-10560.197266,-10566.055664,5.858398
4650,-11918.029297,-11948.495117,30.465820
4651,-10536.080078,-10534.022461,2.057617
4652,-9957.039062,-9935.468750,21.570312
4653,-10402.844727,-10395.187500,7.657227
4654,-10413.448242,-10396.062500,17.385742
4655,-11895.260742,-11914.000000,18.739258
4656,-10535.288086,-10532.241211,3.046875
4657,-10935.143555,-10937.103516,1.959961
4658,-13957.595703,-14358.611328,401.015625
4659,-12931.661133,-12924.090820,7.570312
4660,-11963.997070,-11978.782227,14.785156
4661,-12881.155273,-12893.134766,11.979492
4662,-10400.239258,-10441.875977,41.636719
4663,-10577.707031,-10598.497070,20.790039
4664,-11538.706055,-11543.491211,4.785156
4665,-11499.738281,-11509.491211,9.752930
4666,-12031.307617,-12014.295898,17.011719
4667,-9488.216797,-9490.328125,2.111328
4668,-10978.587891,-10972.215820,6.372070
4669,-13724.770508,-13767.142578,42.372070
4670,-13474.505859,-13500.380859,25.875000
4671,-11960.534180,-11946.970703,13.563477
4672,-11916.460938,-11948.402344,31.941406
4673,-10548.426758,-10533.542969,14.883789
4674,-10365.599609,-10361.654297,3.945312
4675,-9486.575195,-9522.808594,36.233398
4676,-10532.040039,-10532.899414,0.859375
4677,-9411.300781,-9429.552734,18.251953
4678,-11939.526367,-11915.625000,23.901367
4679,-11809.137695,-11844.333008,35.195312
4680,-12388.139648,-12386.767578,1.372070
4681,-11943.064453,-11947.996094,4.931641
4682,-11916.621094,-11917.119141,0.498047
4683,-11774.937500,-11780.290039,5.352539
4684,-11375.329102,-11407.096680,31.767578
4685,-12489.486328,-12487.632812,1.853516
4686,-10560.741211,-10565.169922,4.428711
4687,-9521.962891,-9522.083008,0.120117
4688,-10933.958008,-10935.498047,1.540039
4689,-11746.542969,-11811.202148,64.659180
4690,-10435.345703,-10430.310547,5.035156
4691,-11369.823242,-11374.763672,4.940430
4692,-10914.792969,-10878.887695,35.905273
4693,-11943.757812,-11947.813477,4.055664
4694,-11544.669922,-11544.250977,0.418945
4695,-10560.920898,-10565.134766,4.213867
4696,-10535.763672,-10474.364258,61.399414
4697,-10623.779297,-10631.695312,7.916016
4698,-10539.363281,-10533.282227,6.081055
4699,-12560.246094,-12587.094727,26.848633
4700,-10566.708008,-10566.006836,0.701172
4701,-12524.187500,-12519.649414,4.538086
4702,-10567.109375,-10564.066406,3.042969
4703,-11516.209961,-11543.598633,27.388672
4704,-11986.584961,-11981.031250,5.553711
4705,-11802.174805,-11812.198242,10.023438
4706,-10500.064453,-10498.403320,1.661133
4707,-9551.085938,-9555.833984,4.748047
4708,-8296.053711,-8266.701172,29.352539
4709,-10504.962891,-10500.022461,4.940430
4710,-11047.997070,-11034.829102,13.167969
4711,-12491.329102,-12489.283203,2.045898
4712,-9315.250977,-9522.046875,206.795898
4713,-12539.430664,-12521.819336,17.611328
4714,-13181.027344,-13228.400391,47.373047
4715,-10594.661133,-10598.225586,3.564453
4716,-10540.209961,-10532.079102,8.130859
4717,-10277.558594,-10274.082031,3.476562
4718,-10537.676758,-10531.176758,6.500000
4719,-11345.065430,-11340.621094,4.444336
4720,-11392.481445,-11374.142578,18.338867
4721,-10536.516602,-10532.149414,4.367188
4722,-10553.100586,-10565.383789,12.283203
4723,-10973.259766,-10971.993164,1.266602
4724,-11918.712891,-11912.932617,5.780273
4725,-11480.529297,-11452.165039,28.364258
4726,-10876.986328,-10878.970703,1.984375
4727,-11536.949219,-11542.204102,5.254883
4728,-10962.707031,-10969.115234,6.408203
4729,-10506.697266,-10498.727539,7.969727
4730,-11361.958984,-11375.935547,13.976562
4731,-12474.625977,-12457.827148,16.798828
4732,-11732.724609,-11810.543945,77.819336
4733,-9586.118164,-9587.643555,1.525391
4734,-11488.333008,-11508.802734,20.469727
4735,-10742.503906,-10775.146484,32.642578
4736,-10496.753906,-10499.927734,3.173828
4737,-11513.908203,-11509.434570,4.473633
4738,-10678.467773,-10741.676758,63.208984
4739,-11533.888672,-11543.767578,9.878906
4740,-11918.666992,-11916.692383,1.974609
4741,-11212.861328,-11238.830078,25.968750
4742,-12479.322266,-12490.001953,10.679688
4743,-9554.330078,-9554.666992,0.336914
4744,-11482.125977,-11513.143555,31.017578
4745,-9536.265625,-9523.167969,13.097656
4746,-11338.105469,-11341.413086,3.307617
4747,-11539.123047,-11512.424805,26.698242
4748,-9972.552734,-9924.873047,47.679688
4749,-10322.170898,-10337.007812,14.836914
4750,-12218.177734,-12281.513672,63.335938
4751,-11251.575195,-11284.725586,33.150391
4752,-14011.210938,-14089.716797,78.505859
4753,-10790.992188,-10801.891602,10.899414
4754,-12527.128906,-12521.626953,5.501953
4755,-12216.172852,-12250.157227,33.984375
4756,-10936.954102,-10937.125977,0.171875
4757,-12337.821289,-12318.031250,19.790039
4758,-10009.336914,-9991.198242,18.138672
4759,-9940.231445,-9955.348633,15.117188
4760,-10518.389648,-10498.649414,19.740234
4761,-10560.208008,-10565.225586,5.017578
4762,-12700.446289,-12822.833008,122.386719
4763,-11841.326172,-11845.173828,3.847656
4764,-11938.399414,-11946.608398,8.208984
4765,-9445.240234,-9520.311523,75.071289
4766,-10976.112305,-10968.971680,7.140625
4767,-11529.394531,-11511.112305,18.282227
4768,-9667.139648,-9360.571289,306.568359
4769,-10980.358398,-10968.300781,12.057617
4770,-11573.545898,-11576.051758,2.505859
4771,-9365.484375,-9329.426758,36.057617
4772,-11428.978516,-11444.588867,15.610352
4773,-7499.021484,-7391.067383,107.954102
4774,-11334.609375,-11339.944336,5.334961
4775,-11955.236328,-11948.476562,6.759766
4776,-11770.177734,-11779.581055,9.403320
4777,-11913.266602,-11916.409180,3.142578
4778,-10534.115234,-10533.243164,0.872070
4779,-10524.033203,-10532.471680,8.438477
4780,-10526.151367,-10532.246094,6.094727
4781,-10534.426758,-10532.226562,2.200195
4782,-11945.443359,-11949.711914,4.268555
4783,-8498.542969,-8485.388672,13.154297
4784,-10529.247070,-10533.718750,4.471680
4785,-12524.461914,-12487.069336,37.392578
4786,-11799.994141,-11845.434570,45.440430
4787,-11673.553711,-11708.627930,35.074219
4788,-9416.587891,-9430.678711,14.090820
4789,-11985.922852,-12014.148438,28.225586
4790,-11501.074219,-11510.624023,9.549805
4791,-9898.861328,-9927.039062,28.177734
4792,-12908.671875,-12892.348633,16.323242
4793,-10486.384766,-10498.035156,11.650391
4794,-10320.750977,-10365.661133,44.910156
4795,-10819.734375,-10867.161133,47.426758
4796,-9424.045898,-9471.088867,47.042969
4797,-11799.376953,-11811.419922,12.042969
4798,-11397.020508,-11407.263672,10.243164
4799,-11355.413086,-11373.462891,18.049805
4800,-10547.811523,-10532.676758,15.134766
4801,-12497.818359,-12488.617188,9.201172
4802,-10330.883789,-10370.599609,39.715820
4803,-12525.274414,-12487.162109,38.112305
4804,-11502.001953,-11509.538086,7.536133
4805,-12913.060547,-12959.789062,46.728516
4806,-11013.439453,-11003.813477,9.625977
4807,-11943.552734,-11945.854492,2.301758
4808,-12877.458984,-12894.259766,16.800781
4809,-10405.348633,-10395.981445,9.367188
4810,-12493.383789,-12486.950195,6.433594
4811,-10460.911133,-10466.107422,5.196289
4812,-12233.578125,-12249.500000,15.921875
4813,-11524.944336,-11508.130859,16.813477
4814,-11668.780273,-11675.521484,6.741211
4815,-11918.806641,-11913.734375,5.072266
4816,-9330.724609,-9587.342773,256.618164
4817,-10494.614258,-10499.996094,5.381836
4818,-11505.993164,-11509.896484,3.903320
4819,-10499.400391,-10499.564453,0.164062
4820,-10526.237305,-10532.729492,6.492188
4821,-11505.625000,-11510.484375,4.859375
4822,-11552.967773,-11543.655273,9.312500
4823,-8498.048828,-8453.207031,44.841797
4824,-11567.101562,-11575.781250,8.679688
4825,-10333.459961,-10362.971680,29.511719
4826,-11359.917969,-11340.473633,19.444336
4827,-11908.119141,-11914.751953,6.632812
4828,-10501.001953,-10533.576172,32.574219
4829,-13486.848633,-13532.068359,45.219727
4830,-12324.190430,-12353.418945,29.228516
4831,-11496.409180,-11509.539062,13.129883
4832,-10925.593750,-10903.972656,21.621094
4833,-9454.645508,-9488.175781,33.530273
4834,-10979.596680,-10968.520508,11.076172
4835,-9868.621094,-9901.152344,32.531250
4836,-12376.449219,-12353.316406,23.132812
4837,-9983.270508,-9991.286133,8.015625
4838,-11952.718750,-11948.302734,4.416016
4839,-9901.317383,-9834.036133,67.281250
4840,-10946.809570,-10934.111328,12.698242
4841,-12425.181641,-12489.572266,64.390625
4842,-10971.573242,-10968.180664,3.392578
4843,-11994.037109,-11979.399414,14.637695
4844,-10427.850586,-10474.639648,46.789062
4845,-9529.320312,-9521.036133,8.284180
4846,-10562.574219,-10566.062500,3.488281
4847,-10596.053711,-10599.081055,3.027344
4848,-10561.513672,-10565.185547,3.671875
4849,-11800.685547,-11779.135742,21.549805
4850,-10510.024414,-10499.281250,10.743164
4851,-12411.045898,-12418.497070,7.451172
4852,-12514.069336,-12522.150391,8.081055
4853,-11383.431641,-11407.917969,24.486328
4854,-11509.666016,-11511.002930,1.336914
4855,-9563.188477,-9555.726562,7.461914
4856,-8466.226562,-8493.654297,27.427734
4857,-9886.954102,-9867.935547,19.018555
4858,-10554.812500,-10508.016602,46.795898
4859,-10306.404297,-10304.464844,1.939453
4860,-8083.337891,-8226.105469,142.767578
4861,-11521.999023,-11510.241211,11.757812
4862,-10973.605469,-10969.228516,4.376953
4863,-11386.728516,-11374.973633,11.754883
4864,-10977.696289,-10969.651367,8.044922
4865,-11630.843750,-11675.040039,44.196289
4866,-11495.143555,-11509.284180,14.140625
4867,-8497.121094,-8518.458008,21.336914
4868,-10030.196289,-10024.699219,5.497070
4869,-10590.378906,-10598.300781,7.921875
4870,-10525.638672,-10532.849609,7.210938
4871,-12769.287109,-12787.151367,17.864258
4872,-11510.889648,-11512.472656,1.583008
4873,-11786.528320,-11845.221680,58.693359
4874,-9602.354492,-9586.898438,15.456055
4875,-11437.370117,-11419.260742,18.109375
4876,-11796.511719,-11844.762695,48.250977
4877,-12367.410156,-12352.970703,14.439453
4878,-10984.006836,-11004.708984,20.702148
4879,-10977.514648,-10971.183594,6.331055
4880,-9919.994141,-9924.163086,4.168945
4881,-12918.323242,-12926.516602,8.193359
4882,-9993.953125,-9992.329102,1.624023
4883,-10440.527344,-10429.504883,11.022461
4884,-11525.525391,-11542.342773,16.817383
4885,-11909.255859,-11915.166016,5.910156
4886,-11960.820312,-11949.258789,11.561523
4887,-9910.916016,-9928.061523,17.145508
4888,-10561.500000,-10565.903320,4.403320
4889,-9556.220703,-9529.684570,26.536133
4890,-10991.672852,-10968.150391,23.522461
4891,-12197.814453,-12249.061523,51.247070
4892,-9040.671875,-8888.224609,152.447266
4893,-12546.679688,-12522.030273,24.649414
4894,-11932.993164,-11947.780273,14.787109
4895,-11929.794922,-11916.712891,13.082031
4896,-12507.078125,-12488.542969,18.535156
4897,-10535.578125,-10532.916992,2.661133
4898,-11404.151367,-11374.596680,29.554688
4899,-10363.313477,-10363.377930,0.064453
4900,-11517.979492,-11510.209961,7.769531
4901,-9985.789062,-9808.843750,176.945312
4902,-11481.514648,-11475.397461,6.117188
4903,-10590.286133,-10598.549805,8.263672
4904,-11571.547852,-11576.568359,5.020508
4905,-11961.619141,-11948.240234,13.378906
4906,-12866.323242,-12894.973633,28.650391
4907,-10778.459961,-10801.894531,23.434570
4908,-10544.262695,-10531.905273,12.357422
4909,-10575.362305,-10564.946289,10.416016
4910,-12408.479492,-12384.290039,24.189453
4911,-11453.460938,-11439.900391,13.560547
4912,-11836.282227,-11882.335938,46.053711
4913,-10500.253906,-10497.860352,2.393555
4914,-11476.781250,-11478.877930,2.096680
4915,-9926.492188,-9965.413086,38.920898
4916,-10933.419922,-10937.000000,3.580078
4917,-10899.478516,-10880.109375,19.369141
4918,-10963.726562,-10968.895508,5.168945
4919,-8130.776855,-8266.433594,135.656738
4920,-11000.465820,-11001.873047,1.407227
4921,-9467.890625,-9487.651367,19.760742
4922,-11797.203125,-11845.281250,48.078125
4923,-10979.076172,-10970.272461,8.803711
4924,-11772.510742,-11812.249023,39.738281
4925,-10523.495117,-10532.535156,9.040039
4926,-12935.621094,-12894.430664,41.190430
4927,-11988.760742,-11980.893555,7.867188
4928,-10962.161133,-10960.991211,1.169922
4929,-9495.641602,-9463.992188,31.649414
4930,-11909.753906,-11912.646484,2.892578
4931,-11512.322266,-11510.551758,1.770508
4932,-11537.007812,-11542.455078,5.447266
4933,-10706.690430,-10711.137695,4.447266
4934,-11510.719727,-11510.478516,0.241211
4935,-11976.021484,-11979.094727,3.073242
4936,-11949.874023,-11948.784180,1.089844
4937,-10827.381836,-10829.525391,2.143555
4938,-10602.245117,-10631.576172,29.331055
4939,-10597.077148,-10598.344727,1.267578
4940,-11394.305664,-11405.171875,10.866211
4941,-10952.563477,-10904.988281,47.575195
4942,-11373.770508,-11373.756836,0.013672
4943,-11942.178711,-11948.836914,6.658203
4944,-11642.435547,-11707.787109,65.351562
4945,-10946.695312,-10939.214844,7.480469
4946,-12197.211914,-12281.980469,84.768555
4947,-12853.265625,-12893.541992,40.276367
4948,-10395.250000,-10395.835938,0.585938
4949,-11347.425781,-11339.274414,8.151367
4950,-11429.923828,-11443.651367,13.727539
4951,-10554.460938,-10506.825195,47.635742
4952,-10501.808594,-10499.953125,1.855469
4953,-12343.700195,-12354.823242,11.123047
4954,-12024.361328,-12012.353516,12.007812
4955,-11940.487305,-11948.835938,8.348633
4956,-11415.537109,-11440.383789,24.846680
4957,-9563.022461,-9588.092773,25.070312
4958,-10973.466797,-10969.753906,3.712891
4959,-11508.889648,-11510.583984,1.694336
4960,-11516.926758,-11511.390625,5.536133
4961,-10769.280273,-10801.023438,31.743164
4962,-10951.884766,-10936.257812,15.626953
4963,-12517.136719,-12489.618164,27.518555
4964,-10776.675781,-10802.232422,25.556641
4965,-10518.415039,-10533.426758,15.011719
4966,-11492.284180,-11509.909180,17.625000
4967,-11925.646484,-11948.649414,23.002930
4968,-10964.598633,-10969.515625,4.916992
4969,-11351.312500,-11374.188477,22.875977
4970,-9289.679688,-9327.344727,37.665039
4971,-12371.904297,-12352.459961,19.444336
4972,-10838.207031,-10801.364258,36.842773
4973,-12306.458984,-12352.600586,46.141602
4974,-12891.513672,-12925.167969,33.654297
4975,-9437.255859,-9437.602539,0.346680
4976,-8454.858398,-8485.613281,30.754883
4977,-12299.606445,-12320.271484,20.665039
4978,-12500.023438,-12487.096680,12.926758
4979,-11912.530273,-11915.779297,3.249023
4980,-10773.898438,-10802.748047,28.849609
4981,-12329.873047,-12351.540039,21.666992
4982,-9742.915039,-9797.707031,54.791992
4983,-11024.937500,-10944.021484,80.916016
4984,-11360.821289,-11373.463867,12.642578
4985,-13541.652344,-13500.599609,41.052734
4986,-11939.372070,-11947.629883,8.257812
4987,-12407.164062,-12424.944336,17.780273
4988,-13340.721680,-13364.739258,24.017578
4989,-13282.211914,-13330.165039,47.953125
4990,-11489.023438,-11511.607422,22.583984
4991,-11406.740234,-11440.067383,33.327148
4992,-9854.040039,-9867.019531,12.979492
4993,-9603.544922,-9587.640625,15.904297
4994,-13609.783203,-13797.671875,187.888672
4995,-10975.433594,-10968.752930,6.680664
4996,-11626.265625,-11720.831055,94.565430
4997,-8410.011719,-8426.903320,16.891602
4998,-10531.492188,-10533.348633,1.856445
4999,-11577.215820,-11576.767578,0.448242
5000,-11513.444336,-11511.490234,1.954102
5001,-11412.066406,-11406.163086,5.903320
5002,-9487.604492,-9520.903320,33.298828
5003,-11032.535156,-11001.553711,30.981445
5004,-9577.535156,-9464.552734,112.982422
5005,-10932.143555,-10937.229492,5.085938
5006,-11492.474609,-11509.446289,16.971680
5007,-11531.688477,-11420.998047,110.690430
5008,-10944.719727,-10938.039062,6.680664
5009,-10462.061523,-10475.353516,13.291992
5010,-11529.189453,-11543.723633,14.534180
5011,-12940.078125,-12958.598633,18.520508
5012,-10934.151367,-10935.159180,1.007812
5013,-11386.381836,-11407.115234,20.733398
5014,-11374.343750,-11373.806641,0.537109
5015,-10556.298828,-10566.045898,9.747070
5016,-11953.160156,-11946.796875,6.363281
5017,-11484.823242,-11474.013672,10.809570
5018,-10959.658203,-10968.687500,9.029297
5019,-12307.809570,-12321.088867,13.279297
5020,-11981.923828,-11981.252930,0.670898
5021,-10992.499023,-10969.354492,23.144531
5022,-11557.798828,-11576.432617,18.633789
5023,-11544.575195,-11544.083984,0.491211
5024,-12128.681641,-12319.199219,190.517578
5025,-9491.160156,-9464.091797,27.068359
5026,-11932.788086,-11945.875000,13.086914
5027,-10960.838867,-10935.763672,25.075195
5028,-11398.987305,-11404.915039,5.927734
5029,-11833.162109,-11845.172852,12.010742
5030,-11914.070312,-11917.369141,3.298828
5031,-12498.379883,-12521.490234,23.110352
5032,-10742.014648,-10788.648438,46.633789
5033,-10503.572266,-10500.301758,3.270508
5034,-12002.299805,-11915.499023,86.800781
5035,-10984.250000,-10970.220703,14.029297
5036,-10879.509766,-10869.868164,9.641602
5037,-12933.052734,-12959.367188,26.314453
5038,-9568.050781,-10396.759766,828.708984
5039,-10501.779297,-10498.958008,2.821289
5040,-12886.429688,-12926.989258,40.559570
5041,-11391.046875,-11406.724609,15.677734
5042,-10952.130859,-10935.012695,17.118164
5043,-11467.598633,-11480.031250,12.432617
5044,-10369.393555,-10362.660156,6.733398
5045,-10992.680664,-11002.500977,9.820312
5046,-11601.366211,-11708.711914,107.345703
5047,-11534.541016,-11542.616211,8.075195
5048,-10530.505859,-10532.166992,1.661133
5049,-11337.051758,-11342.121094,5.069336
5050,-11379.576172,-11375.423828,4.152344
5051,-10531.880859,-10533.593750,1.712891
5052,-9602.662109,-9588.119141,14.542969
5053,-11558.941406,-11576.114258,17.172852
5054,-9914.157227,-9924.711914,10.554688
5055,-10883.781250,-10913.146484,29.365234
5056,-9955.331055,-9958.621094,3.290039
5057,-11253.136719,-11239.529297,13.607422
5058,-9869.851562,-9894.085938,24.234375
5059,-10958.953125,-10935.503906,23.449219
5060,-11503.017578,-11511.213867,8.196289
5061,-10979.118164,-10971.797852,7.320312
5062,-10013.302734,-9990.364258,22.938477
5063,-12522.435547,-12521.428711,1.006836
5064,-11515.833984,-11510.769531,5.064453
5065,-12362.853516,-12386.352539,23.499023
5066,-10526.850586,-10532.858398,6.007812
5067,-11950.223633,-11947.509766,2.713867
5068,-12545.590820,-12521.047852,24.542969
5069,-11035.143555,-11035.152344,0.008789
5070,-12480.931641,-12554.340820,73.409180
5071,-11358.829102,-11373.500977,14.671875
5072,-11794.415039,-11812.637695,18.222656
5073,-11964.460938,-11947.664062,16.796875
5074,-11365.666992,-11376.123047,10.456055
5075,-10593.954102,-10598.591797,4.637695
5076,-11396.690430,-11374.347656,22.342773
5077,-11142.614258,-10943.230469,199.383789
5078,-10560.095703,-10565.213867,5.118164
5079,-11956.981445,-11945.746094,11.235352
5080,-11521.006836,-11508.632812,12.374023
5081,-8424.284180,-8427.238281,2.954102
5082,-11952.570312,-11947.086914,5.483398
5083,-11349.393555,-11316.380859,33.012695
5084,-10283.054688,-10338.528320,55.473633
5085,23591.714844,-1101.487305,24693.202148
5086,-10498.694336,-10498.827148,0.132812
5087,-10535.720703,-10533.301758,2.418945
5088,-11943.363281,-11948.221680,4.858398
5089,-11504.204102,-11509.535156,5.331055
5090,-9992.140625,-9991.178711,0.961914
5091,-12458.764648,-12456.457031,2.307617
5092,-11400.953125,-11407.436523,6.483398
5093,-12467.680664,-12456.021484,11.659180
5094,-12296.057617,-12319.190430,23.132812
5095,-10947.422852,-10937.767578,9.655273
5096,-10533.083984,-10533.214844,0.130859
5097,-10996.739258,-10970.481445,26.257812
5098,-11457.456055,-11476.996094,19.540039
5099,-12980.353516,-12959.743164,20.610352
5100,-10290.801758,-10333.333008,42.531250
5101,-11927.042969,-11915.762695,11.280273
5102,-9440.371094,-9429.517578,10.853516
5103,-10966.736328,-10939.677734,27.058594
5104,-12916.144531,-12926.279297,10.134766
5105,-8532.873047,-8486.407227,46.465820
5106,-11357.399414,-11375.101562,17.702148
5107,-12900.091797,-12894.134766,5.957031
5108,-11577.915039,-11543.738281,34.176758
5109,-11924.191406,-11948.263672,24.072266
5110,-10939.929688,-10936.483398,3.446289
5111,-10418.043945,-10441.309570,23.265625
5112,-11009.898438,-11003.349609,6.548828
5113,-11949.220703,-11915.486328,33.734375
5114,-12516.052734,-12521.312500,5.259766
5115,-12538.817383,-12554.499023,15.681641
5116,-11485.700195,-11510.371094,24.670898
5117,-11464.866211,-11475.755859,10.889648
5118,-10551.821289,-10532.202148,19.619141
5119,-10431.331055,-10427.341797,3.989258
5120,-11009.514648,-11001.509766,8.004883
5121,-10536.614258,-10533.104492,3.509766
5122,-11391.048828,-11374.541992,16.506836
5123,-9933.078125,-9927.818359,5.259766
5124,-10514.836914,-10533.084961,18.248047
5125,-11502.639648,-11508.858398,6.218750
5126,-11332.026367,-11342.388672,10.362305
5127,-7630.746094,-7820.763672,190.017578
5128,-11437.652344,-11376.422852,61.229492
5129,-10501.914062,-10498.615234,3.298828
5130,-10966.979492,-10970.587891,3.608398
5131,-10586.372070,-10598.526367,12.154297
5132,-12955.945312,-12925.806641,30.138672
5133,-11894.617188,-11882.506836,12.110352
5134,-11386.586914,-11407.327148,20.740234
5135,-12518.355469,-12488.109375,30.246094
5136,-9422.606445,-9437.893555,15.287109
5137,-9533.678711,-9555.266602,21.587891
5138,-11590.354492,-11609.230469,18.875977
5139,-10576.286133,-10566.599609,9.686523
5140,-10565.720703,-10565.045898,0.674805
5141,-11525.005859,-11544.271484,19.265625
5142,-9424.670898,-9432.283203,7.612305
5143,-12589.605469,-12586.629883,2.975586
5144,-12016.853516,-12012.502930,4.350586
5145,-9466.333008,-9464.346680,1.986328
5146,-11477.276367,-11510.088867,32.812500
5147,-12506.728516,-12487.099609,19.628906
5148,-12388.871094,-12353.630859,35.240234
5149,-9916.626953,-9900.815430,15.811523
5150,-12844.299805,-12894.537109,50.237305
5151,-10451.358398,-10475.923828,24.565430
5152,-10911.422852,-10879.727539,31.695312
5153,-9459.761719,-9490.262695,30.500977
5154,-11506.221680,-11509.069336,2.847656
5155,-10497.924805,-10500.418945,2.494141
5156,-10920.321289,-10903.262695,17.058594
5157,-11808.236328,-11850.266602,42.030273
5158,-11896.980469,-11916.314453,19.333984
5159,-12882.246094,-12894.159180,11.913086
5160,-11347.023438,-11371.548828,24.525391
5161,-9959.300781,-9959.569336,0.268555
5162,-10534.541992,-10532.676758,1.865234
5163,-11538.455078,-11542.612305,4.157227
5164,-11445.408203,-11484.166992,38.758789
5165,-10435.656250,-10507.555664,71.899414
5166,-10944.087891,-10938.510742,5.577148
5167,-10003.222656,-9990.792969,12.429688
5168,-11360.801758,-11375.386719,14.584961
5169,-11920.311523,-11916.192383,4.119141
5170,-12544.458984,-12685.976562,141.517578
5171,-11537.994141,-11543.840820,5.846680
5172,-11968.074219,-11981.837891,13.763672
5173,-11842.947266,-11849.689453,6.742188
5174,-10981.546875,-10912.046875,69.500000
5175,-11333.737305,-11372.471680,38.734375
5176,-10958.140625,-10936.280273,21.860352
5177,-11346.073242,-11374.614258,28.541016
5178,-9542.346680,-9554.683594,12.336914
5179,-10561.053711,-10565.515625,4.461914
5180,-10550.942383,-10531.151367,19.791016
5181,-9501.304688,-9462.601562,38.703125
5182,-12463.533203,-12455.957031,7.576172
5183,-11333.902344,-11340.138672,6.236328
5184,-11517.709961,-11543.606445,25.896484
5185,-11372.499023,-11374.280273,1.781250
5186,-10967.805664,-10969.755859,1.950195
5187,-10304.890625,-10307.264648,2.374023
5188,-12443.625977,-12456.698242,13.072266
5189,-11341.366211,-11350.753906,9.387695
5190,-9977.969727,-9992.245117,14.275391
5191,-10910.425781,-10875.506836,34.918945
5192,-11000.539062,-11001.788086,1.249023
5193,-11947.499023,-11948.796875,1.297852
5194,-8484.034180,-8487.303711,3.269531
5195,-10544.229492,-10532.791992,11.437500
5196,-11498.795898,-11475.693359,23.102539
5197,-12477.878906,-12487.304688,9.425781
5198,-9858.684570,-9868.137695,9.453125
5199,-10947.827148,-10937.045898,10.781250
5200,-9590.916992,-9556.104492,34.812500
5201,-9549.560547,-9554.044922,4.484375
5202,-12893.126953,-12926.964844,33.837891
5203,-10467.674805,-10465.624023,2.050781
5204,-10975.757812,-10970.891602,4.866211
5205,-10431.205078,-10428.112305,3.092773
5206,-10606.796875,-10598.151367,8.645508
5207,-9927.378906,-9901.311523,26.067383
5208,-11941.827148,-11948.645508,6.818359
5209,-11936.081055,-11945.362305,9.281250
5210,-9384.643555,-9398.365234,13.721680
5211,-9472.017578,-9487.907227,15.889648
5212,-12714.606445,-12790.945312,76.338867
5213,-11475.172852,-11477.562500,2.389648
5214,-10451.158203,-10468.833984,17.675781
5215,-9960.511719,-9925.201172,35.310547
5216,-10565.747070,-10566.605469,0.858398
5217,-11499.231445,-11510.995117,11.763672
5218,-10729.167969,-10743.431641,14.263672
5219,-10415.005859,-10395.845703,19.160156
5220,-10930.142578,-10935.617188,5.474609
5221,-8398.057617,-8427.405273,29.347656
5222,-11298.143555,-11308.778320,10.634766
5223,-12706.079102,-12617.747070,88.332031
5224,-11542.185547,-11543.735352,1.549805
5225,-11498.222656,-11510.047852,11.825195
5226,-6080.279297,-6314.031250,233.751953
5227,-10536.357422,-10533.403320,2.954102
5228,-11000.116211,-11001.676758,1.560547
5229,-10280.641602,-10371.995117,91.353516
5230,-9906.515625,-9899.442383,7.073242
5231,-9893.007812,-9900.258789,7.250977
5232,-11977.142578,-11979.731445,2.588867
5233,-10395.850586,-10371.410156,24.440430
5234,-10912.270508,-10902.833984,9.436523
5235,-11440.837891,-11478.083984,37.246094
5236,-10995.673828,-11003.640625,7.966797
5237,-11013.413086,-11000.369141,13.043945
5238,-12937.458984,-12925.031250,12.427734
5239,-12936.359375,-12926.714844,9.644531
5240,-10320.369141,-10364.175781,43.806641
5241,-11503.988281,-11510.934570,6.946289
5242,-12541.352539,-12520.775391,20.577148
5243,-11534.837891,-11542.721680,7.883789
5244,-11762.309570,-11780.003906,17.694336
5245,-13307.817383,-13330.383789,22.566406
5246,-12478.915039,-12487.742188,8.827148
5247,-11929.248047,-11891.575195,37.672852
5248,-13219.990234,-13363.947266,143.957031
5249,-10967.043945,-10967.360352,0.316406
5250,-12264.636719,-12248.729492,15.907227
5251,-9626.789062,-9653.911133,27.122070
5252,-11352.133789,-11374.283203,22.149414
5253,-12000.319336,-11980.790039,19.529297
5254,-11343.298828,-11371.577148,28.278320
5255,-10965.619141,-10935.050781,30.568359
5256,-11019.647461,-11001.401367,18.246094
5257,-12508.411133,-12488.045898,20.365234
5258,-12338.764648,-12385.986328,47.221680
5259,-10531.365234,-10532.246094,0.880859
5260,-9503.304688,-9496.761719,6.542969
5261,-8420.229492,-8485.263672,65.034180
5262,-11609.930664,-11608.861328,1.069336
5263,-9987.220703,-9992.344727,5.124023
5264,-12712.886719,-12757.251953,44.365234
5265,-12491.456055,-12489.206055,2.250000
5266,-12207.047852,-12216.737305,9.689453
5267,-10918.774414,-10901.077148,17.697266
5268,-10428.206055,-10429.858398,1.652344
5269,-9597.199219,-9587.510742,9.688477
5270,-10266.526367,-10305.508789,38.982422
5271,-9851.396484,-9991.015625,139.619141
5272,-11706.529297,-11779.743164,73.213867
5273,-12222.774414,-12287.254883,64.480469
5274,-10933.749023,-10906.065430,27.683594
5275,-11372.785156,-11342.497070,30.288086
5276,-11472.860352,-11477.804688,4.944336
5277,-12550.337891,-12553.583008,3.245117
5278,-11495.646484,-11509.491211,13.844727
5279,-10541.467773,-10531.927734,9.540039
5280,-11488.985352,-11509.806641,20.821289
5281,-11954.155273,-11947.678711,6.476562
5282,-10937.239258,-10934.837891,2.401367
5283,-11502.461914,-11510.423828,7.961914
5284,-11584.622070,-11577.157227,7.464844
5285,-10969.231445,-10971.513672,2.282227
5286,-10016.418945,-9990.644531,25.774414
5287,-10964.437500,-10970.286133,5.848633
5288,-12902.213867,-12926.881836,24.667969
5289,-11950.614258,-11947.211914,3.402344
5290,-8592.880859,-8459.888672,132.992188
5291,-10466.953125,-10440.480469,26.472656
5292,-9964.031250,-9960.525391,3.505859
5293,-10559.487305,-10566.202148,6.714844
5294,-9914.517578,-9958.538086,44.020508
5295,-10421.648438,-10439.928711,18.280273
5296,-11843.885742,-11878.401367,34.515625
5297,-10299.597656,-10338.587891,38.990234
5298,-12761.094727,-12790.140625,29.045898
5299,-10494.342773,-10497.859375,3.516602
5300,-10985.835938,-10968.996094,16.839844
5301,-7801.328613,-7918.998047,117.669434
5302,-9417.770508,-9463.589844,45.819336
5303,-9337.268555,-9302.746094,34.522461
5304,-12780.591797,-12822.591797,42.000000
5305,-11401.844727,-11407.625000,5.780273
5306,-11932.704102,-11946.557617,13.853516
5307,-10956.099609,-10878.723633,77.375977
5308,-10967.613281,-10970.449219,2.835938
5309,-11436.338867,-11444.421875,8.083008
5310,-10536.601562,-10532.904297,3.697266
5311,-12821.110352,-12822.119141,1.008789
5312,-12508.154297,-12486.845703,21.308594
5313,-12352.069336,-12384.623047,32.553711
5314,-11821.915039,-11811.160156,10.754883
5315,-8838.958008,-8887.340820,48.382812
5316,-11527.276367,-11541.968750,14.692383
5317,-9827.143555,-9867.967773,40.824219
5318,-8610.130859,-8519.398438,90.732422
5319,-11490.007812,-11510.570312,20.562500
5320,-12335.401367,-12354.374023,18.972656
5321,-11937.411133,-11948.212891,10.801758
5322,-11418.447266,-11405.960938,12.486328
5323,-9003.626953,-8923.596680,80.030273
5324,-10974.810547,-10967.295898,7.514648
5325,-11478.736328,-11478.718750,0.017578
5326,-10992.320312,-11002.937500,10.617188
5327,-12292.076172,-12351.788086,59.711914
5328,-12475.778320,-12490.602539,14.824219
5329,-11343.203125,-11374.420898,31.217773
5330,-11928.700195,-11947.568359,18.868164
5331,-11389.208984,-11375.532227,13.676758
5332,-12949.730469,-12924.391602,25.338867
5333,-11804.153320,-11844.708008,40.554688
5334,-11377.328125,-11374.916016,2.412109
5335,-12542.750977,-12488.633789,54.117188
5336,-11917.714844,-11914.945312,2.769531
5337,-10987.709961,-10968.749023,18.960938
5338,-15301.152344,-15493.771484,192.619141
5339,-11905.508789,-11917.375977,11.867188
5340,-10929.979492,-10878.996094,50.983398
5341,-9898.002930,-9927.730469,29.727539
5342,-12557.777344,-12553.333984,4.443359
5343,-10371.271484,-10362.983398,8.288086
5344,-11891.500000,-11915.044922,23.544922
5345,-11019.413086,-11004.642578,14.770508
5346,-8687.317383,-8486.145508,201.171875
5347,-10376.799805,-10406.872070,30.072266
5348,-11380.251953,-11404.832031,24.580078
5349,-11539.362305,-11544.350586,4.988281
5350,-11190.662109,-11238.913086,48.250977
5351,-10573.960938,-10565.261719,8.699219
5352,-11773.750977,-11845.417969,71.666992
5353,-9942.730469,-9959.709961,16.979492
5354,-11938.288086,-11913.630859,24.657227
5355,-11958.826172,-11949.029297,9.796875
5356,-10539.258789,-10532.361328,6.897461
5357,-10564.524414,-10565.130859,0.606445
5358,-11935.165039,-11916.878906,18.286133
5359,-11789.148438,-11846.048828,56.900391
5360,-13774.148438,-13878.572266,104.423828
5361,-11448.943359,-11477.768555,28.825195
5362,-11371.683594,-11374.416992,2.733398
5363,-11375.349609,-11376.689453,1.339844
5364,-12495.642578,-12490.032227,5.610352
5365,-11402.956055,-11408.621094,5.665039
5366,-12376.004883,-12385.793945,9.789062
5367,-11538.774414,-11544.020508,5.246094
5368,-11930.216797,-11915.465820,14.750977
5369,-11940.884766,-11947.193359,6.308594
5370,-11514.029297,-11542.960938,28.931641
5371,-9906.767578,-9959.583984,52.816406
5372,-9956.580078,-9902.195312,54.384766
5373,-10934.211914,-10904.749023,29.462891
5374,-11389.525391,-11407.052734,17.527344
5375,-10901.478516,-10911.725586,10.247070
5376,-11929.189453,-11947.712891,18.523438
5377,-11492.385742,-11474.054688,18.331055
5378,-11926.686523,-11948.268555,21.582031
5379,-10963.708008,-10971.607422,7.899414
5380,-12194.547852,-12386.647461,192.099609
5381,-10940.641602,-10937.339844,3.301758
5382,-11007.109375,-11004.066406,3.042969
5383,-11940.175781,-11945.924805,5.749023
5384,-10365.934570,-10363.010742,2.923828
5385,-11263.591797,-11374.741211,111.149414
5386,-9506.386719,-9462.696289,43.690430
5387,-10529.711914,-10507.976562,21.735352
5388,-12644.357422,-12685.130859,40.773438
5389,-11019.578125,-11003.892578,15.685547
5390,-11921.156250,-11914.316406,6.839844
5391,-10775.197266,-10802.309570,27.112305
5392,-10908.644531,-10878.750000,29.894531
5393,-10943.186523,-10937.698242,5.488281
5394,-12328.717773,-12353.148438,24.430664
5395,-12340.749023,-12353.482422,12.733398
5396,-11896.322266,-11917.389648,21.067383
5397,-10964.381836,-10912.351562,52.030273
5398,-9287.067383,-9357.533203,70.465820
5399,-10552.549805,-10533.191406,19.358398
5400,-10981.451172,-10968.636719,12.814453
5401,-13691.833008,-13764.675781,72.842773
5402,-9997.059570,-9956.892578,40.166992
5403,-11940.408203,-11947.251953,6.843750
5404,-10258.450195,-10304.064453,45.614258
5405,-11919.745117,-11915.689453,4.055664
5406,-11492.000000,-11510.564453,18.564453
5407,-10526.509766,-10532.288086,5.778320
5408,-9872.922852,-9894.105469,21.182617
5409,-11155.108398,-11238.699219,83.590820
5410,-11516.279297,-11510.389648,5.889648
5411,-11950.524414,-11946.195312,4.329102
5412,-10617.312500,-10631.683594,14.371094
5413,-10963.996094,-10970.364258,6.368164
5414,-10367.598633,-10398.261719,30.663086
5415,-12024.102539,-12013.329102,10.773438
5416,-11014.995117,-11002.578125,12.416992
5417,-9471.931641,-9464.130859,7.800781
5418,-10468.401367,-10469.331055,0.929688
5419,-11458.183594,-11474.139648,15.956055
5420,-12492.755859,-12488.366211,4.389648
5421,-11001.191406,-11002.297852,1.106445
5422,-11539.601562,-11543.333008,3.731445
5423,-12528.913086,-12521.718750,7.194336
5424,-10734.826172,-10834.122070,99.295898
5425,-11509.209961,-11509.398438,0.188477
5426,-10801.040039,-10834.088867,33.048828
5427,-11517.953125,-11511.339844,6.613281
5428,-11860.581055,-11883.317383,22.736328
5429,-11457.750977,-11477.163086,19.412109
5430,-11474.357422,-11479.673828,5.316406
5431,-11844.720703,-11813.249023,31.471680
5432,-11523.105469,-11544.501953,21.396484
5433,-10314.344727,-10201.670898,112.673828
5434,-12028.637695,-12014.403320,14.234375
5435,-10996.993164,-10967.775391,29.217773
5436,-12914.525391,-12895.743164,18.782227
5437,-10964.780273,-10936.146484,28.633789
5438,-9994.067383,-9990.217773,3.849609
5439,-11520.370117,-11511.822266,8.547852
5440,-9431.560547,-9488.855469,57.294922
5441,-11525.833008,-11509.760742,16.072266
5442,-10955.221680,-10934.012695,21.208984
5443,-9409.793945,-9462.432617,52.638672
5444,-11947.356445,-11947.803711,0.447266
5445,-10797.679688,-10800.571289,2.891602
5446,-12308.855469,-12319.544922,10.689453
5447,-11956.605469,-11949.145508,7.459961
5448,-12539.069336,-12519.871094,19.198242
5449,-11465.063477,-11475.200195,10.136719
5450,-12195.425781,-12215.736328,20.310547
5451,-9494.293945,-9497.499023,3.205078
5452,-11244.956055,-11309.045898,64.089844
5453,-10182.248047,-10272.891602,90.643555
5454,-11955.445312,-11948.590820,6.854492
5455,-11464.665039,-11477.262695,12.597656
5456,-11572.294922,-11575.746094,3.451172
5457,-11457.636719,-11479.764648,22.127930
5458,-9969.987305,-9957.316406,12.670898
5459,-7342.124023,-7450.650879,108.526855
5460,-10314.830078,-10364.319336,49.489258
5461,-12507.561523,-12520.318359,12.756836
5462,-12485.722656,-12489.199219,3.476562
5463,-10538.598633,-10532.171875,6.426758
5464,-10913.423828,-10903.699219,9.724609
5465,-10877.075195,-10912.322266,35.247070
5466,-10344.674805,-10330.581055,14.093750
5467,-11966.993164,-11981.837891,14.844727
5468,-10540.958984,-10533.015625,7.943359
5469,-9465.872070,-9465.342773,0.529297
5470,-11542.442383,-11543.564453,1.122070
5471,-9506.159180,-9522.193359,16.034180
5472,-10988.711914,-10969.682617,19.029297
5473,-10457.363281,-10473.969727,16.606445
5474,-12349.889648,-12354.520508,4.630859
5475,-9494.031250,-9520.233398,26.202148
5476,-9925.980469,-9924.424805,1.555664
5477,-10973.586914,-10970.890625,2.696289
5478,-12669.123047,-12721.651367,52.528320
5479,-12502.035156,-12455.861328,46.173828
5480,-11524.153320,-11542.959961,18.806641
5481,-11517.101562,-11511.983398,5.118164
5482,-11445.677734,-11477.245117,31.567383
5483,-10509.794922,-10500.069336,9.725586
5484,-11507.213867,-11510.644531,3.430664
5485,-11849.645508,-11891.261719,41.616211
5486,-11534.776367,-11542.607422,7.831055
5487,-11534.216797,-11543.250000,9.033203
5488,-11879.037109,-11882.881836,3.844727
5489,-10864.918945,-10870.422852,5.503906
5490,-11522.038086,-11509.689453,12.348633
5491,-10459.618164,-10467.823242,8.205078
5492,-8861.454102,-8865.042969,3.588867
5493,-11399.744141,-11407.990234,8.246094
5494,-11949.166016,-11946.994141,2.171875
5495,-10498.118164,-10496.457031,1.661133
5496,-10498.921875,-10499.674805,0.752930
5497,-12377.695312,-12352.788086,24.907227
5498,-12494.831055,-12488.339844,6.491211
5499,-9500.846680,-9489.468750,11.377930
5500,-11427.409180,-11407.813477,19.595703
5501,-10998.782227,-11002.080078,3.297852
5502,-10499.727539,-10506.623047,6.895508
5503,-11912.594727,-11912.475586,0.119141
5504,-10518.148438,-10532.625977,14.477539
5505,-11569.654297,-11575.830078,6.175781
5506,-10378.382812,-10396.653320,18.270508
5507,-10122.488281,-9925.333008,197.155273
5508,-10337.597656,-10364.410156,26.812500
5509,-11366.044922,-11406.916016,40.871094
5510,-8417.488281,-8258.594727,158.893555
5511,-10318.110352,-10396.979492,78.869141
5512,-10958.771484,-10969.245117,10.473633
5513,-10403.950195,-10396.023438,7.926758
5514,-11553.181641,-11576.515625,23.333984
5515,-11532.190430,-11609.126953,76.936523
5516,-9600.008789,-9586.699219,13.309570
5517,-11396.543945,-11406.728516,10.184570
5518,-11510.529297,-11511.081055,0.551758
5519,-11949.460938,-11948.278320,1.182617
5520,-10950.904297,-10938.031250,12.873047
5521,-11364.780273,-11374.562500,9.782227
5522,-10497.102539,-10499.384766,2.282227
5523,-10503.404297,-10507.856445,4.452148
5524,-12543.607422,-12553.528320,9.920898
5525,-11921.868164,-11914.327148,7.541016
5526,-12574.307617,-12620.086914,45.779297
5527,-10251.976562,-10298.109375,46.132812
5528,-10521.464844,-10532.555664,11.090820
5529,-12354.039062,-12385.731445,31.692383
5530,-11367.776367,-11374.750000,6.973633
5531,-10937.257812,-10935.253906,2.003906
5532,-12043.208008,-12012.429688,30.778320
5533,-12940.669922,-12960.729492,20.059570
5534,-10566.026367,-10566.161133,0.134766
5535,-10464.841797,-10466.642578,1.800781
5536,-12875.194336,-12894.784180,19.589844
5537,-9422.982422,-9429.569336,6.586914
5538,-12884.767578,-12922.902344,38.134766
5539,-9958.441406,-9957.788086,0.653320
5540,-10538.903320,-10531.705078,7.198242
5541,-10498.438477,-10500.155273,1.716797
5542,-11503.835938,-11510.208008,6.372070
5543,-10534.150391,-10532.762695,1.387695
5544,-9533.792969,-9562.519531,28.726562
5545,-13311.955078,-13363.461914,51.506836
5546,-12019.795898,-11858.807617,160.988281
5547,-10592.615234,-10599.359375,6.744141
5548,-11488.195312,-11510.750977,22.555664
5549,-11928.051758,-11979.051758,51.000000
5550,-9522.429688,-9520.329102,2.100586
5551,-11354.934570,-11343.452148,11.482422
5552,-12206.791016,-12247.642578,40.851562
5553,-11363.263672,-11375.257812,11.994141
5554,-12521.092773,-12520.193359,0.899414
5555,-9549.178711,-9555.285156,6.106445
5556,-12013.583984,-11949.275391,64.308594
5557,-11779.279297,-11812.295898,33.016602
5558,-8451.681641,-8485.391602,33.709961
5559,-11918.035156,-11915.645508,2.389648
5560,-11960.498047,-11948.838867,11.659180
5561,-11907.650391,-11947.452148,39.801758
5562,-10698.087891,-10775.070312,76.982422
5563,-12381.853516,-12386.054688,4.201172
5564,-12382.213867,-12386.144531,3.930664
5565,-9604.151367,-9562.274414,41.876953
5566,-9826.431641,-9834.320312,7.888672
5567,-11530.726562,-11543.076172,12.349609
5568,-9484.320312,-8853.774414,630.545898
5569,-11432.480469,-11317.228516,115.251953
5570,-11768.246094,-11779.676758,11.430664
5571,-11963.001953,-11947.793945,15.208008
5572,-11713.536133,-11452.934570,260.601562
5573,-11992.245117,-12012.544922,20.299805
5574,-11168.166016,-11236.597656,68.431641
5575,-9358.604492,-9327.775391,30.829102
5576,-10524.920898,-10532.468750,7.547852
5577,-10566.682617,-10566.810547,0.127930
5578,-11214.872070,-11238.816406,23.944336
5579,-11586.556641,-11576.171875,10.384766
5580,-12393.817383,-12418.967773,25.150391
5581,-10950.850586,-10971.906250,21.055664
5582,-10572.524414,-10564.918945,7.605469
5583,-10895.118164,-10905.064453,9.946289
5584,-12464.833984,-12488.933594,24.099609
5585,-11906.396484,-11917.123047,10.726562
5586,-12367.559570,-12354.770508,12.789062
5587,-10765.245117,-10800.826172,35.581055
5588,-12349.236328,-12354.279297,5.042969
5589,-11335.747070,-11341.864258,6.117188
5590,-9220.407227,-9360.860352,140.453125
5591,-10932.126953,-10905.154297,26.972656
5592,-11536.725586,-11544.432617,7.707031
5593,-12464.324219,-12454.937500,9.386719
5594,-10983.302734,-11003.398438,20.095703
5595,-10531.297852,-10533.272461,1.974609
5596,-11506.334961,-11509.489258,3.154297
5597,-11542.693359,-11542.933594,0.240234
5598,-10446.530273,-10475.762695,29.232422
5599,-10489.346680,-10497.930664,8.583984
5600,-11487.715820,-11509.922852,22.207031
5601,-13811.708984,-13873.469727,61.760742
5602,-11788.142578,-11812.674805,24.532227
5603,-11913.735352,-11913.646484,0.088867
5604,-10955.730469,-10936.719727,19.010742
5605,-8426.990234,-8428.208984,1.218750
5606,-9951.839844,-9957.675781,5.835938
5607,-11652.125977,-11719.721680,67.595703
5608,-11439.546875,-11441.575195,2.028320
5609,-10928.182617,-10936.308594,8.125977
5610,-10590.755859,-10598.425781,7.669922
5611,-11934.347656,-11914.225586,20.122070
5612,-9938.895508,-9958.768555,19.873047
5613,-11991.861328,-12012.453125,20.591797
5614,-10974.626953,-10970.605469,4.021484
5615,-11004.687500,-11001.686523,3.000977
5616,-10909.666016,-10900.680664,8.985352
5617,-11800.166992,-11811.790039,11.623047
5618,-11848.642578,-11844.330078,4.312500
5619,-11396.685547,-11439.496094,42.810547
5620,-11460.386719,-11477.388672,17.001953
5621,-9224.984375,-9327.017578,102.033203
5622,-10948.333008,-10936.367188,11.965820
5623,-10003.103516,-9988.654297,14.449219
5624,-10487.639648,-10473.862305,13.777344
5625,-10898.078125,-10904.422852,6.344727
5626,-10901.646484,-10904.578125,2.931641
5627,-11001.375977,-11004.136719,2.760742
5628,-11493.131836,-11478.933594,14.198242
5629,-11500.525391,-11510.557617,10.032227
5630,-10972.177734,-10968.427734,3.750000
5631,-9923.298828,-9867.050781,56.248047
5632,-11233.350586,-11282.952148,49.601562
5633,-12826.663086,-12837.196289,10.533203
5634,-12369.524414,-12386.377930,16.853516
5635,-11942.234375,-11948.297852,6.063477
5636,-11338.949219,-11309.107422,29.841797
5637,-11965.102539,-11946.160156,18.942383
5638,-12336.467773,-12353.036133,16.568359
5639,-11210.675781,-11238.934570,28.258789
5640,-11302.708984,-11317.707031,14.998047
5641,-12349.581055,-12385.409180,35.828125
5642,-9521.580078,-9556.255859,34.675781
5643,-10955.502930,-10911.607422,43.895508
5644,-12959.302734,-12894.182617,65.120117
5645,-8696.822266,-8518.667969,178.154297
5646,-11837.918945,-11845.031250,7.112305
5647,-9849.853516,-9860.214844,10.361328
5648,-12502.212891,-12489.380859,12.832031
5649,-11288.973633,-11317.817383,28.843750
5650,-6623.091309,-7301.028809,677.937500
5651,-10394.567383,-10398.640625,4.073242
5652,-9857.972656,-9866.945312,8.972656
5653,-12313.769531,-12385.434570,71.665039
5654,-10467.842773,-10474.549805,6.707031
5655,-10484.362305,-10465.607422,18.754883
5656,-12482.047852,-12456.560547,25.487305
5657,-10730.268555,-10799.502930,69.234375
5658,-12227.185547,-12280.722656,53.537109
5659,-12742.460938,-12823.321289,80.860352
5660,-11477.322266,-11475.727539,1.594727
5661,-16248.154297,-16439.890625,191.736328
5662,-12507.726562,-12489.221680,18.504883
5663,-10517.715820,-10531.988281,14.272461
5664,-10929.082031,-10903.619141,25.462891
5665,-10966.224609,-10938.169922,28.054688
5666,-11752.106445,-11780.409180,28.302734
5667,-11445.268555,-11476.836914,31.568359
5668,-11371.958008,-11373.916016,1.958008
5669,-12759.941406,-12791.189453,31.248047
5670,-12341.291016,-12353.263672,11.972656
5671,-10930.463867,-10934.857422,4.393555
5672,-11497.489258,-11480.239258,17.250000
5673,-12377.907227,-12353.721680,24.185547
5674,-11363.393555,-11341.786133,21.607422
5675,-9596.164062,-9587.661133,8.502930
5676,-10537.673828,-10532.625000,5.048828
5677,-12773.771484,-12791.543945,17.772461
5678,-9934.314453,-9924.583008,9.731445
5679,-10441.866211,-10466.573242,24.707031
5680,-11939.543945,-11946.973633,7.429688
5681,-11918.380859,-11948.623047,30.242188
5682,-12150.798828,-12248.625000,97.826172
5683,-11828.398438,-11843.418945,15.020508
5684,-10508.755859,-10499.950195,8.805664
5685,-12558.659180,-12554.870117,3.789062
5686,-12831.999023,-12823.520508,8.478516
5687,-11393.469727,-11407.880859,14.411133
5688,-10944.296875,-10934.110352,10.186523
5689,-12162.514648,-12217.196289,54.681641
5690,-10944.018555,-10934.343750,9.674805
5691,-11901.595703,-11915.567383,13.971680
5692,-10428.791016,-10442.519531,13.728516
5693,-10926.927734,-10903.984375,22.943359
5694,-11569.139648,-11593.389648,24.250000
5695,-12926.710938,-12926.573242,0.137695
5696,-10465.235352,-10465.531250,0.295898
5697,-10958.682617,-10969.097656,10.415039
5698,-11559.364258,-11542.793945,16.570312
5699,-11433.585938,-11440.567383,6.981445
5700,-12816.013672,-12789.983398,26.030273
5701,-11346.482422,-11343.041016,3.441406
5702,-11318.526367,-11306.925781,11.600586
5703,-11025.031250,-11001.525391,23.505859
5704,-10930.606445,-10937.274414,6.667969
5705,-11305.470703,-11303.460938,2.009766
5706,-10532.102539,-10531.811523,0.291016
5707,-10945.076172,-10938.183594,6.892578
5708,-12382.799805,-12353.884766,28.915039
5709,-11024.485352,-11003.828125,20.657227
5710,-11476.870117,-11479.256836,2.386719
5711,-13310.708984,-13331.616211,20.907227
5712,-10966.791016,-10967.470703,0.679688
5713,-9532.629883,-9360.641602,171.988281
5714,-11533.175781,-11543.902344,10.726562
5715,-10171.666016,-10142.477539,29.188477
5716,-11956.789062,-11947.137695,9.651367
5717,-10540.804688,-10533.487305,7.317383
5718,-11938.710938,-11915.766602,22.944336
5719,-11802.245117,-11843.719727,41.474609
5720,-9507.636719,-9521.005859,13.369141
5721,-11961.531250,-11979.268555,17.737305
5722,-10562.262695,-10566.152344,3.889648
5723,-10978.276367,-10970.456055,7.820312
5724,-11444.628906,-11445.475586,0.846680
5725,-10329.669922,-10339.774414,10.104492
5726,-10998.924805,-10971.579102,27.345703
5727,-9404.553711,-9437.549805,32.996094
5728,-12933.851562,-12923.602539,10.249023
5729,-10984.549805,-10970.136719,14.413086
5730,-11501.929688,-11511.336914,9.407227
5731,-11551.432617,-11576.124023,24.691406
5732,-11906.699219,-11914.500977,7.801758
5733,-13543.300781,-13501.046875,42.253906
5734,-9875.398438,-9867.698242,7.700195
5735,-12912.804688,-12926.660156,13.855469
5736,-11390.344727,-11374.246094,16.098633
5737,-11873.120117,-11880.796875,7.676758
5738,-10557.873047,-10565.745117,7.872070
5739,-11512.376953,-11510.365234,2.011719
5740,-10880.419922,-10970.169922,89.750000
5741,-10967.610352,-10970.121094,2.510742
5742,-11932.642578,-11914.776367,17.866211
5743,-9568.313477,-9766.344727,198.031250
5744,-12511.313477,-12521.213867,9.900391
5745,-11271.837891,-11308.990234,37.152344
5746,-12902.887695,-12926.364258,23.476562
5747,-11382.190430,-11376.203125,5.987305
5748,-11542.061523,-11543.562500,1.500977
5749,-10512.289062,-10496.953125,15.335938
5750,-10933.728516,-10936.601562,2.873047
5751,-10997.478516,-11002.220703,4.742188
5752,-12355.970703,-12352.295898,3.674805
5753,-11565.000000,-11576.008789,11.008789
5754,-8369.920898,-8394.562500,24.641602
5755,-9924.056641,-9927.754883,3.698242
5756,-10702.555664,-10775.750000,73.194336
5757,-10939.994141,-10880.230469,59.763672
5758,-12485.186523,-12490.443359,5.256836
5759,-12170.206055,-12216.042969,45.836914
5760,-10894.067383,-10905.505859,11.438477
5761,-9457.798828,-9490.385742,32.586914
5762,-11803.048828,-11845.827148,42.778320
5763,-10534.483398,-10474.053711,60.429688
5764,-14033.736328,-14097.280273,63.543945
5765,-12529.369141,-12521.447266,7.921875
5766,-9549.327148,-9529.150391,20.176758
5767,-11384.297852,-11374.193359,10.104492
5768,-11352.718750,-11375.454102,22.735352
5769,-9545.078125,-9554.487305,9.409180
5770,-11649.511719,-11740.292969,90.781250
5771,-10600.952148,-10599.301758,1.650391
5772,-11807.872070,-11811.582031,3.709961
5773,-9904.940430,-9923.384766,18.444336
5774,-11458.844727,-11476.291016,17.446289
5775,-11429.858398,-11443.794922,13.936523
5776,-12514.039062,-12489.283203,24.755859
5777,-11947.338867,-11947.491211,0.152344
5778,-10973.330078,-10971.169922,2.160156
5779,-10981.146484,-10968.527344,12.619141
5780,-11573.088867,-11575.872070,2.783203
5781,-11405.955078,-11406.706055,0.750977
5782,-11405.583984,-11407.556641,1.972656
5783,-9918.439453,-9890.210938,28.228516
5784,-10465.649414,-10440.376953,25.272461
5785,-12356.941406,-12385.635742,28.694336
5786,-12717.332031,-12755.492188,38.160156
5787,-12555.283203,-12521.729492,33.553711
5788,-13425.071289,-13498.894531,73.823242
5789,-12015.482422,-11979.206055,36.276367
5790,-9982.137695,-9990.829102,8.691406
5791,-10451.277344,-10429.377930,21.899414
5792,-11987.617188,-11981.443359,6.173828
5793,-12816.348633,-12821.070312,4.721680
5794,-11498.854492,-11509.349609,10.495117
5795,-10487.378906,-10474.846680,12.532227
5796,-12518.229492,-12571.304688,53.075195
5797,-11947.933594,-11949.756836,1.823242
5798,-10955.083008,-10967.663086,12.580078
5799,-12533.924805,-12521.171875,12.752930
5800,-9239.581055,-9374.653320,135.072266
5801,-10972.065430,-10967.143555,4.921875
5802,-12521.833008,-12522.076172,0.243164
5803,-10966.279297,-10936.450195,29.829102
5804,-11493.621094,-11509.859375,16.238281
5805,-12745.564453,-12821.746094,76.181641
5806,-12917.050781,-12926.199219,9.148438
5807,-10993.350586,-11001.939453,8.588867
5808,-11973.308594,-11979.768555,6.459961
5809,-11474.409180,-11476.268555,1.859375
5810,-9506.802734,-9523.158203,16.355469
5811,-12523.269531,-12520.775391,2.494141
5812,-13286.391602,-13328.922852,42.531250
5813,-11969.960938,-11979.709961,9.749023
5814,-10960.520508,-10969.191406,8.670898
5815,-10295.213867,-10338.750977,43.537109
5816,-12908.606445,-12956.853516,48.247070
5817,-11534.494141,-11544.694336,10.200195
5818,-11520.411133,-11510.385742,10.025391
5819,-11373.579102,-11406.475586,32.896484
5820,-12523.201172,-12520.801758,2.399414
5821,-10961.999023,-10969.740234,7.741211
5822,-12954.434570,-12959.172852,4.738281
5823,-11959.191406,-11980.397461,21.206055
5824,-9955.618164,-9958.136719,2.518555
5825,-11813.937500,-11813.411133,0.526367
5826,-12528.538086,-12521.558594,6.979492
5827,-9982.128906,-9934.405273,47.723633
5828,-12495.770508,-12489.061523,6.708984
5829,-12420.032227,-12385.116211,34.916016
5830,-12410.997070,-12384.620117,26.376953
5831,-11530.945312,-11543.734375,12.789062
5832,-8863.921875,-8954.818359,90.896484
5833,-10913.442383,-10938.261719,24.819336
5834,-10476.585938,-10473.556641,3.029297
5835,-10839.132812,-10879.721680,40.588867
5836,-11553.044922,-11575.978516,22.933594
5837,-9936.312500,-9926.132812,10.179688
5838,-12371.154297,-12385.521484,14.367188
5839,-11470.105469,-11477.062500,6.957031
5840,-9616.138672,-9621.557617,5.418945
5841,-9971.017578,-9989.940430,18.922852
5842,-10398.446289,-10396.259766,2.186523
5843,-11948.675781,-11946.193359,2.482422
5844,-11485.768555,-11509.393555,23.625000
5845,-11941.948242,-11948.911133,6.962891
5846,-11953.778320,-11949.022461,4.755859
5847,-11966.358398,-11950.724609,15.633789
5848,-11923.175781,-11946.491211,23.315430
5849,-10289.124023,-10442.477539,153.353516
5850,-11937.698242,-11949.213867,11.515625
5851,-9556.930664,-9530.190430,26.740234
5852,-10565.831055,-10566.066406,0.235352
5853,-10958.603516,-10939.151367,19.452148
5854,-11423.487305,-11445.114258,21.626953
5855,-11588.549805,-11577.098633,11.451172
5856,-10588.184570,-10598.147461,9.962891
5857,-10334.747070,-10364.501953,29.754883
5858,-13416.059570,-13500.050781,83.991211
5859,-11990.741211,-11980.334961,10.406250
5860,-11464.563477,-11479.199219,14.635742
5861,-10506.764648,-10474.526367,32.238281
5862,-11968.095703,-11947.753906,20.341797
5863,-9820.553711,-9810.281250,10.272461
5864,-11567.276367,-11576.087891,8.811523
5865,-9517.947266,-9521.905273,3.958008
5866,-9469.248047,-9429.610352,39.637695
5867,-10558.649414,-10566.663086,8.013672
5868,-10538.984375,-10532.033203,6.951172
5869,-10613.095703,-10631.843750,18.748047
5870,-10525.727539,-10531.773438,6.045898
5871,-9895.665039,-9927.078125,31.413086
5872,-11511.230469,-11510.100586,1.129883
5873,-11525.327148,-11542.934570,17.607422
5874,-10505.932617,-10500.020508,5.912109
5875,-12256.646484,-12248.220703,8.425781
5876,-10530.926758,-10531.098633,0.171875
5877,-8551.941406,-8729.176758,177.235352
5878,-11383.078125,-11372.655273,10.422852
5879,-9987.596680,-9990.682617,3.085938
5880,-10485.825195,-10466.082031,19.743164
5881,-9420.779297,-9404.656250,16.123047
5882,-12061.466797,-12012.246094,49.220703
5883,-10391.480469,-10362.646484,28.833984
5884,-10537.490234,-10531.753906,5.736328
5885,-11646.965820,-11706.521484,59.555664
5886,-10303.061523,-10305.974609,2.913086
5887,-11803.336914,-11812.985352,9.648438
5888,-10603.201172,-10598.489258,4.711914
5889,-8810.933594,-8664.283203,146.650391
5890,-12275.485352,-12352.425781,76.940430
5891,-11571.119141,-11576.097656,4.978516
5892,-10803.546875,-10775.949219,27.597656
5893,-9889.322266,-9934.534180,45.211914
5894,-10916.828125,-10878.288086,38.540039
5895,-12551.669922,-12521.813477,29.856445
5896,-12199.433594,-12216.744141,17.310547
5897,-10402.157227,-10442.722656,40.565430
5898,-11476.875000,-11477.451172,0.576172
5899,-9523.491211,-9497.366211,26.125000
5900,-9887.457031,-9901.991211,14.534180
5901,-10623.411133,-10631.359375,7.948242
5902,-11289.004883,-11270.229492,18.775391
5903,-9992.455078,-9965.916016,26.539062
5904,-11885.450195,-11881.420898,4.029297
5905,-9895.114258,-9901.152344,6.038086
5906,-10537.335938,-10533.044922,4.291016
5907,-11991.236328,-11981.188477,10.047852
5908,-10523.087891,-10533.068359,9.980469
5909,-11464.624023,-11477.600586,12.976562
5910,-12098.411133,-12249.246094,150.834961
5911,-11908.578125,-11964.909180,56.331055
5912,-12188.344727,-12248.265625,59.920898
5913,-11369.848633,-11406.547852,36.699219
5914,-10978.310547,-10969.380859,8.929688
5915,-13412.934570,-13500.586914,87.652344
5916,-12541.069336,-12523.014648,18.054688
5917,-11516.066406,-11511.507812,4.558594
5918,-9567.515625,-9562.396484,5.119141
5919,-12404.226562,-12417.799805,13.573242
5920,-10934.211914,-10912.817383,21.394531
5921,-10571.928711,-10565.320312,6.608398
5922,-12887.497070,-12894.085938,6.588867
5923,-10479.268555,-10441.807617,37.460938
5924,-12240.378906,-12214.738281,25.640625
5925,-11424.535156,-11406.501953,18.033203
5926,-11501.049805,-11510.951172,9.901367
5927,-9574.266602,-9587.537109,13.270508
5928,-10958.532227,-10969.414062,10.881836
5929,-11959.294922,-11980.686523,21.391602
5930,-13382.511719,-13429.193359,46.681641
5931,-12935.566406,-12926.682617,8.883789
5932,-12327.444336,-12321.565430,5.878906
5933,-11487.285156,-11509.577148,22.291992
5934,-11365.819336,-11373.061523,7.242188
5935,-10970.760742,-10967.081055,3.679688
5936,-10982.422852,-10968.638672,13.784180
5937,-11019.678711,-11002.320312,17.358398
5938,-11360.057617,-11370.783203,10.725586
5939,-10538.075195,-10532.849609,5.225586
5940,-11549.979492,-11576.807617,26.828125
5941,-11910.515625,-11912.541992,2.026367
5942,-10558.328125,-10565.140625,6.812500
5943,-10573.722656,-10565.761719,7.960938
5944,-9865.102539,-9867.065430,1.962891
5945,-10524.404297,-10532.884766,8.480469
5946,-12706.715820,-12823.495117,116.779297
5947,-10995.332031,-11001.342773,6.010742
5948,-10175.677734,-10202.283203,26.605469
5949,-10390.291992,-10362.560547,27.731445
5950,-10530.096680,-10532.542969,2.446289
5951,-11482.009766,-11477.939453,4.070312
5952,-12874.625000,-12925.880859,51.255859
5953,-11344.917969,-11343.662109,1.255859
5954,-10461.163086,-10466.139648,4.976562
5955,-11484.775391,-11510.494141,25.718750
5956,-10961.079102,-10969.352539,8.273438
5957,-11394.002930,-11407.659180,13.656250
5958,-11539.675781,-11542.829102,3.153320
5959,-6683.166504,-7705.714355,1022.547852
5960,-3354.457031,-7417.840332,4063.383301
5961,-11417.734375,-11405.173828,12.560547
5962,-11255.198242,-11269.890625,14.692383
5963,-10405.121094,-10427.034180,21.913086
5964,-10981.116211,-10970.471680,10.644531
5965,-11560.527344,-11542.678711,17.848633
5966,-10961.271484,-10937.065430,24.206055
5967,-10944.594727,-10969.996094,25.401367
5968,-12424.440430,-12385.294922,39.145508
5969,-11532.955078,-11543.678711,10.723633
5970,-11458.143555,-11477.889648,19.746094
5971,-10926.625977,-10935.035156,8.409180
5972,-11975.254883,-11915.772461,59.482422
5973,-11796.526367,-11777.057617,19.468750
5974,-10857.079102,-10847.817383,9.261719
5975,-13471.116211,-13467.208008,3.908203
5976,-12415.370117,-12423.417969,8.047852
5977,-10457.300781,-10466.397461,9.096680
5978,-10416.297852,-10441.070312,24.772461
5979,-9964.769531,-9957.754883,7.014648
5980,-9924.993164,-9927.888672,2.895508
5981,-11508.763672,-11508.899414,0.135742
5982,-9878.638672,-9893.173828,14.535156
5983,-11011.288086,-11003.878906,7.409180
5984,-10538.037109,-10565.184570,27.147461
5985,-10936.205078,-10906.777344,29.427734
5986,-10982.400391,-10970.378906,12.021484
5987,-10849.635742,-10945.191406,95.555664
5988,-11794.990234,-11813.404297,18.414062
5989,-10532.109375,-10533.487305,1.377930
5990,-10526.416016,-10533.208984,6.792969
5991,-10729.832031,-10742.902344,13.070312
5992,-13002.040039,-12975.005859,27.034180
5993,-9897.353516,-9900.692383,3.338867
5994,-9366.671875,-9421.955078,55.283203
5995,-9029.249023,-8955.800781,73.448242
5996,-11963.531250,-11948.901367,14.629883
5997,-11951.913086,-11916.182617,35.730469
5998,-11519.549805,-11542.619141,23.069336
5999,-11405.825195,-11408.479492,2.654297
6000,-12478.279297,-12489.029297,10.750000
6001,-10538.797852,-10534.251953,4.545898
6002,-10998.572266,-11002.454102,3.881836
6003,-11458.725586,-11477.057617,18.332031
6004,-11239.954102,-11302.988281,63.034180
6005,-10894.793945,-10879.950195,14.843750
6006,-11410.761719,-11370.720703,40.041016
6007,-9953.577148,-9958.897461,5.320312
6008,-11493.202148,-11509.330078,16.127930
6009,-10943.649414,-10936.962891,6.686523
6010,-11388.355469,-11370.547852,17.807617
6011,-10280.250000,-10307.290039,27.040039
6012,-11930.605469,-11912.441406,18.164062
6013,-11421.359375,-11452.060547,30.701172
6014,-10936.110352,-10937.089844,0.979492
6015,-11818.726562,-11843.937500,25.210938
6016,-9405.777344,-9429.690430,23.913086
6017,-11536.092773,-11542.786133,6.693359
6018,-11903.349609,-11882.014648,21.334961
6019,-9909.495117,-9900.135742,9.359375
6020,-11555.783203,-11576.243164,20.459961
6021,-11462.064453,-11478.773438,16.708984
6022,-10968.499023,-10970.014648,1.515625
6023,-11844.503906,-11844.636719,0.132812
6024,-10384.506836,-10362.381836,22.125000
6025,-11924.551758,-11915.171875,9.379883
6026,-9530.766602,-9437.680664,93.085938
6027,-11378.074219,-11373.262695,4.811523
6028,-11952.816406,-11947.747070,5.069336
6029,-12337.191406,-12385.735352,48.543945
6030,-10521.879883,-10534.105469,12.225586
6031,-11945.268555,-11948.583008,3.314453
6032,-10970.648438,-10912.221680,58.426758
6033,-10963.438477,-10935.297852,28.140625
6034,-11957.033203,-11946.133789,10.899414
6035,-12180.978516,-12215.238281,34.259766
6036,-11527.508789,-11510.933594,16.575195
6037,-11570.559570,-11576.652344,6.092773
6038,-10933.293945,-10938.129883,4.835938
6039,-10937.347656,-10937.294922,0.052734
6040,-10974.353516,-10969.304688,5.048828
6041,-10900.169922,-10904.185547,4.015625
6042,-11012.444336,-11002.484375,9.959961
6043,-10960.988281,-10970.513672,9.525391
6044,-9260.747070,-9522.640625,261.893555
6045,-10563.736328,-10566.148438,2.412109
6046,-11288.598633,-11308.634766,20.036133
6047,-11191.012695,-11238.512695,47.500000
6048,-12526.727539,-12488.767578,37.959961
6049,-10536.791016,-10533.381836,3.409180
6050,-12862.386719,-12892.317383,29.930664
6051,-11520.905273,-11510.434570,10.470703
6052,-11528.104492,-11484.461914,43.642578
6053,-12451.038086,-12456.115234,5.077148
6054,-10512.496094,-10531.722656,19.226562
6055,-9968.120117,-9901.094727,67.025391
6056,-12365.941406,-12467.563477,101.622070
6057,-12528.977539,-12522.480469,6.497070
6058,-10513.155273,-10499.504883,13.650391
6059,-12484.294922,-12259.187500,225.107422
6060,-12988.988281,-12960.307617,28.680664
6061,-10943.177734,-10938.041992,5.135742
6062,-10934.512695,-10935.704102,1.191406
6063,-11738.545898,-11780.760742,42.214844
6064,-11498.826172,-11510.391602,11.565430
6065,-10959.893555,-10937.059570,22.833984
6066,-11361.968750,-11371.731445,9.762695
6067,-12252.345703,-12249.180664,3.165039
6068,-10298.999023,-10303.719727,4.720703
6069,-9450.455078,-9463.680664,13.225586
6070,-10968.285156,-10969.326172,1.041016
6071,-9885.645508,-8954.830078,930.815430
6072,-12317.808594,-12352.443359,34.634766
6073,-9578.756836,-9555.807617,22.949219
6074,-10565.282227,-10565.985352,0.703125
6075,-10534.012695,-10533.790039,0.222656
6076,-9230.545898,-9269.077148,38.531250
6077,-11984.501953,-12014.423828,29.921875
6078,-10572.670898,-10566.439453,6.231445
6079,-9539.778320,-9555.850586,16.072266
6080,-10498.926758,-10500.498047,1.571289
6081,-10403.595703,-10440.390625,36.794922
6082,-10426.686523,-10396.551758,30.134766
6083,-10492.449219,-10500.884766,8.435547
6084,-10981.829102,-10847.871094,133.958008
6085,-12515.927734,-12488.779297,27.148438
6086,-9394.262695,-9404.120117,9.857422
6087,-10572.083984,-10565.530273,6.553711
6088,-12389.700195,-12386.267578,3.432617
6089,-10499.916016,-10500.716797,0.800781
6090,-13516.951172,-13532.169922,15.218750
6091,-13204.805664,-13364.461914,159.656250
6092,-10414.958008,-10396.807617,18.150391
6093,-12373.376953,-12385.821289,12.444336
6094,-10981.267578,-10968.716797,12.550781
6095,-11491.532227,-11477.828125,13.704102
6096,-10914.005859,-10901.682617,12.323242
6097,-11003.546875,-11002.774414,0.772461
6098,-9301.920898,-9335.587891,33.666992
6099,-11375.537109,-11374.445312,1.091797
6100,-10992.465820,-11002.137695,9.671875
6101,-8775.126953,-8798.662109,23.535156
6102,-11775.983398,-11777.512695,1.529297
6103,-10980.811523,-10968.984375,11.827148
6104,-13392.160156,-13466.763672,74.603516
6105,-12772.499023,-12753.837891,18.661133
6106,-9910.793945,-9925.995117,15.201172
6107,-12479.637695,-12456.543945,23.093750
6108,-10631.044922,-10637.228516,6.183594
6109,-9549.591797,-9553.991211,4.399414
6110,-10859.041016,-10865.761719,6.720703
6111,-10345.096680,-10371.690430,26.593750
6112,-8399.634766,-8460.232422,60.597656
6113,-10530.314453,-10532.671875,2.357422
6114,-11961.698242,-11947.002930,14.695312
6115,-8804.621094,-8954.927734,150.306641
6116,-11767.095703,-11778.174805,11.079102
6117,-12364.598633,-12353.871094,10.727539
6118,-11980.107422,-11915.417969,64.689453
6119,-11531.504883,-11511.928711,19.576172
6120,-11560.908203,-11575.780273,14.872070
6121,-13381.744141,-13365.168945,16.575195
6122,-12697.402344,-12790.611328,93.208984
6123,-10559.235352,-10565.227539,5.992188
6124,-11950.931641,-11946.076172,4.855469
6125,-11529.881836,-11542.412109,12.530273
6126,-12774.432617,-12823.603516,49.170898
6127,-11979.060547,-11980.710938,1.650391
6128,-12504.932617,-12522.559570,17.626953
6129,-10561.217773,-10565.275391,4.057617
6130,-11871.289062,-11844.947266,26.341797
6131,-10398.004883,-10429.929688,31.924805
6132,-10735.344727,-10809.020508,73.675781
6133,-10937.782227,-10936.672852,1.109375
6134,-11955.905273,-11946.540039,9.365234
6135,-12314.702148,-12352.928711,38.226562
6136,-11478.243164,-11509.619141,31.375977
6137,-12489.939453,-12488.530273,1.409180
6138,-10712.457031,-10766.149414,53.692383
6139,-11282.633789,-11275.863281,6.770508
6140,-10986.166016,-10970.639648,15.526367
6141,-11412.317383,-11409.173828,3.143555
6142,-10553.386719,-10566.595703,13.208984
6143,-10843.522461,-10866.167969,22.645508
6144,-10970.988281,-10969.209961,1.778320
6145,-12782.095703,-12790.657227,8.561523
6146,-11123.489258,-11206.416992,82.927734
6147,-8865.340820,-8921.472656,56.131836
6148,-10557.683594,-10566.432617,8.749023
6149,-13231.700195,-13192.618164,39.082031
6150,-12488.013672,-12487.752930,0.260742
6151,-9308.720703,-9341.446289,32.725586
6152,-11908.440430,-11914.621094,6.180664
6153,-10559.191406,-10565.140625,5.949219
6154,-11755.625977,-11812.437500,56.811523
6155,-10528.893555,-10533.441406,4.547852
6156,-13412.451172,-13467.667969,55.216797
6157,-11467.699219,-11476.775391,9.076172
6158,-11970.871094,-11980.948242,10.077148
6159,-10971.274414,-10970.636719,0.637695
6160,-10966.050781,-10971.367188,5.316406
6161,-10301.010742,-10304.129883,3.119141
6162,-11977.494141,-11981.758789,4.264648
6163,-11948.882812,-11914.250000,34.632812
6164,-10503.968750,-10499.924805,4.043945
6165,-206.945312,-5377.770020,5170.824707
6166,-12982.460938,-12960.115234,22.345703
6167,-11951.239258,-11948.136719,3.102539
6168,-10930.467773,-10935.658203,5.190430
6169,-10332.988281,-10365.722656,32.734375
6170,-11945.514648,-11948.838867,3.324219
6171,-9470.550781,-9462.991211,7.559570
6172,-10942.495117,-10936.349609,6.145508
6173,-11328.754883,-11376.375000,47.620117
6174,-10348.117188,-10328.431641,19.685547
6175,-9096.329102,-8888.481445,207.847656
6176,-11819.821289,-11844.511719,24.690430
6177,-12725.752930,-12788.192383,62.439453
6178,-10515.133789,-10533.240234,18.106445
6179,-10915.625000,-10903.683594,11.941406
6180,-11349.595703,-11315.060547,34.535156
6181,-9475.733398,-9463.708984,12.024414
6182,-11260.869141,-11272.755859,11.886719
6183,-12813.757812,-12855.903320,42.145508
6184,-12550.389648,-12554.442383,4.052734
6185,-11650.528320,-11674.330078,23.801758
6186,-11525.439453,-11543.055664,17.616211
6187,-10950.183594,-10937.850586,12.333008
6188,-8377.506836,-8292.240234,85.266602
6189,-10564.835938,-10565.171875,0.335938
6190,-10396.975586,-10507.858398,110.882812
6191,-10532.125977,-10532.060547,0.065430
6192,-11377.359375,-11372.408203,4.951172
6193,-12512.959961,-12488.810547,24.149414
6194,-10975.074219,-10971.846680,3.227539
6195,-10946.374023,-10934.083984,12.290039
6196,-10652.863281,-10800.139648,147.276367
6197,-11894.708984,-11883.955078,10.753906
6198,-10000.973633,-9990.605469,10.368164
6199,-10943.017578,-10936.054688,6.962891
6200,-11852.169922,-11752.042969,100.126953
6201,-11499.138672,-11511.403320,12.264648
6202,-10481.573242,-10465.687500,15.885742
6203,-9480.334961,-9464.421875,15.913086
6204,-10925.328125,-10934.930664,9.602539
6205,-10505.244141,-10507.027344,1.783203
6206,-11882.244141,-11882.811523,0.567383
6207,-11545.517578,-11544.360352,1.157227
6208,-11504.859375,-11512.415039,7.555664
6209,-9653.798828,-9621.770508,32.028320
6210,-10950.703125,-10936.509766,14.193359
6211,-11503.134766,-11479.785156,23.349609
6212,-11475.279297,-11475.661133,0.381836
6213,-11938.085938,-11948.456055,10.370117
6214,-9460.542969,-9496.557617,36.014648
6215,-10916.124023,-10903.786133,12.337891
6216,-11961.305664,-11948.911133,12.394531
6217,-12912.599609,-12894.662109,17.937500
6218,-10700.951172,-10775.021484,74.070312
6219,-10424.587891,-10440.341797,15.753906
6220,-11989.279297,-12012.625977,23.346680
6221,-11434.998047,-11407.892578,27.105469
6222,-10563.816406,-10565.334961,1.518555
6223,-9823.702148,-9867.155273,43.453125
6224,-12525.211914,-12520.381836,4.830078
6225,-9414.059570,-9456.361328,42.301758
6226,-10313.363281,-10333.644531,20.281250
6227,-10421.080078,-10427.645508,6.565430
6228,-11915.092773,-11948.212891,33.120117
6229,-9469.137695,-9489.686523,20.548828
6230,-11555.565430,-11544.799805,10.765625
6231,-9392.274414,-9429.666992,37.392578
6232,-10553.632812,-10565.934570,12.301758
6233,-10899.386719,-10878.510742,20.875977
6234,-11918.750000,-11916.218750,2.531250
6235,-10474.775391,-10440.463867,34.311523
6236,-14702.284180,-14919.444336,217.160156
6237,-11536.469727,-11542.885742,6.416016
6238,-12541.917969,-12521.058594,20.859375
6239,-10555.607422,-10566.624023,11.016602
6240,-7795.180664,-7482.818848,312.361816
6241,-11012.969727,-11000.407227,12.562500
6242,-10915.837891,-10936.951172,21.113281
6243,-12519.340820,-12521.361328,2.020508
6244,-9948.950195,-9958.678711,9.728516
6245,-11978.830078,-11947.196289,31.633789
6246,-11367.765625,-11375.629883,7.864258
6247,-10935.601562,-10935.071289,0.530273
6248,-10928.819336,-10937.586914,8.767578
6249,-10498.857422,-10500.685547,1.828125
6250,-11561.365234,-11575.932617,14.567383
6251,-10965.777344,-10937.043945,28.733398
6252,-11732.224609,-11778.479492,46.254883
6253,-12944.728516,-12925.860352,18.868164
6254,-11372.455078,-11376.359375,3.904297
6255,-11988.262695,-11981.125977,7.136719
6256,-12341.439453,-12353.724609,12.285156
6257,-12471.201172,-12455.959961,15.241211
6258,-9609.417969,-9700.911133,91.493164
6259,-10896.141602,-10904.110352,7.968750
6260,-10911.524414,-10905.850586,5.673828
6261,-12394.514648,-12351.849609,42.665039
6262,-12536.660156,-12521.620117,15.040039
6263,-10953.102539,-10913.379883,39.722656
6264,-12540.895508,-12547.538086,6.642578
6265,-10597.810547,-10599.202148,1.391602
6266,-10719.483398,-10770.435547,50.952148
6267,-9563.504883,-9555.217773,8.287109
6268,-11813.668945,-11844.366211,30.697266
6269,-10500.947266,-10532.931641,31.984375
6270,-11011.929688,-11003.449219,8.480469
6271,-11568.258789,-11543.920898,24.337891
6272,-9483.730469,-9464.071289,19.659180
6273,-11946.422852,-11979.277344,32.854492
6274,-11960.805664,-11948.605469,12.200195
6275,-11939.861328,-11946.947266,7.085938
6276,-9462.487305,-9462.250977,0.236328
6277,-10504.057617,-10501.223633,2.833984
6278,-10546.518555,-10531.978516,14.540039
6279,-10972.850586,-10968.284180,4.566406
6280,-12970.041016,-12894.860352,75.180664
6281,-10778.410156,-10770.224609,8.185547
6282,-10584.082031,-10598.136719,14.054688
6283,-10510.119141,-10501.081055,9.038086
6284,-10415.964844,-10395.937500,20.027344
6285,-11853.875000,-11812.349609,41.525391
6286,-9492.305664,-9463.718750,28.586914
6287,-13371.726562,-13467.027344,95.300781
6288,-11560.226562,-11452.790039,107.436523
6289,-11566.412109,-11575.646484,9.234375
6290,-11331.577148,-11375.367188,43.790039
6291,-10493.261719,-10497.339844,4.078125
6292,-10749.486328,-10801.038086,51.551758
6293,-9471.664062,-9462.699219,8.964844
6294,-12674.692383,-12684.954102,10.261719
6295,-9453.120117,-9463.763672,10.643555
6296,-10928.205078,-10937.933594,9.728516
6297,-9954.697266,-9933.347656,21.349609
6298,-11379.739258,-11374.814453,4.924805
6299,-11351.529297,-11376.949219,25.419922
6300,-11791.178711,-11746.861328,44.317383
6301,-10948.730469,-10935.325195,13.405273
6302,-9961.154297,-9957.830078,3.324219
6303,-9899.025391,-9900.231445,1.206055
6304,-11449.253906,-11445.609375,3.644531
6305,-9902.711914,-9926.439453,23.727539
6306,-10820.894531,-10832.476562,11.582031
6307,-10470.431641,-10474.677734,4.246094
6308,-11950.546875,-11946.180664,4.366211
6309,-10814.082031,-10833.856445,19.774414
6310,-10559.101562,-10565.085938,5.984375
6311,-10898.682617,-10846.225586,52.457031
6312,-10970.261719,-10935.525391,34.736328
6313,-11487.095703,-11510.147461,23.051758
6314,-10595.864258,-10598.187500,2.323242
6315,-13325.364258,-13331.017578,5.653320
6316,-11378.555664,-11374.160156,4.395508
6317,-11536.646484,-11543.142578,6.496094
6318,-11500.273438,-11510.717773,10.444336
6319,-11979.683594,-11981.158203,1.474609
6320,-11945.464844,-11947.007812,1.542969
6321,-11943.180664,-11948.187500,5.006836
6322,-11737.310547,-11811.952148,74.641602
6323,-9449.708008,-9464.154297,14.446289
6324,-12339.057617,-12352.457031,13.399414
6325,-11938.969727,-12012.301758,73.332031
6326,-12444.619141,-12422.865234,21.753906
6327,-9844.623047,-9868.408203,23.785156
6328,-11519.518555,-11512.030273,7.488281
6329,-10361.298828,-10338.574219,22.724609
6330,-10535.936523,-10531.251953,4.684570
6331,-11936.272461,-11981.266602,44.994141
6332,-12498.950195,-12489.069336,9.880859
6333,-11920.616211,-11948.494141,27.877930
6334,-11501.337891,-11512.517578,11.179688
6335,-12898.293945,-12894.058594,4.235352
6336,-10986.187500,-10969.615234,16.572266
6337,-9268.670898,-9360.319336,91.648438
6338,-9901.477539,-9898.428711,3.048828
6339,-11916.361328,-11914.474609,1.886719
6340,-11397.300781,-11408.162109,10.861328
6341,-10918.155273,-10877.237305,40.917969
6342,-10394.558594,-10395.997070,1.438477
6343,-9857.045898,-9927.988281,70.942383
6344,-11458.628906,-11474.636719,16.007812
6345,-11595.719727,-11543.029297,52.690430
6346,-10874.342773,-10879.013672,4.670898
6347,-10997.782227,-10969.248047,28.534180
6348,-11269.947266,-11316.333984,46.386719
6349,-9919.763672,-9932.275391,12.511719
6350,-11483.045898,-11543.156250,60.110352
6351,-12409.255859,-12386.563477,22.692383
6352,-10919.169922,-10899.889648,19.280273
6353,-11498.767578,-11510.255859,11.488281
6354,-11473.712891,-11478.362305,4.649414
6355,-11530.071289,-11542.799805,12.728516
6356,-9972.255859,-9990.944336,18.688477
6357,-11494.699219,-11509.520508,14.821289
6358,-11519.256836,-11511.707031,7.549805
6359,-11319.768555,-11307.742188,12.026367
6360,-10930.612305,-10936.998047,6.385742
6361,-11496.926758,-11509.796875,12.870117
6362,-10940.258789,-10937.905273,2.353516
6363,-10523.745117,-10532.910156,9.165039
6364,-10982.030273,-10936.413086,45.617188
6365,-12907.082031,-12894.595703,12.486328
6366,-12980.574219,-12927.335938,53.238281
6367,-11926.337891,-11915.028320,11.309570
6368,-12519.268555,-12521.180664,1.912109
6369,-10586.833984,-10598.570312,11.736328
6370,-11954.265625,-11948.520508,5.745117
6371,-9619.054688,-9705.731445,86.676758
6372,-11297.666016,-11307.857422,10.191406
6373,-11407.104492,-11317.273438,89.831055
6374,-12509.047852,-12488.051758,20.996094
6375,-10528.004883,-10532.860352,4.855469
6376,-10960.551758,-10936.205078,24.346680
6377,-11390.041992,-11407.763672,17.721680
6378,-11505.996094,-11508.641602,2.645508
6379,-11578.928711,-11609.514648,30.585938
6380,-10370.283203,-10362.475586,7.807617
6381,-12547.552734,-12520.986328,26.566406
6382,-11520.941406,-11510.742188,10.199219
6383,-10532.035156,-10529.913086,2.122070
6384,-11979.523438,-11981.704102,2.180664
6385,-11976.734375,-11980.180664,3.446289
6386,-11966.675781,-11981.183594,14.507812
6387,-12697.410156,-12790.095703,92.685547
6388,-12523.803711,-12522.397461,1.406250
6389,-10914.430664,-10937.999023,23.568359
6390,-10527.308594,-10532.491211,5.182617
6391,-8296.897461,-7851.728516,445.168945
6392,-11536.033203,-11542.890625,6.857422
6393,-10947.779297,-10937.510742,10.268555
6394,-11404.183594,-11408.416992,4.233398
6395,-10887.612305,-10904.225586,16.613281
6396,-10932.210938,-10937.527344,5.316406
6397,-11495.124023,-11509.393555,14.269531
6398,-12405.713867,-12456.214844,50.500977
6399,-9488.332031,-9404.697266,83.634766
6400,-10584.063477,-10598.293945,14.230469
6401,-9873.460938,-9901.551758,28.090820
6402,-12479.192383,-12487.649414,8.457031
6403,-12927.289062,-13008.165039,80.875977
6404,-8574.390625,-8487.020508,87.370117
6405,-11540.393555,-11543.875977,3.482422
6406,-10533.787109,-10532.032227,1.754883
6407,-12999.254883,-13007.541992,8.287109
6408,-13711.386719,-13763.859375,52.472656
6409,-12341.813477,-12352.653320,10.839844
6410,-11400.883789,-11374.122070,26.761719
6411,-10495.689453,-10500.298828,4.609375
6412,-10551.558594,-10565.914062,14.355469
6413,-8367.463867,-8428.314453,60.850586
6414,-10593.947266,-10599.030273,5.083008
6415,-10983.876953,-10968.126953,15.750000
6416,-10448.245117,-10430.720703,17.524414
6417,-8823.974609,-8832.421875,8.447266
6418,-10538.160156,-10531.728516,6.431641
6419,-12615.351562,-12686.356445,71.004883
6420,-11968.158203,-11949.087891,19.070312
6421,-9949.339844,-9960.348633,11.008789
6422,-9493.858398,-9496.948242,3.089844
6423,-10452.471680,-10465.332031,12.860352
6424,-12348.083008,-12386.970703,38.887695
6425,-10954.619141,-10938.887695,15.731445
6426,-12547.792969,-12522.909180,24.883789
6427,-10970.010742,-10971.184570,1.173828
6428,-11885.129883,-11882.328125,2.801758
6429,-11540.290039,-11542.382812,2.092773
6430,-10982.440430,-10968.926758,13.513672
6431,-11948.335938,-11946.458008,1.877930
6432,-9507.159180,-9521.355469,14.196289
6433,-10930.371094,-10937.861328,7.490234
6434,-10291.145508,-10362.312500,71.166992
6435,-10275.134766,-10307.152344,32.017578
6436,-10289.634766,-10305.485352,15.850586
6437,-12374.704102,-12417.501953,42.797852
6438,-9993.431641,-9991.794922,1.636719
6439,-11023.321289,-10912.362305,110.958984
6440,-10382.987305,-10362.679688,20.307617
6441,-11365.777344,-11372.613281,6.835938
6442,-11946.165039,-11946.962891,0.797852
6443,-11009.603516,-11002.601562,7.001953
6444,-11373.916016,-11343.025391,30.890625
6445,-10001.472656,-9967.184570,34.288086
6446,-12492.284180,-12521.763672,29.479492
6447,-10003.524414,-9990.000977,13.523438
6448,-10913.260742,-10937.978516,24.717773
6449,-10427.361328,-10430.442383,3.081055
6450,-7384.264160,-7357.669434,26.594727
6451,-12003.669922,-12014.994141,11.324219
6452,-9524.174805,-9495.891602,28.283203
6453,-9982.650391,-9990.221680,7.571289
6454,-11372.856445,-11375.358398,2.501953
6455,-11810.681641,-11810.471680,0.209961
6456,-10943.081055,-10937.912109,5.168945
6457,-10400.034180,-10441.705078,41.670898
6458,-11907.659180,-11914.058594,6.399414
6459,-10972.830078,-10970.208984,2.621094
6460,-12832.864258,-12892.472656,59.608398
6461,-10500.190430,-10498.848633,1.341797
6462,-11706.135742,-11707.958984,1.823242
6463,-13245.352539,-13193.564453,51.788086
6464,-11202.293945,-11206.444336,4.150391
6465,-11904.506836,-11914.106445,9.599609
6466,-11225.581055,-11271.194336,45.613281
6467,-10875.565430,-10845.550781,30.014648
6468,-10491.237305,-10499.207031,7.969727
6469,-10402.392578,-10473.474609,71.082031
6470,-11561.400391,-11575.768555,14.368164
6471,-11367.937500,-11375.027344,7.089844
6472,-12359.472656,-12418.947266,59.474609
6473,-11462.549805,-11476.148438,13.598633
6474,-10980.422852,-10969.426758,10.996094
6475,-11987.093750,-11981.442383,5.651367
6476,-11951.369141,-11948.339844,3.029297
6477,-11538.407227,-11542.722656,4.315430
6478,-12866.338867,-12925.924805,59.585938
6479,-10411.189453,-10441.251953,30.062500
6480,-11959.266602,-11947.135742,12.130859
6481,-10444.791016,-10441.303711,3.487305
6482,-11384.634766,-11386.546875,1.912109
6483,-8947.745117,-8865.152344,82.592773
6484,-12319.907227,-12353.202148,33.294922
6485,-11521.721680,-11543.372070,21.650391
6486,-10585.616211,-10598.274414,12.658203
6487,-12490.864258,-12487.866211,2.998047
6488,-11778.666992,-11779.964844,1.297852
6489,-11379.979492,-11408.416016,28.436523
6490,-11793.048828,-11779.511719,13.537109
6491,-10972.256836,-10971.464844,0.791992
6492,-11461.916992,-11475.713867,13.796875
6493,-11535.168945,-11543.994141,8.825195
6494,-10494.115234,-10499.750000,5.634766
6495,-8418.062500,-8360.398438,57.664062
6496,-10427.097656,-10442.428711,15.331055
6497,-11683.735352,-11779.994141,96.258789
6498,-11976.242188,-10382.130859,1594.111328
6499,-8322.899414,-8369.841797,46.942383
6500,-11861.802734,-11880.468750,18.666016
6501,-12962.703125,-12959.048828,3.654297
6502,-12345.793945,-12385.121094,39.327148
6503,-8740.630859,-8832.158203,91.527344
6504,-11546.753906,-11542.461914,4.291992
6505,-10830.466797,-10866.919922,36.453125
6506,-10538.392578,-10532.033203,6.359375
6507,-10573.566406,-10565.028320,8.538086
6508,-10377.549805,-10396.862305,19.312500
6509,-10983.061523,-10968.483398,14.578125
6510,-7662.732422,-7450.736328,211.996094
6511,-11903.615234,-11911.302734,7.687500
6512,-10104.144531,-10280.909180,176.764648
6513,-10952.805664,-10935.758789,17.046875
6514,-12488.535156,-12520.964844,32.429688
6515,-9584.896484,-9588.957031,4.060547
6516,-11816.063477,-11812.482422,3.581055
6517,-9907.491211,-9928.409180,20.917969
6518,-9475.263672,-9463.348633,11.915039
6519,-10962.333008,-10969.319336,6.986328
6520,-10969.110352,-10971.381836,2.271484
6521,-11326.161133,-11342.081055,15.919922
6522,-10955.002930,-10904.826172,50.176758
6523,-11934.320312,-11947.588867,13.268555
6524,-11504.182617,-11509.509766,5.327148
6525,-10556.012695,-10565.573242,9.560547
6526,-11523.810547,-11542.657227,18.846680
6527,-11537.263672,-11544.461914,7.198242
6528,-10479.928711,-10472.827148,7.101562
6529,-10975.908203,-10969.171875,6.736328
6530,-10598.711914,-10598.323242,0.388672
6531,-10543.697266,-10533.204102,10.493164
6532,-8424.233398,-8487.090820,62.857422
6533,-12526.354492,-12488.403320,37.951172
6534,-10601.310547,-10598.347656,2.962891
6535,-12564.730469,-12520.347656,44.382812
6536,-11366.379883,-11341.550781,24.829102
6537,-10932.345703,-10878.234375,54.111328
6538,-8460.413086,-8461.069336,0.656250
6539,-9888.583984,-9926.146484,37.562500
6540,-10560.397461,-10565.138672,4.741211
6541,-11010.430664,-11003.778320,6.652344
6542,-11485.363281,-11510.385742,25.022461
6543,-12508.989258,-12520.262695,11.273438
6544,-12372.060547,-12386.197266,14.136719
6545,-10940.010742,-10935.923828,4.086914
6546,-12254.763672,-12250.009766,4.753906
6547,-10529.760742,-10532.914062,3.153320
6548,-10317.939453,-10297.892578,20.046875
6549,-11189.186523,-10879.382812,309.803711
6550,-11962.171875,-11946.602539,15.569336
6551,-9538.123047,-9555.177734,17.054688
6552,-11945.812500,-11947.775391,1.962891
6553,-10922.424805,-10938.161133,15.736328
6554,-12331.466797,-12353.657227,22.190430
6555,-9744.426758,-9810.442383,66.015625
6556,-11326.889648,-11341.369141,14.479492
6557,-12364.565430,-12354.201172,10.364258
6558,-9999.591797,-9993.829102,5.762695
6559,-11494.391602,-11510.591797,16.200195
6560,-10909.051758,-10906.291992,2.759766
6561,-10543.857422,-10531.816406,12.041016
6562,-10970.386719,-10970.180664,0.206055
6563,-13344.161133,-13466.535156,122.374023
6564,-12458.968750,-12353.563477,105.405273
6565,-10474.804688,-10467.541992,7.262695
6566,-9954.114258,-9900.017578,54.096680
6567,-11345.670898,-11376.757812,31.086914
6568,-11028.026367,-11034.606445,6.580078
6569,-11935.898438,-11948.728516,12.830078
6570,-10944.994141,-10935.972656,9.021484
6571,-11509.552734,-11510.364258,0.811523
6572,-10537.535156,-10532.663086,4.872070
6573,-9463.328125,-9462.975586,0.352539
6574,-11510.413086,-11543.112305,32.699219
6575,-10981.307617,-10968.105469,13.202148
6576,-10980.257812,-10969.100586,11.157227
6577,-9590.060547,-9588.366211,1.694336
6578,-13281.708984,-13468.444336,186.735352
6579,-10547.613281,-10533.015625,14.597656
6580,-10025.394531,-9991.471680,33.922852
6581,-11580.502930,-11575.973633,4.529297
6582,-10908.283203,-10900.742188,7.541016
6583,-10820.119141,-10832.536133,12.416992
6584,-9528.789062,-9404.273438,124.515625
6585,-11464.127930,-11478.386719,14.258789
6586,-11979.579102,-11979.778320,0.199219
6587,-10355.388672,-10397.607422,42.218750
6588,-11512.877930,-11511.010742,1.867188
6589,-13022.416016,-12975.416992,46.999023
6590,-11567.571289,-11575.732422,8.161133
6591,-10410.474609,-10430.135742,19.661133
6592,-11922.143555,-11917.383789,4.759766
6593,-11801.819336,-11844.425781,42.606445
6594,-11439.011719,-11440.979492,1.967773
6595,-11533.785156,-11543.536133,9.750977
6596,-9538.562500,-9530.043945,8.518555
6597,-9941.987305,-9934.678711,7.308594
6598,-11222.878906,-11238.744141,15.865234
6599,-9516.177734,-9522.630859,6.453125
6600,-11439.699219,-11443.496094,3.796875
6601,-11550.661133,-11577.100586,26.439453
6602,-11915.265625,-11910.515625,4.750000
6603,-12218.336914,-12248.736328,30.399414
6604,-12912.221680,-12925.985352,13.763672
6605,-12011.468750,-11945.730469,65.738281
6606,-12504.512695,-12488.894531,15.618164
6607,-11506.849609,-11510.966797,4.117188
6608,-12514.463867,-12487.548828,26.915039
6609,-12899.054688,-12959.468750,60.414062
6610,-9951.297852,-9899.987305,51.310547
6611,-10535.687500,-10533.459961,2.227539
6612,-11946.507812,-11950.552734,4.044922
6613,-11758.818359,-11811.904297,53.085938
6614,-12959.409180,-12958.558594,0.850586
6615,-10971.797852,-10971.572266,0.225586
6616,-10567.893555,-10566.495117,1.398438
6617,-11860.359375,-11851.520508,8.838867
6618,-9415.799805,-9455.417969,39.618164
6619,-9515.970703,-9496.337891,19.632812
6620,-9463.291992,-9428.976562,34.315430
6621,-11343.784180,-11340.534180,3.250000
6622,-9511.438477,-9496.867188,14.571289
6623,-9529.474609,-9554.996094,25.521484
6624,-10504.717773,-10500.686523,4.031250
6625,-9303.297852,-9405.393555,102.095703
6626,-10971.346680,-10968.287109,3.059570
6627,-9915.311523,-9868.366211,46.945312
6628,-10892.767578,-10904.522461,11.754883
6629,-11895.860352,-11883.293945,12.566406
6630,-12739.370117,-12789.957031,50.586914
6631,-10349.693359,-10362.391602,12.698242
6632,-12338.964844,-12384.948242,45.983398
6633,-7185.606445,-7449.321777,263.715332
6634,-11469.099609,-11477.954102,8.854492
6635,-11509.590820,-11544.065430,34.474609
6636,-7707.295410,-7759.618164,52.322754
6637,-11954.626953,-11981.191406,26.564453
6638,-9996.748047,-9876.720703,120.027344
6639,-10902.669922,-10938.380859,35.710938
6640,-9465.094727,-9406.640625,58.454102
6641,-10775.576172,-10833.599609,58.023438
6642,-8899.265625,-8864.882812,34.382812
6643,-12451.177734,-12455.226562,4.048828
6644,-10386.582031,-10363.786133,22.795898
6645,-10908.837891,-10901.345703,7.492188
6646,-10537.750000,-10534.022461,3.727539
6647,-10955.493164,-10935.964844,19.528320
6648,-12529.885742,-12521.274414,8.611328
6649,-12903.320312,-12927.013672,23.693359
6650,-10909.569336,-10877.741211,31.828125
6651,-11520.523438,-11485.257812,35.265625
6652,-11937.251953,-11946.397461,9.145508
6653,-10509.809570,-10499.855469,9.954102
6654,-11967.498047,-11948.119141,19.378906
6655,-11967.245117,-11915.372070,51.873047
6656,-8348.593750,-8359.513672,10.919922
6657,-11478.196289,-11475.498047,2.698242
6658,-9405.768555,-9455.446289,49.677734
6659,-11929.208984,-11915.995117,13.213867
6660,-10972.047852,-10968.748047,3.299805
6661,-11576.333984,-11576.008789,0.325195
6662,-10943.907227,-10937.155273,6.751953
6663,-10574.685547,-10566.336914,8.348633
6664,-10537.896484,-10533.889648,4.006836
6665,-11973.791016,-11981.595703,7.804688
6666,-12311.947266,-12350.899414,38.952148
6667,-11372.036133,-11420.953125,48.916992
6668,-8169.302246,-8199.676758,30.374512
6669,-10982.626953,-10970.687500,11.939453
6670,-11086.349609,-11205.355469,119.005859
6671,-10388.113281,-10430.242188,42.128906
6672,-10527.097656,-10532.362305,5.264648
6673,-11481.577148,-11478.315430,3.261719
6674,-12516.537109,-12553.429688,36.892578
6675,-10975.464844,-10967.556641,7.908203
6676,-8489.014648,-8451.443359,37.571289
6677,-10522.322266,-10530.098633,7.776367
6678,-11936.297852,-12014.387695,78.089844
6679,-10981.806641,-10968.466797,13.339844
6680,-12933.289062,-12925.835938,7.453125
6681,-12437.648438,-12384.209961,53.438477
6682,-12364.005859,-12384.289062,20.283203
6683,-10979.283203,-10969.686523,9.596680
6684,-11373.254883,-11372.363281,0.891602
6685,-10976.780273,-10937.698242,39.082031
6686,-8686.517578,-8897.663086,211.145508
6687,-12931.811523,-12926.035156,5.776367
6688,-12440.563477,-12456.406250,15.842773
6689,-12755.762695,-12791.375000,35.612305
6690,-10750.904297,-10801.087891,50.183594
6691,-12498.470703,-12488.156250,10.314453
6692,-9908.541016,-9931.874023,23.333008
6693,-11347.207031,-11373.067383,25.860352
6694,-11700.254883,-11719.922852,19.667969
6695,-11539.050781,-11544.750977,5.700195
6696,-10336.128906,-10339.474609,3.345703
6697,-12518.788086,-12520.551758,1.763672
6698,-10481.823242,-10499.073242,17.250000
6699,-11499.158203,-11511.259766,12.101562
6700,-10537.118164,-10531.166016,5.952148
6701,-15395.103516,-15617.058594,221.955078
6702,-11915.098633,-11914.876953,0.221680
6703,-12909.122070,-12894.142578,14.979492
6704,-11520.257812,-11543.175781,22.917969
6705,-11512.484375,-11543.420898,30.936523
6706,-11203.101562,-11270.888672,67.787109
6707,-10424.506836,-10462.556641,38.049805
6708,-12508.736328,-12478.056641,30.679688
6709,-8206.535156,-8517.593750,311.058594
6710,-11521.333984,-11542.445312,21.111328
6711,-12256.925781,-12248.939453,7.986328
6712,-12382.980469,-12386.500977,3.520508
6713,-11513.436523,-11510.304688,3.131836
6714,3355.731445,-8552.216797,11907.948242
6715,-12846.875000,-12925.038086,78.163086
6716,-11984.090820,-11980.103516,3.987305
6717,-12524.296875,-12521.382812,2.914062
6718,-12368.803711,-12418.824219,50.020508
6719,-11153.730469,-11308.459961,154.729492
6720,-10981.438477,-10968.372070,13.066406
6721,-14775.657227,-14919.193359,143.536133
6722,-12464.923828,-12423.381836,41.541992
6723,-12811.947266,-12756.564453,55.382812
6724,-9664.632812,-9798.224609,133.591797
6725,-11407.414062,-11407.102539,0.311523
6726,-10549.090820,-10534.447266,14.643555
6727,-11332.580078,-11374.688477,42.108398
6728,-10953.922852,-10970.327148,16.404297
6729,-10947.509766,-10880.304688,67.205078
6730,-11538.237305,-11543.630859,5.393555
6731,-10342.264648,-10365.396484,23.131836
6732,-11470.459961,-11479.885742,9.425781
6733,-10530.893555,-10532.721680,1.828125
6734,-11495.113281,-11510.920898,15.807617
6735,-9956.108398,-9933.482422,22.625977
6736,-10536.928711,-10532.160156,4.768555
6737,-12521.792969,-12522.443359,0.650391
6738,-11956.147461,-11945.715820,10.431641
6739,-10504.578125,-10499.939453,4.638672
6740,-12514.707031,-12521.777344,7.070312
6741,-11944.923828,-11946.972656,2.048828
6742,-9533.692383,-9620.909180,87.216797
6743,-10827.010742,-10834.299805,7.289062
6744,-10938.208984,-10937.739258,0.469727
6745,-12609.962891,-12617.473633,7.510742
6746,-12470.250000,-12411.206055,59.043945
6747,-8937.187500,-8921.691406,15.496094
6748,-10539.265625,-10565.456055,26.190430
6749,-10526.888672,-10532.026367,5.137695
6750,-7327.989746,-7357.893555,29.903809
6751,-10539.116211,-10533.166992,5.949219
6752,-10959.791992,-10968.233398,8.441406
6753,-10425.578125,-10430.479492,4.901367
6754,-10516.522461,-10501.299805,15.222656
6755,-11531.318359,-11542.505859,11.187500
6756,-10319.183594,-10440.128906,120.945312
6757,-11345.134766,-11373.184570,28.049805
6758,-11952.021484,-11948.306641,3.714844
6759,-14141.126953,-14202.479492,61.352539
6760,-9401.759766,-9431.113281,29.353516
6761,-11561.340820,-11576.083008,14.742188
6762,-11516.661133,-11510.501953,6.159180
6763,-12717.058594,-12790.029297,72.970703
6764,-10556.402344,-10566.023438,9.621094
6765,-9470.501953,-9454.777344,15.724609
6766,-11390.477539,-11406.812500,16.334961
6767,-10937.059570,-10935.182617,1.876953
6768,-9384.864258,-9486.203125,101.338867
6769,-11530.366211,-11543.260742,12.894531
6770,-13317.808594,-13331.712891,13.904297
6771,-13751.421875,-13767.662109,16.240234
6772,-12470.394531,-12454.460938,15.933594
6773,-11886.834961,-11914.759766,27.924805
6774,-9491.552734,-9522.250977,30.698242
6775,-10985.050781,-10970.203125,14.847656
6776,-10845.163086,-10880.273438,35.110352
6777,-12377.802734,-12354.241211,23.561523
6778,-11414.199219,-11407.594727,6.604492
6779,-11462.239258,-11477.750000,15.510742
6780,-8474.492188,-8518.549805,44.057617
6781,-10898.392578,-10904.487305,6.094727
6782,-10961.091797,-10934.583008,26.508789
6783,-11791.198242,-11810.633789,19.435547
6784,-10511.934570,-10497.324219,14.610352
6785,-10960.007812,-10935.904297,24.103516
6786,-11922.213867,-11914.836914,7.376953
6787,-11977.457031,-12029.431641,51.974609
6788,-12498.786133,-12489.417969,9.368164
6789,-13410.601562,-13445.164062,34.562500
6790,-10414.500977,-10475.251953,60.750977
6791,-9654.421875,-9588.694336,65.727539
6792,-8590.739258,-8519.834961,70.904297
6793,-11923.992188,-11980.708984,56.716797
6794,-10985.468750,-10969.499023,15.969727
6795,-12531.154297,-12521.533203,9.621094
6796,-12887.074219,-12892.530273,5.456055
6797,-12513.906250,-12522.438477,8.532227
6798,-11516.459961,-11484.406250,32.053711
6799,-10476.019531,-10506.882812,30.863281
6800,-11552.121094,-11543.892578,8.228516
6801,-10536.870117,-10534.295898,2.574219
6802,-12532.466797,-12521.058594,11.408203
6803,-10568.041016,-10565.112305,2.928711
6804,-10489.223633,-10498.730469,9.506836
6805,-11422.940430,-11441.054688,18.114258
6806,-11347.982422,-11375.143555,27.161133
6807,-11316.083984,-11341.801758,25.717773
6808,-11517.666992,-11543.681641,26.014648
6809,-12917.436523,-12926.704102,9.267578
6810,-8370.648438,-8452.208984,81.560547
6811,-11957.769531,-11947.986328,9.783203
6812,-12312.429688,-12318.202148,5.772461
6813,-11897.377930,-11914.926758,17.548828
6814,-10488.764648,-10533.073242,44.308594
6815,-11948.279297,-11948.590820,0.311523
6816,-9856.352539,-9866.116211,9.763672
6817,-10560.329102,-10566.173828,5.844727
6818,-11430.861328,-11407.983398,22.877930
6819,-10979.291992,-10968.267578,11.024414
6820,-10548.400391,-10534.549805,13.850586
6821,-9909.250000,-9932.522461,23.272461
6822,-11507.024414,-11510.685547,3.661133
6823,-9837.510742,-9867.212891,29.702148
6824,-12838.024414,-12926.276367,88.251953
6825,-9592.396484,-9588.641602,3.754883
6826,-11494.744141,-11510.497070,15.752930
6827,-10538.276367,-10530.409180,7.867188
6828,-10815.029297,-10846.048828,31.019531
6829,-10978.054688,-10968.322266,9.732422
6830,-9957.109375,-9957.538086,0.428711
6831,-12464.806641,-12453.955078,10.851562
6832,-9979.905273,-9959.441406,20.463867
6833,-10495.195312,-10498.639648,3.444336
6834,-10500.874023,-10497.677734,3.196289
6835,-11945.461914,-11917.233398,28.228516
6836,-12985.840820,-12959.224609,26.616211
6837,-11507.285156,-11510.406250,3.121094
6838,-10920.257812,-10902.467773,17.790039
6839,-10505.126953,-10499.417969,5.708984
6840,-11405.689453,-11406.910156,1.220703
6841,-10992.889648,-11001.863281,8.973633
6842,-11523.121094,-11510.563477,12.557617
6843,-11933.152344,-11916.190430,16.961914
6844,-11830.279297,-11812.769531,17.509766
6845,-10928.610352,-10911.800781,16.809570
6846,-12968.012695,-12958.405273,9.607422
6847,-10521.117188,-10507.823242,13.293945
6848,-10956.223633,-10936.325195,19.898438
6849,-9979.552734,-9960.082031,19.470703
6850,-11501.638672,-11510.536133,8.897461
6851,-11560.759766,-11575.979492,15.219727
6852,-10310.479492,-10338.853516,28.374023
6853,-12341.948242,-12384.692383,42.744141
6854,-11506.997070,-11526.724609,19.727539
6855,-11470.218750,-11478.109375,7.890625
6856,-10545.396484,-10566.567383,21.170898
6857,-13436.551758,-13468.065430,31.513672
6858,-11401.779297,-11406.353516,4.574219
6859,-10003.745117,-9934.524414,69.220703
6860,-9909.510742,-9933.437500,23.926758
6861,-10923.973633,-10937.909180,13.935547
6862,-10997.449219,-11000.751953,3.302734
6863,-8457.880859,-8460.329102,2.448242
6864,-11944.368164,-11980.586914,36.218750
6865,-10911.125000,-10903.001953,8.123047
6866,-9554.173828,-9588.487305,34.313477
6867,-10565.065430,-10566.584961,1.519531
6868,-11574.257812,-11577.155273,2.897461
6869,-10543.094727,-10532.479492,10.615234
6870,-11449.809570,-11476.382812,26.573242
6871,-11494.418945,-11510.726562,16.307617
6872,-11516.800781,-11512.888672,3.912109
6873,-10906.038086,-10935.134766,29.096680
6874,-10955.488281,-10936.585938,18.902344
6875,-9508.352539,-9522.531250,14.178711
6876,-10995.323242,-10969.610352,25.712891
6877,-10936.894531,-10936.771484,0.123047
6878,-11861.590820,-11882.380859,20.790039
6879,-11911.750977,-11917.491211,5.740234
6880,-11037.253906,-11034.800781,2.453125
6881,-10944.886719,-10935.855469,9.031250
6882,-11468.666992,-11478.846680,10.179688
6883,-11510.383789,-11512.209961,1.826172
6884,-9452.667969,-9462.855469,10.187500
6885,-11945.509766,-11947.082031,1.572266
6886,-10355.431641,-10371.855469,16.423828
6887,-11913.699219,-11914.510742,0.811523
6888,-11864.279297,-11849.799805,14.479492
6889,-11007.163086,-11002.238281,4.924805
6890,-11982.686523,-11981.728516,0.958008
6891,-9585.884766,-9327.948242,257.936523
6892,-9549.283203,-9554.448242,5.165039
6893,-11506.787109,-11543.679688,36.892578
6894,-10362.333008,-10439.903320,77.570312
6895,-9443.083984,-9462.855469,19.771484
6896,-10456.099609,-9843.089844,613.009766
6897,-11584.995117,-11608.864258,23.869141
6898,-9966.223633,-9991.866211,25.642578
6899,-12375.474609,-12386.342773,10.868164
6900,-11501.781250,-11509.261719,7.480469
6901,-9984.953125,-9957.588867,27.364258
6902,-7660.715820,-7818.456055,157.740234
6903,-10972.171875,-10968.817383,3.354492
6904,-9933.018555,-9924.066406,8.952148
6905,-11567.763672,-11575.604492,7.840820
6906,-10610.949219,-10830.813477,219.864258
6907,-11493.530273,-11476.364258,17.166016
6908,-13436.641602,-13499.536133,62.894531
6909,-12531.283203,-12521.642578,9.640625
6910,-10946.154297,-10934.373047,11.781250
6911,-10830.463867,-10844.423828,13.959961
6912,-11802.736328,-11844.737305,42.000977
6913,-12786.695312,-12820.309570,33.614258
6914,-9900.419922,-9870.248047,30.171875
6915,-11962.669922,-11949.204102,13.465820
6916,-11887.930664,-11914.534180,26.603516
6917,-10887.905273,-10865.748047,22.157227
6918,-12723.651367,-12790.551758,66.900391
6919,-11390.666016,-11408.824219,18.158203
6920,-10194.092773,-10234.933594,40.840820
6921,-11556.855469,-11544.493164,12.362305
6922,-13855.507812,-13767.568359,87.939453
6923,-9573.498047,-9587.791016,14.292969
6924,-11932.544922,-11947.967773,15.422852
6925,-10546.678711,-10532.242188,14.436523
6926,-10758.690430,-10800.925781,42.235352
6927,-10945.381836,-10936.186523,9.195312
6928,-10550.247070,-10534.646484,15.600586
6929,-11425.172852,-11407.082031,18.090820
6930,-11597.680664,-11609.182617,11.501953
6931,-10925.533203,-10936.448242,10.915039
6932,-10540.868164,-10532.389648,8.478516
6933,-9927.758789,-9960.380859,32.622070
6934,-10529.460938,-10532.847656,3.386719
6935,-11382.878906,-11407.913086,25.034180
6936,-12759.333984,-12789.364258,30.030273
6937,-10554.558594,-10564.213867,9.655273
6938,-11550.421875,-11543.376953,7.044922
6939,-8796.801758,-8662.491211,134.310547
6940,-8537.714844,-8384.400391,153.314453
6941,-11916.813477,-11913.811523,3.001953
6942,-10916.341797,-10937.834961,21.493164
6943,-11892.995117,-11882.838867,10.156250
6944,-8277.131836,-8361.791016,84.659180
6945,-10506.228516,-10499.233398,6.995117
6946,-11737.779297,-11812.940430,75.161133
6947,-10936.838867,-10879.577148,57.261719
6948,-11533.551758,-11543.823242,10.271484
6949,-11846.152344,-11939.213867,93.061523
6950,-10928.752930,-10937.295898,8.542969
6951,-11878.700195,-11880.864258,2.164062
6952,-10297.884766,-10302.250977,4.366211
6953,-11028.745117,-11003.786133,24.958984
6954,-10524.718750,-10474.096680,50.622070
6955,-10536.861328,-10532.967773,3.893555
6956,-11535.838867,-11542.794922,6.956055
6957,-13925.951172,-13970.163086,44.211914
6958,-12525.713867,-12521.245117,4.468750
6959,-10499.302734,-10497.884766,1.417969
6960,-10980.653320,-10970.066406,10.586914
6961,-10978.041992,-10971.430664,6.611328
6962,-8463.552734,-8551.748047,88.195312
6963,-12476.349609,-12486.414062,10.064453
6964,-10229.814453,-10169.602539,60.211914
6965,-13420.356445,-13435.523438,15.166992
6966,-11005.036133,-11003.438477,1.597656
6967,-10969.428711,-10846.518555,122.910156
6968,-12516.245117,-12522.723633,6.478516
6969,-10964.139648,-10969.756836,5.617188
6970,-10316.180664,-10272.531250,43.649414
6971,-12359.250977,-12385.783203,26.532227
6972,-10965.480469,-10968.430664,2.950195
6973,-12511.730469,-12489.789062,21.941406
6974,-10543.776367,-10533.230469,10.545898
6975,-10958.209961,-10936.358398,21.851562
6976,-11004.762695,-11003.875000,0.887695
6977,-11897.409180,-11916.965820,19.556641
6978,-11370.243164,-11342.459961,27.783203
6979,-10926.264648,-10903.810547,22.454102
6980,-11522.661133,-11543.300781,20.639648
6981,-10997.967773,-11002.445312,4.477539
6982,-10916.517578,-10912.911133,3.606445
6983,-11539.928711,-11575.905273,35.976562
6984,-10516.102539,-10532.693359,16.590820
6985,-11944.949219,-11947.623047,2.673828
6986,-11944.603516,-11948.189453,3.585938
6987,-11785.094727,-11811.419922,26.325195
6988,-10960.725586,-10937.362305,23.363281
6989,-11493.634766,-11510.270508,16.635742
6990,-9972.328125,-9958.460938,13.867188
6991,-13787.582031,-13766.791016,20.791016
6992,-13476.136719,-13500.018555,23.881836
6993,-11923.252930,-11915.894531,7.358398
6994,-10943.229492,-10938.398438,4.831055
6995,-9960.335938,-9957.361328,2.974609
6996,-12522.388672,-12521.458984,0.929688
6997,-11958.732422,-11981.279297,22.546875
6998,-10354.817383,-10362.557617,7.740234
6999,-13364.234375,-13364.407227,0.172852
7000,-12919.022461,-12894.174805,24.847656
7001,-11340.246094,-11341.171875,0.925781
7002,-10562.937500,-10566.064453,3.126953
7003,-11455.000977,-11477.246094,22.245117
7004,-10412.580078,-10363.738281,48.841797
7005,-10566.639648,-10564.308594,2.331055
7006,-10268.511719,-10306.373047,37.861328
7007,-9422.656250,-9429.583008,6.926758
7008,-11351.811523,-11340.429688,11.381836
7009,-9909.125000,-9923.244141,14.119141
7010,-11490.669922,-11511.545898,20.875977
7011,-10943.986328,-10933.950195,10.036133
7012,-12752.466797,-12823.076172,70.609375
7013,-11966.129883,-11979.144531,13.014648
7014,-12071.596680,-11822.715820,248.880859
7015,-11512.822266,-11510.286133,2.536133
7016,-10910.191406,-10903.839844,6.351562
7017,-11380.260742,-11376.113281,4.147461
7018,-10499.072266,-10500.246094,1.173828
7019,-9445.951172,-9465.223633,19.272461
7020,-10884.360352,-10878.942383,5.417969
7021,-11502.909180,-11510.371094,7.461914
7022,-12542.864258,-12554.370117,11.505859
7023,-11385.128906,-11407.562500,22.433594
7024,-10590.515625,-10598.481445,7.965820
7025,-10558.920898,-10564.941406,6.020508
7026,-10525.671875,-10531.967773,6.295898
7027,-10432.861328,-10428.393555,4.467773
7028,-11985.753906,-11980.118164,5.635742
7029,-10399.632812,-10440.258789,40.625977
7030,-11230.493164,-11270.139648,39.646484
7031,-11569.900391,-11575.648438,5.748047
7032,-10560.015625,-10565.897461,5.881836
7033,-10562.521484,-10565.310547,2.789062
7034,-12400.966797,-12384.718750,16.248047
7035,-9461.008789,-9521.103516,60.094727
7036,-11545.623047,-11542.598633,3.024414
7037,-12722.145508,-12790.391602,68.246094
7038,-11505.710938,-11509.478516,3.767578
7039,-10542.875000,-10533.520508,9.354492
7040,-10887.526367,-10903.084961,15.558594
7041,-10597.194336,-10638.740234,41.545898
7042,-9927.919922,-9810.491211,117.428711
7043,-12846.208984,-12892.458984,46.250000
7044,-9552.640625,-9555.028320,2.387695
7045,-10495.574219,-10498.805664,3.231445
7046,-11710.453125,-11745.954102,35.500977
7047,-9491.382812,-9489.327148,2.055664
7048,-11506.592773,-11509.911133,3.318359
7049,-10496.797852,-10498.956055,2.158203
7050,-12961.184570,-12927.636719,33.547852
7051,-11482.634766,-11478.304688,4.330078
7052,-11339.866211,-11310.521484,29.344727
7053,-11332.732422,-11342.264648,9.532227
7054,-8032.469727,-8260.103516,227.633789
7055,-10561.438477,-10565.410156,3.971680
7056,-10886.537109,-11003.504883,116.967773
7057,-12517.128906,-12490.428711,26.700195
7058,-10269.776367,-10213.200195,56.576172
7059,-10820.393555,-10880.540039,60.146484
7060,-10982.427734,-11003.253906,20.826172
7061,-10390.545898,-10396.549805,6.003906
7062,-11989.866211,-11945.848633,44.017578
7063,-11553.108398,-11576.809570,23.701172
7064,-10959.610352,-10935.487305,24.123047
7065,-10096.214844,-10201.409180,105.194336
7066,-11516.459961,-11544.198242,27.738281
7067,-11911.070312,-11914.995117,3.924805
7068,-15330.488281,-15460.345703,129.857422
7069,-9542.009766,-9555.864258,13.854492
7070,-9571.648438,-9588.518555,16.870117
7071,-11742.369141,-11812.669922,70.300781
7072,-12000.176758,-11978.869141,21.307617
7073,-11394.481445,-11476.194336,81.712891
7074,-11963.359375,-11948.340820,15.018555
7075,-11947.327148,-11947.649414,0.322266
7076,-9462.317383,-9463.165039,0.847656
7077,-10570.232422,-10564.769531,5.462891
7078,-10520.589844,-10533.726562,13.136719
7079,-12934.802734,-12959.653320,24.850586
7080,-9402.640625,-9437.755859,35.115234
7081,-10386.341797,-10395.908203,9.566406
7082,-10435.825195,-10507.783203,71.958008
7083,-12523.505859,-12522.983398,0.522461
7084,-12919.449219,-12926.038086,6.588867
7085,-10938.681641,-10934.939453,3.742188
7086,-10569.283203,-10566.672852,2.610352
7087,-12349.348633,-12352.571289,3.222656
7088,-12439.171875,-12454.588867,15.416992
7089,-11980.282227,-11980.054688,0.227539
7090,-10388.087891,-10393.882812,5.794922
7091,-10567.264648,-10566.179688,1.084961
7092,-10624.197266,-10631.764648,7.567383
7093,-10913.537109,-10879.399414,34.137695
7094,-10691.142578,-10743.397461,52.254883
7095,-10969.130859,-10968.003906,1.126953
7096,-11957.624023,-11982.457031,24.833008
7097,-12292.123047,-12282.621094,9.501953
7098,-10933.744141,-10912.555664,21.188477
7099,-11428.637695,-11443.965820,15.328125
7100,-11468.847656,-11476.191406,7.343750
7101,-11405.204102,-11408.755859,3.551758
7102,-10564.881836,-10565.400391,0.518555
7103,-12453.334961,-12422.411133,30.923828
7104,-10547.150391,-10531.528320,15.622070
7105,-12523.364258,-12553.812500,30.448242
7106,-12918.713867,-12925.166992,6.453125
7107,-11385.865234,-11376.400391,9.464844
7108,-10561.100586,-10566.062500,4.961914
7109,-9474.285156,-9465.740234,8.544922
7110,-10564.599609,-10566.344727,1.745117
7111,-9460.739258,-9495.333984,34.594727
7112,-10974.263672,-10971.364258,2.899414
7113,-11562.405273,-11575.978516,13.573242
7114,-10560.267578,-10564.914062,4.646484
7115,-10937.647461,-10938.539062,0.891602
7116,-12747.446289,-12789.524414,42.078125
7117,-11397.991211,-11408.112305,10.121094
7118,-11600.268555,-11609.014648,8.746094
7119,-10974.245117,-10969.747070,4.498047
7120,-10459.181641,-10466.703125,7.521484
7121,-12725.587891,-12755.805664,30.217773
7122,-10373.757812,-10363.041016,10.716797
7123,-10765.377930,-10743.774414,21.603516
7124,-10822.789062,-10898.968750,76.179688
7125,-10948.845703,-10939.270508,9.575195
7126,-9577.727539,-9587.701172,9.973633
7127,-11407.083008,-11406.244141,0.838867
7128,-11508.850586,-11511.455078,2.604492
7129,-9428.823242,-9454.551758,25.728516
7130,-11788.454102,-11844.988281,56.534180
7131,-10474.721680,-10466.113281,8.608398
7132,-11401.365234,-11317.404297,83.960938
7133,-14272.495117,-14202.453125,70.041992
7134,-12002.970703,-11981.035156,21.935547
7135,-11489.253906,-11511.077148,21.823242
7136,-11337.648438,-11340.665039,3.016602
7137,-11949.190430,-11948.608398,0.582031
7138,-9584.496094,-9555.403320,29.092773
7139,-9479.466797,-9495.861328,16.394531
7140,-11940.912109,-11980.917969,40.005859
7141,-10914.207031,-9866.736328,1047.470703
7142,-11086.008789,-12454.870117,1368.861328
7143,-12571.117188,-12586.976562,15.859375
7144,-10980.597656,-10912.389648,68.208008
7145,-12968.630859,-12926.377930,42.252930
7146,-10976.381836,-10967.782227,8.599609
7147,-12943.006836,-12927.020508,15.986328
7148,-11161.861328,-11238.743164,76.881836
7149,-10533.595703,-10534.066406,0.470703
7150,-11526.842773,-11543.659180,16.816406
7151,-11005.583984,-11003.754883,1.829102
7152,-12559.937500,-12554.814453,5.123047
7153,-13468.815430,-13548.731445,79.916016
7154,-11967.316406,-11980.151367,12.834961
7155,-10494.977539,-10499.465820,4.488281
7156,-12520.827148,-12521.225586,0.398438
7157,-10968.338867,-10968.164062,0.174805
7158,-11925.432617,-11916.076172,9.356445
7159,-11511.395508,-11510.741211,0.654297
7160,-11554.428711,-11543.537109,10.891602
7161,-9613.458984,-9587.640625,25.818359
7162,-14100.761719,-14200.706055,99.944336
7163,-8887.239258,-8865.180664,22.058594
7164,-10761.180664,-10846.799805,85.619141
7165,-12979.990234,-12925.477539,54.512695
7166,-11981.858398,-11948.101562,33.756836
7167,-8375.833984,-8486.045898,110.211914
7168,-9407.956055,-9463.220703,55.264648
7169,-10977.994141,-10970.375977,7.618164
7170,-11779.694336,-11844.892578,65.198242
7171,-12344.186523,-12386.627930,42.441406
7172,-13056.538086,-12892.198242,164.339844
7173,-12683.659180,-12723.787109,40.127930
7174,-8230.700195,-8401.510742,170.810547
7175,-9014.925781,-9165.639648,150.713867
7176,-11602.447266,-11609.156250,6.708984
7177,-10529.036133,-10531.785156,2.749023
7178,-11979.964844,-11980.731445,0.766602
7179,-10530.233398,-10532.099609,1.866211
7180,-11403.084961,-11408.246094,5.161133
7181,-12162.336914,-12216.605469,54.268555
7182,-10942.753906,-10971.231445,28.477539
7183,-11953.107422,-11948.101562,5.005859
7184,-10185.302734,-10307.046875,121.744141
7185,-10565.725586,-10566.375977,0.650391
7186,-10571.136719,-10384.834961,186.301758
7187,-10392.100586,-10448.352539,56.251953
7188,-9247.201172,-9270.633789,23.432617
7189,-13357.509766,-13396.405273,38.895508
7190,-11380.635742,-11408.320312,27.684570
7191,-11527.473633,-11544.873047,17.399414
7192,-11515.738281,-11543.649414,27.911133
7193,-10738.308594,-10802.840820,64.532227
7194,-11957.067383,-11945.960938,11.106445
7195,-9987.203125,-9990.784180,3.581055
7196,-11499.374023,-11508.793945,9.419922
7197,-11503.127930,-11510.756836,7.628906
7198,-10929.633789,-10937.893555,8.259766
7199,-10957.798828,-10935.826172,21.972656
7200,-11347.230469,-11375.405273,28.174805
7201,-10964.414062,-10969.126953,4.712891
7202,-12306.980469,-12351.088867,44.108398
7203,-11377.125000,-11372.338867,4.786133
7204,-11251.179688,-11284.797852,33.618164
7205,-10536.856445,-10532.312500,4.543945
7206,-11808.735352,-11849.485352,40.750000
7207,-10763.314453,-10735.812500,27.501953
7208,-9887.871094,-9891.030273,3.159180
7209,-11472.983398,-11477.163086,4.179688
7210,-11494.918945,-11510.569336,15.650391
7211,-10393.247070,-10398.749023,5.501953
7212,-9899.375000,-9927.711914,28.336914
7213,-10253.608398,-10304.703125,51.094727
7214,-11057.867188,-11034.780273,23.086914
7215,-12549.845703,-12523.052734,26.792969
7216,-10522.820312,-10531.992188,9.171875
7217,-9463.227539,-9463.594727,0.367188
7218,-11402.660156,-11407.956055,5.295898
7219,-10925.410156,-10935.169922,9.759766
7220,-11498.840820,-11510.102539,11.261719
7221,-9471.764648,-9487.634766,15.870117
7222,-9860.019531,-9899.044922,39.025391
7223,-10420.274414,-10396.255859,24.018555
7224,-13329.807617,-13467.950195,138.142578
7225,-12463.497070,-12457.696289,5.800781
7226,-11508.319336,-11510.669922,2.350586
7227,-11584.324219,-11543.916016,40.408203
7228,-10546.841797,-10531.749023,15.092773
7229,-11494.485352,-11510.650391,16.165039
7230,-11817.661133,-11845.738281,28.077148
7231,-11934.943359,-11947.785156,12.841797
7232,-9106.871094,-9391.339844,284.468750
7233,-8475.904297,-8518.507812,42.603516
7234,-11580.522461,-11576.807617,3.714844
7235,-11521.564453,-11508.468750,13.095703
7236,-11851.904297,-11845.122070,6.782227
7237,-11471.508789,-11477.445312,5.936523
7238,-11523.952148,-11543.768555,19.816406
7239,-12399.676758,-12417.788086,18.111328
7240,-11876.993164,-11882.758789,5.765625
7241,-9003.382812,-8920.612305,82.770508
7242,-10789.233398,-10776.348633,12.884766
7243,-10854.322266,-10845.797852,8.524414
7244,-12349.212891,-12385.183594,35.970703
7245,-11956.600586,-11948.308594,8.291992
7246,-12889.647461,-12927.061523,37.414062
7247,-8900.292969,-8956.872070,56.579102
7248,-8471.040039,-8519.785156,48.745117
7249,-10951.449219,-10934.772461,16.676758
7250,-12530.408203,-12522.658203,7.750000
7251,-7368.278320,-7383.273438,14.995117
7252,-11285.442383,-11303.205078,17.762695
7253,-11497.432617,-11510.497070,13.064453
7254,-10385.255859,-10362.707031,22.548828
7255,-10490.505859,-10499.240234,8.734375
7256,-10509.229492,-10533.000000,23.770508
7257,-12963.440430,-12925.092773,38.347656
7258,-10739.333008,-10764.799805,25.466797
7259,-11903.985352,-11911.707031,7.721680
7260,-10937.954102,-10937.556641,0.397461
7261,-11499.723633,-11510.565430,10.841797
7262,-10965.715820,-10936.854492,28.861328
7263,-10001.673828,-9933.976562,67.697266
7264,-11495.418945,-11509.811523,14.392578
7265,-9558.839844,-9554.289062,4.550781
7266,-12519.892578,-12521.742188,1.849609
7267,-12526.768555,-12520.380859,6.387695
7268,-10548.070312,-10530.812500,17.257812
7269,-12412.318359,-12419.139648,6.821289
7270,-10731.110352,-10736.516602,5.406250
7271,-10528.755859,-10532.798828,4.042969
7272,-10498.289062,-10500.755859,2.466797
7273,-11297.103516,-11341.049805,43.946289
7274,-11912.479492,-11914.094727,1.615234
7275,-11950.398438,-11981.897461,31.499023
7276,-10962.417969,-10969.925781,7.507812
7277,-11931.774414,-11949.072266,17.297852
7278,-11926.822266,-11914.385742,12.436523
7279,-10520.641602,-10532.762695,12.121094
7280,-11519.193359,-11544.477539,25.284180
7281,-10828.233398,-10835.526367,7.292969
7282,-10826.628906,-10832.533203,5.904297
7283,-11726.087891,-11745.596680,19.508789
7284,-9490.149414,-9522.199219,32.049805
7285,-10939.125977,-10937.869141,1.256836
7286,-12870.219727,-12859.637695,10.582031
7287,-12355.461914,-12351.854492,3.607422
7288,-12440.935547,-12418.256836,22.678711
7289,-11486.530273,-11478.130859,8.399414
7290,-9593.540039,-9588.507812,5.032227
7291,-11952.792969,-11947.241211,5.551758
7292,-12691.933594,-12757.245117,65.311523
7293,-12978.577148,-12958.514648,20.062500
7294,-10994.206055,-10971.543945,22.662109
7295,-9460.581055,-9462.677734,2.096680
7296,-10348.486328,-10370.533203,22.046875
7297,-9522.920898,-9521.782227,1.138672
7298,-10877.984375,-10904.561523,26.577148
7299,-11535.693359,-11543.854492,8.161133
7300,-12193.973633,-12281.089844,87.116211
7301,-10631.388672,-10631.565430,0.176758
7302,-12449.142578,-12453.208984,4.066406
7303,-11794.300781,-11811.525391,17.224609
7304,-10405.367188,-10364.085938,41.281250
7305,-11948.401367,-11979.871094,31.469727
7306,-9962.791016,-9956.511719,6.279297
7307,-10406.111328,-10394.792969,11.318359
7308,-11975.953125,-11979.393555,3.440430
7309,-11375.289062,-11406.648438,31.359375
7310,-12376.190430,-12351.996094,24.194336
7311,-11947.113281,-11947.713867,0.600586
7312,-11949.305664,-11948.842773,0.462891
7313,-11375.557617,-11375.935547,0.377930
7314,-9459.820312,-9521.602539,61.782227
7315,-11910.860352,-11915.234375,4.374023
7316,-10561.431641,-10566.595703,5.164062
7317,-11582.431641,-11544.593750,37.837891
7318,-10545.053711,-10531.962891,13.090820
7319,-11939.373047,-11947.790039,8.416992
7320,-10784.451172,-10833.329102,48.877930
7321,-10946.256836,-10938.309570,7.947266
7322,-10956.558594,-10936.601562,19.957031
7323,-12479.817383,-12456.041016,23.776367
7324,-10537.579102,-10532.483398,5.095703
7325,-8703.364258,-6321.996094,2381.368164
7326,-11933.994141,-11979.057617,45.063477
7327,-11609.595703,-11675.842773,66.247070
7328,-12556.510742,-12522.965820,33.544922
7329,-8386.964844,-8427.908203,40.943359
7330,-11386.917969,-11374.210938,12.707031
7331,-12880.753906,-12893.017578,12.263672
7332,-9517.384766,-9464.580078,52.804688
7333,-13242.212891,-13111.979492,130.233398
7334,-9292.396484,-9328.023438,35.626953
7335,-11529.331055,-11451.750000,77.581055
7336,-9281.058594,-9329.006836,47.948242
7337,-9441.041016,-9463.692383,22.651367
7338,-10315.083984,-10338.855469,23.771484
7339,-11984.849609,-11980.848633,4.000977
7340,-10506.758789,-10498.760742,7.998047
7341,-12910.495117,-12926.172852,15.677734
7342,-11499.330078,-11510.105469,10.775391
7343,-10966.566406,-10970.776367,4.209961
7344,-12544.647461,-12553.308594,8.661133
7345,-11493.923828,-11510.492188,16.568359
7346,-11939.708008,-11914.909180,24.798828
7347,-10563.555664,-10565.108398,1.552734
7348,-11359.955078,-11374.480469,14.525391
7349,-10397.087891,-10442.239258,45.151367
7350,-11926.082031,-11914.561523,11.520508
7351,-11357.017578,-11341.403320,15.614258
7352,-10423.792969,-10396.264648,27.528320
7353,-11544.739258,-11542.863281,1.875977
7354,-9992.443359,-9962.106445,30.336914
7355,-11913.366211,-11912.553711,0.812500
7356,-11514.004883,-11512.223633,1.781250
7357,-10940.225586,-10937.320312,2.905273
7358,-12494.584961,-12487.412109,7.172852
7359,-10974.098633,-10969.532227,4.566406
7360,-10423.915039,-10430.104492,6.189453
7361,-10939.683594,-10936.991211,2.692383
7362,-11868.337891,-11844.128906,24.208984
7363,-12500.630859,-12490.507812,10.123047
7364,-11938.278320,-11946.902344,8.624023
7365,-11495.577148,-11509.856445,14.279297
7366,-12832.486328,-12860.273438,27.787109
7367,-11444.169922,-11445.100586,0.930664
7368,-10919.068359,-10935.949219,16.880859
7369,-10360.555664,-10362.878906,2.323242
7370,-10507.278320,-10499.739258,7.539062
7371,-10476.203125,-10465.894531,10.308594
7372,-12327.960938,-12353.790039,25.829102
7373,-10942.923828,-10880.292969,62.630859
7374,-12757.891602,-12755.770508,2.121094
7375,-12521.695312,-12522.740234,1.044922
7376,-12872.784180,-12860.271484,12.512695
7377,-9950.000000,-9957.563477,7.563477
7378,-10388.697266,-10372.945312,15.751953
7379,-9886.274414,-9932.380859,46.106445
7380,-11800.828125,-11813.224609,12.396484
7381,-9948.678711,-9902.209961,46.468750
7382,-9521.138672,-9437.961914,83.176758
7383,-11517.828125,-11484.227539,33.600586
7384,-10473.998047,-10498.983398,24.985352
7385,-11464.557617,-11476.413086,11.855469
7386,-9510.349609,-9523.783203,13.433594
7387,-11977.205078,-11980.884766,3.679688
7388,-9539.357422,-9555.755859,16.398438
7389,-9555.491211,-9555.734375,0.243164
7390,-11937.035156,-11915.883789,21.151367
7391,-10916.519531,-10904.736328,11.783203
7392,-11507.373047,-11510.286133,2.913086
7393,-11505.454102,-11510.857422,5.403320
7394,-11946.756836,-11948.944336,2.187500
7395,-11528.423828,-11544.960938,16.537109
7396,-11498.099609,-11510.720703,12.621094
7397,-9871.014648,-9902.430664,31.416016
7398,-11411.083984,-11440.665039,29.581055
7399,-9548.110352,-9555.513672,7.403320
7400,-9853.249023,-9835.763672,17.485352
7401,-10416.621094,-10395.825195,20.795898
7402,-11465.355469,-11476.029297,10.673828
7403,-9470.170898,-9430.148438,40.022461
7404,-10535.051758,-10532.443359,2.608398
7405,-10377.120117,-10396.104492,18.984375
7406,-11397.513672,-11376.699219,20.814453
7407,-9570.428711,-9554.593750,15.834961
7408,-10530.882812,-10532.505859,1.623047
7409,-13179.092773,-13225.996094,46.903320
7410,-10884.639648,-10912.500000,27.860352
7411,-10569.303711,-10565.305664,3.998047
7412,-12931.303711,-12923.404297,7.899414
7413,-12534.811523,-12520.620117,14.191406
7414,-11904.415039,-11917.329102,12.914062
7415,-11540.634766,-11542.280273,1.645508
7416,-11952.578125,-11947.668945,4.909180
7417,-10371.789062,-10363.206055,8.583008
7418,-11923.755859,-11912.985352,10.770508
7419,-10560.481445,-10566.385742,5.904297
7420,-10965.188477,-10969.243164,4.054688
7421,-10908.070312,-10903.178711,4.891602
7422,-10529.588867,-10532.449219,2.860352
7423,-11948.272461,-11947.975586,0.296875
7424,-10420.464844,-10474.674805,54.209961
7425,-11402.993164,-11316.051758,86.941406
7426,-11002.532227,-11003.510742,0.978516
7427,-10820.983398,-10776.501953,44.481445
7428,-10963.244141,-10934.221680,29.022461
7429,-10896.555664,-10879.660156,16.895508
7430,-9935.990234,-9932.236328,3.753906
7431,-11468.435547,-11478.875000,10.439453
7432,-11929.856445,-11947.930664,18.074219
7433,-12704.005859,-12786.902344,82.896484
7434,-10974.496094,-10969.646484,4.849609
7435,-10390.347656,-10441.650391,51.302734
7436,-11720.676758,-11747.016602,26.339844
7437,-11561.022461,-11576.000000,14.977539
7438,-11346.957031,-11372.315430,25.358398
7439,-10251.248047,-10274.273438,23.025391
7440,-11914.080078,-11915.655273,1.575195
7441,-12501.673828,-12485.942383,15.731445
7442,-10574.785156,-10565.432617,9.352539
7443,-10353.095703,-10430.291992,77.196289
7444,-10975.331055,-10970.549805,4.781250
7445,-9976.382812,-9990.847656,14.464844
7446,-9276.527344,-9292.542969,16.015625
7447,-10560.647461,-10566.461914,5.814453
7448,-11489.296875,-11510.591797,21.294922
7449,-8462.957031,-8486.605469,23.648438
7450,-11406.552734,-11406.522461,0.030273
7451,-11948.275391,-11947.860352,0.415039
7452,-11012.761719,-11003.667969,9.093750
7453,-9515.766602,-9496.952148,18.814453
7454,-10558.576172,-10565.379883,6.803711
7455,-12500.376953,-12520.075195,19.698242
7456,-12494.654297,-12487.037109,7.617188
7457,-10540.422852,-10533.464844,6.958008
7458,-11507.587891,-11511.450195,3.862305
7459,-8924.538086,-8896.791992,27.746094
7460,-12323.814453,-12353.559570,29.745117
7461,-10901.338867,-10878.974609,22.364258
7462,-11228.875977,-11270.194336,41.318359
7463,-11524.135742,-11509.292969,14.842773
7464,-11396.666016,-11373.695312,22.970703
7465,-10507.945312,-10498.890625,9.054688
7466,-11391.573242,-11408.646484,17.073242
7467,-8374.166992,-8291.084961,83.082031
7468,-10560.295898,-10564.286133,3.990234
7469,-11009.420898,-11002.425781,6.995117
7470,-11350.714844,-11420.678711,69.963867
7471,-9793.821289,-9797.552734,3.731445
7472,-11294.143555,-11304.567383,10.423828
7473,-10399.209961,-10406.918945,7.708984
7474,-10856.979492,-10867.047852,10.068359
7475,-10889.911133,-10904.290039,14.378906
7476,-12901.476562,-12891.851562,9.625000
7477,-10516.077148,-10500.135742,15.941406
7478,-11536.760742,-11542.446289,5.685547
7479,-12469.565430,-12419.125000,50.440430
7480,-11404.224609,-11407.673828,3.449219
7481,-10504.920898,-10468.017578,36.903320
7482,-10495.921875,-10499.582031,3.660156
7483,-10501.248047,-10500.445312,0.802734
7484,-11528.798828,-11543.075195,14.276367
7485,-10729.324219,-10775.217773,45.893555
7486,-9840.133789,-9867.168945,27.035156
7487,-10900.937500,-10878.335938,22.601562
7488,-9523.992188,-9496.698242,27.293945
7489,-10535.325195,-10533.109375,2.215820
7490,-10569.234375,-10565.849609,3.384766
7491,-11384.665039,-11372.497070,12.167969
7492,-11233.560547,-11237.850586,4.290039
7493,-11458.214844,-11479.696289,21.481445
7494,-11923.494141,-11915.763672,7.730469
7495,-11950.192383,-11914.833984,35.358398
7496,-11532.891602,-11543.606445,10.714844
7497,-11003.459961,-11001.857422,1.602539
7498,-11401.154297,-11373.788086,27.366211
7499,-10967.174805,-10970.052734,2.877930
7500,-12318.006836,-12354.140625,36.133789
7501,-10893.191406,-10911.616211,18.424805
7502,-7045.921875,-6782.645508,263.276367
7503,-11505.935547,-11509.272461,3.336914
7504,-10498.140625,-10499.664062,1.523438
7505,-10978.434570,-10968.668945,9.765625
7506,-10377.773438,-10363.789062,13.984375
7507,-11365.446289,-11372.774414,7.328125
7508,-12536.982422,-12488.455078,48.527344
7509,-10538.824219,-10531.906250,6.917969
7510,-11943.632812,-11948.152344,4.519531
7511,-10016.119141,-9959.415039,56.704102
7512,-10977.713867,-10971.297852,6.416016
7513,-10329.521484,-10337.803711,8.282227
7514,-11379.328125,-11406.855469,27.527344
7515,-11533.787109,-11543.828125,10.041016
7516,-11927.632812,-11947.634766,20.001953
7517,-10507.289062,-10498.020508,9.268555
7518,-11934.703125,-11947.414062,12.710938
7519,-10956.534180,-10969.467773,12.933594
7520,-9655.444336,-9620.731445,34.712891
7521,-10567.398438,-10565.832031,1.566406
7522,-10937.815430,-10936.340820,1.474609
7523,-10498.768555,-10501.186523,2.417969
7524,-11963.250000,-11946.675781,16.574219
7525,-8977.593750,-8919.013672,58.580078
7526,-11952.535156,-11948.296875,4.238281
7527,-10535.010742,-10531.952148,3.058594
7528,-11916.467773,-11914.541016,1.926758
7529,-11436.457031,-11443.967773,7.510742
7530,-10536.958008,-10531.757812,5.200195
7531,-11465.464844,-11478.412109,12.947266
7532,-9499.493164,-9488.775391,10.717773
7533,-9895.684570,-9901.628906,5.944336
7534,-10982.111328,-10971.004883,11.106445
7535,-11921.250000,-11914.397461,6.852539
7536,-11533.773438,-11543.353516,9.580078
7537,-9477.474609,-9522.159180,44.684570
7538,-9551.531250,-9555.304688,3.773438
7539,-12384.418945,-12353.256836,31.162109
7540,-11897.972656,-11882.638672,15.333984
7541,-10542.930664,-10531.962891,10.967773
7542,-11943.333984,-11915.255859,28.078125
7543,-9378.035156,-9463.286133,85.250977
7544,-11561.127930,-11575.863281,14.735352
7545,-12308.193359,-12286.731445,21.461914
7546,-10925.749023,-10901.915039,23.833984
7547,-9453.798828,-9463.623047,9.824219
7548,-9856.409180,-9899.389648,42.980469
7549,-11936.990234,-11947.907227,10.916992
7550,-10353.483398,-10409.219727,55.736328
7551,-11931.266602,-11915.566406,15.700195
7552,-9547.944336,-9587.705078,39.760742
7553,-11400.021484,-11373.412109,26.609375
7554,-8909.486328,-8866.448242,43.038086
7555,-12637.275391,-12650.896484,13.621094
7556,-10959.166016,-10969.503906,10.337891
7557,-12503.928711,-12488.780273,15.148438
7558,-10967.037109,-10970.068359,3.031250
7559,-11500.296875,-11512.156250,11.859375
7560,-11513.163086,-11512.190430,0.972656
7561,-10445.488281,-10463.688477,18.200195
7562,-9957.166016,-9958.341797,1.175781
7563,-12012.406250,-12013.816406,1.410156
7564,-10429.326172,-10398.311523,31.014648
7565,-11354.526367,-11374.239258,19.712891
7566,-11783.514648,-11776.876953,6.637695
7567,-11899.645508,-11915.909180,16.263672
7568,-12202.418945,-12247.072266,44.653320
7569,-11923.275391,-11912.973633,10.301758
7570,-9340.345703,-9429.284180,88.938477
7571,-12472.408203,-12489.392578,16.984375
7572,-9955.614258,-9957.440430,1.826172
7573,-9924.768555,-9901.259766,23.508789
7574,-9301.302734,-9360.193359,58.890625
7575,-11934.501953,-11948.579102,14.077148
7576,-9687.279297,-10831.264648,1143.985352
7577,-8550.265625,-8518.769531,31.496094
7578,-11548.272461,-11543.652344,4.620117
7579,-11383.271484,-11374.736328,8.535156
7580,-11542.446289,-11543.606445,1.160156
7581,-12455.936523,-12386.252930,69.683594
7582,-12329.704102,-12318.890625,10.813477
7583,-11500.168945,-11510.663086,10.494141
7584,-11753.471680,-11811.777344,58.305664
7585,-11402.870117,-11439.687500,36.817383
7586,-10512.653320,-10533.083984,20.430664
7587,-10538.382812,-10532.915039,5.467773
7588,-8827.777344,-8831.256836,3.479492
7589,-11094.442383,-11212.774414,118.332031
7590,-10577.460938,-10567.033203,10.427734
7591,-11769.288086,-11778.758789,9.470703
7592,-11008.276367,-10971.126953,37.149414
7593,-11972.787109,-11980.737305,7.950195
7594,-13297.009766,-13329.679688,32.669922
7595,-10897.980469,-10873.484375,24.496094
7596,-10326.011719,-10362.596680,36.584961
7597,-13217.656250,-13227.416992,9.760742
7598,-10452.711914,-10429.438477,23.273438
7599,-11954.277344,-11947.307617,6.969727
7600,-8465.909180,-8519.343750,53.434570
7601,-8897.454102,-8831.151367,66.302734
7602,-9529.468750,-9554.514648,25.045898
7603,-12775.438477,-12822.345703,46.907227
7604,-11811.756836,-11844.531250,32.774414
7605,-10730.888672,-10766.827148,35.938477
7606,-11528.907227,-11542.922852,14.015625
7607,-12864.417969,-12893.747070,29.329102
7608,-11011.843750,-11002.883789,8.959961
7609,-10373.379883,-10362.402344,10.977539
7610,-11386.227539,-11406.367188,20.139648
7611,-11578.865234,-11576.831055,2.034180
7612,-10493.343750,-10499.382812,6.039062
7613,-11554.260742,-11511.639648,42.621094
7614,-12312.782227,-12351.938477,39.156250
7615,-9841.367188,-9868.223633,26.856445
7616,-11956.978516,-11979.895508,22.916992
7617,-11765.285156,-11810.987305,45.702148
7618,-12475.105469,-12488.869141,13.763672
7619,-9534.544922,-9554.531250,19.986328
7620,-12212.791992,-12447.320312,234.528320
7621,-11823.628906,-11844.394531,20.765625
7622,-9549.620117,-9556.003906,6.383789
7623,-10883.754883,-10867.417969,16.336914
7624,-12501.583008,-12522.289062,20.706055
7625,-12979.183594,-12959.153320,20.030273
7626,-9614.421875,-9586.904297,27.517578
7627,-11481.196289,-11475.741211,5.455078
7628,-10577.292969,-10539.728516,37.564453
7629,-11518.641602,-11543.739258,25.097656
7630,-12376.683594,-12386.291016,9.607422
7631,-10560.866211,-10566.706055,5.839844
7632,-10302.517578,-10337.784180,35.266602
7633,-10424.171875,-10430.084961,5.913086
7634,-12487.446289,-12488.765625,1.319336
7635,-9954.750977,-9933.501953,21.249023
7636,-10459.668945,-10465.392578,5.723633
7637,-9308.480469,-9326.817383,18.336914
7638,-11308.642578,-11340.780273,32.137695
7639,-11549.821289,-11543.679688,6.141602
7640,-8765.400391,-8857.102539,91.702148
7641,-9500.036133,-9497.517578,2.518555
7642,-9912.853516,-9923.866211,11.012695
7643,-11628.885742,-11740.055664,111.169922
7644,-10838.084961,-10832.345703,5.739258
7645,-10987.323242,-10970.976562,16.346680
7646,-12565.359375,-12555.381836,9.977539
7647,-12915.003906,-12893.216797,21.787109
7648,-9902.198242,-9933.848633,31.650391
7649,-11465.435547,-11479.632812,14.197266
7650,-10302.976562,-10339.032227,36.055664
7651,-11406.180664,-11406.955078,0.774414
7652,-11373.468750,-11370.756836,2.711914
7653,-9276.312500,-9360.794922,84.482422
7654,-12007.612305,-12013.377930,5.765625
7655,-9538.181641,-9555.119141,16.937500
7656,-12460.303711,-12457.519531,2.784180
7657,-9500.986328,-9529.395508,28.409180
7658,-11346.527344,-11340.668945,5.858398
7659,-11509.345703,-11509.791992,0.446289
7660,-11404.671875,-11407.491211,2.819336
7661,-10351.999023,-10394.820312,42.821289
7662,-11387.951172,-11372.943359,15.007812
7663,-8553.226562,-8452.239258,100.987305
7664,-12931.695312,-12958.406250,26.710938
7665,-9963.272461,-9957.771484,5.500977
7666,-9599.348633,-9588.326172,11.022461
7667,-11822.347656,-11845.205078,22.857422
7668,-11823.674805,-11844.267578,20.592773
7669,-11492.651367,-11512.207031,19.555664
7670,-11937.402344,-11915.376953,22.025391
7671,-10935.968750,-10936.377930,0.409180
7672,-10726.449219,-10770.345703,43.896484
7673,-11493.985352,-11510.317383,16.332031
7674,-10933.437500,-10937.254883,3.817383
7675,-10989.415039,-10968.112305,21.302734
7676,-12010.118164,-11979.705078,30.413086
7677,-12421.620117,-12385.817383,35.802734
7678,-8809.539062,-8832.000977,22.461914
7679,-11804.142578,-11809.190430,5.047852
7680,-10909.260742,-10903.149414,6.111328
7681,-10414.522461,-10433.729492,19.207031
7682,-10979.203125,-10968.953125,10.250000
7683,-12344.541992,-12386.454102,41.912109
7684,-9588.917969,-9704.921875,116.003906
7685,-10806.471680,-10879.676758,73.205078
7686,-10493.516602,-10507.280273,13.763672
7687,-11403.661133,-11373.895508,29.765625
7688,-11950.157227,-11948.033203,2.124023
7689,-8339.841797,-8452.296875,112.455078
7690,-11442.413086,-11453.522461,11.109375
7691,-12944.385742,-12992.455078,48.069336
7692,-10963.676758,-10969.019531,5.342773
7693,-10966.182617,-10969.092773,2.910156
7694,-10958.512695,-10935.331055,23.181641
7695,-11910.653320,-11913.408203,2.754883
7696,-11547.620117,-11577.408203,29.788086
7697,-10993.750977,-10970.180664,23.570312
7698,-10933.704102,-10937.755859,4.051758
7699,-11498.567383,-11509.654297,11.086914
7700,-9901.652344,-9870.023438,31.628906
7701,-10520.442383,-10498.730469,21.711914
7702,-10857.612305,-10865.845703,8.233398
7703,-10435.166016,-10396.015625,39.150391
7704,-11806.455078,-11810.785156,4.330078
7705,-11462.309570,-11476.155273,13.845703
7706,-10000.912109,-9990.274414,10.637695
7707,-9484.261719,-9463.858398,20.403320
7708,-10498.886719,-10500.941406,2.054688
7709,-10983.109375,-10968.596680,14.512695
7710,-10526.405273,-10534.316406,7.911133
7711,-10533.608398,-10532.357422,1.250977
7712,-14042.795898,-14099.226562,56.430664
7713,-11509.032227,-11511.413086,2.380859
7714,-10506.698242,-10497.034180,9.664062
7715,-10573.596680,-10566.270508,7.326172
7716,-12518.925781,-12519.899414,0.973633
7717,-9821.695312,-9809.067383,12.627930
7718,-8481.186523,-8728.898438,247.711914
7719,-11929.126953,-11982.611328,53.484375
7720,-10486.412109,-10499.275391,12.863281
7721,-13420.436523,-13464.844727,44.408203
7722,-9361.121094,-9406.458984,45.337891
7723,-11386.859375,-11376.287109,10.572266
7724,-12442.664062,-12451.434570,8.770508
7725,-11691.495117,-11746.609375,55.114258
7726,-9011.361328,-8854.314453,157.046875
7727,-10451.134766,-10426.373047,24.761719
7728,-10499.389648,-10499.552734,0.163086
7729,-11937.519531,-11915.359375,22.160156
7730,-9512.514648,-9489.509766,23.004883
7731,-11812.272461,-11811.466797,0.805664
7732,-10740.644531,-10800.962891,60.318359
7733,-12901.404297,-12926.373047,24.968750
7734,-9944.923828,-9959.837891,14.914062
7735,-11381.485352,-11405.753906,24.268555
7736,-11934.987305,-11915.472656,19.514648
7737,-11526.864258,-11544.007812,17.143555
7738,-9977.079102,-9992.880859,15.801758
7739,-10973.044922,-10968.995117,4.049805
7740,-10963.991211,-10967.875000,3.883789
7741,-11956.531250,-11947.093750,9.437500
7742,-11010.145508,-11002.289062,7.856445
7743,-11365.796875,-11374.685547,8.888672
7744,-9833.616211,-9867.505859,33.889648
7745,-10498.299805,-10501.180664,2.880859
7746,-12579.851562,-12683.096680,103.245117
7747,-10366.631836,-10443.201172,76.569336
7748,-9909.824219,-9899.274414,10.549805
7749,-12978.842773,-12992.118164,13.275391
7750,-11487.065430,-11485.575195,1.490234
7751,-11361.941406,-11373.173828,11.232422
7752,-10539.374023,-10531.909180,7.464844
7753,-12231.486328,-12247.493164,16.006836
7754,-10412.866211,-10429.188477,16.322266
7755,-10965.643555,-10934.772461,30.871094
7756,-10983.055664,-10969.642578,13.413086
7757,-11994.649414,-12014.733398,20.083984
7758,-12923.244141,-12926.019531,2.775391
7759,-9609.427734,-9589.056641,20.371094
7760,-11942.812500,-11947.162109,4.349609
7761,-11946.178711,-11945.883789,0.294922
7762,-11547.622070,-11543.628906,3.993164
7763,-10910.360352,-10903.576172,6.784180
7764,-10753.179688,-10743.168945,10.010742
7765,-10014.688477,-9841.058594,173.629883
7766,-10372.563477,-10361.757812,10.805664
7767,-11247.155273,-11317.090820,69.935547
7768,-11400.789062,-11407.758789,6.969727
7769,-9532.927734,-9522.402344,10.525391
7770,-10381.698242,-10337.754883,43.943359
7771,-11948.406250,-11948.263672,0.142578
7772,-12209.921875,-12281.046875,71.125000
7773,-11402.475586,-11440.181641,37.706055
7774,-9476.962891,-9497.382812,20.419922
7775,-12386.797852,-12384.822266,1.975586
7776,-10920.176758,-10937.082031,16.905273
7777,-9879.837891,-9900.655273,20.817383
7778,-10934.221680,-10937.739258,3.517578
7779,-12959.014648,-12959.065430,0.050781
7780,-11436.678711,-11405.534180,31.144531
7781,-10616.015625,-10631.679688,15.664062
7782,-11769.544922,-11811.050781,41.505859
7783,-10453.605469,-10395.942383,57.663086
7784,-10318.982422,-10365.140625,46.158203
7785,-9528.547852,-9326.602539,201.945312
7786,-11935.876953,-11948.412109,12.535156
7787,-10979.457031,-10969.220703,10.236328
7788,-10551.151367,-10566.394531,15.243164
7789,-10999.979492,-11001.588867,1.609375
7790,-12334.302734,-12384.961914,50.659180
7791,-11533.845703,-11511.327148,22.518555
7792,-12511.361328,-12486.531250,24.830078
7793,-11620.343750,-11674.878906,54.535156
7794,-11948.340820,-11949.096680,0.755859
7795,-9461.505859,-9462.895508,1.389648
7796,-9212.644531,-9329.444336,116.799805
7797,-10963.597656,-10969.212891,5.615234
7798,-10932.498047,-10905.365234,27.132812
7799,-10947.614258,-10939.355469,8.258789
7800,-13002.527344,-12958.963867,43.563477
7801,-11009.622070,-11003.229492,6.392578
7802,-10365.700195,-10364.641602,1.058594
7803,-10928.714844,-10879.581055,49.133789
7804,-10537.387695,-10533.223633,4.164062
7805,-12526.509766,-12520.770508,5.739258
7806,-11498.040039,-11484.351562,13.688477
7807,-10564.700195,-10565.229492,0.529297
7808,-9566.084961,-9529.208984,36.875977
7809,-11485.860352,-11509.212891,23.352539
7810,-10374.793945,-10396.815430,22.021484
7811,-11370.726562,-11408.054688,37.328125
7812,-12343.021484,-12352.259766,9.238281
7813,-11488.343750,-11510.053711,21.709961
7814,-11526.684570,-11543.610352,16.925781
7815,-11944.336914,-11948.607422,4.270508
7816,-9873.061523,-9890.935547,17.874023
7817,-10378.618164,-10406.822266,28.204102
7818,-11779.764648,-11753.283203,26.481445
7819,-9698.108398,-9797.462891,99.354492
7820,-11799.601562,-11810.768555,11.166992
7821,-10952.023438,-10936.792969,15.230469
7822,-9536.724609,-9555.883789,19.159180
7823,-10321.356445,-10328.233398,6.876953
7824,-9991.434570,-9991.273438,0.161133
7825,-10970.502930,-10969.102539,1.400391
7826,-10934.485352,-10937.661133,3.175781
7827,-11540.047852,-11544.868164,4.820312
7828,-10503.410156,-10474.750000,28.660156
7829,-10579.643555,-10598.267578,18.624023
7830,-11503.915039,-11512.309570,8.394531
7831,-10544.169922,-10532.077148,12.092773
7832,-11929.565430,-11915.641602,13.923828
7833,-9599.897461,-9587.545898,12.351562
7834,-10540.543945,-10531.998047,8.545898
7835,-11000.238281,-11001.246094,1.007812
7836,-10526.707031,-10533.133789,6.426758
7837,-10993.424805,-10970.621094,22.803711
7838,-9947.666016,-9959.829102,12.163086
7839,-10356.204102,-10371.019531,14.815430
7840,-11954.020508,-11947.122070,6.898438
7841,-10983.188477,-10971.370117,11.818359
7842,-9752.493164,-9990.677734,238.184570
7843,-11388.676758,-11406.534180,17.857422
7844,-13789.690430,-13904.753906,115.063477
7845,-11584.376953,-11708.314453,123.937500
7846,-11924.702148,-11917.109375,7.592773
7847,-11527.187500,-11543.757812,16.570312
7848,-10784.180664,-10834.211914,50.031250
7849,-12897.900391,-12925.964844,28.064453
7850,-11471.546875,-11477.049805,5.502930
7851,-8031.944336,-8452.470703,420.526367
7852,-11496.844727,-11509.050781,12.206055
7853,-12434.083984,-12456.231445,22.147461
7854,-10934.620117,-10902.678711,31.941406
7855,-12369.270508,-12385.614258,16.343750
7856,-12334.340820,-12351.893555,17.552734
7857,-10459.357422,-10443.033203,16.324219
7858,-11929.009766,-11946.933594,17.923828
7859,-12896.041016,-12894.296875,1.744141
7860,-11932.966797,-11947.950195,14.983398
7861,-11820.948242,-11844.233398,23.285156
7862,-11170.142578,-11203.771484,33.628906
7863,-12886.686523,-12925.328125,38.641602
7864,-10981.137695,-10969.648438,11.489258
7865,-12021.512695,-12030.156250,8.643555
7866,-9417.451172,-9133.012695,284.438477
7867,-10210.137695,-10350.494141,140.356445
7868,-10409.095703,-10473.452148,64.356445
7869,-11504.931641,-11510.455078,5.523438
7870,-9948.460938,-9958.475586,10.014648
7871,-9700.750977,-9764.810547,64.059570
7872,-11929.996094,-11913.541016,16.455078
7873,-12135.737305,-12248.867188,113.129883
7874,-11302.287109,-11341.921875,39.634766
7875,-9472.548828,-9521.299805,48.750977
7876,-10377.660156,-10430.272461,52.612305
7877,-10939.797852,-10937.760742,2.037109
7878,-9460.840820,-9496.333008,35.492188
7879,-10939.253906,-10934.958984,4.294922
7880,-12439.848633,-12419.370117,20.478516
7881,-12917.061523,-12861.662109,55.399414
7882,-11969.829102,-11980.154297,10.325195
7883,-11959.192383,-11948.869141,10.323242
7884,-11502.221680,-11510.872070,8.650391
7885,-10501.532227,-10499.449219,2.083008
7886,-11939.875000,-11915.296875,24.578125
7887,-11023.312500,-11001.387695,21.924805
7888,-12491.989258,-12486.330078,5.659180
7889,-12911.090820,-12926.109375,15.018555
7890,-11058.947266,-11174.404297,115.457031
7891,-12959.541016,-12926.463867,33.077148
7892,-10321.699219,-10361.757812,40.058594
7893,-10529.937500,-10531.090820,1.153320
7894,-12972.945312,-12959.488281,13.457031
7895,-9589.986328,-9589.139648,0.846680
7896,-11571.293945,-11576.232422,4.938477
7897,-10362.191406,-10430.394531,68.203125
7898,-11971.225586,-11980.308594,9.083008
7899,-11978.155273,-11980.703125,2.547852
7900,-9162.491211,-8988.257812,174.233398
7901,-12410.217773,-12423.873047,13.655273
7902,-10498.174805,-10498.165039,0.009766
7903,-11986.484375,-11979.537109,6.947266
7904,-10901.729492,-10878.970703,22.758789
7905,-15066.357422,-15180.596680,114.239258
7906,-10942.401367,-10935.540039,6.861328
7907,-12325.476562,-12353.083008,27.606445
7908,-10537.763672,-10533.081055,4.682617
7909,-11493.458008,-11510.214844,16.756836
7910,-11519.149414,-11543.331055,24.181641
7911,-11309.361328,-11342.291992,32.930664
7912,-10951.934570,-10936.868164,15.066406
7913,-9958.224609,-10360.482422,402.257812
7914,-11314.379883,-11337.230469,22.850586
7915,-12499.590820,-12487.158203,12.432617
7916,-11001.068359,-10970.471680,30.596680
7917,-11079.997070,-11179.983398,99.986328
7918,-11384.231445,-11373.256836,10.974609
7919,-11905.596680,-11916.083008,10.486328
7920,-10979.038086,-10969.346680,9.691406
7921,-11410.261719,-11408.478516,1.783203
7922,-9869.627930,-9864.899414,4.728516
7923,-12403.312500,-12384.617188,18.695312
7924,-11352.326172,-11341.924805,10.401367
7925,-10924.732422,-10904.997070,19.735352
7926,-10019.046875,-9990.999023,28.047852
7927,-10912.343750,-10937.048828,24.705078
7928,-12353.804688,-12349.112305,4.692383
7929,-11425.208984,-11407.734375,17.474609
7930,-9636.313477,-9620.973633,15.339844
7931,-10943.984375,-10904.858398,39.125977
7932,3355.729492,-4275.330078,7631.059570
7933,-10540.232422,-10531.826172,8.406250
7934,-11371.595703,-11374.305664,2.709961
7935,-9459.753906,-8485.769531,973.984375
7936,-10896.953125,-10900.392578,3.439453
7937,-10632.098633,-10631.726562,0.372070
7938,-11469.038086,-11476.495117,7.457031
7939,-12426.214844,-12417.500000,8.714844
7940,-11373.966797,-11372.847656,1.119141
7941,-11919.370117,-11913.832031,5.538086
7942,-10901.681641,-10903.543945,1.862305
7943,-11366.713867,-11374.083984,7.370117
7944,-15721.403320,-15963.445312,242.041992
7945,-11475.413086,-11476.524414,1.111328
7946,-9450.853516,-9269.210938,181.642578
7947,-11932.067383,-11947.088867,15.021484
7948,-9826.996094,-9834.062500,7.066406
7949,-11395.164062,-11373.432617,21.731445
7950,-11773.785156,-11777.528320,3.743164
7951,-10596.932617,-10599.165039,2.232422
7952,-12953.348633,-12957.554688,4.206055
7953,-11932.202148,-11946.191406,13.989258
7954,-10534.108398,-10532.244141,1.864258
7955,-12882.737305,-12924.649414,41.912109
7956,-9440.762695,-9488.275391,47.512695
7957,-16031.435547,-16369.160156,337.724609
7958,-11456.841797,-11477.621094,20.779297
7959,-12459.767578,-12454.802734,4.964844
7960,-10844.766602,-10879.363281,34.596680
7961,-11926.161133,-11945.954102,19.792969
7962,-12384.511719,-12418.056641,33.544922
7963,-11377.964844,-11374.071289,3.893555
7964,-10985.374023,-11003.607422,18.233398
7965,-11495.137695,-11510.168945,15.031250
7966,-11838.377930,-11812.919922,25.458008
7967,-11543.546875,-11544.965820,1.418945
7968,-11456.641602,-11476.741211,20.099609
7969,-11938.750000,-11948.177734,9.427734
7970,-13323.176758,-13466.492188,143.315430
7971,-11984.305664,-11979.394531,4.911133
7972,-11009.931641,-11002.438477,7.493164
7973,-10573.664062,-10565.371094,8.292969
7974,-12405.236328,-12418.359375,13.123047
7975,-10995.897461,-10971.906250,23.991211
7976,-11923.990234,-11915.590820,8.399414
7977,-11933.571289,-11948.773438,15.202148
7978,-11626.326172,-11675.198242,48.872070
7979,-10539.518555,-10533.103516,6.415039
7980,-10266.611328,-10342.485352,75.874023
7981,-10598.109375,-10599.227539,1.118164
7982,-12520.674805,-12523.035156,2.360352
7983,-10997.456055,-10969.003906,28.452148
7984,-11010.498047,-11001.451172,9.046875
7985,-9444.920898,-9488.623047,43.702148
7986,-11935.336914,-11911.058594,24.278320
7987,-11963.806641,-11949.850586,13.956055
7988,-10897.915039,-10903.944336,6.029297
7989,-10405.999023,-10395.785156,10.213867
7990,-11929.019531,-11947.767578,18.748047
7991,-11471.398438,-11477.036133,5.637695
7992,-12874.250977,-12893.774414,19.523438
7993,-12374.672852,-12385.471680,10.798828
7994,-10952.193359,-10938.386719,13.806641
7995,-10795.502930,-10800.425781,4.922852
7996,-11542.938477,-11542.815430,0.123047
7997,-13685.269531,-13764.550781,79.281250
7998,-10013.321289,-10023.939453,10.618164
7999,-10964.916992,-10937.006836,27.910156
8000,-11947.544922,-11946.947266,0.597656
8001,-12900.029297,-12893.049805,6.979492
8002,-11398.754883,-11373.769531,24.985352
8003,-10533.675781,-10532.513672,1.162109
8004,-11251.213867,-11309.894531,58.680664
8005,-9863.258789,-9327.000000,536.258789
8006,-11362.742188,-11316.864258,45.877930
8007,-11489.843750,-11509.702148,19.858398
8008,-12532.347656,-12522.410156,9.937500
8009,-11372.253906,-11375.131836,2.877930
8010,-10561.993164,-10564.607422,2.614258
8011,-10500.219727,-10497.972656,2.247070
8012,-11362.050781,-11374.643555,12.592773
8013,-11207.180664,-11270.872070,63.691406
8014,-10899.116211,-10905.351562,6.235352
8015,-12448.847656,-12454.899414,6.051758
8016,-10933.845703,-10933.516602,0.329102
8017,-10981.805664,-10970.124023,11.681641
8018,-12328.255859,-12384.666016,56.410156
8019,-12395.946289,-12386.451172,9.495117
8020,-11775.326172,-11778.805664,3.479492
8021,-11942.965820,-11945.230469,2.264648
8022,-10949.554688,-10968.721680,19.166992
8023,-11356.768555,-11485.948242,129.179688
8024,-10925.860352,-10938.255859,12.395508
8025,-10968.535156,-10969.154297,0.619141
8026,-11427.363281,-11442.019531,14.656250
8027,-8797.772461,-8923.262695,125.490234
8028,-11516.302734,-11510.452148,5.850586
8029,-9906.843750,-9900.571289,6.272461
8030,-12959.458984,-12925.853516,33.605469
8031,-11303.157227,-11341.791016,38.633789
8032,-12870.324219,-12838.544922,31.779297
8033,-11457.873047,-11476.951172,19.078125
8034,-11263.840820,-11270.784180,6.943359
8035,-11403.499023,-11373.336914,30.162109
8036,-8498.705078,-8637.125977,138.420898
8037,-11777.483398,-11812.508789,35.025391
8038,-9967.672852,-9993.632812,25.959961
8039,-11013.724609,-11001.426758,12.297852
8040,-10386.168945,-10371.105469,15.063477
8041,-11495.832031,-11509.113281,13.281250
8042,-11834.755859,-11843.723633,8.967773
8043,-9476.448242,-9530.578125,54.129883
8044,-13418.212891,-13363.847656,54.365234
8045,-11530.693359,-11543.099609,12.406250
8046,-11861.592773,-11965.132812,103.540039
8047,-11531.826172,-11543.988281,12.162109
8048,-11531.474609,-11543.453125,11.978516
8049,-11384.162109,-11406.597656,22.435547
8050,-10499.760742,-10500.290039,0.529297
8051,-12011.284180,-11979.144531,32.139648
8052,-11552.199219,-11543.345703,8.853516
8053,-11420.196289,-11446.265625,26.069336
8054,-11270.983398,-11269.895508,1.087891
8055,-11565.453125,-11576.195312,10.742188
8056,-11486.588867,-11476.887695,9.701172
8057,-11881.332031,-11915.072266,33.740234
8058,-11866.751953,-11754.088867,112.663086
8059,-10415.607422,-10475.185547,59.578125
8060,-11921.798828,-11915.304688,6.494141
8061,-9491.493164,-9529.258789,37.765625
8062,-12556.255859,-12554.673828,1.582031
8063,-9986.106445,-9992.707031,6.600586
8064,-11983.592773,-11947.875977,35.716797
8065,-12525.283203,-12521.896484,3.386719
8066,-11569.378906,-11576.463867,7.084961
8067,-9980.943359,-9956.734375,24.208984
8068,-9877.877930,-9925.177734,47.299805
8069,-10906.007812,-10873.305664,32.702148
8070,-10544.542969,-10531.902344,12.640625
8071,-10971.928711,-10968.449219,3.479492
8072,-10975.399414,-10971.414062,3.985352
8073,-11750.232422,-11778.749023,28.516602
8074,-10516.017578,-10499.607422,16.410156
8075,-10970.519531,-10969.764648,0.754883
8076,-11393.190430,-11452.553711,59.363281
8077,-12492.145508,-12489.032227,3.113281
8078,-11512.020508,-11510.309570,1.710938
8079,-9902.126953,-9901.586914,0.540039
8080,-11968.590820,-11946.829102,21.761719
8081,-12497.882812,-12486.942383,10.940430
8082,-11949.507812,-11948.916992,0.590820
8083,-9274.082031,-9327.441406,53.359375
8084,-7955.716797,-8518.519531,562.802734
8085,-12497.458984,-12488.827148,8.631836
8086,-11868.498047,-11882.486328,13.988281
8087,-10290.887695,-10306.469727,15.582031
8088,-11530.229492,-11543.806641,13.577148
8089,-9937.790039,-9925.170898,12.619141
8090,-10937.737305,-10936.565430,1.171875
8091,-11905.890625,-11914.269531,8.378906
8092,-10539.071289,-10533.139648,5.931641
8093,-9466.193359,-9488.111328,21.917969
8094,-11546.681641,-11593.578125,46.896484
8095,-12779.786133,-12823.968750,44.182617
8096,-10542.239258,-10533.327148,8.912109
8097,-11401.846680,-11484.319336,82.472656
8098,-10537.768555,-10532.090820,5.677734
8099,-11939.644531,-11915.052734,24.591797
8100,-11342.758789,-11376.165039,33.406250
8101,-10947.753906,-10933.596680,14.157227
8102,-12010.662109,-12014.126953,3.464844
8103,-12519.863281,-12489.031250,30.832031
8104,-11938.400391,-11948.427734,10.027344
8105,-10941.016602,-10935.600586,5.416016
8106,-10200.873047,-10246.154297,45.281250
8107,-10417.805664,-10395.031250,22.774414
8108,-10294.940430,-10305.062500,10.122070
8109,-12336.453125,-12353.535156,17.082031
8110,-12046.492188,-11946.813477,99.678711
8111,-11977.430664,-11980.066406,2.635742
8112,-10839.216797,-10834.238281,4.978516
8113,-10422.930664,-10440.491211,17.560547
8114,-12541.674805,-12683.526367,141.851562
8115,-10981.094727,-10911.797852,69.296875
8116,-11482.756836,-11478.127930,4.628906
8117,-10566.691406,-10565.170898,1.520508
8118,-9843.769531,-9867.911133,24.141602
8119,-11877.248047,-11849.356445,27.891602
8120,-12016.879883,-12012.621094,4.258789
8121,-11794.649414,-11752.839844,41.809570
8122,-11514.214844,-11543.643555,29.428711
8123,-11988.458984,-11980.953125,7.505859
8124,-9599.177734,-9555.684570,43.493164
8125,-10872.024414,-10879.732422,7.708008
8126,-11472.583008,-11509.726562,37.143555
8127,-10539.180664,-10530.195312,8.985352
8128,-11547.683594,-11543.099609,4.583984
8129,-12498.378906,-12487.674805,10.704102
8130,-12503.695312,-12488.652344,15.042969
8131,-12472.911133,-12456.073242,16.837891
8132,-10559.653320,-10565.941406,6.288086
8133,-11541.541016,-11544.621094,3.080078
8134,-10920.164062,-10903.895508,16.268555
8135,-10441.978516,-10473.493164,31.514648
8136,-8498.904297,-8452.049805,46.854492
8137,-11379.957031,-11339.960938,39.996094
8138,-10524.729492,-10531.115234,6.385742
8139,-11410.577148,-11408.412109,2.165039
8140,-10924.997070,-10937.253906,12.256836
8141,-9902.789062,-9901.131836,1.657227
8142,-11275.507812,-11270.067383,5.440430
8143,-10426.923828,-10395.914062,31.009766
8144,-10977.353516,-10971.490234,5.863281
8145,-10978.762695,-10970.791992,7.970703
8146,-10986.636719,-10970.568359,16.068359
8147,-11415.512695,-11407.214844,8.297852
8148,-11736.755859,-11719.041992,17.713867
8149,-11910.138672,-11916.067383,5.928711
8150,-11519.989258,-11508.912109,11.077148
8151,-10888.630859,-10879.550781,9.080078
8152,-11408.366211,-11406.597656,1.768555
8153,-12995.198242,-12958.988281,36.209961
8154,-11911.054688,-11916.220703,5.166016
8155,-9401.980469,-9462.976562,60.996094
8156,-10769.053711,-10799.546875,30.493164
8157,-11486.261719,-11544.047852,57.786133
8158,-11511.692383,-11510.360352,1.332031
8159,-16045.707031,-16368.759766,323.052734
8160,-10861.985352,-10870.327148,8.341797
8161,-11950.357422,-11947.803711,2.553711
8162,-10504.389648,-10506.586914,2.197266
8163,-11270.454102,-11311.091797,40.637695
8164,-12788.300781,-12822.287109,33.986328
8165,-9545.269531,-9555.283203,10.013672
8166,-11008.900391,-11003.590820,5.309570
8167,-11927.062500,-12029.978516,102.916016
8168,-12355.335938,-12419.816406,64.480469
8169,-11505.797852,-11511.357422,5.559570
8170,-11002.787109,-11003.571289,0.784180
8171,-12374.659180,-12385.279297,10.620117
8172,-11577.788086,-11577.239258,0.548828
8173,-9509.625000,-9520.688477,11.063477
8174,-11466.017578,-11476.005859,9.988281
8175,-12913.349609,-12958.719727,45.370117
8176,-10452.718750,-10473.925781,21.207031
8177,-10214.239258,-10307.547852,93.308594
8178,-11943.373047,-11949.545898,6.172852
8179,-8820.575195,-8921.861328,101.286133
8180,-12770.241211,-12855.892578,85.651367
8181,-11584.855469,-11452.157227,132.698242
8182,-11967.550781,-11980.102539,12.551758
8183,-9495.459961,-9461.702148,33.757812
8184,-11925.149414,-11916.986328,8.163086
8185,-12365.982422,-12354.203125,11.779297
8186,-12791.850586,-12822.958984,31.108398
8187,-10406.284180,-10427.134766,20.850586
8188,-11919.074219,-11915.618164,3.456055
8189,-9247.347656,-9269.893555,22.545898
8190,-10901.865234,-10904.903320,3.038086
8191,-11569.416992,-11576.192383,6.775391
8192,-10941.582031,-10905.579102,36.002930
8193,-10948.301758,-10938.066406,10.235352
8194,-11576.132812,-11576.923828,0.791016
8195,-11363.251953,-11339.080078,24.171875
8196,-11930.268555,-11948.061523,17.792969
8197,-11506.678711,-11511.943359,5.264648
8198,-9525.114258,-9588.404297,63.290039
8199,-10505.587891,-10499.988281,5.599609
8200,-11979.151367,-11979.389648,0.238281
8201,-12862.458984,-12894.118164,31.659180
8202,-11976.383789,-11980.144531,3.760742
8203,-10917.215820,-10879.359375,37.856445
8204,-11921.218750,-11947.541016,26.322266
8205,-11362.455078,-11408.146484,45.691406
8206,-10940.430664,-10938.357422,2.073242
8207,-11961.732422,-11946.799805,14.932617
8208,-10412.071289,-10396.397461,15.673828
8209,-11505.085938,-11510.656250,5.570312
8210,-11954.952148,-11946.765625,8.186523
8211,-9921.800781,-9959.460938,37.660156
8212,-12386.234375,-12384.511719,1.722656
8213,-10795.411133,-10802.681641,7.270508
8214,-11708.159180,-11776.461914,68.302734
8215,-11362.653320,-11408.278320,45.625000
8216,-13479.168945,-13549.341797,70.172852
8217,-11982.933594,-11981.430664,1.502930
8218,-11942.809570,-11949.496094,6.686523
8219,-11958.839844,-11949.866211,8.973633
8220,-9924.210938,-9932.647461,8.436523
8221,-10242.453125,-10307.327148,64.874023
8222,-10536.720703,-10531.444336,5.276367
8223,-11463.227539,-11453.901367,9.326172
8224,-11135.295898,-11075.479492,59.816406
8225,-10761.351562,-10846.286133,84.934570
8226,-10449.846680,-10428.974609,20.872070
8227,-11574.584961,-11576.320312,1.735352
8228,-11521.379883,-11542.534180,21.154297
8229,-11905.403320,-11916.867188,11.463867
8230,-11379.120117,-11444.271484,65.151367
8231,-11917.454102,-11914.566406,2.887695
8232,-10967.969727,-10968.243164,0.273438
8233,-11561.681641,-11575.967773,14.286133
8234,-11337.044922,-11343.551758,6.506836
8235,-11301.894531,-11283.834961,18.059570
8236,-9103.474609,-9554.385742,450.911133
8237,-11541.315430,-11543.832031,2.516602
8238,-11003.606445,-11002.985352,0.621094
8239,-11509.181641,-11511.683594,2.501953
8240,-12965.291016,-12926.620117,38.670898
8241,-10942.660156,-10937.459961,5.200195
8242,-10500.022461,-10500.919922,0.897461
8243,-12319.634766,-12385.283203,65.648438
8244,-10530.486328,-10533.201172,2.714844
8245,-11495.109375,-11511.535156,16.425781
8246,-11383.455078,-11374.213867,9.241211
8247,-11365.179688,-11337.082031,28.097656
8248,-11538.163086,-11510.818359,27.344727
8249,-9483.219727,-9462.515625,20.704102
8250,-12003.353516,-11981.164062,22.189453
8251,-10567.622070,-10565.951172,1.670898
8252,-11930.056641,-11947.751953,17.695312
8253,-10922.046875,-10937.125000,15.078125
8254,-11692.709961,-11720.063477,27.353516
8255,-11506.189453,-11510.860352,4.670898
8256,-10879.017578,-10879.080078,0.062500
8257,-11519.519531,-11511.302734,8.216797
8258,-11481.835938,-11509.112305,27.276367
8259,-9932.848633,-9956.495117,23.646484
8260,-11929.531250,-11915.229492,14.301758
8261,-11935.916016,-11981.403320,45.487305
8262,-10959.025391,-10938.643555,20.381836
8263,-11939.607422,-11947.972656,8.365234
8264,-10959.928711,-10971.045898,11.117188
8265,-8448.889648,-8485.367188,36.477539
8266,-12396.796875,-12385.735352,11.061523
8267,-10758.885742,-10775.784180,16.898438
8268,-11014.379883,-10912.201172,102.178711
8269,-10534.918945,-10532.877930,2.041016
8270,-10945.537109,-10936.525391,9.011719
8271,-10330.804688,-10365.491211,34.686523
8272,-9544.906250,-9529.401367,15.504883
8273,-9924.740234,-9901.856445,22.883789
8274,-11920.752930,-11914.705078,6.047852
8275,-10545.007812,-10473.336914,71.670898
8276,-10527.889648,-10534.388672,6.499023
8277,-12396.750000,-12384.144531,12.605469
8278,-13478.048828,-13356.212891,121.835938
8279,-12369.661133,-12385.248047,15.586914
8280,-11947.394531,-11914.525391,32.869141
8281,-12546.053711,-12520.583984,25.469727
8282,-10318.858398,-10340.067383,21.208984
8283,-11537.911133,-11545.424805,7.513672
8284,-11842.343750,-11811.435547,30.908203
8285,-10941.044922,-10938.004883,3.040039
8286,-11511.117188,-11511.555664,0.438477
8287,-9977.870117,-9965.859375,12.010742
8288,-11511.362305,-11509.495117,1.867188
8289,-11550.336914,-11542.680664,7.656250
8290,-11451.385742,-11441.546875,9.838867
8291,-10560.726562,-10566.027344,5.300781
8292,-15645.210938,-15761.713867,116.502930
8293,-11267.720703,-11270.760742,3.040039
8294,-11918.536133,-11914.383789,4.152344
8295,-12360.032227,-12386.044922,26.012695
8296,-11948.521484,-11950.592773,2.071289
8297,-9859.272461,-9869.872070,10.599609
8298,-11943.384766,-11947.150391,3.765625
8299,-10496.878906,-10498.797852,1.918945
8300,-9874.676758,-9890.994141,16.317383
8301,-11963.181641,-11980.631836,17.450195
8302,-12528.757812,-12555.007812,26.250000
8303,-9920.410156,-9809.658203,110.751953
8304,-9584.386719,-9562.645508,21.741211
8305,-8931.538086,-8921.448242,10.089844
8306,-9925.421875,-9927.094727,1.672852
8307,-10394.779297,-10362.972656,31.806641
8308,-10549.455078,-10566.472656,17.017578
8309,-11715.315430,-11744.338867,29.023438
8310,-12913.406250,-12926.215820,12.809570
8311,-12513.503906,-12489.172852,24.331055
8312,-11029.112305,-11003.777344,25.334961
8313,-12867.716797,-12894.256836,26.540039
8314,-11936.351562,-11913.519531,22.832031
8315,-12904.598633,-12925.439453,20.840820
8316,-9533.983398,-9554.107422,20.124023
8317,-12982.938477,-13007.465820,24.527344
8318,-13186.404297,-13228.670898,42.266602
8319,-9548.499023,-9554.481445,5.982422
8320,-10523.405273,-10533.125000,9.719727
8321,-14346.408203,-14516.166016,169.757812
8322,-11400.360352,-11407.305664,6.945312
8323,-10458.344727,-10465.333984,6.989258
8324,-9541.536133,-9521.197266,20.338867
8325,-9911.870117,-9903.081055,8.789062
8326,-11488.172852,-11510.023438,21.850586
8327,-11469.927734,-11476.754883,6.827148
8328,-10925.221680,-10905.436523,19.785156
8329,-10978.779297,-10969.088867,9.690430
8330,-10350.156250,-10372.579102,22.422852
8331,-10978.239258,-10970.851562,7.387695
8332,-12311.052734,-12351.716797,40.664062
8333,-11499.956055,-11509.879883,9.923828
8334,-11404.811523,-11349.339844,55.471680
8335,-9435.390625,-9429.752930,5.637695
8336,-10287.560547,-10336.437500,48.876953
8337,-11069.766602,-11179.326172,109.559570
8338,-12520.334961,-12521.187500,0.852539
8339,-13484.075195,-13499.000977,14.925781
8340,-9945.468750,-9924.243164,21.225586
8341,-11654.470703,-11707.341797,52.871094
8342,-10454.189453,-10466.426758,12.237305
8343,-11849.410156,-11876.542969,27.132812
8344,-12515.324219,-12521.201172,5.876953
8345,-10768.547852,-10834.032227,65.484375
8346,-10989.375977,-11001.890625,12.514648
8347,-10920.947266,-10911.299805,9.647461
8348,-11908.936523,-11981.163086,72.226562
8349,-8968.342773,-9164.949219,196.606445
8350,-12953.871094,-12926.217773,27.653320
8351,-12501.017578,-12488.236328,12.781250
8352,-12400.595703,-12287.675781,112.919922
8353,-12394.526367,-12385.682617,8.843750
8354,-11489.194336,-11511.751953,22.557617
8355,-12719.171875,-12787.571289,68.399414
8356,-12206.205078,-12250.229492,44.024414
8357,-10935.653320,-10877.754883,57.898438
8358,-10506.523438,-10499.044922,7.478516
8359,-8052.986328,-7821.665527,231.320801
8360,-11991.387695,-11946.026367,45.361328
8361,-7922.545898,-7762.767578,159.778320
8362,-10933.960938,-10938.336914,4.375977
8363,-11438.805664,-11440.538086,1.732422
8364,-11925.726562,-11948.291016,22.564453
8365,-10945.506836,-10938.838867,6.667969
8366,-11489.755859,-11509.429688,19.673828
8367,-12507.861328,-12487.923828,19.937500
8368,-10535.090820,-10532.980469,2.110352
8369,-12523.622070,-12521.503906,2.118164
8370,-13338.381836,-13364.192383,25.810547
8371,-9927.115234,-9900.378906,26.736328
8372,-10979.012695,-10969.859375,9.153320
8373,-11824.062500,-11848.789062,24.726562
8374,-11879.887695,-11882.185547,2.297852
8375,-10968.679688,-10968.705078,0.025391
8376,-10540.065430,-10531.947266,8.118164
8377,-11518.284180,-11543.732422,25.448242
8378,-10571.580078,-10566.438477,5.141602
8379,-11428.654297,-11442.953125,14.298828
8380,-7813.576172,-7854.524902,40.948730
8381,-11003.823242,-11001.972656,1.850586
8382,-11399.880859,-11374.237305,25.643555
8383,-9432.789062,-9429.281250,3.507812
8384,-10539.268555,-10532.277344,6.991211
8385,-11037.564453,-11034.958984,2.605469
8386,-10950.526367,-10938.409180,12.117188
8387,-10534.816406,-10532.416016,2.400391
8388,-10971.760742,-10969.805664,1.955078
8389,-11826.603516,-11812.076172,14.527344
8390,-10568.720703,-10565.155273,3.565430
8391,-11491.015625,-11485.055664,5.959961
8392,-11457.567383,-11439.975586,17.591797
8393,-9596.142578,-9471.196289,124.946289
8394,-9915.696289,-9924.906250,9.209961
8395,-10596.531250,-10598.409180,1.877930
8396,-11960.549805,-11980.265625,19.715820
8397,-11961.947266,-11981.025391,19.078125
8398,-11954.595703,-11949.470703,5.125000
8399,-11973.198242,-11982.287109,9.088867
8400,-10966.939453,-10870.234375,96.705078
8401,-8562.154297,-8452.250000,109.904297
8402,-10530.326172,-10533.005859,2.679688
8403,-10986.213867,-10968.293945,17.919922
8404,-11960.261719,-11946.147461,14.114258
8405,-9568.529297,-9554.276367,14.252930
8406,-12966.456055,-12992.013672,25.557617
8407,-11916.728516,-11916.061523,0.666992
8408,-11469.392578,-11477.500000,8.107422
8409,-11504.082031,-11510.585938,6.503906
8410,-10210.255859,-10234.262695,24.006836
8411,-11500.169922,-11512.306641,12.136719
8412,-12411.457031,-12383.916016,27.541016
8413,-11931.702148,-11916.666016,15.036133
8414,-10961.875000,-10970.473633,8.598633
8415,-11400.189453,-11372.250000,27.939453
8416,-10565.343750,-10565.076172,0.267578
8417,-10872.319336,-10872.935547,0.616211
8418,-10804.562500,-10801.514648,3.047852
8419,-10722.916016,-10774.982422,52.066406
8420,-8860.913086,-8921.731445,60.818359
8421,-11975.901367,-11979.548828,3.647461
8422,-11316.967773,-11310.315430,6.652344
8423,-11520.814453,-11510.909180,9.905273
8424,-12564.945312,-12520.916016,44.029297
8425,-10284.050781,-10296.545898,12.495117
8426,-11372.783203,-11408.026367,35.243164
8427,-9198.387695,-8857.503906,340.883789
8428,-9237.690430,-9602.207031,364.516602
8429,-12488.015625,-12489.842773,1.827148
8430,-10556.477539,-10566.150391,9.672852
8431,-9876.762695,-9991.628906,114.866211
8432,-12573.732422,-12554.648438,19.083984
8433,-11966.349609,-11948.123047,18.226562
8434,-11007.876953,-11004.018555,3.858398
8435,-10516.746094,-10473.653320,43.092773
8436,-11979.077148,-12030.245117,51.167969
8437,-10560.435547,-10565.487305,5.051758
8438,-9538.130859,-9554.703125,16.572266
8439,-11929.546875,-11913.087891,16.458984
8440,-10567.693359,-10598.279297,30.585938
8441,-9990.766602,-9965.542969,25.223633
8442,-10531.011719,-10532.069336,1.057617
8443,-10510.637695,-10500.180664,10.457031
8444,-10772.819336,-10829.459961,56.640625
8445,-10917.142578,-10936.997070,19.854492
8446,-12497.464844,-12487.523438,9.941406
8447,-11919.829102,-11912.948242,6.880859
8448,-10863.239258,-10834.302734,28.936523
8449,-11490.856445,-11510.859375,20.002930
8450,-12014.575195,-12013.068359,1.506836
8451,-10506.914062,-10500.298828,6.615234
8452,-10510.409180,-10499.939453,10.469727
8453,-12375.619141,-12466.475586,90.856445
8454,-9835.894531,-9869.030273,33.135742
8455,-12346.976562,-12352.100586,5.124023
8456,-11912.925781,-11914.337891,1.412109
8457,-12461.341797,-12454.754883,6.586914
8458,-11782.971680,-11779.117188,3.854492
8459,-11925.608398,-11915.464844,10.143555
8460,-8872.790039,-8890.411133,17.621094
8461,-10569.859375,-10566.562500,3.296875
8462,-9897.902344,-9901.343750,3.441406
8463,-12348.462891,-12384.160156,35.697266
8464,-10967.120117,-10969.778320,2.658203
8465,-13475.880859,-13499.157227,23.276367
8466,-12006.809570,-12014.458984,7.649414
8467,-11006.454102,-10970.488281,35.965820
8468,-9352.976562,-9296.715820,56.260742
8469,-12350.704102,-12352.800781,2.096680
8470,-8925.512695,-8888.641602,36.871094
8471,-11927.551758,-11915.578125,11.973633
8472,-11967.963867,-11949.432617,18.531250
8473,-12468.143555,-12487.916992,19.773438
8474,-12928.851562,-12925.600586,3.250977
8475,-8448.251953,-8393.903320,54.348633
8476,-9750.362305,-9733.494141,16.868164
8477,-10504.399414,-10497.434570,6.964844
8478,-11413.511719,-11406.553711,6.958008
8479,-9947.078125,-9957.276367,10.198242
8480,-12391.499023,-12385.198242,6.300781
8481,-12502.619141,-12486.831055,15.788086
8482,-11373.601562,-11374.061523,0.459961
8483,-10903.416016,-10905.251953,1.835938
8484,-10421.850586,-10440.953125,19.102539
8485,-10594.263672,-10598.446289,4.182617
8486,-12330.341797,-12353.335938,22.994141
8487,-12448.566406,-12418.000977,30.565430
8488,-10940.105469,-10936.107422,3.998047
8489,-10997.709961,-11004.042969,6.333008
8490,-8886.367188,-8833.528320,52.838867
8491,-10982.459961,-10969.434570,13.025391
8492,-12485.750977,-12488.633789,2.882812
8493,-9961.440430,-9957.892578,3.547852
8494,-11423.254883,-11439.617188,16.362305
8495,-11979.380859,-12013.617188,34.236328
8496,-10957.305664,-10878.214844,79.090820
8497,-9525.974609,-9495.230469,30.744141
8498,-13246.762695,-13332.369141,85.606445
8499,-9522.961914,-9496.280273,26.681641
8500,-10307.883789,-10339.352539,31.468750
8501,-11817.062500,-11844.325195,27.262695
8502,-11550.052734,-11544.291016,5.761719
8503,-11561.210938,-11576.187500,14.976562
8504,-8259.572266,-8227.469727,32.102539
8505,-11480.896484,-11479.034180,1.862305
8506,-10970.110352,-10937.462891,32.647461
8507,-11466.408203,-11478.710938,12.302734
8508,-10527.114258,-10533.954102,6.839844
8509,-12977.483398,-13007.605469,30.122070
8510,-10535.420898,-10532.846680,2.574219
8511,-11966.623047,-11947.977539,18.645508
8512,-12342.469727,-12352.760742,10.291016
8513,-9873.529297,-9866.823242,6.706055
8514,-9916.053711,-9934.596680,18.542969
8515,-12184.721680,-12247.918945,63.197266
8516,-10590.549805,-10599.694336,9.144531
8517,-9277.263672,-9719.137695,441.874023
8518,-11900.738281,-11884.449219,16.289062
8519,-11520.915039,-11543.796875,22.881836
8520,-10354.980469,-10397.961914,42.981445
8521,-11444.673828,-11478.187500,33.513672
8522,-8320.225586,-8485.487305,165.261719
8523,-10527.837891,-10532.838867,5.000977
8524,-9538.101562,-9555.040039,16.938477
8525,-9536.191406,-9530.220703,5.970703
8526,-9941.972656,-9959.721680,17.749023
8527,-11525.609375,-11544.768555,19.159180
8528,-12970.501953,-12958.580078,11.921875
8529,-12533.218750,-12521.403320,11.815430
8530,-10803.988281,-10838.738281,34.750000
8531,-12318.245117,-12385.388672,67.143555
8532,-10945.846680,-10937.733398,8.113281
8533,-11945.714844,-11947.519531,1.804688
8534,-11346.083984,-11375.473633,29.389648
8535,-12530.609375,-12520.523438,10.085938
8536,-11763.470703,-11780.094727,16.624023
8537,-9591.655273,-9555.766602,35.888672
8538,-11394.435547,-11406.658203,12.222656
8539,-10561.018555,-10565.625000,4.606445
8540,-11511.531250,-11509.219727,2.311523
8541,-11814.428711,-11844.240234,29.811523
8542,-10893.476562,-10901.466797,7.990234
8543,-10506.113281,-10499.508789,6.604492
8544,-11328.765625,-11373.628906,44.863281
8545,-10917.666992,-10936.999023,19.332031
8546,-9930.384766,-9957.489258,27.104492
8547,-10542.854492,-10533.341797,9.512695
8548,-10522.465820,-10531.628906,9.163086
8549,-11457.650391,-11444.866211,12.784180
8550,-11472.884766,-11517.924805,45.040039
8551,-10469.721680,-10462.364258,7.357422
8552,-10561.142578,-10566.059570,4.916992
8553,-11858.032227,-11811.310547,46.721680
8554,-12902.944336,-12895.764648,7.179688
8555,-10947.119141,-10935.807617,11.311523
8556,-11512.054688,-11509.707031,2.347656
8557,-10839.624023,-10837.615234,2.008789
8558,-11476.232422,-11479.875000,3.642578
8559,-11491.305664,-11477.663086,13.642578
8560,-11969.713867,-11980.982422,11.268555
8561,-10538.278320,-10532.072266,6.206055
8562,-12923.552734,-12959.793945,36.241211
8563,-10499.622070,-10498.961914,0.660156
8564,-12318.236328,-12320.375977,2.139648
8565,-10920.920898,-10880.181641,40.739258
8566,-10967.051758,-10936.276367,30.775391
8567,-10372.015625,-10396.121094,24.105469
8568,-11353.376953,-11340.993164,12.383789
8569,-9493.748047,-9429.762695,63.985352
8570,-10506.981445,-10498.636719,8.344727
8571,-11036.384766,-11034.909180,1.475586
8572,-11621.153320,-11675.818359,54.665039
8573,-12918.689453,-12958.086914,39.397461
8574,-10938.035156,-10933.671875,4.363281
8575,-10745.354492,-10771.002930,25.648438
8576,-10420.225586,-10473.377930,53.152344
8577,-12546.302734,-12522.282227,24.020508
8578,-10535.727539,-10532.297852,3.429688
8579,-10960.652344,-10969.497070,8.844727
8580,-11483.270508,-11479.281250,3.989258
8581,-12367.763672,-12384.318359,16.554688
8582,-9990.841797,-9990.862305,0.020508
8583,-12508.695312,-12485.049805,23.645508
8584,-12549.079102,-12553.740234,4.661133
8585,-10443.585938,-10430.084961,13.500977
8586,-10498.958984,-10498.270508,0.688477
8587,-12510.162109,-12520.486328,10.324219
8588,-10543.541992,-10533.420898,10.121094
8589,-11795.676758,-11812.955078,17.278320
8590,-10551.220703,-10533.148438,18.072266
8591,-10931.250977,-10937.730469,6.479492
8592,-10532.381836,-10534.379883,1.998047
8593,-10499.845703,-10497.548828,2.296875
8594,-10777.494141,-10800.753906,23.259766
8595,-11866.641602,-11881.948242,15.306641
8596,-10975.420898,-10969.283203,6.137695
8597,-9954.264648,-9958.077148,3.812500
8598,-12476.492188,-12521.924805,45.432617
8599,-10337.308594,-10304.196289,33.112305
8600,-12468.681641,-12489.766602,21.084961
8601,-11410.269531,-11407.853516,2.416016
8602,-11008.789062,-10878.578125,130.210938
8603,-12495.064453,-12520.842773,25.778320
8604,-12516.081055,-12519.816406,3.735352
8605,-9925.779297,-9959.660156,33.880859
8606,-12908.572266,-12925.625000,17.052734
8607,-10555.311523,-10565.747070,10.435547
8608,-10544.220703,-10534.001953,10.218750
8609,-11526.012695,-11542.773438,16.760742
8610,-11949.468750,-11948.607422,0.861328
8611,-12928.881836,-12926.518555,2.363281
8612,-10967.962891,-10969.089844,1.126953
8613,-12536.426758,-12553.958008,17.531250
8614,-12406.896484,-12385.704102,21.192383
8615,-12533.973633,-12570.707031,36.733398
8616,-9616.355469,-9587.632812,28.722656
8617,-9282.162109,-9430.014648,147.852539
8618,-9647.614258,-9733.314453,85.700195
8619,-12541.422852,-12489.737305,51.685547
8620,-11480.914062,-11510.909180,29.995117
8621,-10995.887695,-10968.843750,27.043945
8622,-11413.125000,-11407.905273,5.219727
8623,-10530.828125,-10532.771484,1.943359
8624,-13373.417969,-13468.294922,94.876953
8625,-11495.260742,-11510.164062,14.903320
8626,-12892.965820,-12894.212891,1.247070
8627,-10879.573242,-10868.502930,11.070312
8628,-10576.018555,-10598.442383,22.423828
8629,-11972.230469,-11915.700195,56.530273
8630,-11925.504883,-11946.541992,21.037109
8631,-11376.524414,-11376.051758,0.472656
8632,-11000.805664,-11001.690430,0.884766
8633,-10955.729492,-10933.848633,21.880859
8634,-11332.103516,-11342.352539,10.249023
8635,-11936.335938,-11948.639648,12.303711
8636,-8814.613281,-8897.344727,82.731445
8637,-10559.947266,-10564.485352,4.538086
8638,-12395.800781,-12419.101562,23.300781
8639,-11451.125977,-11477.949219,26.823242
8640,-10959.024414,-10968.003906,8.979492
8641,-10734.960938,-10775.334961,40.374023
8642,-12167.608398,-12319.179688,151.571289
8643,-10849.447266,-10800.923828,48.523438
8644,-11821.242188,-11844.144531,22.902344
8645,-12235.431641,-12318.747070,83.315430
8646,-11490.577148,-11510.424805,19.847656
8647,-10989.604492,-10970.026367,19.578125
8648,-11780.846680,-11778.188477,2.658203
8649,-10915.641602,-10848.038086,67.603516
8650,-12842.867188,-12823.229492,19.637695
8651,-8391.241211,-8452.017578,60.776367
8652,-11502.352539,-11510.586914,8.234375
8653,-10838.278320,-10832.045898,6.232422
8654,-10530.399414,-10533.454102,3.054688
8655,-12964.162109,-12927.335938,36.826172
8656,-10820.986328,-10768.458008,52.528320
8657,-9923.188477,-9957.760742,34.572266
8658,-10461.642578,-10472.763672,11.121094
8659,-10552.256836,-10532.920898,19.335938
8660,-10951.451172,-10933.777344,17.673828
8661,-12495.494141,-12487.662109,7.832031
8662,-11503.309570,-11511.259766,7.950195
8663,-10920.652344,-10903.555664,17.096680
8664,-10930.238281,-10906.688477,23.549805
8665,-8392.772461,-8394.903320,2.130859
8666,-10890.389648,-10905.337891,14.948242
8667,-11469.983398,-11452.236328,17.747070
8668,-9398.917969,-9371.776367,27.141602
8669,-11887.101562,-11915.526367,28.424805
8670,-9645.804688,-9731.169922,85.365234
8671,-11965.806641,-11947.909180,17.897461
8672,-10562.149414,-10507.411133,54.738281
8673,-11391.068359,-11406.569336,15.500977
8674,-10559.743164,-10566.397461,6.654297
8675,-11495.135742,-11511.395508,16.259766
8676,-10842.277344,-10879.759766,37.482422
8677,-11546.058594,-11543.310547,2.748047
8678,-11484.779297,-11478.736328,6.042969
8679,-11313.018555,-11316.525391,3.506836
8680,-11053.269531,-11036.345703,16.923828
8681,-10529.433594,-10533.751953,4.318359
8682,-10933.913086,-10903.500000,30.413086
8683,-9956.660156,-9956.568359,0.091797
8684,-10294.246094,-10370.953125,76.707031
8685,-10916.499023,-10902.262695,14.236328
8686,-10536.665039,-10532.947266,3.717773
8687,-11508.298828,-11510.298828,2.000000
8688,-10021.121094,-10170.488281,149.367188
8689,-13344.408203,-13363.984375,19.576172
8690,-11969.650391,-11980.181641,10.531250
8691,-11340.596680,-11339.430664,1.166016
8692,-9517.688477,-9521.251953,3.563477
8693,-11778.236328,-11843.971680,65.735352
8694,-11337.362305,-11342.929688,5.567383
8695,-10536.699219,-10533.527344,3.171875
8696,-11948.128906,-11948.365234,0.236328
8697,-10473.170898,-10506.920898,33.750000
8698,-10915.085938,-10936.649414,21.563477
8699,-11370.066406,-11372.997070,2.930664
8700,-9466.077148,-9497.106445,31.029297
8701,-10531.163086,-10533.621094,2.458008
8702,-9469.652344,-9588.704102,119.051758
8703,-10388.717773,-10396.121094,7.403320
8704,-10989.199219,-11001.721680,12.522461
8705,-11805.698242,-11810.318359,4.620117
8706,-10559.582031,-10565.951172,6.369141
8707,-11948.505859,-11945.987305,2.518555
8708,-9497.771484,-9520.109375,22.337891
8709,-11059.750977,-11003.522461,56.228516
8710,-11417.527344,-11444.895508,27.368164
8711,-9590.919922,-9529.950195,60.969727
8712,-11494.666992,-11510.751953,16.084961
8713,-11531.345703,-11543.158203,11.812500
8714,-11756.559570,-11779.384766,22.825195
8715,-11798.583984,-11754.028320,44.555664
8716,-11333.711914,-11374.231445,40.519531
8717,-11963.731445,-11948.618164,15.113281
8718,-11000.245117,-11001.713867,1.468750
8719,-9492.941406,-9497.291992,4.350586
8720,-11531.351562,-11542.546875,11.195312
8721,-11323.698242,-11342.606445,18.908203
8722,-9953.706055,-9967.926758,14.220703
8723,-9996.225586,-10025.921875,29.696289
8724,-11955.927734,-11979.439453,23.511719
8725,-9899.634766,-9900.551758,0.916992
8726,-12451.103516,-12454.708008,3.604492
8727,-10975.958008,-10969.769531,6.188477
8728,-12298.349609,-12288.933594,9.416016
8729,-9493.994141,-9529.041992,35.047852
8730,-10917.775391,-10904.660156,13.115234
8731,-10502.355469,-10500.116211,2.239258
8732,-11806.865234,-11812.146484,5.281250
8733,-11987.881836,-12012.872070,24.990234
8734,-11976.391602,-11949.080078,27.311523
8735,-12967.633789,-12975.266602,7.632812
8736,-11375.970703,-11375.238281,0.732422
8737,-8880.071289,-8856.572266,23.499023
8738,-11927.012695,-11947.570312,20.557617
8739,-10556.656250,-10566.671875,10.015625
8740,-11542.600586,-11544.403320,1.802734
8741,-8466.628906,-8552.835938,86.207031
8742,-12936.297852,-12926.159180,10.138672
8743,-11530.951172,-11543.052734,12.101562
8744,-12950.083008,-12925.244141,24.838867
8745,-10978.257812,-10970.620117,7.637695
8746,-10798.447266,-10802.438477,3.991211
8747,-11595.788086,-11609.333984,13.545898
8748,-11944.673828,-11946.321289,1.647461
8749,-11998.535156,-11978.778320,19.756836
8750,-11541.707031,-11544.133789,2.426758
8751,-9468.032227,-9463.979492,4.052734
8752,-11955.214844,-11981.578125,26.363281
8753,-10555.509766,-10565.423828,9.914062
8754,-7688.630859,-7854.758301,166.127441
8755,-10495.712891,-10497.979492,2.266602
8756,-12492.298828,-12490.010742,2.288086
8757,-12868.410156,-12895.294922,26.884766
8758,-10504.157227,-10497.730469,6.426758
8759,-11566.574219,-11575.729492,9.155273
8760,-15131.965820,-15357.625000,225.659180
8761,-10834.605469,-10833.349609,1.255859
8762,-10548.979492,-10565.993164,17.013672
8763,-9957.189453,-9956.721680,0.467773
8764,-12407.173828,-12386.600586,20.573242
8765,-10898.817383,-10866.117188,32.700195
8766,-12027.978516,-11936.508789,91.469727
8767,-10535.855469,-10533.682617,2.172852
8768,-12333.767578,-12319.556641,14.210938
8769,-10543.593750,-10533.576172,10.017578
8770,-12372.548828,-12385.082031,12.533203
8771,-10346.492188,-10364.271484,17.779297
8772,-10957.509766,-10934.181641,23.328125
8773,-12500.937500,-12488.550781,12.386719
8774,-11918.857422,-11915.588867,3.268555
8775,-11348.144531,-11343.684570,4.459961
8776,-10853.519531,-10881.604492,28.084961
8777,-10943.683594,-10936.611328,7.072266
8778,-10538.320312,-10535.067383,3.252930
8779,-10406.625000,-10433.507812,26.882812
8780,-12911.830078,-12893.718750,18.111328
8781,-10525.628906,-10506.417969,19.210938
8782,-10688.429688,-10637.716797,50.712891
8783,-10966.395508,-10936.172852,30.222656
8784,-13063.086914,-12914.573242,148.513672
8785,-11945.769531,-11945.876953,0.107422
8786,-11880.303711,-11915.108398,34.804688
8787,-11496.623047,-11508.569336,11.946289
8788,-10360.139648,-10328.539062,31.600586
8789,-12507.726562,-12520.292969,12.566406
8790,-11574.292969,-11575.819336,1.526367
8791,-10953.691406,-10911.875000,41.816406
8792,-11928.203125,-11913.396484,14.806641
8793,-11815.704102,-11844.191406,28.487305
8794,-11167.362305,-11205.154297,37.791992
8795,-10520.248047,-10475.706055,44.541992
8796,-11893.020508,-11914.550781,21.530273
8797,-9803.944336,-9868.747070,64.802734
8798,-9550.574219,-9553.476562,2.902344
8799,-11925.961914,-11947.671875,21.709961
8800,-11462.998047,-11479.066406,16.068359
8801,-11531.204102,-11543.185547,11.981445
8802,-11922.359375,-11915.226562,7.132812
8803,-11422.774414,-11443.129883,20.355469
8804,-10965.462891,-10969.542969,4.080078
8805,-12151.656250,-12247.647461,95.991211
8806,-10450.595703,-10465.489258,14.893555
8807,-10348.551758,-10362.847656,14.295898
8808,-11383.196289,-11373.250977,9.945312
8809,-12364.695312,-12354.867188,9.828125
8810,-10956.227539,-10938.224609,18.002930
8811,-10231.672852,-10274.405273,42.732422
8812,-12369.957031,-12385.052734,15.095703
8813,-10997.047852,-10938.699219,58.348633
8814,-11496.772461,-11511.492188,14.719727
8815,-10540.824219,-10531.423828,9.400391
8816,-10537.954102,-10532.964844,4.989258
8817,-10827.031250,-10801.390625,25.640625
8818,-10996.280273,-10968.526367,27.753906
8819,-10539.500000,-10533.441406,6.058594
8820,-11509.787109,-11510.217773,0.430664
8821,-11410.054688,-11406.102539,3.952148
8822,-9966.920898,-9933.267578,33.653320
8823,-10421.961914,-10395.058594,26.903320
8824,-9915.055664,-9926.404297,11.348633
8825,-11388.943359,-11376.858398,12.084961
8826,-12716.027344,-12791.385742,75.358398
8827,-11405.469727,-11405.492188,0.022461
8828,-11408.678711,-11408.383789,0.294922
8829,-11918.355469,-11879.996094,38.359375
8830,-10541.558594,-10533.118164,8.440430
8831,-10535.470703,-10533.459961,2.010742
8832,-11976.109375,-11980.129883,4.020508
8833,-12508.295898,-12522.895508,14.599609
8834,-11905.968750,-11915.617188,9.648438
8835,-10419.419922,-10440.649414,21.229492
8836,-9500.555664,-9497.228516,3.327148
8837,-12498.333984,-12488.925781,9.408203
8838,-10405.992188,-10395.108398,10.883789
8839,-9344.005859,-8954.733398,389.272461
8840,-11529.987305,-11542.945312,12.958008
8841,-10750.160156,-10798.690430,48.530273
8842,-9923.036133,-9923.987305,0.951172
8843,-12386.989258,-12417.460938,30.471680
8844,-10453.566406,-10474.514648,20.948242
8845,-11528.719727,-11543.732422,15.012695
8846,-12871.706055,-12893.747070,22.041016
8847,-11549.875000,-11511.239258,38.635742
8848,-9879.853516,-9901.312500,21.458984
8849,-11507.869141,-11511.168945,3.299805
8850,-10300.907227,-10441.020508,140.113281
8851,-11557.677734,-11576.917969,19.240234
8852,-10563.879883,-10564.245117,0.365234
8853,-11766.953125,-11810.278320,43.325195
8854,-10947.461914,-10938.871094,8.590820
8855,-11372.576172,-11373.548828,0.972656
8856,-10532.096680,-10531.838867,0.257812
8857,-10925.907227,-10936.554688,10.647461
8858,-10536.840820,-10533.028320,3.812500
8859,-10023.508789,-9992.274414,31.234375
8860,-12516.449219,-12522.224609,5.775391
8861,-12137.505859,-12145.327148,7.821289
8862,-9925.466797,-9933.681641,8.214844
8863,-10312.137695,-10333.572266,21.434570
8864,-9533.249023,-9529.339844,3.909180
8865,-12855.438477,-12894.834961,39.396484
8866,-11517.435547,-11543.684570,26.249023
8867,-10979.503906,-10969.735352,9.768555
8868,-11766.836914,-11811.700195,44.863281
8869,-11516.375000,-11543.502930,27.127930
8870,-9522.516602,-9529.241211,6.724609
8871,-10534.450195,-10532.620117,1.830078
8872,-10285.872070,-10800.671875,514.799805
8873,-10993.457031,-11000.702148,7.245117
8874,-11000.077148,-10944.329102,55.748047
8875,-11541.454102,-11542.190430,0.736328
8876,-11371.773438,-11374.857422,3.083984
8877,-11522.241211,-11452.661133,69.580078
8878,-10935.103516,-10936.489258,1.385742
8879,-10976.066406,-10969.787109,6.279297
8880,-11959.182617,-11948.563477,10.619141
8881,-10588.085938,-10598.463867,10.377930
8882,-11775.616211,-11746.616211,29.000000
8883,-11862.739258,-11883.688477,20.949219
8884,-11539.282227,-11543.598633,4.316406
8885,-11534.016602,-11542.756836,8.740234
8886,-10982.575195,-10968.273438,14.301758
8887,-10458.029297,-10466.646484,8.617188
8888,-12517.913086,-12522.413086,4.500000
8889,-11387.809570,-11408.118164,20.308594
8890,-9428.931641,-9463.107422,34.175781
8891,-11973.416992,-11979.438477,6.021484
8892,-12455.392578,-12456.413086,1.020508
8893,-12919.894531,-12926.188477,6.293945
8894,-11516.498047,-11543.611328,27.113281
8895,-11574.311523,-11575.710938,1.399414
8896,-10543.153320,-10531.830078,11.323242
8897,-10559.377930,-10565.190430,5.812500
8898,-10781.209961,-10838.690430,57.480469
8899,-8999.317383,-8921.822266,77.495117
8900,-12409.528320,-12385.223633,24.304688
8901,-10504.440430,-10500.222656,4.217773
8902,-11454.236328,-11477.591797,23.355469
8903,-9819.666992,-10057.085938,237.418945
8904,-11341.548828,-11371.181641,29.632812
8905,-11588.188477,-11576.024414,12.164062
8906,-11809.554688,-11812.508789,2.954102
8907,-10591.653320,-10539.562500,52.090820
8908,-10999.727539,-10969.591797,30.135742
8909,-8999.399414,-9525.242188,525.842773
8910,-11506.096680,-11509.609375,3.512695
8911,-11923.368164,-11912.569336,10.798828
8912,-11474.993164,-11452.553711,22.439453
8913,-11959.369141,-11981.994141,22.625000
8914,-10471.587891,-10466.711914,4.875977
8915,-11955.122070,-11947.954102,7.167969
8916,-11338.340820,-11341.377930,3.037109
8917,-12392.949219,-12417.247070,24.297852
8918,-10766.032227,-10775.523438,9.491211
8919,-11926.447266,-11948.320312,21.873047
8920,-10536.675781,-10532.552734,4.123047
8921,-10564.345703,-10565.303711,0.958008
8922,-9522.793945,-9496.399414,26.394531
8923,-10550.281250,-10534.509766,15.771484
8924,-13311.693359,-13397.246094,85.552734
8925,-10970.172852,-10970.282227,0.109375
8926,-11939.607422,-11948.772461,9.165039
8927,-11921.416992,-11913.417969,7.999023
8928,-10961.317383,-10970.752930,9.435547
8929,-12368.610352,-12351.310547,17.299805
8930,-10368.467773,-10338.117188,30.350586
8931,-10536.413086,-10533.748047,2.665039
8932,-10613.068359,-10631.271484,18.203125
8933,-8435.313477,-8453.235352,17.921875
8934,-10344.537109,-10638.763672,294.226562
8935,-10578.146484,-10565.362305,12.784180
8936,-12458.312500,-12418.384766,39.927734
8937,-9603.993164,-9588.590820,15.402344
8938,-9588.233398,-9588.961914,0.728516
8939,-11916.645508,-11915.276367,1.369141
8940,-14791.563477,-14952.400391,160.836914
8941,-11504.386719,-11508.755859,4.369141
8942,-9836.234375,-9867.995117,31.760742
8943,-9431.294922,-9496.378906,65.083984
8944,-10403.617188,-10441.040039,37.422852
8945,-12939.761719,-12959.679688,19.917969
8946,-11576.359375,-11576.978516,0.619141
8947,-12509.337891,-12520.478516,11.140625
8948,-10295.240234,-10339.774414,44.534180
8949,-12327.862305,-12384.294922,56.432617
8950,-9919.015625,-9925.424805,6.409180
8951,-10571.973633,-10566.150391,5.823242
8952,-11539.680664,-11543.554688,3.874023
8953,-12479.005859,-12457.786133,21.219727
8954,-9969.767578,-9958.376953,11.390625
8955,-9845.742188,-9868.202148,22.459961
8956,-11957.917969,-11945.930664,11.987305
8957,-11300.920898,-11343.096680,42.175781
8958,-11512.981445,-11517.940430,4.958984
8959,-9500.212891,-9497.093750,3.119141
8960,-11828.072266,-11811.406250,16.666016
8961,-9936.056641,-9924.595703,11.460938
8962,-10839.638672,-10799.436523,40.202148
8963,-10727.858398,-10770.354492,42.496094
8964,-11401.269531,-11408.297852,7.028320
8965,-10309.096680,-10332.303711,23.207031
8966,-10020.676758,-9989.993164,30.683594
8967,-10952.240234,-10934.661133,17.579102
8968,-12946.267578,-12958.817383,12.549805
8969,-10538.108398,-10533.189453,4.918945
8970,-11366.822266,-11375.344727,8.522461
8971,-11928.022461,-11948.397461,20.375000
8972,-12367.604492,-12384.281250,16.676758
8973,-11599.638672,-11823.611328,223.972656
8974,-11469.322266,-11476.931641,7.609375
8975,-12817.668945,-12822.629883,4.960938
8976,-12371.312500,-12353.004883,18.307617
8977,-15126.353516,-15325.723633,199.370117
8978,-12344.347656,-12353.000000,8.652344
8979,-9515.078125,-9522.482422,7.404297
8980,-7317.865234,-7449.546875,131.681641
8981,-11534.914062,-11543.070312,8.156250
8982,-11814.049805,-11779.688477,34.361328
8983,-12404.120117,-12385.964844,18.155273
8984,-10709.819336,-10743.276367,33.457031
8985,-12303.605469,-12319.908203,16.302734
8986,-11835.162109,-11810.274414,24.887695
8987,-11357.452148,-11373.712891,16.260742
8988,-10358.541016,-10395.955078,37.414062
8989,-11973.063477,-11947.681641,25.381836
8990,-11012.341797,-10970.513672,41.828125
8991,-12351.492188,-12351.305664,0.186523
8992,-10498.105469,-10501.008789,2.903320
8993,-12350.219727,-12386.514648,36.294922
8994,-10591.295898,-10598.391602,7.095703
8995,-10417.802734,-10474.532227,56.729492
8996,-11938.296875,-11948.067383,9.770508
8997,-10908.455078,-10900.587891,7.867188
8998,-9940.005859,-9956.546875,16.541016
8999,-10380.525391,-10427.308594,46.783203
9000,-10372.609375,-10396.339844,23.730469
9001,-10559.320312,-10566.231445,6.911133
9002,-9926.348633,-9927.051758,0.703125
9003,-13318.214844,-13396.829102,78.614258
9004,-10418.805664,-10473.670898,54.865234
9005,-11485.812500,-11543.804688,57.992188
9006,-11004.861328,-11001.579102,3.282227
9007,-12322.381836,-12354.282227,31.900391
9008,-9519.915039,-9497.388672,22.526367
9009,-11400.813477,-11408.141602,7.328125
9010,-11551.954102,-11542.983398,8.970703
9011,-11488.042969,-11477.456055,10.586914
9012,-11007.964844,-11002.313477,5.651367
9013,-9907.661133,-9900.506836,7.154297
9014,-12519.922852,-12520.320312,0.397461
9015,-10952.944336,-10905.204102,47.740234
9016,-10290.794922,-10274.370117,16.424805
9017,-11351.882812,-11374.405273,22.522461
9018,-11778.383789,-11812.275391,33.891602
9019,-9158.304688,-9361.083008,202.778320
9020,-10550.751953,-10533.464844,17.287109
9021,-10491.955078,-10442.048828,49.906250
9022,-10533.818359,-10530.532227,3.286133
9023,-12497.196289,-12522.600586,25.404297
9024,-11011.544922,-11002.823242,8.721680
9025,-13404.942383,-13433.373047,28.430664
9026,-12411.738281,-12417.613281,5.875000
9027,-9329.188477,-9399.195312,70.006836
9028,-11503.112305,-11509.752930,6.640625
9029,-12990.804688,-12958.334961,32.469727
9030,-12906.316406,-12894.992188,11.324219
9031,-8910.382812,-8891.263672,19.119141
9032,-11133.085938,-11284.554688,151.468750
9033,-11958.639648,-11948.407227,10.232422
9034,-12846.670898,-12893.375977,46.705078
9035,-11529.910156,-11544.344727,14.434570
9036,-10560.335938,-10564.650391,4.314453
9037,-11493.998047,-11766.250977,272.252930
9038,-10892.743164,-10873.887695,18.855469
9039,-10438.251953,-10429.031250,9.220703
9040,-11948.914062,-11913.104492,35.809570
9041,-11953.063477,-11948.439453,4.624023
9042,-11775.820312,-11812.125977,36.305664
9043,-10306.836914,-10307.063477,0.226562
9044,-11310.349609,-11342.441406,32.091797
9045,-12316.410156,-12352.839844,36.429688
9046,-9992.343750,-9990.190430,2.153320
9047,-10327.585938,-10338.369141,10.783203
9048,-11811.460938,-11844.631836,33.170898
9049,-11983.105469,-11947.833008,35.272461
9050,-10539.994141,-10531.238281,8.755859
9051,-12955.579102,-12958.703125,3.124023
9052,-13020.444336,-12927.160156,93.284180
9053,-11933.930664,-11948.645508,14.714844
9054,-12011.657227,-11980.972656,30.684570
9055,-12410.469727,-12386.092773,24.376953
9056,-11427.782227,-11444.216797,16.434570
9057,-11473.523438,-11477.315430,3.791992
9058,-10332.475586,-10365.974609,33.499023
9059,-10980.536133,-10969.927734,10.608398
9060,-10414.732422,-10440.103516,25.371094
9061,-12913.888672,-12959.970703,46.082031
9062,-7322.773438,-7659.487793,336.714355
9063,-10425.723633,-10393.956055,31.767578
9064,-10397.491211,-10507.573242,110.082031
9065,-10988.105469,-10971.435547,16.669922
9066,-12939.501953,-12893.590820,45.911133
9067,-12517.955078,-12521.368164,3.413086
9068,-10984.849609,-10969.118164,15.731445
9069,-7551.261230,-7821.477051,270.215820
9070,-11921.615234,-11916.229492,5.385742
9071,-11956.166992,-11947.756836,8.410156
9072,-10960.543945,-10935.739258,24.804688
9073,-11541.241211,-11544.004883,2.763672
9074,-10988.033203,-10969.836914,18.196289
9075,-10585.592773,-10599.368164,13.775391
9076,-11495.875000,-11508.050781,12.175781
9077,-10405.194336,-10429.206055,24.011719
9078,-11516.289062,-11509.737305,6.551758
9079,-11527.905273,-11542.710938,14.805664
9080,-10804.465820,-10833.830078,29.364258
9081,-10551.413086,-10566.245117,14.832031
9082,-10874.838867,-10878.740234,3.901367
9083,-10917.668945,-10938.144531,20.475586
9084,-11550.925781,-11543.328125,7.597656
9085,-10923.345703,-10904.906250,18.439453
9086,-9959.911133,-9992.688477,32.777344
9087,-11523.459961,-11511.500000,11.959961
9088,-9831.491211,-9866.867188,35.375977
9089,-13498.622070,-13500.394531,1.772461
9090,-10445.011719,-10442.633789,2.377930
9091,-11539.841797,-11542.422852,2.581055
9092,-11414.701172,-11446.975586,32.274414
9093,-10947.656250,-10937.183594,10.472656
9094,-10870.711914,-10876.886719,6.174805
9095,-11307.416016,-11341.302734,33.886719
9096,-11907.981445,-11915.000000,7.018555
9097,-11302.569336,-11338.966797,36.397461
9098,-12005.043945,-12013.967773,8.923828
9099,-9492.801758,-9464.179688,28.622070
9100,-10272.228516,-10247.833984,24.394531
9101,-12706.213867,-12822.770508,116.556641
9102,-9544.563477,-9554.438477,9.875000
9103,-9424.370117,-9431.656250,7.286133
9104,-9474.693359,-9488.353516,13.660156
9105,-9871.463867,-9899.079102,27.615234
9106,-11914.696289,-11913.870117,0.826172
9107,-11973.014648,-11981.266602,8.251953
9108,-9572.466797,-9555.787109,16.679688
9109,-11551.154297,-11542.591797,8.562500
9110,-10902.271484,-10905.325195,3.053711
9111,-10841.607422,-10866.791016,25.183594
9112,-10554.922852,-10566.389648,11.466797
9113,-11463.368164,-11477.938477,14.570312
9114,-13329.642578,-13332.297852,2.655273
9115,-8363.886719,-8360.134766,3.751953
9116,-7827.416016,-7795.169922,32.246094
9117,-10400.175781,-10442.073242,41.897461
9118,-9821.670898,-9867.287109,45.616211
9119,-8811.564453,-8832.130859,20.566406
9120,-11522.900391,-11543.483398,20.583008
9121,-11641.838867,-11707.398438,65.559570
9122,-10501.569336,-10498.624023,2.945312
9123,-9524.755859,-9521.336914,3.418945
9124,-10859.787109,-10834.591797,25.195312
9125,-11297.416992,-11343.573242,46.156250
9126,-10952.456055,-10937.859375,14.596680
9127,-11548.538086,-11544.101562,4.436523
9128,-10838.275391,-10878.002930,39.727539
9129,-11779.984375,-11844.733398,64.749023
9130,-10532.498047,-10532.817383,0.319336
9131,-10498.362305,-10499.492188,1.129883
9132,-10595.555664,-10507.530273,88.025391
9133,-11025.021484,-11003.441406,21.580078
9134,-11409.657227,-11407.836914,1.820312
9135,-11961.707031,-11915.911133,45.795898
9136,-11365.256836,-11375.754883,10.498047
9137,-10508.739258,-10500.230469,8.508789
9138,-11363.313477,-11408.075195,44.761719
9139,-13477.621094,-13499.300781,21.679688
9140,-10969.202148,-10970.331055,1.128906
9141,-11958.163086,-11947.730469,10.432617
9142,-11538.663086,-11543.416992,4.753906
9143,-10501.906250,-10498.916992,2.989258
9144,-12185.955078,-12249.957031,64.001953
9145,-11995.465820,-11980.687500,14.778320
9146,-8704.726562,-8518.490234,186.236328
9147,-11987.368164,-11981.186523,6.181641
9148,-10982.905273,-10968.868164,14.037109
9149,-10946.410156,-10878.373047,68.037109
9150,-12364.265625,-12387.230469,22.964844
9151,-10964.569336,-10968.794922,4.225586
9152,-11380.210938,-11374.886719,5.324219
9153,-12925.932617,-13008.306641,82.374023
9154,-11947.949219,-11981.454102,33.504883
9155,-10392.686523,-10441.211914,48.525391
9156,-11937.161133,-11915.132812,22.028320
9157,-10634.943359,-10631.521484,3.421875
9158,-11976.173828,-11980.626953,4.453125
9159,-11515.692383,-11542.017578,26.325195
9160,-10958.886719,-10938.709961,20.176758
9161,-10962.704102,-10970.212891,7.508789
9162,-10565.190430,-10566.591797,1.401367
9163,-11941.616211,-11949.858398,8.242188
9164,-10492.671875,-10499.942383,7.270508
9165,-9965.113281,-9932.581055,32.532227
9166,-11522.748047,-11542.879883,20.131836
9167,-9885.542969,-9892.036133,6.493164
9168,-8860.465820,-9165.021484,304.555664
9169,-10544.996094,-10566.552734,21.556641
9170,-13479.411133,-13499.613281,20.202148
9171,-11945.764648,-11946.926758,1.162109
9172,-10925.871094,-10935.142578,9.271484
9173,-10944.489258,-10938.091797,6.397461
9174,-11309.710938,-11342.510742,32.799805
9175,-11026.958008,-11003.077148,23.880859
9176,-10971.193359,-10970.352539,0.840820
9177,-11965.848633,-11981.222656,15.374023
9178,-11948.307617,-11979.658203,31.350586
9179,-10965.775391,-10937.331055,28.444336
9180,-9888.655273,-9867.633789,21.021484
9181,-11394.107422,-11373.621094,20.486328
9182,-10449.693359,-10465.544922,15.851562
9183,-11541.408203,-11543.327148,1.918945
9184,-9363.591797,-9439.169922,75.578125
9185,-11842.005859,-11878.262695,36.256836
9186,-12356.706055,-12353.391602,3.314453
9187,-9431.766602,-9430.884766,0.881836
9188,-11071.220703,-11035.838867,35.381836
9189,-11799.388672,-11813.031250,13.642578
9190,-9883.776367,-9867.984375,15.791992
9191,-11335.930664,-11340.221680,4.291016
9192,-9468.021484,-9462.294922,5.726562
9193,-10776.354492,-10799.742188,23.387695
9194,-10494.540039,-10499.281250,4.741211
9195,-9936.594727,-9961.098633,24.503906
9196,-9443.898438,-9496.076172,52.177734
9197,-10369.804688,-10331.589844,38.214844
9198,-11741.433594,-11780.328125,38.894531
9199,-11915.680664,-11915.871094,0.190430
9200,-10781.344727,-10802.188477,20.843750
9201,-11918.762695,-11913.526367,5.236328
9202,-9891.334961,-9901.414062,10.079102
9203,-12519.932617,-12520.022461,0.089844
9204,-7315.323242,-7416.234375,100.911133
9205,-11489.712891,-11510.371094,20.658203
9206,-9291.509766,-9300.713867,9.204102
9207,-10930.241211,-10905.599609,24.641602
9208,-10530.060547,-10532.788086,2.727539
9209,-11944.796875,-11947.599609,2.802734
9210,-11732.765625,-11780.418945,47.653320
9211,-9881.929688,-9900.625000,18.695312
9212,-13396.169922,-13467.096680,70.926758
9213,-11921.083984,-11947.392578,26.308594
9214,-10958.421875,-10902.731445,55.690430
9215,-10948.629883,-10938.111328,10.518555
9216,-9871.271484,-9869.026367,2.245117
9217,-12447.834961,-12419.989258,27.845703
9218,-9971.806641,-9809.129883,162.676758
9219,-10978.503906,-11002.660156,24.156250
9220,-10598.438477,-10598.620117,0.181641
9221,-12396.863281,-12416.997070,20.133789
9222,-12437.329102,-12488.258789,50.929688
9223,-10945.774414,-10935.234375,10.540039
9224,-10561.002930,-10565.113281,4.110352
9225,-8795.351562,-8921.463867,126.112305
9226,-14105.562500,-14202.436523,96.874023
9227,-11003.529297,-10971.251953,32.277344
9228,-9996.117188,-9991.251953,4.865234
9229,-10975.553711,-10970.019531,5.534180
9230,-11492.841797,-11511.024414,18.182617
9231,-11732.455078,-11776.465820,44.010742
9232,-10484.725586,-10440.231445,44.494141
9233,-11565.390625,-11575.927734,10.537109
9234,-10569.492188,-10564.997070,4.495117
9235,-9429.290039,-9470.412109,41.122070
9236,-12469.540039,-12457.296875,12.243164
9237,-6505.259766,-6322.178223,183.081543
9238,-10531.866211,-10532.638672,0.772461
9239,-12344.666992,-12385.403320,40.736328
9240,-10917.431641,-10937.275391,19.843750
9241,-11511.609375,-11509.867188,1.742188
9242,-12065.239258,-12014.246094,50.993164
9243,-11926.405273,-11915.068359,11.336914
9244,-9874.785156,-9894.000000,19.214844
9245,-9960.951172,-9991.735352,30.784180
9246,-10286.171875,-10304.770508,18.598633
9247,-11565.804688,-11575.926758,10.122070
9248,-11500.578125,-11509.443359,8.865234
9249,-11952.867188,-11945.335938,7.531250
9250,-10919.998047,-10935.647461,15.649414
9251,-12754.087891,-12789.283203,35.195312
9252,-9882.490234,-9868.284180,14.206055
9253,-9913.583984,-9924.224609,10.640625
9254,-7964.024414,-7796.599121,167.425293
9255,-10964.949219,-10971.079102,6.129883
9256,-10159.399414,-10234.970703,75.571289
9257,-10530.030273,-10531.916992,1.886719
9258,-12979.534180,-13008.456055,28.921875
9259,-11928.854492,-11947.080078,18.225586
9260,-10295.886719,-10271.209961,24.676758
9261,-10595.319336,-10598.388672,3.069336
9262,-11949.595703,-11948.707031,0.888672
9263,-8381.158203,-8427.137695,45.979492
9264,-10891.058594,-10903.991211,12.932617
9265,-10994.809570,-10969.224609,25.584961
9266,-9868.622070,-9867.300781,1.321289
9267,-10715.512695,-10742.463867,26.951172
9268,-11486.215820,-11510.678711,24.462891
9269,-13744.025391,-13768.168945,24.143555
9270,-12489.005859,-12489.652344,0.646484
9271,-10340.680664,-10364.041016,23.360352
9272,-10519.309570,-10531.956055,12.646484
9273,-10967.389648,-10971.221680,3.832031
9274,-11913.399414,-11914.471680,1.072266
9275,-11428.257812,-11438.877930,10.620117
9276,-10951.633789,-10937.118164,14.515625
9277,-12322.904297,-12352.348633,29.444336
9278,-11510.536133,-11510.857422,0.321289
9279,-10529.038086,-10534.528320,5.490234
9280,-11394.660156,-11372.409180,22.250977
9281,-15383.376953,-15527.025391,143.648438
9282,-11031.001953,-10944.004883,86.997070
9283,-9936.090820,-9923.517578,12.573242
9284,-13280.730469,-13363.488281,82.757812
9285,-11497.304688,-11509.966797,12.662109
9286,-11517.369141,-11543.368164,25.999023
9287,-11749.766602,-11811.871094,62.104492
9288,-11522.821289,-11542.184570,19.363281
9289,-10498.603516,-10501.116211,2.512695
9290,-7233.068848,-7222.949707,10.119141
9291,-10540.434570,-10532.821289,7.613281
9292,-11935.188477,-11914.162109,21.026367
9293,-10558.868164,-10564.490234,5.622070
9294,-12511.679688,-12488.556641,23.123047
9295,-12340.458008,-12352.321289,11.863281
9296,-10539.443359,-10565.934570,26.491211
9297,-9875.211914,-9924.268555,49.056641
9298,-10364.738281,-10337.007812,27.730469
9299,-9424.513672,-9371.334961,53.178711
9300,-11388.747070,-11406.396484,17.649414
9301,-12759.591797,-12790.926758,31.334961
9302,-10986.501953,-10969.291016,17.210938
9303,-11987.878906,-11980.123047,7.755859
9304,-11766.429688,-11776.890625,10.460938
9305,-12319.140625,-12353.199219,34.058594
9306,-10492.560547,-10500.715820,8.155273
9307,-11792.660156,-11812.814453,20.154297
9308,-11491.627930,-11512.594727,20.966797
9309,-11921.714844,-11947.730469,26.015625
9310,-11948.977539,-11948.540039,0.437500
9311,-10938.447266,-10903.894531,34.552734
9312,-8957.935547,-8896.524414,61.411133
9313,-11390.483398,-11349.949219,40.534180
9314,-12839.780273,-12902.938477,63.158203
9315,-9879.553711,-9864.780273,14.773438
9316,-10987.518555,-10970.394531,17.124023
9317,-10537.766602,-10532.626953,5.139648
9318,-10317.674805,-10338.797852,21.123047
9319,-13342.689453,-13436.041992,93.352539
9320,-9923.876953,-9925.177734,1.300781
9321,-12903.923828,-12926.446289,22.522461
9322,-10984.745117,-10968.142578,16.602539
9323,-11938.733398,-11915.866211,22.867188
9324,-9886.251953,-9898.436523,12.184570
9325,-12531.116211,-12520.895508,10.220703
9326,-10938.028320,-10936.280273,1.748047
9327,-10433.654297,-10474.852539,41.198242
9328,-12358.159180,-12353.807617,4.351562
9329,-11927.786133,-11914.413086,13.373047
9330,-11510.037109,-11511.947266,1.910156
9331,-11967.150391,-11946.391602,20.758789
9332,-9497.941406,-9495.701172,2.240234
9333,-11950.952148,-11948.101562,2.850586
9334,-13431.605469,-13531.097656,99.492188
9335,-12800.419922,-12861.062500,60.642578
9336,-11301.349609,-11311.365234,10.015625
9337,-11482.912109,-11477.776367,5.135742
9338,-10405.736328,-10408.111328,2.375000
9339,-11666.575195,-11674.820312,8.245117
9340,-11530.183594,-11542.334961,12.151367
9341,-9506.806641,-9530.609375,23.802734
9342,-11923.494141,-11916.072266,7.421875
9343,-12352.975586,-12386.756836,33.781250
9344,-10978.440430,-10969.615234,8.825195
9345,-11518.323242,-11542.317383,23.994141
9346,-9984.272461,-9992.130859,7.858398
9347,-9859.874023,-9869.919922,10.045898
9348,-10977.906250,-10911.171875,66.734375
9349,-9889.049805,-9900.101562,11.051758
9350,-10485.697266,-10474.718750,10.978516
9351,-12348.664062,-12382.236328,33.572266
9352,-10526.875977,-10533.019531,6.143555
9353,-10348.250000,-10397.776367,49.526367
9354,-12183.794922,-12216.278320,32.483398
9355,-11947.976562,-11948.278320,0.301758
9356,-11919.589844,-11917.509766,2.080078
9357,-11464.747070,-11477.410156,12.663086
9358,-11376.474609,-11374.202148,2.272461
9359,-11468.189453,-11477.500977,9.311523
9360,-11804.393555,-11844.312500,39.918945
9361,-12321.413086,-12319.432617,1.980469
9362,-10529.916992,-10532.024414,2.107422
9363,-11982.855469,-11980.001953,2.853516
9364,-11418.440430,-11419.057617,0.617188
9365,-12473.776367,-12489.793945,16.017578
9366,-9625.111328,-9620.884766,4.226562
9367,-12519.658203,-12521.633789,1.975586
9368,-11014.103516,-11003.074219,11.029297
9369,-10549.333984,-10532.087891,17.246094
9370,-11522.832031,-11543.181641,20.349609
9371,-10407.963867,-10429.226562,21.262695
9372,-11010.092773,-11002.345703,7.747070
9373,-11399.125977,-11376.153320,22.972656
9374,-11816.170898,-11813.284180,2.886719
9375,-10507.708008,-10499.936523,7.771484
9376,-12387.593750,-12385.271484,2.322266
9377,-10351.595703,-10407.586914,55.991211
9378,-11839.021484,-11845.305664,6.284180
9379,-10336.761719,-10441.525391,104.763672
9380,-10746.977539,-10800.082031,53.104492
9381,-9538.136719,-9555.450195,17.313477
9382,-11192.862305,-11236.583008,43.720703
9383,-12490.143555,-12487.887695,2.255859
9384,-10977.359375,-10971.861328,5.498047
9385,-12342.965820,-12399.117188,56.151367
9386,-10900.759766,-10904.543945,3.784180
9387,-10566.482422,-10566.805664,0.323242
9388,-12347.219727,-12353.651367,6.431641
9389,-10942.545898,-10938.377930,4.167969
9390,-11877.045898,-11881.209961,4.164062
9391,-12957.497070,-12991.765625,34.268555
9392,-11489.253906,-11511.251953,21.998047
9393,-11755.004883,-11778.788086,23.783203
9394,-10546.202148,-10565.734375,19.532227
9395,-10967.142578,-10970.943359,3.800781
9396,-10953.054688,-10938.809570,14.245117
9397,-11954.846680,-11946.990234,7.856445
9398,-11503.088867,-11510.291016,7.202148
9399,-9457.139648,-9463.006836,5.867188
9400,-9716.093750,-9777.833008,61.739258
9401,-11400.309570,-11406.552734,6.243164
9402,-10547.731445,-10530.994141,16.737305
9403,-10534.999023,-10532.170898,2.828125
9404,-11000.408203,-10969.481445,30.926758
9405,-10596.592773,-10598.786133,2.193359
9406,-10958.601562,-10937.434570,21.166992
9407,-10939.825195,-10910.945312,28.879883
9408,-12392.979492,-12384.574219,8.405273
9409,-9901.885742,-9924.434570,22.548828
9410,-10433.596680,-10432.296875,1.299805
9411,-11929.810547,-11914.979492,14.831055
9412,-11392.089844,-11419.976562,27.886719
9413,-11370.224609,-11375.279297,5.054688
9414,-10948.000977,-10936.190430,11.810547
9415,-9445.759766,-9464.333008,18.573242
9416,-12462.985352,-12455.685547,7.299805
9417,-10973.375977,-10970.241211,3.134766
9418,-10996.851562,-10970.558594,26.292969
9419,-11953.599609,-11947.348633,6.250977
9420,-10461.990234,-10466.165039,4.174805
9421,-9888.974609,-9924.178711,35.204102
9422,-11560.319336,-11576.182617,15.863281
9423,-7813.858887,-7885.701660,71.842773
9424,-10562.853516,-10565.267578,2.414062
9425,-11285.069336,-11341.381836,56.312500
9426,-11531.303711,-11544.139648,12.835938
9427,-11812.463867,-11809.927734,2.536133
9428,-12015.669922,-12013.352539,2.317383
9429,-11830.166992,-11813.800781,16.366211
9430,-10544.694336,-10566.502930,21.808594
9431,-10531.949219,-10533.796875,1.847656
9432,-10373.242188,-10364.053711,9.188477
9433,-11554.362305,-11543.474609,10.887695
9434,-12484.827148,-12487.266602,2.439453
9435,-10945.124023,-10934.810547,10.313477
9436,-11798.752930,-11844.225586,45.472656
9437,-11512.747070,-11510.462891,2.284180
9438,-12384.769531,-12385.637695,0.868164
9439,-11332.080078,-11340.707031,8.626953
9440,-13412.677734,-13500.710938,88.033203
9441,-9932.959961,-9927.695312,5.264648
9442,-11006.749023,-11002.630859,4.118164
9443,-11494.822266,-11509.150391,14.328125
9444,-10982.132812,-10970.295898,11.836914
9445,-10910.541016,-10878.115234,32.425781
9446,-10608.359375,-10598.195312,10.164062
9447,-10598.179688,-10598.542969,0.363281
9448,-10973.780273,-10968.049805,5.730469
9449,-12556.037109,-12521.643555,34.393555
9450,-10829.113281,-10838.922852,9.809570
9451,-11823.079102,-11812.516602,10.562500
9452,-9602.521484,-9588.918945,13.602539
9453,-11261.922852,-11315.304688,53.381836
9454,-12912.543945,-12895.125000,17.418945
9455,-12950.530273,-12957.475586,6.945312
9456,-11802.255859,-11778.555664,23.700195
9457,-11279.944336,-11270.847656,9.096680
9458,-12501.892578,-12487.109375,14.783203
9459,-10524.792969,-10533.419922,8.626953
9460,-12764.249023,-12790.094727,25.845703
9461,-9875.500000,-9892.064453,16.564453
9462,-11961.191406,-11980.051758,18.860352
9463,-10987.533203,-10912.293945,75.239258
9464,-11407.488281,-11408.097656,0.609375
9465,-13512.169922,-13564.519531,52.349609
9466,-11942.951172,-11947.963867,5.012695
9467,-11336.222656,-11437.990234,101.767578
9468,-12451.414062,-12417.470703,33.943359
9469,-10531.728516,-10532.013672,0.285156
9470,-9422.428711,-9370.978516,51.450195
9471,-10309.421875,-10338.137695,28.715820
9472,-11775.855469,-11813.462891,37.607422
9473,-11587.384766,-11576.199219,11.185547
9474,-10817.535156,-10832.490234,14.955078
9475,-12332.378906,-12386.570312,54.191406
9476,-10948.291016,-10938.036133,10.254883
9477,-11758.278320,-11813.297852,55.019531
9478,-12226.347656,-12282.301758,55.954102
9479,-11488.263672,-11477.264648,10.999023
9480,-11454.786133,-11477.428711,22.642578
9481,-11346.435547,-11373.856445,27.420898
9482,-9494.331055,-9488.239258,6.091797
9483,-10935.246094,-10937.753906,2.507812
9484,-9893.977539,-10360.091797,466.114258
9485,-11534.691406,-11542.834961,8.143555
9486,-11383.553711,-11373.564453,9.989258
9487,-12490.163086,-12454.168945,35.994141
9488,-11401.701172,-11406.941406,5.240234
9489,-9486.462891,-9497.618164,11.155273
9490,-10506.246094,-10500.315430,5.930664
9491,-11434.734375,-11443.900391,9.166016
9492,-11522.714844,-11543.221680,20.506836
9493,-10522.777344,-10532.704102,9.926758
9494,-11391.695312,-11408.445312,16.750000
9495,-9494.982422,-9522.767578,27.785156
9496,-11488.083008,-11382.310547,105.772461
9497,-9551.198242,-9555.780273,4.582031
9498,-11840.383789,-11812.238281,28.145508
9499,-13395.351562,-13500.204102,104.852539
9500,-11940.662109,-11915.193359,25.468750
9501,-10698.825195,-10769.424805,70.599609
9502,-9830.519531,-9867.305664,36.786133
9503,-10982.605469,-10967.961914,14.643555
9504,-9910.480469,-9900.741211,9.739258
9505,-11949.021484,-11948.774414,0.247070
9506,-11481.368164,-11479.636719,1.731445
9507,-12465.137695,-12454.801758,10.335938
9508,-7369.839844,-7358.809082,11.030762
9509,-11516.196289,-11544.651367,28.455078
9510,-9457.079102,-9554.635742,97.556641
9511,-10964.243164,-10971.116211,6.873047
9512,-11381.558594,-11375.621094,5.937500
9513,-10822.375000,-10945.296875,122.921875
9514,-11567.726562,-11575.374023,7.647461
9515,-12353.390625,-12386.158203,32.767578
9516,-10529.566406,-10534.286133,4.719727
9517,-11197.497070,-11236.575195,39.078125
9518,-10496.926758,-10501.647461,4.720703
9519,-11541.325195,-11543.754883,2.429688
9520,-11937.477539,-11913.766602,23.710938
9521,-11123.043945,-11237.297852,114.253906
9522,-9597.558594,-10363.456055,765.897461
9523,-13297.633789,-13331.088867,33.455078
9524,-8495.293945,-8426.005859,69.288086
9525,-9948.965820,-9933.515625,15.450195
9526,-10460.774414,-10441.690430,19.083984
9527,-10942.607422,-10935.908203,6.699219
9528,-10898.792969,-10880.047852,18.745117
9529,-10983.956055,-10969.349609,14.606445
9530,-11916.999023,-11917.001953,0.002930
9531,-9837.053711,-9835.689453,1.364258
9532,-12206.745117,-12280.565430,73.820312
9533,-10940.511719,-10936.360352,4.151367
9534,-12272.589844,-12352.833008,80.243164
9535,-11374.522461,-11375.336914,0.814453
9536,-11980.819336,-12030.326172,49.506836
9537,-9923.745117,-9776.983398,146.761719
9538,-12511.455078,-12522.762695,11.307617
9539,-10516.344727,-10499.261719,17.083008
9540,-11960.085938,-11946.901367,13.184570
9541,-11832.863281,-11877.774414,44.911133
9542,-11750.408203,-11745.774414,4.633789
9543,-11429.694336,-11445.529297,15.834961
9544,-11489.691406,-11509.623047,19.931641
9545,-12386.584961,-12353.213867,33.371094
9546,-11544.332031,-11543.560547,0.771484
9547,-10019.860352,-10025.010742,5.150391
9548,-10890.174805,-10873.029297,17.145508
9549,-10855.750977,-10865.818359,10.067383
9550,-11447.924805,-11447.131836,0.792969
9551,-11351.542969,-11375.021484,23.478516
9552,-12540.443359,-12553.230469,12.787109
9553,-12482.202148,-12456.703125,25.499023
9554,-10529.888672,-10531.971680,2.083008
9555,-11491.339844,-11479.816406,11.523438
9556,-10832.529297,-10832.591797,0.062500
9557,-11944.067383,-11947.595703,3.528320
9558,-10847.760742,-10869.764648,22.003906
9559,-11384.109375,-11374.470703,9.638672
9560,-11502.535156,-11511.191406,8.656250
9561,-9598.375000,-9587.114258,11.260742
9562,-10996.142578,-11003.649414,7.506836
9563,-10491.648438,-10465.675781,25.972656
9564,-11883.113281,-11882.017578,1.095703
9565,-10313.332031,-10338.617188,25.285156
9566,-12302.772461,-12352.028320,49.255859
9567,-11775.794922,-11812.470703,36.675781
9568,-11979.606445,-12015.080078,35.473633
9569,-11920.743164,-11949.614258,28.871094
9570,-10533.886719,-10534.099609,0.212891
9571,-10994.677734,-11034.537109,39.859375
9572,-11305.732422,-11444.698242,138.965820
9573,-11956.191406,-11980.557617,24.366211
9574,-12957.085938,-12926.454102,30.631836
9575,-8588.350586,-8519.231445,69.119141
9576,-11501.619141,-11509.311523,7.692383
9577,-12753.637695,-12791.766602,38.128906
9578,-10463.804688,-10466.950195,3.145508
9579,-9582.978516,-9361.904297,221.074219
9580,-11432.435547,-11444.821289,12.385742
9581,-11495.473633,-11510.785156,15.311523
9582,-10493.460938,-10499.140625,5.679688
9583,-10997.305664,-11002.611328,5.305664
9584,-12978.683594,-12956.832031,21.851562
9585,-12448.874023,-12454.679688,5.805664
9586,-11501.016602,-11510.209961,9.193359
9587,-11009.310547,-11003.779297,5.531250
9588,-9548.958008,-9555.782227,6.824219
9589,-11371.601562,-11375.688477,4.086914
9590,-10952.625000,-10943.066406,9.558594
9591,-11849.693359,-11845.290039,4.403320
9592,-10367.277344,-10362.425781,4.851562
9593,-11362.525391,-11349.013672,13.511719
9594,-9481.032227,-9529.189453,48.157227
9595,-12776.064453,-12789.735352,13.670898
9596,-11834.955078,-11843.862305,8.907227
9597,-11955.193359,-11948.573242,6.620117
9598,-11007.002930,-11001.749023,5.253906
9599,-9826.679688,-9869.212891,42.533203
9600,-10381.633789,-10363.865234,17.768555
9601,-11976.352539,-11981.013672,4.661133
9602,-10838.586914,-10832.862305,5.724609
9603,-10508.635742,-10500.197266,8.438477
9604,-11582.550781,-11575.630859,6.919922
9605,-10898.572266,-10904.350586,5.778320
9606,-11017.697266,-11002.263672,15.433594
9607,-11484.669922,-11477.105469,7.564453
9608,-11910.473633,-11916.385742,5.912109
9609,-11929.976562,-11946.242188,16.265625
9610,-11556.450195,-11575.888672,19.438477
9611,-11524.697266,-11512.206055,12.491211
9612,-11483.351562,-11511.025391,27.673828
9613,-12308.452148,-12354.024414,45.572266
9614,-9614.170898,-9588.395508,25.775391
9615,-11349.926758,-11372.998047,23.071289
9616,-9612.534180,-9587.575195,24.958984
9617,-10965.603516,-10971.296875,5.693359
9618,-9367.438477,-9391.386719,23.948242
9619,-12987.310547,-13008.006836,20.696289
9620,-11978.498047,-11982.155273,3.657227
9621,-11412.994141,-11406.702148,6.291992
9622,-11787.086914,-11812.201172,25.114258
9623,-10537.298828,-10533.478516,3.820312
9624,-11965.461914,-11982.428711,16.966797
9625,-11465.456055,-11478.579102,13.123047
9626,-11460.032227,-11476.743164,16.710938
9627,-7752.275391,-7819.998047,67.722656
9628,-9454.454102,-9521.655273,67.201172
9629,-12401.372070,-12386.124023,15.248047
9630,-11568.207031,-11576.933594,8.726562
9631,-6340.973633,-6785.535156,444.561523
9632,-11506.799805,-11543.577148,36.777344
9633,-12599.923828,-12553.166992,46.756836
9634,-12611.713867,-12553.933594,57.780273
9635,-11529.294922,-11544.075195,14.780273
9636,-10410.977539,-10329.737305,81.240234
9637,-10074.315430,-10109.157227,34.841797
9638,-11360.355469,-11341.897461,18.458008
9639,-11487.703125,-11510.336914,22.633789
9640,-12540.990234,-12553.195312,12.205078
9641,-11461.201172,-11479.611328,18.410156
9642,-11384.815430,-11374.943359,9.872070
9643,-12512.984375,-12521.320312,8.335938
9644,-10328.238281,-10338.378906,10.140625
9645,-10541.916992,-10531.879883,10.037109
9646,-11539.134766,-11542.715820,3.581055
9647,-11558.234375,-11575.668945,17.434570
9648,-11866.833984,-11882.886719,16.052734
9649,-10328.964844,-10304.455078,24.509766
9650,-12489.529297,-12522.086914,32.557617
9651,-11336.982422,-11340.419922,3.437500
9652,-9497.718750,-9496.335938,1.382812
9653,-11027.328125,-11003.419922,23.908203
9654,-9913.194336,-9932.683594,19.489258
9655,-11426.015625,-11374.125977,51.889648
9656,-11468.171875,-11484.851562,16.679688
9657,-11450.783203,-11477.855469,27.072266
9658,-11504.491211,-11477.678711,26.812500
9659,-10496.942383,-10499.140625,2.198242
9660,-10533.976562,-10532.014648,1.961914
9661,-11830.896484,-11843.591797,12.695312
9662,-12394.362305,-12417.814453,23.452148
9663,-11541.584961,-11543.645508,2.060547
9664,-11357.854492,-11316.481445,41.373047
9665,-11329.648438,-11341.043945,11.395508
9666,-9170.750000,-9296.025391,125.275391
9667,-13550.832031,-13531.975586,18.856445
9668,-11449.831055,-11439.951172,9.879883
9669,-11884.522461,-11914.860352,30.337891
9670,-11425.603516,-11477.313477,51.709961
9671,-6402.733887,-6783.609375,380.875488
9672,-9490.294922,-9489.184570,1.110352
9673,-10528.863281,-10531.700195,2.836914
9674,-10520.916992,-10532.500000,11.583008
9675,-11396.633789,-11373.620117,23.013672
9676,-11496.777344,-11509.537109,12.759766
9677,-11800.002930,-11811.632812,11.629883
9678,-9514.632812,-9521.941406,7.308594
9679,-9878.840820,-9924.620117,45.779297
9680,-10936.238281,-10934.909180,1.329102
9681,-10015.134766,-9990.663086,24.471680
9682,-11961.233398,-11979.812500,18.579102
9683,-10928.122070,-10937.156250,9.034180
9684,-9434.151367,-9429.471680,4.679688
9685,-10978.213867,-10970.032227,8.181641
9686,-10968.585938,-10967.852539,0.733398
9687,-11489.962891,-11477.594727,12.368164
9688,-8673.166016,-8708.456055,35.290039
9689,-9482.494141,-9496.651367,14.157227
9690,-10552.536133,-10566.666016,14.129883
9691,-9877.246094,-9898.040039,20.793945
9692,-11295.042969,-11373.893555,78.850586
9693,-11214.418945,-11239.767578,25.348633
9694,-10386.257812,-10363.888672,22.369141
9695,-11465.543945,-11479.345703,13.801758
9696,-10931.366211,-10911.385742,19.980469
9697,-12898.260742,-12894.736328,3.524414
9698,-10500.958008,-10499.195312,1.762695
9699,-11485.274414,-11511.590820,26.316406
9700,-9527.794922,-9529.184570,1.389648
9701,-11982.344727,-11981.350586,0.994141
9702,-10414.786133,-10396.589844,18.196289
9703,-11497.585938,-11510.264648,12.678711
9704,-12526.062500,-12522.144531,3.917969
9705,-10414.755859,-10396.238281,18.517578
9706,-11399.308594,-11407.491211,8.182617
9707,-10774.793945,-10801.145508,26.351562
9708,-12773.655273,-12789.539062,15.883789
9709,-10783.322266,-10833.377930,50.055664
9710,-10727.659180,-10743.579102,15.919922
9711,-12555.527344,-12554.553711,0.973633
9712,-9559.111328,-9554.937500,4.173828
9713,-8833.720703,-8833.507812,0.212891
9714,-11506.620117,-11509.430664,2.810547
9715,-9510.557617,-9495.949219,14.608398
9716,-10965.319336,-10969.127930,3.808594
9717,-10566.452148,-10565.261719,1.190430
9718,-11526.708008,-11510.473633,16.234375
9719,-10301.777344,-10336.732422,34.955078
9720,-11959.973633,-11947.446289,12.527344
9721,-10557.340820,-10565.871094,8.530273
9722,-10475.253906,-10465.952148,9.301758
9723,-11964.772461,-11981.203125,16.430664
9724,-10965.863281,-10967.427734,1.564453
9725,-12383.442383,-12386.388672,2.946289
9726,-11456.688477,-11477.969727,21.281250
9727,-12771.180664,-12791.507812,20.327148
9728,-10958.132812,-10969.690430,11.557617
9729,-11427.816406,-11406.393555,21.422852
9730,-10987.593750,-10970.668945,16.924805
9731,-10564.400391,-10565.821289,1.420898
9732,-10375.668945,-10397.338867,21.669922
9733,-9015.159180,-8887.648438,127.510742
9734,-10437.798828,-10429.397461,8.401367
9735,-9988.482422,-9991.471680,2.989258
9736,-12524.877930,-12523.122070,1.755859
9737,-10949.853516,-10969.573242,19.719727
9738,-10493.426758,-10498.712891,5.286133
9739,-9657.669922,-9620.882812,36.787109
9740,-10568.448242,-10565.209961,3.238281
9741,-9482.616211,-9520.221680,37.605469
9742,-11490.368164,-11509.739258,19.371094
9743,-11529.710938,-11510.200195,19.510742
9744,-10935.636719,-10970.232422,34.595703
9745,-10369.813477,-10396.352539,26.539062
9746,-9992.041992,-9927.194336,64.847656
9747,-11959.978516,-11980.650391,20.671875
9748,-12542.218750,-12555.217773,12.999023
9749,-12345.812500,-12354.789062,8.976562
9750,-9911.760742,-9926.009766,14.249023
9751,-11941.543945,-11948.012695,6.468750
9752,-9901.583008,-9927.495117,25.912109
9753,-11944.419922,-11948.867188,4.447266
9754,-10432.079102,-10473.832031,41.752930
9755,-9568.477539,-9554.636719,13.840820
9756,-11960.799805,-11948.517578,12.282227
9757,-9515.050781,-9555.819336,40.768555
9758,-12867.359375,-12894.759766,27.400391
9759,-12393.039062,-12384.561523,8.477539
9760,-12564.462891,-12523.139648,41.323242
9761,-10390.638672,-10430.246094,39.607422
9762,-11496.979492,-11510.544922,13.565430
9763,-10990.725586,-10967.336914,23.388672
9764,-12893.129883,-12926.750000,33.620117
9765,-11474.247070,-11476.948242,2.701172
9766,-10494.597656,-10498.593750,3.996094
9767,-12505.626953,-12489.033203,16.593750
9768,-11482.295898,-11479.492188,2.803711
9769,-10464.566406,-10397.116211,67.450195
9770,-11498.094727,-11508.953125,10.858398
9771,-13358.954102,-13328.607422,30.346680
9772,-10467.878906,-10465.554688,2.324219
9773,-10525.280273,-10532.591797,7.311523
9774,-11998.056641,-12029.694336,31.637695
9775,-10936.039062,-10936.107422,0.068359
9776,-11955.019531,-11980.785156,25.765625
9777,-10569.573242,-10565.334961,4.238281
9778,-13383.960938,-13441.637695,57.676758
9779,-11537.040039,-11543.407227,6.367188
9780,-10525.246094,-10533.618164,8.372070
9781,-12033.558594,-12012.341797,21.216797
9782,-10969.088867,-10969.559570,0.470703
9783,-10943.197266,-10935.141602,8.055664
9784,-12979.466797,-12892.837891,86.628906
9785,-10540.207031,-10531.707031,8.500000
9786,-11937.127930,-11947.565430,10.437500
9787,-11389.566406,-11375.249023,14.317383
9788,-11981.630859,-11981.239258,0.391602
9789,-12515.294922,-12488.769531,26.525391
9790,-11514.291016,-11509.754883,4.536133
9791,-11765.425781,-11844.401367,78.975586
9792,-9918.671875,-9923.591797,4.919922
9793,-3867.719727,-5311.302246,1443.582520
9794,-10134.874023,-9842.638672,292.235352
9795,-11965.491211,-11982.275391,16.784180
9796,-10945.519531,-10936.662109,8.857422
9797,-11516.969727,-11510.897461,6.072266
9798,-11191.541016,-11180.566406,10.974609
9799,-11238.195312,-11239.256836,1.061523
9800,-11216.660156,-11238.699219,22.039062
9801,-11005.606445,-11003.856445,1.750000
9802,-11526.629883,-11543.541016,16.911133
9803,-11518.913086,-11511.951172,6.961914
9804,-12008.003906,-11981.702148,26.301758
9805,-11190.870117,-11238.544922,47.674805
9806,-11402.076172,-11407.930664,5.854492
9807,-11913.200195,-11915.553711,2.353516
9808,-6378.262695,-6786.448242,408.185547
9809,-11966.852539,-11981.402344,14.549805
9810,-10730.651367,-10770.010742,39.359375
9811,-12479.402344,-12489.092773,9.690430
9812,-10438.557617,-10395.789062,42.768555
9813,-11528.304688,-11543.755859,15.451172
9814,-11905.127930,-11915.304688,10.176758
9815,-10538.238281,-10531.995117,6.243164
9816,-10394.008789,-10396.231445,2.222656
9817,-10989.505859,-10968.592773,20.913086
9818,-9588.195312,-9589.017578,0.822266
9819,-10915.390625,-10970.291992,54.901367
9820,-9495.323242,-9520.834961,25.511719
9821,-12360.957031,-12352.204102,8.752930
9822,-11441.837891,-11447.483398,5.645508
9823,-11218.242188,-11238.765625,20.523438
9824,-10528.850586,-10533.110352,4.259766
9825,-9991.344727,-10023.216797,31.872070
9826,-10376.713867,-10393.116211,16.402344
9827,-12320.423828,-12351.568359,31.144531
9828,-14303.345703,-14742.636719,439.291016
9829,-10359.738281,-10397.054688,37.316406
9830,-11961.739258,-11915.216797,46.522461
9831,-11590.136719,-11609.258789,19.122070
9832,-10525.416992,-10532.614258,7.197266
9833,-9886.796875,-9897.000000,10.203125
9834,-10246.939453,-10203.326172,43.613281
9835,-10468.254883,-10467.645508,0.609375
9836,-11023.724609,-11002.342773,21.381836
9837,-10019.338867,-10024.096680,4.757812
9838,-10993.303711,-10970.859375,22.444336
9839,-11926.311523,-11914.241211,12.070312
9840,-10902.035156,-10877.824219,24.210938
9841,-9302.810547,-9405.492188,102.681641
9842,-7892.655273,-7855.410156,37.245117
9843,-10950.269531,-10934.832031,15.437500
9844,-10893.977539,-10905.001953,11.024414
9845,-10972.482422,-10968.541992,3.940430
9846,-11008.723633,-11001.692383,7.031250
9847,-10396.423828,-10377.409180,19.014648
9848,-9991.365234,-9990.018555,1.346680
9849,-11490.783203,-11510.894531,20.111328
9850,-12001.986328,-11981.001953,20.984375
9851,-11974.210938,-11980.733398,6.522461
9852,-12810.090820,-12822.707031,12.616211
9853,-11007.926758,-11035.672852,27.746094
9854,-9962.982422,-9934.579102,28.403320
9855,-11992.183594,-11981.239258,10.944336
9856,-10395.205078,-10361.613281,33.591797
9857,-10961.922852,-10936.659180,25.263672
9858,-10979.479492,-10969.153320,10.326172
9859,-10981.028320,-10969.618164,11.410156
9860,-11944.256836,-11889.869141,54.387695
9861,-10400.434570,-10475.554688,75.120117
9862,-10919.605469,-10900.803711,18.801758
9863,-10827.153320,-10867.076172,39.922852
9864,-11829.520508,-11844.395508,14.875000
9865,-11387.797852,-11349.805664,37.992188
9866,-9405.011719,-9486.835938,81.824219
9867,-11900.026367,-11915.239258,15.212891
9868,-12538.441406,-12521.955078,16.486328
9869,-11921.977539,-11914.033203,7.944336
9870,-9663.203125,-9706.983398,43.780273
9871,-9980.515625,-9990.190430,9.674805
9872,-12350.988281,-12383.646484,32.658203
9873,-11470.147461,-11452.235352,17.912109
9874,-11146.177734,-11238.577148,92.399414
9875,-10350.176758,-10362.033203,11.856445
9876,-10703.521484,-10800.717773,97.196289
9877,-10353.289062,-10409.390625,56.101562
9878,-10937.239258,-10935.375977,1.863281
9879,-12913.242188,-12926.980469,13.738281
9880,-11520.250000,-11511.374023,8.875977
9881,-10433.449219,-10409.282227,24.166992
9882,-12351.396484,-12384.964844,33.568359
9883,-11518.109375,-11510.210938,7.898438
9884,-12306.701172,-12352.467773,45.766602
9885,-11942.187500,-11945.760742,3.573242
9886,-9896.185547,-9901.117188,4.931641
9887,-9523.981445,-9555.156250,31.174805
9888,-11380.916992,-11374.583008,6.333984
9889,-11290.299805,-11270.804688,19.495117
9890,-9514.453125,-9437.762695,76.690430
9891,-9410.750977,-9406.673828,4.077148
9892,-10975.336914,-10969.162109,6.174805
9893,-11486.797852,-11420.528320,66.269531
9894,-10527.972656,-10532.062500,4.089844
9895,-9865.413086,-9902.164062,36.750977
9896,-11970.177734,-11980.958984,10.781250
9897,-12351.158203,-12354.196289,3.038086
9898,-11531.212891,-11544.125977,12.913086
9899,-11842.054688,-11845.863281,3.808594
9900,-11405.883789,-11406.176758,0.292969
9901,-11814.011719,-11811.019531,2.992188
9902,-10529.811523,-10532.394531,2.583008
9903,-10305.204102,-10337.955078,32.750977
9904,-11485.588867,-11509.443359,23.854492
9905,-10564.151367,-10567.265625,3.114258
9906,-12359.282227,-12382.469727,23.187500
9907,-11542.187500,-11543.083008,0.895508
9908,-10493.913086,-10499.848633,5.935547
9909,-10552.998047,-10564.212891,11.214844
9910,-10704.428711,-10741.968750,37.540039
9911,-12498.265625,-12489.819336,8.446289
9912,-12500.524414,-12489.294922,11.229492
9913,-10952.072266,-10971.216797,19.144531
9914,-12926.337891,-12892.965820,33.372070
9915,-11818.693359,-11812.352539,6.340820
9916,-11348.632812,-11340.667969,7.964844
9917,-10626.682617,-10631.541016,4.858398
9918,-10946.302734,-10936.833984,9.468750
9919,-10962.864258,-10969.365234,6.500977
9920,-12040.204102,-11982.408203,57.795898
9921,-11112.100586,-11177.096680,64.996094
9922,-12917.458984,-12926.099609,8.640625
9923,-11938.040039,-11914.936523,23.103516
9924,-11553.139648,-11706.666992,153.527344
9925,-11497.740234,-11508.209961,10.469727
9926,-10517.456055,-10500.180664,17.275391
9927,-9926.041016,-9934.386719,8.345703
9928,-9973.602539,-9934.311523,39.291016
9929,-12965.330078,-12927.398438,37.931641
9930,-10837.839844,-10847.349609,9.509766
9931,-11510.637695,-11510.668945,0.031250
9932,-11512.149414,-11452.273438,59.875977
9933,-12517.320312,-12521.251953,3.931641
9934,-12903.664062,-12925.631836,21.967773
9935,-10013.111328,-10024.189453,11.078125
9936,-13433.236328,-13446.982422,13.746094
9937,-10398.178711,-10396.086914,2.091797
9938,-15990.320312,-16504.414062,514.093750
9939,-10532.016602,-10533.800781,1.784180
9940,-10374.655273,-10364.093750,10.561523
9941,-12528.181641,-12521.672852,6.508789
9942,-10947.457031,-10935.685547,11.771484
9943,-11602.239258,-11609.093750,6.854492
9944,-10932.460938,-10936.341797,3.880859
9945,-11933.610352,-11948.009766,14.399414
9946,-10501.339844,-10498.939453,2.400391
9947,-7104.720215,-7223.017578,118.297363
9948,-9626.021484,-9620.896484,5.125000
9949,-10852.349609,-10846.279297,6.070312
9950,-11389.053711,-11407.270508,18.216797
9951,-10963.564453,-10968.932617,5.368164
9952,-12338.085938,-12352.535156,14.449219
9953,-12360.631836,-12354.295898,6.335938
9954,-12944.629883,-12958.676758,14.046875
9955,-12500.078125,-12520.215820,20.137695
9956,-11372.503906,-11375.020508,2.516602
9957,-11802.262695,-11779.791992,22.470703
9958,-12315.053711,-12318.093750,3.040039
9959,-11506.869141,-11510.415039,3.545898
9960,-11165.904297,-11239.084961,73.180664
9961,-11506.477539,-11510.541992,4.064453
9962,-11383.097656,-11407.842773,24.745117
9963,-11361.219727,-11407.803711,46.583984
9964,-10531.053711,-10533.371094,2.317383
9965,-12225.530273,-12249.817383,24.287109
9966,-10454.604492,-10441.434570,13.169922
9967,-9505.403320,-9521.118164,15.714844
9968,-10658.709961,-10740.436523,81.726562
9969,-12663.736328,-12789.948242,126.211914
9970,-11925.927734,-11915.829102,10.098633
9971,-11977.293945,-11981.056641,3.762695
9972,-12914.325195,-12959.135742,44.810547
9973,-12879.018555,-12862.077148,16.941406
9974,-10485.370117,-10474.990234,10.379883
9975,-10564.030273,-10566.028320,1.998047
9976,-10287.388672,-10306.513672,19.125000
9977,-10535.675781,-10534.474609,1.201172
9978,-12312.664062,-12318.874023,6.209961
9979,-9382.493164,-9397.745117,15.251953
9980,-11408.475586,-11413.902344,5.426758
9981,-9921.889648,-9923.578125,1.688477
9982,-10314.723633,-10329.404297,14.680664
9983,-10567.091797,-10565.113281,1.978516
9984,-11798.423828,-11843.666992,45.243164
9985,-11364.583984,-11375.229492,10.645508
9986,-11945.731445,-11948.891602,3.160156
9987,-10973.984375,-10969.889648,4.094727
9988,-10504.853516,-10499.469727,5.383789
9989,-10967.810547,-10971.114258,3.303711
9990,-11591.931641,-11575.791016,16.140625
9991,-11918.856445,-11915.809570,3.046875
9992,-9884.219727,-9927.635742,43.416016
9993,-9612.220703,-9620.857422,8.636719
9994,-11501.741211,-11510.787109,9.045898
9995,-9471.330078,-9490.382812,19.052734
9996,-12144.859375,-12181.678711,36.819336
9997,-11391.384766,-11371.492188,19.892578
9998,-12905.462891,-12925.821289,20.358398
9999,-9480.379883,-9523.380859,43.000977
10000,-10956.329102,-10970.260742,13.931641
10001,-11951.185547,-11980.153320,28.967773
10002,-9939.065430,-9923.563477,15.501953
10003,-10570.079102,-10565.367188,4.711914
10004,-10932.798828,-10937.085938,4.287109
10005,-12884.368164,-12892.115234,7.747070
10006,-12744.151367,-12853.639648,109.488281
10007,-11517.577148,-11510.680664,6.896484
10008,-10425.644531,-10395.918945,29.725586
10009,-11166.459961,-11239.283203,72.823242
10010,-11480.405273,-11480.122070,0.283203
10011,-10505.786133,-10499.480469,6.305664
10012,-11387.246094,-11452.132812,64.886719
10013,-11574.357422,-11576.536133,2.178711
10014,-10198.687500,-10200.699219,2.011719
10015,-11293.195312,-11307.932617,14.737305
10016,-12347.269531,-12354.243164,6.973633
10017,-11801.235352,-11811.854492,10.619141
10018,-11944.249023,-11948.417969,4.168945
10019,-10902.283203,-10911.843750,9.560547
10020,-10972.270508,-10968.788086,3.482422
10021,-15685.617188,-15898.055664,212.438477
10022,-12448.040039,-12455.234375,7.194336
10023,-10461.488281,-10465.896484,4.408203
10024,-10952.875000,-10968.205078,15.330078
10025,-8932.478516,-8921.228516,11.250000
10026,-9201.637695,-8921.498047,280.139648
10027,-11916.390625,-11948.846680,32.456055
10028,-11355.134766,-11342.455078,12.679688
10029,-12512.683594,-12522.327148,9.643555
10030,-9539.326172,-9404.483398,134.842773
10031,-8866.103516,-8864.100586,2.002930
10032,-10395.574219,-10410.938477,15.364258
10033,-10992.314453,-10968.930664,23.383789
10034,-11501.827148,-11510.215820,8.388672
10035,-11726.149414,-11780.213867,54.064453
10036,-11540.758789,-11542.691406,1.932617
10037,-9810.271484,-9835.723633,25.452148
10038,-12344.894531,-12385.677734,40.783203
10039,-10566.253906,-10566.783203,0.529297
10040,-8402.098633,-8393.832031,8.266602
10041,-10912.799805,-10901.479492,11.320312
10042,-11661.841797,-11741.316406,79.474609
10043,-11382.411133,-11373.054688,9.356445
10044,-12344.603516,-12352.825195,8.221680
10045,-10942.592773,-10911.850586,30.742188
10046,-9483.111328,-9496.091797,12.980469
10047,-9484.515625,-9521.800781,37.285156
10048,-10912.955078,-10900.928711,12.026367
10049,-10494.666016,-10500.997070,6.331055
10050,-9483.891602,-9554.401367,70.509766
10051,-10371.317383,-10361.794922,9.522461
10052,-11918.320312,-11914.851562,3.468750
10053,-11953.335938,-11947.810547,5.525391
10054,-12504.411133,-12488.558594,15.852539
10055,-9954.199219,-9960.340820,6.141602
10056,-10459.639648,-10466.761719,7.122070
10057,-12471.421875,-12490.001953,18.580078
10058,-10467.529297,-10464.756836,2.772461
10059,-9964.716797,-9958.505859,6.210938
10060,-10470.149414,-10465.074219,5.075195
10061,-10533.152344,-10532.381836,0.770508
10062,-11948.538086,-11946.980469,1.557617
10063,-12477.954102,-12488.736328,10.782227
10064,-11404.958984,-11406.489258,1.530273
10065,-11939.702148,-11949.362305,9.660156
10066,-11938.701172,-11913.510742,25.190430
10067,-11502.998047,-11509.890625,6.892578
10068,-11495.723633,-11511.026367,15.302734
10069,-11525.292969,-11543.420898,18.127930
10070,-10497.148438,-10501.734375,4.585938
10071,-8899.107422,-8921.637695,22.530273
10072,-11969.381836,-11982.542969,13.161133
10073,-12410.592773,-12419.442383,8.849609
10074,-11920.460938,-11978.901367,58.440430
10075,-11522.342773,-11511.376953,10.965820
10076,-11434.230469,-11408.528320,25.702148
10077,-10602.656250,-10598.253906,4.402344
10078,-10524.166992,-10474.537109,49.629883
10079,-11292.672852,-11303.607422,10.934570
10080,-10535.406250,-10532.887695,2.518555
10081,-10533.589844,-10532.181641,1.408203
10082,-10408.897461,-10441.708984,32.811523
10083,-10197.460938,-10202.147461,4.686523
10084,-9536.383789,-9497.643555,38.740234
10085,-9513.133789,-9496.077148,17.056641
10086,-11936.216797,-11915.528320,20.688477
10087,-10326.327148,-10328.447266,2.120117
10088,-10309.444336,-10333.693359,24.249023
10089,-11578.749023,-11576.778320,1.970703
10090,-9871.850586,-9866.754883,5.095703
10091,-12547.674805,-12554.412109,6.737305
10092,-9363.640625,-8451.590820,912.049805
10093,-9450.149414,-9463.570312,13.420898
10094,-10380.854492,-10362.837891,18.016602
10095,-9513.689453,-9588.783203,75.093750
10096,-10549.731445,-10566.136719,16.405273
10097,-10545.100586,-10534.394531,10.706055
10098,-12296.055664,-12321.292969,25.237305
10099,-11558.432617,-11575.619141,17.186523
10100,-11548.548828,-11543.721680,4.827148
10101,-12299.322266,-12321.855469,22.533203
10102,-11541.165039,-11543.826172,2.661133
10103,-12379.271484,-12353.643555,25.627930
10104,-11932.591797,-11948.877930,16.286133
10105,-9580.270508,-9589.121094,8.850586
10106,-11062.681641,-11036.875977,25.805664
10107,-13483.926758,-13432.067383,51.859375
10108,-7625.744141,-7383.828613,241.915527
10109,-13838.977539,-13905.365234,66.387695
10110,-11850.993164,-11846.031250,4.961914
10111,-11478.660156,-11475.924805,2.735352
10112,-11977.153320,-11979.196289,2.042969
10113,-12488.839844,-12489.553711,0.713867
10114,-10329.539062,-10337.725586,8.186523
10115,-10931.960938,-10936.896484,4.935547
10116,-9552.331055,-9562.615234,10.284180
10117,-11925.665039,-11949.382812,23.717773
10118,-10984.875977,-10968.644531,16.231445
10119,-9726.330078,-9798.073242,71.743164
10120,-11481.650391,-11477.911133,3.739258
10121,-11590.875977,-11577.306641,13.569336
10122,-12535.797852,-12487.555664,48.242188
10123,-10866.995117,-10904.055664,37.060547
10124,-11124.737305,-11237.844727,113.107422
10125,-10874.158203,-10905.165039,31.006836
10126,-12909.859375,-12960.072266,50.212891
10127,-11448.620117,-11445.621094,2.999023
10128,-12545.884766,-12555.352539,9.467773
10129,-9911.143555,-9931.878906,20.735352
10130,-11549.632812,-11543.821289,5.811523
10131,-11540.078125,-11485.238281,54.839844
10132,-10414.830078,-10395.773438,19.056641
10133,-11016.189453,-11001.521484,14.667969
10134,-10950.046875,-10969.429688,19.382812
10135,-10434.976562,-10429.964844,5.011719
10136,-11948.230469,-11948.263672,0.033203
10137,-10353.671875,-10432.789062,79.117188
10138,-8681.007812,-9523.602539,842.594727
10139,-10393.264648,-10442.930664,49.666016
10140,-11976.025391,-12014.263672,38.238281
10141,-11388.132812,-11408.017578,19.884766
10142,-11255.003906,-11309.928711,54.924805
10143,-12448.868164,-12453.489258,4.621094
10144,-12966.623047,-12959.350586,7.272461
10145,-11980.285156,-11982.241211,1.956055
10146,-11788.337891,-11811.379883,23.041992
10147,-10560.989258,-10566.160156,5.170898
10148,-9840.448242,-9869.226562,28.778320
10149,-11570.898438,-11576.918945,6.020508
10150,-10971.846680,-10968.871094,2.975586
10151,-10546.732422,-10533.598633,13.133789
10152,-12752.096680,-12821.313477,69.216797
10153,-10885.291016,-10903.669922,18.378906
10154,-9996.923828,-9965.556641,31.367188
10155,-11756.326172,-11812.062500,55.736328
10156,-8106.429688,-8369.313477,262.883789
10157,-10966.296875,-10971.116211,4.819336
10158,-11976.876953,-12014.568359,37.691406
10159,-9822.269531,-9866.832031,44.562500
10160,-11961.312500,-11980.521484,19.208984
10161,-9800.379883,-9797.435547,2.944336
10162,-10982.533203,-10970.520508,12.012695
10163,-11543.974609,-11543.708984,0.265625
10164,-11565.576172,-11576.217773,10.641602
10165,-11973.414062,-11981.248047,7.833984
10166,-9938.625000,-9935.449219,3.175781
10167,-10409.529297,-10397.728516,11.800781
10168,-11967.333984,-11980.599609,13.265625
10169,-10975.210938,-10971.168945,4.041992
10170,-10543.751953,-10532.071289,11.680664
10171,-11932.327148,-11948.808594,16.481445
10172,-11513.535156,-11510.749023,2.786133
10173,-11010.473633,-11003.938477,6.535156
10174,-12553.875000,-12521.842773,32.032227
10175,-9862.366211,-9893.271484,30.905273
10176,-11955.262695,-11949.015625,6.247070
10177,-11909.559570,-11914.954102,5.394531
10178,-11376.162109,-11375.483398,0.678711
10179,-10544.245117,-10533.243164,11.001953
10180,-10954.298828,-10934.649414,19.649414
10181,-12289.460938,-12320.428711,30.967773
10182,-11381.105469,-11375.322266,5.783203
10183,-10304.922852,-10364.552734,59.629883
10184,-10574.741211,-10564.974609,9.766602
10185,-11491.246094,-11479.875977,11.370117
10186,-11328.996094,-11342.036133,13.040039
10187,-11361.648438,-11307.945312,53.703125
10188,-11336.543945,-11343.777344,7.233398
10189,-10920.824219,-10833.739258,87.084961
10190,-8929.242188,-8486.777344,442.464844
10191,-11392.063477,-11452.340820,60.277344
10192,-11953.263672,-11947.235352,6.028320
10193,-11542.822266,-11544.971680,2.149414
10194,-11465.272461,-11476.890625,11.618164
10195,-9542.627930,-9555.675781,13.047852
10196,-10954.892578,-10936.116211,18.776367
10197,-12376.591797,-12386.066406,9.474609
10198,-11469.926758,-11478.585938,8.659180
10199,-9592.242188,-9588.941406,3.300781
10200,-10531.688477,-10534.117188,2.428711
10201,-10501.133789,-10498.659180,2.474609
10202,-13283.708984,-13396.286133,112.577148
10203,-12984.374023,-12892.924805,91.449219
10204,-10948.290039,-10937.362305,10.927734
10205,-10429.988281,-10395.991211,33.997070
10206,-12401.962891,-12354.107422,47.855469
10207,-10908.240234,-10832.660156,75.580078
10208,-12975.148438,-12926.268555,48.879883
10209,-11515.487305,-11509.833008,5.654297
10210,-10913.864258,-10912.155273,1.708984
10211,-9269.666992,-9268.516602,1.150391
10212,-12511.913086,-12521.862305,9.949219
10213,-10564.462891,-10566.237305,1.774414
10214,-9661.124023,-9797.704102,136.580078
10215,-10971.946289,-10969.349609,2.596680
10216,-10377.875977,-10362.977539,14.898438
10217,-10497.623047,-10500.699219,3.076172
10218,-11354.666016,-11373.596680,18.930664
10219,-11751.912109,-11748.082031,3.830078
10220,-10038.759766,-10023.676758,15.083008
10221,-11009.184570,-11002.364258,6.820312
10222,-9564.299805,-9554.428711,9.871094
10223,-11544.872070,-11543.689453,1.182617
10224,-10950.370117,-10935.948242,14.421875
10225,-11466.113281,-11476.265625,10.152344
10226,-9945.678711,-9932.605469,13.073242
10227,-12356.608398,-12384.911133,28.302734
10228,-10589.805664,-10598.424805,8.619141
10229,-9887.176758,-9898.569336,11.392578
10230,-9948.620117,-9958.973633,10.353516
10231,-11410.282227,-11439.830078,29.547852
10232,-9615.583008,-9293.033203,322.549805
10233,-13021.529297,-12991.736328,29.792969
10234,-11394.830078,-11375.016602,19.813477
10235,-11960.158203,-11946.343750,13.814453
10236,-10525.876953,-10498.863281,27.013672
10237,-11421.808594,-11444.715820,22.907227
10238,-9909.751953,-9902.748047,7.003906
10239,-11537.442383,-11543.646484,6.204102
10240,-10564.737305,-10565.519531,0.782227
10241,-9449.655273,-9495.958984,46.303711
10242,-10563.785156,-10566.222656,2.437500
10243,-11498.350586,-11509.607422,11.256836
10244,-10498.384766,-10500.343750,1.958984
10245,-10776.616211,-10833.668945,57.052734
10246,-11460.527344,-11477.674805,17.147461
10247,-11993.169922,-11982.551758,10.618164
10248,-9536.545898,-9587.547852,51.001953
10249,-11024.835938,-11001.780273,23.055664
10250,-11510.666992,-11510.378906,0.288086
10251,-11358.925781,-11336.967773,21.958008
10252,-10972.618164,-10971.314453,1.303711
10253,-9932.975586,-9932.443359,0.532227
10254,-11953.851562,-11948.376953,5.474609
10255,-9402.292969,-9488.522461,86.229492
10256,-10937.082031,-10937.643555,0.561523
10257,-11474.815430,-11478.414062,3.598633
10258,-11541.637695,-11543.656250,2.018555
10259,-12242.548828,-12247.765625,5.216797
10260,-11030.613281,-11034.475586,3.862305
10261,-11509.117188,-11510.604492,1.487305
10262,-13489.631836,-13499.264648,9.632812
10263,-11263.607422,-11304.311523,40.704102
10264,-11572.777344,-11576.961914,4.184570
10265,-11377.066406,-11388.118164,11.051758
10266,-9274.708984,-8892.746094,381.962891
10267,-10455.201172,-10441.693359,13.507812
10268,-10980.223633,-10968.171875,12.051758
10269,-10553.955078,-10564.785156,10.830078
10270,-12862.083984,-12958.473633,96.389648
10271,-12381.948242,-12385.905273,3.957031
10272,-12374.790039,-12385.511719,10.721680
10273,-8440.539062,-8426.239258,14.299805
10274,-11551.033203,-11576.086914,25.053711
10275,-10865.969727,-10904.744141,38.774414
10276,-10763.918945,-10769.551758,5.632812
10277,-10494.339844,-10474.407227,19.932617
10278,-11563.962891,-11593.588867,29.625977
10279,-10948.259766,-10936.135742,12.124023
10280,-10489.778320,-10441.591797,48.186523
10281,-13412.065430,-13443.417969,31.352539
10282,-11896.578125,-11947.874023,51.295898
10283,-10542.976562,-10533.533203,9.443359
10284,-10464.041992,-10465.898438,1.856445
10285,-13093.929688,-13225.990234,132.060547
10286,-10429.308594,-10430.113281,0.804688
10287,-10018.816406,-9990.901367,27.915039
10288,-11938.637695,-11948.917969,10.280273
10289,-11956.060547,-11946.268555,9.791992
10290,-10949.728516,-10937.700195,12.028320
10291,-11405.173828,-11439.885742,34.711914
10292,-11005.653320,-11001.912109,3.741211
10293,-12951.815430,-12926.984375,24.831055
10294,-9064.361328,-8830.930664,233.430664
10295,-13496.410156,-13549.156250,52.746094
10296,-10965.660156,-10945.442383,20.217773
10297,-10790.804688,-10845.681641,54.876953
10298,-11944.306641,-11949.436523,5.129883
10299,-11181.157227,-11271.623047,90.465820
10300,-11340.038086,-11374.665039,34.626953
10301,-11007.640625,-11001.291016,6.349609
10302,-12210.762695,-12216.561523,5.798828
10303,-11503.697266,-11511.898438,8.201172
10304,-11386.132812,-11407.837891,21.705078
10305,-10906.379883,-10903.042969,3.336914
10306,-13072.213867,-13227.756836,155.542969
10307,-11960.793945,-11949.015625,11.778320
10308,-10949.823242,-10936.991211,12.832031
10309,-9467.191406,-9462.783203,4.408203
10310,-11510.400391,-11509.453125,0.947266
10311,-10532.236328,-10533.041016,0.804688
10312,-10991.753906,-11001.978516,10.224609
10313,-11352.777344,-11317.120117,35.657227
10314,-10516.166992,-10501.075195,15.091797
10315,-11955.339844,-11943.925781,11.414062
10316,-10492.231445,-10497.629883,5.398438
10317,-12536.794922,-12554.408203,17.613281
10318,-13423.755859,-13468.000977,44.245117
10319,-8826.031250,-8888.897461,62.866211
10320,-10390.257812,-10409.791016,19.533203
10321,-12532.714844,-12553.729492,21.014648
10322,-9483.038086,-9463.004883,20.033203
10323,-10958.117188,-10935.922852,22.194336
10324,-11393.256836,-11407.093750,13.836914
10325,-10924.769531,-10880.860352,43.909180
10326,-11538.891602,-11543.637695,4.746094
10327,-12544.193359,-12554.311523,10.118164
10328,-11575.791992,-11576.913086,1.121094
10329,-11765.307617,-11833.987305,68.679688
10330,-11322.853516,-11342.085938,19.232422
10331,-12486.936523,-12487.580078,0.643555
10332,-11927.683594,-11914.708008,12.975586
10333,-11928.483398,-11914.400391,14.083008
10334,-10533.594727,-10533.743164,0.148438
10335,-11575.330078,-11608.845703,33.515625
10336,-12593.525391,-12554.239258,39.286133
10337,-11492.226562,-11509.539062,17.312500
10338,-11370.837891,-11341.793945,29.043945
10339,-11785.013672,-11746.897461,38.116211
10340,-9861.707031,-9867.407227,5.700195
10341,-10542.986328,-10533.371094,9.615234
10342,-11514.937500,-11511.917969,3.019531
10343,-11503.889648,-11511.836914,7.947266
10344,-9936.055664,-9925.518555,10.537109
10345,-11930.369141,-11947.893555,17.524414
10346,-10546.237305,-10531.181641,15.055664
10347,-12573.257812,-12571.589844,1.667969
10348,-10799.251953,-10834.458984,35.207031
10349,-10908.874023,-10904.039062,4.834961
10350,-10601.826172,-10599.681641,2.144531
10351,-10939.091797,-10938.637695,0.454102
10352,-10553.438477,-10532.169922,21.268555
10353,-12387.775391,-12352.973633,34.801758
10354,-9396.297852,-10026.011719,629.713867
10355,-10953.553711,-10936.432617,17.121094
10356,-10977.431641,-10971.734375,5.697266
10357,-12301.087891,-12319.814453,18.726562
10358,-11411.627930,-11407.502930,4.125000
10359,-11358.299805,-11340.247070,18.052734
10360,-10922.320312,-10905.154297,17.166016
10361,-11481.367188,-11475.826172,5.541016
10362,-10975.883789,-10969.439453,6.444336
10363,-12431.219727,-12521.419922,90.200195
10364,-11022.623047,-10415.205078,607.417969
10365,-11487.978516,-11509.559570,21.581055
10366,-11911.847656,-11914.691406,2.843750
10367,-9515.963867,-9522.873047,6.909180
10368,-10932.125977,-10937.846680,5.720703
10369,-10861.178711,-10869.615234,8.436523
10370,-10590.654297,-10565.383789,25.270508
10371,-11916.323242,-11980.600586,64.277344
10372,-12865.288086,-12892.503906,27.215820
10373,-12549.112305,-12553.916016,4.803711
10374,-12449.470703,-12521.489258,72.018555
10375,-11472.386719,-11476.018555,3.631836
10376,-9600.833008,-9589.095703,11.737305
10377,-12501.791016,-12522.990234,21.199219
10378,-11221.874023,-11237.793945,15.919922
10379,-11915.587891,-11916.024414,0.436523
10380,-11338.451172,-11343.405273,4.954102
10381,-11919.663086,-11881.748047,37.915039
10382,-10849.639648,-10846.750000,2.889648
10383,-7721.535645,-7854.683594,133.147949
10384,-10886.250977,-10911.685547,25.434570
10385,-12945.415039,-12958.813477,13.398438
10386,-12540.998047,-12523.003906,17.994141
10387,-9913.917969,-9901.455078,12.462891
10388,-12498.957031,-12520.425781,21.468750
10389,-11504.604492,-11512.868164,8.263672
10390,-10511.413086,-10476.595703,34.817383
10391,-11949.158203,-11949.656250,0.498047
10392,-11542.750977,-11544.030273,1.279297
10393,-10545.551758,-10534.632812,10.918945
10394,-11966.523438,-11981.146484,14.623047
10395,-10539.934570,-10532.838867,7.095703
10396,-8880.369141,-8896.770508,16.401367
10397,-10962.103516,-10911.389648,50.713867
10398,-9265.680664,-9261.865234,3.815430
10399,-11499.088867,-11509.878906,10.790039
10400,-11950.298828,-11947.335938,2.962891
10401,-10311.330078,-10408.322266,96.992188
10402,-11376.875000,-11374.569336,2.305664
10403,-11989.420898,-11982.076172,7.344727
10404,-11530.186523,-11510.952148,19.234375
10405,-11749.184570,-11747.865234,1.319336
10406,-10848.326172,-10877.138672,28.812500
10407,-9527.072266,-9554.394531,27.322266
10408,-11400.832031,-11373.475586,27.356445
10409,-10475.813477,-10442.195312,33.618164
10410,-11531.296875,-11542.677734,11.380859
10411,-10502.034180,-10499.638672,2.395508
10412,-10945.781250,-10937.193359,8.587891
10413,-12485.458984,-12488.666992,3.208008
10414,-12570.348633,-12554.476562,15.872070
10415,-10935.047852,-10971.166016,36.118164
10416,-12917.237305,-12894.514648,22.722656
10417,-11943.568359,-11949.097656,5.529297
10418,-10960.394531,-10944.282227,16.112305
10419,-11373.612305,-11408.748047,35.135742
10420,-11399.235352,-11373.972656,25.262695
10421,-11873.861328,-11914.028320,40.166992
10422,-10467.640625,-10464.805664,2.834961
10423,-9499.811523,-9429.712891,70.098633
10424,-10506.501953,-10499.686523,6.815430
10425,-12411.227539,-12417.597656,6.370117
10426,-11939.995117,-11947.677734,7.682617
10427,-9255.656250,-9268.471680,12.815430
10428,-9487.544922,-9489.056641,1.511719
10429,-11005.529297,-11003.402344,2.126953
10430,-9897.002930,-9898.792969,1.790039
10431,-11390.162109,-11374.612305,15.549805
10432,-7912.162598,-7795.696777,116.465820
10433,-10899.729492,-10912.916992,13.187500
10434,-9513.985352,-9521.926758,7.941406
10435,-11510.479492,-11509.688477,0.791016
10436,-11006.953125,-10968.195312,38.757812
10437,-10364.125977,-10441.197266,77.071289
10438,-13326.946289,-13330.695312,3.749023
10439,-10863.038086,-10877.157227,14.119141
10440,-9371.960938,-9404.603516,32.642578
10441,-12510.701172,-12520.544922,9.843750
10442,-9471.409180,-9489.164062,17.754883
10443,-10983.014648,-10969.122070,13.892578
10444,-10719.007812,-10775.204102,56.196289
10445,-11972.433594,-11945.708984,26.724609
10446,-11889.112305,-11916.230469,27.118164
10447,-10954.019531,-10971.127930,17.108398
10448,-11947.988281,-11949.583008,1.594727
10449,-11943.332031,-11948.092773,4.760742
10450,-11460.357422,-11477.314453,16.957031
10451,-10494.424805,-10499.649414,5.224609
10452,-11347.119141,-11340.498047,6.621094
10453,-11897.804688,-11883.600586,14.204102
10454,-10510.633789,-10500.283203,10.350586
10455,-11831.487305,-11754.306641,77.180664
10456,-10998.482422,-11002.716797,4.234375
10457,-12367.508789,-12386.133789,18.625000
10458,-10534.161133,-10532.459961,1.701172
10459,-10558.944336,-10565.209961,6.265625
10460,-8448.705078,-8460.439453,11.734375
10461,-12371.259766,-12554.912109,183.652344
10462,-10946.386719,-10937.253906,9.132812
10463,-11883.275391,-11882.373047,0.902344
10464,-9493.539062,-9464.414062,29.125000
10465,-10987.661133,-10968.696289,18.964844
10466,-10962.261719,-10968.894531,6.632812
10467,-11335.660156,-11374.581055,38.920898
10468,-14469.808594,-14640.038086,170.229492
10469,-11772.159180,-11844.686523,72.527344
10470,-11379.393555,-11439.699219,60.305664
10471,-12218.578125,-12249.957031,31.378906
10472,-11823.584961,-11811.835938,11.749023
10473,-11419.447266,-11405.041992,14.405273
10474,-11456.887695,-11478.618164,21.730469
10475,-9939.056641,-9934.570312,4.486328
10476,-9366.219727,-7382.581543,1983.638184
10477,-10986.281250,-10969.592773,16.688477
10478,-9795.633789,-9834.702148,39.068359
10479,-11528.332031,-11544.214844,15.882812
10480,-11949.473633,-11947.819336,1.654297
10481,-12482.343750,-12456.007812,26.335938
10482,-11943.587891,-11948.473633,4.885742
10483,-12232.185547,-12281.683594,49.498047
10484,-10555.365234,-10565.955078,10.589844
10485,-10323.778320,-10364.126953,40.348633
10486,-10516.067383,-10474.312500,41.754883
10487,-11921.445312,-11915.809570,5.635742
10488,-9937.411133,-9957.397461,19.986328
10489,-11785.617188,-11810.405273,24.788086
10490,-10560.976562,-10565.228516,4.251953
10491,-12424.553711,-12456.004883,31.451172
10492,-10997.738281,-11002.985352,5.247070
10493,-12749.495117,-12791.423828,41.928711
10494,-9492.850586,-9520.879883,28.029297
10495,-11509.582031,-11543.350586,33.768555
10496,-10392.827148,-10429.011719,36.184570
10497,-11545.927734,-11542.595703,3.332031
10498,-10531.199219,-10533.265625,2.066406
10499,-8302.518555,-8418.801758,116.283203
10500,-10937.721680,-10937.672852,0.048828
10501,-11003.759766,-10970.885742,32.874023
10502,-10980.174805,-10970.054688,10.120117
10503,-11539.381836,-11576.759766,37.377930
10504,-11350.261719,-11372.842773,22.581055
10505,-10919.372070,-10903.875977,15.496094
10506,-7673.943359,-7828.643066,154.699707
10507,-12238.214844,-12249.101562,10.886719
10508,-11509.055664,-11544.541992,35.486328
10509,-11928.349609,-11914.479492,13.870117
10510,-12535.297852,-12521.391602,13.906250
10511,-9469.435547,-9587.699219,118.263672
10512,-11392.407227,-11372.471680,19.935547
10513,-8328.660156,-8291.151367,37.508789
10514,-10324.590820,-10329.299805,4.708984
10515,-12528.753906,-12554.243164,25.489258
10516,-11556.330078,-11720.478516,164.148438
10517,-10809.052734,-10866.899414,57.846680
10518,-10505.231445,-10500.721680,4.509766
10519,-10975.470703,-10969.737305,5.733398
10520,-9795.080078,-9764.324219,30.755859
10521,-9957.080078,-9959.218750,2.138672
10522,-10923.195312,-10902.349609,20.845703
10523,-11494.033203,-11476.052734,17.980469
10524,-12470.649414,-12418.953125,51.696289
10525,-9532.665039,-9555.990234,23.325195
10526,-11852.488281,-11813.731445,38.756836
10527,-11910.403320,-11915.304688,4.901367
10528,-9971.049805,-9958.349609,12.700195
10529,-11554.518555,-11544.443359,10.075195
10530,-12706.914062,-12411.254883,295.659180
10531,-11904.260742,-11915.449219,11.188477
10532,-10540.594727,-10533.291992,7.302734
10533,-11543.749023,-11542.796875,0.952148
10534,-10353.536133,-10338.393555,15.142578
10535,-10901.937500,-10878.315430,23.622070
10536,-10590.482422,-10598.426758,7.944336
10537,-10529.308594,-10531.900391,2.591797
10538,-11480.735352,-11510.180664,29.445312
10539,-10586.791992,-10598.388672,11.596680
10540,-11001.958008,-10970.153320,31.804688
10541,-9452.000977,-9496.433594,44.432617
10542,-10937.166992,-10937.440430,0.273438
10543,-12542.212891,-12554.065430,11.852539
10544,-12334.721680,-12353.729492,19.007812
10545,-12446.387695,-12456.691406,10.303711
10546,-11688.792969,-11722.726562,33.933594
10547,-10909.274414,-10902.941406,6.333008
10548,-8876.740234,-8864.656250,12.083984
10549,-11965.907227,-11949.108398,16.798828
10550,-9377.163086,-9522.877930,145.714844
10551,-10558.029297,-10564.754883,6.725586
10552,-9582.954102,-9554.759766,28.194336
10553,-11771.157227,-11780.133789,8.976562
10554,-10515.691406,-10497.032227,18.659180
10555,-11490.900391,-11476.574219,14.326172
10556,-8584.322266,-8520.072266,64.250000
10557,-11504.916992,-11509.772461,4.855469
10558,-11995.032227,-11979.434570,15.597656
10559,-9564.929688,-9562.290039,2.639648
10560,-7552.571289,-7450.830078,101.741211
10561,-12468.238281,-12455.894531,12.343750
10562,-10487.541992,-10501.173828,13.631836
10563,-8585.072266,-8729.226562,144.154297
10564,-10541.800781,-10532.277344,9.523438
10565,-12679.155273,-12479.372070,199.783203
10566,-11929.826172,-11948.274414,18.448242
10567,-8008.132812,-8552.536133,544.403320
10568,-12512.593750,-12521.625000,9.031250
10569,-11986.126953,-11981.564453,4.562500
10570,-10943.924805,-10935.385742,8.539062
10571,-11766.500000,-11812.044922,45.544922
10572,-12522.606445,-12521.813477,0.792969
10573,-9457.833008,-9488.556641,30.723633
10574,-9463.358398,-9520.414062,57.055664
10575,-10984.402344,-10970.200195,14.202148
10576,-9595.199219,-9587.727539,7.471680
10577,-12424.084961,-12451.109375,27.024414
10578,-11451.842773,-11478.574219,26.731445
10579,-11928.359375,-11915.782227,12.577148
10580,-12496.712891,-12488.807617,7.905273
10581,-9892.085938,-9960.616211,68.530273
10582,-11377.180664,-11374.011719,3.168945
10583,-10527.009766,-10532.361328,5.351562
10584,-11372.014648,-11373.749023,1.734375
10585,-11213.342773,-11238.913086,25.570312
10586,-11462.231445,-11476.222656,13.991211
10587,-11528.679688,-11541.418945,12.739258
10588,-11923.963867,-11913.794922,10.168945
10589,-11535.963867,-11543.730469,7.766602
10590,-9951.516602,-9957.541992,6.025391
10591,-10528.143555,-10533.549805,5.406250
10592,-10948.919922,-10903.947266,44.972656
10593,-10490.226562,-10507.019531,16.792969
10594,-11470.141602,-11477.198242,7.056641
10595,-11789.305664,-11844.058594,54.752930
10596,-11904.750000,-11889.750977,14.999023
10597,-10944.271484,-10936.045898,8.225586
10598,-9859.777344,-10023.862305,164.084961
10599,-12227.405273,-12249.624023,22.218750
10600,-9811.513672,-9859.752930,48.239258
10601,-12525.749023,-12522.357422,3.391602
10602,-11356.380859,-11376.347656,19.966797
10603,-9991.283203,-9957.873047,33.410156
10604,-10916.278320,-10905.017578,11.260742
10605,-9966.962891,-9934.832031,32.130859
10606,-11533.312500,-11543.587891,10.275391
10607,-9486.591797,-9405.266602,81.325195
10608,-12704.994141,-12756.633789,51.639648
10609,-12896.864258,-12926.751953,29.887695
10610,-12537.886719,-12522.453125,15.433594
10611,-11289.114258,-11308.604492,19.490234
10612,-10935.846680,-10936.454102,0.607422
10613,-11471.500977,-11477.610352,6.109375
10614,-8454.750000,-8460.257812,5.507812
10615,-12305.079102,-12352.591797,47.512695
10616,-10761.831055,-10802.229492,40.398438
10617,-12417.109375,-12386.829102,30.280273
10618,-9970.947266,-9960.895508,10.051758
10619,-10906.983398,-10902.727539,4.255859
10620,-10927.663086,-10903.872070,23.791016
10621,-11383.640625,-11374.855469,8.785156
10622,-9940.759766,-9935.426758,5.333008
10623,-11372.950195,-11374.541992,1.591797
10624,-10446.613281,-10427.252930,19.360352
10625,-11487.529297,-11484.604492,2.924805
10626,-10973.750977,-10939.301758,34.449219
10627,-11488.614258,-11479.320312,9.293945
10628,-9857.862305,-9866.061523,8.199219
10629,-11502.996094,-11509.826172,6.830078
10630,-11499.927734,-11509.577148,9.649414
10631,-10603.130859,-10599.291016,3.839844
10632,-11484.178711,-11510.922852,26.744141
10633,-9838.156250,-9924.231445,86.075195
10634,-9124.307617,-9328.552734,204.245117
10635,-13445.606445,-13500.494141,54.887695
10636,-11949.888672,-11946.875000,3.013672
10637,-9479.429688,-9463.818359,15.611328
10638,-11384.808594,-11408.313477,23.504883
10639,-12323.273438,-12353.721680,30.448242
10640,-9498.360352,-9522.643555,24.283203
10641,-10931.730469,-10935.457031,3.726562
10642,-11938.901367,-11948.400391,9.499023
10643,-11963.347656,-11948.846680,14.500977
10644,-11330.528320,-11342.265625,11.737305
10645,-12388.775391,-12418.753906,29.978516
10646,-11537.920898,-11542.743164,4.822266
10647,-10561.026367,-10566.566406,5.540039
10648,-9544.406250,-9437.515625,106.890625
10649,-11487.723633,-11478.179688,9.543945
10650,-10522.429688,-10531.828125,9.398438
10651,-12325.540039,-12351.608398,26.068359
10652,-12532.095703,-12554.155273,22.059570
10653,-10459.979492,-10466.783203,6.803711
10654,-11505.100586,-11509.540039,4.439453
10655,-10569.999023,-10566.165039,3.833984
10656,-7671.535156,-9588.088867,1916.553711
10657,-10495.823242,-10499.600586,3.777344
10658,-10955.185547,-10937.782227,17.403320
10659,-10950.556641,-10937.224609,13.332031
10660,-12970.403320,-12960.288086,10.115234
10661,-13001.171875,-12956.534180,44.637695
10662,-10427.298828,-10430.081055,2.782227
10663,-12533.813477,-12520.909180,12.904297
10664,-13491.181641,-13500.138672,8.957031
10665,-11534.547852,-11542.932617,8.384766
10666,-10947.958008,-10937.395508,10.562500
10667,-10934.750977,-10937.163086,2.412109
10668,-11739.814453,-11811.431641,71.617188
10669,-10518.149414,-10532.272461,14.123047
10670,-12977.524414,-12959.145508,18.378906
10671,-12691.075195,-12757.426758,66.351562
10672,-10541.222656,-10534.599609,6.623047
10673,-11516.130859,-11510.190430,5.940430
10674,-11913.848633,-11915.894531,2.045898
10675,-11493.656250,-11509.778320,16.122070
10676,-8381.113281,-8486.846680,105.733398
10677,-9985.679688,-9957.375000,28.304688
10678,-11371.008789,-11375.335938,4.327148
10679,-10573.767578,-10567.267578,6.500000
10680,-9534.134766,-9556.082031,21.947266
10681,-10384.776367,-10398.244141,13.467773
10682,-12498.851562,-12489.407227,9.444336
10683,-10959.610352,-10939.632812,19.977539
10684,-10974.513672,-10969.843750,4.669922
10685,-11992.812500,-12012.454102,19.641602
10686,-11361.183594,-11375.554688,14.371094
10687,-10277.620117,-10306.495117,28.875000
10688,-10389.375000,-10364.334961,25.040039
10689,-11471.188477,-11477.613281,6.424805
10690,-11937.186523,-11948.161133,10.974609
10691,-10355.512695,-10364.399414,8.886719
10692,-11571.068359,-11575.718750,4.650391
10693,-11399.923828,-11407.704102,7.780273
10694,-10900.038086,-10877.889648,22.148438
10695,-10525.887695,-10532.390625,6.502930
10696,-10534.699219,-10533.103516,1.595703
10697,-11515.660156,-11507.529297,8.130859
10698,-9662.625000,-9653.914062,8.710938
10699,-10561.678711,-10565.912109,4.233398
10700,-9567.407227,-9589.051758,21.644531
10701,-10497.382812,-10498.826172,1.443359
10702,-12224.545898,-12249.992188,25.446289
10703,-11961.148438,-11978.081055,16.932617
10704,-11957.892578,-11947.119141,10.773438
10705,-8494.556641,-8518.624023,24.067383
10706,-10561.597656,-10565.127930,3.530273
10707,-9985.986328,-9989.869141,3.882812
10708,-13397.062500,-13447.014648,49.952148
10709,-10322.948242,-10330.336914,7.388672
10710,-10536.317383,-10531.643555,4.673828
10711,-9970.851562,-9957.811523,13.040039
10712,-10956.412109,-10970.408203,13.996094
10713,-10978.034180,-10971.860352,6.173828
10714,-12540.417969,-12522.094727,18.323242
10715,-9900.096680,-9926.499023,26.402344
10716,-11956.456055,-11948.663086,7.792969
10717,-12914.837891,-12860.322266,54.515625
10718,-10388.382812,-10337.257812,51.125000
10719,-10533.863281,-10533.255859,0.607422
10720,-11497.976562,-11509.350586,11.374023
10721,-11937.225586,-11915.634766,21.590820
10722,-9536.523438,-9554.712891,18.189453
10723,-10960.431641,-10936.989258,23.442383
10724,-9459.592773,-9431.920898,27.671875
10725,-11578.491211,-11576.695312,1.795898
10726,-13514.215820,-13444.219727,69.996094
10727,-8508.275391,-8486.002930,22.272461
10728,-12088.132812,-12155.478516,67.345703
10729,-12167.909180,-12215.811523,47.902344
10730,-9437.617188,-9462.910156,25.292969
10731,-11822.516602,-11813.686523,8.830078
10732,-10482.007812,-10468.809570,13.198242
10733,-8629.988281,-8451.982422,178.005859
10734,-10951.147461,-10939.191406,11.956055
10735,-9484.867188,-9529.389648,44.522461
10736,-10759.313477,-10742.187500,17.125977
10737,-10402.464844,-10396.708008,5.756836
10738,-11424.003906,-11453.284180,29.280273
10739,-11373.457031,-11373.287109,0.169922
10740,-11555.691406,-11576.584961,20.893555
10741,-10991.637695,-11003.686523,12.048828
10742,-12387.987305,-12385.157227,2.830078
10743,-13477.124023,-13467.064453,10.059570
10744,-10320.866211,-10365.254883,44.388672
10745,-9942.870117,-9960.754883,17.884766
10746,-11408.581055,-11444.115234,35.534180
10747,-11519.187500,-11543.115234,23.927734
10748,-10981.523438,-10969.436523,12.086914
10749,-12485.748047,-12454.734375,31.013672
10750,-11018.480469,-11001.541016,16.939453
10751,-11966.022461,-11947.008789,19.013672
10752,-12482.532227,-12489.754883,7.222656
10753,-16210.214844,-16471.908203,261.693359
10754,-10534.525391,-10532.120117,2.405273
10755,-11007.119141,-11002.381836,4.737305
10756,-12485.137695,-12489.645508,4.507812
10757,-11310.270508,-11307.813477,2.457031
10758,-11964.879883,-11948.332031,16.547852
10759,-9397.490234,-9430.953125,33.462891
10760,-10735.838867,-10833.486328,97.647461
10761,-11510.152344,-11511.641602,1.489258
10762,-11436.719727,-11443.847656,7.127930
10763,-10543.638672,-10532.846680,10.791992
10764,-12301.191406,-12288.597656,12.593750
10765,-10528.357422,-10533.581055,5.223633
10766,-10349.879883,-10369.066406,19.186523
10767,-10601.083008,-10475.159180,125.923828
10768,-11482.351562,-11478.218750,4.132812
10769,-11947.317383,-11949.125977,1.808594
10770,-10856.614258,-10834.166016,22.448242
10771,-12429.828125,-12417.944336,11.883789
10772,-11915.108398,-11914.790039,0.318359
10773,-10566.271484,-10565.350586,0.920898
10774,-8374.035156,-8452.115234,78.080078
10775,-10914.374023,-11003.417969,89.043945
10776,-9399.572266,-9429.341797,29.769531
10777,-11426.805664,-11445.026367,18.220703
10778,-10971.740234,-10970.825195,0.915039
10779,-10353.660156,-10365.373047,11.712891
10780,-11823.268555,-11844.975586,21.707031
10781,-10965.739258,-10935.910156,29.829102
10782,-11441.248047,-11453.498047,12.250000
10783,-10938.212891,-10935.923828,2.289062
10784,-11344.489258,-11343.452148,1.037109
10785,-12592.833008,-12685.914062,93.081055
10786,-11864.064453,-11937.458008,73.393555
10787,-10561.059570,-10566.366211,5.306641
10788,-11488.763672,-11479.020508,9.743164
10789,-16115.314453,-16471.070312,355.755859
10790,-11949.103516,-11948.029297,1.074219
10791,-10932.273438,-10905.806641,26.466797
10792,-11866.394531,-11811.322266,55.072266
10793,-12208.287109,-12214.929688,6.642578
10794,-11503.576172,-11511.785156,8.208984
10795,-12898.526367,-12892.671875,5.854492
10796,-10535.517578,-10532.460938,3.056641
10797,-11043.819336,-11034.919922,8.899414
10798,-10592.376953,-10598.332031,5.955078
10799,-12532.410156,-12522.251953,10.158203
10800,-9439.186523,-9462.064453,22.877930
10801,-11929.681641,-11916.574219,13.107422
10802,-11978.034180,-11980.489258,2.455078
10803,-10961.587891,-10968.670898,7.083008
10804,-11386.112305,-11404.698242,18.585938
10805,-12446.222656,-12455.759766,9.537109
10806,-10524.787109,-10533.832031,9.044922
10807,-11538.261719,-11542.925781,4.664062
10808,-12876.845703,-12892.942383,16.096680
10809,-11374.194336,-11407.986328,33.791992
10810,-9492.761719,-9463.511719,29.250000
10811,-10533.595703,-10532.827148,0.768555
10812,-11796.341797,-11890.601562,94.259766
10813,-11327.217773,-11342.046875,14.829102
10814,-9513.145508,-9495.697266,17.448242
10815,-12768.451172,-12790.139648,21.688477
10816,-11502.736328,-11511.551758,8.815430
10817,-11912.927734,-11915.987305,3.059570
10818,-10948.636719,-10933.805664,14.831055
10819,-12967.925781,-13007.396484,39.470703
10820,-11054.975586,-11034.764648,20.210938
10821,-9498.686523,-8485.316406,1013.370117
10822,-9458.503906,-9463.016602,4.512695
10823,-11838.239258,-11810.304688,27.934570
10824,-10816.157227,-10839.882812,23.725586
10825,-9978.145508,-9991.087891,12.942383
10826,-10539.353516,-10533.107422,6.246094
10827,-11872.439453,-11878.176758,5.737305
10828,-11753.826172,-11811.758789,57.932617
10829,-11035.299805,-11034.709961,0.589844
10830,-11982.347656,-12014.712891,32.365234
10831,-10958.395508,-10970.313477,11.917969
10832,-10569.502930,-10565.612305,3.890625
10833,-9345.943359,-9357.549805,11.606445
10834,-10491.040039,-10499.864258,8.824219
10835,-10946.399414,-10970.356445,23.957031
10836,-12459.132812,-12456.191406,2.941406
10837,-10576.496094,-10599.066406,22.570312
10838,-11432.007812,-11439.610352,7.602539
10839,-11878.040039,-11883.355469,5.315430
10840,-11322.108398,-11374.188477,52.080078
10841,-12844.611328,-12789.830078,54.781250
10842,-11944.457031,-11948.978516,4.521484
10843,-10938.252930,-10937.148438,1.104492
10844,-12499.953125,-12488.158203,11.794922
10845,-13303.289062,-13332.350586,29.061523
10846,-12332.552734,-12321.391602,11.161133
10847,-9916.103516,-9902.782227,13.321289
10848,-11951.515625,-11949.339844,2.175781
10849,-11913.822266,-11916.241211,2.418945
10850,-11367.598633,-11405.785156,38.186523
10851,-11402.566406,-11375.408203,27.158203
10852,-10559.003906,-10566.612305,7.608398
10853,-11890.809570,-11884.559570,6.250000
10854,-9898.417969,-9899.943359,1.525391
10855,-10496.712891,-10473.792969,22.919922
10856,-9917.291016,-9933.166016,15.875000
10857,-11932.624023,-11915.583008,17.041016
10858,-9516.065430,-9496.822266,19.243164
10859,-11804.258789,-11844.695312,40.436523
10860,-12445.404297,-12418.190430,27.213867
10861,-12881.799805,-12895.113281,13.313477
10862,-11474.974609,-11477.069336,2.094727
10863,-8718.380859,-8865.208984,146.828125
10864,-11634.702148,-11707.866211,73.164062
10865,-12467.770508,-12456.887695,10.882812
10866,-11316.993164,-11317.166016,0.172852
10867,-10731.187500,-10776.213867,45.026367
10868,-12351.126953,-12385.866211,34.739258
10869,-11309.637695,-11341.363281,31.725586
10870,-11666.930664,-11316.415039,350.515625
10871,-9595.686523,-9957.228516,361.541992
10872,-11978.345703,-11981.396484,3.050781
10873,-9546.588867,-9529.424805,17.164062
10874,-11563.359375,-11575.779297,12.419922
10875,-8985.281250,-8864.957031,120.324219
10876,-9876.931641,-9870.495117,6.436523
10877,-11914.730469,-11913.538086,1.192383
10878,-12552.658203,-12554.979492,2.321289
10879,-10981.743164,-10969.188477,12.554688
10880,-9998.663086,-9992.371094,6.291992
10881,-10951.176758,-10969.366211,18.189453
10882,-10330.362305,-10362.531250,32.168945
10883,-11448.851562,-11444.399414,4.452148
10884,-10621.957031,-10671.065430,49.108398
10885,-11369.644531,-11419.833984,50.189453
10886,-8623.606445,-9489.584961,865.978516
10887,-10531.971680,-10533.117188,1.145508
10888,-11784.875977,-11779.993164,4.882812
10889,-11936.427734,-11947.918945,11.491211
10890,-11387.348633,-11374.079102,13.269531
10891,-12898.913086,-12924.962891,26.049805
10892,-9896.319336,-9991.559570,95.240234
10893,-11907.285156,-11914.465820,7.180664
10894,-11494.705078,-11509.356445,14.651367
10895,-11974.013672,-11979.979492,5.965820
10896,-8421.306641,-8519.884766,98.578125
10897,-11034.625977,-11034.755859,0.129883
10898,-12522.875977,-12522.810547,0.065430
10899,-9921.844727,-9901.352539,20.492188
10900,-11541.680664,-11542.680664,1.000000
10901,-10958.223633,-10968.425781,10.202148
10902,-12934.832031,-12926.256836,8.575195
10903,-10536.982422,-10533.131836,3.850586
10904,-10961.925781,-10967.979492,6.053711
10905,-10824.426758,-10880.581055,56.154297
10906,-12496.103516,-12373.382812,122.720703
10907,-10563.996094,-10565.126953,1.130859
10908,-9871.401367,-9834.985352,36.416016
10909,-11512.686523,-11509.048828,3.637695
10910,-9528.019531,-9555.197266,27.177734
10911,-10385.976562,-10397.112305,11.135742
10912,-10905.484375,-10938.194336,32.709961
10913,-8993.952148,-8921.652344,72.299805
10914,-9534.873047,-9555.658203,20.785156
10915,-11516.510742,-11509.957031,6.553711
10916,-11982.330078,-11980.549805,1.780273
10917,-12939.791992,-12925.849609,13.942383
10918,-10567.682617,-10565.202148,2.480469
10919,-11488.904297,-11509.093750,20.189453
10920,-11523.764648,-11542.747070,18.982422
10921,-11510.938477,-11511.934570,0.996094
10922,-11519.996094,-11542.652344,22.656250
10923,-11939.798828,-11949.067383,9.268555
10924,-12559.334961,-12554.370117,4.964844
10925,-10418.987305,-10440.380859,21.393555
10926,-9816.463867,-9809.486328,6.977539
10927,-11388.937500,-11375.611328,13.326172
10928,-10948.157227,-10938.166992,9.990234
10929,-10573.201172,-10566.571289,6.629883
10930,-11513.182617,-11512.544922,0.637695
10931,-11407.740234,-11406.818359,0.921875
10932,-12379.281250,-12384.677734,5.396484
10933,-11863.674805,-11882.253906,18.579102
10934,-11413.458984,-11439.498047,26.039062
10935,-13325.897461,-13363.089844,37.192383
10936,-11492.532227,-11509.249023,16.716797
10937,-11948.523438,-11915.299805,33.223633
10938,-7792.573242,-7762.806641,29.766602
10939,-10394.358398,-10440.169922,45.811523
10940,-10937.982422,-10937.212891,0.769531
10941,-10903.058594,-10901.413086,1.645508
10942,-12972.184570,-12958.801758,13.382812
10943,-9976.168945,-9959.647461,16.521484
10944,-9384.851562,-9429.633789,44.782227
10945,-9951.675781,-9934.280273,17.395508
10946,-10185.449219,-10234.518555,49.069336
10947,-10423.485352,-10428.837891,5.352539
10948,-8437.708984,-8426.744141,10.964844
10949,-10556.697266,-10566.095703,9.398438
10950,-11925.738281,-11948.212891,22.474609
10951,-10993.917969,-10969.936523,23.981445
10952,-12373.405273,-12417.463867,44.058594
10953,-11512.414062,-11511.809570,0.604492
10954,-11886.595703,-11882.936523,3.659180
10955,-11774.804688,-11844.272461,69.467773
10956,-10923.052734,-10937.963867,14.911133
10957,-11566.507812,-11576.014648,9.506836
10958,-11505.268555,-11511.509766,6.241211
10959,-11514.544922,-11508.245117,6.299805
10960,-9276.421875,-9327.639648,51.217773
10961,-11407.397461,-11406.362305,1.035156
10962,-10847.075195,-10866.963867,19.888672
10963,-12500.843750,-12488.044922,12.798828
10964,-11502.386719,-11511.168945,8.782227
10965,-12599.481445,-12554.465820,45.015625
10966,-11310.219727,-11341.040039,30.820312
10967,-10976.205078,-10969.514648,6.690430
10968,-9918.159180,-9901.397461,16.761719
10969,-11400.890625,-11410.557617,9.666992
10970,-9514.716797,-9497.310547,17.406250
10971,-9499.990234,-9489.413086,10.577148
10972,-11867.047852,-11880.822266,13.774414
10973,-10383.004883,-10395.801758,12.796875
10974,-12004.562500,-12012.728516,8.166016
10975,-10492.196289,-10498.161133,5.964844
10976,-11541.317383,-11543.004883,1.687500
10977,-11858.614258,-11948.662109,90.047852
10978,-11529.248047,-11543.721680,14.473633
10979,-8380.496094,-8452.342773,71.846680
10980,-11471.936523,-11478.259766,6.323242
10981,-10583.326172,-10565.114258,18.211914
10982,-11404.619141,-11373.292969,31.326172
10983,-11356.934570,-11374.704102,17.769531
10984,-11934.299805,-11914.336914,19.962891
10985,-10591.511719,-10599.140625,7.628906
10986,-10384.405273,-10397.474609,13.069336
10987,-9884.163086,-9891.791016,7.627930
10988,-11541.007812,-11543.858398,2.850586
10989,-11467.176758,-11476.549805,9.373047
10990,-13045.724609,-13008.584961,37.139648
10991,-10873.237305,-10878.682617,5.445312
10992,-10519.751953,-10533.752930,14.000977
10993,-11517.829102,-11510.964844,6.864258
10994,-12556.585938,-12553.200195,3.385742
10995,-10806.246094,-10833.949219,27.703125
10996,-11366.944336,-11375.799805,8.855469
10997,-11532.961914,-11544.209961,11.248047
10998,-11495.317383,-11510.855469,15.538086
10999,-10596.014648,-10598.200195,2.185547
11000,-11941.183594,-11949.041992,7.858398
11001,-12996.773438,-12927.669922,69.103516
11002,-12809.991211,-12822.034180,12.042969
11003,-12494.874023,-12521.008789,26.134766
11004,-9277.587891,-9326.879883,49.291992
11005,-10478.238281,-10474.413086,3.825195
11006,-10378.010742,-10397.332031,19.321289
11007,-10526.620117,-10533.185547,6.565430
11008,-9466.524414,-9463.887695,2.636719
11009,-10365.010742,-10473.510742,108.500000
11010,-10960.438477,-10938.152344,22.286133
11011,-10560.478516,-10565.063477,4.584961
11012,-12523.280273,-12487.935547,35.344727
11013,-12553.283203,-12553.821289,0.538086
11014,-11512.660156,-11511.918945,0.741211
11015,-11571.650391,-11576.291992,4.641602
11016,-12416.636719,-12384.686523,31.950195
11017,-10517.630859,-10533.931641,16.300781
11018,-12768.484375,-12791.264648,22.780273
11019,-10342.505859,-10439.648438,97.142578
11020,-9687.279297,-7218.741211,2468.538086
11021,-11655.841797,-11778.999023,123.157227
11022,-11956.028320,-11947.723633,8.304688
11023,-10905.962891,-10938.265625,32.302734
11024,-10992.900391,-10969.431641,23.468750
11025,-10988.538086,-11002.002930,13.464844
11026,-13744.830078,-13764.689453,19.859375
11027,-9630.276367,-9621.729492,8.546875
11028,-10498.549805,-10500.493164,1.943359
11029,-11920.721680,-11917.540039,3.181641
11030,-10555.233398,-10566.205078,10.971680
11031,-11484.684570,-11507.998047,23.313477
11032,-10948.246094,-10937.431641,10.814453
11033,-9816.969727,-9833.166016,16.196289
11034,-11338.551758,-11305.610352,32.941406
11035,-10516.272461,-10533.668945,17.396484
11036,-11461.243164,-11477.555664,16.312500
11037,-9463.810547,-9522.570312,58.759766
11038,-11441.589844,-11477.318359,35.728516
11039,-9448.786133,-9458.721680,9.935547
11040,-12395.171875,-12418.383789,23.211914
11041,-11143.043945,-11205.933594,62.889648
11042,-10997.923828,-11001.356445,3.432617
11043,-12328.666016,-12319.563477,9.102539
11044,-11955.745117,-11949.056641,6.688477
11045,-10702.753906,-10770.175781,67.421875
11046,-8840.370117,-8923.709961,83.339844
11047,-11471.492188,-11508.744141,37.251953
11048,-11468.138672,-11477.468750,9.330078
11049,-10503.142578,-10500.738281,2.404297
11050,-9920.409180,-9900.945312,19.463867
11051,-12710.422852,-12789.125977,78.703125
11052,-10528.751953,-10531.850586,3.098633
11053,-11352.784180,-11374.373047,21.588867
11054,-11512.453125,-11507.706055,4.747070
11055,-10774.539062,-10799.363281,24.824219
11056,-12948.091797,-12958.025391,9.933594
11057,-10955.055664,-10937.611328,17.444336
11058,-13397.355469,-13332.416016,64.939453
11059,-11925.009766,-11915.948242,9.061523
11060,-11363.408203,-11376.104492,12.696289
11061,-11351.505859,-11407.024414,55.518555
11062,-10504.829102,-10500.432617,4.396484
11063,-9499.476562,-9496.878906,2.597656
11064,-10735.028320,-10775.934570,40.906250
11065,-10994.815430,-10969.682617,25.132812
11066,-10999.969727,-11003.358398,3.388672
11067,-10532.288086,-10532.221680,0.066406
11068,-9897.867188,-9837.384766,60.482422
11069,-10409.107422,-10397.568359,11.539062
11070,-12704.956055,-12789.249023,84.292969
11071,-10350.729492,-10362.601562,11.872070
11072,-11426.672852,-11437.897461,11.224609
11073,-10594.360352,-10598.456055,4.095703
11074,-11948.014648,-11947.977539,0.037109
11075,-10486.296875,-10468.228516,18.068359
11076,-10341.047852,-10307.174805,33.873047
11077,-11550.475586,-11542.760742,7.714844
11078,-10531.425781,-10532.518555,1.092773
11079,-9621.858398,-9620.958008,0.900391
11080,-11832.114258,-11851.512695,19.398438
11081,-11191.757812,-11239.009766,47.251953
11082,-11491.651367,-11510.890625,19.239258
11083,-13334.464844,-13297.908203,36.556641
11084,-10534.916016,-10531.846680,3.069336
11085,-12871.215820,-12927.261719,56.045898
11086,-11455.879883,-11475.884766,20.004883
11087,-10976.842773,-10970.495117,6.347656
11088,-11949.045898,-11948.313477,0.732422
11089,-11532.353516,-11544.172852,11.819336
11090,-10880.212891,-10845.271484,34.941406
11091,-11346.541016,-11342.105469,4.435547
11092,-10929.537109,-10936.953125,7.416016
11093,-12899.159180,-12894.500000,4.659180
11094,-11410.121094,-11440.353516,30.232422
11095,-9910.687500,-9866.952148,43.735352
11096,-12500.349609,-12521.590820,21.241211
11097,-10790.019531,-10835.083008,45.063477
11098,-9580.602539,-9587.597656,6.995117
11099,-12387.000977,-12386.187500,0.813477
11100,-11322.194336,-11318.628906,3.565430
11101,-10477.053711,-10498.546875,21.493164
11102,-10954.016602,-10936.816406,17.200195
11103,-11357.358398,-11341.883789,15.474609
11104,-11492.979492,-11510.524414,17.544922
11105,-11931.765625,-11914.795898,16.969727
11106,-12362.805664,-12385.857422,23.051758
11107,-8794.279297,-8862.739258,68.459961
11108,-11506.969727,-11511.907227,4.937500
11109,-12380.902344,-12384.367188,3.464844
11110,-11931.547852,-11912.466797,19.081055
11111,-10541.214844,-10534.136719,7.078125
11112,-12340.269531,-12354.078125,13.808594
11113,-8005.063477,-7853.980957,151.082520
11114,-10422.854492,-10507.814453,84.959961
11115,-11513.642578,-11543.734375,30.091797
11116,-10948.872070,-10936.951172,11.920898
11117,-11929.795898,-11948.623047,18.827148
11118,-11857.233398,-11884.113281,26.879883
11119,-15114.500977,-15292.879883,178.378906
11120,-10557.583984,-10565.396484,7.812500
11121,-12963.283203,-13007.275391,43.992188
11122,-10993.115234,-11002.591797,9.476562
11123,-11531.073242,-11542.843750,11.770508
11124,-11974.982422,-12013.821289,38.838867
11125,-11937.719727,-11948.450195,10.730469
11126,-11008.807617,-11036.599609,27.791992
11127,-11998.673828,-12013.315430,14.641602
11128,-11959.503906,-11947.931641,11.572266
11129,-11536.238281,-11543.168945,6.930664
11130,-11466.057617,-11476.096680,10.039062
11131,-11374.280273,-11374.305664,0.025391
11132,-11933.943359,-11947.390625,13.447266
11133,-11976.513672,-11948.652344,27.861328
11134,-10899.095703,-10903.194336,4.098633
11135,-11539.702148,-11543.796875,4.094727
11136,-9957.959961,-9959.811523,1.851562
11137,-11447.504883,-11474.180664,26.675781
11138,-12001.480469,-12014.111328,12.630859
11139,-12377.524414,-12386.357422,8.833008
11140,-9997.397461,-9957.033203,40.364258
11141,-11564.236328,-11543.509766,20.726562
11142,-11798.082031,-11814.070312,15.988281
11143,-10564.300781,-10565.365234,1.064453
11144,-11553.841797,-11543.849609,9.992188
11145,-10614.474609,-10599.296875,15.177734
11146,-11913.010742,-11913.028320,0.017578
11147,-11377.990234,-11408.794922,30.804688
11148,-12407.218750,-12353.386719,53.832031
11149,-11254.143555,-11271.004883,16.861328
11150,-10933.836914,-10938.569336,4.732422
11151,-13900.198242,-13985.388672,85.190430
11152,-12486.031250,-12478.051758,7.979492
11153,-11352.802734,-11374.328125,21.525391
11154,-11530.724609,-11543.930664,13.206055
11155,-9975.519531,-9959.151367,16.368164
11156,-11144.907227,-11206.149414,61.242188
11157,-10557.939453,-10566.557617,8.618164
11158,-10877.100586,-10874.745117,2.355469
11159,-10945.514648,-10933.984375,11.530273
11160,-11947.137695,-11949.877930,2.740234
11161,-10993.772461,-10971.107422,22.665039
11162,-10975.041016,-10968.150391,6.890625
11163,-11541.489258,-11544.564453,3.075195
11164,-12726.739258,-12757.321289,30.582031
11165,-9807.470703,-9834.042969,26.572266
11166,-11932.819336,-11915.268555,17.550781
11167,-9823.894531,-9866.330078,42.435547
11168,-11487.583008,-11510.607422,23.024414
11169,-11384.120117,-11408.325195,24.205078
11170,-11357.570312,-11374.036133,16.465820
11171,-10366.218750,-10363.592773,2.625977
11172,-12791.068359,-12821.705078,30.636719
11173,-12472.065430,-12454.748047,17.317383
11174,-9905.679688,-9924.458984,18.779297
11175,-12544.469727,-12586.973633,42.503906
11176,-12937.335938,-12926.330078,11.005859
11177,-10907.274414,-10906.441406,0.833008
11178,-10935.137695,-10936.955078,1.817383
11179,-12425.794922,-12417.520508,8.274414
11180,-10527.771484,-10532.478516,4.707031
11181,-11343.997070,-11340.035156,3.961914
11182,-11840.255859,-11857.370117,17.114258
11183,-10976.597656,-10968.494141,8.103516
11184,-11541.083008,-11575.968750,34.885742
11185,-11784.015625,-11844.373047,60.357422
11186,-11961.703125,-11949.384766,12.318359
11187,-10519.888672,-10532.316406,12.427734
11188,-10801.807617,-10844.904297,43.096680
11189,-9951.280273,-9957.868164,6.587891
11190,-12531.421875,-12520.214844,11.207031
11191,-10491.031250,-10500.807617,9.776367
11192,-11959.526367,-11979.333984,19.807617
11193,-11387.500977,-11373.625977,13.875000
11194,-11221.416992,-11271.660156,50.243164
11195,-12778.474609,-12788.847656,10.373047
11196,-10696.330078,-10788.506836,92.176758
11197,-11387.234375,-11374.393555,12.840820
11198,-10794.685547,-10834.500977,39.815430
11199,-11567.162109,-11576.820312,9.658203
11200,-9855.023438,-9868.115234,13.091797
11201,-11047.173828,-11001.347656,45.826172
11202,-10982.611328,-11003.961914,21.350586
11203,-11538.667969,-11543.599609,4.931641
11204,-10962.367188,-10970.049805,7.682617
11205,-10993.268555,-10943.320312,49.948242
11206,-11371.232422,-11406.564453,35.332031
11207,-10939.928711,-10935.993164,3.935547
11208,-12005.839844,-11980.872070,24.967773
11209,-11275.766602,-11307.875000,32.108398
11210,-7482.570312,-7391.153809,91.416504
11211,-11539.712891,-11543.768555,4.055664
11212,-11347.927734,-11373.728516,25.800781
11213,-11531.668945,-11544.196289,12.527344
11214,-11479.212891,-11476.718750,2.494141
11215,-12298.298828,-12287.316406,10.982422
11216,-10970.363281,-10968.816406,1.546875
11217,-11956.494141,-11946.802734,9.691406
11218,-10980.071289,-11003.952148,23.880859
11219,-12364.619141,-12385.723633,21.104492
11220,-12496.948242,-12521.525391,24.577148
11221,-12519.201172,-12521.756836,2.555664
11222,-11522.805664,-11526.666992,3.861328
11223,-11545.094727,-11543.819336,1.275391
11224,-9166.715820,-9292.661133,125.945312
11225,-11942.014648,-11947.783203,5.768555
11226,-9577.266602,-9555.662109,21.604492
11227,-10976.724609,-10970.517578,6.207031
11228,-10581.031250,-10539.981445,41.049805
11229,-12508.955078,-12521.335938,12.380859
11230,-11386.117188,-11408.073242,21.956055
11231,-10900.398438,-10903.053711,2.655273
11232,-11475.408203,-11478.738281,3.330078
11233,-12987.783203,-12957.533203,30.250000
11234,-8428.346680,-8485.381836,57.035156
11235,-10234.077148,-10395.169922,161.092773
11236,-10721.602539,-10743.523438,21.920898
11237,-11816.507812,-11813.164062,3.343750
11238,-10982.222656,-10971.426758,10.795898
11239,-12499.274414,-12489.105469,10.168945
11240,-13001.369141,-12990.287109,11.082031
11241,-10563.924805,-10565.977539,2.052734
11242,-10937.677734,-10936.076172,1.601562
11243,-12564.580078,-12651.794922,87.214844
11244,-11492.783203,-11509.238281,16.455078
11245,-10501.399414,-10441.091797,60.307617
11246,-9477.904297,-9490.507812,12.603516
11247,-10412.808594,-10441.366211,28.557617
11248,-10844.104492,-10832.362305,11.742188
11249,-11415.810547,-11406.536133,9.274414
11250,-11983.217773,-11979.341797,3.875977
11251,-11564.999023,-11575.891602,10.892578
11252,-8783.505859,-8833.031250,49.525391
11253,-11493.747070,-11478.756836,14.990234
11254,-10672.440430,-10821.072266,148.631836
11255,-11418.501953,-11440.822266,22.320312
11256,-11949.791992,-11947.624023,2.167969
11257,-9551.836914,-9495.863281,55.973633
11258,-11512.182617,-11510.452148,1.730469
11259,-11012.593750,-11002.892578,9.701172
11260,-11500.387695,-11511.684570,11.296875
11261,-10936.838867,-10936.004883,0.833984
11262,-11919.300781,-11913.467773,5.833008
11263,-11816.328125,-11844.463867,28.135742
11264,-12038.217773,-11978.926758,59.291016
11265,-10353.867188,-10364.909180,11.041992
11266,-12225.806641,-12281.178711,55.372070
11267,-10534.479492,-10532.863281,1.616211
11268,-10517.788086,-10532.250977,14.462891
11269,-11507.795898,-11510.181641,2.385742
11270,-10537.023438,-10531.804688,5.218750
11271,-13354.965820,-13332.410156,22.555664
11272,-11788.182617,-11812.359375,24.176758
11273,-10949.556641,-10936.647461,12.909180
11274,-4809.065918,-6186.184082,1377.118164
11275,-4043.376953,-5657.703613,1614.326660
11276,-9485.331055,-9463.237305,22.093750
11277,-12478.587891,-12490.294922,11.707031
11278,-10341.531250,-10376.899414,35.368164
11279,-10792.271484,-10878.427734,86.156250
11280,-9318.775391,-9327.822266,9.046875
11281,-10882.938477,-10904.970703,22.032227
11282,-10955.331055,-10936.085938,19.245117
11283,-12532.469727,-12554.713867,22.244141
11284,-11767.583984,-11754.008789,13.575195
11285,-12394.876953,-12352.921875,41.955078
11286,-11526.204102,-11543.740234,17.536133
11287,-10982.007812,-10971.702148,10.305664
11288,-10564.296875,-10565.326172,1.029297
11289,-11940.017578,-11979.830078,39.812500
11290,-11829.225586,-11845.461914,16.236328
11291,-11530.921875,-11542.476562,11.554688
11292,-10976.196289,-10967.893555,8.302734
11293,-11615.085938,-11676.706055,61.620117
11294,-11353.094727,-11342.935547,10.159180
11295,-11413.961914,-11443.447266,29.485352
11296,-11388.873047,-11375.116211,13.756836
11297,-10944.522461,-10937.671875,6.850586
11298,-9819.081055,-9829.847656,10.766602
11299,-10498.975586,-10497.320312,1.655273
11300,-11498.544922,-11476.166992,22.377930
11301,-10935.955078,-10937.679688,1.724609
11302,-10375.728516,-10398.352539,22.624023
11303,-12341.228516,-12352.598633,11.370117
11304,-7273.208984,-7416.478516,143.269531
11305,-12497.553711,-12488.372070,9.181641
11306,-9951.669922,-9928.425781,23.244141
11307,-11780.038086,-11779.720703,0.317383
11308,-11560.607422,-11575.658203,15.050781
11309,-10515.542969,-10499.020508,16.522461
11310,-11533.380859,-11543.355469,9.974609
11311,-10945.175781,-10936.336914,8.838867
11312,-9970.293945,-9958.981445,11.312500
11313,-11933.325195,-11948.162109,14.836914
11314,-14128.836914,-13917.038086,211.798828
11315,-11000.515625,-10971.791016,28.724609
11316,-9343.722656,-9293.514648,50.208008
11317,-9722.184570,-9797.665039,75.480469
11318,-8818.687500,-8801.190430,17.497070
11319,-11940.458008,-11947.973633,7.515625
11320,-12960.074219,-12925.727539,34.346680
11321,-11560.197266,-11576.719727,16.522461
11322,-12771.363281,-12821.647461,50.284180
11323,-9961.283203,-9957.607422,3.675781
11324,-11937.125977,-11945.069336,7.943359
11325,-10541.380859,-10531.724609,9.656250
11326,-10494.832031,-10475.231445,19.600586
11327,-11901.867188,-11915.988281,14.121094
11328,-10506.051758,-10500.542969,5.508789
11329,-11367.770508,-11408.612305,40.841797
11330,-12528.865234,-12520.331055,8.534180
11331,-10968.614258,-10969.835938,1.221680
11332,-12462.942383,-12458.097656,4.844727
11333,-12891.628906,-12894.843750,3.214844
11334,-12466.423828,-12489.216797,22.792969
11335,-12286.197266,-12319.546875,33.349609
11336,-12307.467773,-12351.809570,44.341797
11337,-11796.176758,-11777.774414,18.402344
11338,-11362.646484,-11408.097656,45.451172
11339,-9586.270508,-9562.362305,23.908203
11340,-11508.285156,-11510.837891,2.552734
11341,-11494.306641,-11510.134766,15.828125
11342,-12404.921875,-12386.537109,18.384766
11343,-12204.368164,-12250.883789,46.515625
11344,-11939.535156,-11916.653320,22.881836
11345,-12871.183594,-12926.154297,54.970703
11346,-12473.485352,-12457.458008,16.027344
11347,-11378.054688,-11340.663086,37.391602
11348,-11931.960938,-11914.454102,17.506836
11349,-11503.232422,-11510.193359,6.960938
11350,-13527.234375,-13532.564453,5.330078
11351,-12586.829102,-12553.269531,33.559570
11352,-11907.375977,-11913.522461,6.146484
11353,-10982.967773,-10969.497070,13.470703
11354,-11327.063477,-11341.748047,14.684570
11355,-11355.661133,-11340.565430,15.095703
11356,-10828.949219,-10833.293945,4.344727
11357,-10601.756836,-10599.267578,2.489258
11358,-11489.493164,-11510.359375,20.866211
11359,-11920.295898,-11917.280273,3.015625
11360,-11536.406250,-11544.203125,7.796875
11361,-12430.108398,-12418.446289,11.662109
11362,-10529.428711,-10533.672852,4.244141
11363,-11949.670898,-11947.423828,2.247070
11364,-10307.900391,-10340.020508,32.120117
11365,-11403.201172,-11406.715820,3.514648
11366,-9478.116211,-9464.322266,13.793945
11367,-10992.291016,-10970.388672,21.902344
11368,-9988.343750,-9925.799805,62.543945
11369,-12493.752930,-12489.960938,3.791992
11370,-8514.937500,-8728.833008,213.895508
11371,-13236.331055,-13363.977539,127.646484
11372,-10887.805664,-10902.299805,14.494141
11373,-11949.695312,-11947.113281,2.582031
11374,-9656.064453,-9798.023438,141.958984
11375,-11497.755859,-11511.579102,13.823242
11376,-11523.291016,-11544.704102,21.413086
11377,-10164.608398,-10169.650391,5.041992
11378,-11490.181641,-11511.524414,21.342773
11379,-10605.988281,-10598.079102,7.909180
11380,-11940.175781,-11947.653320,7.477539
11381,-11789.144531,-11812.099609,22.955078
11382,-11933.079102,-11947.246094,14.166992
11383,-10569.749023,-10565.330078,4.418945
11384,-12490.841797,-12488.865234,1.976562
11385,-9953.041016,-9957.613281,4.572266
11386,-10743.062500,-10710.282227,32.780273
11387,-11521.338867,-11512.108398,9.230469
11388,-10544.968750,-10532.152344,12.816406
11389,-10528.722656,-10531.085938,2.363281
11390,-11443.946289,-11440.172852,3.773438
11391,-11500.869141,-11509.713867,8.844727
11392,-11873.933594,-11883.264648,9.331055
11393,-11463.373047,-11478.995117,15.622070
11394,-9887.246094,-9901.451172,14.205078
11395,-10977.485352,-10969.410156,8.075195
11396,-10350.996094,-10362.493164,11.497070
11397,-11614.128906,-11674.958984,60.830078
11398,-11887.434570,-11882.339844,5.094727
11399,-10226.947266,-10201.158203,25.789062
11400,-9443.884766,-9465.722656,21.837891
11401,-9537.812500,-9437.842773,99.969727
11402,-10971.245117,-10969.761719,1.483398
11403,-10933.064453,-10936.143555,3.079102
11404,-10770.027344,-10832.230469,62.203125
11405,-10923.391602,-10905.752930,17.638672
11406,-9964.539062,-9957.032227,7.506836
11407,-10909.567383,-10879.294922,30.272461
11408,-10912.282227,-10937.306641,25.024414
11409,-7950.175781,-8096.875488,146.699707
11410,-11538.573242,-11512.842773,25.730469
11411,-10985.967773,-10970.555664,15.412109
11412,-11224.821289,-11318.035156,93.213867
11413,-9483.153320,-9372.539062,110.614258
11414,-11559.129883,-11575.607422,16.477539
11415,-10887.296875,-10911.530273,24.233398
11416,-10473.590820,-10466.726562,6.864258
11417,-11890.523438,-11948.279297,57.755859
11418,-11941.166992,-11947.201172,6.034180
11419,-10584.143555,-10598.296875,14.153320
11420,-10973.610352,-10969.986328,3.624023
11421,-9903.136719,-9902.333984,0.802734
11422,-11940.522461,-11948.468750,7.946289
11423,-10903.489258,-10846.799805,56.689453
11424,-10573.991211,-10565.494141,8.497070
11425,-11953.794922,-11946.935547,6.859375
11426,-12689.306641,-12756.298828,66.992188
11427,-9463.060547,-9463.825195,0.764648
11428,-11953.453125,-11981.147461,27.694336
11429,-11540.018555,-11544.254883,4.236328
11430,-9369.324219,-9371.183594,1.859375
11431,-11119.347656,-11181.912109,62.564453
11432,-10496.997070,-10500.518555,3.521484
11433,-9595.474609,-9554.426758,41.047852
11434,-11000.136719,-11002.265625,2.128906
11435,-12946.082031,-12925.268555,20.813477
11436,-9640.089844,-9620.833008,19.256836
11437,-11821.634766,-11852.022461,30.387695
11438,-12533.862305,-12522.496094,11.366211
11439,-10532.402344,-10531.867188,0.535156
11440,-9642.350586,-9732.040039,89.689453
11441,-12877.591797,-12861.496094,16.095703
11442,-11498.888672,-11510.305664,11.416992
11443,-10949.472656,-10936.396484,13.076172
11444,-11500.410156,-11511.618164,11.208008
11445,-12449.790039,-12455.536133,5.746094
11446,-11942.373047,-11915.041016,27.332031
11447,-9865.208008,-9901.344727,36.136719
11448,-9460.643555,-9497.298828,36.655273
11449,-11490.471680,-11512.021484,21.549805
11450,-9432.357422,-9464.064453,31.707031
11451,-11972.767578,-11979.420898,6.653320
11452,-11916.625000,-11913.309570,3.315430
11453,-11549.317383,-11544.296875,5.020508
11454,-11496.811523,-11510.547852,13.736328
11455,-10924.411133,-10902.995117,21.416016
11456,-11518.359375,-11508.622070,9.737305
11457,-10432.985352,-10430.782227,2.203125
11458,-11831.473633,-11811.704102,19.769531
11459,-11975.226562,-11981.062500,5.835938
11460,-10985.617188,-10970.530273,15.086914
11461,-12835.201172,-12893.643555,58.442383
11462,-11913.958008,-12012.612305,98.654297
11463,-10716.079102,-10769.374023,53.294922
11464,-12406.179688,-12386.445312,19.734375
11465,-10971.852539,-10968.763672,3.088867
11466,-11327.728516,-11340.083008,12.354492
11467,-11944.357422,-11945.928711,1.571289
11468,-11765.093750,-11779.411133,14.317383
11469,-11524.891602,-11509.202148,15.689453
11470,-11962.382812,-11948.725586,13.657227
11471,-11574.308594,-11577.064453,2.755859
11472,-12495.409180,-12486.893555,8.515625
11473,-9914.887695,-9924.603516,9.715820
11474,-11536.176758,-11541.763672,5.586914
11475,-11930.925781,-11948.175781,17.250000
11476,-10533.949219,-10474.795898,59.153320
11477,-10425.962891,-10435.036133,9.073242
11478,-10891.009766,-10911.659180,20.649414
11479,-12370.849609,-12383.720703,12.871094
11480,-10977.619141,-10970.194336,7.424805
11481,-12741.897461,-12790.383789,48.486328
11482,-10927.644531,-10938.341797,10.697266
11483,-8643.086914,-8289.783203,353.303711
11484,-10921.791016,-10905.802734,15.988281
11485,-11902.638672,-11915.430664,12.791992
11486,-11802.320312,-11811.139648,8.819336
11487,-12305.971680,-12319.814453,13.842773
11488,-11002.597656,-11001.655273,0.942383
11489,-9925.320312,-9925.702148,0.381836
11490,-11508.375000,-11512.407227,4.032227
11491,-11379.034180,-11407.443359,28.409180
11492,-9937.835938,-9960.859375,23.023438
11493,-9223.916992,-9294.740234,70.823242
11494,-8861.515625,-9165.410156,303.894531
11495,-10575.845703,-10565.479492,10.366211
11496,-12521.583984,-12522.102539,0.518555
11497,-10526.831055,-10532.557617,5.726562
11498,-10962.286133,-10937.893555,24.392578
11499,-11814.661133,-11882.222656,67.561523
11500,-12566.960938,-12554.446289,12.514648
11501,-9978.927734,-9991.160156,12.232422
11502,-10325.035156,-10330.131836,5.096680
11503,-12927.553711,-12957.363281,29.809570
11504,-11271.948242,-11342.164062,70.215820
11505,-10954.595703,-10968.859375,14.263672
11506,-9085.124023,-8551.744141,533.379883
11507,-12779.766602,-12823.972656,44.206055
11508,-10555.629883,-10565.565430,9.935547
11509,-11501.727539,-11510.047852,8.320312
11510,-9521.543945,-9496.800781,24.743164
11511,-11466.792969,-11478.144531,11.351562
11512,-9458.258789,-9463.347656,5.088867
11513,-11509.313477,-11542.966797,33.653320
11514,-10966.540039,-10968.887695,2.347656
11515,-11486.564453,-11511.791016,25.226562
11516,-11960.765625,-11946.732422,14.033203
11517,-12879.953125,-12926.009766,46.056641
11518,-10582.662109,-10598.360352,15.698242
11519,-10534.360352,-10533.881836,0.478516
11520,-10923.666992,-10938.471680,14.804688
11521,-11462.110352,-11476.304688,14.194336
11522,-10523.569336,-10532.540039,8.970703
11523,-10502.631836,-10498.621094,4.010742
11524,-11942.943359,-11945.300781,2.357422
11525,-10949.883789,-10936.094727,13.789062
11526,-11546.341797,-11543.998047,2.343750
11527,-11434.445312,-11437.783203,3.337891
11528,-10870.156250,-10903.716797,33.560547
11529,-8431.289062,-8493.503906,62.214844
11530,-10023.299805,-10023.952148,0.652344
11531,-12449.351562,-12457.040039,7.688477
11532,-11310.395508,-11313.196289,2.800781
11533,-9516.876953,-9438.633789,78.243164
11534,-10547.630859,-10533.098633,14.532227
11535,-10566.650391,-10565.423828,1.226562
11536,-11379.044922,-11407.717773,28.672852
11537,-11947.038086,-11947.852539,0.814453
11538,-10863.977539,-10832.666992,31.310547
11539,-11892.845703,-11883.615234,9.230469
11540,-12483.606445,-12489.849609,6.243164
11541,-12184.057617,-12217.035156,32.977539
11542,-10544.881836,-10533.025391,11.856445
11543,-11376.243164,-11373.654297,2.588867
11544,-12316.978516,-12355.072266,38.093750
11545,-12555.052734,-12553.375000,1.677734
11546,-10954.994141,-10901.801758,53.192383
11547,-11565.219727,-11509.584961,55.634766
11548,-10416.890625,-10394.625977,22.264648
11549,-12153.197266,-12214.744141,61.546875
11550,-9527.270508,-9522.763672,4.506836
11551,-9979.620117,-9966.091797,13.528320
11552,-11798.699219,-11812.979492,14.280273
11553,-12574.669922,-12554.302734,20.367188
11554,-8181.175781,-7853.957520,327.218262
11555,-10376.322266,-10363.278320,13.043945
11556,-10512.654297,-10507.136719,5.517578
11557,-12403.898438,-12417.190430,13.291992
11558,-9445.464844,-9463.964844,18.500000
11559,-10980.859375,-10970.621094,10.238281
11560,-10298.752930,-10338.015625,39.262695
11561,-12639.832031,-12650.637695,10.805664
11562,-11400.650391,-11407.787109,7.136719
11563,-7057.304688,-7300.342773,243.038086
11564,-13794.921875,-13905.083008,110.161133
11565,-10388.732422,-10393.895508,5.163086
11566,-11533.191406,-11542.547852,9.356445
11567,-11546.281250,-11544.226562,2.054688
11568,-11397.755859,-11373.219727,24.536133
11569,-12940.317383,-12893.643555,46.673828
11570,-10502.276367,-10498.803711,3.472656
11571,-10526.460938,-10442.240234,84.220703
11572,-9929.447266,-9926.657227,2.790039
11573,-11461.367188,-11445.215820,16.151367
11574,-11385.457031,-11373.651367,11.805664
11575,-11462.628906,-11478.416016,15.787109
11576,-11957.280273,-11948.012695,9.267578
11577,-11907.762695,-11913.112305,5.349609
11578,-10948.718750,-10936.000977,12.717773
11579,-11517.583984,-11509.621094,7.962891
11580,-11474.794922,-11478.003906,3.208984
11581,-11512.244141,-11511.316406,0.927734
11582,-11397.326172,-11408.409180,11.083008
11583,-12932.218750,-12958.263672,26.044922
11584,-10991.546875,-10969.241211,22.305664
11585,-8914.649414,-8864.625000,50.024414
11586,-11532.464844,-11544.493164,12.028320
11587,-11791.846680,-11754.071289,37.775391
11588,-11956.788086,-11949.201172,7.586914
11589,-11404.385742,-11407.143555,2.757812
11590,-11955.006836,-11949.871094,5.135742
11591,-12328.422852,-12353.485352,25.062500
11592,-11942.272461,-11947.501953,5.229492
11593,-9907.571289,-9899.001953,8.569336
11594,-11340.417969,-11375.233398,34.815430
11595,-10530.625977,-10533.508789,2.882812
11596,-12857.921875,-12894.051758,36.129883
11597,-8640.728516,-8551.909180,88.819336
11598,-10981.573242,-10971.301758,10.271484
11599,-11387.473633,-11407.465820,19.992188
11600,-11510.689453,-11510.210938,0.478516
11601,-11939.311523,-11946.625000,7.313477
11602,-10546.459961,-10533.024414,13.435547
11603,-7368.072266,-7325.831055,42.241211
11604,-11521.817383,-11543.765625,21.948242
11605,-11549.028320,-11543.218750,5.809570
11606,-11889.821289,-11884.197266,5.624023
11607,-11362.958984,-11373.701172,10.742188
11608,-10369.020508,-10338.436523,30.583984
11609,-10381.830078,-10404.737305,22.907227
11610,-9575.398438,-9589.001953,13.603516
11611,-11440.683594,-11446.611328,5.927734
11612,-11506.502930,-11477.845703,28.657227
11613,-12504.767578,-12522.137695,17.370117
11614,-12344.528320,-12385.117188,40.588867
11615,-11788.496094,-11811.626953,23.130859
11616,-10534.833984,-10529.786133,5.047852
11617,-9552.346680,-9556.360352,4.013672
11618,-10890.251953,-10879.586914,10.665039
11619,-10498.521484,-10498.860352,0.338867
11620,-13156.257812,-13225.307617,69.049805
11621,-10942.829102,-10938.023438,4.805664
11622,-11401.608398,-11407.277344,5.668945
11623,-9476.763672,-9521.810547,45.046875
11624,-10970.766602,-11001.608398,30.841797
11625,-11473.806641,-11478.754883,4.948242
11626,-10974.166992,-10969.217773,4.949219
11627,-11518.476562,-11542.904297,24.427734
11628,-9458.924805,-9430.439453,28.485352
11629,-11990.831055,-11980.433594,10.397461
11630,-11406.893555,-11406.879883,0.013672
11631,-11019.461914,-11003.410156,16.051758
11632,-10368.575195,-10398.000977,29.425781
11633,-9551.849609,-9554.639648,2.790039
11634,-11545.714844,-11542.761719,2.953125
11635,-11931.554688,-11913.832031,17.722656
11636,-11372.896484,-11407.648438,34.751953
11637,-10502.301758,-10498.755859,3.545898
11638,-12515.007812,-12489.638672,25.369141
11639,-10355.433594,-10392.699219,37.265625
11640,-11743.960938,-11708.939453,35.021484
11641,-10890.553711,-10911.096680,20.542969
11642,-11535.422852,-11543.382812,7.959961
11643,-9270.759766,-9360.134766,89.375000
11644,-11307.669922,-11340.518555,32.848633
11645,-12342.400391,-12353.938477,11.538086
11646,-11439.703125,-11441.041992,1.338867
11647,-11507.669922,-11509.205078,1.535156
11648,-10880.259766,-10879.188477,1.071289
11649,-9954.273438,-9958.743164,4.469727
11650,-10953.267578,-10934.912109,18.355469
11651,-11017.053711,-11002.069336,14.984375
11652,-9523.804688,-9521.470703,2.333984
11653,-10965.031250,-10938.426758,26.604492
11654,-11357.907227,-11342.991211,14.916016
11655,-11559.053711,-11575.773438,16.719727
11656,-11858.356445,-11882.460938,24.104492
11657,-12668.648438,-12757.434570,88.786133
11658,-11493.015625,-11511.011719,17.996094
11659,-11013.937500,-11001.977539,11.959961
11660,-11763.048828,-11811.746094,48.697266
11661,-12232.666992,-12249.502930,16.835938
11662,-11911.231445,-11913.312500,2.081055
11663,-11208.525391,-11270.666016,62.140625
11664,-10874.228516,-10866.913086,7.315430
11665,-10944.223633,-10937.768555,6.455078
11666,-11954.224609,-11947.580078,6.644531
11667,-11459.652344,-11478.459961,18.807617
11668,-10443.164062,-10507.804688,64.640625
11669,-11479.253906,-11477.734375,1.519531
11670,-10805.924805,-10833.260742,27.335938
11671,-8804.593750,-8890.784180,86.190430
11672,-11517.200195,-11544.371094,27.170898
11673,-10887.552734,-10870.154297,17.398438
11674,-11922.753906,-11912.645508,10.108398
11675,-8881.875000,-8924.729492,42.854492
11676,-12476.475586,-12489.859375,13.383789
11677,-11712.699219,-11778.814453,66.115234
11678,-12510.077148,-12488.112305,21.964844
11679,-11940.988281,-11947.667969,6.679688
11680,-12530.555664,-12521.100586,9.455078
11681,-11593.177734,-11608.943359,15.765625
11682,-10979.792969,-10969.082031,10.710938
11683,-10947.002930,-10970.421875,23.418945
11684,-10474.447266,-10500.372070,25.924805
11685,-11453.914062,-11477.685547,23.771484
11686,-7380.741211,-7659.875488,279.134277
11687,-11918.679688,-11946.325195,27.645508
11688,-11972.692383,-11979.187500,6.495117
11689,-10954.460938,-10937.277344,17.183594
11690,-11973.890625,-11980.972656,7.082031
11691,-9923.810547,-9924.440430,0.629883
11692,-11919.449219,-11963.433594,43.984375
11693,-11796.321289,-11813.456055,17.134766
11694,-10956.022461,-10936.468750,19.553711
11695,-10574.347656,-10565.813477,8.534180
11696,-10959.187500,-10969.680664,10.493164
11697,-11416.893555,-11406.993164,9.900391
11698,-11522.658203,-11542.872070,20.213867
11699,-10503.928711,-10499.952148,3.976562
11700,-15006.046875,-15178.532227,172.485352
11701,-9761.415039,-9766.656250,5.241211
11702,-10915.981445,-10905.365234,10.616211
11703,-12355.848633,-12353.753906,2.094727
11704,-9846.925781,-9833.916992,13.008789
11705,-11967.144531,-11978.851562,11.707031
11706,-11951.264648,-11948.108398,3.156250
11707,-11920.131836,-11979.076172,58.944336
11708,-9699.852539,-9706.739258,6.886719
11709,-11977.467773,-11948.566406,28.901367
11710,-12560.881836,-12554.557617,6.324219
11711,-9549.351562,-9554.491211,5.139648
11712,-12450.669922,-12454.565430,3.895508
11713,-10983.560547,-10970.182617,13.377930
11714,-11813.739258,-11844.883789,31.144531
11715,-11456.793945,-11475.910156,19.116211
11716,-13011.604492,-12991.669922,19.934570
11717,-10940.198242,-10936.607422,3.590820
11718,-10355.552734,-10409.042969,53.490234
11719,-11553.417969,-11517.431641,35.986328
11720,-10448.237305,-10474.348633,26.111328
11721,-8413.330078,-8292.055664,121.274414
11722,-10981.995117,-10970.546875,11.448242
11723,-12516.223633,-12488.119141,28.104492
11724,-10495.794922,-10501.095703,5.300781
11725,-10956.253906,-10879.816406,76.437500
11726,-11492.151367,-11510.539062,18.387695
11727,-12202.359375,-12216.411133,14.051758
11728,-11559.329102,-11575.964844,16.635742
11729,-10467.549805,-10466.719727,0.830078
11730,-10959.900391,-10968.262695,8.362305
11731,-11978.935547,-11981.197266,2.261719
11732,-11489.556641,-11510.351562,20.794922
11733,-10567.404297,-10566.361328,1.042969
11734,-12622.263672,-12716.744141,94.480469
11735,-10950.996094,-10937.146484,13.849609
11736,-12198.946289,-12248.263672,49.317383
11737,-11480.896484,-11478.769531,2.126953
11738,-11888.338867,-11881.628906,6.709961
11739,-12187.672852,-12249.994141,62.321289
11740,-9087.994141,-8486.393555,601.600586
11741,-10508.216797,-10501.334961,6.881836
11742,-11807.404297,-11844.530273,37.125977
11743,-10534.963867,-10531.944336,3.019531
11744,-11516.966797,-11510.309570,6.657227
11745,-10528.983398,-10534.336914,5.353516
11746,-11553.349609,-11543.713867,9.635742
11747,-10979.379883,-10969.289062,10.090820
11748,-12503.264648,-12490.509766,12.754883
11749,-10981.834961,-10970.471680,11.363281
11750,-12512.094727,-12488.691406,23.403320
11751,-11482.608398,-11479.662109,2.946289
11752,-9996.071289,-9990.756836,5.314453
11753,-11447.132812,-11476.647461,29.514648
11754,-11370.694336,-11376.770508,6.076172
11755,-11412.833984,-11407.481445,5.352539
11756,-12997.048828,-13007.973633,10.924805
11757,-11377.160156,-11372.533203,4.626953
11758,-11563.968750,-11543.538086,20.430664
11759,-11909.983398,-11981.203125,71.219727
11760,-12944.127930,-12926.392578,17.735352
11761,-10035.236328,-9992.384766,42.851562
11762,-10339.184570,-10363.423828,24.239258
11763,-10958.681641,-10967.237305,8.555664
11764,-9862.838867,-9901.526367,38.687500
11765,-10936.625977,-10945.501953,8.875977
11766,-10566.559570,-10539.913086,26.646484
11767,-12485.582031,-12455.116211,30.465820
11768,-11542.578125,-11544.580078,2.001953
11769,-10477.909180,-10498.965820,21.056641
11770,-11892.568359,-11913.742188,21.173828
11771,-10957.627930,-10970.830078,13.202148
11772,-11397.264648,-11407.084961,9.820312
11773,-9107.905273,-9621.826172,513.920898
11774,-10537.716797,-10532.996094,4.720703
11775,-10566.003906,-10566.108398,0.104492
11776,-11494.255859,-11509.448242,15.192383
11777,-11900.273438,-11916.635742,16.362305
11778,-11920.066406,-11916.169922,3.896484
11779,-10351.383789,-10363.206055,11.822266
11780,-11483.208984,-11511.032227,27.823242
11781,-11582.681641,-11576.308594,6.373047
11782,-10830.398438,-10801.848633,28.549805
11783,-12511.579102,-12487.753906,23.825195
11784,-11909.455078,-11912.447266,2.992188
11785,-11958.714844,-11949.738281,8.976562
11786,-11915.083984,-11917.322266,2.238281
11787,-10027.115234,-9992.055664,35.059570
11788,-11351.674805,-11316.160156,35.514648
11789,-9407.513672,-9554.766602,147.252930
11790,-10515.676758,-10533.685547,18.008789
11791,-10447.137695,-10442.597656,4.540039
11792,-11919.389648,-11912.677734,6.711914
11793,-10567.780273,-10539.919922,27.860352
11794,-13850.932617,-13881.218750,30.286133
11795,-12952.302734,-12927.506836,24.795898
11796,-11450.032227,-11477.303711,27.271484
11797,-10559.761719,-10564.555664,4.793945
11798,-11499.067383,-11510.106445,11.039062
11799,-9995.905273,-9990.684570,5.220703
11800,-9403.171875,-9496.316406,93.144531
11801,-12308.111328,-12353.945312,45.833984
11802,-11944.257812,-11949.090820,4.833008
11803,-10293.996094,-10300.803711,6.807617
11804,-11316.510742,-11308.535156,7.975586
11805,-10459.391602,-10465.486328,6.094727
11806,-12882.440430,-12960.210938,77.770508
11807,-10491.962891,-10498.342773,6.379883
11808,-12252.068359,-12281.152344,29.083984
11809,-9955.489258,-9932.446289,23.042969
11810,-11940.692383,-11947.972656,7.280273
11811,-11571.123047,-11575.747070,4.624023
11812,-9452.585938,-9523.155273,70.569336
11813,-10814.635742,-10801.092773,13.542969
11814,-10458.633789,-10466.606445,7.972656
11815,-10455.978516,-10429.223633,26.754883
11816,-10240.633789,-10339.802734,99.168945
11817,-11974.386719,-11980.541016,6.154297
11818,-12937.161133,-12927.797852,9.363281
11819,-10953.353516,-10936.669922,16.683594
11820,-12728.988281,-12788.978516,59.990234
11821,-10941.331055,-10934.378906,6.952148
11822,-9530.989258,-9554.659180,23.669922
11823,-11565.957031,-11575.705078,9.748047
11824,-10538.121094,-10534.102539,4.018555
11825,-12928.263672,-12959.333984,31.070312
11826,-13338.983398,-13442.721680,103.738281
11827,-11387.401367,-11407.574219,20.172852
11828,-10975.874023,-10969.588867,6.285156
11829,-12509.876953,-12487.399414,22.477539
11830,-11908.496094,-11916.570312,8.074219
11831,-10550.249023,-10530.901367,19.347656
11832,-12777.032227,-12822.235352,45.203125
11833,-11488.642578,-11511.038086,22.395508
11834,-9913.351562,-9901.612305,11.739258
11835,-11885.588867,-11849.817383,35.771484
11836,-10529.233398,-10532.667969,3.434570
11837,-10493.698242,-10499.622070,5.923828
11838,-10817.390625,-10831.615234,14.224609
11839,-11348.772461,-11375.059570,26.287109
11840,-12319.417969,-12353.076172,33.658203
11841,-11910.132812,-11914.960938,4.828125
11842,-9433.363281,-9462.016602,28.653320
11843,-10350.001953,-10362.899414,12.897461
11844,-11543.013672,-11543.372070,0.358398
11845,-10379.194336,-10397.414062,18.219727
11846,-11960.315430,-11979.123047,18.807617
11847,-9500.404297,-9522.363281,21.958984
11848,-13662.413086,-13766.458008,104.044922
11849,-11301.603516,-11340.213867,38.610352
11850,-11345.308594,-11315.010742,30.297852
11851,-11519.408203,-11510.108398,9.299805
11852,-12438.721680,-12421.625977,17.095703
11853,-11215.104492,-11206.149414,8.955078
11854,-11899.405273,-11881.062500,18.342773
11855,-11532.714844,-11544.015625,11.300781
11856,-9991.849609,-9956.952148,34.897461
11857,-12519.601562,-12523.030273,3.428711
11858,-10935.894531,-10935.493164,0.401367
11859,-10529.921875,-10533.107422,3.185547
11860,-12736.831055,-12788.540039,51.708984
11861,-11389.369141,-11373.467773,15.901367
11862,-10997.460938,-11003.622070,6.161133
11863,-10437.875000,-10427.452148,10.422852
11864,-10539.551758,-10531.928711,7.623047
11865,-12886.670898,-12927.080078,40.409180
11866,-9459.285156,-9461.861328,2.576172
11867,-10572.584961,-10565.903320,6.681641
11868,-11335.367188,-11341.060547,5.693359
11869,-9435.520508,-9464.022461,28.501953
11870,-10498.871094,-10499.555664,0.684570
11871,-10983.506836,-10968.143555,15.363281
11872,-11501.715820,-11511.287109,9.571289
11873,-11956.361328,-11947.941406,8.419922
11874,-12377.086914,-12354.529297,22.557617
11875,-13362.921875,-13330.237305,32.684570
11876,-12423.237305,-12385.563477,37.673828
11877,-11923.633789,-11915.402344,8.231445
11878,-13410.932617,-13498.857422,87.924805
11879,-11977.741211,-11947.551758,30.189453
11880,-11460.785156,-11477.227539,16.442383
11881,-11342.375000,-11342.196289,0.178711
11882,-9921.480469,-9900.588867,20.891602
11883,-12363.014648,-12386.071289,23.056641
11884,-8865.998047,-8923.208984,57.210938
11885,-10749.148438,-10832.419922,83.271484
11886,-10872.198242,-10876.847656,4.649414
11887,-11542.405273,-11543.566406,1.161133
11888,-11511.563477,-11509.321289,2.242188
11889,-10416.372070,-10462.355469,45.983398
11890,-12522.170898,-12520.433594,1.737305
11891,-9612.972656,-9620.732422,7.759766
11892,-11341.521484,-11341.515625,0.005859
11893,-11366.255859,-11375.538086,9.282227
11894,-11867.941406,-11882.220703,14.279297
11895,-12328.655273,-12319.835938,8.819336
11896,-10500.726562,-10498.416992,2.309570
11897,-1529.417969,-5377.769531,3848.351562
11898,-12902.250977,-12925.006836,22.755859
11899,-11386.194336,-11408.032227,21.837891
11900,-10520.215820,-10532.170898,11.955078
11901,-11515.593750,-11511.064453,4.529297
11902,-9509.076172,-9521.334961,12.258789
11903,-10557.821289,-10565.340820,7.519531
11904,-12890.322266,-12893.298828,2.976562
11905,-10494.769531,-10499.347656,4.578125
11906,-11888.020508,-11913.947266,25.926758
11907,-12541.862305,-12520.293945,21.568359
11908,-8508.503906,-8517.821289,9.317383
11909,-8782.740234,-8322.085938,460.654297
11910,-12364.571289,-12386.453125,21.881836
11911,-11808.856445,-11812.189453,3.333008
11912,-11972.866211,-11947.506836,25.359375
11913,-11547.416016,-11543.966797,3.449219
11914,-9092.541992,-9166.031250,73.489258
11915,-11494.782227,-11511.538086,16.755859
11916,-9485.449219,-9496.440430,10.991211
11917,-10531.957031,-10532.366211,0.409180
11918,-11948.507812,-11944.900391,3.607422
11919,-9469.659180,-9462.841797,6.817383
11920,-11930.289062,-11914.979492,15.309570
11921,-11474.028320,-11477.516602,3.488281
11922,-11287.936523,-11309.892578,21.956055
11923,-11966.021484,-11948.021484,18.000000
11924,-11548.123047,-11543.889648,4.233398
11925,-11741.293945,-11779.142578,37.848633
11926,-10621.710938,-10631.619141,9.908203
11927,-11484.079102,-11510.623047,26.543945
11928,-11470.337891,-11511.494141,41.156250
11929,-10811.924805,-10866.737305,54.812500
11930,-10269.368164,-10335.699219,66.331055
11931,-11522.970703,-11543.740234,20.769531
11932,-10468.205078,-10441.750000,26.455078
11933,-10571.044922,-10565.074219,5.970703
11934,-11521.318359,-11509.012695,12.305664
11935,-11869.316406,-11844.494141,24.822266
11936,-10526.819336,-10532.176758,5.357422
11937,-11794.297852,-11780.319336,13.978516
11938,-11960.446289,-11948.048828,12.397461
11939,-9973.169922,-9810.604492,162.565430
11940,-11508.156250,-11508.521484,0.365234
11941,-10447.497070,-10429.193359,18.303711
11942,-11497.202148,-11509.365234,12.163086
11943,-12349.943359,-12386.319336,36.375977
11944,-11755.259766,-11780.501953,25.242188
11945,-11332.440430,-11340.668945,8.228516
11946,-9562.210938,-9556.087891,6.123047
11947,-13539.583008,-13532.092773,7.490234
11948,-11149.451172,-11235.425781,85.974609
11949,-11518.563477,-11509.592773,8.970703
11950,-10959.198242,-10971.411133,12.212891
11951,-10929.635742,-10937.441406,7.805664
11952,-13328.390625,-13468.194336,139.803711
11953,-8371.301758,-8395.179688,23.877930
11954,-10355.830078,-10439.444336,83.614258
11955,-8899.080078,-8923.675781,24.595703
11956,-9976.774414,-9991.382812,14.608398
11957,-9954.611328,-9958.960938,4.349609
11958,-10439.380859,-10430.526367,8.854492
11959,-11390.750000,-11443.372070,52.622070
11960,-10877.347656,-10869.705078,7.642578
11961,-10510.293945,-10500.883789,9.410156
11962,-9543.750000,-9588.644531,44.894531
11963,-11948.958984,-11947.421875,1.537109
11964,-11531.002930,-11544.387695,13.384766
11965,-10478.280273,-10441.807617,36.472656
11966,-10506.610352,-10498.625977,7.984375
11967,-11983.083008,-11980.393555,2.689453
11968,-11512.559570,-11511.039062,1.520508
11969,-12531.060547,-12521.151367,9.909180
11970,-10895.709961,-10879.672852,16.037109
11971,-12818.244141,-12822.817383,4.573242
11972,-12349.222656,-12387.839844,38.617188
11973,-11923.059570,-11914.089844,8.969727
11974,-11471.460938,-11475.914062,4.453125
11975,-9964.575195,-9958.532227,6.042969
11976,-10408.418945,-10397.167969,11.250977
11977,-10539.114258,-10534.791992,4.322266
11978,-9949.806641,-9933.741211,16.065430
11979,-11932.878906,-11916.049805,16.829102
11980,-9540.751953,-9529.482422,11.269531
11981,-10945.308594,-10936.958984,8.349609
11982,-12198.719727,-12215.900391,17.180664
11983,-12201.854492,-12260.411133,58.556641
11984,-11487.942383,-11509.945312,22.002930
11985,-10966.447266,-10968.655273,2.208008
11986,-10390.008789,-10364.311523,25.697266
11987,-9531.071289,-9555.462891,24.391602
11988,-10961.400391,-10970.140625,8.740234
11989,-11926.557617,-11948.043945,21.486328
11990,-9424.388672,-9462.936523,38.547852
11991,-12329.559570,-12385.433594,55.874023
11992,-11001.289062,-11002.599609,1.310547
11993,-12342.435547,-12385.135742,42.700195
11994,-11953.116211,-11923.351562,29.764648
11995,-11931.731445,-11916.507812,15.223633
11996,-10565.411133,-10566.371094,0.959961
11997,-10799.393555,-10834.458984,35.065430
11998,-10346.046875,-10338.271484,7.775391
11999,-9142.345703,-9360.518555,218.172852
12000,-10970.157227,-10971.627930,1.470703
12001,-10758.290039,-10799.043945,40.753906
12002,-10559.738281,-10566.074219,6.335938
12003,-10980.772461,-10970.386719,10.385742
12004,-11954.844727,-11947.975586,6.869141
12005,-12901.681641,-12925.832031,24.150391
12006,-13376.156250,-12286.728516,1089.427734
12007,-9843.177734,-9868.818359,25.640625
12008,-11051.385742,-11035.824219,15.561523
12009,-11402.507812,-11371.791992,30.715820
12010,-10345.581055,-10415.883789,70.302734
12011,-11372.528320,-11375.976562,3.448242
12012,-10561.730469,-10564.793945,3.063477
12013,-11535.732422,-11543.561523,7.829102
12014,-10539.527344,-10531.724609,7.802734
12015,-11960.177734,-11948.493164,11.684570
12016,-9498.760742,-9496.975586,1.785156
12017,-11525.529297,-11543.391602,17.862305
12018,-11510.968750,-11511.828125,0.859375
12019,-11486.315430,-11451.672852,34.642578
12020,-10524.880859,-10532.741211,7.860352
12021,-11530.550781,-11513.061523,17.489258
12022,-10937.394531,-10937.351562,0.042969
12023,-10536.593750,-10532.748047,3.845703
12024,-11496.260742,-11511.389648,15.128906
12025,-13354.082031,-13363.389648,9.307617
12026,-10445.023438,-10429.109375,15.914062
12027,-10555.942383,-10565.215820,9.273438
12028,-10516.375000,-10501.007812,15.367188
12029,-9445.359375,-9301.929688,143.429688
12030,-10503.686523,-10500.135742,3.550781
12031,-9415.258789,-9562.669922,147.411133
12032,-11360.883789,-11372.868164,11.984375
12033,-10965.496094,-10969.625000,4.128906
12034,-11329.320312,-11342.734375,13.414062
12035,-11466.402344,-11478.386719,11.984375
12036,-10979.984375,-10967.420898,12.563477
12037,-12433.981445,-12417.774414,16.207031
12038,-10538.419922,-10531.986328,6.433594
12039,-10505.404297,-10499.859375,5.544922
12040,-11021.260742,-11002.541016,18.719727
12041,-12528.658203,-12554.254883,25.596680
12042,-11806.847656,-11812.536133,5.688477
12043,-12464.111328,-12455.337891,8.773438
12044,-9930.814453,-9926.305664,4.508789
12045,-11924.273438,-11912.979492,11.293945
12046,-9894.299805,-9889.974609,4.325195
12047,-10995.035156,-10968.153320,26.881836
12048,-11501.055664,-11511.324219,10.268555
12049,-9959.362305,-9956.500977,2.861328
12050,-10530.606445,-10533.287109,2.680664
12051,-11568.490234,-11576.047852,7.557617
12052,-9370.824219,-9325.749023,45.075195
12053,-11531.633789,-11543.657227,12.023438
12054,-12740.021484,-12791.848633,51.827148
12055,-10944.250977,-10936.402344,7.848633
12056,-9978.011719,-9990.863281,12.851562
12057,-11389.610352,-11419.777344,30.166992
12058,-10500.602539,-10501.027344,0.424805
12059,-11478.473633,-11477.099609,1.374023
12060,-11544.558594,-11543.283203,1.275391
12061,-10953.583984,-10934.160156,19.423828
12062,-9522.836914,-9495.842773,26.994141
12063,-10393.684570,-10362.895508,30.789062
12064,-10999.439453,-11001.943359,2.503906
12065,-10569.394531,-10565.379883,4.014648
12066,-11831.315430,-11844.108398,12.792969
12067,-11940.433594,-11946.321289,5.887695
12068,-11379.543945,-11407.567383,28.023438
12069,-9916.870117,-9924.195312,7.325195
12070,-11495.173828,-11510.975586,15.801758
12071,-10967.652344,-10969.079102,1.426758
12072,-9913.550781,-9902.301758,11.249023
12073,-11537.548828,-11542.664062,5.115234
12074,-11978.242188,-11946.875000,31.367188
12075,-8915.039062,-8921.657227,6.618164
12076,-12561.279297,-12555.160156,6.119141
12077,-10516.032227,-10501.585938,14.446289
12078,-10225.471680,-10305.306641,79.834961
12079,-11938.805664,-11914.943359,23.862305
12080,-11924.808594,-11916.783203,8.025391
12081,-10933.833008,-10938.039062,4.206055
12082,-8895.480469,-8585.040039,310.440430
12083,-13329.347656,-13332.839844,3.492188
12084,-9951.778320,-9961.256836,9.478516
12085,-9882.699219,-9868.907227,13.791992
12086,-11519.394531,-11543.691406,24.296875
12087,-12326.913086,-12352.953125,26.040039
12088,-10960.885742,-10970.111328,9.225586
12089,-13425.117188,-13364.224609,60.892578
12090,-10981.984375,-10968.824219,13.160156
12091,-11429.066406,-11446.186523,17.120117
12092,-8437.626953,-8695.692383,258.065430
12093,-10566.373047,-10566.725586,0.352539
12094,-12004.585938,-11937.886719,66.699219
12095,-7494.373535,-7383.439453,110.934082
12096,-9511.272461,-9522.218750,10.946289
12097,-10922.501953,-10936.403320,13.901367
12098,-11933.032227,-11913.423828,19.608398
12099,-9953.346680,-9957.968750,4.622070
12100,-10939.738281,-10937.362305,2.375977
12101,-10863.613281,-10870.254883,6.641602
12102,-11972.339844,-11945.358398,26.981445
12103,-11909.232422,-11883.898438,25.333984
12104,-11743.299805,-11777.142578,33.842773
12105,-11558.274414,-11577.117188,18.842773
12106,-11744.105469,-11778.905273,34.799805
12107,-9881.506836,-9925.774414,44.267578
12108,-12219.254883,-12217.826172,1.428711
12109,-12990.768555,-12992.534180,1.765625
12110,-10956.465820,-10938.557617,17.908203
12111,-11943.248047,-11915.089844,28.158203
12112,-11509.937500,-11509.768555,0.168945
12113,-11541.332031,-11543.524414,2.192383
12114,-11976.581055,-11948.920898,27.660156
12115,-10892.793945,-10872.882812,19.911133
12116,-11901.638672,-11913.355469,11.716797
12117,-11431.861328,-11444.810547,12.949219
12118,-8869.638672,-8854.463867,15.174805
12119,-11920.329102,-11914.541992,5.787109
12120,-10391.815430,-10394.815430,3.000000
12121,-11488.382812,-11510.620117,22.237305
12122,-11511.432617,-11511.878906,0.446289
12123,-12375.881836,-12386.170898,10.289062
12124,-11496.765625,-11510.165039,13.399414
12125,-10984.051758,-10969.215820,14.835938
12126,-10353.729492,-10363.792969,10.063477
12127,-11403.074219,-11441.008789,37.934570
12128,-4994.860840,-6381.631348,1386.770508
12129,-9846.798828,-9868.389648,21.590820
12130,-10957.015625,-10937.440430,19.575195
12131,-12890.637695,-12990.039062,99.401367
12132,-11521.678711,-11543.537109,21.858398
12133,-10843.749023,-10898.783203,55.034180
12134,-12516.630859,-12521.645508,5.014648
12135,-11501.825195,-11509.259766,7.434570
12136,-10943.980469,-10936.504883,7.475586
12137,-11520.417969,-11509.686523,10.731445
12138,-10955.476562,-10938.443359,17.033203
12139,-9975.079102,-9957.558594,17.520508
12140,-12789.548828,-12789.631836,0.083008
12141,-11377.712891,-11342.224609,35.488281
12142,-10822.513672,-10821.750977,0.762695
12143,-10540.013672,-10533.207031,6.806641
12144,-10528.150391,-10533.148438,4.998047
12145,-11446.522461,-11450.957031,4.434570
12146,-9570.476562,-9555.958008,14.518555
12147,-12582.162109,-12554.629883,27.532227
12148,-9393.347656,-9488.345703,94.998047
12149,-10994.646484,-10970.406250,24.240234
12150,-12443.015625,-12465.509766,22.494141
12151,-11526.161133,-11544.213867,18.052734
12152,-9870.899414,-9867.686523,3.212891
12153,-11955.768555,-11948.788086,6.980469
12154,-10501.221680,-10498.950195,2.271484
12155,-9586.645508,-9589.203125,2.557617
12156,-12549.847656,-12538.320312,11.527344
12157,-10367.350586,-10361.820312,5.530273
12158,-9897.135742,-9924.271484,27.135742
12159,-11953.022461,-11947.903320,5.119141
12160,-11503.178711,-11511.740234,8.561523
12161,-7661.661621,-8519.652344,857.990723
12162,-10505.663086,-10499.029297,6.633789
12163,-8888.455078,-8831.593750,56.861328
12164,-10889.031250,-10903.615234,14.583984
12165,-11795.482422,-11845.018555,49.536133
12166,-11517.328125,-11512.378906,4.949219
12167,-10966.649414,-10937.553711,29.095703
12168,-12490.695312,-12487.874023,2.821289
12169,-11502.112305,-11512.185547,10.073242
12170,-10981.988281,-10969.005859,12.982422
12171,-10579.310547,-10565.979492,13.331055
12172,-12400.169922,-12418.731445,18.561523
12173,-10560.796875,-10565.971680,5.174805
12174,-11579.340820,-11451.702148,127.638672
12175,-12531.039062,-12522.518555,8.520508
12176,-10974.564453,-10969.009766,5.554688
12177,-10894.953125,-10880.896484,14.056641
12178,-8354.661133,-8427.137695,72.476562
12179,-10502.588867,-10501.418945,1.169922
12180,-12337.189453,-12351.647461,14.458008
12181,-10477.320312,-10443.676758,33.643555
12182,-9539.615234,-9562.537109,22.921875
12183,-9893.681641,-9869.110352,24.571289
12184,-11989.308594,-11979.871094,9.437500
12185,-10902.720703,-10905.679688,2.958984
12186,-11537.114258,-11543.580078,6.465820
12187,-10983.311523,-10970.602539,12.708984
12188,-10558.946289,-10566.403320,7.457031
12189,-9935.493164,-9925.245117,10.248047
12190,-10917.375977,-10907.139648,10.236328
12191,-11913.398438,-11947.797852,34.399414
12192,-11531.401367,-11542.853516,11.452148
12193,-10358.101562,-10365.331055,7.229492
12194,-10256.676758,-10306.576172,49.899414
12195,-9606.401367,-9326.989258,279.412109
12196,-12392.447266,-12385.807617,6.639648
12197,-7993.249512,-8224.344727,231.095215
12198,-11073.004883,-11210.719727,137.714844
12199,-10776.614258,-10775.470703,1.143555
12200,-10917.039062,-10905.796875,11.242188
12201,-8819.397461,-8855.535156,36.137695
12202,-11468.675781,-11476.340820,7.665039
12203,-10557.671875,-10566.517578,8.845703
12204,-11181.370117,-11283.379883,102.009766
12205,-9831.336914,-9866.964844,35.627930
12206,-8823.816406,-8831.786133,7.969727
12207,-11486.642578,-11511.826172,25.183594
12208,-9632.596680,-9621.593750,11.002930
12209,-12452.660156,-12489.107422,36.447266
12210,-10984.891602,-10970.968750,13.922852
12211,-10983.986328,-10971.160156,12.826172
12212,-11961.645508,-11946.928711,14.716797
12213,-10990.843750,-11001.728516,10.884766
12214,-10562.398438,-10565.314453,2.916016
12215,-9502.544922,-9555.926758,53.381836
12216,-9479.901367,-9520.900391,40.999023
12217,-12498.490234,-12488.267578,10.222656
12218,-11377.778320,-11376.414062,1.364258
12219,-10844.200195,-10832.748047,11.452148
12220,-9542.448242,-9522.792969,19.655273
12221,-11357.031250,-11375.898438,18.867188
12222,-10954.186523,-10938.284180,15.902344
12223,-9949.473633,-9842.831055,106.642578
12224,-12913.854492,-12958.631836,44.777344
12225,-11938.582031,-11948.494141,9.912109
12226,-11810.699219,-11845.505859,34.806641
12227,-7610.092773,-6726.686523,883.406250
12228,-11532.626953,-11509.458984,23.167969
12229,-12707.917969,-12790.232422,82.314453
12230,-11492.382812,-11484.568359,7.814453
12231,-13420.776367,-13468.075195,47.298828
12232,-10934.768555,-10937.352539,2.583984
12233,-10523.955078,-10532.299805,8.344727
12234,-12474.493164,-12487.328125,12.834961
12235,-12550.236328,-12552.922852,2.686523
12236,-11928.338867,-11948.337891,19.999023
12237,-12652.350586,-12686.173828,33.823242
12238,-11979.813477,-11979.493164,0.320312
12239,-12819.102539,-12788.109375,30.993164
12240,-8274.969727,-8484.529297,209.559570
12241,-12952.375977,-12925.813477,26.562500
12242,-10888.331055,-10906.330078,17.999023
12243,-12063.391602,-12142.253906,78.862305
12244,-11371.026367,-11375.086914,4.060547
12245,-12497.933594,-12350.865234,147.068359
12246,-12298.634766,-12353.662109,55.027344
12247,-13261.211914,-13467.598633,206.386719
12248,-12346.457031,-12384.998047,38.541016
12249,-11501.297852,-11509.355469,8.057617
12250,-12501.101562,-12488.821289,12.280273
12251,-11535.738281,-11541.908203,6.169922
12252,-7795.239258,-7796.536133,1.296875
12253,-9909.778320,-9934.059570,24.281250
12254,-11924.841797,-11916.478516,8.363281
12255,-11922.933594,-11948.502930,25.569336
12256,-12447.347656,-12385.011719,62.335938
12257,-10745.188477,-10767.436523,22.248047
12258,-11440.391602,-11445.287109,4.895508
12259,-11451.393555,-11444.647461,6.746094
12260,-10929.291016,-10904.783203,24.507812
12261,-12406.346680,-12401.580078,4.766602
12262,-11536.166016,-11452.029297,84.136719
12263,-10508.017578,-10501.178711,6.838867
12264,-11520.218750,-11510.474609,9.744141
12265,-10506.167969,-10499.534180,6.633789
12266,-12958.135742,-12927.075195,31.060547
12267,-10724.238281,-10671.709961,52.528320
12268,-11355.094727,-11374.250977,19.156250
12269,-10978.000000,-10969.775391,8.224609
12270,-10926.877930,-10936.307617,9.429688
12271,-11317.499023,-11283.548828,33.950195
12272,-11308.465820,-11342.685547,34.219727
12273,-10595.128906,-10598.592773,3.463867
12274,-8803.008789,-8887.724609,84.715820
12275,-10910.301758,-10911.947266,1.645508
12276,-10977.859375,-10938.453125,39.406250
12277,-11497.971680,-11512.050781,14.079102
12278,-10458.437500,-10464.731445,6.293945
12279,-11955.480469,-11948.040039,7.440430
12280,-11528.048828,-11545.197266,17.148438
12281,-11572.160156,-11575.915039,3.754883
12282,-12511.093750,-12490.449219,20.644531
12283,-12394.492188,-12418.568359,24.076172
12284,-12350.949219,-12353.957031,3.007812
12285,-9289.469727,-9487.285156,197.815430
12286,-9538.439453,-9555.757812,17.318359
12287,-11773.484375,-11810.682617,37.198242
12288,-12867.333984,-12892.878906,25.544922
12289,-11559.606445,-11576.670898,17.064453
12290,-10531.953125,-10534.090820,2.137695
12291,-10929.840820,-10938.218750,8.377930
12292,-11458.127930,-11476.446289,18.318359
12293,-12181.543945,-12489.096680,307.552734
12294,-10559.237305,-10566.285156,7.047852
12295,-10488.112305,-10498.952148,10.839844
12296,-11491.597656,-11510.447266,18.849609
12297,-11905.838867,-11857.721680,48.117188
12298,-10622.005859,-10638.911133,16.905273
12299,-10478.267578,-10440.970703,37.296875
12300,-10457.333984,-10466.426758,9.092773
12301,-7205.736328,-7659.477051,453.740723
12302,-12711.238281,-12821.803711,110.565430
12303,-9205.498047,-9295.132812,89.634766
12304,-10755.711914,-10800.167969,44.456055
12305,-10920.944336,-10876.482422,44.461914
12306,-12166.887695,-12214.909180,48.021484
12307,-11495.991211,-11511.856445,15.865234
12308,-11404.412109,-11371.657227,32.754883
12309,-10941.253906,-10935.672852,5.581055
12310,-11377.343750,-11350.060547,27.283203
12311,-10934.424805,-10935.648438,1.223633
12312,-12333.803711,-12353.635742,19.832031
12313,-10853.111328,-10832.868164,20.243164
12314,-12982.173828,-12991.909180,9.735352
12315,-11477.971680,-11477.710938,0.260742
12316,-10498.422852,-10499.632812,1.209961
12317,-10815.786133,-10833.434570,17.648438
12318,-9543.071289,-9530.136719,12.934570
12319,-10951.597656,-10936.075195,15.522461
12320,-12303.322266,-12350.774414,47.452148
12321,-12171.636719,-12247.668945,76.032227
12322,-13462.798828,-12697.243164,765.555664
12323,-11957.575195,-12013.096680,55.521484
12324,-8482.531250,-8486.542969,4.011719
12325,-10440.235352,-10429.233398,11.001953
12326,-11926.795898,-11948.964844,22.168945
12327,-10313.596680,-10303.595703,10.000977
12328,-11328.539062,-11343.536133,14.997070
12329,-11805.482422,-11877.977539,72.495117
12330,-12385.291992,-12384.972656,0.319336
12331,-10476.643555,-10475.108398,1.535156
12332,-10754.555664,-10802.212891,47.657227
12333,-10992.694336,-10969.312500,23.381836
12334,-7126.766602,-7382.909668,256.143066
12335,-11512.386719,-11507.931641,4.455078
12336,-11965.548828,-11948.967773,16.581055
12337,-12485.682617,-12487.824219,2.141602
12338,-11468.334961,-11477.658203,9.323242
12339,-11200.331055,-11270.548828,70.217773
12340,-11405.330078,-11407.225586,1.895508
12341,-8379.627930,-8426.655273,47.027344
12342,-10599.537109,-10598.983398,0.553711
12343,-11934.348633,-11947.862305,13.513672
12344,-10596.148438,-10598.463867,2.315430
12345,-11374.705078,-11374.971680,0.266602
12346,-10923.316406,-10934.703125,11.386719
12347,-12917.613281,-12894.855469,22.757812
12348,-10533.332031,-10532.817383,0.514648
12349,-11506.918945,-11511.251953,4.333008
12350,-10997.941406,-11002.527344,4.585938
12351,-10305.084961,-10337.485352,32.400391
12352,-12984.716797,-12959.718750,24.998047
12353,-11780.018555,-11811.780273,31.761719
12354,-11199.330078,-11205.866211,6.536133
12355,-11986.103516,-11979.900391,6.203125
12356,-10807.350586,-10833.939453,26.588867
12357,-11490.994141,-11506.904297,15.910156
12358,-11556.797852,-11543.623047,13.174805
12359,-10426.053711,-10441.311523,15.257812
12360,-10474.700195,-10473.149414,1.550781
12361,-10347.902344,-10440.894531,92.992188
12362,-11887.299805,-11880.155273,7.144531
12363,-10955.964844,-10938.527344,17.437500
12364,-12962.620117,-12959.767578,2.852539
12365,-11934.218750,-11947.367188,13.148438
12366,-12557.793945,-12553.592773,4.201172
12367,-11305.176758,-11375.942383,70.765625
12368,-10976.565430,-10971.208008,5.357422
12369,-12360.750000,-12386.887695,26.137695
12370,-12487.435547,-12487.712891,0.277344
12371,-11795.588867,-11813.233398,17.644531
12372,-10362.700195,-10363.275391,0.575195
12373,-10354.774414,-10362.317383,7.542969
12374,-11344.524414,-11374.436523,29.912109
12375,-12570.372070,-12554.103516,16.268555
12376,-11501.410156,-11510.914062,9.503906
12377,-10034.457031,-9990.687500,43.769531
12378,-12392.295898,-12385.781250,6.514648
12379,-10768.208008,-10867.144531,98.936523
12380,-12503.267578,-12489.932617,13.334961
12381,-10937.281250,-10939.156250,1.875000
12382,-10537.101562,-10532.429688,4.671875
12383,-11944.590820,-11948.960938,4.370117
12384,-15234.553711,-15493.582031,259.028320
12385,-10539.312500,-10531.791016,7.521484
12386,-10540.998047,-10532.267578,8.730469
12387,-10512.965820,-10500.027344,12.938477
12388,-10542.074219,-10531.606445,10.467773
12389,-11324.040039,-11343.482422,19.442383
12390,-12476.599609,-12488.796875,12.197266
12391,-10570.568359,-10564.516602,6.051758
12392,-12537.107422,-12553.500977,16.393555
12393,-11365.012695,-11373.356445,8.343750
12394,-11969.167969,-11948.206055,20.961914
12395,-10220.271484,-10298.045898,77.774414
12396,-12027.730469,-11914.936523,112.793945
12397,-9533.403320,-9555.211914,21.808594
12398,-7983.346191,-7852.758301,130.587891
12399,-10552.984375,-10566.458984,13.474609
12400,-10986.582031,-10967.410156,19.171875
12401,-10931.194336,-10934.353516,3.159180
12402,-10952.279297,-10937.431641,14.847656
12403,-10374.374023,-10395.473633,21.099609
12404,-10964.973633,-10968.731445,3.757812
12405,-10402.425781,-10396.269531,6.156250
12406,-12306.979492,-12351.821289,44.841797
12407,-11275.312500,-11374.628906,99.316406
12408,-9547.643555,-9554.616211,6.972656
12409,-10541.362305,-10474.910156,66.452148
12410,-10949.557617,-10933.088867,16.468750
12411,-12377.829102,-12352.416992,25.412109
12412,-10881.115234,-10904.797852,23.682617
12413,-10944.337891,-10937.010742,7.327148
12414,-9515.019531,-9463.112305,51.907227
12415,-10452.678711,-10464.328125,11.649414
12416,-12571.277344,-12555.421875,15.855469
12417,-10533.993164,-10531.822266,2.170898
12418,-11479.996094,-11477.810547,2.185547
12419,-8825.476562,-8892.064453,66.587891
12420,-11483.642578,-11476.378906,7.263672
12421,-10298.834961,-10302.645508,3.810547
12422,-9493.125977,-9463.025391,30.100586
12423,-10489.421875,-10498.764648,9.342773
12424,-11002.016602,-11002.570312,0.553711
12425,-12787.267578,-12789.476562,2.208984
12426,-11972.005859,-11947.522461,24.483398
12427,-9478.395508,-9522.598633,44.203125
12428,-10975.364258,-10969.326172,6.038086
12429,-10957.560547,-10971.406250,13.845703
12430,-11385.009766,-11373.421875,11.587891
12431,-11408.029297,-11408.570312,0.541016
12432,-13482.815430,-13547.093750,64.278320
12433,-11516.929688,-11511.049805,5.879883
12434,-10962.986328,-10970.468750,7.482422
12435,-11320.087891,-11375.171875,55.083984
12436,-12507.893555,-12490.399414,17.494141
12437,-11907.697266,-11915.454102,7.756836
12438,-12931.720703,-12957.228516,25.507812
12439,-9455.410156,-9430.093750,25.316406
12440,-11889.159180,-11914.632812,25.473633
12441,-11990.301758,-11981.793945,8.507812
12442,-11541.462891,-11543.256836,1.793945
12443,-10086.456055,-10023.947266,62.508789
12444,-10449.347656,-10474.625977,25.278320
12445,-12550.962891,-12553.352539,2.389648
12446,-12336.134766,-12321.809570,14.325195
12447,-11498.103516,-11501.708008,3.604492
12448,-10991.904297,-11002.413086,10.508789
12449,-10532.291992,-10507.179688,25.112305
12450,-10966.524414,-10911.967773,54.556641
12451,-11937.406250,-11948.794922,11.388672
12452,-11958.242188,-11947.969727,10.272461
12453,-9930.353516,-9926.422852,3.930664
12454,-10814.820312,-10801.679688,13.140625
12455,-11434.584961,-11443.900391,9.315430
12456,-11894.750977,-11916.315430,21.564453
12457,-11432.278320,-11407.635742,24.642578
12458,-10400.750000,-10395.275391,5.474609
12459,-11376.847656,-11374.417969,2.429688
12460,-12458.530273,-12454.621094,3.909180
12461,-12374.336914,-12384.245117,9.908203
12462,-11507.856445,-11510.370117,2.513672
12463,-12317.559570,-12353.867188,36.307617
12464,-11959.057617,-11948.108398,10.949219
12465,-10382.693359,-10305.565430,77.127930
12466,-11379.367188,-11407.496094,28.128906
12467,-11783.957031,-11812.854492,28.897461
12468,-10941.853516,-10939.647461,2.206055
12469,-10990.832031,-11003.531250,12.699219
12470,-11954.058594,-11948.515625,5.542969
12471,-11464.434570,-11479.091797,14.657227
12472,-10943.428711,-10937.833984,5.594727
12473,-11924.600586,-11914.772461,9.828125
12474,-10978.330078,-10970.595703,7.734375
12475,-8527.527344,-8493.396484,34.130859
12476,-9520.388672,-9523.562500,3.173828
12477,-10738.406250,-10800.915039,62.508789
12478,-8477.891602,-8419.189453,58.702148
12479,-10470.305664,-10440.637695,29.667969
12480,-12511.154297,-12488.458984,22.695312
12481,-12899.723633,-12926.360352,26.636719
12482,-11047.508789,-11034.903320,12.605469
12483,-9268.398438,-9341.574219,73.175781
12484,-12768.348633,-12789.833984,21.485352
12485,-10286.208008,-10270.809570,15.398438
12486,-10501.602539,-10500.395508,1.207031
12487,-10584.935547,-10598.387695,13.452148
12488,-11952.896484,-11947.937500,4.958984
12489,-11981.194336,-12014.369141,33.174805
12490,-10880.515625,-10901.960938,21.445312
12491,-12960.880859,-12958.717773,2.163086
12492,-12985.319336,-12925.736328,59.583008
12493,-12536.154297,-12520.117188,16.037109
12494,-11945.414062,-11916.593750,28.820312
12495,-9900.863281,-9900.012695,0.850586
12496,-11341.400391,-11374.791992,33.391602
12497,-9885.744141,-9894.431641,8.687500
12498,-9430.888672,-9496.255859,65.367188
12499,-12406.837891,-12385.538086,21.299805
12500,-11501.158203,-11511.901367,10.743164
12501,-11907.599609,-11916.521484,8.921875
12502,-9479.011719,-9522.009766,42.998047
12503,-11503.543945,-11511.726562,8.182617
12504,-11559.139648,-11576.265625,17.125977
12505,-11921.026367,-11947.481445,26.455078
12506,-10777.736328,-10833.066406,55.330078
12507,-10417.162109,-10426.614258,9.452148
12508,-11495.541016,-11509.285156,13.744141
12509,-10934.583984,-10937.142578,2.558594
12510,-10481.755859,-10470.156250,11.599609
12511,-11924.507812,-11914.144531,10.363281
12512,-10596.710938,-10599.164062,2.453125
12513,-11347.550781,-11340.574219,6.976562
12514,-12535.882812,-12521.971680,13.911133
12515,-9466.791016,-9464.014648,2.776367
12516,-10954.094727,-10936.075195,18.019531
12517,-10395.600586,-10440.720703,45.120117
12518,-12503.717773,-12488.222656,15.495117
12519,-11598.894531,-11674.624023,75.729492
12520,-11883.286133,-11915.987305,32.701172
12521,-11453.151367,-11476.218750,23.067383
12522,-10586.198242,-10566.010742,20.187500
12523,-10500.172852,-10501.217773,1.044922
12524,-11357.118164,-11339.150391,17.967773
12525,-10963.571289,-10968.721680,5.150391
12526,-11366.125977,-11407.046875,40.920898
12527,-11550.112305,-11542.819336,7.292969
12528,-10531.724609,-10532.772461,1.047852
12529,-11090.198242,-11180.385742,90.187500
12530,-11973.078125,-11948.872070,24.206055
12531,-11326.268555,-11341.495117,15.226562
12532,-12683.103516,-12823.544922,140.441406
12533,-10883.917969,-10866.632812,17.285156
12534,-9574.453125,-9562.621094,11.832031
12535,-10520.364258,-10499.909180,20.455078
12536,-8878.200195,-8863.546875,14.653320
12537,-10947.414062,-10933.795898,13.618164
12538,-9900.720703,-9899.166016,1.554688
12539,-10991.967773,-10969.308594,22.659180
12540,-12160.664062,-12249.253906,88.589844
12541,-11350.936523,-11374.999023,24.062500
12542,-8378.237305,-8361.823242,16.414062
12543,-11987.859375,-11981.636719,6.222656
12544,-12534.702148,-12553.167969,18.465820
12545,-11929.698242,-11915.774414,13.923828
12546,-11004.901367,-11003.811523,1.089844
12547,-13692.291992,-13765.492188,73.200195
12548,-9929.664062,-9899.351562,30.312500
12549,-11552.047852,-11544.157227,7.890625
12550,-10538.764648,-10532.548828,6.215820
12551,-11976.384766,-11946.094727,30.290039
12552,-11527.130859,-11543.978516,16.847656
12553,-10364.773438,-10362.700195,2.073242
12554,-9896.391602,-9900.305664,3.914062
12555,-11933.784180,-11948.155273,14.371094
12556,-12308.398438,-12319.646484,11.248047
12557,-10570.587891,-10565.218750,5.369141
12558,-10501.731445,-10499.853516,1.877930
12559,-11550.472656,-11543.129883,7.342773
12560,-9803.654297,-9829.613281,25.958984
12561,-10846.218750,-10866.884766,20.666016
12562,-11517.210938,-11510.065430,7.145508
12563,-11472.929688,-11477.975586,5.045898
12564,-10541.664062,-10533.441406,8.222656
12565,-11345.217773,-11341.320312,3.897461
12566,-11409.763672,-11440.092773,30.329102
12567,-9473.828125,-9521.895508,48.067383
12568,-5838.221191,-6355.107422,516.886230
12569,-11363.458984,-11375.203125,11.744141
12570,-12530.875000,-12521.398438,9.476562
12571,-11795.347656,-11780.089844,15.257812
12572,-11384.054688,-11373.123047,10.931641
12573,-10717.915039,-10770.233398,52.318359
12574,-10901.846680,-10904.189453,2.342773
12575,-11967.293945,-11979.556641,12.262695
12576,-11182.937500,-11239.189453,56.251953
12577,-9916.152344,-9924.580078,8.427734
12578,-10862.744141,-10836.136719,26.607422
12579,-11961.140625,-11948.609375,12.531250
12580,-9481.359375,-9489.573242,8.213867
12581,-11828.450195,-11811.947266,16.502930
12582,-10997.130859,-10970.554688,26.576172
12583,-10821.223633,-10802.052734,19.170898
12584,-10531.763672,-10534.007812,2.244141
12585,-10979.189453,-10967.800781,11.388672
12586,-10945.578125,-10938.289062,7.289062
12587,-11534.698242,-11544.190430,9.492188
12588,-10866.208984,-10904.676758,38.467773
12589,-12194.310547,-12246.477539,52.166992
12590,-9948.478516,-9898.403320,50.075195
12591,-10981.901367,-10968.815430,13.085938
12592,-12520.936523,-12521.866211,0.929688
12593,-11199.946289,-11283.859375,83.913086
12594,-12014.246094,-12014.482422,0.236328
12595,-11141.786133,-11234.831055,93.044922
12596,-11728.527344,-11779.787109,51.259766
12597,-9534.335938,-9521.950195,12.385742
12598,-11317.905273,-11339.755859,21.850586
12599,-12939.469727,-12956.753906,17.284180
12600,-11969.297852,-11949.198242,20.099609
12601,-9950.240234,-9965.387695,15.147461
12602,-11476.987305,-11476.025391,0.961914
12603,-11559.907227,-11577.029297,17.122070
12604,-11803.278320,-11843.122070,39.843750
12605,-11508.814453,-11511.248047,2.433594
12606,-11522.650391,-11509.602539,13.047852
12607,-9540.137695,-9555.620117,15.482422
12608,-11995.970703,-11978.836914,17.133789
12609,-9481.352539,-9461.733398,19.619141
12610,-12944.884766,-12959.935547,15.050781
12611,-11304.921875,-11041.415039,263.506836
12612,-10501.176758,-10499.047852,2.128906
12613,-11390.105469,-11405.506836,15.401367
12614,-13396.977539,-13364.164062,32.813477
12615,-10444.163086,-10464.302734,20.139648
12616,-12302.496094,-12321.402344,18.906250
12617,-10500.343750,-10441.871094,58.472656
12618,-10394.826172,-10428.684570,33.858398
12619,-10401.570312,-10396.472656,5.097656
12620,-11768.164062,-11813.163086,44.999023
12621,-10486.281250,-10499.475586,13.194336
12622,-10501.219727,-10501.367188,0.147461
12623,-12494.772461,-12487.960938,6.811523
12624,-11951.261719,-11948.104492,3.157227
12625,-9553.309570,-9530.271484,23.038086
12626,-9888.952148,-9900.424805,11.472656
12627,-10480.083984,-10441.725586,38.358398
12628,-12415.326172,-12319.612305,95.713867
12629,-10848.294922,-10870.879883,22.584961
12630,-11986.776367,-11982.090820,4.685547
12631,-10525.187500,-10532.986328,7.798828
12632,-11453.235352,-11478.751953,25.516602
12633,-9529.601562,-9496.527344,33.074219
12634,-11413.341797,-11407.490234,5.851562
12635,-11381.355469,-11374.064453,7.291016
12636,-12003.024414,-11980.765625,22.258789
12637,-10985.799805,-11004.542969,18.743164
12638,-11483.049805,-11479.126953,3.922852
12639,-11939.619141,-11947.790039,8.170898
12640,-11891.918945,-11916.263672,24.344727
12641,-11898.149414,-12013.071289,114.921875
12642,-10572.965820,-10565.500000,7.465820
12643,-11512.369141,-11511.471680,0.897461
12644,-11776.861328,-11813.346680,36.485352
12645,-11927.145508,-11980.699219,53.553711
12646,-11628.872070,-11739.523438,110.651367
12647,-11372.100586,-11375.391602,3.291016
12648,-11545.142578,-11510.246094,34.896484
12649,-12783.885742,-12788.123047,4.237305
12650,-12152.814453,-12279.908203,127.093750
12651,-11462.240234,-11476.718750,14.478516
12652,-10563.043945,-10565.458984,2.415039
12653,-9106.884766,-9269.337891,162.453125
12654,-13403.740234,-13468.152344,64.412109
12655,-10977.541992,-10970.143555,7.398438
12656,-10397.813477,-10362.235352,35.578125
12657,-10496.447266,-10501.647461,5.200195
12658,-11979.125977,-11980.708984,1.583008
12659,-10310.111328,-10329.351562,19.240234
12660,-12974.673828,-12959.517578,15.156250
12661,-10223.833008,-10143.499023,80.333984
12662,-10536.122070,-10532.112305,4.009766
12663,-9526.017578,-9554.590820,28.573242
12664,-10955.867188,-10935.409180,20.458008
12665,-12159.283203,-12249.369141,90.085938
12666,-12342.871094,-12384.323242,41.452148
12667,-12361.250000,-12321.892578,39.357422
12668,-11453.547852,-11444.824219,8.723633
12669,-9521.885742,-9555.213867,33.328125
12670,-9492.433594,-9523.236328,30.802734
12671,-10535.797852,-10533.560547,2.237305
12672,-9453.735352,-9371.129883,82.605469
12673,-12454.464844,-12455.167969,0.703125
12674,-11561.604492,-11576.645508,15.041016
12675,-10988.748047,-10969.223633,19.524414
12676,-10546.871094,-10531.841797,15.029297
12677,-11797.143555,-11845.225586,48.082031
12678,-11955.257812,-11981.469727,26.211914
12679,-11497.389648,-11510.615234,13.225586
12680,-11501.394531,-11511.251953,9.857422
12681,-10495.004883,-10498.400391,3.395508
12682,-9489.137695,-9521.704102,32.566406
12683,-6203.766113,-6380.693848,176.927734
12684,-11512.189453,-11511.133789,1.055664
12685,-11534.464844,-11544.431641,9.966797
12686,-11942.945312,-11947.368164,4.422852
12687,-11435.765625,-11406.686523,29.079102
12688,-11935.840820,-11948.007812,12.166992
12689,-12382.462891,-12418.224609,35.761719
12690,-10511.809570,-10501.249023,10.560547
12691,-11499.989258,-11510.480469,10.491211
12692,-11722.295898,-11778.380859,56.084961
12693,-10405.692383,-10363.706055,41.986328
12694,-11097.463867,-11210.805664,113.341797
12695,-10872.825195,-10866.003906,6.821289
12696,-10365.314453,-10338.722656,26.591797
12697,-10564.737305,-10564.735352,0.001953
12698,-10544.415039,-10532.683594,11.731445
12699,-9954.079102,-9957.275391,3.196289
12700,-11003.474609,-11001.412109,2.062500
12701,-8209.865234,-8454.168945,244.303711
12702,-11910.255859,-11914.417969,4.162109
12703,-11357.649414,-11375.385742,17.736328
12704,-13396.119141,-13499.834961,103.715820
12705,-11917.084961,-11912.114258,4.970703
12706,-11297.083984,-11271.714844,25.369141
12707,-10423.856445,-10426.263672,2.407227
12708,-11541.857422,-11543.557617,1.700195
12709,-11960.384766,-11946.951172,13.433594
12710,-9953.066406,-9932.666016,20.400391
12711,-7258.806641,-7449.546875,190.740234
12712,-10442.824219,-10506.754883,63.930664
12713,-11359.597656,-11340.382812,19.214844
12714,-10945.154297,-10936.512695,8.641602
12715,-10962.300781,-10934.828125,27.472656
12716,-10981.338867,-10970.741211,10.597656
12717,-11468.717773,-11476.935547,8.217773
12718,-8585.355469,-8519.211914,66.143555
12719,-11417.157227,-11407.667969,9.489258
12720,-11965.472656,-11980.911133,15.438477
12721,-12408.485352,-12418.400391,9.915039
12722,-11267.923828,-11303.634766,35.710938
12723,-10513.060547,-10532.761719,19.701172
12724,-9738.619141,-9842.421875,103.802734
12725,-11959.437500,-11914.561523,44.875977
12726,-10501.195312,-10499.406250,1.789062
12727,-11460.250000,-11476.042969,15.792969
12728,-10955.522461,-10935.714844,19.807617
12729,-11278.796875,-11250.238281,28.558594
12730,-11486.869141,-11473.616211,13.252930
12731,-11886.197266,-11880.055664,6.141602
12732,-9493.147461,-9404.147461,89.000000
12733,-10392.231445,-10363.968750,28.262695
12734,-12387.100586,-12385.899414,1.201172
12735,-11962.989258,-11980.881836,17.892578
12736,-11825.521484,-11844.687500,19.166016
12737,-11485.330078,-11475.253906,10.076172
12738,-10517.168945,-10500.915039,16.253906
12739,-12898.587891,-12927.548828,28.960938
12740,-11002.854492,-11002.833008,0.021484
12741,-11016.873047,-10970.757812,46.115234
12742,-9430.892578,-9325.693359,105.199219
12743,-12512.707031,-12489.416992,23.290039
12744,-10800.931641,-10843.494141,42.562500
12745,-11527.000977,-11543.351562,16.350586
12746,-12352.369141,-12353.199219,0.830078
12747,-9207.521484,-9270.209961,62.688477
12748,-10966.395508,-10970.781250,4.385742
12749,-12993.037109,-12958.553711,34.483398
12750,-11471.281250,-11477.515625,6.234375
12751,-9494.944336,-9521.694336,26.750000
12752,-9521.586914,-9555.265625,33.678711
12753,-12884.017578,-12893.646484,9.628906
12754,-11378.697266,-11375.304688,3.392578
12755,-11393.029297,-11374.606445,18.422852
12756,-12514.453125,-12521.180664,6.727539
12757,-12230.198242,-12280.961914,50.763672
12758,-12383.307617,-12415.837891,32.530273
12759,-11498.865234,-11509.611328,10.746094
12760,-10601.628906,-10598.575195,3.053711
12761,-10518.980469,-10531.703125,12.722656
12762,-9520.977539,-9554.901367,33.923828
12763,-10477.304688,-10429.026367,48.278320
12764,-8406.427734,-8428.424805,21.997070
12765,-9293.961914,-9361.129883,67.167969
12766,-11343.889648,-11341.893555,1.996094
12767,-11067.023438,-11212.741211,145.717773
12768,-11351.576172,-11374.423828,22.847656
12769,-13230.141602,-13330.849609,100.708008
12770,-10961.951172,-10939.516602,22.434570
12771,-11953.779297,-11947.870117,5.909180
12772,-10924.498047,-10937.312500,12.814453
12773,-11802.498047,-11844.406250,41.908203
12774,-9899.109375,-9901.457031,2.347656
12775,-11527.123047,-11542.857422,15.734375
12776,-9945.684570,-9959.641602,13.957031
12777,-11507.231445,-11509.311523,2.080078
12778,-9987.625000,-9990.978516,3.353516
12779,-11506.737305,-11511.806641,5.069336
12780,-12466.194336,-12456.764648,9.429688
12781,-10354.027344,-10362.848633,8.821289
12782,-12182.172852,-12248.320312,66.147461
12783,-12332.650391,-12352.131836,19.481445
12784,-9288.127930,-9270.680664,17.447266
12785,-10821.854492,-10800.097656,21.756836
12786,-11549.607422,-11543.573242,6.034180
12787,-10891.779297,-10903.615234,11.835938
12788,-10884.160156,-10905.029297,20.869141
12789,-10490.819336,-10498.595703,7.776367
12790,-11368.963867,-11372.970703,4.006836
12791,-11560.372070,-11544.598633,15.773438
12792,-11428.483398,-11407.518555,20.964844
12793,-9894.434570,-9924.334961,29.900391
12794,-11951.677734,-11947.916992,3.760742
12795,-10536.416992,-10531.957031,4.459961
12796,-11384.921875,-11406.940430,22.018555
12797,-11917.444336,-11947.745117,30.300781
12798,-9930.423828,-9923.049805,7.374023
12799,-11958.079102,-11949.501953,8.577148
12800,-11924.179688,-11948.973633,24.793945
12801,-12950.703125,-12926.461914,24.241211
12802,-10512.516602,-10499.083008,13.433594
12803,-12928.072266,-12958.012695,29.940430
12804,-11829.294922,-11844.654297,15.359375
12805,-11502.995117,-11509.109375,6.114258
12806,-9949.269531,-9925.280273,23.989258
12807,-11378.396484,-11373.427734,4.968750
12808,-10955.922852,-10938.088867,17.833984
12809,-9188.731445,-9326.949219,138.217773
12810,-9377.597656,-9359.820312,17.777344
12811,-12097.272461,-12430.940430,333.667969
12812,-11470.244141,-11476.818359,6.574219
12813,-12726.472656,-12791.195312,64.722656
12814,-11009.703125,-11001.887695,7.815430
12815,-10869.769531,-10912.044922,42.275391
12816,-12539.112305,-12552.779297,13.666992
12817,-10969.681641,-10971.540039,1.858398
12818,-11545.034180,-11543.476562,1.557617
12819,-11362.953125,-11376.508789,13.555664
12820,-11754.014648,-11779.185547,25.170898
12821,-11918.487305,-11914.668945,3.818359
12822,-10753.550781,-10741.787109,11.763672
12823,-11981.299805,-11963.769531,17.530273
12824,-11949.766602,-11947.243164,2.523438
12825,-10755.144531,-10799.151367,44.006836
12826,-11950.217773,-11946.972656,3.245117
12827,-10951.336914,-10935.648438,15.688477
12828,-11645.047852,-11707.963867,62.916016
12829,-12974.189453,-12958.829102,15.360352
12830,-11507.701172,-11511.695312,3.994141
12831,-11992.651367,-11980.515625,12.135742
12832,-10998.700195,-11001.357422,2.657227
12833,-10304.463867,-10370.819336,66.355469
12834,-11919.089844,-11948.022461,28.932617
12835,-11948.826172,-11945.940430,2.885742
12836,-10982.603516,-10971.607422,10.996094
12837,-11489.369141,-11502.146484,12.777344
12838,-13409.756836,-13435.074219,25.317383
12839,-8866.692383,-8921.692383,55.000000
12840,-11385.435547,-11406.397461,20.961914
12841,-12355.510742,-12382.668945,27.158203
12842,-11654.582031,-11706.435547,51.853516
12843,-11977.320312,-11980.899414,3.579102
12844,-11540.293945,-11543.953125,3.659180
12845,-10538.269531,-10532.117188,6.152344
12846,-11425.245117,-11374.990234,50.254883
12847,-11923.116211,-11914.860352,8.255859
12848,-11382.328125,-11407.929688,25.601562
12849,-11888.239258,-11881.176758,7.062500
12850,-10571.652344,-10566.333008,5.319336
12851,-11902.529297,-11913.811523,11.282227
12852,-12008.452148,-12014.028320,5.576172
12853,-10357.876953,-10362.756836,4.879883
12854,-11350.550781,-11375.057617,24.506836
12855,-11904.426758,-11914.519531,10.092773
12856,-9952.128906,-9934.452148,17.676758
12857,-11968.929688,-11978.944336,10.014648
12858,-10852.246094,-10834.854492,17.391602
12859,-10016.117188,-9989.855469,26.261719
12860,-11780.117188,-11776.107422,4.009766
12861,-10280.969727,-10305.332031,24.362305
12862,-12559.359375,-12554.355469,5.003906
12863,-11836.919922,-11878.159180,41.239258
12864,-11502.727539,-11512.056641,9.329102
12865,-10560.041016,-10566.093750,6.052734
12866,-9886.297852,-9900.869141,14.571289
12867,-11464.489258,-11477.392578,12.903320
12868,-12879.577148,-12893.120117,13.542969
12869,-10969.421875,-10970.719727,1.297852
12870,-12926.309570,-12893.336914,32.972656
12871,-11380.421875,-11373.394531,7.027344
12872,-12355.126953,-12385.306641,30.179688
12873,-8470.618164,-8551.770508,81.152344
12874,-10414.371094,-10442.917969,28.546875
12875,-8902.468750,-8890.523438,11.945312
12876,-12917.452148,-12893.662109,23.790039
12877,-12218.797852,-12216.614258,2.183594
12878,-9958.727539,-9993.742188,35.014648
12879,-8984.735352,-8829.469727,155.265625
12880,-11488.895508,-11509.494141,20.598633
12881,-8014.315430,-8338.072266,323.756836
12882,-11549.720703,-11544.247070,5.473633
12883,-12461.088867,-12456.574219,4.514648
12884,-12402.035156,-12352.546875,49.488281
12885,-11305.652344,-11339.280273,33.627930
12886,-11497.958008,-11509.873047,11.915039
12887,-11509.089844,-11511.592773,2.502930
12888,-8387.150391,-8290.950195,96.200195
12889,-10936.925781,-10910.680664,26.245117
12890,-12749.437500,-12791.806641,42.369141
12891,-10547.822266,-10565.020508,17.198242
12892,-10539.569336,-10532.886719,6.682617
12893,-9538.983398,-9530.097656,8.885742
12894,-10492.527344,-10499.478516,6.951172
12895,-11628.322266,-11739.423828,111.101562
12896,-11497.709961,-11509.453125,11.743164
12897,-10951.305664,-10937.045898,14.259766
12898,-11466.479492,-11476.949219,10.469727
12899,-12008.878906,-11981.427734,27.451172
12900,-10990.768555,-10970.042969,20.725586
12901,-9344.264648,-9404.787109,60.522461
12902,-10569.197266,-10565.569336,3.627930
12903,-13653.333984,-13764.790039,111.456055
12904,-9895.458984,-9901.303711,5.844727
12905,-11404.031250,-11408.356445,4.325195
12906,-12511.068359,-12520.955078,9.886719
12907,-11792.042969,-11846.155273,54.112305
12908,-10528.818359,-10531.556641,2.738281
12909,-10957.983398,-10934.802734,23.180664
12910,-13416.605469,-13466.201172,49.595703
12911,-10465.777344,-10465.161133,0.616211
12912,-13827.429688,-13905.134766,77.705078
12913,-11506.337891,-11510.343750,4.005859
12914,-11159.567383,-11317.772461,158.205078
12915,-12933.414062,-12927.575195,5.838867
12916,-10320.632812,-10336.771484,16.138672
12917,-11938.005859,-11916.141602,21.864258
12918,-10496.945312,-10500.568359,3.623047
12919,-12567.703125,-12553.484375,14.218750
12920,-11515.333008,-11509.510742,5.822266
12921,-11966.658203,-11947.312500,19.345703
12922,-11342.819336,-11343.362305,0.542969
12923,-12343.365234,-12353.505859,10.140625
12924,-10496.199219,-10498.621094,2.421875
12925,-11550.101562,-11544.221680,5.879883
12926,-11496.920898,-11477.666992,19.253906
12927,-11453.899414,-11475.576172,21.676758
12928,-12642.310547,-12686.488281,44.177734
12929,-10525.048828,-10532.394531,7.345703
12930,-11552.175781,-11543.707031,8.468750
12931,-9920.418945,-9925.411133,4.992188
12932,-11951.888672,-11946.031250,5.857422
12933,-11905.321289,-11914.553711,9.232422
12934,-11503.190430,-11511.350586,8.160156
12935,-12563.958984,-12553.949219,10.009766
12936,-10528.483398,-10533.427734,4.944336
12937,-11948.544922,-11980.922852,32.377930
12938,-12473.466797,-12457.585938,15.880859
12939,-11514.582031,-11511.246094,3.335938
12940,-10956.732422,-10969.281250,12.548828
12941,-10541.910156,-10532.953125,8.957031
12942,-11328.604492,-11342.557617,13.953125
12943,-11505.276367,-11509.919922,4.643555
12944,-13236.280273,-13331.972656,95.692383
12945,-11509.876953,-11511.567383,1.690430
12946,-12562.464844,-12521.563477,40.901367
12947,-10526.825195,-10532.961914,6.136719
12948,-10997.426758,-10970.722656,26.704102
12949,-10996.083008,-11001.666992,5.583984
12950,-10408.869141,-10397.073242,11.795898
12951,-9511.318359,-9496.921875,14.396484
12952,-10530.895508,-10531.789062,0.893555
12953,-9544.158203,-9555.197266,11.039062
12954,-9659.582031,-9764.876953,105.294922
12955,-11029.919922,-11001.354492,28.565430
12956,-12472.953125,-12454.825195,18.127930
12957,-11918.844727,-11915.854492,2.990234
12958,-10887.210938,-10877.966797,9.244141
12959,-9545.638672,-9555.291992,9.653320
12960,-10458.016602,-10463.023438,5.006836
12961,-10461.971680,-10462.195312,0.223633
12962,-10955.984375,-10937.202148,18.782227
12963,-11394.651367,-11408.617188,13.965820
12964,-10360.700195,-10362.732422,2.032227
12965,-11555.980469,-11575.924805,19.944336
12966,-11353.240234,-11373.701172,20.460938
12967,-11534.367188,-11543.581055,9.213867
12968,-8414.028320,-8426.867188,12.838867
12969,-10918.391602,-10901.958008,16.433594
12970,-11010.312500,-11002.035156,8.277344
12971,-11017.223633,-11003.473633,13.750000
12972,-10566.306641,-10564.579102,1.727539
12973,-11227.330078,-11238.050781,10.720703
12974,-11412.419922,-11407.253906,5.166016
12975,-10976.629883,-10970.316406,6.313477
12976,-10559.199219,-10565.866211,6.666992
12977,-15472.783203,-15526.656250,53.873047
12978,-12171.811523,-12248.325195,76.513672
12979,-11408.091797,-11407.933594,0.158203
12980,-11367.485352,-11375.915039,8.429688
12981,-10903.743164,-10903.432617,0.310547
12982,-11346.516602,-11271.001953,75.514648
12983,-10907.958984,-10903.561523,4.397461
12984,-11941.318359,-11856.921875,84.396484
12985,-11509.256836,-11510.745117,1.488281
12986,-12380.957031,-12386.197266,5.240234
12987,-9546.117188,-9405.535156,140.582031
12988,-10414.166992,-10395.785156,18.381836
12989,-11226.943359,-11270.011719,43.068359
12990,-11466.150391,-11477.229492,11.079102
12991,-10990.702148,-10970.147461,20.554688
12992,-9371.919922,-9555.968750,184.048828
12993,-11390.801758,-11371.983398,18.818359
12994,-11746.383789,-11779.584961,33.201172
12995,-11994.189453,-11981.629883,12.559570
12996,-10525.788086,-10533.221680,7.433594
12997,-11914.546875,-11915.408203,0.861328
12998,-12904.744141,-12991.893555,87.149414
12999,-10955.817383,-10936.830078,18.987305
13000,-9589.730469,-9797.974609,208.244141
13001,-11890.694336,-11882.709961,7.984375
13002,-12372.578125,-12418.663086,46.084961
13003,-11498.503906,-11509.679688,11.175781
13004,-10852.574219,-10866.798828,14.224609
13005,-9412.816406,-9522.142578,109.326172
13006,-11919.886719,-11913.803711,6.083008
13007,-12472.451172,-12455.790039,16.661133
13008,-11414.713867,-11440.613281,25.899414
13009,-11973.575195,-11980.713867,7.138672
13010,-9966.412109,-9958.972656,7.439453
13011,-9440.181641,-9487.815430,47.633789
13012,-11940.830078,-11947.927734,7.097656
13013,-11490.351562,-11476.716797,13.634766
13014,-12363.172852,-12387.143555,23.970703
13015,-12346.152344,-12352.968750,6.816406
13016,-11945.844727,-11947.363281,1.518555
13017,-9973.608398,-9960.156250,13.452148
13018,-10529.832031,-10532.912109,3.080078
13019,-10560.547852,-10565.178711,4.630859
13020,-11906.565430,-11948.949219,42.383789
13021,-12280.171875,-12353.820312,73.648438
13022,-9290.907227,-9293.516602,2.609375
13023,-10893.387695,-10903.961914,10.574219
13024,-9951.937500,-9959.723633,7.786133
13025,-8428.415039,-8453.228516,24.813477
13026,-12811.417969,-12790.113281,21.304688
13027,-12565.065430,-12553.445312,11.620117
13028,-11950.400391,-12030.115234,79.714844
13029,-11427.766602,-11443.735352,15.968750
13030,-11361.385742,-11375.909180,14.523438
13031,-12449.284180,-12422.302734,26.981445
13032,-10997.409180,-11001.527344,4.118164
13033,-10626.666992,-10631.492188,4.825195
13034,-11507.319336,-11510.451172,3.131836
13035,-9506.556641,-9497.161133,9.395508
13036,-11622.466797,-11486.001953,136.464844
13037,-10516.710938,-10497.578125,19.132812
13038,-9455.316406,-9521.825195,66.508789
13039,-11531.147461,-11543.316406,12.168945
13040,-10976.840820,-10969.259766,7.581055
13041,-8301.975586,-8486.760742,184.785156
13042,-11988.230469,-11981.430664,6.799805
13043,-7747.272949,-7788.002930,40.729980
13044,-12319.102539,-12353.041992,33.939453
13045,-12970.172852,-12925.911133,44.261719
13046,-12889.857422,-12926.256836,36.399414
13047,-11507.861328,-11510.825195,2.963867
13048,-12550.863281,-12521.956055,28.907227
13049,-10748.927734,-10742.497070,6.430664
13050,-11919.693359,-11913.061523,6.631836
13051,-10567.979492,-10566.557617,1.421875
13052,-9853.418945,-9867.574219,14.155273
13053,-11648.228516,-11752.667969,104.439453
13054,-9545.420898,-9555.755859,10.334961
13055,-10521.527344,-10532.430664,10.903320
13056,-12501.895508,-12489.758789,12.136719
13057,-10912.569336,-10902.074219,10.495117
13058,-10921.565430,-10903.460938,18.104492
13059,-12941.589844,-12923.382812,18.207031
13060,-11548.054688,-11544.735352,3.319336
13061,-11449.628906,-11407.684570,41.944336
13062,-11299.646484,-11341.897461,42.250977
13063,-10505.656250,-10500.583984,5.072266
13064,-9955.594727,-9957.478516,1.883789
13065,-9910.055664,-9891.528320,18.527344
13066,-10588.238281,-10599.372070,11.133789
13067,-9608.929688,-9705.817383,96.887695
13068,-11469.644531,-11478.538086,8.893555
13069,-10593.557617,-10598.532227,4.974609
13070,-11502.818359,-11510.123047,7.304688
13071,-11159.787109,-10351.247070,808.540039
13072,-9416.648438,-9462.720703,46.072266
13073,-11922.324219,-11917.122070,5.202148
13074,-11369.357422,-11373.504883,4.147461
13075,-12488.315430,-8774.152344,3714.163086
13076,-11979.186523,-12012.493164,33.306641
13077,-12522.736328,-12489.473633,33.262695
13078,-10845.852539,-10903.744141,57.891602
13079,-10510.659180,-10500.243164,10.416016
13080,-10845.409180,-10879.722656,34.313477
13081,-12363.592773,-12384.467773,20.875000
13082,-12974.943359,-13007.571289,32.627930
13083,-11454.586914,-11476.497070,21.910156
