index,predicted,target,abs_error
0,-13392.322266,-13498.684570,106.362305
1,-12599.541016,-12553.394531,46.146484
2,-10637.082031,-10565.196289,71.885742
3,-11521.181641,-11511.768555,9.413086
4,-10971.561523,-10936.218750,35.342773
5,-10617.552734,-10564.536133,53.016602
6,-12059.644531,-11978.977539,80.666992
7,-11580.437500,-11420.879883,159.557617
8,-10534.164062,-10533.431641,0.732422
9,-9938.663086,-9933.640625,5.022461
10,-10543.573242,-10469.112305,74.460938
11,-11489.141602,-11508.370117,19.228516
12,-13564.653320,-13937.166992,372.513672
13,-9547.254883,-9554.845703,7.590820
14,-10815.271484,-10003.875977,811.395508
15,-11282.988281,-11375.015625,92.027344
16,-11040.001953,-10905.177734,134.824219
17,-11915.649414,-11913.840820,1.808594
18,-11583.741211,-11543.761719,39.979492
19,-11430.726562,-10911.668945,519.057617
20,-11780.968750,-11811.770508,30.801758
21,-11836.412109,-11844.586914,8.174805
22,-12887.903320,-12757.309570,130.593750
23,-10460.290039,-10566.061523,105.771484
24,-10328.608398,-10340.071289,11.462891
25,-9380.826172,-9554.411133,173.584961
26,-12386.753906,-12488.501953,101.748047
27,-8944.460938,-9620.880859,676.419922
28,-10098.068359,-10329.749023,231.680664
29,-10948.313477,-10969.043945,20.730469
30,-10604.910156,-10566.407227,38.502930
31,-11984.053711,-11914.469727,69.583984
32,-12333.154297,-12553.772461,220.618164
33,-10834.156250,-10834.231445,0.075195
34,-11601.498047,-11575.876953,25.621094
35,-11557.968750,-11544.002930,13.965820
36,-10576.876953,-10499.958008,76.918945
37,-14329.882812,-14089.933594,239.949219
38,-12311.127930,-12354.044922,42.916992
39,-11002.865234,-10937.226562,65.638672
40,-12328.106445,-12246.777344,81.329102
41,-11355.232422,-11303.146484,52.085938
42,-11004.842773,-11001.580078,3.262695
43,-11458.852539,-11374.910156,83.942383
44,-11589.638672,-11542.752930,46.885742
45,-10940.922852,-10967.206055,26.283203
46,-11027.670898,-10968.337891,59.333008
47,-10601.988281,-10532.243164,69.745117
48,-12825.613281,-12823.902344,1.710938
49,-8907.781250,-8865.435547,42.345703
50,-10622.013672,-10598.396484,23.617188
51,-9935.841797,-9989.923828,54.082031
52,-12328.670898,-12415.283203,86.612305
53,-10946.452148,-10971.535156,25.083008
54,-11587.590820,-11543.732422,43.858398
55,-10962.251953,-10869.083984,93.167969
56,-10003.519531,-9934.561523,68.958008
57,-12872.935547,-12861.800781,11.134766
58,-10249.260742,-10339.115234,89.854492
59,-10354.023438,-10339.620117,14.403320
60,-10512.202148,-10531.671875,19.469727
61,-11356.769531,-11337.657227,19.112305
62,-11659.103516,-11512.333984,146.769531
63,-12911.821289,-12924.502930,12.681641
64,-10602.302734,-10466.745117,135.557617
65,-12486.123047,-12490.454102,4.331055
66,-11520.145508,-11542.567383,22.421875
67,-11866.100586,-11916.375000,50.274414
68,-11407.208008,-11374.641602,32.566406
69,-11004.728516,-10937.666992,67.061523
70,-11516.096680,-11510.581055,5.515625
71,-11863.731445,-11979.778320,116.046875
72,-12781.712891,-12790.191406,8.478516
73,-9381.696289,-9464.125000,82.428711
74,-11030.991211,-10971.105469,59.885742
75,-12377.897461,-12351.949219,25.948242
76,-10847.666992,-10911.768555,64.101562
77,-12418.473633,-12455.587891,37.114258
78,-11471.308594,-11477.454102,6.145508
79,-12862.730469,-12926.005859,63.275391
80,-12310.905273,-12431.525391,120.620117
81,-12617.427734,-12373.346680,244.081055
82,-10989.067383,-11001.740234,12.672852
83,-11597.836914,-11542.741211,55.095703
84,-11568.581055,-11576.146484,7.565430
85,-10602.074219,-10499.601562,102.472656
86,-8914.041016,-8858.500977,55.540039
87,-12521.570312,-12319.694336,201.875977
88,-11328.021484,-11374.217773,46.196289
89,-10290.444336,-10330.314453,39.870117
90,-10619.839844,-10531.974609,87.865234
91,-12314.972656,-12522.051758,207.079102
92,-12351.213867,-12352.669922,1.456055
93,-14046.930664,-14202.872070,155.941406
94,-10604.779297,-10565.432617,39.346680
95,-9369.808594,-9990.643555,620.834961
96,-9774.934570,-9957.859375,182.924805
97,-10565.340820,-10566.213867,0.873047
98,-11464.638672,-11477.249023,12.610352
99,-11996.022461,-11946.578125,49.444336
100,-11887.239258,-11945.985352,58.746094
101,-12914.725586,-12789.951172,124.774414
102,-10254.400391,-10272.914062,18.513672
103,-9236.606445,-9797.851562,561.245117
104,-11994.662109,-11948.402344,46.259766
105,-7501.401367,-9393.004883,1891.603516
106,-11349.965820,-11341.975586,7.990234
107,-11900.717773,-11844.517578,56.200195
108,-6367.955078,-6413.638184,45.683105
109,-11975.836914,-11915.433594,60.403320
110,-10988.339844,-10902.692383,85.647461
111,-10666.632812,-10631.538086,35.094727
112,-11893.996094,-11914.928711,20.932617
113,-10961.414062,-10935.870117,25.543945
114,-11864.997070,-11915.978516,50.981445
115,-10972.285156,-10968.888672,3.396484
116,-11551.738281,-11542.441406,9.296875
117,-11881.901367,-11947.549805,65.648438
118,-12470.502930,-12521.248047,50.745117
119,-11485.429688,-11444.850586,40.579102
120,-10600.051758,-10533.569336,66.482422
121,-10467.076172,-10533.243164,66.166992
122,-12352.245117,-12352.593750,0.348633
123,-10956.707031,-10968.888672,12.181641
124,-10628.597656,-10464.478516,164.119141
125,-11973.227539,-11980.868164,7.640625
126,-11856.854492,-12111.850586,254.996094
127,-10538.524414,-10533.057617,5.466797
128,-11067.044922,-10870.758789,196.286133
129,-11326.407227,-11341.973633,15.566406
130,-12235.441406,-12250.300781,14.859375
131,-10872.628906,-11002.237305,129.608398
132,-11588.250977,-11479.807617,108.443359
133,-11585.521484,-11511.004883,74.516602
134,-11581.926758,-11511.188477,70.738281
135,-9248.402344,-9522.361328,273.958984
136,-11403.145508,-11476.503906,73.358398
137,-10593.427734,-10834.408203,240.980469
138,-11462.028320,-11407.258789,54.769531
139,-13070.152344,-13226.476562,156.324219
140,-11901.256836,-11946.218750,44.961914
141,-11472.373047,-11510.857422,38.484375
142,-10624.283203,-10566.059570,58.223633
143,-11914.333008,-11812.869141,101.463867
144,-12356.523438,-12386.082031,29.558594
145,-11346.968750,-11405.760742,58.791992
146,-9548.166992,-9437.475586,110.691406
147,-10951.643555,-10967.454102,15.810547
148,-11006.007812,-11001.651367,4.356445
149,-11306.592773,-11406.745117,100.152344
150,-11426.233398,-11407.640625,18.592773
151,-12336.678711,-12353.238281,16.559570
152,-10990.934570,-10969.220703,21.713867
153,-11773.594727,-11915.239258,141.644531
154,-10355.827148,-10273.270508,82.556641
155,-10966.590820,-10935.821289,30.769531
156,-12384.691406,-12353.587891,31.103516
157,-11963.999023,-11948.673828,15.325195
158,-11465.852539,-11373.148438,92.704102
159,-11885.472656,-11916.332031,30.859375
160,-11253.436523,-11283.283203,29.846680
161,-10687.938477,-10599.689453,88.249023
162,-10633.786133,-10534.330078,99.456055
163,-10575.787109,-10565.091797,10.695312
164,-11926.154297,-11914.689453,11.464844
165,-11494.616211,-11478.558594,16.057617
166,-10637.689453,-10532.727539,104.961914
167,-11497.166016,-11541.607422,44.441406
168,-11348.546875,-11408.954102,60.407227
169,-9027.041992,-8832.089844,194.952148
170,-10655.837891,-10866.784180,210.946289
171,-11702.291016,-11609.236328,93.054688
172,-11348.351562,-11342.840820,5.510742
173,-11832.178711,-11776.840820,55.337891
174,-9879.155273,-9900.498047,21.342773
175,-10581.956055,-10531.018555,50.937500
176,-10582.489258,-10501.610352,80.878906
177,-11843.979492,-11916.420898,72.441406
178,-11440.672852,-11476.269531,35.596680
179,-12461.539062,-12456.193359,5.345703
180,-10173.055664,-10499.897461,326.841797
181,-9610.199219,-9496.232422,113.966797
182,-11434.353516,-11316.409180,117.944336
183,-9038.855469,-6381.682617,2657.172852
184,-12481.531250,-12521.106445,39.575195
185,-10611.685547,-10531.911133,79.774414
186,-9930.771484,-9868.079102,62.692383
187,-12427.480469,-12351.472656,76.007812
188,-11491.969727,-11511.301758,19.332031
189,-11851.814453,-11946.583984,94.769531
190,-10445.617188,-10441.358398,4.258789
191,-11323.920898,-11308.295898,15.625000
192,-12427.054688,-12454.038086,26.983398
193,-9824.382812,-9991.027344,166.644531
194,-11775.159180,-11848.615234,73.456055
195,-10688.168945,-10800.943359,112.774414
196,-10982.752930,-10969.740234,13.012695
197,-12837.312500,-12787.853516,49.458984
198,-10595.878906,-10566.928711,28.950195
199,-10968.156250,-10937.490234,30.666016
200,-11066.529297,-10838.405273,228.124023
201,-10250.613281,-9837.361328,413.251953
202,-9029.010742,-8519.438477,509.572266
203,-11872.546875,-11914.277344,41.730469
204,-9199.608398,-9588.096680,388.488281
205,-11535.999023,-11543.677734,7.678711
206,-10711.865234,-10566.449219,145.416016
207,-11597.728516,-11543.645508,54.083008
208,-10564.167969,-10499.347656,64.820312
209,-12569.021484,-12554.077148,14.944336
210,-11449.779297,-11406.921875,42.857422
211,-11343.210938,-11478.509766,135.298828
212,-9319.355469,-9960.317383,640.961914
213,-12644.466797,-12385.833008,258.633789
214,-9887.375977,-9899.817383,12.441406
215,-9612.165039,-9463.702148,148.462891
216,-12453.477539,-12354.606445,98.871094
217,-12746.615234,-12894.528320,147.913086
218,-11044.481445,-11002.842773,41.638672
219,-10263.389648,-10441.290039,177.900391
220,-10933.985352,-10880.791992,53.193359
221,-11625.856445,-11511.022461,114.833984
222,-12882.824219,-12924.450195,41.625977
223,-10115.658203,-10426.010742,310.352539
224,-9424.774414,-9552.243164,127.468750
225,-11358.880859,-11478.140625,119.259766
226,-11874.887695,-11913.915039,39.027344
227,-10541.989258,-10498.988281,43.000977
228,-11485.958008,-11510.583008,24.625000
229,-11037.350586,-10970.231445,67.119141
230,-11045.920898,-11034.735352,11.185547
231,-10990.391602,-10937.887695,52.503906
232,-9352.841797,-9522.030273,169.188477
233,-13586.279297,-13467.668945,118.610352
234,-11950.077148,-11947.890625,2.186523
235,-9260.720703,-9521.739258,261.018555
236,-10309.150391,-10429.400391,120.250000
237,-11583.744141,-11576.194336,7.549805
238,-10777.366211,-10408.854492,368.511719
239,-11333.144531,-11373.472656,40.328125
240,-10408.697266,-10304.251953,104.445312
241,-12015.907227,-11948.479492,67.427734
242,-10647.625000,-10566.514648,81.110352
243,-9945.650391,-9866.088867,79.561523
244,-10612.704102,-10565.408203,47.295898
245,-11344.291016,-11340.927734,3.363281
246,-10620.912109,-10501.295898,119.616211
247,-9335.723633,-8485.269531,850.454102
248,-11423.541016,-11375.903320,47.637695
249,-11381.838867,-11373.913086,7.925781
250,-12349.833008,-12425.038086,75.205078
251,-11372.694336,-11477.542969,104.848633
252,-12913.860352,-12927.091797,13.231445
253,-10305.141602,-10395.939453,90.797852
254,-11610.822266,-11479.095703,131.726562
255,-8723.991211,-8924.677734,200.686523
256,-9874.461914,-9958.392578,83.930664
257,-9236.965820,-9555.601562,318.635742
258,-11884.458008,-11916.341797,31.883789
259,-10594.880859,-10531.988281,62.892578
260,-9261.367188,-8452.689453,808.677734
261,-11973.675781,-11945.949219,27.726562
262,-10997.271484,-10935.984375,61.287109
263,-13080.770508,-13330.035156,249.264648
264,-10938.031250,-10970.596680,32.565430
265,-10505.681641,-10407.875977,97.805664
266,-10560.075195,-10498.956055,61.119141
267,-11498.446289,-11477.142578,21.303711
268,-11705.152344,-11884.930664,179.778320
269,-11537.830078,-11476.231445,61.598633
270,-11333.257812,-11445.089844,111.832031
271,-10969.556641,-11001.897461,32.340820
272,-11010.636719,-10937.544922,73.091797
273,-13200.916016,-13363.359375,162.443359
274,-10536.705078,-10465.111328,71.593750
275,-8971.119141,-8551.990234,419.128906
276,-12414.270508,-12321.399414,92.871094
277,-10625.668945,-10566.445312,59.223633
278,-10930.317383,-10970.824219,40.506836
279,-11026.840820,-10945.304688,81.536133
280,-10573.051758,-10497.916016,75.135742
281,-13903.273438,-13905.029297,1.755859
282,-12864.276367,-12924.894531,60.618164
283,-12432.135742,-12521.003906,88.868164
284,-8901.056641,-8798.003906,103.052734
285,-10476.176758,-10306.114258,170.062500
286,-12279.480469,-12283.141602,3.661133
287,-8864.194336,-8259.398438,604.795898
288,-11944.331055,-11947.580078,3.249023
289,-11578.017578,-11543.821289,34.196289
290,-10124.169922,-10328.772461,204.602539
291,-11510.970703,-11675.176758,164.206055
292,-9536.950195,-9463.276367,73.673828
293,-11014.595703,-11001.612305,12.983398
294,-9311.181641,-9521.494141,210.312500
295,-11527.838867,-11511.387695,16.451172
296,-9146.665039,-9554.298828,407.633789
297,-11546.031250,-11576.951172,30.919922
298,-11946.036133,-11948.176758,2.140625
299,-12325.929688,-12385.495117,59.565430
300,-11554.164062,-11510.320312,43.843750
301,-11675.971680,-11576.220703,99.750977
302,-11453.341797,-11406.876953,46.464844
303,-10587.211914,-10565.299805,21.912109
304,-12011.505859,-11981.275391,30.230469
305,-12475.900391,-12553.662109,77.761719
306,-10984.785156,-10936.375977,48.409180
307,-10564.397461,-10498.850586,65.546875
308,-11462.033203,-11511.674805,49.641602
309,-9326.000000,-9554.922852,228.922852
310,-10348.498047,-10834.426758,485.928711
311,-12031.747070,-11948.156250,83.590820
312,-11575.598633,-11477.575195,98.023438
313,-12028.206055,-11948.941406,79.264648
314,-10544.202148,-10498.708008,45.494141
315,-12376.958984,-12386.484375,9.525391
316,-11589.152344,-11543.395508,45.756836
317,-12845.961914,-12757.315430,88.646484
318,-13075.043945,-13122.995117,47.951172
319,-10116.939453,-9901.152344,215.787109
320,-9816.301758,-9899.161133,82.859375
321,-12422.943359,-12386.866211,36.077148
322,-12000.574219,-11946.568359,54.005859
323,-11798.304688,-11779.550781,18.753906
324,-11791.037109,-11812.072266,21.035156
325,-12328.340820,-12415.602539,87.261719
326,-10681.464844,-10565.130859,116.333984
327,-12052.625977,-11980.053711,72.572266
328,-10951.945312,-10968.589844,16.644531
329,-9970.546875,-9900.097656,70.449219
330,-10364.166992,-10426.318359,62.151367
331,-10887.121094,-10936.499023,49.377930
332,-9154.393555,-8888.487305,265.906250
333,-10967.000000,-10970.094727,3.094727
334,-11851.921875,-11812.013672,39.908203
335,-11663.227539,-11576.324219,86.903320
336,-10606.899414,-10532.875000,74.024414
337,-10972.423828,-10969.038086,3.385742
338,-12812.176758,-12957.711914,145.535156
339,-9813.720703,-9836.131836,22.411133
340,-12420.365234,-12486.986328,66.621094
341,-10585.272461,-10533.437500,51.834961
342,-12400.670898,-12285.872070,114.798828
343,-9901.549805,-8891.828125,1009.721680
344,-11000.162109,-10938.022461,62.139648
345,-12015.319336,-11948.373047,66.946289
346,-11767.942383,-11843.418945,75.476562
347,-10226.631836,-10363.073242,136.441406
348,-11231.347656,-11303.894531,72.546875
349,-12491.852539,-12385.622070,106.230469
350,-10260.347656,-10337.533203,77.185547
351,-11531.082031,-11510.134766,20.947266
352,-11760.823242,-11844.141602,83.318359
353,-10781.815430,-10878.721680,96.906250
354,-11909.680664,-11884.611328,25.069336
355,-9488.735352,-9958.732422,469.997070
356,-6488.070312,-9589.267578,3101.197266
357,-12043.564453,-11980.787109,62.777344
358,-9934.993164,-9900.881836,34.111328
359,-11545.125977,-11509.678711,35.447266
360,-11072.068359,-11002.281250,69.787109
361,-9813.994141,-9958.738281,144.744141
362,-11853.837891,-11844.211914,9.625977
363,-11929.599609,-11948.875977,19.276367
364,-11987.309570,-11813.000000,174.309570
365,-10956.936523,-11003.915039,46.978516
366,-11515.075195,-11509.713867,5.361328
367,-11846.205078,-11881.531250,35.326172
368,-12440.286133,-12554.611328,114.325195
369,-9273.939453,-8551.812500,722.126953
370,-12432.669922,-12353.338867,79.331055
371,-9598.933594,-9529.467773,69.465820
372,-10448.805664,-10507.832031,59.026367
373,-9959.285156,-9899.425781,59.859375
374,-11536.328125,-11542.270508,5.942383
375,-10969.269531,-10970.139648,0.870117
376,-10969.019531,-10937.270508,31.749023
377,-11609.882812,-11575.712891,34.169922
378,-12077.685547,-12014.625977,63.059570
379,-9334.746094,-9521.320312,186.574219
380,-11355.661133,-11342.052734,13.608398
381,-11317.999023,-11341.646484,23.647461
382,-12493.827148,-12522.758789,28.931641
383,-11872.249023,-11949.000000,76.750977
384,-10219.561523,-10393.131836,173.570312
385,-14052.082031,-13905.529297,146.552734
386,-9329.345703,-9554.618164,225.272461
387,-12813.208984,-12893.791992,80.583008
388,-11955.206055,-11947.460938,7.745117
389,-11322.446289,-11439.832031,117.385742
390,-12756.006836,-12926.743164,170.736328
391,-10637.578125,-10533.506836,104.071289
392,-12192.156250,-12249.118164,56.961914
393,-10994.613281,-10905.270508,89.342773
394,-12725.813477,-12156.314453,569.499023
395,-10559.882812,-10507.024414,52.858398
396,-10946.431641,-10904.828125,41.603516
397,-9815.848633,-9958.418945,142.570312
398,-12398.955078,-12353.389648,45.565430
399,-10567.463867,-10565.212891,2.250977
400,-12808.739258,-12894.116211,85.376953
401,-10934.505859,-10968.677734,34.171875
402,-11833.391602,-11979.612305,146.220703
403,-12473.166992,-12553.404297,80.237305
404,-12017.274414,-11981.179688,36.094727
405,-9781.447266,-9925.521484,144.074219
406,-9919.529297,-9956.794922,37.265625
407,-9709.515625,-9957.438477,247.922852
408,-11018.170898,-10938.566406,79.604492
409,-11481.573242,-11511.636719,30.063477
410,-12867.475586,-12554.804688,312.670898
411,-13056.674805,-13007.827148,48.847656
412,-10939.247070,-10901.385742,37.861328
413,-10914.518555,-10969.004883,54.486328
414,-10996.999023,-10872.269531,124.729492
415,-11992.540039,-11947.281250,45.258789
416,-9793.044922,-9811.785156,18.740234
417,-10293.849609,-10865.519531,571.669922
418,-11000.683594,-10967.965820,32.717773
419,-10623.930664,-10498.638672,125.291992
420,-11388.275391,-11403.731445,15.456055
421,-10496.284180,-10233.808594,262.475586
422,-12405.710938,-12385.437500,20.273438
423,-11397.333008,-11340.177734,57.155273
424,-10604.998047,-10499.203125,105.794922
425,-12913.797852,-12927.125977,13.328125
426,-13305.682617,-13228.088867,77.593750
427,-11051.778320,-10937.374023,114.404297
428,-12488.775391,-12487.666992,1.108398
429,-11450.164062,-11406.515625,43.648438
430,-11493.369141,-11511.041016,17.671875
431,-10923.124023,-10936.421875,13.297852
432,-10977.466797,-10905.961914,71.504883
433,-10982.067383,-11002.399414,20.332031
434,-11538.628906,-11510.977539,27.651367
435,-9867.892578,-9932.246094,64.353516
436,-12033.142578,-11947.133789,86.008789
437,-11492.947266,-11543.380859,50.433594
438,-15816.356445,-15930.724609,114.368164
439,-9973.898438,-10363.933594,390.035156
440,-12863.263672,-12923.398438,60.134766
441,-11388.659180,-11371.608398,17.050781
442,-9801.423828,-9931.501953,130.078125
443,-11551.303711,-11510.325195,40.978516
444,-10432.973633,-10833.143555,400.169922
445,-13362.857422,-13332.208008,30.649414
446,-11440.756836,-11373.690430,67.066406
447,-9466.788086,-9268.807617,197.980469
448,-10512.164062,-10499.641602,12.522461
449,-9872.080078,-9960.943359,88.863281
450,-11878.555664,-11914.126953,35.571289
451,-11723.321289,-11811.609375,88.288086
452,-11606.350586,-11510.260742,96.089844
453,-11506.724609,-11512.141602,5.416992
454,-10275.921875,-10442.702148,166.780273
455,-11784.399414,-11813.614258,29.214844
456,-9367.480469,-9492.637695,125.157227
457,-10774.454102,-10970.096680,195.642578
458,-10457.235352,-10506.791992,49.556641
459,-11580.503906,-11509.474609,71.029297
460,-9559.876953,-9925.022461,365.145508
461,-11791.833984,-11777.748047,14.085938
462,-9557.697266,-9554.907227,2.790039
463,-9927.228516,-9868.125000,59.103516
464,-10629.091797,-10531.848633,97.243164
465,-11949.000000,-11945.510742,3.489258
466,-11907.497070,-11845.142578,62.354492
467,-11901.965820,-11948.614258,46.648438
468,-10172.248047,-9358.317383,813.930664
469,-11435.419922,-11311.598633,123.821289
470,-11793.314453,-11882.555664,89.241211
471,-12891.574219,-12788.775391,102.798828
472,-10957.844727,-10938.045898,19.798828
473,-11934.548828,-12012.601562,78.052734
474,-9477.578125,-9399.690430,77.887695
475,-11986.962891,-11948.084961,38.877930
476,-12825.162109,-13007.868164,182.706055
477,-11760.686523,-11718.796875,41.889648
478,-11776.313477,-11843.401367,67.087891
479,-12084.884766,-11981.406250,103.478516
480,-9322.155273,-9488.181641,166.026367
481,-10540.088867,-10466.417969,73.670898
482,-10653.353516,-10531.215820,122.137695
483,-10970.455078,-10970.628906,0.173828
484,-12488.934570,-12351.925781,137.008789
485,-11565.996094,-11543.141602,22.854492
486,-10554.742188,-10498.814453,55.927734
487,-11309.956055,-11404.826172,94.870117
488,-10040.986328,-10427.248047,386.261719
489,-11579.735352,-11510.354492,69.380859
490,-11616.259766,-11406.655273,209.604492
491,-11985.839844,-11880.005859,105.833984
492,-10992.236328,-11001.923828,9.687500
493,-12346.179688,-12450.703125,104.523438
494,-12488.252930,-12521.280273,33.027344
495,-11785.680664,-11915.139648,129.458984
496,-12170.363281,-11979.129883,191.233398
497,-10416.957031,-10533.269531,116.312500
498,-9814.444336,-9924.355469,109.911133
499,-10977.677734,-10968.504883,9.172852
500,-10520.407227,-10499.622070,20.785156
501,-8922.651367,-8801.067383,121.583984
502,-9645.583984,-8921.100586,724.483398
503,-10785.073242,-10971.175781,186.102539
504,-10197.113281,-10272.185547,75.072266
505,-11484.991211,-11476.225586,8.765625
506,-11406.695312,-11478.658203,71.962891
507,-10924.823242,-10934.016602,9.193359
508,-12909.299805,-12925.981445,16.681641
509,-10005.996094,-9932.818359,73.177734
510,-10928.211914,-10938.574219,10.362305
511,-11455.010742,-11510.656250,55.645508
512,-12973.083008,-12822.050781,151.032227
513,-10985.926758,-10937.945312,47.981445
514,-9885.247070,-9959.411133,74.164062
515,-12596.154297,-12555.344727,40.809570
516,-11450.997070,-11408.152344,42.844727
517,-9893.573242,-9932.546875,38.973633
518,-9493.103516,-9496.049805,2.946289
519,-11331.837891,-11372.738281,40.900391
520,-12579.716797,-12488.493164,91.223633
521,-12505.030273,-12456.610352,48.419922
522,-11291.326172,-11338.798828,47.472656
523,-10980.981445,-10937.444336,43.537109
524,-11959.356445,-11857.872070,101.484375
525,-11034.868164,-10905.308594,129.559570
526,-11521.878906,-11510.508789,11.370117
527,-11975.769531,-11948.898438,26.871094
528,-11315.011719,-11478.458984,163.447266
529,-10591.498047,-10533.769531,57.728516
530,-10572.467773,-10532.219727,40.248047
531,-11443.597656,-11478.696289,35.098633
532,-11380.238281,-11478.064453,97.826172
533,-9858.172852,-9430.081055,428.091797
534,-10320.840820,-10305.170898,15.669922
535,-11001.340820,-10970.476562,30.864258
536,-11336.232422,-11406.974609,70.742188
537,-11864.320312,-11811.155273,53.165039
538,-11603.339844,-11576.529297,26.810547
539,-12352.080078,-12385.457031,33.376953
540,-15520.245117,-15494.766602,25.478516
541,-11918.270508,-11890.765625,27.504883
542,-10928.359375,-10937.767578,9.408203
543,-12754.287109,-12789.845703,35.558594
544,-11850.522461,-11776.574219,73.948242
545,-11350.958984,-11373.199219,22.240234
546,-11444.328125,-11508.694336,64.366211
547,-10511.170898,-9764.291992,746.878906
548,-9701.267578,-9926.296875,225.029297
549,-11944.695312,-11947.734375,3.039062
550,-12499.032227,-12488.838867,10.193359
551,-10974.787109,-10967.678711,7.108398
552,-12895.000977,-12959.859375,64.858398
553,-11578.714844,-11544.371094,34.343750
554,-11375.795898,-11476.867188,101.071289
555,-10579.571289,-10500.836914,78.734375
556,-11044.333984,-10809.052734,235.281250
557,-10533.491211,-10499.857422,33.633789
558,-11489.442383,-11509.145508,19.703125
559,-11381.443359,-11407.963867,26.520508
560,-8444.807617,-8428.347656,16.459961
561,-11875.206055,-11946.854492,71.648438
562,-10199.971680,-10430.757812,230.786133
563,-9758.875977,-9924.402344,165.526367
564,-10856.162109,-10938.647461,82.485352
565,-11917.336914,-11810.879883,106.457031
566,-11610.857422,-11512.867188,97.990234
567,-11431.254883,-11343.040039,88.214844
568,-11804.052734,-11811.361328,7.308594
569,-11904.353516,-11810.788086,93.565430
570,-10368.487305,-10442.050781,73.563477
571,-11969.054688,-11948.041016,21.013672
572,-10377.704102,-10462.424805,84.720703
573,-11968.869141,-11947.917969,20.951172
574,-10891.814453,-10970.747070,78.932617
575,-11649.750000,-11543.453125,106.296875
576,-11551.157227,-11509.801758,41.355469
577,-10946.762695,-10970.649414,23.886719
578,-11974.203125,-11946.120117,28.083008
579,-11981.256836,-11980.123047,1.133789
580,-12912.799805,-12860.288086,52.511719
581,-11910.651367,-11947.137695,36.486328
582,-11382.610352,-11374.681641,7.928711
583,-11779.326172,-11876.485352,97.159180
584,-11962.958984,-11947.030273,15.928711
585,-9430.279297,-9497.461914,67.182617
586,-9248.201172,-9523.314453,275.113281
587,-9831.877930,-9926.965820,95.087891
588,-8492.994141,-8428.019531,64.974609
589,-11677.618164,-11577.054688,100.563477
590,-12749.078125,-12821.078125,72.000000
591,-6234.571289,-6322.972168,88.400879
592,-11544.156250,-11543.547852,0.608398
593,-11956.670898,-11948.591797,8.079102
594,-10635.405273,-10532.998047,102.407227
595,-11518.489258,-11512.228516,6.260742
596,-11864.210938,-11914.195312,49.984375
597,-12853.386719,-12756.151367,97.235352
598,-10974.042969,-10913.313477,60.729492
599,-11001.612305,-11001.587891,0.024414
600,-8391.351562,-8201.402344,189.949219
601,-10969.110352,-10969.226562,0.116211
602,-12807.848633,-12927.022461,119.173828
603,-10987.038086,-10904.622070,82.416016
604,-11659.088867,-11512.452148,146.636719
605,-11968.029297,-11915.759766,52.269531
606,-12828.794922,-12891.358398,62.563477
607,-12434.715820,-12354.109375,80.606445
608,-10599.893555,-10534.184570,65.708984
609,-11826.984375,-11777.203125,49.781250
610,-10588.434570,-10565.539062,22.895508
611,-8086.179688,-7762.208008,323.971680
612,-10153.270508,-10362.531250,209.260742
613,-12205.614258,-12320.797852,115.183594
614,-10732.334961,-10409.248047,323.086914
615,-9487.788086,-9303.206055,184.582031
616,-10928.160156,-10904.315430,23.844727
617,-9462.948242,-9461.547852,1.400391
618,-10672.600586,-10833.701172,161.100586
619,-11941.602539,-11947.344727,5.742188
620,-11939.630859,-11948.057617,8.426758
621,-11322.261719,-11373.691406,51.429688
622,-12169.420898,-11947.801758,221.619141
623,-12794.548828,-12788.855469,5.693359
624,-9502.100586,-9463.814453,38.286133
625,-12473.297852,-12488.934570,15.636719
626,-11340.854492,-11375.660156,34.805664
627,-10984.704102,-10938.835938,45.868164
628,-10771.194336,-10833.012695,61.818359
629,-9089.983398,-9990.623047,900.639648
630,-12457.257812,-12456.758789,0.499023
631,-12149.083984,-11948.753906,200.330078
632,-11168.777344,-11373.351562,204.574219
633,-12075.961914,-11980.041016,95.920898
634,-11050.014648,-10970.344727,79.669922
635,-11602.876953,-11542.831055,60.045898
636,-10521.405273,-10530.978516,9.573242
637,-11482.699219,-11510.436523,27.737305
638,-12683.250000,-12893.290039,210.040039
639,-12867.003906,-12791.440430,75.563477
640,-10580.400391,-10500.633789,79.766602
641,-2450.579102,-8584.876953,6134.297852
642,-10335.086914,-10361.540039,26.453125
643,-8296.348633,-7566.379395,729.969238
644,-10955.283203,-10935.073242,20.209961
645,-11477.207031,-11444.916016,32.291016
646,-11033.110352,-11003.083984,30.026367
647,-11349.181641,-11407.017578,57.835938
648,-11489.788086,-11510.929688,21.141602
649,-10016.761719,-9902.072266,114.689453
650,-11734.166016,-11809.925781,75.759766
651,-11374.500977,-11373.197266,1.303711
652,-10707.709961,-10879.431641,171.721680
653,-12093.110352,-11945.975586,147.134766
654,-11634.239258,-11444.761719,189.477539
655,-9765.961914,-9933.475586,167.513672
656,-10956.381836,-10775.513672,180.868164
657,-11873.421875,-11946.858398,73.436523
658,-11188.347656,-11407.414062,219.066406
659,-7732.702637,-7763.420410,30.717773
660,-11001.825195,-11001.852539,0.027344
661,-12565.526367,-12520.776367,44.750000
662,-10451.594727,-9766.366211,685.228516
663,-11124.302734,-10971.281250,153.021484
664,-10949.243164,-10967.459961,18.216797
665,-12449.353516,-12383.799805,65.553711
666,-10474.282227,-10469.331055,4.951172
667,-11347.199219,-11373.417969,26.218750
668,-9646.687500,-9992.689453,346.001953
669,-11112.593750,-11206.767578,94.173828
670,-11498.903320,-11479.462891,19.440430
671,-11442.394531,-11509.121094,66.726562
672,-12002.512695,-12011.967773,9.455078
673,-11672.010742,-11543.954102,128.056641
674,-9617.943359,-9990.678711,372.735352
675,-12171.869141,-12249.831055,77.961914
676,-10584.332031,-10566.033203,18.298828
677,-8988.316406,-9521.677734,533.361328
678,-11972.086914,-11915.233398,56.853516
679,-11803.361328,-11844.472656,41.111328
680,-11402.381836,-11375.391602,26.990234
681,-10582.555664,-10464.765625,117.790039
682,-11278.698242,-11342.777344,64.079102
683,-11949.769531,-11948.484375,1.285156
684,-11664.720703,-11577.000977,87.719727
685,-12788.662109,-12791.077148,2.415039
686,-13300.104492,-13191.540039,108.564453
687,-11503.332031,-11543.026367,39.694336
688,-11430.889648,-11511.630859,80.741211
689,-9693.123047,-9895.438477,202.315430
690,-12464.017578,-12489.057617,25.040039
691,-11005.302734,-10935.954102,69.348633
692,-11441.085938,-11510.681641,69.595703
693,-12045.602539,-11913.883789,131.718750
694,-11000.094727,-10938.697266,61.397461
695,-10938.165039,-10935.579102,2.585938
696,-10191.603516,-9965.822266,225.781250
697,-12867.247070,-12892.448242,25.201172
698,-9786.632812,-9899.731445,113.098633
699,-11457.732422,-11509.839844,52.107422
700,-9682.097656,-9496.002930,186.094727
701,-12485.223633,-12521.144531,35.920898
702,-8669.580078,-7659.539062,1010.041016
703,-12423.104492,-12489.550781,66.446289
704,-11882.145508,-11947.740234,65.594727
705,-11007.912109,-10935.983398,71.928711
706,-11573.300781,-11511.839844,61.460938
707,-10484.250977,-10337.875977,146.375000
708,-12486.347656,-12554.242188,67.894531
709,-9793.577148,-9496.262695,297.314453
710,-11577.171875,-11575.633789,1.538086
711,-7434.793945,-7359.023926,75.770020
712,-10580.055664,-10565.446289,14.609375
713,-11328.418945,-11374.459961,46.041016
714,-11551.997070,-11543.630859,8.366211
715,-9313.820312,-9522.009766,208.189453
716,-10576.068359,-10566.085938,9.982422
717,-9810.742188,-9901.942383,91.200195
718,-10801.091797,-10776.077148,25.014648
719,-12481.315430,-12489.591797,8.276367
720,-11354.305664,-11375.084961,20.779297
721,-11394.624023,-11374.804688,19.819336
722,-10946.952148,-10968.534180,21.582031
723,-11423.307617,-11509.550781,86.243164
724,-12370.599609,-12488.830078,118.230469
725,-11443.404297,-11477.717773,34.313477
726,-11343.496094,-11406.316406,62.820312
727,-11615.486328,-11452.275391,163.210938
728,-11412.009766,-11375.099609,36.910156
729,-10744.405273,-11237.453125,493.047852
730,-8456.262695,-8427.591797,28.670898
731,-11514.346680,-11509.553711,4.792969
732,-10971.041992,-10968.601562,2.440430
733,-11777.770508,-11745.933594,31.836914
734,-11028.803711,-11237.213867,208.410156
735,-10590.053711,-10532.944336,57.109375
736,-10903.615234,-10904.065430,0.450195
737,-8616.849609,-8460.489258,156.360352
738,-12786.508789,-12788.594727,2.085938
739,-9749.399414,-9437.826172,311.573242
740,-10561.051758,-10499.370117,61.681641
741,-8519.474609,-8426.961914,92.512695
742,-9658.482422,-10394.412109,735.929688
743,-12458.370117,-12487.714844,29.344727
744,-11519.901367,-11478.546875,41.354492
745,-10554.960938,-10499.777344,55.183594
746,-11581.002930,-11542.505859,38.497070
747,-12437.964844,-12455.501953,17.537109
748,-9732.657227,-9923.334961,190.677734
749,-11408.070312,-11542.721680,134.651367
750,-11542.531250,-11543.069336,0.538086
751,-12867.428711,-12925.539062,58.110352
752,-12022.088867,-11947.725586,74.363281
753,-10116.536133,-9326.698242,789.837891
754,-11264.022461,-11374.048828,110.026367
755,-12202.685547,-12286.147461,83.461914
756,-11882.659180,-11948.628906,65.969727
757,-11350.888672,-11374.810547,23.921875
758,-10630.601562,-10866.760742,236.159180
759,-12877.936523,-12959.628906,81.692383
760,-11760.527344,-11812.757812,52.230469
761,-12786.283203,-12926.000977,139.717773
762,-12468.110352,-12520.592773,52.482422
763,-8451.294922,-8395.823242,55.471680
764,-10593.769531,-10500.444336,93.325195
765,-11910.279297,-11949.562500,39.283203
766,-12384.955078,-12385.957031,1.001953
767,-11348.296875,-11508.356445,160.059570
768,-11428.910156,-11543.790039,114.879883
769,-11363.351562,-11375.314453,11.962891
770,-11066.896484,-10936.697266,130.199219
771,-10602.583984,-10531.617188,70.966797
772,-11366.967773,-11406.755859,39.788086
773,-10920.289062,-10904.060547,16.228516
774,-11504.490234,-11477.654297,26.835938
775,-10916.491211,-10969.492188,53.000977
776,-11011.705078,-10971.346680,40.358398
777,-11426.003906,-11443.836914,17.833008
778,-10990.289062,-10970.310547,19.978516
779,-11943.842773,-11948.971680,5.128906
780,-12450.330078,-12455.283203,4.953125
781,-10587.626953,-10598.513672,10.886719
782,-11135.677734,-11238.940430,103.262695
783,-10326.387695,-10393.088867,66.701172
784,-11475.640625,-11510.226562,34.585938
785,-10634.348633,-10506.788086,127.560547
786,-10754.964844,-10835.456055,80.491211
787,-12253.660156,-12247.723633,5.936523
788,-11032.884766,-11002.406250,30.478516
789,-12921.107422,-12958.740234,37.632812
790,-12012.171875,-12012.397461,0.225586
791,-9431.154297,-8922.295898,508.858398
792,-11313.723633,-11406.916992,93.193359
793,-11013.907227,-10968.123047,45.784180
794,-11624.961914,-11542.796875,82.165039
795,-12717.374023,-12790.190430,72.816406
796,-10722.044922,-10442.561523,279.483398
797,-10715.846680,-10899.000977,183.154297
798,-10603.483398,-10566.115234,37.368164
799,-11412.114258,-11510.844727,98.730469
800,-9951.618164,-9990.708008,39.089844
801,-11683.490234,-11810.813477,127.323242
802,-11446.067383,-11445.234375,0.833008
803,-12224.589844,-12248.637695,24.047852
804,-11479.911133,-11478.172852,1.738281
805,-11549.116211,-11512.101562,37.014648
806,-11439.721680,-11478.649414,38.927734
807,-11961.364258,-11850.301758,111.062500
808,-10241.478516,-9293.840820,947.637695
809,-11556.822266,-11479.714844,77.107422
810,-12023.902344,-11947.349609,76.552734
811,-11017.626953,-11002.591797,15.035156
812,-9372.161133,-8923.171875,448.989258
813,-11890.549805,-11948.464844,57.915039
814,-11416.594727,-11406.594727,10.000000
815,-9344.638672,-9923.778320,579.139648
816,-11552.748047,-11674.757812,122.009766
817,-12412.563477,-12488.177734,75.614258
818,-9814.315430,-9328.300781,486.014648
819,-11033.866211,-10879.417969,154.448242
820,-12275.023438,-12353.770508,78.747070
821,-11956.671875,-11914.766602,41.905273
822,-10929.526367,-10936.007812,6.481445
823,-11376.792969,-11476.059570,99.266602
824,-10999.278320,-10969.574219,29.704102
825,-11318.922852,-11407.247070,88.324219
826,-10935.965820,-10905.046875,30.918945
827,-10568.809570,-10499.732422,69.077148
828,-10594.004883,-10501.414062,92.590820
829,-12856.753906,-12893.440430,36.686523
830,-11564.335938,-11510.540039,53.795898
831,-10647.882812,-10598.208984,49.673828
832,-10945.375000,-10969.364258,23.989258
833,-12318.742188,-12319.499023,0.756836
834,-12556.665039,-12521.818359,34.846680
835,-10972.012695,-10969.457031,2.555664
836,-11354.583984,-11375.876953,21.292969
837,-11613.355469,-11419.094727,194.260742
838,-13299.903320,-13330.207031,30.303711
839,-11430.622070,-11543.585938,112.963867
840,-12346.827148,-12319.790039,27.037109
841,-11444.664062,-11479.066406,34.402344
842,-11350.017578,-11342.979492,7.038086
843,-12310.888672,-12385.100586,74.211914
844,-11020.799805,-10938.275391,82.524414
845,-13535.597656,-13433.984375,101.613281
846,-12491.981445,-12521.851562,29.870117
847,-11969.633789,-11948.672852,20.960938
848,-11326.817383,-11341.141602,14.324219
849,-9789.767578,-9990.006836,200.239258
850,-10949.683594,-10968.252930,18.569336
851,-10907.136719,-10901.868164,5.268555
852,-9514.151367,-9496.960938,17.190430
853,-9921.341797,-9901.004883,20.336914
854,-10223.422852,-10467.169922,243.747070
855,-11019.484375,-11001.806641,17.677734
856,-9391.540039,-9554.539062,162.999023
857,-11877.090820,-11916.139648,39.048828
858,-9302.067383,-9487.931641,185.864258
859,-12016.332031,-11914.826172,101.505859
860,-10928.651367,-11004.592773,75.941406
861,-10452.615234,-10473.759766,21.144531
862,-11891.475586,-11916.872070,25.396484
863,-11478.280273,-11478.882812,0.602539
864,-10194.806641,-10800.390625,605.583984
865,-12502.120117,-12570.751953,68.631836
866,-9832.875977,-9927.512695,94.636719
867,-8576.009766,-8427.803711,148.206055
868,-9448.675781,-9554.485352,105.809570
869,-10984.129883,-10905.211914,78.917969
870,-8361.814453,-10460.486328,2098.671875
871,-10206.149414,-10393.259766,187.110352
872,-10881.331055,-11002.287109,120.956055
873,-10940.207031,-10968.481445,28.274414
874,-13022.901367,-12895.031250,127.870117
875,-10687.274414,-10865.787109,178.512695
876,-9474.326172,-10394.170898,919.844727
877,-12554.912109,-12519.885742,35.026367
878,-11558.629883,-11509.809570,48.820312
879,-12398.666016,-12487.885742,89.219727
880,-12452.166016,-12486.697266,34.531250
881,-11498.886719,-11406.698242,92.188477
882,-10614.597656,-10499.581055,115.016602
883,-12384.283203,-12488.382812,104.099609
884,-10969.821289,-10912.168945,57.652344
885,-14723.232422,-14639.417969,83.814453
886,-10604.826172,-10532.649414,72.176758
887,-11601.792969,-11543.854492,57.938477
888,-9285.855469,-8485.719727,800.135742
889,-13381.287109,-13466.482422,85.195312
890,-11896.177734,-11914.438477,18.260742
891,-12358.903320,-12352.465820,6.437500
892,-10996.942383,-11270.760742,273.818359
893,-12561.621094,-12520.631836,40.989258
894,-11635.336914,-11575.686523,59.650391
895,-11930.799805,-11949.021484,18.221680
896,-11381.978516,-11477.104492,95.125977
897,-11670.434570,-11544.599609,125.834961
898,-11494.834961,-11511.122070,16.287109
899,-11019.112305,-10967.181641,51.930664
900,-9359.282227,-9489.197266,129.915039
901,-11591.057617,-11543.368164,47.689453
902,-11973.974609,-11915.245117,58.729492
903,-10554.638672,-10565.163086,10.524414
904,-13365.513672,-13532.427734,166.914062
905,-10684.161133,-10473.702148,210.458984
906,-11928.087891,-11948.214844,20.126953
907,-13478.684570,-13434.662109,44.022461
908,-10897.937500,-10970.508789,72.571289
909,-11554.076172,-11510.930664,43.145508
910,-10843.416016,-10776.912109,66.503906
911,-10257.266602,-10833.277344,576.010742
912,-10596.039062,-10532.825195,63.213867
913,-10544.094727,-10531.958984,12.135742
914,-9392.125000,-9463.504883,71.379883
915,-12605.945312,-12554.196289,51.749023
916,-9194.853516,-9555.725586,360.872070
917,-12130.501953,-12281.531250,151.029297
918,-12464.892578,-12553.749023,88.856445
919,-12457.549805,-12385.958984,71.590820
920,-11547.165039,-11511.024414,36.140625
921,-10595.760742,-10531.785156,63.975586
922,-4769.734863,-5625.188477,855.453613
923,-12939.331055,-12959.790039,20.458984
924,-12393.589844,-12353.993164,39.596680
925,-10943.136719,-10878.649414,64.487305
926,-12980.110352,-12958.865234,21.245117
927,-10013.935547,-9934.833008,79.102539
928,-9862.757812,-9957.752930,94.995117
929,-10641.701172,-10801.984375,160.283203
930,-10373.588867,-10273.036133,100.552734
931,-11774.762695,-11609.059570,165.703125
932,-12579.277344,-12418.951172,160.326172
933,-10897.208008,-10878.794922,18.413086
934,-9465.714844,-9991.553711,525.838867
935,-11752.033203,-11484.373047,267.660156
936,-10942.979492,-10970.838867,27.859375
937,-10957.849609,-10970.716797,12.867188
938,-9715.266602,-9898.178711,182.912109
939,-10946.866211,-10708.287109,238.579102
940,-11382.790039,-11375.152344,7.637695
941,-11381.003906,-11439.706055,58.702148
942,-11463.020508,-11374.865234,88.155273
943,-7848.138672,-7797.215332,50.923340
944,-10406.721680,-10274.349609,132.372070
945,-9871.632812,-8923.276367,948.356445
946,-9944.395508,-9932.602539,11.792969
947,-11943.038086,-11947.883789,4.845703
948,-11571.764648,-11512.097656,59.666992
949,-9295.144531,-9521.061523,225.916992
950,-12347.313477,-12456.982422,109.668945
951,-8777.335938,-10057.116211,1279.780273
952,-9419.499023,-7821.249512,1598.249512
953,-11400.966797,-11576.693359,175.726562
954,-10934.620117,-10935.502930,0.882812
955,-11051.584961,-10968.144531,83.440430
956,-11873.188477,-11878.021484,4.833008
957,-12894.508789,-12430.715820,463.792969
958,-10179.614258,-10362.776367,183.162109
959,-12825.666016,-12925.898438,100.232422
960,-11527.250000,-11510.368164,16.881836
961,-11551.247070,-11510.187500,41.059570
962,-11815.593750,-11882.367188,66.773438
963,-10588.558594,-10473.750000,114.808594
964,-11438.416016,-11477.193359,38.777344
965,-11979.833984,-11915.829102,64.004883
966,-11342.326172,-11273.552734,68.773438
967,-11226.992188,-10878.626953,348.365234
968,-11849.963867,-11980.282227,130.318359
969,-10917.228516,-10902.917969,14.310547
970,-13386.194336,-13332.231445,53.962891
971,-11472.253906,-11510.595703,38.341797
972,-11923.926758,-11914.643555,9.283203
973,-11470.414062,-11475.031250,4.617188
974,-10802.397461,-10565.390625,237.006836
975,-10558.747070,-10499.083008,59.664062
976,-11089.884766,-10879.182617,210.702148
977,-11461.659180,-11476.222656,14.563477
978,-11668.324219,-11576.684570,91.639648
979,-10576.759766,-10507.574219,69.185547
980,-11443.069336,-11510.715820,67.646484
981,-9490.110352,-9495.964844,5.854492
982,-10648.263672,-10534.163086,114.100586
983,-11430.760742,-11406.791992,23.968750
984,-11593.313477,-11576.463867,16.849609
985,-10537.080078,-10566.259766,29.179688
986,-11964.935547,-11946.659180,18.276367
987,-12593.694336,-11888.626953,705.067383
988,-13477.528320,-13466.880859,10.647461
989,-11883.162109,-11917.136719,33.974609
990,-9641.236328,-9893.699219,252.462891
991,-10244.041016,-10339.565430,95.524414
992,-9376.691406,-9554.468750,177.777344
993,-11481.521484,-11480.242188,1.279297
994,-11012.739258,-10905.130859,107.608398
995,-11554.252930,-11543.897461,10.355469
996,-12426.134766,-12487.000000,60.865234
997,-12487.469727,-12385.979492,101.490234
998,-12753.878906,-12788.378906,34.500000
999,-12378.967773,-12384.940430,5.972656
1000,-11838.187500,-11844.150391,5.962891
1001,-8784.467773,-8858.437500,73.969727
1002,-12530.859375,-12520.044922,10.814453
1003,-10890.515625,-10900.929688,10.414062
1004,-10473.189453,-10466.165039,7.024414
1005,-10604.127930,-10565.199219,38.928711
1006,-10264.030273,-10304.708008,40.677734
1007,-12416.218750,-12553.816406,137.597656
1008,-11607.574219,-11419.511719,188.062500
1009,-9682.421875,-9495.952148,186.469727
1010,-12879.548828,-12925.525391,45.976562
1011,-12467.640625,-12487.685547,20.044922
1012,-12055.653320,-11979.692383,75.960938
1013,-11489.625977,-11511.083984,21.458008
1014,-12323.404297,-12248.100586,75.303711
1015,-11401.391602,-11342.028320,59.363281
1016,-10518.147461,-10500.740234,17.407227
1017,-10926.788086,-10970.645508,43.857422
1018,-12060.895508,-11980.231445,80.664062
1019,-9905.757812,-9990.875977,85.118164
1020,-12804.132812,-12684.015625,120.117188
1021,-11130.393555,-10813.398438,316.995117
1022,-10621.746094,-10464.406250,157.339844
1023,-10972.971680,-10938.031250,34.940430
1024,-9272.771484,-8518.734375,754.037109
1025,-11020.833984,-10876.716797,144.117188
1026,-11521.210938,-11309.980469,211.230469
1027,-11496.784180,-11478.100586,18.683594
1028,-11968.842773,-11912.783203,56.059570
1029,-7285.082031,-7327.246094,42.164062
1030,-11543.604492,-11452.673828,90.930664
1031,-10600.559570,-10565.172852,35.386719
1032,-11682.701172,-11543.976562,138.724609
1033,-10642.399414,-10565.728516,76.670898
1034,-10589.161133,-10531.968750,57.192383
1035,-10995.549805,-10969.742188,25.807617
1036,-10919.606445,-10934.254883,14.648438
1037,-12044.916992,-11947.841797,97.075195
1038,-10872.375977,-10776.870117,95.505859
1039,-10993.387695,-11003.905273,10.517578
1040,-11360.610352,-11406.532227,45.921875
1041,-9569.203125,-9429.763672,139.439453
1042,-10511.630859,-10533.303711,21.672852
1043,-11406.796875,-11444.806641,38.009766
1044,-9592.274414,-9438.547852,153.726562
1045,-11038.457031,-11001.902344,36.554688
1046,-11698.439453,-11575.861328,122.578125
1047,-11992.645508,-11949.765625,42.879883
1048,-12140.891602,-11980.078125,160.813477
1049,-10606.791016,-10534.811523,71.979492
1050,-10962.256836,-10936.720703,25.536133
1051,-10532.414062,-10598.125000,65.710938
1052,-12482.748047,-12489.411133,6.663086
1053,-11406.383789,-11374.704102,31.679688
1054,-11542.978516,-11544.192383,1.213867
1055,-9879.145508,-9900.200195,21.054688
1056,-10967.432617,-10969.748047,2.315430
1057,-10668.927734,-10506.695312,162.232422
1058,-11332.419922,-11374.154297,41.734375
1059,-10560.858398,-10500.214844,60.643555
1060,-10998.321289,-10970.453125,27.868164
1061,-11946.482422,-11948.300781,1.818359
1062,-12388.250977,-12386.025391,2.225586
1063,-10645.364258,-10565.537109,79.827148
1064,-12250.866211,-12486.829102,235.962891
1065,-10503.429688,-10532.080078,28.650391
1066,-10851.964844,-10902.797852,50.833008
1067,-10516.910156,-10599.135742,82.225586
1068,-11397.778320,-11350.366211,47.412109
1069,-9692.997070,-10024.008789,331.011719
1070,-11760.033203,-12012.351562,252.318359
1071,-10416.214844,-10304.391602,111.823242
1072,-10596.321289,-10531.999023,64.322266
1073,-10926.476562,-11001.717773,75.241211
1074,-10544.646484,-10498.911133,45.735352
1075,-9634.278320,-9437.604492,196.673828
1076,-10991.859375,-10967.900391,23.958984
1077,-10449.398438,-10498.837891,49.439453
1078,-10590.892578,-10598.337891,7.445312
1079,-10600.935547,-10506.844727,94.090820
1080,-10882.555664,-10838.430664,44.125000
1081,-10523.397461,-10474.775391,48.622070
1082,-12281.572266,-12352.950195,71.377930
1083,-10887.337891,-10968.405273,81.067383
1084,-10527.147461,-10465.557617,61.589844
1085,-12344.929688,-12522.734375,177.804688
1086,-12533.310547,-12684.752930,151.442383
1087,-11036.620117,-10938.209961,98.410156
1088,-12072.364258,-11948.711914,123.652344
1089,-11999.281250,-11981.625000,17.656250
1090,-12322.850586,-12385.316406,62.465820
1091,-10936.927734,-10970.727539,33.799805
1092,-12852.074219,-12957.028320,104.954102
1093,-12056.824219,-11948.339844,108.484375
1094,-12007.275391,-11945.037109,62.238281
1095,-10522.904297,-10499.542969,23.361328
1096,-10632.472656,-10800.805664,168.333008
1097,-10981.599609,-10709.035156,272.564453
1098,-9277.827148,-9554.630859,276.803711
1099,-10956.494141,-10936.163086,20.331055
1100,-9757.487305,-9926.386719,168.899414
1101,-12003.122070,-11981.394531,21.727539
1102,-10941.479492,-10969.627930,28.148438
1103,-11361.414062,-11406.868164,45.454102
1104,-12377.353516,-12455.267578,77.914062
1105,-10335.411133,-10365.076172,29.665039
1106,-12075.010742,-11949.375000,125.635742
1107,-10391.887695,-10866.596680,474.708984
1108,-9943.993164,-9934.596680,9.396484
1109,-10975.006836,-10937.259766,37.747070
1110,-8727.759766,-6727.351562,2000.408203
1111,-11029.053711,-11237.989258,208.935547
1112,-15113.515625,-14919.209961,194.305664
1113,-12874.048828,-12903.519531,29.470703
1114,-12477.141602,-12351.045898,126.095703
1115,-10585.509766,-10565.440430,20.069336
1116,-10630.121094,-10598.481445,31.639648
1117,-11311.612305,-11407.716797,96.104492
1118,-12926.735352,-12958.298828,31.563477
1119,-11955.563477,-11947.834961,7.728516
1120,-11936.908203,-11948.810547,11.902344
1121,-10534.777344,-10499.400391,35.376953
1122,-11725.709961,-11576.943359,148.766602
1123,-11481.053711,-11512.166016,31.112305
1124,-9207.268555,-9925.658203,718.389648
1125,-12084.742188,-12014.711914,70.030273
1126,-10712.761719,-10565.229492,147.532227
1127,-9966.412109,-9867.598633,98.813477
1128,-12331.750977,-12385.965820,54.214844
1129,-9755.574219,-9897.159180,141.584961
1130,-11718.726562,-11778.361328,59.634766
1131,-12418.458008,-12454.824219,36.366211
1132,-10681.989258,-10565.463867,116.525391
1133,-10553.400391,-10499.757812,53.642578
1134,-11396.156250,-11407.510742,11.354492
1135,-11464.495117,-11510.783203,46.288086
1136,-12374.481445,-12454.505859,80.024414
1137,-12077.432617,-11948.751953,128.680664
1138,-10497.213867,-10566.549805,69.335938
1139,-10977.507812,-10937.856445,39.651367
1140,-11450.859375,-11510.128906,59.269531
1141,-11579.889648,-11512.063477,67.826172
1142,-12681.572266,-12521.587891,159.984375
1143,-12508.340820,-12555.059570,46.718750
1144,-13492.656250,-13466.393555,26.262695
1145,-12341.308594,-12455.580078,114.271484
1146,-10882.644531,-10911.362305,28.717773
1147,-10073.815430,-10332.670898,258.855469
1148,-12512.131836,-12489.342773,22.789062
1149,-9305.923828,-9487.315430,181.391602
1150,-9809.475586,-9866.296875,56.821289
1151,-12459.513672,-12321.337891,138.175781
1152,-10406.634766,-10473.354492,66.719727
1153,-11029.115234,-10937.140625,91.974609
1154,-11278.641602,-11316.609375,37.967773
1155,-12433.380859,-12488.859375,55.478516
1156,-10609.699219,-10441.500000,168.199219
1157,-10365.899414,-10273.735352,92.164062
1158,-10323.276367,-10767.538086,444.261719
1159,-11426.649414,-11406.740234,19.909180
1160,-10087.855469,-10329.443359,241.587891
1161,-10605.977539,-10832.113281,226.135742
1162,-12376.683594,-12385.166992,8.483398
1163,-12445.128906,-12386.157227,58.971680
1164,-10823.843750,-10968.550781,144.707031
1165,-12802.362305,-12924.890625,122.528320
1166,-12133.831055,-11980.487305,153.343750
1167,-11486.353516,-11476.132812,10.220703
1168,-11635.385742,-11542.683594,92.702148
1169,-11878.590820,-11915.533203,36.942383
1170,-11530.924805,-11510.405273,20.519531
1171,-9518.524414,-9495.692383,22.832031
1172,-10365.789062,-10372.552734,6.763672
1173,-10535.013672,-10466.823242,68.190430
1174,-13095.221680,-12398.154297,697.067383
1175,-10577.641602,-10566.000977,11.640625
1176,-12428.249023,-12466.822266,38.573242
1177,-9805.559570,-9926.540039,120.980469
1178,-9923.525391,-9835.652344,87.873047
1179,-12006.113281,-11948.779297,57.333984
1180,-11405.696289,-11396.724609,8.971680
1181,-10548.689453,-10598.464844,49.775391
1182,-12260.615234,-12519.974609,259.359375
1183,-11804.113281,-11914.706055,110.592773
1184,-11865.366211,-11812.266602,53.099609
1185,-12231.928711,-12320.102539,88.173828
1186,-9620.962891,-9730.769531,109.806641
1187,-9340.345703,-9521.591797,181.246094
1188,-9915.734375,-9933.324219,17.589844
1189,-11507.929688,-11510.080078,2.150391
1190,-12433.539062,-12353.735352,79.803711
1191,-10921.936523,-10969.101562,47.165039
1192,-12555.007812,-12521.225586,33.782227
1193,-11676.610352,-11542.470703,134.139648
1194,-10287.367188,-10364.191406,76.824219
1195,-12800.198242,-12927.330078,127.131836
1196,-11515.462891,-11509.393555,6.069336
1197,-11574.332031,-11543.424805,30.907227
1198,-11696.127930,-11477.587891,218.540039
1199,-8535.466797,-8393.809570,141.657227
1200,-11599.200195,-11477.842773,121.357422
1201,-11677.631836,-11544.425781,133.206055
1202,-11506.055664,-11510.697266,4.641602
1203,-10511.484375,-11207.387695,695.903320
1204,-10556.722656,-10533.753906,22.968750
1205,-10473.102539,-10466.549805,6.552734
1206,-9281.333984,-7852.896973,1428.437012
1207,-11933.503906,-11948.056641,14.552734
1208,-12027.928711,-11949.261719,78.666992
1209,-11315.869141,-11372.469727,56.600586
1210,-7909.393555,-5344.570312,2564.823242
1211,-11832.265625,-11980.823242,148.557617
1212,-10841.928711,-10847.933594,6.004883
1213,-9776.226562,-9898.262695,122.036133
1214,-9156.256836,-8889.248047,267.008789
1215,-10504.788086,-10466.780273,38.007812
1216,-10959.064453,-10935.120117,23.944336
1217,-10023.169922,-10428.085938,404.916016
1218,-8879.313477,-8831.656250,47.657227
1219,-9797.206055,-6726.451172,3070.754883
1220,-11460.893555,-11447.074219,13.819336
1221,-10624.833984,-10531.965820,92.868164
1222,-10597.607422,-10565.430664,32.176758
1223,-12435.408203,-12386.713867,48.694336
1224,-10451.128906,-9901.275391,549.853516
1225,-10937.355469,-10935.768555,1.586914
1226,-10922.793945,-10741.524414,181.269531
1227,-10961.838867,-10935.458984,26.379883
1228,-11528.287109,-11511.762695,16.524414
1229,-12448.868164,-12385.390625,63.477539
1230,-10619.158203,-10565.230469,53.927734
1231,-11329.120117,-11406.791992,77.671875
1232,-10558.534180,-10500.916016,57.618164
1233,-11077.365234,-10877.211914,200.153320
1234,-11354.119141,-11374.244141,20.125000
1235,-9705.274414,-9924.857422,219.583008
1236,-10552.431641,-10531.327148,21.104492
1237,-9980.899414,-9359.615234,621.284180
1238,-10617.856445,-10878.594727,260.738281
1239,-12358.393555,-12457.330078,98.936523
1240,-11550.752930,-11408.005859,142.747070
1241,-11579.650391,-11542.417969,37.232422
1242,-11981.253906,-11981.923828,0.669922
1243,-10610.236328,-10565.279297,44.957031
1244,-9585.065430,-9462.933594,122.131836
1245,-10591.770508,-10533.437500,58.333008
1246,-12496.626953,-12422.224609,74.402344
1247,-9222.941406,-9587.701172,364.759766
1248,-10421.411133,-10364.854492,56.556641
1249,-11015.462891,-10812.885742,202.577148
1250,-11501.572266,-11508.979492,7.407227
1251,-11428.339844,-11407.928711,20.411133
1252,-9273.892578,-9455.811523,181.918945
1253,-11368.590820,-11441.174805,72.583984
1254,-11009.866211,-10970.427734,39.438477
1255,-9387.689453,-9555.716797,168.027344
1256,-11784.646484,-11778.096680,6.549805
1257,-12017.046875,-11720.666992,296.379883
1258,-10933.415039,-10969.868164,36.453125
1259,-10902.880859,-10902.804688,0.076172
1260,-11047.776367,-10971.393555,76.382812
1261,-12466.742188,-12519.797852,53.055664
1262,-10415.475586,-10598.324219,182.848633
1263,-10519.554688,-10499.410156,20.144531
1264,-10902.415039,-10904.821289,2.406250
1265,-10511.631836,-10499.446289,12.185547
1266,-11717.031250,-11812.548828,95.517578
1267,-11487.809570,-11510.492188,22.682617
1268,-10625.833984,-10565.908203,59.925781
1269,-12061.505859,-11947.373047,114.132812
1270,-11917.891602,-11914.567383,3.324219
1271,-11373.871094,-11406.447266,32.576172
1272,-11818.291992,-11881.056641,62.764648
1273,-9934.513672,-9933.648438,0.865234
1274,-10226.673828,-10395.823242,169.149414
1275,-11485.190430,-11372.560547,112.629883
1276,-10689.987305,-10813.390625,123.403320
1277,-11467.383789,-11512.062500,44.678711
1278,-9534.436523,-9923.937500,389.500977
1279,-12418.625000,-12488.159180,69.534180
1280,-10061.416992,-9868.195312,193.221680
1281,-11571.140625,-11543.654297,27.486328
1282,-12381.022461,-12354.133789,26.888672
1283,-10627.778320,-10534.054688,93.723633
1284,-10944.583984,-11001.340820,56.756836
1285,-11411.862305,-11475.841797,63.979492
1286,-8322.212891,-7852.793945,469.418945
1287,-12398.253906,-12352.816406,45.437500
1288,-12009.796875,-11981.238281,28.558594
1289,-12954.625000,-12894.035156,60.589844
1290,-11340.366211,-11342.751953,2.385742
1291,-12438.666992,-12520.904297,82.237305
1292,-11938.738281,-11949.053711,10.315430
1293,-11887.277344,-11948.372070,61.094727
1294,-11295.368164,-11286.252930,9.115234
1295,-10564.113281,-10598.346680,34.233398
1296,-11555.754883,-11542.799805,12.955078
1297,-10659.839844,-10598.458008,61.381836
1298,-11628.288086,-11542.832031,85.456055
1299,-10766.436523,-10800.737305,34.300781
1300,-10368.899414,-10440.633789,71.734375
1301,-9608.516602,-9495.903320,112.613281
1302,-10849.032227,-10880.966797,31.934570
1303,-12827.152344,-12895.554688,68.402344
1304,-10696.561523,-10742.898438,46.336914
1305,-10505.685547,-10532.896484,27.210938
1306,-11380.578125,-11510.125977,129.547852
1307,-11957.000000,-11948.268555,8.731445
1308,-10828.134766,-10802.830078,25.304688
1309,-12048.058594,-11948.833984,99.224609
1310,-11930.252930,-11947.883789,17.630859
1311,-11063.677734,-10936.420898,127.256836
1312,-12232.523438,-12456.825195,224.301758
1313,-11011.122070,-10871.527344,139.594727
1314,-9514.744141,-9956.468750,441.724609
1315,-9242.129883,-9554.735352,312.605469
1316,-11044.291992,-10971.773438,72.518555
1317,-10986.694336,-11004.395508,17.701172
1318,-10375.595703,-10533.636719,158.041016
1319,-9394.618164,-8920.917969,473.700195
1320,-12480.222656,-12384.543945,95.678711
1321,-10586.555664,-10533.454102,53.101562
1322,-10346.083008,-10364.125000,18.041992
1323,-11920.503906,-11948.362305,27.858398
1324,-12296.410156,-12249.946289,46.463867
1325,-9548.586914,-9991.675781,443.088867
1326,-12418.445312,-12418.292969,0.152344
1327,-12006.011719,-11980.365234,25.646484
1328,-9331.541992,-9587.654297,256.112305
1329,-10947.161133,-10935.037109,12.124023
1330,-10541.072266,-10498.831055,42.241211
1331,-13201.295898,-13226.498047,25.202148
1332,-11023.302734,-10970.437500,52.865234
1333,-11566.724609,-11543.432617,23.291992
1334,-12189.328125,-12248.320312,58.992188
1335,-11328.708984,-10879.450195,449.258789
1336,-9556.735352,-9497.043945,59.691406
1337,-10575.794922,-10463.684570,112.110352
1338,-10931.105469,-10970.183594,39.078125
1339,-10546.467773,-10533.340820,13.126953
1340,-11502.875977,-11509.542969,6.666992
1341,-9333.285156,-9588.474609,255.189453
1342,-11108.920898,-10937.899414,171.021484
1343,-9665.165039,-8921.810547,743.354492
1344,-11957.567383,-11915.517578,42.049805
1345,-11544.962891,-11544.581055,0.381836
1346,-10435.839844,-10599.228516,163.388672
1347,-8333.747070,-8393.664062,59.916992
1348,-10589.197266,-10801.544922,212.347656
1349,-10352.596680,-10364.875977,12.279297
1350,-11505.435547,-11544.177734,38.742188
1351,-10944.287109,-10971.767578,27.480469
1352,-10981.837891,-10970.036133,11.801758
1353,-10880.585938,-10936.451172,55.865234
1354,-13663.857422,-13765.717773,101.860352
1355,-11350.659180,-11373.816406,23.157227
1356,-12150.007812,-11938.018555,211.989258
1357,-10507.920898,-10566.417969,58.497070
1358,-12546.580078,-11858.447266,688.132812
1359,-9497.333984,-9404.955078,92.378906
1360,-9943.036133,-9933.895508,9.140625
1361,-10472.494141,-10473.482422,0.988281
1362,-9943.778320,-9956.544922,12.766602
1363,-11847.457031,-11949.342773,101.885742
1364,-12004.857422,-11945.065430,59.791992
1365,-10663.356445,-10832.353516,168.997070
1366,-10568.445312,-10532.056641,36.388672
1367,-10903.594727,-11001.333984,97.739258
1368,-11887.429688,-11881.459961,5.969727
1369,-10572.275391,-10466.218750,106.056641
1370,-11815.541992,-11947.362305,131.820312
1371,-10599.948242,-10532.735352,67.212891
1372,-11536.152344,-11510.933594,25.218750
1373,-9798.616211,-9925.761719,127.145508
1374,-9808.390625,-9926.309570,117.918945
1375,-10988.953125,-10969.663086,19.290039
1376,-11769.977539,-11484.170898,285.806641
1377,-10947.791992,-10936.777344,11.014648
1378,-10538.833984,-10533.673828,5.160156
1379,-9709.599609,-9900.920898,191.321289
1380,-10482.006836,-10465.955078,16.051758
1381,-11519.124023,-11408.774414,110.349609
1382,-10451.540039,-10169.004883,282.535156
1383,-10899.462891,-10935.325195,35.862305
1384,-11346.486328,-11406.617188,60.130859
1385,-11559.074219,-11510.561523,48.512695
1386,-10584.857422,-10565.200195,19.657227
1387,-9701.629883,-9927.344727,225.714844
1388,-10559.858398,-10533.470703,26.387695
1389,-11334.121094,-11307.571289,26.549805
1390,-10667.792969,-10599.685547,68.107422
1391,-12476.020508,-12385.205078,90.815430
1392,-10863.606445,-10938.560547,74.954102
1393,-9355.222656,-9587.779297,232.556641
1394,-10269.426758,-10363.583984,94.157227
1395,-11883.546875,-11945.530273,61.983398
1396,-10327.017578,-10473.096680,146.079102
1397,-11512.093750,-11510.944336,1.149414
1398,-10655.708008,-10565.116211,90.591797
1399,-9312.390625,-9957.794922,645.404297
1400,-13336.384766,-12398.551758,937.833008
1401,-12358.413086,-12353.259766,5.153320
1402,-9863.127930,-9902.083984,38.956055
1403,-9481.452148,-9860.064453,378.612305
1404,-11498.175781,-11509.784180,11.608398
1405,-10888.070312,-10934.512695,46.442383
1406,-10022.321289,-9901.308594,121.012695
1407,-11354.893555,-11408.101562,53.208008
1408,-11753.656250,-11707.648438,46.007812
1409,-12427.278320,-12386.525391,40.752930
1410,-12449.098633,-12350.460938,98.637695
1411,-10743.617188,-10371.005859,372.611328
1412,-11498.031250,-11510.773438,12.742188
1413,-12051.239258,-11981.256836,69.982422
1414,-10488.835938,-10507.144531,18.308594
1415,-9686.259766,-9463.096680,223.163086
1416,-10585.132812,-10500.047852,85.084961
1417,-12625.736328,-12554.968750,70.767578
1418,-12529.396484,-12522.146484,7.250000
1419,-11285.735352,-11341.806641,56.071289
1420,-12889.102539,-12823.771484,65.331055
1421,-9463.746094,-9488.458984,24.712891
1422,-12056.489258,-12013.708008,42.781250
1423,-11999.393555,-11948.269531,51.124023
1424,-10582.376953,-10565.199219,17.177734
1425,-8533.512695,-7852.171387,681.341309
1426,-9643.414062,-9925.391602,281.977539
1427,-11735.830078,-11778.695312,42.865234
1428,-8868.604492,-8829.703125,38.901367
1429,-11032.245117,-10939.842773,92.402344
1430,-11807.126953,-11915.454102,108.327148
1431,-10552.079102,-10532.299805,19.779297
1432,-10551.621094,-10499.354492,52.266602
1433,-11792.384766,-11948.616211,156.231445
1434,-10557.474609,-10498.053711,59.420898
1435,-10999.371094,-10880.187500,119.183594
1436,-11885.342773,-11978.534180,93.191406
1437,-10552.548828,-10533.542969,19.005859
1438,-12281.121094,-12279.995117,1.125977
1439,-8308.794922,-6413.632812,1895.162109
1440,-11415.422852,-11406.518555,8.904297
1441,-10633.074219,-10598.744141,34.330078
1442,-11985.919922,-11980.764648,5.155273
1443,-12203.604492,-12012.534180,191.070312
1444,-11994.181641,-11947.629883,46.551758
1445,-9322.188477,-8484.656250,837.532227
1446,-13414.483398,-13329.452148,85.031250
1447,-12501.725586,-12522.014648,20.289062
1448,-10001.988281,-9868.929688,133.058594
1449,-12450.544922,-12353.723633,96.821289
1450,-10267.785156,-10304.250000,36.464844
1451,-11046.308594,-10935.577148,110.731445
1452,-17698.460938,-13388.602539,4309.858398
1453,-9134.095703,-9522.898438,388.802734
1454,-11928.842773,-11914.611328,14.231445
1455,-10987.343750,-10970.647461,16.696289
1456,-9906.679688,-9956.678711,49.999023
1457,-9662.478516,-9958.639648,296.161133
1458,-9830.553711,-9991.982422,161.428711
1459,-11045.542969,-11002.098633,43.444336
1460,-9091.926758,-8420.912109,671.014648
1461,-10583.742188,-10533.326172,50.416016
1462,-11614.933594,-11576.029297,38.904297
1463,-11849.908203,-11945.011719,95.103516
1464,-11932.556641,-11981.355469,48.798828
1465,-11571.039062,-11544.340820,26.698242
1466,-11305.620117,-11445.992188,140.372070
1467,-10971.142578,-10969.668945,1.473633
1468,-11432.140625,-11407.168945,24.971680
1469,-10594.086914,-10968.617188,374.530273
1470,-9323.460938,-8484.567383,838.893555
1471,-9845.723633,-10363.583008,517.859375
1472,-10535.913086,-10465.939453,69.973633
1473,-11591.093750,-11543.415039,47.678711
1474,-11908.230469,-11849.284180,58.946289
1475,-11024.930664,-10937.126953,87.803711
1476,-10423.470703,-10473.837891,50.367188
1477,-11046.927734,-11003.812500,43.115234
1478,-10423.997070,-10429.126953,5.129883
1479,-10923.352539,-10969.079102,45.726562
1480,-8677.797852,-8427.346680,250.451172
1481,-12391.284180,-12386.582031,4.702148
1482,-11376.390625,-11373.750977,2.639648
1483,-11369.457031,-11374.502930,5.045898
1484,-11497.847656,-11510.951172,13.103516
1485,-10608.609375,-10598.598633,10.010742
1486,-10369.588867,-10272.150391,97.438477
1487,-10931.383789,-10935.325195,3.941406
1488,-11350.125977,-11408.273438,58.147461
1489,-10501.767578,-10499.415039,2.352539
1490,-11903.907227,-11811.720703,92.186523
1491,-11349.355469,-11341.395508,7.959961
1492,-11589.272461,-11510.079102,79.193359
1493,-11977.453125,-11947.782227,29.670898
1494,-11389.823242,-11373.383789,16.439453
1495,-11358.859375,-11373.973633,15.114258
1496,-10260.706055,-10361.674805,100.968750
1497,-11412.898438,-11342.835938,70.062500
1498,-11287.780273,-11406.321289,118.541016
1499,-11866.363281,-11914.994141,48.630859
1500,-10970.479492,-10938.059570,32.419922
1501,-9812.093750,-9926.280273,114.186523
1502,-11638.328125,-11542.698242,95.629883
1503,-11971.637695,-11949.059570,22.578125
1504,-11459.759766,-11542.594727,82.834961
1505,-10166.091797,-10333.328125,167.236328
1506,-11411.447266,-11340.508789,70.938477
1507,-11972.462891,-11947.980469,24.482422
1508,-9557.695312,-9463.096680,94.598633
1509,-10620.952148,-10565.765625,55.186523
1510,-9344.746094,-8856.162109,488.583984
1511,-12555.161133,-12554.110352,1.050781
1512,-11537.968750,-11511.454102,26.514648
1513,-11419.126953,-11374.045898,45.081055
1514,-10455.359375,-10305.645508,149.713867
1515,-9194.048828,-9456.421875,262.373047
1516,-11361.898438,-11373.682617,11.784180
1517,-11518.414062,-11511.870117,6.543945
1518,-9656.529297,-9496.896484,159.632812
1519,-11488.634766,-11543.416016,54.781250
1520,-11814.515625,-11844.701172,30.185547
1521,-9833.114258,-9867.168945,34.054688
1522,-10589.501953,-10507.854492,81.647461
1523,-10242.943359,-10429.204102,186.260742
1524,-11871.384766,-11949.194336,77.809570
1525,-12443.240234,-12457.381836,14.141602
1526,-12028.034180,-11880.913086,147.121094
1527,-10809.492188,-10866.757812,57.265625
1528,-11876.666016,-11948.753906,72.087891
1529,-11906.144531,-11948.306641,42.162109
1530,-12116.432617,-12013.377930,103.054688
1531,-10957.715820,-11001.695312,43.979492
1532,-12269.849609,-12248.969727,20.879883
1533,-11901.094727,-11947.884766,46.790039
1534,-13453.842773,-13498.459961,44.617188
1535,-10164.439453,-10397.312500,232.873047
1536,-12320.343750,-12382.351562,62.007812
1537,-11008.981445,-10906.353516,102.627930
1538,-13587.803711,-13661.620117,73.816406
1539,-10911.537109,-10932.347656,20.810547
1540,-8986.264648,-9926.730469,940.465820
1541,-12513.504883,-12554.166016,40.661133
1542,-10011.171875,-9935.528320,75.643555
1543,-9939.737305,-9900.902344,38.834961
1544,-10878.320312,-10880.246094,1.925781
1545,-10584.840820,-10968.242188,383.401367
1546,-11973.646484,-11915.370117,58.276367
1547,-10519.078125,-10533.692383,14.614258
1548,-9485.405273,-9405.990234,79.415039
1549,-11015.042969,-10936.051758,78.991211
1550,-10566.775391,-10532.605469,34.169922
1551,-10366.572266,-10274.039062,92.533203
1552,-14797.291016,-14526.299805,270.991211
1553,-10326.828125,-10429.004883,102.176758
1554,-11824.927734,-11844.616211,19.688477
1555,-9845.505859,-9496.375000,349.130859
1556,-12864.027344,-12959.142578,95.115234
1557,-10621.444336,-10534.034180,87.410156
1558,-11853.281250,-11882.502930,29.221680
1559,-10581.658203,-10498.767578,82.890625
1560,-11660.741211,-11576.569336,84.171875
1561,-10896.181641,-10742.688477,153.493164
1562,-9745.028320,-8920.833984,824.194336
1563,-11411.967773,-11476.151367,64.183594
1564,-12202.102539,-12249.258789,47.156250
1565,-11055.768555,-11036.105469,19.663086
1566,-10986.395508,-10936.915039,49.480469
1567,-9770.640625,-9360.098633,410.541992
1568,-10886.658203,-10968.558594,81.900391
1569,-10495.090820,-10338.438477,156.652344
1570,-11965.081055,-11948.763672,16.317383
1571,-9712.514648,-9899.198242,186.683594
1572,-11404.952148,-11341.297852,63.654297
1573,-11522.666016,-11512.459961,10.206055
1574,-12361.761719,-12384.571289,22.809570
1575,-12391.631836,-12455.076172,63.444336
1576,-9963.625000,-9327.651367,635.973633
1577,-11005.624023,-10968.956055,36.667969
1578,-12371.539062,-12320.492188,51.046875
1579,-9886.653320,-9923.798828,37.145508
1580,-12509.242188,-12553.817383,44.575195
1581,-10588.144531,-10532.871094,55.273438
1582,-11498.333008,-11510.393555,12.060547
1583,-11887.813477,-11779.915039,107.898438
1584,-10572.216797,-10506.370117,65.846680
1585,-12366.263672,-12385.087891,18.824219
1586,-11647.495117,-11512.346680,135.148438
1587,-10934.124023,-10968.676758,34.552734
1588,-11433.463867,-11477.845703,44.381836
1589,-11932.745117,-11947.750977,15.005859
1590,-11864.180664,-11914.231445,50.050781
1591,-9772.552734,-10394.372070,621.819336
1592,-9044.292969,-9589.240234,544.947266
1593,-10914.564453,-10903.823242,10.741211
1594,-10547.892578,-10534.111328,13.781250
1595,-11927.934570,-11944.236328,16.301758
1596,-11013.529297,-10968.260742,45.268555
1597,-11902.391602,-11914.666992,12.275391
1598,-10925.963867,-10878.633789,47.330078
1599,-9920.644531,-9733.481445,187.163086
1600,-11562.367188,-11444.499023,117.868164
1601,-10983.632812,-10937.025391,46.607422
1602,-9039.322266,-8832.022461,207.299805
1603,-10912.000000,-11002.217773,90.217773
1604,-11493.076172,-11509.791992,16.715820
1605,-11482.825195,-11512.094727,29.269531
1606,-10983.945312,-11002.656250,18.710938
1607,-11477.464844,-11408.285156,69.179688
1608,-11376.633789,-11376.306641,0.327148
1609,-9026.833008,-7482.745117,1544.087891
1610,-13545.451172,-13548.634766,3.183594
1611,-10914.038086,-10905.362305,8.675781
1612,-10999.622070,-10968.243164,31.378906
1613,-9351.198242,-9405.533203,54.334961
1614,-12361.757812,-12488.378906,126.621094
1615,-11544.248047,-11543.841797,0.406250
1616,-10471.193359,-10498.398438,27.205078
1617,-10951.187500,-10902.934570,48.252930
1618,-11575.334961,-11543.838867,31.496094
1619,-10573.644531,-10532.902344,40.742188
1620,-10538.747070,-10500.840820,37.906250
1621,-13125.424805,-12959.056641,166.368164
1622,-10918.066406,-10904.701172,13.365234
1623,-11490.172852,-11510.787109,20.614258
1624,-10997.180664,-10970.500977,26.679688
1625,-9431.298828,-9488.211914,56.913086
1626,-10995.631836,-10936.142578,59.489258
1627,-11753.067383,-11779.490234,26.422852
1628,-12075.605469,-11981.920898,93.684570
1629,-12915.777344,-12958.606445,42.829102
1630,-11002.883789,-10969.221680,33.662109
1631,-4937.336914,-6380.364746,1443.027832
1632,-10488.899414,-10599.567383,110.667969
1633,-11515.752930,-11477.505859,38.247070
1634,-10547.039062,-10497.908203,49.130859
1635,-9201.182617,-9959.131836,757.949219
1636,-10571.963867,-10566.805664,5.158203
1637,-9636.401367,-8889.327148,747.074219
1638,-11467.276367,-11509.714844,42.438477
1639,-11816.658203,-11778.708008,37.950195
1640,-12460.699219,-12489.055664,28.356445
1641,-12473.920898,-12489.061523,15.140625
1642,-10030.707031,-10393.744141,363.037109
1643,-11564.306641,-11544.098633,20.208008
1644,-11945.937500,-11948.247070,2.309570
1645,-10963.291992,-10968.061523,4.769531
1646,-11468.997070,-11544.542969,75.545898
1647,-12418.006836,-12488.580078,70.573242
1648,-9505.064453,-9497.099609,7.964844
1649,-12536.147461,-12521.291992,14.855469
1650,-11529.548828,-11542.416992,12.868164
1651,-12474.190430,-12353.753906,120.436523
1652,-12036.863281,-11945.493164,91.370117
1653,-12382.775391,-12319.508789,63.266602
1654,-12015.104492,-11982.193359,32.911133
1655,-10980.954102,-11002.677734,21.723633
1656,-11402.366211,-11407.482422,5.116211
1657,-14675.945312,-14526.499023,149.446289
1658,-12454.967773,-12486.695312,31.727539
1659,-8520.565430,-9620.860352,1100.294922
1660,-10448.753906,-10374.816406,73.937500
1661,-10324.367188,-10531.924805,207.557617
1662,-12405.545898,-12456.248047,50.702148
1663,-11431.130859,-11376.470703,54.660156
1664,-12508.815430,-12570.816406,62.000977
1665,-10312.388672,-10274.197266,38.191406
1666,-11583.729492,-11510.112305,73.617188
1667,-10990.105469,-10937.892578,52.212891
1668,-11238.708984,-11270.301758,31.592773
1669,-9510.972656,-9429.209961,81.762695
1670,-11416.601562,-11544.026367,127.424805
1671,-9687.005859,-9835.265625,148.259766
1672,-12465.433594,-12520.023438,54.589844
1673,-12549.979492,-12351.671875,198.307617
1674,-8995.898438,-9588.993164,593.094727
1675,-10976.904297,-10203.339844,773.564453
1676,-10097.978516,-9867.422852,230.555664
1677,-10901.408203,-10937.065430,35.657227
1678,-11460.421875,-11477.908203,17.486328
1679,-9637.917969,-10024.117188,386.199219
1680,-12019.941406,-11981.008789,38.932617
1681,-11239.823242,-11371.675781,131.852539
1682,-9168.928711,-9522.078125,353.149414
1683,-13224.577148,-13443.424805,218.847656
1684,-10352.388672,-10306.760742,45.627930
1685,-12483.418945,-12488.853516,5.434570
1686,-11840.955078,-11812.304688,28.650391
1687,-11654.413086,-11543.669922,110.743164
1688,-11031.976562,-10938.771484,93.205078
1689,-12027.444336,-11915.500977,111.943359
1690,-12378.077148,-12352.694336,25.382812
1691,-11513.810547,-11509.302734,4.507812
1692,-11962.932617,-11916.727539,46.205078
1693,-10544.374023,-10499.545898,44.828125
1694,-11045.119141,-10937.077148,108.041992
1695,-10567.833984,-10533.267578,34.566406
1696,-9769.997070,-9925.796875,155.799805
1697,-9401.682617,-8456.002930,945.679688
1698,-12191.598633,-11453.630859,737.967773
1699,-10518.666992,-10531.977539,13.310547
1700,-10970.488281,-11001.382812,30.894531
1701,-9285.968750,-9555.825195,269.856445
1702,-12926.986328,-12958.645508,31.659180
1703,-10585.189453,-10832.356445,247.166992
1704,-7450.194336,-7359.244629,90.949707
1705,-11542.704102,-11509.602539,33.101562
1706,-10576.363281,-10433.851562,142.511719
1707,-11690.347656,-11609.114258,81.233398
1708,-10281.405273,-10362.804688,81.399414
1709,-12016.591797,-11981.347656,35.244141
1710,-10932.522461,-10937.094727,4.572266
1711,-11312.066406,-11372.765625,60.699219
1712,-9880.456055,-9933.394531,52.938477
1713,-11468.365234,-11510.245117,41.879883
1714,-9395.800781,-9497.318359,101.517578
1715,-11000.250977,-10880.870117,119.380859
1716,-11382.770508,-11443.633789,60.863281
1717,-12051.372070,-12012.285156,39.086914
1718,-10246.862305,-10361.011719,114.149414
1719,-11509.358398,-11375.639648,133.718750
1720,-11388.025391,-11408.651367,20.625977
1721,-11496.352539,-11510.746094,14.393555
1722,-10484.558594,-10467.108398,17.450195
1723,-9960.742188,-9933.941406,26.800781
1724,-9933.159180,-9927.597656,5.561523
1725,-9778.141602,-9927.708984,149.567383
1726,-11585.318359,-11542.680664,42.637695
1727,-9013.634766,-10023.865234,1010.230469
1728,-11378.976562,-11374.150391,4.826172
1729,-10352.329102,-10406.722656,54.393555
1730,-11522.975586,-11511.241211,11.734375
1731,-12103.456055,-11946.929688,156.526367
1732,-11942.608398,-11916.051758,26.556641
1733,-11350.541016,-11373.997070,23.456055
1734,-9969.079102,-9869.940430,99.138672
1735,-11685.651367,-11517.341797,168.309570
1736,-9434.675781,-9489.121094,54.445312
1737,-11313.749023,-11342.336914,28.587891
1738,-11024.955078,-9875.010742,1149.944336
1739,-11974.713867,-11979.735352,5.021484
1740,-10162.621094,-10298.118164,135.497070
1741,-11330.032227,-11408.309570,78.277344
1742,-10785.618164,-10910.891602,125.273438
1743,-9906.577148,-9960.041016,53.463867
1744,-10892.927734,-10904.032227,11.104492
1745,-9861.032227,-9927.549805,66.517578
1746,-11897.705078,-11844.695312,53.009766
1747,-10364.697266,-10473.370117,108.672852
1748,-11939.425781,-11979.102539,39.676758
1749,-11967.824219,-11979.863281,12.039062
1750,-11526.390625,-11543.614258,17.223633
1751,-9926.481445,-9934.951172,8.469727
1752,-12411.722656,-12486.831055,75.108398
1753,-12464.709961,-12454.726562,9.983398
1754,-11565.909180,-11412.337891,153.571289
1755,-12241.206055,-11753.652344,487.553711
1756,-12439.486328,-12489.425781,49.939453
1757,-11594.752930,-11511.607422,83.145508
1758,-10558.340820,-10532.729492,25.611328
1759,-11900.332031,-11845.120117,55.211914
1760,-11437.220703,-11510.790039,73.569336
1761,-12413.644531,-12487.355469,73.710938
1762,-8936.702148,-8832.221680,104.480469
1763,-11614.875000,-11576.748047,38.126953
1764,-11432.502930,-11408.028320,24.474609
1765,-12007.021484,-11981.783203,25.238281
1766,-9995.321289,-10865.321289,870.000000
1767,-9564.376953,-9925.732422,361.355469
1768,-11839.759766,-11916.445312,76.685547
1769,-11359.089844,-11406.713867,47.624023
1770,-11530.176758,-11543.510742,13.333984
1771,-12492.422852,-12586.905273,94.482422
1772,-11459.638672,-11510.445312,50.806641
1773,-12856.569336,-12789.417969,67.151367
1774,-10351.367188,-10539.900391,188.533203
1775,-11800.007812,-11812.979492,12.971680
1776,-10856.171875,-10904.919922,48.748047
1777,-8793.748047,-8987.992188,194.244141
1778,-11493.366211,-11510.389648,17.023438
1779,-9258.871094,-8453.079102,805.791992
1780,-10951.696289,-10971.490234,19.793945
1781,-8629.251953,-9132.916016,503.664062
1782,-12438.671875,-12489.370117,50.698242
1783,-11987.395508,-11979.302734,8.092773
1784,-11609.650391,-11512.281250,97.369141
1785,-10569.635742,-10473.720703,95.915039
1786,-12000.732422,-11914.151367,86.581055
1787,-10704.523438,-9797.816406,906.707031
1788,-10304.280273,-10338.941406,34.661133
1789,-10574.303711,-10531.807617,42.496094
1790,-12605.278320,-12553.324219,51.954102
1791,-11674.764648,-11609.103516,65.661133
1792,-10618.225586,-10502.727539,115.498047
1793,-11951.706055,-11949.638672,2.067383
1794,-10970.568359,-10878.575195,91.993164
1795,-11536.956055,-11510.092773,26.863281
1796,-11012.856445,-10937.924805,74.931641
1797,-11387.836914,-11374.479492,13.357422
1798,-10615.313477,-10532.866211,82.447266
1799,-10922.900391,-10743.595703,179.304688
1800,-9926.584961,-9959.519531,32.934570
1801,-12305.706055,-12353.073242,47.367188
1802,-11473.634766,-11511.891602,38.256836
1803,-12019.525391,-11946.751953,72.773438
1804,-10910.116211,-10936.713867,26.597656
1805,-10712.459961,-10565.798828,146.661133
1806,-10681.909180,-10534.071289,147.837891
1807,-9820.270508,-9991.861328,171.590820
1808,-12496.330078,-12520.586914,24.256836
1809,-12003.770508,-11914.778320,88.992188
1810,-11934.203125,-11916.570312,17.632812
1811,-10890.019531,-10935.221680,45.202148
1812,-11371.625977,-11408.362305,36.736328
1813,-11377.904297,-11407.477539,29.573242
1814,-10646.648438,-10802.526367,155.877930
1815,-11332.490234,-11375.431641,42.941406
1816,-10860.873047,-10969.246094,108.373047
1817,-9599.004883,-9960.275391,361.270508
1818,-10559.166992,-9796.390625,762.776367
1819,-10627.791016,-10474.215820,153.575195
1820,-13880.879883,-13938.203125,57.323242
1821,-11348.867188,-11342.159180,6.708008
1822,-10507.628906,-10499.899414,7.729492
1823,-10434.670898,-10473.901367,39.230469
1824,-9693.088867,-9992.465820,299.376953
1825,-10936.365234,-10971.243164,34.877930
1826,-12609.832031,-12685.056641,75.224609
1827,-11457.649414,-11477.524414,19.875000
1828,-9634.583984,-9923.547852,288.963867
1829,-11297.501953,-11340.625000,43.123047
1830,-10366.199219,-10392.967773,26.768555
1831,-12484.650391,-12488.631836,3.981445
1832,-12346.351562,-12317.808594,28.542969
1833,-12569.590820,-12554.233398,15.357422
1834,-11462.899414,-11509.792969,46.893555
1835,-12404.627930,-12489.416016,84.788086
1836,-10585.342773,-10532.061523,53.281250
1837,-10567.244141,-10532.766602,34.477539
1838,-12519.845703,-12520.804688,0.958984
1839,-12288.908203,-12352.801758,63.893555
1840,-9442.890625,-9521.220703,78.330078
1841,-11527.743164,-11510.965820,16.777344
1842,-9447.354492,-9464.121094,16.766602
1843,-11415.567383,-11340.782227,74.785156
1844,-11902.572266,-11980.031250,77.458984
1845,-12042.238281,-11946.559570,95.678711
1846,-11995.836914,-11946.144531,49.692383
1847,-12476.559570,-12522.021484,45.461914
1848,-10692.419922,-10867.413086,174.993164
1849,-10379.917969,-10430.042969,50.125000
1850,-10320.980469,-10441.862305,120.881836
1851,-10645.973633,-10533.070312,112.903320
1852,-10971.582031,-10938.606445,32.975586
1853,-11932.557617,-11947.135742,14.578125
1854,-11843.440430,-11914.508789,71.068359
1855,-11478.602539,-11510.572266,31.969727
1856,-9410.611328,-9891.656250,481.044922
1857,-11364.790039,-11376.009766,11.219727
1858,-12368.658203,-12456.500977,87.842773
1859,-11297.248047,-11376.056641,78.808594
1860,-10928.385742,-10904.203125,24.182617
1861,-10961.721680,-10902.047852,59.673828
1862,-11452.510742,-11478.828125,26.317383
1863,-12245.779297,-12248.431641,2.652344
1864,-11391.416016,-11341.948242,49.467773
1865,-10151.155273,-10428.098633,276.943359
1866,-11880.368164,-11917.063477,36.695312
1867,-12239.001953,-11947.113281,291.888672
1868,-11448.107422,-11510.988281,62.880859
1869,-11922.318359,-11949.538086,27.219727
1870,-12874.941406,-12927.376953,52.435547
1871,-10580.259766,-10531.970703,48.289062
1872,-11501.530273,-11509.576172,8.045898
1873,-11799.572266,-11912.768555,113.196289
1874,-9320.515625,-9958.926758,638.411133
1875,-9908.684570,-9707.074219,201.610352
1876,-9125.340820,-9488.369141,363.028320
1877,-11985.362305,-11948.118164,37.244141
1878,-12188.490234,-12134.333984,54.156250
1879,-10984.733398,-10970.189453,14.543945
1880,-14901.248047,-14887.848633,13.399414
1881,-12337.283203,-12319.609375,17.673828
1882,-11532.420898,-11510.417969,22.002930
1883,-11341.933594,-11341.392578,0.541016
1884,-11579.905273,-11543.794922,36.110352
1885,-12373.450195,-12384.366211,10.916016
1886,-11960.614258,-11947.685547,12.928711
1887,-12380.778320,-12354.191406,26.586914
1888,-12246.478516,-8335.795898,3910.682617
1889,-11336.426758,-11374.282227,37.855469
1890,-10317.100586,-10397.226562,80.125977
1891,-11782.208984,-11948.736328,166.527344
1892,-13957.875000,-12344.596680,1613.278320
1893,-11340.839844,-11484.723633,143.883789
1894,-10610.478516,-10533.332031,77.146484
1895,-10990.899414,-10971.041016,19.858398
1896,-11583.427734,-11408.464844,174.962891
1897,-10936.492188,-10869.821289,66.670898
1898,-9284.487305,-9588.406250,303.918945
1899,-11575.179688,-11543.315430,31.864258
1900,-12001.448242,-11948.852539,52.595703
1901,-11526.351562,-11544.116211,17.764648
1902,-12409.458984,-12488.462891,79.003906
1903,-11460.796875,-11510.974609,50.177734
1904,-9896.755859,-9797.746094,99.009766
1905,-9466.647461,-9529.222656,62.575195
1906,-11596.045898,-11543.385742,52.660156
1907,-12399.767578,-12352.947266,46.820312
1908,-13163.898438,-13224.622070,60.723633
1909,-12427.138672,-12384.336914,42.801758
1910,-9983.735352,-9902.394531,81.340820
1911,-12130.627930,-12015.138672,115.489258
1912,-10544.654297,-10533.744141,10.910156
1913,-10598.777344,-10474.518555,124.258789
1914,-8581.749023,-8393.703125,188.045898
1915,-12963.565430,-13005.789062,42.223633
1916,-11044.109375,-10938.752930,105.356445
1917,-10950.966797,-10968.325195,17.358398
1918,-13212.234375,-13331.618164,119.383789
1919,-9220.091797,-9488.846680,268.754883
1920,-11008.352539,-10937.549805,70.802734
1921,-11224.346680,-10944.792969,279.553711
1922,-12484.016602,-12522.615234,38.598633
1923,-8889.912109,-9521.442383,631.530273
1924,-12841.838867,-12927.455078,85.616211
1925,-10609.381836,-10566.351562,43.030273
1926,-10582.461914,-10499.916016,82.545898
1927,-11979.104492,-11948.029297,31.075195
1928,-12844.136719,-12927.908203,83.771484
1929,-9106.244141,-8486.669922,619.574219
1930,-11509.231445,-11510.619141,1.387695
1931,-10239.672852,-10394.354492,154.681641
1932,-11622.591797,-11543.130859,79.460938
1933,-11384.351562,-11310.137695,74.213867
1934,-11445.931641,-11510.070312,64.138672
1935,-10622.908203,-10768.902344,145.994141
1936,-11062.737305,-10903.927734,158.809570
1937,-9849.940430,-9957.427734,107.487305
1938,-12467.634766,-12521.313477,53.678711
1939,-10976.710938,-11001.773438,25.062500
1940,-12443.389648,-12385.065430,58.324219
1941,-11433.110352,-11509.233398,76.123047
1942,-10936.944336,-10969.798828,32.854492
1943,-12523.791016,-12521.302734,2.488281
1944,-13512.739258,-13467.028320,45.710938
1945,-11030.715820,-10936.651367,94.064453
1946,-9589.706055,-9958.672852,368.966797
1947,-11993.521484,-11949.207031,44.314453
1948,-11738.150391,-11608.833984,129.316406
1949,-12844.595703,-12925.765625,81.169922
1950,-8569.663086,-9588.895508,1019.232422
1951,-9979.576172,-9867.576172,112.000000
1952,-12397.359375,-12384.405273,12.954102
1953,-9506.285156,-9497.618164,8.666992
1954,-12488.113281,-12520.892578,32.779297
1955,-10892.051758,-10809.159180,82.892578
1956,-10968.508789,-10939.598633,28.910156
1957,-10948.493164,-11002.460938,53.967773
1958,-9770.243164,-9895.382812,125.139648
1959,-10139.225586,-10866.477539,727.251953
1960,-10915.663086,-10936.510742,20.847656
1961,-10591.593750,-10533.297852,58.295898
1962,-11085.260742,-10970.030273,115.230469
1963,-11798.007812,-11980.723633,182.715820
1964,-12480.351562,-12456.547852,23.803711
1965,-10816.340820,-11034.473633,218.132812
1966,-9664.764648,-9992.695312,327.930664
1967,-9405.591797,-9555.615234,150.023438
1968,-11237.936523,-11315.403320,77.466797
1969,-12939.557617,-12790.835938,148.721680
1970,-11999.498047,-11917.377930,82.120117
1971,-11898.659180,-11915.285156,16.625977
1972,-15062.317383,-14952.520508,109.796875
1973,-11511.086914,-11510.138672,0.948242
1974,-11459.876953,-11509.375977,49.499023
1975,-10963.351562,-11001.750977,38.399414
1976,-11982.669922,-11979.154297,3.515625
1977,-8939.369141,-8833.221680,106.147461
1978,-10880.239258,-10969.107422,88.868164
1979,-12083.004883,-11948.072266,134.932617
1980,-9971.775391,-9967.932617,3.842773
1981,-11049.278320,-10970.005859,79.272461
1982,-11150.380859,-11269.807617,119.426758
1983,-11833.833984,-11917.185547,83.351562
1984,-9573.440430,-7755.075195,1818.365234
1985,-10846.451172,-10911.619141,65.167969
1986,-10676.972656,-10565.318359,111.654297
1987,-9733.781250,-9923.555664,189.774414
1988,-12009.716797,-11981.559570,28.157227
1989,-12449.816406,-12489.921875,40.105469
1990,-11761.591797,-11844.405273,82.813477
1991,-11329.043945,-11406.892578,77.848633
1992,-7782.374512,-8323.909180,541.534668
1993,-11039.971680,-10937.087891,102.883789
1994,-12305.700195,-12319.595703,13.895508
1995,-11043.532227,-11371.718750,328.186523
1996,-12061.789062,-11917.401367,144.387695
1997,-8722.845703,-6347.202148,2375.643555
1998,-12816.869141,-12823.426758,6.557617
1999,-11954.289062,-11917.094727,37.194336
2000,-11381.298828,-11408.027344,26.728516
2001,-13039.063477,-12957.535156,81.528320
2002,-11144.146484,-11238.078125,93.931641
2003,-13959.847656,-13985.773438,25.925781
2004,-8491.515625,-8427.910156,63.605469
2005,-11628.171875,-11575.574219,52.597656
2006,-8511.496094,-8328.596680,182.899414
2007,-11344.441406,-11316.370117,28.071289
2008,-12434.593750,-12353.083008,81.510742
2009,-7378.217773,-8292.090820,913.873047
2010,-10591.263672,-10565.424805,25.838867
2011,-11543.025391,-11542.677734,0.347656
2012,-12277.984375,-12456.251953,178.267578
2013,-11892.044922,-11947.734375,55.689453
2014,-10254.396484,-10371.209961,116.813477
2015,-11462.413086,-11441.829102,20.583984
2016,-11467.724609,-11510.512695,42.788086
2017,-9410.589844,-9957.445312,546.855469
2018,-11955.077148,-11982.262695,27.185547
2019,-12605.162109,-12686.108398,80.946289
2020,-11751.712891,-11609.474609,142.238281
2021,-11582.429688,-11542.968750,39.460938
2022,-11509.592773,-11543.775391,34.182617
2023,-11751.723633,-11746.207031,5.516602
2024,-9844.991211,-9900.877930,55.886719
2025,-10920.698242,-10911.631836,9.066406
2026,-10521.880859,-10532.024414,10.143555
2027,-10696.758789,-10801.467773,104.708984
2028,-12538.496094,-12522.418945,16.077148
2029,-11630.867188,-11608.742188,22.125000
2030,-12370.629883,-12456.416992,85.787109
2031,-12007.596680,-11947.880859,59.715820
2032,-9666.425781,-9471.249023,195.176758
2033,-11491.116211,-11511.622070,20.505859
2034,-12036.500000,-11949.129883,87.370117
2035,-11020.871094,-11270.621094,249.750000
2036,-11385.645508,-11341.598633,44.046875
2037,-9974.006836,-9934.163086,39.843750
2038,-11271.764648,-11340.144531,68.379883
2039,-9282.346680,-9588.692383,306.345703
2040,-11762.232422,-11843.492188,81.259766
2041,-10605.522461,-10565.348633,40.173828
2042,-10015.232422,-9797.931641,217.300781
2043,-9401.689453,-9487.538086,85.848633
2044,-10502.133789,-10337.748047,164.385742
2045,-9355.357422,-9521.382812,166.025391
2046,-9666.606445,-9811.765625,145.159180
2047,-9574.359375,-9462.221680,112.137695
2048,-10613.671875,-10565.427734,48.244141
2049,-9318.791992,-9523.721680,204.929688
2050,-12816.580078,-12789.515625,27.064453
2051,-8971.343750,-8454.473633,516.870117
2052,-9454.597656,-8887.542969,567.054688
2053,-10687.637695,-10531.188477,156.449219
2054,-11000.220703,-11003.985352,3.764648
2055,-11555.408203,-11542.939453,12.468750
2056,-11881.386719,-11813.382812,68.003906
2057,-12479.170898,-12486.883789,7.712891
2058,-12010.173828,-11913.925781,96.248047
2059,-11878.665039,-11917.250977,38.585938
2060,-11613.043945,-11543.674805,69.369141
2061,-9467.940430,-9463.588867,4.351562
2062,-10497.037109,-10534.555664,37.518555
2063,-12311.683594,-12354.312500,42.628906
2064,-10544.273438,-10531.433594,12.839844
2065,-11838.413086,-11845.174805,6.761719
2066,-12027.796875,-11947.885742,79.911133
2067,-8958.398438,-8896.418945,61.979492
2068,-9596.313477,-9992.893555,396.580078
2069,-11773.936523,-11811.112305,37.175781
2070,-10719.930664,-9797.037109,922.893555
2071,-11432.755859,-11510.530273,77.774414
2072,-9424.623047,-9553.963867,129.340820
2073,-9041.557617,-8924.947266,116.610352
2074,-10264.444336,-10338.658203,74.213867
2075,-11515.251953,-11476.100586,39.151367
2076,-10240.359375,-10426.618164,186.258789
2077,-12451.758789,-12352.773438,98.985352
2078,-10940.373047,-10968.516602,28.143555
2079,-10545.075195,-10531.350586,13.724609
2080,-11847.052734,-11914.755859,67.703125
2081,-10681.427734,-10865.890625,184.462891
2082,-12861.976562,-12790.834961,71.141602
2083,-10999.009766,-10971.185547,27.824219
2084,-11893.459961,-11948.167969,54.708008
2085,-10923.075195,-10965.666992,42.591797
2086,-11333.347656,-11371.102539,37.754883
2087,-11824.974609,-11810.966797,14.007812
2088,-11935.932617,-11948.359375,12.426758
2089,-9861.208008,-9901.074219,39.866211
2090,-11013.026367,-11270.172852,257.146484
2091,-9489.706055,-9488.546875,1.159180
2092,-9312.504883,-9555.855469,243.350586
2093,-11638.426758,-11543.088867,95.337891
2094,-12764.480469,-12926.280273,161.799805
2095,-10915.333008,-10912.064453,3.268555
2096,-11700.422852,-11883.020508,182.597656
2097,-10995.503906,-11003.173828,7.669922
2098,-10530.553711,-10465.750000,64.803711
2099,-12420.745117,-12386.736328,34.008789
2100,-10344.521484,-10396.655273,52.133789
2101,-9600.966797,-9462.900391,138.066406
2102,-10954.285156,-10971.537109,17.251953
2103,-10468.957031,-10409.647461,59.309570
2104,-11489.120117,-11545.072266,55.952148
2105,-10618.462891,-10500.058594,118.404297
2106,-12000.498047,-11948.279297,52.218750
2107,-10935.859375,-10971.882812,36.023438
2108,-10698.988281,-10565.401367,133.586914
2109,-10597.600586,-10532.829102,64.771484
2110,-11947.887695,-11912.875977,35.011719
2111,-10589.273438,-10532.713867,56.559570
2112,-11005.779297,-10903.050781,102.728516
2113,-10986.056641,-10935.318359,50.738281
2114,-11905.506836,-11979.413086,73.906250
2115,-11620.525391,-11543.298828,77.226562
2116,-11483.070312,-11476.954102,6.116211
2117,-11477.119141,-11341.425781,135.693359
2118,-10666.287109,-10371.112305,295.174805
2119,-10595.644531,-10534.015625,61.628906
2120,-10440.925781,-10271.285156,169.640625
2121,-9769.787109,-9927.605469,157.818359
2122,-11428.000000,-11476.963867,48.963867
2123,-11989.632812,-11948.208984,41.423828
2124,-12498.279297,-12384.201172,114.078125
2125,-10448.360352,-10305.467773,142.892578
2126,-12787.462891,-12823.547852,36.084961
2127,-9271.957031,-9588.454102,316.497070
2128,-9584.477539,-8921.338867,663.138672
2129,-11080.174805,-10970.203125,109.971680
2130,-10434.779297,-10474.725586,39.946289
2131,-11555.831055,-11543.715820,12.115234
2132,-12819.993164,-12791.017578,28.975586
2133,-11528.728516,-11508.797852,19.930664
2134,-10570.684570,-10532.368164,38.316406
2135,-11319.644531,-11309.162109,10.482422
2136,-11150.816406,-11239.162109,88.345703
2137,-11647.243164,-11476.500977,170.742188
2138,-12521.889648,-12554.363281,32.473633
2139,-12271.134766,-11915.590820,355.543945
2140,-11670.837891,-11775.661133,104.823242
2141,-10985.313477,-10936.073242,49.240234
2142,-10813.762695,-10801.625000,12.137695
2143,-11844.268555,-11485.142578,359.125977
2144,-11402.771484,-11407.083008,4.311523
2145,-10768.423828,-10879.960938,111.537109
2146,-11045.627930,-10905.007812,140.620117
2147,-10939.722656,-11001.551758,61.829102
2148,-12055.129883,-11947.536133,107.593750
2149,-11486.985352,-11444.287109,42.698242
2150,-12821.670898,-13007.501953,185.831055
2151,-10993.140625,-10970.451172,22.689453
2152,-12451.417969,-12521.306641,69.888672
2153,-10965.685547,-10938.110352,27.575195
2154,-9300.770508,-9521.993164,221.222656
2155,-10538.076172,-10565.185547,27.109375
2156,-11476.887695,-11542.933594,66.045898
2157,-12119.292969,-11982.132812,137.160156
2158,-11984.997070,-11979.434570,5.562500
2159,-10629.597656,-10531.589844,98.007812
2160,-11459.863281,-11476.365234,16.501953
2161,-10946.288086,-10933.541992,12.746094
2162,-11842.430664,-11914.859375,72.428711
2163,-11336.151367,-11407.700195,71.548828
2164,-11999.744141,-11948.137695,51.606445
2165,-11344.543945,-11374.216797,29.672852
2166,-11911.366211,-11914.109375,2.743164
2167,-10414.714844,-10833.109375,418.394531
2168,-11437.489258,-11376.210938,61.278320
2169,-11455.590820,-11511.376953,55.786133
2170,-11016.928711,-10905.566406,111.362305
2171,-11171.705078,-10878.650391,293.054688
2172,-12867.779297,-12822.663086,45.116211
2173,-12315.596680,-12384.429688,68.833008
2174,-10505.159180,-10432.125977,73.033203
2175,-12430.618164,-12353.385742,77.232422
2176,-11009.800781,-10968.363281,41.437500
2177,-12477.417969,-12488.233398,10.815430
2178,-10210.994141,-10429.285156,218.291016
2179,-11834.132812,-11778.149414,55.983398
2180,-12335.063477,-12488.849609,153.786133
2181,-10579.640625,-10442.288086,137.352539
2182,-10931.655273,-10879.257812,52.397461
2183,-10665.064453,-10497.597656,167.466797
2184,-11904.173828,-11980.568359,76.394531
2185,-10916.852539,-10937.136719,20.284180
2186,-11502.836914,-11543.432617,40.595703
2187,-11918.270508,-11916.553711,1.716797
2188,-10056.842773,-10395.944336,339.101562
2189,-11468.383789,-11508.591797,40.208008
2190,-10999.361328,-10846.825195,152.536133
2191,-11419.639648,-11375.458984,44.180664
2192,-9521.331055,-9268.558594,252.772461
2193,-11875.608398,-11811.913086,63.695312
2194,-12550.533203,-12553.127930,2.594727
2195,-10698.691406,-10835.334961,136.643555
2196,-11735.117188,-11914.720703,179.603516
2197,-11610.369141,-11543.612305,66.756836
2198,-11074.094727,-11003.392578,70.702148
2199,-11055.498047,-10937.604492,117.893555
2200,-12831.235352,-12926.010742,94.775391
2201,-11978.574219,-12112.265625,133.691406
2202,-10987.168945,-10967.899414,19.269531
2203,-11475.948242,-11477.013672,1.065430
2204,-11988.312500,-11948.785156,39.527344
2205,-10034.417969,-9899.891602,134.526367
2206,-11278.471680,-11372.916992,94.445312
2207,-10526.590820,-10466.544922,60.045898
2208,-9507.943359,-9462.653320,45.290039
2209,-11117.650391,-10910.237305,207.413086
2210,-11904.864258,-11915.991211,11.126953
2211,-11537.079102,-11576.939453,39.860352
2212,-9193.928711,-9521.714844,327.786133
2213,-9628.011719,-9463.361328,164.650391
2214,-11566.693359,-11511.035156,55.658203
2215,-10944.680664,-10903.565430,41.115234
2216,-10629.689453,-10532.860352,96.829102
2217,-11357.498047,-11478.145508,120.647461
2218,-12759.288086,-12823.496094,64.208008
2219,-10950.418945,-10968.081055,17.662109
2220,-11326.782227,-11374.363281,47.581055
2221,-10907.368164,-10904.570312,2.797852
2222,-11856.899414,-11778.885742,78.013672
2223,-10930.936523,-10968.210938,37.274414
2224,-10970.227539,-10971.818359,1.590820
2225,-11010.177734,-10971.096680,39.081055
2226,-12520.789062,-12519.787109,1.001953
2227,-11472.381836,-11510.782227,38.400391
2228,-10664.864258,-10598.619141,66.245117
2229,-11135.229492,-11239.000000,103.770508
2230,-11815.771484,-11778.923828,36.847656
2231,-9801.876953,-9923.573242,121.696289
2232,-10219.672852,-10833.006836,613.333984
2233,-10344.662109,-10395.952148,51.290039
2234,-10352.708984,-10442.307617,89.598633
2235,-10931.704102,-10935.458984,3.754883
2236,-10943.578125,-10968.210938,24.632812
2237,-11479.669922,-11512.204102,32.534180
2238,-9212.787109,-9522.424805,309.637695
2239,-11011.013672,-11034.948242,23.934570
2240,-11933.986328,-11948.642578,14.656250
2241,-10351.168945,-10363.021484,11.852539
2242,-11399.934570,-11374.547852,25.386719
2243,-11933.851562,-11981.399414,47.547852
2244,-9975.286133,-9933.287109,41.999023
2245,-12445.555664,-12489.194336,43.638672
2246,-10674.097656,-10598.080078,76.017578
2247,-9294.260742,-9620.638672,326.377930
2248,-11805.887695,-11811.321289,5.433594
2249,-11012.628906,-10970.109375,42.519531
2250,-10541.209961,-10467.672852,73.537109
2251,-12052.160156,-11980.917969,71.242188
2252,-10881.923828,-10776.550781,105.373047
2253,-10469.600586,-10432.190430,37.410156
2254,-11460.261719,-11479.031250,18.769531
2255,-10961.452148,-10938.027344,23.424805
2256,-10960.466797,-10970.633789,10.166992
2257,-11691.660156,-11881.426758,189.766602
2258,-10842.514648,-10774.666992,67.847656
2259,-11368.849609,-11372.823242,3.973633
2260,-11786.327148,-11812.117188,25.790039
2261,-10934.080078,-10967.461914,33.381836
2262,-9340.313477,-9523.152344,182.838867
2263,-12315.638672,-12320.089844,4.451172
2264,-10285.507812,-10395.828125,110.320312
2265,-11946.918945,-11914.730469,32.188477
2266,-10976.124023,-10934.931641,41.192383
2267,-9781.197266,-9933.201172,152.003906
2268,-12906.076172,-12926.381836,20.305664
2269,-11990.083008,-11947.766602,42.316406
2270,-11475.208008,-11542.397461,67.189453
2271,-11976.634766,-11948.336914,28.297852
2272,-11574.790039,-11542.353516,32.436523
2273,-12866.804688,-12894.824219,28.019531
2274,-10607.066406,-10565.617188,41.449219
2275,-11636.791992,-11576.084961,60.707031
2276,-12893.715820,-12820.156250,73.559570
2277,-11421.109375,-11372.411133,48.698242
2278,-10598.797852,-10532.934570,65.863281
2279,-9592.433594,-9957.411133,364.977539
2280,-9444.435547,-9959.261719,514.826172
2281,-11589.734375,-11510.463867,79.270508
2282,-10885.291016,-10936.551758,51.260742
2283,-10606.753906,-10565.410156,41.343750
2284,-10987.607422,-10969.914062,17.693359
2285,-11985.476562,-11981.503906,3.972656
2286,-11020.967773,-10905.354492,115.613281
2287,-10927.447266,-10968.549805,41.102539
2288,-9942.379883,-9934.694336,7.685547
2289,-11906.330078,-11948.158203,41.828125
2290,-9843.353516,-9932.553711,89.200195
2291,-11001.969727,-10904.781250,97.188477
2292,-11592.851562,-11575.925781,16.925781
2293,-9449.170898,-9620.973633,171.802734
2294,-10212.167969,-10438.641602,226.473633
2295,-11353.042969,-11372.499023,19.456055
2296,-12591.341797,-12385.576172,205.765625
2297,-13135.206055,-13332.687500,197.481445
2298,-11963.807617,-11915.854492,47.953125
2299,-10647.414062,-10566.747070,80.666992
2300,-9005.504883,-7449.371094,1556.133789
2301,-10662.198242,-10599.304688,62.893555
2302,-12397.392578,-12350.504883,46.887695
2303,-10354.098633,-10540.129883,186.031250
2304,-13443.078125,-13395.397461,47.680664
2305,-9701.697266,-9925.364258,223.666992
2306,-9318.625000,-8452.739258,865.885742
2307,-9452.890625,-9431.106445,21.784180
2308,-11868.199219,-11947.402344,79.203125
2309,-10506.960938,-10500.369141,6.591797
2310,-11240.405273,-11316.956055,76.550781
2311,-11838.488281,-11849.132812,10.644531
2312,-9995.659180,-9990.997070,4.662109
2313,-12756.536133,-12863.036133,106.500000
2314,-12403.453125,-12489.636719,86.183594
2315,-11869.340820,-11850.197266,19.143555
2316,-12853.815430,-12790.422852,63.392578
2317,-12045.859375,-11948.230469,97.628906
2318,-11524.244141,-11510.437500,13.806641
2319,-11488.138672,-11510.712891,22.574219
2320,-11650.804688,-11577.092773,73.711914
2321,-12134.470703,-12279.113281,144.642578
2322,-9480.344727,-9496.009766,15.665039
2323,-11385.673828,-11376.694336,8.979492
2324,-9814.701172,-9900.189453,85.488281
2325,-11105.697266,-11271.348633,165.651367
2326,-10809.767578,-10879.531250,69.763672
2327,-10580.591797,-10466.175781,114.416016
2328,-10943.227539,-10970.886719,27.659180
2329,-11014.697266,-10905.148438,109.548828
2330,-10633.262695,-10564.963867,68.298828
2331,-11442.840820,-11408.486328,34.354492
2332,-10146.628906,-9360.313477,786.315430
2333,-12501.757812,-12456.560547,45.197266
2334,-10272.894531,-10338.694336,65.799805
2335,-11590.872070,-11577.198242,13.673828
2336,-11965.009766,-12521.589844,556.580078
2337,-11005.219727,-10775.706055,229.513672
2338,-12041.623047,-11915.500977,126.122070
2339,-11495.958984,-11543.011719,47.052734
2340,-11567.343750,-11510.980469,56.363281
2341,-11241.452148,-11374.799805,133.347656
2342,-10910.054688,-10969.683594,59.628906
2343,-12316.478516,-12212.937500,103.541016
2344,-10226.448242,-10396.128906,169.680664
2345,-12469.296875,-12488.414062,19.117188
2346,-12035.292969,-12321.639648,286.346680
2347,-10987.197266,-11002.265625,15.068359
2348,-11011.064453,-10904.353516,106.710938
2349,-11311.099609,-11477.329102,166.229492
2350,-12352.964844,-12384.028320,31.063477
2351,-10532.052734,-10500.247070,31.805664
2352,-9334.254883,-9430.901367,96.646484
2353,-11135.328125,-10961.196289,174.131836
2354,-11445.371094,-11339.361328,106.009766
2355,-12061.716797,-11946.513672,115.203125
2356,-11020.480469,-11001.582031,18.898438
2357,-10820.076172,-10877.700195,57.624023
2358,-10963.352539,-10938.229492,25.123047
2359,-10898.566406,-11002.408203,103.841797
2360,-12383.454102,-12353.086914,30.367188
2361,-11308.187500,-11439.260742,131.073242
2362,-11415.669922,-11342.180664,73.489258
2363,-11366.215820,-11373.987305,7.771484
2364,-11494.614258,-11285.538086,209.076172
2365,-10188.737305,-10359.668945,170.931641
2366,-10968.539062,-10970.684570,2.145508
2367,-10916.859375,-10901.631836,15.227539
2368,-10963.885742,-10903.516602,60.369141
2369,-10998.602539,-11004.581055,5.978516
2370,-8754.188477,-8232.683594,521.504883
2371,-10550.280273,-10532.524414,17.755859
2372,-10903.708984,-10813.263672,90.445312
2373,-12573.135742,-12554.533203,18.602539
2374,-11601.534180,-11544.851562,56.682617
2375,-10490.718750,-10500.391602,9.672852
2376,-11317.326172,-11445.133789,127.807617
2377,-12401.603516,-12489.737305,88.133789
2378,-10550.849609,-10304.574219,246.275391
2379,-11032.594727,-10971.163086,61.431641
2380,-10266.662109,-10474.406250,207.744141
2381,-9405.856445,-9429.571289,23.714844
2382,-10513.771484,-10532.894531,19.123047
2383,-11373.152344,-11403.658203,30.505859
2384,-11504.153320,-11443.554688,60.598633
2385,-10966.853516,-10969.791992,2.938477
2386,-11846.838867,-11811.979492,34.859375
2387,-12946.651367,-12790.126953,156.524414
2388,-10478.748047,-10832.241211,353.493164
2389,-13669.689453,-13937.680664,267.991211
2390,-8344.027344,-8460.155273,116.127930
2391,-11855.080078,-11981.416016,126.335938
2392,-11851.516602,-11946.910156,95.393555
2393,-12064.731445,-11947.379883,117.351562
2394,-10996.968750,-10939.823242,57.145508
2395,-10579.697266,-10565.841797,13.855469
2396,-11445.732422,-11374.257812,71.474609
2397,-10967.786133,-11002.711914,34.925781
2398,-11582.030273,-11511.318359,70.711914
2399,-11531.991211,-11542.755859,10.764648
2400,-11312.255859,-11375.156250,62.900391
2401,-10611.672852,-10499.800781,111.872070
2402,-10327.144531,-10507.328125,180.183594
2403,-12024.113281,-11947.461914,76.651367
2404,-10831.741211,-10912.175781,80.434570
2405,-10553.970703,-10441.629883,112.340820
2406,-11281.532227,-11372.772461,91.240234
2407,-10546.428711,-10500.026367,46.402344
2408,-11482.347656,-11510.875000,28.527344
2409,-11613.027344,-11543.832031,69.195312
2410,-11892.892578,-11881.402344,11.490234
2411,-9820.541992,-9901.576172,81.034180
2412,-10620.190430,-10464.879883,155.310547
2413,-11888.316406,-11978.383789,90.067383
2414,-11891.041016,-11949.155273,58.114258
2415,-10505.749023,-10499.147461,6.601562
2416,-10940.732422,-10937.190430,3.541992
2417,-10993.918945,-10935.197266,58.721680
2418,-12499.205078,-12353.458984,145.746094
2419,-11972.701172,-11947.825195,24.875977
2420,-9002.033203,-9521.471680,519.438477
2421,-12032.403320,-11915.925781,116.477539
2422,-11829.117188,-11881.683594,52.566406
2423,-10514.323242,-10499.850586,14.472656
2424,-12359.440430,-12353.316406,6.124023
2425,-9864.837891,-9931.530273,66.692383
2426,-9837.305664,-9958.879883,121.574219
2427,-11469.061523,-11478.644531,9.583008
2428,-12937.060547,-12904.213867,32.846680
2429,-11889.022461,-11914.866211,25.843750
2430,-11787.511719,-11812.029297,24.517578
2431,-12464.669922,-12417.335938,47.333984
2432,-10976.123047,-11001.312500,25.189453
2433,-11977.017578,-11947.876953,29.140625
2434,-10980.562500,-10935.464844,45.097656
2435,-9634.035156,-9892.883789,258.848633
2436,-11828.397461,-11915.108398,86.710938
2437,-11552.782227,-11512.256836,40.525391
2438,-9226.307617,-9521.178711,294.871094
2439,-10842.191406,-10934.988281,92.796875
2440,-12857.436523,-12926.534180,69.097656
2441,-11368.891602,-11374.331055,5.439453
2442,-11014.981445,-11000.957031,14.024414
2443,-12397.667969,-12486.655273,88.987305
2444,-9761.460938,-9993.665039,232.204102
2445,-11628.878906,-11510.375000,118.503906
2446,-12088.177734,-12248.125977,159.948242
2447,-10675.612305,-10565.451172,110.161133
2448,-12018.491211,-11947.840820,70.650391
2449,-10872.079102,-10839.861328,32.217773
2450,-9698.016602,-9959.505859,261.489258
2451,-10529.919922,-10532.255859,2.335938
2452,-11015.945312,-11036.745117,20.799805
2453,-12314.954102,-12455.194336,140.240234
2454,-10917.638672,-10937.593750,19.955078
2455,-11306.923828,-11675.609375,368.685547
2456,-11111.003906,-10970.502930,140.500977
2457,-9149.166992,-9489.267578,340.100586
2458,-12452.700195,-12488.641602,35.941406
2459,-10136.587891,-10364.093750,227.505859
2460,-12387.291992,-12454.799805,67.507812
2461,-12282.099609,-12215.931641,66.167969
2462,-10511.865234,-10339.065430,172.799805
2463,-11885.768555,-11915.990234,30.221680
2464,-9434.545898,-9429.721680,4.824219
2465,-11515.399414,-11542.636719,27.237305
2466,-13292.611328,-13364.418945,71.807617
2467,-10575.359375,-10466.097656,109.261719
2468,-10111.438477,-10362.972656,251.534180
2469,-11970.427734,-11914.286133,56.141602
2470,-11363.613281,-11374.872070,11.258789
2471,-11021.148438,-11001.701172,19.447266
2472,-12461.337891,-12486.094727,24.756836
2473,-11599.767578,-11544.869141,54.898438
2474,-10620.007812,-10566.538086,53.469727
2475,-10823.662109,-10935.897461,112.235352
2476,-12063.856445,-11915.436523,148.419922
2477,-12511.635742,-12554.194336,42.558594
2478,-12424.201172,-12353.844727,70.356445
2479,-12448.790039,-12520.623047,71.833008
2480,-13211.778320,-13223.509766,11.731445
2481,-12846.294922,-12926.954102,80.659180
2482,-11266.782227,-10879.588867,387.193359
2483,-11992.462891,-11944.385742,48.077148
2484,-11942.682617,-11948.231445,5.548828
2485,-12872.970703,-12902.931641,29.960938
2486,-11695.103516,-11609.138672,85.964844
2487,-12438.406250,-12486.765625,48.359375
2488,-9841.029297,-9924.172852,83.143555
2489,-11758.517578,-11811.325195,52.807617
2490,-5770.249512,-8584.940430,2814.690918
2491,-10644.755859,-10598.397461,46.358398
2492,-12843.144531,-12960.485352,117.340820
2493,-9497.066406,-9989.996094,492.929688
2494,-11840.215820,-11845.147461,4.931641
2495,-10545.158203,-10500.174805,44.983398
2496,-10388.193359,-10397.375977,9.182617
2497,-10985.784180,-10970.786133,14.998047
2498,-11427.179688,-11374.403320,52.776367
2499,-10541.151367,-10599.455078,58.303711
2500,-9368.469727,-9522.070312,153.600586
2501,-8947.201172,-7483.472168,1463.729004
2502,-10546.673828,-10565.705078,19.031250
2503,-9545.603516,-9496.667969,48.935547
2504,-11246.767578,-11407.578125,160.810547
2505,-12298.134766,-12384.819336,86.684570
2506,-8892.886719,-7349.719727,1543.166992
2507,-11803.853516,-11980.038086,176.184570
2508,-9430.507812,-9587.621094,157.113281
2509,-9435.556641,-9236.274414,199.282227
2510,-11892.402344,-11949.125977,56.723633
2511,-9509.603516,-9556.389648,46.786133
2512,-11442.813477,-11477.909180,35.095703
2513,-9257.625000,-7754.269043,1503.355957
2514,-11499.090820,-11511.163086,12.072266
2515,-9774.285156,-9959.220703,184.935547
2516,-10948.430664,-10968.416992,19.986328
2517,-11353.469727,-11675.631836,322.162109
2518,-9518.635742,-9496.276367,22.359375
2519,-10529.583008,-10534.521484,4.938477
2520,-10958.553711,-10934.221680,24.332031
2521,-12501.063477,-12553.428711,52.365234
2522,-11519.863281,-11477.901367,41.961914
2523,-11475.917969,-11478.750977,2.833008
2524,-11431.207031,-11478.527344,47.320312
2525,-9842.832031,-9958.570312,115.738281
2526,-10551.051758,-10533.592773,17.458984
2527,-11617.266602,-11510.884766,106.381836
2528,-10564.797852,-10499.851562,64.946289
2529,-12336.280273,-12354.417969,18.137695
2530,-10863.805664,-10968.948242,105.142578
2531,-11229.561523,-10847.523438,382.038086
2532,-11592.991211,-11512.750000,80.241211
2533,-11112.272461,-11036.695312,75.577148
2534,-11002.610352,-10972.034180,30.576172
2535,-11507.371094,-11512.167969,4.796875
2536,-11337.907227,-11371.098633,33.191406
2537,-10985.454102,-11001.892578,16.438477
2538,-11397.909180,-11406.940430,9.031250
2539,-12355.409180,-12352.037109,3.372070
2540,-10621.643555,-10566.096680,55.546875
2541,-11470.283203,-11510.701172,40.417969
2542,-10577.058594,-10532.845703,44.212891
2543,-10599.207031,-10409.791992,189.415039
2544,-9952.702148,-9901.312500,51.389648
2545,-10952.041016,-10938.122070,13.918945
2546,-12439.194336,-12486.626953,47.432617
2547,-11087.750000,-10936.823242,150.926758
2548,-11569.462891,-11541.853516,27.609375
2549,-11901.616211,-11812.856445,88.759766
2550,-9806.838867,-10395.044922,588.206055
2551,-12001.659180,-11947.811523,53.847656
2552,-9420.235352,-9497.500977,77.265625
2553,-11087.653320,-10970.258789,117.394531
2554,-11996.765625,-11948.672852,48.092773
2555,-11004.898438,-10971.669922,33.228516
2556,-11024.281250,-11001.345703,22.935547
2557,-13823.078125,-13532.414062,290.664062
2558,-11971.380859,-11948.310547,23.070312
2559,-10984.999023,-11272.888672,287.889648
2560,-9954.543945,-9901.346680,53.197266
2561,-11540.819336,-11543.428711,2.609375
2562,-11900.968750,-11946.155273,45.186523
2563,-11146.413086,-10909.718750,236.694336
2564,-11997.263672,-11945.014648,52.249023
2565,-10871.708008,-11001.608398,129.900391
2566,-8893.688477,-8519.828125,373.860352
2567,-11468.551758,-11810.470703,341.918945
2568,-11400.579102,-11407.579102,7.000000
2569,-11985.397461,-12014.435547,29.038086
2570,-11564.385742,-11542.666992,21.718750
2571,-10798.995117,-10879.876953,80.881836
2572,-10177.606445,-10339.197266,161.590820
2573,-9700.506836,-9810.709961,110.203125
2574,-11017.167969,-10938.671875,78.496094
2575,-11158.545898,-11341.179688,182.633789
2576,-11011.837891,-10937.246094,74.591797
2577,-10554.393555,-10566.155273,11.761719
2578,-12908.011719,-12791.043945,116.967773
2579,-11810.674805,-11844.722656,34.047852
2580,-10352.496094,-10398.310547,45.814453
2581,-10511.533203,-10498.677734,12.855469
2582,-10137.839844,-10427.431641,289.591797
2583,-10387.500977,-10329.421875,58.079102
2584,-10485.853516,-10565.175781,79.322266
2585,-10160.958984,-9809.716797,351.242188
2586,-11036.016602,-10971.854492,64.162109
2587,-11289.819336,-11238.709961,51.109375
2588,-9252.855469,-9555.001953,302.146484
2589,-10526.889648,-10802.456055,275.566406
2590,-10598.622070,-10832.729492,234.107422
2591,-10590.869141,-10564.779297,26.089844
2592,-10985.409180,-10969.698242,15.710938
2593,-11523.749023,-11542.615234,18.866211
2594,-10382.785156,-10834.426758,451.641602
2595,-12015.113281,-11948.336914,66.776367
2596,-11378.370117,-11406.837891,28.467773
2597,-11623.505859,-11675.570312,52.064453
2598,-12016.108398,-11980.929688,35.178711
2599,-9897.711914,-9990.791016,93.079102
2600,-10224.840820,-10370.868164,146.027344
2601,-9897.714844,-9568.295898,329.418945
2602,-10953.109375,-10902.416016,50.693359
2603,-11604.483398,-11576.318359,28.165039
2604,-12527.885742,-12571.439453,43.553711
2605,-10895.717773,-10936.758789,41.041016
2606,-11161.287109,-10936.599609,224.687500
2607,-11918.400391,-11915.214844,3.185547
2608,-9722.659180,-9924.485352,201.826172
2609,-10877.910156,-10938.435547,60.525391
2610,-13051.081055,-12792.165039,258.916016
2611,-10380.174805,-10429.019531,48.844727
2612,-12101.422852,-11948.189453,153.233398
2613,-10978.903320,-11003.709961,24.806641
2614,-10961.115234,-10902.911133,58.204102
2615,-10966.000000,-11001.743164,35.743164
2616,-12016.211914,-12014.888672,1.323242
2617,-12435.034180,-12488.013672,52.979492
2618,-11102.158203,-11373.157227,270.999023
2619,-10284.663086,-9327.505859,957.157227
2620,-11850.707031,-11915.594727,64.887695
2621,-10952.699219,-11001.357422,48.658203
2622,-11349.218750,-11341.348633,7.870117
2623,-10961.061523,-10969.271484,8.209961
2624,-11686.585938,-11609.086914,77.499023
2625,-12073.464844,-11915.471680,157.993164
2626,-12032.101562,-12013.265625,18.835938
2627,-9907.588867,-9958.766602,51.177734
2628,-11285.732422,-11375.157227,89.424805
2629,-12353.010742,-12386.372070,33.361328
2630,-10934.430664,-10969.498047,35.067383
2631,-11906.145508,-11980.112305,73.966797
2632,-9901.856445,-9958.272461,56.416016
2633,-11339.441406,-11341.533203,2.091797
2634,-11878.283203,-11948.339844,70.056641
2635,-10708.039062,-10768.805664,60.766602
2636,-8453.807617,-8337.114258,116.693359
2637,-11013.557617,-10936.128906,77.428711
2638,-12510.309570,-12489.255859,21.053711
2639,-10246.622070,-9290.865234,955.756836
2640,-9705.213867,-10330.998047,625.784180
2641,-11854.875000,-11914.133789,59.258789
2642,-12087.150391,-11947.794922,139.355469
2643,-10232.775391,-10365.102539,132.327148
2644,-11914.535156,-11947.686523,33.151367
2645,-10246.614258,-10427.965820,181.351562
2646,-11861.061523,-11811.720703,49.340820
2647,-12841.761719,-12958.249023,116.487305
2648,-9943.590820,-9958.052734,14.461914
2649,-12420.579102,-12488.220703,67.641602
2650,-10938.438477,-10967.916016,29.477539
2651,-12466.485352,-12488.665039,22.179688
2652,-11946.057617,-11947.957031,1.899414
2653,-11415.354492,-11374.211914,41.142578
2654,-12415.912109,-12570.833008,154.920898
2655,-11496.291992,-11510.641602,14.349609
2656,-10969.715820,-11004.553711,34.837891
2657,-9330.197266,-9554.599609,224.402344
2658,-11383.545898,-11406.416016,22.870117
2659,-10777.896484,-10502.383789,275.512695
2660,-10951.999023,-10969.358398,17.359375
2661,-11114.388672,-11237.407227,123.018555
2662,-11020.944336,-11001.886719,19.057617
2663,-11748.813477,-11877.676758,128.863281
2664,-10911.875977,-10936.256836,24.380859
2665,-11947.039062,-11916.010742,31.028320
2666,-11898.789062,-11915.137695,16.348633
2667,-11015.209961,-10912.479492,102.730469
2668,-11570.166016,-11510.545898,59.620117
2669,-10592.984375,-10534.180664,58.803711
2670,-10558.960938,-10531.755859,27.205078
2671,-11944.443359,-11913.068359,31.375000
2672,-9358.956055,-9554.628906,195.672852
2673,-11766.613281,-11811.255859,44.642578
2674,-11795.917969,-11810.709961,14.791992
2675,-11920.075195,-11982.087891,62.012695
2676,-11021.250977,-10970.331055,50.919922
2677,-11555.125000,-11544.549805,10.575195
2678,-11665.617188,-11576.285156,89.332031
2679,-11949.872070,-11914.082031,35.790039
2680,-9215.039062,-9236.907227,21.868164
2681,-12832.052734,-12958.590820,126.538086
2682,-10669.316406,-10599.089844,70.226562
2683,-10972.038086,-10968.976562,3.061523
2684,-11418.308594,-11410.593750,7.714844
2685,-10997.625977,-10938.364258,59.261719
2686,-10852.666016,-10903.578125,50.912109
2687,-10488.257812,-10473.639648,14.618164
2688,-12793.951172,-12925.684570,131.733398
2689,-11414.168945,-11405.535156,8.633789
2690,-11834.269531,-11913.861328,79.591797
2691,-11284.989258,-11407.232422,122.243164
2692,-11629.277344,-11576.140625,53.136719
2693,-12279.758789,-12384.614258,104.855469
2694,-11416.833008,-10910.073242,506.759766
2695,-11654.472656,-11543.717773,110.754883
2696,-11572.062500,-11511.653320,60.409180
2697,-9311.197266,-9554.788086,243.590820
2698,-9404.909180,-9554.279297,149.370117
2699,-10702.756836,-10800.330078,97.573242
2700,-10286.657227,-10408.250000,121.592773
2701,-10473.669922,-10441.150391,32.519531
2702,-9841.767578,-9991.850586,150.083008
2703,-9494.729492,-9956.471680,461.742188
2704,-11274.040039,-11407.058594,133.018555
2705,-10368.558594,-10474.880859,106.322266
2706,-10630.867188,-10532.541016,98.326172
2707,-10793.490234,-10945.375000,151.884766
2708,-12894.803711,-12925.813477,31.009766
2709,-11943.529297,-11948.579102,5.049805
2710,-9202.408203,-8922.132812,280.275391
2711,-11083.000000,-10938.265625,144.734375
2712,-11406.484375,-11440.572266,34.087891
2713,-11402.298828,-11341.529297,60.769531
2714,-12846.408203,-12925.106445,78.698242
2715,-11996.050781,-11915.114258,80.936523
2716,-12551.466797,-12553.177734,1.710938
2717,-10936.059570,-10935.582031,0.477539
2718,-11024.864258,-10939.249023,85.615234
2719,-11522.292969,-11476.301758,45.991211
2720,-11450.428711,-11406.968750,43.459961
2721,-12063.455078,-11981.989258,81.465820
2722,-10955.581055,-10968.576172,12.995117
2723,-12416.637695,-12353.995117,62.642578
2724,-10573.177734,-10533.064453,40.113281
2725,-11629.536133,-11542.560547,86.975586
2726,-10186.650391,-10332.175781,145.525391
2727,-11836.503906,-11844.945312,8.441406
2728,-11492.486328,-11440.491211,51.995117
2729,-8353.710938,-8427.693359,73.982422
2730,-11454.316406,-11478.152344,23.835938
2731,-11420.555664,-11510.474609,89.918945
2732,-10557.166992,-10499.763672,57.403320
2733,-12010.691406,-11916.392578,94.298828
2734,-11585.582031,-11542.347656,43.234375
2735,-11004.873047,-10935.825195,69.047852
2736,-6745.503418,-8324.150391,1578.646973
2737,-11464.606445,-11543.552734,78.946289
2738,-9702.034180,-9463.000000,239.034180
2739,-10530.144531,-10498.835938,31.308594
2740,-10600.879883,-10533.024414,67.855469
2741,-8990.301758,-7448.638672,1541.663086
2742,-10982.041992,-10967.751953,14.290039
2743,-11657.995117,-11511.616211,146.378906
2744,-10938.970703,-10872.981445,65.989258
2745,-10549.841797,-10566.262695,16.420898
2746,-10431.765625,-10598.192383,166.426758
2747,-11902.363281,-11948.221680,45.858398
2748,-10548.783203,-10498.048828,50.734375
2749,-11936.295898,-11948.149414,11.853516
2750,-10674.601562,-10879.572266,204.970703
2751,-10473.961914,-10305.143555,168.818359
2752,-10993.467773,-10935.322266,58.145508
2753,-10906.791992,-10936.218750,29.426758
2754,-11632.260742,-11543.459961,88.800781
2755,-11878.525391,-11813.788086,64.737305
2756,-10980.096680,-11001.048828,20.952148
2757,-10241.568359,-10364.329102,122.760742
2758,-12801.777344,-12787.984375,13.792969
2759,-10694.315430,-10564.529297,129.786133
2760,-12049.022461,-11978.204102,70.818359
2761,-9873.820312,-9958.431641,84.611328
2762,-11483.082031,-11510.899414,27.817383
2763,-12341.447266,-12385.119141,43.671875
2764,-9297.548828,-8921.989258,375.559570
2765,-10561.998047,-10532.086914,29.911133
2766,-10959.842773,-11000.495117,40.652344
2767,-10621.666016,-10566.431641,55.234375
2768,-12299.142578,-12354.295898,55.153320
2769,-10730.722656,-10835.442383,104.719727
2770,-11867.604492,-11948.994141,81.389648
2771,-10580.026367,-10533.487305,46.539062
2772,-11964.837891,-11981.993164,17.155273
2773,-9363.804688,-8452.380859,911.423828
2774,-11592.810547,-11576.906250,15.904297
2775,-11101.402344,-11001.488281,99.914062
2776,-9499.770508,-9302.630859,197.139648
2777,-10606.490234,-10498.810547,107.679688
2778,-12268.757812,-12145.211914,123.545898
2779,-12398.990234,-12386.193359,12.796875
2780,-12835.775391,-12958.605469,122.830078
2781,-11404.609375,-11508.862305,104.252930
2782,-11645.708008,-11577.538086,68.169922
2783,-10596.187500,-10499.833008,96.354492
2784,-9254.503906,-8519.961914,734.541992
2785,-12427.021484,-12521.450195,94.428711
2786,-12376.761719,-12521.199219,144.437500
2787,-11176.446289,-11238.838867,62.392578
2788,-12485.401367,-12351.662109,133.739258
2789,-13346.583984,-13364.036133,17.452148
2790,-11014.273438,-10845.142578,169.130859
2791,-11895.684570,-11844.460938,51.223633
2792,-10970.833984,-11236.973633,266.139648
2793,-11854.178711,-11810.208984,43.969727
2794,-11300.758789,-11445.554688,144.795898
2795,-11502.275391,-11510.106445,7.831055
2796,-9127.640625,-9455.760742,328.120117
2797,-10604.616211,-10468.632812,135.983398
2798,-10741.436523,-10764.996094,23.559570
2799,-12965.596680,-12789.243164,176.353516
2800,-12829.250000,-12894.006836,64.756836
2801,-10929.081055,-10844.802734,84.278320
2802,-10587.998047,-10533.298828,54.699219
2803,-10777.751953,-10744.290039,33.461914
2804,-12576.202148,-12490.327148,85.875000
2805,-9119.452148,-9522.442383,402.990234
2806,-9561.067383,-9960.405273,399.337891
2807,-10990.875977,-10938.010742,52.865234
2808,-10605.764648,-10566.193359,39.571289
2809,-10870.124023,-10912.230469,42.106445
2810,-12389.503906,-12386.504883,2.999023
2811,-9792.437500,-9326.137695,466.299805
2812,-11377.807617,-11339.896484,37.911133
2813,-12131.220703,-11948.684570,182.536133
2814,-11509.601562,-11541.672852,32.071289
2815,-11561.527344,-11542.490234,19.037109
2816,-10970.677734,-10936.791992,33.885742
2817,-8882.771484,-8863.562500,19.208984
2818,-11459.127930,-11479.407227,20.279297
2819,-11929.525391,-11949.103516,19.578125
2820,-11791.475586,-11946.691406,155.215820
2821,-10988.768555,-10935.455078,53.313477
2822,-10460.951172,-11270.176758,809.225586
2823,-11493.089844,-11543.782227,50.692383
2824,-9927.833008,-9901.092773,26.740234
2825,-11944.158203,-11915.687500,28.470703
2826,-10880.919922,-11002.922852,122.002930
2827,-11560.551758,-11576.900391,16.348633
2828,-10615.418945,-10598.807617,16.611328
2829,-11830.745117,-11947.970703,117.225586
2830,-10553.268555,-10500.141602,53.126953
2831,-12525.306641,-12520.515625,4.791016
2832,-9560.178711,-9429.597656,130.581055
2833,-10604.801758,-10565.151367,39.650391
2834,-10294.275391,-10427.132812,132.857422
2835,-11449.997070,-11509.410156,59.413086
2836,-10967.827148,-10968.081055,0.253906
2837,-11026.429688,-10911.329102,115.100586
2838,-12868.089844,-12860.526367,7.563477
2839,-11837.768555,-11948.882812,111.114258
2840,-13504.105469,-13444.412109,59.693359
2841,-11869.306641,-11947.728516,78.421875
2842,-11041.174805,-11003.862305,37.312500
2843,-9477.303711,-9496.829102,19.525391
2844,-11843.013672,-11947.264648,104.250977
2845,-11940.019531,-11812.428711,127.590820
2846,-11420.165039,-11373.357422,46.807617
2847,-12290.898438,-12350.261719,59.363281
2848,-9426.322266,-9555.833008,129.510742
2849,-9539.213867,-9269.726562,269.487305
2850,-11642.437500,-11575.642578,66.794922
2851,-10458.738281,-10474.351562,15.613281
2852,-12073.549805,-11948.270508,125.279297
2853,-12495.095703,-12522.085938,26.990234
2854,-11471.953125,-11508.931641,36.978516
2855,-10554.666016,-10800.663086,245.997070
2856,-10755.504883,-11270.925781,515.420898
2857,-10239.240234,-10364.164062,124.923828
2858,-10207.425781,-10337.833984,130.408203
2859,-9217.231445,-9490.370117,273.138672
2860,-12278.722656,-11949.505859,329.216797
2861,-11431.632812,-11543.411133,111.778320
2862,-9479.320312,-9495.478516,16.158203
2863,-10306.333008,-10440.688477,134.355469
2864,-11993.085938,-12014.753906,21.667969
2865,-11519.456055,-11510.707031,8.749023
2866,-12461.165039,-12521.375000,60.209961
2867,-8858.225586,-9521.303711,663.078125
2868,-12254.750000,-12321.250000,66.500000
2869,-11701.937500,-11486.424805,215.512695
2870,-11717.954102,-11608.865234,109.088867
2871,-11028.161133,-11270.232422,242.071289
2872,-8598.478516,-8427.523438,170.955078
2873,-9176.976562,-9371.063477,194.086914
2874,-11573.677734,-11510.826172,62.851562
2875,-10748.516602,-10775.057617,26.541016
2876,-10577.855469,-10532.969727,44.885742
2877,-11933.538086,-11913.796875,19.741211
2878,-11553.563477,-11544.527344,9.036133
2879,-10854.149414,-10903.208984,49.059570
2880,-12021.148438,-11949.945312,71.203125
2881,-11126.528320,-11269.706055,143.177734
2882,-11506.808594,-11511.657227,4.848633
2883,-11010.972656,-10933.847656,77.125000
2884,-11510.338867,-11575.809570,65.470703
2885,-10949.573242,-10937.764648,11.808594
2886,-10930.840820,-10969.071289,38.230469
2887,-16351.854492,-15613.668945,738.185547
2888,-10950.300781,-10970.714844,20.414062
2889,-11451.429688,-11511.693359,60.263672
2890,-10482.538086,-10506.800781,24.262695
2891,-11976.989258,-11916.541016,60.448242
2892,-11285.844727,-11341.862305,56.017578
2893,-11555.174805,-11541.708984,13.465820
2894,-10606.004883,-10498.885742,107.119141
2895,-10606.697266,-10501.182617,105.514648
2896,-10481.707031,-10465.562500,16.144531
2897,-9256.775391,-8485.222656,771.552734
2898,-10559.251953,-10564.348633,5.096680
2899,-11472.396484,-11477.375977,4.979492
2900,-11907.928711,-11947.947266,40.018555
2901,-11281.029297,-11342.660156,61.630859
2902,-12886.290039,-12958.905273,72.615234
2903,-10893.728516,-10935.162109,41.433594
2904,-12370.554688,-12520.847656,150.292969
2905,-9997.705078,-10865.594727,867.889648
2906,-11319.432617,-11440.236328,120.803711
2907,-10919.010742,-10970.075195,51.064453
2908,-8484.984375,-8697.049805,212.065430
2909,-11645.319336,-11544.893555,100.425781
2910,-11067.439453,-10910.264648,157.174805
2911,-9634.131836,-9462.851562,171.280273
2912,-10560.041016,-10533.200195,26.840820
2913,-9751.251953,-9923.602539,172.350586
2914,-11790.751953,-11811.161133,20.409180
2915,-10581.045898,-10499.478516,81.567383
2916,-12832.834961,-12790.225586,42.609375
2917,-9448.498047,-9487.587891,39.089844
2918,-12130.652344,-11949.040039,181.612305
2919,-11492.094727,-11544.310547,52.215820
2920,-9523.578125,-9301.640625,221.937500
2921,-10558.009766,-10532.795898,25.213867
2922,-10939.757812,-10903.553711,36.204102
2923,-9410.911133,-9521.189453,110.278320
2924,-12529.765625,-12521.075195,8.690430
2925,-12117.297852,-12247.117188,129.819336
2926,-12354.895508,-12353.929688,0.965820
2927,-10976.291992,-10968.550781,7.741211
2928,-11619.459961,-11609.325195,10.134766
2929,-10965.837891,-10903.367188,62.470703
2930,-11038.026367,-10938.738281,99.288086
2931,-10595.432617,-10534.166992,61.265625
2932,-12325.878906,-12352.888672,27.009766
2933,-11483.393555,-11508.547852,25.154297
2934,-10562.385742,-10532.965820,29.419922
2935,-11068.895508,-10971.380859,97.514648
2936,-11380.854492,-11407.868164,27.013672
2937,-12434.146484,-12457.311523,23.165039
2938,-8838.373047,-9523.727539,685.354492
2939,-10634.473633,-10566.557617,67.916016
2940,-10520.060547,-10467.026367,53.034180
2941,-11499.681641,-11146.181641,353.500000
2942,-12412.612305,-12353.931641,58.680664
2943,-10410.272461,-10833.190430,422.917969
2944,-11424.021484,-11342.403320,81.618164
2945,-13281.578125,-13499.001953,217.423828
2946,-11496.009766,-11511.235352,15.225586
2947,-10972.353516,-11001.703125,29.349609
2948,-10878.712891,-10906.108398,27.395508
2949,-10633.697266,-10500.023438,133.673828
2950,-12020.647461,-11947.239258,73.408203
2951,-10907.568359,-8805.140625,2102.427734
2952,-10904.423828,-10912.249023,7.825195
2953,-11958.519531,-11948.849609,9.669922
2954,-10596.259766,-10598.330078,2.070312
2955,-11052.119141,-10934.100586,118.018555
2956,-11418.596680,-11407.655273,10.941406
2957,-11401.777344,-11543.438477,141.661133
2958,-12504.930664,-12488.346680,16.583984
2959,-11522.621094,-11511.170898,11.450195
2960,-11408.289062,-11339.593750,68.695312
2961,-11389.304688,-11372.411133,16.893555
2962,-11373.611328,-11372.496094,1.115234
2963,-12011.415039,-11947.979492,63.435547
2964,-11542.312500,-11477.134766,65.177734
2965,-9687.169922,-9991.114258,303.944336
2966,-10957.355469,-10969.298828,11.943359
2967,-11288.291016,-11374.344727,86.053711
2968,-11346.412109,-11342.761719,3.650391
2969,-9616.919922,-9588.979492,27.940430
2970,-11025.373047,-10970.376953,54.996094
2971,-11090.343750,-11270.906250,180.562500
2972,-11037.179688,-10970.486328,66.693359
2973,-8355.130859,-7887.831543,467.299316
2974,-9378.029297,-9554.535156,176.505859
2975,-10592.773438,-10466.537109,126.236328
2976,-9849.312500,-9901.107422,51.794922
2977,-10932.885742,-11001.705078,68.819336
2978,-11490.083984,-11398.339844,91.744141
2979,-9500.509766,-9397.755859,102.753906
2980,-10630.407227,-10532.665039,97.742188
2981,-9912.376953,-9923.458008,11.081055
2982,-10609.117188,-10506.659180,102.458008
2983,-10708.448242,-10565.463867,142.984375
2984,-9915.092773,-9933.260742,18.167969
2985,-11046.194336,-10937.039062,109.155273
2986,-8425.563477,-8395.803711,29.759766
2987,-10923.923828,-10969.345703,45.421875
2988,-11492.581055,-11510.240234,17.659180
2989,-10255.021484,-10362.656250,107.634766
2990,-11953.455078,-11915.879883,37.575195
2991,-9321.891602,-8889.427734,432.463867
2992,-11403.145508,-11478.638672,75.493164
2993,-11505.009766,-11544.131836,39.122070
2994,-11821.580078,-11420.391602,401.188477
2995,-12394.377930,-12350.880859,43.497070
2996,-10695.144531,-10833.494141,138.349609
2997,-12849.555664,-12957.332031,107.776367
2998,-12464.329102,-12489.931641,25.602539
2999,-9212.185547,-9521.440430,309.254883
3000,-11402.518555,-11339.906250,62.612305
3001,-11457.777344,-11373.945312,83.832031
3002,-10903.666992,-10938.025391,34.358398
3003,-10645.193359,-10598.626953,46.566406
3004,-10894.125000,-10936.490234,42.365234
3005,-10585.068359,-10565.173828,19.894531
3006,-11962.870117,-11913.258789,49.611328
3007,-11043.538086,-11002.708984,40.829102
3008,-12011.429688,-11945.103516,66.326172
3009,-11421.979492,-11477.455078,55.475586
3010,-12026.974609,-11947.472656,79.501953
3011,-10534.371094,-10499.772461,34.598633
3012,-9376.119141,-8924.485352,451.633789
3013,-11531.904297,-11543.620117,11.715820
3014,-12047.060547,-11947.577148,99.483398
3015,-11861.850586,-11915.753906,53.903320
3016,-11919.002930,-11948.578125,29.575195
3017,-10277.335938,-10327.459961,50.124023
3018,-12362.744141,-12386.438477,23.694336
3019,-11524.686523,-11542.905273,18.218750
3020,-11514.452148,-11509.487305,4.964844
3021,-8924.033203,-7853.954102,1070.079102
3022,-8220.764648,-10025.998047,1805.233398
3023,-11556.047852,-11543.851562,12.196289
3024,-11442.237305,-11510.508789,68.271484
3025,-10969.710938,-10937.120117,32.590820
3026,-10582.945312,-10534.629883,48.315430
3027,-11428.050781,-11509.125000,81.074219
3028,-11990.953125,-11981.385742,9.567383
3029,-10893.466797,-10936.909180,43.442383
3030,-11603.222656,-11451.983398,151.239258
3031,-11528.004883,-11511.454102,16.550781
3032,-11650.692383,-11542.007812,108.684570
3033,-11601.050781,-11544.038086,57.012695
3034,-9162.948242,-9554.343750,391.395508
3035,-11336.975586,-11406.440430,69.464844
3036,-9363.423828,-9488.488281,125.064453
3037,-8889.802734,-6346.170898,2543.631836
3038,-12806.170898,-12373.375977,432.794922
3039,-11525.855469,-11543.408203,17.552734
3040,-11619.936523,-11576.104492,43.832031
3041,-11362.308594,-11374.332031,12.023438
3042,-10775.188477,-10968.807617,193.619141
3043,-11638.015625,-11825.421875,187.406250
3044,-12570.108398,-12522.467773,47.640625
3045,-12054.125977,-11979.639648,74.486328
3046,-10439.453125,-10473.879883,34.426758
3047,-11023.687500,-10904.172852,119.514648
3048,-10997.321289,-10906.572266,90.749023
3049,-14149.672852,-14202.466797,52.793945
3050,-9308.455078,-9620.889648,312.434570
3051,-11307.765625,-11373.306641,65.541016
3052,-11391.823242,-11373.623047,18.200195
3053,-11622.083984,-11453.245117,168.838867
3054,-12974.974609,-12787.973633,187.000977
3055,-11534.251953,-11542.203125,7.951172
3056,-10511.494141,-10532.293945,20.799805
3057,-12233.779297,-12488.051758,254.272461
3058,-11369.885742,-11439.494141,69.608398
3059,-10578.026367,-10566.044922,11.981445
3060,-11092.817383,-10847.927734,244.889648
3061,-9400.777344,-8486.578125,914.199219
3062,-14935.251953,-14637.000000,298.251953
3063,-10587.676758,-10533.236328,54.440430
3064,-10284.255859,-10396.145508,111.889648
3065,-11000.879883,-10837.929688,162.950195
3066,-12116.847656,-12215.741211,98.893555
3067,-9551.658203,-9464.926758,86.731445
3068,-10482.103516,-10498.686523,16.583008
3069,-10979.670898,-10936.976562,42.694336
3070,-11609.690430,-11544.626953,65.063477
3071,-15734.824219,-15460.208008,274.616211
3072,-10576.551758,-10532.886719,43.665039
3073,-10946.999023,-11001.138672,54.139648
3074,-12013.028320,-11914.182617,98.845703
3075,-12442.181641,-12351.909180,90.272461
3076,-9258.104492,-9553.881836,295.777344
3077,-12890.664062,-12855.876953,34.787109
3078,-12804.108398,-12820.302734,16.194336
3079,-12478.839844,-12382.445312,96.394531
3080,-10657.208008,-10832.524414,175.316406
3081,-11487.034180,-11475.940430,11.093750
3082,-10302.334961,-10395.965820,93.630859
3083,-11048.441406,-11003.745117,44.696289
3084,-9432.024414,-9438.955078,6.930664
3085,-11622.657227,-11478.600586,144.056641
3086,-12838.216797,-12991.558594,153.341797
3087,-11394.525391,-11408.972656,14.447266
3088,-6764.808105,-7449.341797,684.533691
3089,-10658.353516,-10631.789062,26.564453
3090,-12765.201172,-12891.790039,126.588867
3091,-11554.500000,-11543.666992,10.833008
3092,-11524.521484,-11479.819336,44.702148
3093,-9827.734375,-9869.153320,41.418945
3094,-10608.790039,-10532.771484,76.018555
3095,-9493.199219,-9405.003906,88.195312
3096,-12879.598633,-12891.301758,11.703125
3097,-12864.562500,-12891.820312,27.257812
3098,-12373.530273,-12457.319336,83.789062
3099,-10993.805664,-10936.852539,56.953125
3100,-10562.337891,-10533.439453,28.898438
3101,-11918.028320,-11947.305664,29.277344
3102,-7897.174805,-7821.307617,75.867188
3103,-10426.314453,-10475.792969,49.478516
3104,-14409.846680,-13871.909180,537.937500
3105,-11977.041016,-12150.783203,173.742188
3106,-11497.776367,-11510.409180,12.632812
3107,-11513.596680,-11542.605469,29.008789
3108,-11509.812500,-11543.416016,33.603516
3109,-13485.851562,-13548.284180,62.432617
3110,-12536.834961,-12385.767578,151.067383
3111,-10983.165039,-10968.478516,14.686523
3112,-11508.930664,-11478.652344,30.278320
3113,-14050.548828,-13880.080078,170.468750
3114,-11556.947266,-11511.614258,45.333008
3115,-10620.975586,-10565.092773,55.882812
3116,-11022.809570,-10905.237305,117.572266
3117,-10207.033203,-10329.163086,122.129883
3118,-11122.134766,-11269.852539,147.717773
3119,-11255.619141,-11373.967773,118.348633
3120,-10589.251953,-10832.535156,243.283203
3121,-12817.209961,-12823.488281,6.278320
3122,-10167.714844,-9358.476562,809.238281
3123,-11429.871094,-11341.880859,87.990234
3124,-11583.228516,-11542.694336,40.534180
3125,-11749.730469,-11810.633789,60.903320
3126,-10538.330078,-10499.179688,39.150391
3127,-10667.338867,-10473.741211,193.597656
3128,-11825.527344,-11883.256836,57.729492
3129,-11996.482422,-11948.207031,48.275391
3130,-9953.033203,-9837.028320,116.004883
3131,-9564.303711,-9430.254883,134.048828
3132,-10999.591797,-10970.410156,29.181641
3133,-11752.666992,-11211.561523,541.105469
3134,-10819.511719,-10878.625977,59.114258
3135,-10957.464844,-10936.471680,20.993164
3136,-11530.894531,-11512.026367,18.868164
3137,-8517.472656,-8393.020508,124.452148
3138,-11663.006836,-11544.601562,118.405273
3139,-11988.300781,-11915.393555,72.907227
3140,-11074.646484,-10912.095703,162.550781
3141,-12305.357422,-12385.321289,79.963867
3142,-11481.745117,-11511.583008,29.837891
3143,-11732.036133,-11779.292969,47.256836
3144,-11497.725586,-11510.482422,12.756836
3145,-12437.539062,-12385.861328,51.677734
3146,-10924.033203,-11001.611328,77.578125
3147,-10963.127930,-10935.732422,27.395508
3148,-11851.698242,-11916.093750,64.395508
3149,-10911.153320,-12431.176758,1520.023438
3150,-10523.667969,-10499.296875,24.371094
3151,-11018.285156,-10938.344727,79.940430
3152,-10655.341797,-10832.158203,176.816406
3153,-11526.995117,-11509.644531,17.350586
3154,-11397.375977,-11374.810547,22.565430
3155,-9656.597656,-8857.155273,799.442383
3156,-10542.447266,-10499.554688,42.892578
3157,-12467.983398,-12488.584961,20.601562
3158,-10977.590820,-10968.635742,8.955078
3159,-12795.306641,-12821.394531,26.087891
3160,-11856.231445,-11946.899414,90.667969
3161,-11425.251953,-11373.926758,51.325195
3162,-12017.343750,-12247.368164,230.024414
3163,-9620.059570,-9990.849609,370.790039
3164,-10958.996094,-10934.299805,24.696289
3165,-11511.255859,-11509.571289,1.684570
3166,-11427.718750,-11509.179688,81.460938
3167,-9532.654297,-9407.237305,125.416992
3168,-9640.300781,-9529.518555,110.782227
3169,-10552.516602,-10566.106445,13.589844
3170,-12306.064453,-12215.947266,90.117188
3171,-11011.541992,-10937.966797,73.575195
3172,-12415.759766,-12216.496094,199.263672
3173,-12789.207031,-12894.268555,105.061523
3174,-11098.729492,-11270.442383,171.712891
3175,-9089.807617,-8519.372070,570.435547
3176,-9618.336914,-9496.247070,122.089844
3177,-12397.783203,-12385.352539,12.430664
3178,-10948.682617,-10970.263672,21.581055
3179,-10548.513672,-10434.992188,113.521484
3180,-8752.427734,-9379.471680,627.043945
3181,-10969.416016,-11002.872070,33.456055
3182,-10544.254883,-10532.140625,12.114258
3183,-13029.967773,-12431.206055,598.761719
3184,-10580.374023,-10532.048828,48.325195
3185,-10427.204102,-10474.125977,46.921875
3186,-11169.992188,-11203.635742,33.643555
3187,-12336.117188,-12353.023438,16.906250
3188,-9914.625000,-9867.916016,46.708984
3189,-10566.825195,-10532.970703,33.854492
3190,-11767.279297,-11746.172852,21.106445
3191,-11336.684570,-11374.644531,37.959961
3192,-11047.159180,-10937.224609,109.934570
3193,-12031.971680,-11825.672852,206.298828
3194,-8921.050781,-7416.485352,1504.565430
3195,-10564.995117,-10566.166992,1.171875
3196,-10953.245117,-10934.571289,18.673828
3197,-11847.253906,-11744.565430,102.688477
3198,-10587.889648,-10533.099609,54.790039
3199,-9747.574219,-9959.442383,211.868164
3200,-10897.305664,-10936.452148,39.146484
3201,-11530.588867,-11510.513672,20.075195
3202,-10464.269531,-10440.435547,23.833984
3203,-10525.576172,-10498.708984,26.867188
3204,-12775.821289,-12791.923828,16.102539
3205,-10680.989258,-10499.010742,181.978516
3206,-10979.166992,-10903.013672,76.153320
3207,-11002.044922,-10969.608398,32.436523
3208,-8961.076172,-9555.124023,594.047852
3209,-9279.107422,-9294.646484,15.539062
3210,-12401.401367,-12417.072266,15.670898
3211,-10953.109375,-10870.935547,82.173828
3212,-11708.339844,-11845.144531,136.804688
3213,-11645.464844,-11545.228516,100.236328
3214,-11184.324219,-11238.027344,53.703125
3215,-12294.766602,-12352.475586,57.708984
3216,-11092.206055,-10937.324219,154.881836
3217,-11008.181641,-10903.575195,104.606445
3218,-11652.096680,-11675.022461,22.925781
3219,-10519.875000,-10464.512695,55.362305
3220,-9163.847656,-7221.797852,1942.049805
3221,-9715.265625,-9866.013672,150.748047
3222,-10599.571289,-10531.916992,67.654297
3223,-10516.651367,-10500.505859,16.145508
3224,-11337.298828,-11440.340820,103.041992
3225,-12544.304688,-12586.296875,41.992188
3226,-9804.194336,-9898.475586,94.281250
3227,-9084.928711,-6693.548340,2391.380371
3228,-9404.455078,-9587.520508,183.065430
3229,-14451.524414,-14482.785156,31.260742
3230,-12322.621094,-12249.875977,72.745117
3231,-11413.922852,-11373.916992,40.005859
3232,-12024.150391,-11946.541016,77.609375
3233,-11050.196289,-10935.619141,114.577148
3234,-10615.394531,-10565.119141,50.275391
3235,-11376.084961,-11376.763672,0.678711
3236,-9006.179688,-9238.302734,232.123047
3237,-14539.533203,-14421.514648,118.018555
3238,-11909.549805,-11915.412109,5.862305
3239,-10564.563477,-10466.445312,98.118164
3240,-9141.438477,-9455.688477,314.250000
3241,-11856.957031,-11845.213867,11.743164
3242,-10273.174805,-10362.351562,89.176758
3243,-9623.511719,-8923.808594,699.703125
3244,-11194.224609,-11284.950195,90.725586
3245,-11522.686523,-11511.427734,11.258789
3246,-11372.011719,-11373.806641,1.794922
3247,-10202.712891,-11335.437500,1132.724609
3248,-12029.157227,-11945.076172,84.081055
3249,-10845.267578,-10846.658203,1.390625
3250,-11548.887695,-11543.174805,5.712891
3251,-9143.859375,-8896.908203,246.951172
3252,-11840.347656,-11813.416992,26.930664
3253,-10933.641602,-10968.494141,34.852539
3254,-11701.927734,-11811.028320,109.100586
3255,-10906.013672,-10969.033203,63.019531
3256,-11648.081055,-11544.880859,103.200195
3257,-10193.055664,-10362.576172,169.520508
3258,-8824.617188,-6785.388672,2039.228516
3259,-11535.027344,-11509.851562,25.175781
3260,-10316.987305,-10365.186523,48.199219
3261,-11006.088867,-10936.955078,69.133789
3262,-8044.188477,-6815.876465,1228.312012
3263,-11163.945312,-11303.475586,139.530273
3264,-12307.673828,-12320.987305,13.313477
3265,-9145.802734,-9488.447266,342.644531
3266,-10218.989258,-10365.501953,146.512695
3267,-11350.833984,-11374.270508,23.436523
3268,-10632.647461,-10598.320312,34.327148
3269,-10537.029297,-10466.740234,70.289062
3270,-9532.966797,-9463.679688,69.287109
3271,-12456.178711,-12349.999023,106.179688
3272,-9783.388672,-9934.324219,150.935547
3273,-14073.127930,-13873.048828,200.079102
3274,-10240.243164,-10395.930664,155.687500
3275,-10516.853516,-10802.272461,285.418945
3276,-11564.734375,-11576.854492,12.120117
3277,-11006.698242,-10971.190430,35.507812
3278,-10880.396484,-11001.500977,121.104492
3279,-11906.355469,-11949.188477,42.833008
3280,-10044.231445,-9895.558594,148.672852
3281,-9564.380859,-9438.704102,125.676758
3282,-10144.488281,-10396.114258,251.625977
3283,-10395.263672,-10338.106445,57.157227
3284,-11413.968750,-11374.911133,39.057617
3285,-11397.439453,-11439.707031,42.267578
3286,-11488.311523,-11542.969727,54.658203
3287,-11590.117188,-11543.534180,46.583008
3288,-9592.457031,-9588.968750,3.488281
3289,-11569.755859,-11543.930664,25.825195
3290,-12456.578125,-12455.891602,0.686523
3291,-9434.330078,-9588.377930,154.047852
3292,-11412.008789,-11374.638672,37.370117
3293,-10651.603516,-10598.986328,52.617188
3294,-10360.739258,-10410.887695,50.148438
3295,-13715.879883,-13401.913086,313.966797
3296,-10605.431641,-10498.936523,106.495117
3297,-12280.606445,-12249.358398,31.248047
3298,-9956.662109,-10364.315430,407.653320
3299,-11011.561523,-10970.583008,40.978516
3300,-10664.721680,-10566.457031,98.264648
3301,-8008.266602,-7763.599121,244.667480
3302,-11786.373047,-11844.013672,57.640625
3303,-11619.912109,-11576.136719,43.775391
3304,-12346.569336,-12456.398438,109.829102
3305,-12360.980469,-12419.684570,58.704102
3306,-12407.267578,-12350.866211,56.401367
3307,-10331.804688,-10360.210938,28.406250
3308,-11960.511719,-11882.321289,78.190430
3309,-12424.498047,-12489.336914,64.838867
3310,-11031.213867,-10968.536133,62.677734
3311,-11098.912109,-10878.560547,220.351562
3312,-10360.261719,-10339.534180,20.727539
3313,-10981.791016,-10936.968750,44.822266
3314,-11309.779297,-11341.549805,31.770508
3315,-10607.891602,-10531.838867,76.052734
3316,-11551.623047,-11511.358398,40.264648
3317,-10551.708984,-10464.942383,86.766602
3318,-11496.076172,-11477.118164,18.958008
3319,-12773.231445,-12926.897461,153.666016
3320,-11505.062500,-11509.446289,4.383789
3321,-11335.242188,-11376.278320,41.036133
3322,-9152.812500,-9555.877930,403.065430
3323,-11353.348633,-11406.537109,53.188477
3324,-12939.127930,-12926.235352,12.892578
3325,-11024.516602,-10971.813477,52.703125
3326,-12008.618164,-11945.833008,62.785156
3327,-10289.558594,-10393.076172,103.517578
3328,-9476.376953,-9497.288086,20.911133
3329,-11895.516602,-11914.212891,18.696289
3330,-9871.801758,-9960.629883,88.828125
3331,-11949.536133,-11916.176758,33.359375
3332,-11968.143555,-11948.418945,19.724609
3333,-6065.900879,-9990.939453,3925.038574
3334,-11962.250000,-11916.532227,45.717773
3335,-13460.905273,-13468.125977,7.220703
3336,-11325.879883,-11337.957031,12.077148
3337,-11423.148438,-11510.824219,87.675781
3338,-13422.373047,-13434.762695,12.389648
3339,-11048.707031,-10938.144531,110.562500
3340,-10202.434570,-10363.666016,161.231445
3341,-10039.057617,-10833.671875,794.614258
3342,-9422.618164,-9202.767578,219.850586
3343,-11468.986328,-11542.750000,73.763672
3344,-12463.430664,-12520.362305,56.931641
3345,-11589.565430,-11575.789062,13.776367
3346,-10171.976562,-10396.270508,224.293945
3347,-12126.501953,-11945.754883,180.747070
3348,-11983.178711,-11980.155273,3.023438
3349,-10496.369141,-10430.916016,65.453125
3350,-11628.510742,-11543.604492,84.906250
3351,-10714.877930,-10832.185547,117.307617
3352,-13627.548828,-13531.694336,95.854492
3353,-9292.599609,-9555.706055,263.106445
3354,-10475.140625,-10469.167969,5.972656
3355,-10626.074219,-10599.134766,26.939453
3356,-10932.695312,-10934.250977,1.555664
3357,-12220.540039,-12248.634766,28.094727
3358,-11920.208984,-11882.258789,37.950195
3359,-9679.777344,-9462.959961,216.817383
3360,-10230.879883,-10395.054688,164.174805
3361,-11357.205078,-11342.884766,14.320312
3362,-11000.299805,-11001.579102,1.279297
3363,-10591.609375,-10566.433594,25.175781
3364,-9879.228516,-10023.858398,144.629883
3365,-11531.937500,-11510.688477,21.249023
3366,-11509.134766,-11575.791016,66.656250
3367,-12429.847656,-12521.970703,92.123047
3368,-11232.749023,-11420.844727,188.095703
3369,-8430.485352,-8359.979492,70.505859
3370,-10507.188477,-10500.408203,6.780273
3371,-11392.035156,-11372.750000,19.285156
3372,-11929.286133,-11844.494141,84.791992
3373,-11455.557617,-11476.501953,20.944336
3374,-12453.937500,-12553.967773,100.030273
3375,-10506.016602,-10566.069336,60.052734
3376,-10464.355469,-10565.148438,100.792969
3377,-10348.384766,-10274.172852,74.211914
3378,-12364.315430,-12353.777344,10.538086
3379,-10627.885742,-10565.020508,62.865234
3380,-12366.723633,-12489.774414,123.050781
3381,-11930.805664,-11916.377930,14.427734
3382,-10963.453125,-10968.509766,5.056641
3383,-9085.040039,-9588.360352,503.320312
3384,-12827.634766,-12926.399414,98.764648
3385,-12241.873047,-12417.601562,175.728516
3386,-10205.701172,-10395.697266,189.996094
3387,-9521.669922,-9428.725586,92.944336
3388,-11395.014648,-11476.884766,81.870117
3389,-10989.068359,-10936.184570,52.883789
3390,-10303.546875,-10365.125977,61.579102
3391,-11946.230469,-11947.197266,0.966797
3392,-11995.682617,-11948.821289,46.861328
3393,-10534.405273,-10499.930664,34.474609
3394,-11378.228516,-11375.630859,2.597656
3395,-11585.072266,-11509.954102,75.118164
3396,-11732.357422,-11542.766602,189.590820
3397,-10978.831055,-10934.009766,44.821289
3398,-12030.416992,-11980.890625,49.526367
3399,-11391.828125,-11340.935547,50.892578
3400,-11375.718750,-11338.207031,37.511719
3401,-11437.454102,-11478.505859,41.051758
3402,-12829.222656,-12925.236328,96.013672
3403,-11579.494141,-11511.209961,68.284180
3404,-10597.526367,-10531.144531,66.381836
3405,-11927.685547,-11981.103516,53.417969
3406,-11887.994141,-11883.321289,4.672852
3407,-10575.445312,-10440.297852,135.147461
3408,-10543.775391,-10599.153320,55.377930
3409,-10234.030273,-10397.606445,163.576172
3410,-9750.213867,-9899.452148,149.238281
3411,-10028.418945,-9932.578125,95.840820
3412,-10969.401367,-10969.855469,0.454102
3413,-10972.482422,-10969.658203,2.824219
3414,-9854.090820,-9898.236328,44.145508
3415,-10601.484375,-10467.124023,134.360352
3416,-10560.381836,-10531.875977,28.505859
3417,-10511.955078,-10499.921875,12.033203
3418,-10085.359375,-9934.143555,151.215820
3419,-12448.875000,-12466.693359,17.818359
3420,-12472.686523,-12489.076172,16.389648
3421,-9766.687500,-9859.731445,93.043945
3422,-9812.964844,-8890.333984,922.630859
3423,-10969.798828,-11034.626953,64.828125
3424,-11813.500977,-11780.300781,33.200195
3425,-12330.006836,-12354.071289,24.064453
3426,-8336.301758,-8361.621094,25.319336
3427,-9294.290039,-9521.518555,227.228516
3428,-10944.115234,-10938.583984,5.531250
3429,-11618.402344,-11419.324219,199.078125
3430,-9300.267578,-9555.754883,255.487305
3431,-10948.119141,-10936.391602,11.727539
3432,-11596.773438,-11543.866211,52.907227
3433,-10261.370117,-10360.204102,98.833984
3434,-10558.306641,-10500.371094,57.935547
3435,-11544.315430,-11544.095703,0.219727
3436,-10630.308594,-10566.056641,64.251953
3437,-10974.090820,-10971.268555,2.822266
3438,-11498.293945,-11477.244141,21.049805
3439,-11923.325195,-11946.791016,23.465820
3440,-11536.207031,-11477.298828,58.908203
3441,-9917.096680,-10362.589844,445.493164
3442,-9139.688477,-9522.439453,382.750977
3443,-8991.118164,-9991.675781,1000.557617
3444,-11684.886719,-11576.884766,108.001953
3445,-10977.540039,-11001.674805,24.134766
3446,-11503.153320,-11511.221680,8.068359
3447,-11149.789062,-10913.083984,236.705078
3448,-10575.813477,-10565.129883,10.683594
3449,-11091.434570,-10972.108398,119.326172
3450,-9896.913086,-9923.544922,26.631836
3451,-11079.712891,-11036.541016,43.171875
3452,-12461.842773,-12354.916992,106.925781
3453,-9597.894531,-8922.012695,675.881836
3454,-11980.160156,-11947.708984,32.451172
3455,-10638.461914,-10866.989258,228.527344
3456,-11216.520508,-10508.692383,707.828125
3457,-12168.022461,-12319.560547,151.538086
3458,-9410.691406,-9520.611328,109.919922
3459,-11340.720703,-11373.281250,32.560547
3460,-11569.311523,-11510.633789,58.677734
3461,-10608.055664,-10531.850586,76.205078
3462,-12327.447266,-12386.709961,59.262695
3463,-11875.786133,-11915.834961,40.048828
3464,-11563.343750,-11511.485352,51.858398
3465,-12475.231445,-12350.329102,124.902344
3466,-11315.915039,-11406.873047,90.958008
3467,-11825.955078,-11883.223633,57.268555
3468,-12763.013672,-12683.987305,79.026367
3469,-12318.673828,-12385.322266,66.648438
3470,-11025.498047,-10904.706055,120.791992
3471,-10552.772461,-10532.728516,20.043945
3472,-11542.511719,-11509.647461,32.864258
3473,-10956.661133,-10938.621094,18.040039
3474,-11368.302734,-11374.292969,5.990234
3475,-9733.379883,-10025.999023,292.619141
3476,-11933.364258,-11916.272461,17.091797
3477,-11601.884766,-11512.226562,89.658203
3478,-11983.391602,-11882.031250,101.360352
3479,-10448.609375,-10473.900391,25.291016
3480,-12062.415039,-11917.639648,144.775391
3481,-10595.955078,-10565.228516,30.726562
3482,-10126.259766,-10330.554688,204.294922
3483,-11916.277344,-11980.909180,64.631836
3484,-12614.924805,-12553.461914,61.462891
3485,-5725.373535,-9521.166016,3795.792480
3486,-11019.125977,-10968.607422,50.518555
3487,-11553.273438,-11510.185547,43.087891
3488,-12373.758789,-12384.870117,11.111328
3489,-10806.690430,-10800.382812,6.307617
3490,-10978.852539,-11001.752930,22.900391
3491,-10999.283203,-11317.814453,318.531250
3492,-11599.566406,-11179.325195,420.241211
3493,-11892.745117,-11947.763672,55.018555
3494,-10450.875977,-10439.958984,10.916992
3495,-9389.185547,-9497.354492,108.168945
3496,-12280.339844,-12250.678711,29.661133
3497,-12371.649414,-12455.132812,83.483398
3498,-11069.545898,-11034.441406,35.104492
3499,-11645.865234,-11542.494141,103.371094
3500,-12327.279297,-12456.114258,128.834961
3501,-9454.667969,-9554.571289,99.903320
3502,-11368.169922,-11478.762695,110.592773
3503,-15784.249023,-15459.993164,324.255859
3504,-11352.166016,-11374.803711,22.637695
3505,-12008.730469,-12014.776367,6.045898
3506,-11785.719727,-11809.821289,24.101562
3507,-9921.930664,-9329.276367,592.654297
3508,-11926.385742,-11914.494141,11.891602
3509,-11776.132812,-11809.827148,33.694336
3510,-11431.521484,-11408.838867,22.682617
3511,-12462.383789,-12522.754883,60.371094
3512,-11027.953125,-10904.161133,123.791992
3513,-10409.548828,-10431.027344,21.478516
3514,-12031.348633,-11980.737305,50.611328
3515,-11950.429688,-11948.208984,2.220703
3516,-10794.093750,-10936.323242,142.229492
3517,-11718.018555,-11721.577148,3.558594
3518,-10467.953125,-10473.183594,5.230469
3519,-11984.621094,-11980.179688,4.441406
3520,-11489.748047,-11282.958008,206.790039
3521,-11557.611328,-11543.825195,13.786133
3522,-6051.594238,-6256.387207,204.792969
3523,-9726.458008,-9959.509766,233.051758
3524,-12459.839844,-12353.109375,106.730469
3525,-9471.243164,-9462.876953,8.366211
3526,-12488.513672,-12521.308594,32.794922
3527,-10905.850586,-11237.847656,331.997070
3528,-10969.683594,-10969.874023,0.190430
3529,-9790.932617,-9956.718750,165.786133
3530,-12476.844727,-12488.486328,11.641602
3531,-9104.093750,-9555.696289,451.602539
3532,-10969.167969,-10968.183594,0.984375
3533,-12486.095703,-12521.004883,34.909180
3534,-9595.369141,-9407.334961,188.034180
3535,-9735.725586,-9957.541992,221.816406
3536,-11371.279297,-11477.750977,106.471680
3537,-10575.306641,-10507.852539,67.454102
3538,-11844.848633,-11813.402344,31.446289
3539,-11688.745117,-11420.662109,268.083008
3540,-11578.303711,-11575.920898,2.382812
3541,-11440.085938,-11373.861328,66.224609
3542,-12749.421875,-12925.556641,176.134766
3543,-11900.741211,-11916.008789,15.267578
3544,-11678.853516,-11813.215820,134.362305
3545,-12992.144531,-12956.766602,35.377930
3546,-10601.781250,-10533.698242,68.083008
3547,-10944.247070,-10969.891602,25.644531
3548,-8768.298828,-9166.297852,397.999023
3549,-10577.369141,-10532.585938,44.783203
3550,-11882.830078,-11780.605469,102.224609
3551,-11829.803711,-11812.995117,16.808594
3552,-11817.855469,-11914.854492,96.999023
3553,-10616.277344,-10565.172852,51.104492
3554,-11599.766602,-11576.074219,23.692383
3555,-11597.695312,-11543.358398,54.336914
3556,-10709.544922,-10911.145508,201.600586
3557,-10986.517578,-10969.781250,16.736328
3558,-9983.055664,-9934.483398,48.572266
3559,-10601.413086,-10530.960938,70.452148
3560,-10885.725586,-10879.791992,5.933594
3561,-11944.841797,-11914.808594,30.033203
3562,-10573.842773,-10465.552734,108.290039
3563,-10201.702148,-10397.564453,195.862305
3564,-11999.458008,-11945.750000,53.708008
3565,-11589.688477,-11576.771484,12.916992
3566,-10427.902344,-10802.178711,374.276367
3567,-12447.251953,-12522.739258,75.487305
3568,-12007.463867,-12012.163086,4.699219
3569,-9803.216797,-9867.356445,64.139648
3570,-11410.692383,-11373.411133,37.281250
3571,-12788.041992,-12894.807617,106.765625
3572,-11382.356445,-11478.752930,96.396484
3573,-12250.646484,-12352.292969,101.646484
3574,-10615.257812,-10566.589844,48.667969
3575,-11589.258789,-11542.167969,47.090820
3576,-12930.000000,-12592.184570,337.815430
3577,-11816.274414,-11812.007812,4.266602
3578,-10554.319336,-10468.003906,86.315430
3579,-10027.242188,-9965.813477,61.428711
3580,-10630.668945,-10497.963867,132.705078
3581,-11949.334961,-11913.763672,35.571289
3582,-9782.654297,-9992.283203,209.628906
3583,-10478.838867,-10399.692383,79.146484
3584,-12977.062500,-13007.571289,30.508789
3585,-10573.097656,-10532.431641,40.666016
3586,-11986.045898,-11979.042969,7.002930
3587,-10973.088867,-10935.958984,37.129883
3588,-10675.157227,-11206.099609,530.942383
3589,-10555.660156,-10498.003906,57.656250
3590,-11986.314453,-11947.506836,38.807617
3591,-12408.929688,-12385.682617,23.247070
3592,-10996.838867,-11003.257812,6.418945
3593,-9966.442383,-9836.970703,129.471680
3594,-13233.798828,-13329.762695,95.963867
3595,-10581.201172,-10598.554688,17.353516
3596,-10545.431641,-10498.544922,46.886719
3597,-11651.418945,-11543.388672,108.030273
3598,-10566.048828,-10533.007812,33.041016
3599,-10612.427734,-10566.443359,45.984375
3600,-11914.626953,-11948.589844,33.962891
3601,-11417.987305,-11474.071289,56.083984
3602,-11088.791016,-11180.401367,91.610352
3603,-10164.254883,-10365.484375,201.229492
3604,-11526.615234,-11511.083984,15.531250
3605,-12215.163086,-12248.732422,33.569336
3606,-10239.033203,-10306.320312,67.287109
3607,-8314.508789,-8486.562500,172.053711
3608,-10413.757812,-10474.431641,60.673828
3609,-13823.223633,-13434.243164,388.980469
3610,-10470.906250,-10474.269531,3.363281
3611,-10527.745117,-10498.708008,29.037109
3612,-10246.667969,-10430.279297,183.611328
3613,-10554.183594,-10532.157227,22.026367
3614,-11534.172852,-11509.080078,25.092773
3615,-10954.372070,-10906.071289,48.300781
3616,-10575.238281,-10498.878906,76.359375
3617,-11486.721680,-11576.213867,89.492188
3618,-11849.016602,-11947.241211,98.224609
3619,-12412.979492,-12353.184570,59.794922
3620,-10675.838867,-10566.572266,109.266602
3621,-12374.308594,-12451.613281,77.304688
3622,-12474.885742,-12586.902344,112.016602
3623,-10665.578125,-10801.608398,136.030273
3624,-12469.356445,-12487.896484,18.540039
3625,-11497.053711,-11311.686523,185.367188
3626,-11842.676758,-11914.992188,72.315430
3627,-10325.169922,-10405.894531,80.724609
3628,-11419.137695,-11444.199219,25.061523
3629,-10808.740234,-10878.732422,69.992188
3630,-11517.250000,-11510.719727,6.530273
3631,-10861.625000,-10903.199219,41.574219
3632,-11152.230469,-11239.602539,87.372070
3633,-10993.412109,-11003.185547,9.773438
3634,-10575.023438,-10564.736328,10.287109
3635,-10551.341797,-10498.670898,52.670898
3636,-11426.334961,-11406.863281,19.471680
3637,-12719.675781,-12956.908203,237.232422
3638,-10595.318359,-10566.183594,29.134766
3639,-9379.540039,-9521.096680,141.556641
3640,-11063.916016,-10937.637695,126.278320
3641,-11399.509766,-11437.892578,38.382812
3642,-11913.315430,-11917.047852,3.732422
3643,-9158.021484,-9489.400391,331.378906
3644,-11325.540039,-11476.805664,151.265625
3645,-9971.119141,-9901.217773,69.901367
3646,-11480.399414,-11576.753906,96.354492
3647,-10633.279297,-10834.127930,200.848633
3648,-12705.708984,-12893.497070,187.788086
3649,-11926.473633,-11947.055664,20.582031
3650,-12794.081055,-12926.635742,132.554688
3651,-10961.499023,-10968.745117,7.246094
3652,-11014.561523,-10937.297852,77.263672
3653,-10328.313477,-10087.437500,240.875977
3654,-7900.616211,-8728.505859,827.889648
3655,-8505.635742,-8394.277344,111.358398
3656,-10606.791992,-10533.276367,73.515625
3657,-12396.401367,-12488.731445,92.330078
3658,-10968.208984,-10938.314453,29.894531
3659,-11560.789062,-11510.889648,49.899414
3660,-11764.498047,-11845.826172,81.328125
3661,-10877.698242,-10938.039062,60.340820
3662,-10617.406250,-10531.965820,85.440430
3663,-9484.234375,-9463.283203,20.951172
3664,-10947.950195,-10935.634766,12.315430
3665,-11979.430664,-11913.556641,65.874023
3666,-11737.475586,-11811.318359,73.842773
3667,-11418.212891,-11373.552734,44.660156
3668,-11503.818359,-11509.158203,5.339844
3669,-11168.278320,-10943.041016,225.237305
3670,-10945.692383,-10912.176758,33.515625
3671,-9802.070312,-9926.308594,124.238281
3672,-11981.886719,-11981.447266,0.439453
3673,-12303.934570,-12489.264648,185.330078
3674,-9185.231445,-9361.113281,175.881836
3675,-10185.139648,-10363.972656,178.833008
3676,-12501.637695,-12417.985352,83.652344
3677,-11200.541992,-11239.544922,39.002930
3678,-8865.903320,-7416.551758,1449.351562
3679,-13244.162109,-13330.866211,86.704102
3680,-10279.923828,-10395.902344,115.978516
3681,-9436.471680,-8922.104492,514.367188
3682,-9756.522461,-9927.772461,171.250000
3683,-12193.260742,-11981.787109,211.473633
3684,-9840.643555,-9990.284180,149.640625
3685,-11006.289062,-10968.890625,37.398438
3686,-11759.142578,-11812.159180,53.016602
3687,-10563.263672,-10500.697266,62.566406
3688,-11038.148438,-10971.436523,66.711914
3689,-12035.564453,-11746.149414,289.415039
3690,-11540.908203,-11544.472656,3.564453
3691,-11907.298828,-11914.013672,6.714844
3692,-10601.731445,-10566.110352,35.621094
3693,-10933.100586,-10903.662109,29.438477
3694,-12422.385742,-12354.568359,67.817383
3695,-11076.576172,-10937.268555,139.307617
3696,-10684.596680,-10532.154297,152.442383
3697,-11011.830078,-10968.975586,42.854492
3698,-12397.600586,-12488.330078,90.729492
3699,-11936.496094,-11980.651367,44.155273
3700,-10613.070312,-10565.880859,47.189453
3701,-11106.991211,-11003.501953,103.489258
3702,-10617.247070,-10533.126953,84.120117
3703,-10939.061523,-10969.374023,30.312500
3704,-11648.236328,-11576.860352,71.375977
3705,-11515.781250,-11510.246094,5.535156
3706,-12398.266602,-12553.920898,155.654297
3707,-10097.661133,-10364.430664,266.769531
3708,-11751.333008,-11844.911133,93.578125
3709,-10533.416016,-10472.511719,60.904297
3710,-11911.520508,-11914.127930,2.607422
3711,-12018.759766,-11916.303711,102.456055
3712,-11176.252930,-10880.137695,296.115234
3713,-9102.765625,-8485.907227,616.858398
3714,-12425.415039,-12487.838867,62.423828
3715,-8774.883789,-8426.653320,348.230469
3716,-11269.585938,-11407.722656,138.136719
3717,-12398.034180,-12489.816406,91.782227
3718,-11012.738281,-10968.566406,44.171875
3719,-11663.764648,-11609.475586,54.289062
3720,-13121.048828,-13329.545898,208.497070
3721,-12067.356445,-11948.234375,119.122070
3722,-11335.915039,-11341.303711,5.388672
3723,-11033.471680,-11036.129883,2.658203
3724,-9454.716797,-9465.331055,10.614258
3725,-10283.587891,-9327.051758,956.536133
3726,-11022.077148,-10773.764648,248.312500
3727,-11881.591797,-11844.486328,37.105469
3728,-11502.171875,-11511.138672,8.966797
3729,-9652.070312,-9902.249023,250.178711
3730,-11536.107422,-11511.756836,24.350586
3731,-10018.625977,-9992.351562,26.274414
3732,-11849.474609,-11915.658203,66.183594
3733,-9310.943359,-9555.775391,244.832031
3734,-9072.203125,-9521.791992,449.588867
3735,-10345.859375,-10337.450195,8.409180
3736,-10520.936523,-10533.606445,12.669922
3737,-9875.132812,-9811.729492,63.403320
3738,-9877.884766,-9993.801758,115.916992
3739,-9943.714844,-9992.439453,48.724609
3740,-10566.746094,-10598.101562,31.355469
3741,-12819.390625,-12927.796875,108.406250
3742,-10166.169922,-10440.799805,274.629883
3743,-10460.105469,-10474.188477,14.083008
3744,-9384.184570,-9587.252930,203.068359
3745,-11927.628906,-11917.297852,10.331055
3746,-11410.322266,-11375.875977,34.446289
3747,-10828.724609,-10879.765625,51.041016
3748,-11506.699219,-11543.866211,37.166992
3749,-12534.411133,-12522.140625,12.270508
3750,-10558.291992,-10501.168945,57.123047
3751,-12343.622070,-12320.278320,23.343750
3752,-10672.856445,-10833.701172,160.844727
3753,-11217.408203,-11451.769531,234.361328
3754,-10594.801758,-10142.412109,452.389648
3755,-10053.357422,-10393.747070,340.389648
3756,-12116.812500,-12014.357422,102.455078
3757,-11422.754883,-11404.771484,17.983398
3758,-11039.616211,-10971.019531,68.596680
3759,-10946.391602,-10905.163086,41.228516
3760,-11509.147461,-11511.876953,2.729492
3761,-9121.402344,-10393.905273,1272.502930
3762,-11417.442383,-11477.579102,60.136719
3763,-8864.697266,-8863.133789,1.563477
3764,-10584.279297,-10532.917969,51.361328
3765,-12863.589844,-12926.125977,62.536133
3766,-9304.000000,-9269.698242,34.301758
3767,-11755.726562,-11616.233398,139.493164
3768,-10978.881836,-10969.860352,9.021484
3769,-9256.780273,-9454.896484,198.116211
3770,-11653.455078,-11575.819336,77.635742
3771,-9687.096680,-9495.431641,191.665039
3772,-12532.788086,-12488.416992,44.371094
3773,-12145.656250,-12280.834961,135.178711
3774,-11508.584961,-11511.793945,3.208984
3775,-11475.912109,-11441.774414,34.137695
3776,-9787.734375,-9959.858398,172.124023
3777,-11849.054688,-11778.925781,70.128906
3778,-12847.973633,-12788.588867,59.384766
3779,-10475.166016,-10631.299805,156.133789
3780,-12009.696289,-11948.413086,61.283203
3781,-11407.900391,-11407.684570,0.215820
3782,-11905.280273,-11914.625977,9.345703
3783,-10646.502930,-10565.209961,81.292969
3784,-12491.845703,-12586.943359,95.097656
3785,-12929.574219,-12925.178711,4.395508
3786,-10552.140625,-10498.833008,53.307617
3787,-9935.417969,-10396.018555,460.600586
3788,-11882.706055,-11914.584961,31.878906
3789,-10177.194336,-10396.686523,219.492188
3790,-11534.379883,-11511.629883,22.750000
3791,-10598.601562,-10531.672852,66.928711
3792,-11273.993164,-11342.870117,68.876953
3793,-9736.914062,-9956.777344,219.863281
3794,-9898.413086,-9901.078125,2.665039
3795,-10687.678711,-10565.231445,122.447266
3796,-11030.622070,-10969.015625,61.606445
3797,-10982.774414,-10971.350586,11.423828
3798,-11481.796875,-11510.266602,28.469727
3799,-12744.875977,-12894.972656,150.096680
3800,-10547.932617,-10498.687500,49.245117
3801,-11214.304688,-11339.300781,124.996094
3802,-10616.304688,-10565.477539,50.827148
3803,-11385.733398,-11375.226562,10.506836
3804,-12573.324219,-12554.576172,18.748047
3805,-9677.045898,-9832.737305,155.691406
3806,-12775.666992,-12894.757812,119.090820
3807,-10158.731445,-10365.644531,206.913086
3808,-11376.411133,-11374.078125,2.333008
3809,-12361.311523,-12384.724609,23.413086
3810,-12394.003906,-12456.277344,62.273438
3811,-10977.859375,-10970.609375,7.250000
3812,-11553.137695,-11543.749023,9.388672
3813,-9097.603516,-9554.353516,456.750000
3814,-10959.557617,-10970.096680,10.539062
3815,-10625.198242,-10534.380859,90.817383
3816,-9535.166016,-9495.995117,39.170898
3817,-11620.805664,-11542.445312,78.360352
3818,-11864.052734,-11945.954102,81.901367
3819,-10384.352539,-10363.306641,21.045898
3820,-11366.946289,-11374.229492,7.283203
3821,-10589.308594,-10500.340820,88.967773
3822,-10610.754883,-10532.693359,78.061523
3823,-9586.738281,-9269.954102,316.784180
3824,-9948.510742,-9866.156250,82.354492
3825,-9923.829102,-9989.689453,65.860352
3826,-12530.321289,-12552.984375,22.663086
3827,-12419.915039,-12417.885742,2.029297
3828,-4368.883789,-4613.901367,245.017578
3829,-11511.299805,-11510.847656,0.452148
3830,-10582.188477,-10533.216797,48.971680
3831,-12948.287109,-13467.519531,519.232422
3832,-11561.275391,-11608.871094,47.595703
3833,-12753.925781,-12959.397461,205.471680
3834,-11362.500000,-11341.882812,20.617188
3835,-10991.511719,-10935.326172,56.185547
3836,-11866.745117,-11911.701172,44.956055
3837,-11059.357422,-11004.385742,54.971680
3838,-11932.525391,-11947.545898,15.020508
3839,-12423.371094,-12383.974609,39.396484
3840,-11482.995117,-11420.062500,62.932617
3841,-11540.208984,-11542.906250,2.697266
3842,-11845.207031,-11849.767578,4.560547
3843,-10682.849609,-10801.472656,118.623047
3844,-11108.882812,-10905.809570,203.073242
3845,-11880.110352,-11711.594727,168.515625
3846,-10506.234375,-10801.342773,295.108398
3847,-9246.020508,-9621.531250,375.510742
3848,-12537.082031,-12520.970703,16.111328
3849,-11403.476562,-11406.831055,3.354492
3850,-10117.739258,-9705.899414,411.839844
3851,-12271.917969,-12385.275391,113.357422
3852,-11559.340820,-11542.940430,16.400391
3853,-10573.413086,-10530.520508,42.892578
3854,-9559.333008,-9463.511719,95.821289
3855,-11026.847656,-10968.237305,58.610352
3856,-13703.750977,-13661.609375,42.141602
3857,-11600.118164,-11575.724609,24.393555
3858,-12514.253906,-12490.477539,23.776367
3859,-12977.187500,-12926.592773,50.594727
3860,-10509.414062,-10801.189453,291.775391
3861,-11951.931641,-11913.791016,38.140625
3862,-9427.941406,-9556.015625,128.074219
3863,-13281.731445,-13361.752930,80.021484
3864,-12406.609375,-12487.213867,80.604492
3865,-8632.064453,-8426.673828,205.390625
3866,-11004.998047,-10970.427734,34.570312
3867,-11781.585938,-11811.544922,29.958984
3868,-11918.134766,-11916.129883,2.004883
3869,-10593.083008,-10566.072266,27.010742
3870,-11510.050781,-11542.454102,32.403320
3871,-9270.381836,-9490.278320,219.896484
3872,-11497.528320,-11510.786133,13.257812
3873,-9460.247070,-10396.944336,936.697266
3874,-10850.928711,-10846.458984,4.469727
3875,-10740.399414,-10765.051758,24.652344
3876,-11824.616211,-11914.728516,90.112305
3877,-11384.376953,-11339.973633,44.403320
3878,-10074.614258,-9899.357422,175.256836
3879,-9468.779297,-9463.238281,5.541016
3880,-10519.670898,-10533.101562,13.430664
3881,-11049.517578,-11002.309570,47.208008
3882,-10011.163086,-9706.628906,304.534180
3883,-11434.317383,-11406.720703,27.596680
3884,-11579.124023,-11349.511719,229.612305
3885,-8427.876953,-10395.370117,1967.493164
3886,-10855.390625,-10833.305664,22.084961
3887,-9475.351562,-9587.725586,112.374023
3888,-9438.295898,-9463.098633,24.802734
3889,-11399.564453,-11476.916016,77.351562
3890,-11774.958008,-11844.994141,70.036133
3891,-11415.008789,-11309.424805,105.583984
3892,-9269.129883,-9555.407227,286.277344
3893,-10646.597656,-10565.074219,81.523438
3894,-13498.125977,-13531.731445,33.605469
3895,-12861.954102,-12789.712891,72.241211
3896,-10991.418945,-10968.429688,22.989258
3897,-11903.291992,-11882.676758,20.615234
3898,-11939.462891,-10384.205078,1555.257812
3899,-9343.102539,-9555.491211,212.388672
3900,-11604.312500,-11577.030273,27.282227
3901,-12000.394531,-11945.260742,55.133789
3902,-10943.307617,-11034.848633,91.541016
3903,-10913.454102,-11003.282227,89.828125
3904,-10448.689453,-10474.868164,26.178711
3905,-10481.435547,-10833.310547,351.875000
3906,-10534.253906,-10498.583984,35.669922
3907,-10858.237305,-11034.338867,176.101562
3908,-10297.467773,-10396.072266,98.604492
3909,-9785.727539,-9992.251953,206.524414
3910,-11751.914062,-11779.001953,27.087891
3911,-11967.908203,-11948.127930,19.780273
3912,-10979.960938,-10937.706055,42.254883
3913,-10988.015625,-10903.886719,84.128906
3914,-11515.404297,-10945.759766,569.644531
3915,-8445.358398,-8395.014648,50.343750
3916,-10591.375977,-10507.286133,84.089844
3917,-12448.455078,-12354.306641,94.148438
3918,-10983.598633,-10967.250000,16.348633
3919,-12429.691406,-12457.282227,27.590820
3920,-11613.214844,-11509.652344,103.562500
3921,-11917.130859,-11915.493164,1.637695
3922,-13534.576172,-13660.667969,126.091797
3923,-11449.733398,-11508.948242,59.214844
3924,-13251.681641,-13329.863281,78.181641
3925,-11805.015625,-11777.976562,27.039062
3926,-10958.060547,-10971.655273,13.594727
3927,-10959.293945,-11002.488281,43.194336
3928,-6607.344238,-8520.131836,1912.787598
3929,-14327.274414,-14419.575195,92.300781
3930,-10908.417969,-10970.055664,61.637695
3931,-10933.398438,-11303.750000,370.351562
3932,-12680.223633,-12685.375000,5.151367
3933,-10662.646484,-10466.024414,196.622070
3934,-11490.851562,-11376.271484,114.580078
3935,-12673.668945,-10383.397461,2290.271484
3936,-10975.674805,-10878.745117,96.929688
3937,-9494.393555,-9923.603516,429.209961
3938,-8633.696289,-8493.579102,140.117188
3939,-10630.196289,-10468.484375,161.711914
3940,-8946.515625,-8865.399414,81.116211
3941,-9750.599609,-10430.422852,679.823242
3942,-11452.947266,-11510.674805,57.727539
3943,-13443.114258,-13548.599609,105.485352
3944,-11968.475586,-11844.280273,124.195312
3945,-10973.162109,-10971.271484,1.890625
3946,-11415.947266,-11406.776367,9.170898
3947,-11878.608398,-11712.424805,166.183594
3948,-11629.380859,-11576.705078,52.675781
3949,-10906.961914,-10934.921875,27.959961
3950,-13488.604492,-13467.775391,20.829102
3951,-10586.109375,-10408.343750,177.765625
3952,-12475.792969,-12487.083008,11.290039
3953,-10618.681641,-10565.317383,53.364258
3954,-9832.626953,-9841.633789,9.006836
3955,-12447.126953,-12488.772461,41.645508
3956,-12460.064453,-12456.457031,3.607422
3957,-9904.750000,-9958.463867,53.713867
3958,-11488.539062,-11542.234375,53.695312
3959,-11936.193359,-11915.708984,20.484375
3960,-10572.261719,-10533.866211,38.395508
3961,-10631.722656,-10565.916016,65.806641
3962,-12118.508789,-11889.935547,228.573242
3963,-10888.783203,-10903.383789,14.600586
3964,-9273.528320,-9522.277344,248.749023
3965,-10989.936523,-11002.200195,12.263672
3966,-11825.064453,-11917.089844,92.025391
3967,-9256.113281,-9588.585938,332.472656
3968,-11337.783203,-11405.653320,67.870117
3969,-10987.473633,-10937.938477,49.535156
3970,-11714.455078,-11812.451172,97.996094
3971,-9724.311523,-9338.822266,385.489258
3972,-9545.825195,-9431.774414,114.050781
3973,-11542.418945,-11543.679688,1.260742
3974,-11553.248047,-11609.104492,55.856445
3975,-12000.441406,-11946.373047,54.068359
3976,-10625.878906,-10534.155273,91.723633
3977,-10919.609375,-10935.747070,16.137695
3978,-10544.675781,-10497.202148,47.473633
3979,-11367.130859,-11407.829102,40.698242
3980,-10281.312500,-10363.766602,82.454102
3981,-9186.495117,-8551.949219,634.545898
3982,-9710.727539,-9992.695312,281.967773
3983,-12391.134766,-12385.573242,5.561523
3984,-11459.515625,-11480.320312,20.804688
3985,-10212.184570,-10396.812500,184.627930
3986,-11606.762695,-11544.525391,62.237305
3987,-9804.023438,-8923.059570,880.963867
3988,-11549.045898,-11510.275391,38.770508
3989,-10994.812500,-10969.431641,25.380859
3990,-11368.599609,-11343.631836,24.967773
3991,-12252.793945,-12249.236328,3.557617
3992,-10689.952148,-10566.145508,123.806641
3993,-9941.129883,-9992.393555,51.263672
3994,-8611.156250,-8459.945312,151.210938
3995,-10407.150391,-10564.554688,157.404297
3996,-10576.097656,-10498.970703,77.126953
3997,-10550.345703,-10531.528320,18.817383
3998,-10498.608398,-10466.089844,32.518555
3999,-11451.393555,-11509.535156,58.141602
4000,-7582.537109,-10834.199219,3251.662109
4001,-10448.016602,-10337.828125,110.188477
4002,-10454.867188,-10440.848633,14.018555
4003,-11282.146484,-11510.284180,228.137695
4004,-9851.620117,-10363.921875,512.301758
4005,-12040.609375,-11946.622070,93.987305
4006,-9193.433594,-9554.916016,361.482422
4007,-10397.723633,-10474.740234,77.016602
4008,-9501.751953,-9431.963867,69.788086
4009,-12467.263672,-12487.848633,20.584961
4010,-12959.753906,-13005.947266,46.193359
4011,-11521.443359,-11511.256836,10.186523
4012,-12473.197266,-12486.447266,13.250000
4013,-11581.373047,-11542.509766,38.863281
4014,-11466.218750,-11341.565430,124.653320
4015,-11527.863281,-11542.263672,14.400391
4016,-9410.482422,-9523.573242,113.090820
4017,-11475.439453,-11675.132812,199.693359
4018,-10552.681641,-10466.755859,85.925781
4019,-11401.473633,-11408.346680,6.873047
4020,-11460.589844,-11477.498047,16.908203
4021,-11006.767578,-10934.893555,71.874023
4022,-10560.846680,-10499.920898,60.925781
4023,-11388.423828,-11343.144531,45.279297
4024,-8547.843750,-8427.949219,119.894531
4025,-9489.401367,-9496.367188,6.965820
4026,-12384.593750,-12385.832031,1.238281
4027,-9890.226562,-9958.886719,68.660156
4028,-11381.657227,-11307.720703,73.936523
4029,-9938.132812,-9869.688477,68.444336
4030,-12397.421875,-12386.081055,11.340820
4031,-11841.414062,-11948.472656,107.058594
4032,-10618.121094,-10565.858398,52.262695
4033,-9375.023438,-10462.109375,1087.085938
4034,-13555.476562,-13499.866211,55.610352
4035,-10609.968750,-10507.810547,102.158203
4036,-10696.196289,-10867.024414,170.828125
4037,-12764.898438,-12790.811523,25.913086
4038,-11440.846680,-11446.051758,5.205078
4039,-8705.698242,-6288.608887,2417.089355
4040,-10578.460938,-10566.568359,11.892578
4041,-11705.238281,-11780.791016,75.552734
4042,-11514.620117,-11542.909180,28.289062
4043,-11902.355469,-11914.506836,12.151367
4044,-11940.365234,-11947.729492,7.364258
4045,-10596.756836,-10599.560547,2.803711
4046,-11524.798828,-11543.335938,18.537109
4047,-11443.463867,-11510.330078,66.866211
4048,-9872.010742,-9868.188477,3.822266
4049,-10616.007812,-10565.176758,50.831055
4050,-9823.078125,-10057.077148,233.999023
4051,-10792.077148,-10838.682617,46.605469
4052,-10979.442383,-10936.099609,43.342773
4053,-12122.371094,-11982.323242,140.047852
4054,-11444.987305,-11510.475586,65.488281
4055,-12330.619141,-12215.793945,114.825195
4056,-11510.016602,-11510.662109,0.645508
4057,-10616.989258,-10303.556641,313.432617
4058,-11961.498047,-11913.641602,47.856445
4059,-11953.412109,-11916.013672,37.398438
4060,-10993.527344,-10935.947266,57.580078
4061,-12480.029297,-12490.127930,10.098633
4062,-11013.989258,-11001.512695,12.476562
4063,-11321.929688,-11343.330078,21.400391
4064,-5340.385254,-6786.392578,1446.007324
4065,-10306.658203,-10395.747070,89.088867
4066,-11057.534180,-11003.666016,53.868164
4067,-11991.819336,-11980.082031,11.737305
4068,-12250.770508,-12321.026367,70.255859
4069,-10925.477539,-10968.263672,42.786133
4070,-11938.466797,-11981.371094,42.904297
4071,-11755.700195,-11485.381836,270.318359
4072,-11583.785156,-11577.897461,5.887695
4073,-12839.527344,-12854.854492,15.327148
4074,-10627.066406,-10566.539062,60.527344
4075,-11441.829102,-11338.252930,103.576172
4076,-11125.249023,-11303.516602,178.267578
4077,-10676.208984,-9763.905273,912.303711
4078,-9464.917969,-9588.990234,124.072266
4079,-10983.985352,-10936.180664,47.804688
4080,-11996.455078,-11946.637695,49.817383
4081,-11851.203125,-11778.581055,72.622070
4082,-12430.570312,-12521.951172,91.380859
4083,-10279.811523,-10398.512695,118.701172
4084,-10568.169922,-10500.587891,67.582031
4085,-9470.487305,-9236.079102,234.408203
4086,-9721.657227,-8922.132812,799.524414
4087,-10407.055664,-10598.583984,191.528320
4088,-12062.650391,-11981.134766,81.515625
4089,-10593.998047,-10566.094727,27.903320
4090,-12486.901367,-12385.276367,101.625000
4091,-10936.233398,-10970.033203,33.799805
4092,-10881.650391,-10774.743164,106.907227
4093,-11357.420898,-11372.762695,15.341797
4094,-10598.102539,-10564.596680,33.505859
4095,-10961.687500,-10970.073242,8.385742
4096,-12632.935547,-12822.414062,189.478516
4097,-11469.467773,-11507.760742,38.292969
4098,-11567.729492,-11544.318359,23.411133
4099,-8355.700195,-8395.389648,39.689453
4100,-10568.610352,-10566.787109,1.823242
4101,-10568.438477,-10533.043945,35.394531
4102,-10577.895508,-10566.095703,11.799805
4103,-10968.961914,-10937.286133,31.675781
4104,-12358.358398,-12352.925781,5.432617
4105,-12283.715820,-12250.166992,33.548828
4106,-12055.892578,-11913.315430,142.577148
4107,-10248.083984,-10565.000000,316.916016
4108,-9367.116211,-9588.875977,221.759766
4109,-12559.557617,-12586.797852,27.240234
4110,-10964.871094,-10903.442383,61.428711
4111,-9843.759766,-9924.558594,80.798828
4112,-11371.912109,-11408.481445,36.569336
4113,-11030.065430,-10934.393555,95.671875
4114,-11280.269531,-11309.795898,29.526367
4115,-10310.449219,-9733.731445,576.717773
4116,-8791.073242,-9589.274414,798.201172
4117,-11820.654297,-11845.229492,24.575195
4118,-11612.713867,-11509.120117,103.593750
4119,-11816.751953,-11844.328125,27.576172
4120,-9765.570312,-9462.792969,302.777344
4121,-10081.697266,-10342.885742,261.188477
4122,-11065.708008,-10971.241211,94.466797
4123,-11278.746094,-11373.003906,94.257812
4124,-11003.842773,-10970.492188,33.350586
4125,-13748.325195,-13532.008789,216.316406
4126,-11416.081055,-11375.381836,40.699219
4127,-10162.264648,-10306.005859,143.741211
4128,-11363.811523,-11479.715820,115.904297
4129,-10557.372070,-10867.500000,310.127930
4130,-11449.251953,-11341.476562,107.775391
4131,-12072.447266,-11980.139648,92.307617
4132,-12917.250977,-12925.651367,8.400391
4133,-11605.091797,-11511.761719,93.330078
4134,-13325.366211,-13395.818359,70.452148
4135,-12185.515625,-12351.954102,166.438477
4136,-12485.956055,-12318.885742,167.070312
4137,-11487.606445,-11376.326172,111.280273
4138,-11450.290039,-11477.604492,27.314453
4139,-10782.596680,-10847.759766,65.163086
4140,-10811.683594,-10846.155273,34.471680
4141,-11689.172852,-11544.085938,145.086914
4142,-10731.766602,-10800.605469,68.838867
4143,-11020.843750,-10970.502930,50.340820
4144,-10592.504883,-10532.319336,60.185547
4145,-10558.734375,-10501.802734,56.931641
4146,-11759.613281,-11813.019531,53.406250
4147,-10462.729492,-10506.833984,44.104492
4148,-11011.519531,-10906.330078,105.189453
4149,-10599.383789,-10534.273438,65.110352
4150,-10643.731445,-10800.154297,156.422852
4151,-10926.643555,-10969.627930,42.984375
4152,-11567.439453,-11485.890625,81.548828
4153,-10512.481445,-10442.912109,69.569336
4154,-11889.166016,-11912.815430,23.649414
4155,-12161.228516,-11948.753906,212.474609
4156,-9984.083984,-9405.345703,578.738281
4157,-11247.891602,-11479.543945,231.652344
4158,-10175.321289,-10833.247070,657.925781
4159,-9847.954102,-9894.467773,46.513672
4160,-10534.467773,-10465.596680,68.871094
4161,-11975.464844,-11913.500977,61.963867
4162,-11851.024414,-11845.095703,5.928711
4163,-10706.145508,-10833.531250,127.385742
4164,-11352.911133,-11407.573242,54.662109
4165,-9528.346680,-9429.451172,98.895508
4166,-10890.254883,-10937.913086,47.658203
4167,-11925.133789,-11948.449219,23.315430
4168,-11396.973633,-11477.291016,80.317383
4169,-9517.467773,-9587.916992,70.449219
4170,-9453.433594,-9991.639648,538.206055
4171,-10999.085938,-10969.115234,29.970703
4172,-10990.478516,-11001.625977,11.147461
4173,-11850.488281,-11915.646484,65.158203
4174,-9725.755859,-9960.687500,234.931641
4175,-12378.229492,-12456.288086,78.058594
4176,-9783.652344,-9923.653320,140.000977
4177,-9598.151367,-9529.583008,68.568359
4178,-9937.916016,-9992.163086,54.247070
4179,-10595.684570,-10566.262695,29.421875
4180,-11440.770508,-11405.976562,34.793945
4181,-10586.937500,-10533.259766,53.677734
4182,-10596.248047,-10532.500000,63.748047
4183,-11915.609375,-11914.590820,1.018555
4184,-10547.604492,-10507.755859,39.848633
4185,-11358.838867,-11441.845703,83.006836
4186,-11536.747070,-11510.196289,26.550781
4187,-11828.605469,-11813.206055,15.399414
4188,-10624.238281,-10565.457031,58.781250
4189,-11709.172852,-11811.596680,102.423828
4190,-9003.106445,-8864.812500,138.293945
4191,-11892.763672,-11946.362305,53.598633
4192,-8485.495117,-8260.203125,225.291992
4193,-9367.720703,-9489.375000,121.654297
4194,-11803.284180,-11575.789062,227.495117
4195,-11463.363281,-11477.306641,13.943359
4196,-12327.641602,-12386.748047,59.106445
4197,-10977.566406,-10938.689453,38.876953
4198,-9369.757812,-9464.257812,94.500000
4199,-10362.822266,-10362.829102,0.006836
4200,-12839.537109,-12821.899414,17.637695
4201,-12478.997070,-12488.541992,9.544922
4202,-11660.887695,-11722.206055,61.318359
4203,-10619.734375,-10506.883789,112.850586
4204,-9337.487305,-8518.589844,818.897461
4205,-11491.829102,-11510.781250,18.952148
4206,-9369.855469,-9522.552734,152.697266
4207,-10143.384766,-10332.030273,188.645508
4208,-9472.906250,-9464.486328,8.419922
4209,-11505.149414,-11508.777344,3.627930
4210,-12330.332031,-12319.045898,11.286133
4211,-10947.976562,-10938.303711,9.672852
4212,-10698.669922,-10566.275391,132.394531
4213,-11382.159180,-11406.991211,24.832031
4214,-11537.687500,-11512.540039,25.147461
4215,-11896.034180,-11915.551758,19.517578
4216,-9878.453125,-9902.294922,23.841797
4217,-11402.143555,-11373.822266,28.321289
4218,-10638.007812,-10532.041992,105.965820
4219,-7782.910156,-7764.229492,18.680664
4220,-10242.858398,-10370.446289,127.587891
4221,-12078.655273,-12012.411133,66.244141
4222,-11953.375000,-11915.437500,37.937500
4223,-11341.423828,-11406.635742,65.211914
4224,-9679.603516,-9958.919922,279.316406
4225,-12052.811523,-11915.454102,137.357422
4226,-10179.642578,-10428.879883,249.237305
4227,-11898.608398,-11916.160156,17.551758
4228,-11625.080078,-11285.245117,339.834961
4229,-11837.798828,-11813.516602,24.282227
4230,-10396.017578,-10307.340820,88.676758
4231,-11275.304688,-11511.537109,236.232422
4232,-10641.052734,-10631.522461,9.530273
4233,-10939.591797,-10934.407227,5.184570
4234,-11131.229492,-11372.338867,241.109375
4235,-12006.755859,-11947.551758,59.204102
4236,-10474.972656,-10439.437500,35.535156
4237,-10681.145508,-10599.147461,81.998047
4238,-10536.788086,-10473.651367,63.136719
4239,-11000.137695,-11001.464844,1.327148
4240,-13273.134766,-13332.066406,58.931641
4241,-10958.341797,-10970.852539,12.510742
4242,-10991.761719,-10937.860352,53.901367
4243,-9650.517578,-9496.491211,154.026367
4244,-10617.511719,-10532.897461,84.614258
4245,-11418.844727,-11412.162109,6.682617
4246,-10571.663086,-10531.977539,39.685547
4247,-9906.122070,-9764.538086,141.583984
4248,-9928.166992,-10362.552734,434.385742
4249,-9828.482422,-9866.006836,37.524414
4250,-8295.556641,-8200.674805,94.881836
4251,-11517.638672,-11510.336914,7.301758
4252,-12389.033203,-12554.382812,165.349609
4253,-12413.703125,-12457.525391,43.822266
4254,-11020.180664,-10971.061523,49.119141
4255,-10236.013672,-10360.077148,124.063477
4256,-10946.492188,-10935.886719,10.605469
4257,-11341.228516,-11375.250977,34.022461
4258,-9338.071289,-9302.253906,35.817383
4259,-10420.527344,-10507.148438,86.621094
4260,-10600.447266,-10441.182617,159.264648
4261,-10211.598633,-10339.078125,127.479492
4262,-11875.480469,-12012.262695,136.782227
4263,-10007.132812,-10425.942383,418.809570
4264,-11319.492188,-11445.892578,126.400391
4265,-10551.592773,-10533.432617,18.160156
4266,-10846.695312,-10968.980469,122.285156
4267,-11965.493164,-11979.923828,14.430664
4268,-12374.064453,-12455.325195,81.260742
4269,-11672.269531,-11509.542969,162.726562
4270,-11048.780273,-10938.383789,110.396484
4271,-11513.763672,-11511.803711,1.959961
4272,-10592.212891,-10801.013672,208.800781
4273,-11004.274414,-10936.746094,67.528320
4274,-16085.658203,-15898.483398,187.174805
4275,-12469.848633,-12520.483398,50.634766
4276,-12727.863281,-12685.061523,42.801758
4277,-10604.056641,-10565.937500,38.119141
4278,-11975.006836,-11948.606445,26.400391
4279,-11329.191406,-11442.918945,113.727539
4280,-12297.914062,-12353.112305,55.198242
4281,-11872.321289,-11949.291016,76.969727
4282,-11073.335938,-11270.091797,196.755859
4283,-12394.798828,-12384.462891,10.335938
4284,-11708.014648,-11576.016602,131.998047
4285,-10416.549805,-10500.226562,83.676758
4286,-11030.751953,-10945.645508,85.106445
4287,-11047.925781,-10904.941406,142.984375
4288,-11366.985352,-11438.279297,71.293945
4289,-12304.401367,-12249.977539,54.423828
4290,-12957.056641,-12957.147461,0.090820
4291,-11924.345703,-11948.851562,24.505859
4292,-9942.414062,-9868.083984,74.330078
4293,-9509.367188,-9461.888672,47.478516
4294,-11633.431641,-11576.033203,57.398438
4295,-11660.699219,-11577.204102,83.495117
4296,-9893.019531,-10362.820312,469.800781
4297,-10530.848633,-10500.789062,30.059570
4298,-12840.733398,-12895.416016,54.682617
4299,-11536.157227,-11509.476562,26.680664
4300,-11588.985352,-11593.467773,4.482422
4301,-11529.161133,-11510.399414,18.761719
4302,-12935.705078,-12791.506836,144.198242
4303,-12433.163086,-12487.373047,54.209961
4304,-10504.091797,-10532.158203,28.066406
4305,-9440.656250,-10297.942383,857.286133
4306,-10695.085938,-10799.934570,104.848633
4307,-10995.269531,-10937.772461,57.497070
4308,-10472.514648,-10474.108398,1.593750
4309,-10875.749023,-10935.064453,59.315430
4310,-11547.706055,-11478.149414,69.556641
4311,-13575.495117,-13443.854492,131.640625
4312,-10629.810547,-10533.292969,96.517578
4313,-12419.967773,-12320.173828,99.793945
4314,-11461.751953,-11443.089844,18.662109
4315,-10226.782227,-10362.507812,135.725586
4316,-10569.224609,-10499.153320,70.071289
4317,-11376.735352,-11338.692383,38.042969
4318,-11322.485352,-11406.280273,83.794922
4319,-10878.566406,-10775.305664,103.260742
4320,-10894.590820,-10969.668945,75.078125
4321,-11701.707031,-11812.501953,110.794922
4322,-11970.312500,-11883.461914,86.850586
4323,-10989.253906,-11236.591797,247.337891
4324,-11539.899414,-11510.059570,29.839844
4325,-11828.276367,-11778.918945,49.357422
4326,-10728.671875,-10835.449219,106.777344
4327,-11554.310547,-11543.905273,10.405273
4328,-11001.397461,-10905.993164,95.404297
4329,-11043.791992,-10742.090820,301.701172
4330,-10958.114258,-10508.026367,450.087891
4331,-12782.161133,-12960.313477,178.152344
4332,-12561.593750,-12456.537109,105.056641
4333,-12477.449219,-12260.850586,216.598633
4334,-10975.106445,-11034.601562,59.495117
4335,-11650.296875,-11512.056641,138.240234
4336,-11511.504883,-11576.477539,64.972656
4337,-10291.652344,-10429.488281,137.835938
4338,-9789.791016,-9866.986328,77.195312
4339,-12420.161133,-12488.662109,68.500977
4340,-12281.119141,-12455.959961,174.840820
4341,-10611.912109,-10566.152344,45.759766
4342,-12447.332031,-12295.785156,151.546875
4343,-11944.335938,-11947.079102,2.743164
4344,-11875.746094,-11981.083008,105.336914
4345,-10940.745117,-10904.748047,35.997070
4346,-12023.404297,-11979.372070,44.032227
4347,-12230.658203,-12280.692383,50.034180
4348,-11406.434570,-11311.233398,95.201172
4349,-10548.087891,-10468.205078,79.882812
4350,-9548.041992,-9958.479492,410.437500
4351,-11772.656250,-11575.897461,196.758789
4352,-12815.003906,-12960.072266,145.068359
4353,-9712.428711,-10365.144531,652.715820
4354,-9443.513672,-9555.873047,112.359375
4355,-12020.364258,-11915.557617,104.806641
4356,-12443.287109,-12487.971680,44.684570
4357,-13706.904297,-13444.111328,262.792969
4358,-9965.375000,-9901.983398,63.391602
4359,-10594.333008,-10532.155273,62.177734
4360,-10271.503906,-10409.268555,137.764648
4361,-11928.289062,-11844.510742,83.778320
4362,-10606.673828,-10533.154297,73.519531
4363,-9363.805664,-9959.181641,595.375977
4364,-9914.737305,-9899.098633,15.638672
4365,-11371.021484,-11407.795898,36.774414
4366,-12456.540039,-12486.013672,29.473633
4367,-10651.599609,-10866.971680,215.372070
4368,-11385.952148,-11342.402344,43.549805
4369,-10272.041016,-10305.576172,33.535156
4370,-10892.031250,-10870.337891,21.693359
4371,-12097.955078,-12013.434570,84.520508
4372,-11916.192383,-11948.356445,32.164062
4373,-12028.580078,-11948.445312,80.134766
4374,-10879.791992,-10968.510742,88.718750
4375,-12433.666992,-12488.273438,54.606445
4376,-13537.978516,-13466.639648,71.338867
4377,-11003.475586,-11001.652344,1.823242
4378,-10981.673828,-10969.592773,12.081055
4379,-11374.457031,-11376.006836,1.549805
4380,-10607.845703,-10565.288086,42.557617
4381,-11565.882812,-11543.579102,22.303711
4382,-11358.021484,-11407.174805,49.153320
4383,-12401.440430,-12489.041016,87.600586
4384,-11575.019531,-11542.875000,32.144531
4385,-13597.796875,-12431.767578,1166.029297
4386,-13467.157227,-13331.032227,136.125000
4387,-9561.052734,-9529.375977,31.676758
4388,-11817.330078,-11914.540039,97.209961
4389,-11416.759766,-11675.435547,258.675781
4390,-12344.317383,-12554.322266,210.004883
4391,-11510.938477,-11510.771484,0.166992
4392,-10979.890625,-11003.765625,23.875000
4393,-11485.147461,-11509.397461,24.250000
4394,-10295.235352,-10338.832031,43.596680
4395,-13475.316406,-13443.520508,31.795898
4396,-13329.093750,-13362.637695,33.543945
4397,-11340.425781,-11342.110352,1.684570
4398,-11491.210938,-11510.205078,18.994141
4399,-10571.582031,-10499.829102,71.752930
4400,-11576.764648,-11543.384766,33.379883
4401,-10504.842773,-10531.658203,26.815430
4402,-9510.310547,-9463.380859,46.929688
4403,-9200.982422,-10833.655273,1632.672852
4404,-9165.124023,-9522.958984,357.834961
4405,-9801.443359,-8857.273438,944.169922
4406,-11585.440430,-11510.429688,75.010742
4407,-9064.388672,-9488.248047,423.859375
4408,-11567.364258,-11543.306641,24.057617
4409,-9922.130859,-9990.338867,68.208008
4410,-11503.881836,-11511.301758,7.419922
4411,-10329.202148,-10304.940430,24.261719
4412,-11575.862305,-11576.878906,1.016602
4413,-12295.048828,-12455.266602,160.217773
4414,-11317.336914,-11343.297852,25.960938
4415,-9491.949219,-9520.396484,28.447266
4416,-12796.363281,-12925.521484,129.158203
4417,-10500.591797,-10507.715820,7.124023
4418,-9487.419922,-9463.986328,23.433594
4419,-9543.464844,-9587.824219,44.359375
4420,-11609.810547,-11576.831055,32.979492
4421,-9209.036133,-9958.958008,749.921875
4422,-11606.266602,-11542.583984,63.682617
4423,-10372.655273,-10507.647461,134.992188
4424,-11838.432617,-11914.551758,76.119141
4425,-11947.562500,-11946.514648,1.047852
4426,-11828.692383,-11947.572266,118.879883
4427,-11005.479492,-11001.833008,3.646484
4428,-11349.005859,-11406.983398,57.977539
4429,-11310.723633,-11373.887695,63.164062
4430,-8433.412109,-7819.281738,614.130371
4431,-9734.759766,-9901.410156,166.650391
4432,-10579.674805,-10832.235352,252.560547
4433,-9522.783203,-9992.788086,470.004883
4434,-12884.883789,-12821.864258,63.019531
4435,-11480.636719,-11510.997070,30.360352
4436,-11912.028320,-11948.456055,36.427734
4437,-9820.090820,-9835.664062,15.573242
4438,-12354.332031,-12401.545898,47.213867
4439,-11607.348633,-11350.872070,256.476562
4440,-11350.959961,-11375.149414,24.189453
4441,-12886.643555,-12926.482422,39.838867
4442,-11474.227539,-11476.022461,1.794922
4443,-12428.433594,-12467.196289,38.762695
4444,-12365.802734,-12353.214844,12.587891
4445,-12514.039062,-12554.866211,40.827148
4446,-11386.333984,-11405.243164,18.909180
4447,-10962.890625,-10935.050781,27.839844
4448,-9735.778320,-9361.507812,374.270508
4449,-11617.534180,-11544.188477,73.345703
4450,-10487.301758,-9765.308594,721.993164
4451,-11487.773438,-11510.142578,22.369141
4452,-9220.429688,-8485.165039,735.264648
4453,-11501.951172,-11408.418945,93.532227
4454,-9997.318359,-9864.631836,132.686523
4455,-11461.209961,-11340.381836,120.828125
4456,-11472.928711,-11477.197266,4.268555
4457,-9426.370117,-9554.390625,128.020508
4458,-10998.122070,-10935.852539,62.269531
4459,-12003.898438,-11949.136719,54.761719
4460,-10996.825195,-11003.619141,6.793945
4461,-12491.669922,-12554.586914,62.916992
4462,-10867.180664,-10775.333008,91.847656
4463,-11061.548828,-10970.579102,90.969727
4464,-11970.580078,-11948.571289,22.008789
4465,-12504.651367,-12554.228516,49.577148
4466,-11028.845703,-10967.172852,61.672852
4467,-8519.428711,-8393.545898,125.882812
4468,-11943.972656,-11945.326172,1.353516
4469,-11285.537109,-11374.816406,89.279297
4470,-10598.890625,-10867.077148,268.186523
4471,-13840.176758,-13984.116211,143.939453
4472,-10847.246094,-10913.111328,65.865234
4473,-15530.640625,-14390.896484,1139.744141
4474,-11478.803711,-11479.451172,0.647461
4475,-11784.234375,-11844.286133,60.051758
4476,-10735.216797,-10847.610352,112.393555
4477,-11454.203125,-11476.690430,22.487305
4478,-9751.651367,-10023.849609,272.198242
4479,-11339.846680,-11373.622070,33.775391
4480,-10544.482422,-10499.930664,44.551758
4481,-10807.941406,-10800.811523,7.129883
4482,-11306.762695,-10383.688477,923.074219
4483,-11354.950195,-11370.583008,15.632812
4484,-11553.557617,-11544.264648,9.292969
4485,-10581.645508,-10833.697266,252.051758
4486,-10587.358398,-10566.283203,21.075195
4487,-12426.611328,-12522.244141,95.632812
4488,-11982.192383,-11948.567383,33.625000
4489,-10962.255859,-10903.945312,58.310547
4490,-10848.264648,-11002.331055,154.066406
4491,-11484.545898,-11478.579102,5.966797
4492,-8427.583008,-8394.916992,32.666016
4493,-10948.496094,-10935.153320,13.342773
4494,-12000.428711,-12012.982422,12.553711
4495,-11870.517578,-11779.882812,90.634766
4496,-12665.043945,-12684.719727,19.675781
4497,-10991.859375,-10902.484375,89.375000
4498,-10839.383789,-10902.774414,63.390625
4499,-12036.018555,-11982.041016,53.977539
4500,-10680.330078,-10564.428711,115.901367
4501,-8186.550781,-9178.463867,991.913086
4502,-12439.572266,-12522.642578,83.070312
4503,-10462.112305,-10463.647461,1.535156
4504,-10020.436523,-9834.312500,186.124023
4505,-11490.481445,-11375.662109,114.819336
4506,-9660.393555,-9926.384766,265.991211
4507,-12477.551758,-12489.154297,11.602539
4508,-9557.624023,-10362.750000,805.125977
4509,-11378.499023,-11374.157227,4.341797
4510,-10636.240234,-10532.883789,103.356445
4511,-10656.649414,-10500.880859,155.768555
4512,-8207.807617,-9587.636719,1379.829102
4513,-10599.096680,-10532.616211,66.480469
4514,-11988.414062,-11949.765625,38.648438
4515,-11401.412109,-11408.292969,6.880859
4516,-9916.781250,-9991.520508,74.739258
4517,-10581.964844,-10500.296875,81.667969
4518,-11776.563477,-11881.131836,104.568359
4519,-10542.093750,-10598.929688,56.835938
4520,-11567.832031,-11511.242188,56.589844
4521,-12422.811523,-12349.919922,72.891602
4522,-12402.117188,-12486.499023,84.381836
4523,-9041.745117,-9456.681641,414.936523
4524,-12539.708984,-12384.975586,154.733398
4525,-11568.099609,-11675.446289,107.346680
4526,-10925.455078,-10968.841797,43.386719
4527,-12834.510742,-12926.666992,92.156250
4528,-12317.683594,-12353.510742,35.827148
4529,-12364.409180,-12452.760742,88.351562
4530,-12515.698242,-12457.803711,57.894531
4531,-10342.648438,-10430.031250,87.382812
4532,-11943.332031,-11913.597656,29.734375
4533,-10256.722656,-10395.868164,139.145508
4534,-10937.216797,-10846.877930,90.338867
4535,-10574.527344,-10532.139648,42.387695
4536,-10953.250000,-11002.657227,49.407227
4537,-11971.955078,-11980.302734,8.347656
4538,-11414.041016,-11375.601562,38.439453
4539,-11846.618164,-11825.828125,20.790039
4540,-9469.660156,-9465.760742,3.899414
4541,-10601.725586,-10498.577148,103.148438
4542,-11582.893555,-11544.432617,38.460938
4543,-9427.910156,-9586.754883,158.844727
4544,-11807.928711,-11778.500000,29.428711
4545,-12621.341797,-12376.164062,245.177734
4546,-11836.458984,-11451.082031,385.376953
4547,-9631.571289,-8890.545898,741.025391
4548,-11584.772461,-11509.409180,75.363281
4549,-10293.074219,-10364.121094,71.046875
4550,-11376.041016,-11543.799805,167.758789
4551,-11207.208984,-11439.598633,232.389648
4552,-12480.714844,-12521.228516,40.513672
4553,-11984.511719,-11979.048828,5.462891
4554,-10589.125000,-10532.280273,56.844727
4555,-10597.895508,-10540.050781,57.844727
4556,-11515.704102,-11509.637695,6.066406
4557,-11623.287109,-11542.666992,80.620117
4558,-9568.171875,-9496.872070,71.299805
4559,-11347.937500,-11340.252930,7.684570
4560,-12466.040039,-12521.122070,55.082031
4561,-10924.237305,-10685.172852,239.064453
4562,-10417.802734,-10443.912109,26.109375
4563,-12433.542969,-12418.615234,14.927734
4564,-10842.670898,-10969.520508,126.849609
4565,-12953.388672,-12894.333008,59.055664
4566,-10377.853516,-10441.627930,63.774414
4567,-12309.746094,-12216.250977,93.495117
4568,-10992.668945,-10937.048828,55.620117
4569,-10723.987305,-10801.415039,77.427734
4570,-10601.475586,-10566.268555,35.207031
4571,-10592.197266,-10565.521484,26.675781
4572,-10266.402344,-9766.246094,500.156250
4573,-11557.777344,-11542.601562,15.175781
4574,-10967.528320,-11001.750977,34.222656
4575,-11892.545898,-11916.575195,24.029297
4576,-10123.206055,-9933.444336,189.761719
4577,-11366.623047,-11440.230469,73.607422
4578,-10066.666016,-10328.824219,262.158203
4579,-11100.620117,-10904.625000,195.995117
4580,-11455.296875,-11511.555664,56.258789
4581,-9456.089844,-9464.487305,8.397461
4582,-13245.266602,-13433.758789,188.492188
4583,-12873.531250,-12925.836914,52.305664
4584,-9558.042969,-9588.986328,30.943359
4585,-11912.922852,-11979.166992,66.244141
4586,-11943.033203,-11948.106445,5.073242
4587,-12395.687500,-12489.197266,93.509766
4588,-10221.299805,-10363.438477,142.138672
4589,-11923.007812,-11948.110352,25.102539
4590,-9719.728516,-9924.977539,205.249023
4591,-12062.512695,-11981.144531,81.368164
4592,-12791.847656,-12926.698242,134.850586
4593,-12424.979492,-12385.839844,39.139648
4594,-9882.482422,-9958.981445,76.499023
4595,-12387.828125,-12425.072266,37.244141
4596,-12320.381836,-12454.919922,134.538086
4597,-11427.783203,-11375.010742,52.772461
4598,-9621.750000,-9956.211914,334.461914
4599,-10912.137695,-10235.180664,676.957031
4600,-12836.330078,-12894.894531,58.564453
4601,-11371.210938,-11406.834961,35.624023
4602,-12081.741211,-11948.048828,133.692383
4603,-10969.057617,-11003.455078,34.397461
4604,-12708.893555,-12755.651367,46.757812
4605,-12812.423828,-12926.904297,114.480469
4606,-11000.603516,-10937.539062,63.064453
4607,-11803.679688,-11780.618164,23.061523
4608,-12399.440430,-12488.153320,88.712891
4609,-12510.830078,-12521.081055,10.250977
4610,-10961.145508,-11002.958984,41.813477
4611,-11066.680664,-10904.124023,162.556641
4612,-11006.184570,-11238.977539,232.792969
4613,-12545.734375,-12522.807617,22.926758
4614,-10165.703125,-10396.241211,230.538086
4615,-10975.340820,-10970.320312,5.020508
4616,-11492.774414,-11509.330078,16.555664
4617,-11969.039062,-11218.356445,750.682617
4618,-10582.434570,-10499.800781,82.633789
4619,-12288.255859,-12416.482422,128.226562
4620,-11541.483398,-11577.226562,35.743164
4621,-11424.199219,-11284.019531,140.179688
4622,-9583.526367,-9990.691406,407.165039
4623,-11000.349609,-10936.942383,63.407227
4624,-11014.875977,-10969.662109,45.213867
4625,-11437.560547,-11375.529297,62.031250
4626,-11557.046875,-11510.914062,46.132812
4627,-11532.201172,-11543.935547,11.734375
4628,-13030.116211,-13007.155273,22.960938
4629,-9157.200195,-9488.419922,331.219727
4630,-11934.013672,-11916.309570,17.704102
4631,-11475.553711,-11508.724609,33.170898
4632,-12533.421875,-12521.992188,11.429688
4633,-11386.586914,-11405.891602,19.304688
4634,-11505.377930,-11508.155273,2.777344
4635,-9873.771484,-9901.937500,28.166016
4636,-10992.440430,-10969.061523,23.378906
4637,-11974.494141,-11947.759766,26.734375
4638,-11557.723633,-11509.470703,48.252930
4639,-12430.602539,-12456.674805,26.072266
4640,-12362.669922,-12486.819336,124.149414
4641,-11927.868164,-11912.364258,15.503906
4642,-11814.798828,-11811.856445,2.942383
4643,-11019.823242,-10968.978516,50.844727
4644,-12403.702148,-12353.194336,50.507812
4645,-9420.884766,-9990.713867,569.829102
4646,-11096.721680,-10846.295898,250.425781
4647,-11529.122070,-11512.293945,16.828125
4648,-11378.164062,-11440.379883,62.215820
4649,-10665.491211,-10566.055664,99.435547
4650,-11990.060547,-11948.495117,41.565430
4651,-10614.857422,-10534.022461,80.834961
4652,-10039.607422,-9935.468750,104.138672
4653,-10265.434570,-10395.187500,129.752930
4654,-10352.122070,-10396.062500,43.940430
4655,-11906.000977,-11914.000000,7.999023
4656,-10511.609375,-10532.241211,20.631836
4657,-10898.743164,-10937.103516,38.360352
4658,-15690.958008,-14358.611328,1332.346680
4659,-12918.876953,-12924.090820,5.213867
4660,-11969.643555,-11978.782227,9.138672
4661,-12786.679688,-12893.134766,106.455078
4662,-10323.944336,-10441.875977,117.931641
4663,-10559.667969,-10598.497070,38.829102
4664,-11556.036133,-11543.491211,12.544922
4665,-11448.575195,-11509.491211,60.916016
4666,-12036.132812,-12014.295898,21.836914
4667,-9291.188477,-9490.328125,199.139648
4668,-11048.568359,-10972.215820,76.352539
4669,-13833.250977,-13767.142578,66.108398
4670,-13550.864258,-13500.380859,50.483398
4671,-11985.209961,-11946.970703,38.239258
4672,-12024.424805,-11948.402344,76.022461
4673,-10500.610352,-10533.542969,32.932617
4674,-10280.339844,-10361.654297,81.314453
4675,-9387.068359,-9522.808594,135.740234
4676,-10575.609375,-10532.899414,42.709961
4677,-9573.875977,-9429.552734,144.323242
4678,-11914.970703,-11915.625000,0.654297
4679,-11795.716797,-11844.333008,48.616211
4680,-12427.069336,-12386.767578,40.301758
4681,-11835.913086,-11947.996094,112.083008
4682,-11856.593750,-11917.119141,60.525391
4683,-11846.561523,-11780.290039,66.271484
4684,-11326.953125,-11407.096680,80.143555
4685,-12424.192383,-12487.632812,63.440430
4686,-10632.291016,-10565.169922,67.121094
4687,-9152.181641,-9522.083008,369.901367
4688,-10955.459961,-10935.498047,19.961914
4689,-11796.745117,-11811.202148,14.457031
4690,-10377.284180,-10430.310547,53.026367
4691,-11436.502930,-11374.763672,61.739258
4692,-10851.129883,-10878.887695,27.757812
4693,-11979.582031,-11947.813477,31.768555
4694,-11611.594727,-11544.250977,67.343750
4695,-10633.283203,-10565.134766,68.148438
4696,-10356.262695,-10474.364258,118.101562
4697,-10600.816406,-10631.695312,30.878906
4698,-10619.846680,-10533.282227,86.564453
4699,-12524.769531,-12587.094727,62.325195
4700,-10632.132812,-10566.006836,66.125977
4701,-12483.067383,-12519.649414,36.582031
4702,-10596.937500,-10564.066406,32.871094
4703,-11632.315430,-11543.598633,88.716797
4704,-12013.831055,-11981.031250,32.799805
4705,-11768.911133,-11812.198242,43.287109
4706,-10647.356445,-10498.403320,148.953125
4707,-9206.979492,-9555.833984,348.854492
4708,-8582.123047,-8266.701172,315.421875
4709,-10557.400391,-10500.022461,57.377930
4710,-10993.893555,-11034.829102,40.935547
4711,-12472.935547,-12489.283203,16.347656
4712,-9252.753906,-9522.046875,269.292969
4713,-12516.712891,-12521.819336,5.106445
4714,-13248.274414,-13228.400391,19.874023
4715,-10559.368164,-10598.225586,38.857422
4716,-10622.955078,-10532.079102,90.875977
4717,-10556.935547,-10274.082031,282.853516
4718,-10557.879883,-10531.176758,26.703125
4719,-11311.339844,-11340.621094,29.281250
4720,-11429.083008,-11374.142578,54.940430
4721,-10620.422852,-10532.149414,88.273438
4722,-10625.248047,-10565.383789,59.864258
4723,-11041.285156,-10971.993164,69.291992
4724,-11908.283203,-11912.932617,4.649414
4725,-11381.909180,-11452.165039,70.255859
4726,-10885.612305,-10878.970703,6.641602
4727,-11517.134766,-11542.204102,25.069336
4728,-10977.248047,-10969.115234,8.132812
4729,-10548.168945,-10498.727539,49.441406
4730,-11281.642578,-11375.935547,94.292969
4731,-12305.763672,-12457.827148,152.063477
4732,-11909.358398,-11810.543945,98.814453
4733,-9452.086914,-9587.643555,135.556641
4734,-11601.091797,-11508.802734,92.289062
4735,-11047.101562,-10775.146484,271.955078
4736,-10523.084961,-10499.927734,23.157227
4737,-11473.787109,-11509.434570,35.647461
4738,-10893.254883,-10741.676758,151.578125
4739,-11543.441406,-11543.767578,0.326172
4740,-11865.337891,-11916.692383,51.354492
4741,-11208.327148,-11238.830078,30.502930
4742,-12337.136719,-12490.001953,152.865234
4743,-9338.670898,-9554.666992,215.996094
4744,-11548.944336,-11513.143555,35.800781
4745,-9069.787109,-9523.167969,453.380859
4746,-11342.268555,-11341.413086,0.855469
4747,-11536.150391,-11512.424805,23.725586
4748,-9441.999023,-9924.873047,482.874023
4749,-10245.109375,-10337.007812,91.898438
4750,-12300.660156,-12281.513672,19.146484
4751,-11415.400391,-11284.725586,130.674805
4752,-14017.879883,-14089.716797,71.836914
4753,-10724.463867,-10801.891602,77.427734
4754,-12428.350586,-12521.626953,93.276367
4755,-12227.288086,-12250.157227,22.869141
4756,-10879.999023,-10937.125977,57.126953
4757,-12387.656250,-12318.031250,69.625000
4758,-9714.189453,-9991.198242,277.008789
4759,-9900.111328,-9955.348633,55.237305
4760,-10550.565430,-10498.649414,51.916016
4761,-10639.261719,-10565.225586,74.036133
4762,-12790.869141,-12822.833008,31.963867
4763,-11781.246094,-11845.173828,63.927734
4764,-12042.167969,-11946.608398,95.559570
4765,-9341.838867,-9520.311523,178.472656
4766,-10820.901367,-10968.971680,148.070312
4767,-11432.172852,-11511.112305,78.939453
4768,-8811.859375,-9360.571289,548.711914
4769,-10962.625977,-10968.300781,5.674805
4770,-11706.439453,-11576.051758,130.387695
4771,-8438.541016,-9329.426758,890.885742
4772,-11557.226562,-11444.588867,112.637695
4773,-7562.852539,-7391.067383,171.785156
4774,-11381.632812,-11339.944336,41.688477
4775,-11996.133789,-11948.476562,47.657227
4776,-11773.786133,-11779.581055,5.794922
4777,-11980.718750,-11916.409180,64.309570
4778,-10668.980469,-10533.243164,135.737305
4779,-10548.458008,-10532.471680,15.986328
4780,-10574.064453,-10532.246094,41.818359
4781,-10564.806641,-10532.226562,32.580078
4782,-11984.746094,-11949.711914,35.034180
4783,-9389.341797,-8485.388672,903.953125
4784,-10555.256836,-10533.718750,21.538086
4785,-12460.284180,-12487.069336,26.785156
4786,-11845.417969,-11845.434570,0.016602
4787,-11531.619141,-11708.627930,177.008789
4788,-9560.286133,-9430.678711,129.607422
4789,-12097.992188,-12014.148438,83.843750
4790,-11486.751953,-11510.624023,23.872070
4791,-9685.315430,-9927.039062,241.723633
4792,-12927.561523,-12892.348633,35.212891
4793,-10568.857422,-10498.035156,70.822266
4794,-10332.818359,-10365.661133,32.842773
4795,-10693.189453,-10867.161133,173.971680
4796,-9674.408203,-9471.088867,203.319336
4797,-11910.118164,-11811.419922,98.698242
4798,-11428.871094,-11407.263672,21.607422
4799,-11421.014648,-11373.462891,47.551758
4800,-10534.021484,-10532.676758,1.344727
4801,-12430.974609,-12488.617188,57.642578
4802,-10445.416016,-10370.599609,74.816406
4803,-12452.929688,-12487.162109,34.232422
4804,-11553.815430,-11509.538086,44.277344
4805,-12908.665039,-12959.789062,51.124023
4806,-10998.066406,-11003.813477,5.747070
4807,-11947.669922,-11945.854492,1.815430
4808,-12873.752930,-12894.259766,20.506836
4809,-10148.125000,-10395.981445,247.856445
4810,-12400.278320,-12486.950195,86.671875
4811,-10486.178711,-10466.107422,20.071289
4812,-12251.491211,-12249.500000,1.991211
4813,-11540.882812,-11508.130859,32.751953
4814,-11601.867188,-11675.521484,73.654297
4815,-11868.148438,-11913.734375,45.585938
4816,-9301.744141,-9587.342773,285.598633
4817,-10493.946289,-10499.996094,6.049805
4818,-11504.088867,-11509.896484,5.807617
4819,-10557.248047,-10499.564453,57.683594
4820,-10606.595703,-10532.729492,73.866211
4821,-11554.368164,-11510.484375,43.883789
4822,-11631.091797,-11543.655273,87.436523
4823,-9141.602539,-8453.207031,688.395508
4824,-11548.817383,-11575.781250,26.963867
4825,-10139.546875,-10362.971680,223.424805
4826,-11418.961914,-11340.473633,78.488281
4827,-11953.742188,-11914.751953,38.990234
4828,-10685.541016,-10533.576172,151.964844
4829,-13678.133789,-13532.068359,146.065430
4830,-12304.079102,-12353.418945,49.339844
4831,-11539.365234,-11509.539062,29.826172
4832,-10913.336914,-10903.972656,9.364258
4833,-9312.087891,-9488.175781,176.087891
4834,-10932.359375,-10968.520508,36.161133
4835,-9943.523438,-9901.152344,42.371094
4836,-12413.545898,-12353.316406,60.229492
4837,-9411.082031,-9991.286133,580.204102
4838,-11983.835938,-11948.302734,35.533203
4839,-10189.189453,-9834.036133,355.153320
4840,-10982.627930,-10934.111328,48.516602
4841,-12361.579102,-12489.572266,127.993164
4842,-11009.496094,-10968.180664,41.315430
4843,-11987.595703,-11979.399414,8.196289
4844,-10377.621094,-10474.639648,97.018555
4845,-9148.571289,-9521.036133,372.464844
4846,-10628.290039,-10566.062500,62.227539
4847,-10625.918945,-10599.081055,26.837891
4848,-10571.297852,-10565.185547,6.112305
4849,-11819.942383,-11779.135742,40.806641
4850,-10513.856445,-10499.281250,14.575195
4851,-12449.938477,-12418.497070,31.441406
4852,-12514.505859,-12522.150391,7.644531
4853,-11358.900391,-11407.917969,49.017578
4854,-11568.438477,-11511.002930,57.435547
4855,-9521.263672,-9555.726562,34.462891
4856,-8646.271484,-8493.654297,152.617188
4857,-9945.293945,-9867.935547,77.358398
4858,-10343.488281,-10508.016602,164.528320
4859,-10311.376953,-10304.464844,6.912109
4860,-8084.245605,-8226.105469,141.859863
4861,-11707.205078,-11510.241211,196.963867
4862,-10897.399414,-10969.228516,71.829102
4863,-11337.606445,-11374.973633,37.367188
4864,-10981.711914,-10969.651367,12.060547
4865,-11698.549805,-11675.040039,23.509766
4866,-11412.853516,-11509.284180,96.430664
4867,-9320.279297,-8518.458008,801.821289
4868,-9166.617188,-10024.699219,858.082031
4869,-10523.227539,-10598.300781,75.073242
4870,-10641.393555,-10532.849609,108.543945
4871,-12772.610352,-12787.151367,14.541016
4872,-11569.163086,-11512.472656,56.690430
4873,-11818.588867,-11845.221680,26.632812
4874,-9426.506836,-9586.898438,160.391602
4875,-11645.786133,-11419.260742,226.525391
4876,-11747.455078,-11844.762695,97.307617
4877,-12423.150391,-12352.970703,70.179688
4878,-10915.005859,-11004.708984,89.703125
4879,-11005.615234,-10971.183594,34.431641
4880,-9752.113281,-9924.163086,172.049805
4881,-12844.417969,-12926.516602,82.098633
4882,-9996.338867,-9992.329102,4.009766
4883,-9954.452148,-10429.504883,475.052734
4884,-11575.840820,-11542.342773,33.498047
4885,-11923.497070,-11915.166016,8.331055
4886,-12023.771484,-11949.258789,74.512695
4887,-10010.699219,-9928.061523,82.637695
4888,-10612.178711,-10565.903320,46.275391
4889,-9596.706055,-9529.684570,67.021484
4890,-10836.817383,-10968.150391,131.333008
4891,-12254.469727,-12249.061523,5.408203
4892,-9598.792969,-8888.224609,710.568359
4893,-12437.318359,-12522.030273,84.711914
4894,-11990.474609,-11947.780273,42.694336
4895,-11990.305664,-11916.712891,73.592773
4896,-12284.381836,-12488.542969,204.161133
4897,-10557.231445,-10532.916992,24.314453
4898,-11083.327148,-11374.596680,291.269531
4899,-10132.698242,-10363.377930,230.679688
4900,-11464.947266,-11510.209961,45.262695
4901,-9829.740234,-9808.843750,20.896484
4902,-11488.354492,-11475.397461,12.957031
4903,-10571.209961,-10598.549805,27.339844
4904,-11651.460938,-11576.568359,74.892578
4905,-11908.950195,-11948.240234,39.290039
4906,-12737.965820,-12894.973633,157.007812
4907,-10813.087891,-10801.894531,11.193359
4908,-10533.351562,-10531.905273,1.446289
4909,-10379.071289,-10564.946289,185.875000
4910,-12439.632812,-12384.290039,55.342773
4911,-11352.769531,-11439.900391,87.130859
4912,-11911.908203,-11882.335938,29.572266
4913,-10604.233398,-10497.860352,106.373047
4914,-11541.428711,-11478.877930,62.550781
4915,-9906.675781,-9965.413086,58.737305
4916,-11011.920898,-10937.000000,74.920898
4917,-10920.041016,-10880.109375,39.931641
4918,-10958.912109,-10968.895508,9.983398
4919,-8538.114258,-8266.433594,271.680664
4920,-10989.455078,-11001.873047,12.417969
4921,-9237.333008,-9487.651367,250.318359
4922,-11750.849609,-11845.281250,94.431641
4923,-11000.129883,-10970.272461,29.857422
4924,-11901.583008,-11812.249023,89.333984
4925,-10623.344727,-10532.535156,90.809570
4926,-12754.632812,-12894.430664,139.797852
4927,-11833.985352,-11980.893555,146.908203
4928,-10956.992188,-10960.991211,3.999023
4929,-9522.928711,-9463.992188,58.936523
4930,-11991.254883,-11912.646484,78.608398
4931,-11466.968750,-11510.551758,43.583008
4932,-11502.735352,-11542.455078,39.719727
4933,-10726.492188,-10711.137695,15.354492
4934,-11546.819336,-11510.478516,36.340820
4935,-12002.698242,-11979.094727,23.603516
4936,-11962.285156,-11948.784180,13.500977
4937,-10456.659180,-10829.525391,372.866211
4938,-10382.558594,-10631.576172,249.017578
4939,-10642.467773,-10598.344727,44.123047
4940,-11432.294922,-11405.171875,27.123047
4941,-11121.206055,-10904.988281,216.217773
4942,-11333.544922,-11373.756836,40.211914
4943,-11814.032227,-11948.836914,134.804688
4944,-11502.529297,-11707.787109,205.257812
4945,-11043.856445,-10939.214844,104.641602
4946,-12275.664062,-12281.980469,6.316406
4947,-12851.540039,-12893.541992,42.001953
4948,-10291.725586,-10395.835938,104.110352
4949,-11373.088867,-11339.274414,33.814453
4950,-11427.312500,-11443.651367,16.338867
4951,-10458.747070,-10506.825195,48.078125
4952,-10556.448242,-10499.953125,56.495117
4953,-12489.062500,-12354.823242,134.239258
4954,-12004.100586,-12012.353516,8.252930
4955,-11908.976562,-11948.835938,39.859375
4956,-11358.806641,-11440.383789,81.577148
4957,-9259.125000,-9588.092773,328.967773
4958,-10916.662109,-10969.753906,53.091797
4959,-11497.701172,-11510.583984,12.882812
4960,-11592.315430,-11511.390625,80.924805
4961,-10800.647461,-10801.023438,0.375977
4962,-11054.252930,-10936.257812,117.995117
4963,-12429.844727,-12489.618164,59.773438
4964,-10802.682617,-10802.232422,0.450195
4965,-10604.575195,-10533.426758,71.148438
4966,-11583.338867,-11509.909180,73.429688
4967,-11965.728516,-11948.649414,17.079102
4968,-10989.479492,-10969.515625,19.963867
4969,-11359.159180,-11374.188477,15.029297
4970,-10020.445312,-9327.344727,693.100586
4971,-12514.709961,-12352.459961,162.250000
4972,-10609.419922,-10801.364258,191.944336
4973,-12383.476562,-12352.600586,30.875977
4974,-12830.736328,-12925.167969,94.431641
4975,-9611.856445,-9437.602539,174.253906
4976,-9092.814453,-8485.613281,607.201172
4977,-12307.166016,-12320.271484,13.105469
4978,-12458.763672,-12487.096680,28.333008
4979,-11811.826172,-11915.779297,103.953125
4980,-10875.582031,-10802.748047,72.833984
4981,-12434.154297,-12351.540039,82.614258
4982,-9418.911133,-9797.707031,378.795898
4983,-11046.387695,-10944.021484,102.366211
4984,-11471.311523,-11373.463867,97.847656
4985,-12986.122070,-13500.599609,514.477539
4986,-11927.107422,-11947.629883,20.522461
4987,-12358.212891,-12424.944336,66.731445
4988,-13315.180664,-13364.739258,49.558594
4989,-13294.951172,-13330.165039,35.213867
4990,-11565.936523,-11511.607422,54.329102
4991,-11486.730469,-11440.067383,46.663086
4992,-9839.253906,-9867.019531,27.765625
4993,-9225.845703,-9587.640625,361.794922
4994,-13489.292969,-13797.671875,308.378906
4995,-11008.600586,-10968.752930,39.847656
4996,-11886.006836,-11720.831055,165.175781
4997,-8389.217773,-8426.903320,37.685547
4998,-10635.790039,-10533.348633,102.441406
4999,-11636.136719,-11576.767578,59.369141
5000,-11575.385742,-11511.490234,63.895508
5001,-11303.958984,-11406.163086,102.204102
5002,-9345.703125,-9520.903320,175.200195
5003,-10972.718750,-11001.553711,28.834961
5004,-9545.771484,-9464.552734,81.218750
5005,-10975.171875,-10937.229492,37.942383
5006,-11510.504883,-11509.446289,1.058594
5007,-11690.373047,-11420.998047,269.375000
5008,-10994.872070,-10938.039062,56.833008
5009,-10531.920898,-10475.353516,56.567383
5010,-11456.937500,-11543.723633,86.786133
5011,-12921.869141,-12958.598633,36.729492
5012,-10947.896484,-10935.159180,12.737305
5013,-11373.560547,-11407.115234,33.554688
5014,-11335.200195,-11373.806641,38.606445
5015,-10613.761719,-10566.045898,47.715820
5016,-11923.331055,-11946.796875,23.465820
5017,-11432.034180,-11474.013672,41.979492
5018,-10963.080078,-10968.687500,5.607422
5019,-12365.827148,-12321.088867,44.738281
5020,-12026.910156,-11981.252930,45.657227
5021,-10895.404297,-10969.354492,73.950195
5022,-11622.993164,-11576.432617,46.560547
5023,-11570.769531,-11544.083984,26.685547
5024,-12209.899414,-12319.199219,109.299805
5025,-9466.491211,-9464.091797,2.399414
5026,-12087.227539,-11945.875000,141.352539
5027,-10909.505859,-10935.763672,26.257812
5028,-11316.695312,-11404.915039,88.219727
5029,-11877.989258,-11845.172852,32.816406
5030,-11951.301758,-11917.369141,33.932617
5031,-12486.088867,-12521.490234,35.401367
5032,-12851.252930,-10788.648438,2062.604492
5033,-10625.561523,-10500.301758,125.259766
5034,-12117.189453,-11915.499023,201.690430
5035,-11156.710938,-10970.220703,186.490234
5036,-11002.904297,-10869.868164,133.036133
5037,-12743.514648,-12959.367188,215.852539
5038,-10008.654297,-10396.759766,388.105469
5039,-10541.098633,-10498.958008,42.140625
5040,-12824.789062,-12926.989258,102.200195
5041,-11342.156250,-11406.724609,64.568359
5042,-10962.632812,-10935.012695,27.620117
5043,-11482.515625,-11480.031250,2.484375
5044,-10311.458008,-10362.660156,51.202148
5045,-10980.317383,-11002.500977,22.183594
5046,-11411.425781,-11708.711914,297.286133
5047,-11543.958008,-11542.616211,1.341797
5048,-10614.789062,-10532.166992,82.622070
5049,-11346.621094,-11342.121094,4.500000
5050,-11377.948242,-11375.423828,2.524414
5051,-10510.054688,-10533.593750,23.539062
5052,-9268.437500,-9588.119141,319.681641
5053,-11563.424805,-11576.114258,12.689453
5054,-9688.146484,-9924.711914,236.565430
5055,-10856.589844,-10913.146484,56.556641
5056,-9232.546875,-9958.621094,726.074219
5057,-11001.668945,-11239.529297,237.860352
5058,-9557.586914,-9894.085938,336.499023
5059,-10954.619141,-10935.503906,19.115234
5060,-11509.379883,-11511.213867,1.833984
5061,-10877.420898,-10971.797852,94.376953
5062,-10015.671875,-9990.364258,25.307617
5063,-12450.545898,-12521.428711,70.882812
5064,-11509.059570,-11510.769531,1.709961
5065,-12417.651367,-12386.352539,31.298828
5066,-10635.630859,-10532.858398,102.772461
5067,-11961.683594,-11947.509766,14.173828
5068,-12395.381836,-12521.047852,125.666016
5069,-11010.867188,-11035.152344,24.285156
5070,-12452.298828,-12554.340820,102.041992
5071,-11552.791992,-11373.500977,179.291016
5072,-11750.784180,-11812.637695,61.853516
5073,-11949.806641,-11947.664062,2.142578
5074,-11454.554688,-11376.123047,78.431641
5075,-10598.829102,-10598.591797,0.237305
5076,-11372.962891,-11374.347656,1.384766
5077,-11047.655273,-10943.230469,104.424805
5078,-10539.653320,-10565.213867,25.560547
5079,-11961.808594,-11945.746094,16.062500
5080,-11517.535156,-11508.632812,8.902344
5081,-8463.943359,-8427.238281,36.705078
5082,-12016.958008,-11947.086914,69.871094
5083,-11126.735352,-11316.380859,189.645508
5084,-10258.215820,-10338.528320,80.312500
5085,45277.417969,-1101.487305,46378.905273
5086,-10572.550781,-10498.827148,73.723633
5087,-10596.581055,-10533.301758,63.279297
5088,-11868.423828,-11948.221680,79.797852
5089,-11522.898438,-11509.535156,13.363281
5090,-9758.926758,-9991.178711,232.251953
5091,-12381.390625,-12456.457031,75.066406
5092,-11372.433594,-11407.436523,35.002930
5093,-12555.231445,-12456.021484,99.209961
5094,-12368.314453,-12319.190430,49.124023
5095,-10905.125000,-10937.767578,32.642578
5096,-10629.321289,-10533.214844,96.106445
5097,-11095.835938,-10970.481445,125.354492
5098,-11466.050781,-11476.996094,10.945312
5099,-12929.485352,-12959.743164,30.257812
5100,-10170.359375,-10333.333008,162.973633
5101,-11878.595703,-11915.762695,37.166992
5102,-9535.711914,-9429.517578,106.194336
5103,-11000.105469,-10939.677734,60.427734
5104,-12776.773438,-12926.279297,149.505859
5105,-9003.640625,-8486.407227,517.233398
5106,-11335.210938,-11375.101562,39.890625
5107,-12729.600586,-12894.134766,164.534180
5108,-11618.630859,-11543.738281,74.892578
5109,-12082.754883,-11948.263672,134.491211
5110,-10958.934570,-10936.483398,22.451172
5111,-10549.176758,-10441.309570,107.867188
5112,-11027.127930,-11003.349609,23.778320
5113,-11920.911133,-11915.486328,5.424805
5114,-12370.592773,-12521.312500,150.719727
5115,-12512.566406,-12554.499023,41.932617
5116,-11514.632812,-11510.371094,4.261719
5117,-11416.280273,-11475.755859,59.475586
5118,-10554.507812,-10532.202148,22.305664
5119,-10259.453125,-10427.341797,167.888672
5120,-11085.981445,-11001.509766,84.471680
5121,-10594.561523,-10533.104492,61.457031
5122,-11323.801758,-11374.541992,50.740234
5123,-9823.900391,-9927.818359,103.917969
5124,-10639.375977,-10533.084961,106.291016
5125,-11489.468750,-11508.858398,19.389648
5126,-11403.614258,-11342.388672,61.225586
5127,-9256.006836,-7820.763672,1435.243164
5128,-11484.260742,-11376.422852,107.837891
5129,-10518.329102,-10498.615234,19.713867
5130,-11024.487305,-10970.587891,53.899414
5131,-10615.453125,-10598.526367,16.926758
5132,-12729.103516,-12925.806641,196.703125
5133,-11999.146484,-11882.506836,116.639648
5134,-11281.503906,-11407.327148,125.823242
5135,-12469.358398,-12488.109375,18.750977
5136,-9615.338867,-9437.893555,177.445312
5137,-9250.260742,-9555.266602,305.005859
5138,-11681.550781,-11609.230469,72.320312
5139,-10645.712891,-10566.599609,79.113281
5140,-10621.755859,-10565.045898,56.709961
5141,-11519.705078,-11544.271484,24.566406
5142,-9534.889648,-9432.283203,102.606445
5143,-12405.561523,-12586.629883,181.068359
5144,-12050.862305,-12012.502930,38.359375
5145,-9528.222656,-9464.346680,63.875977
5146,-11595.817383,-11510.088867,85.728516
5147,-12454.704102,-12487.099609,32.395508
5148,-12430.296875,-12353.630859,76.666016
5149,-9785.139648,-9900.815430,115.675781
5150,-12842.516602,-12894.537109,52.020508
5151,-10538.312500,-10475.923828,62.388672
5152,-11113.557617,-10879.727539,233.830078
5153,-9199.590820,-9490.262695,290.671875
5154,-11490.506836,-11509.069336,18.562500
5155,-10563.294922,-10500.418945,62.875977
5156,-10970.400391,-10903.262695,67.137695
5157,-11813.005859,-11850.266602,37.260742
5158,-12052.756836,-11916.314453,136.442383
5159,-12812.218750,-12894.159180,81.940430
5160,-11429.207031,-11371.548828,57.658203
5161,-9830.700195,-9959.569336,128.869141
5162,-10587.242188,-10532.676758,54.565430
5163,-11527.219727,-11542.612305,15.392578
5164,-11636.094727,-11484.166992,151.927734
5165,-10543.662109,-10507.555664,36.106445
5166,-11034.563477,-10938.510742,96.052734
5167,-9871.649414,-9990.792969,119.143555
5168,-11363.737305,-11375.386719,11.649414
5169,-11922.490234,-11916.192383,6.297852
5170,-12488.235352,-12685.976562,197.741211
5171,-11558.968750,-11543.840820,15.127930
5172,-11913.871094,-11981.837891,67.966797
5173,-11898.093750,-11849.689453,48.404297
5174,-10993.771484,-10912.046875,81.724609
5175,-11381.111328,-11372.471680,8.639648
5176,-10957.562500,-10936.280273,21.282227
5177,-11365.596680,-11374.614258,9.017578
5178,-9356.379883,-9554.683594,198.303711
5179,-10589.394531,-10565.515625,23.878906
5180,-10558.901367,-10531.151367,27.750000
5181,-9483.604492,-9462.601562,21.002930
5182,-12392.211914,-12455.957031,63.745117
5183,-11320.037109,-11340.138672,20.101562
5184,-11522.797852,-11543.606445,20.808594
5185,-11375.375000,-11374.280273,1.094727
5186,-10940.754883,-10969.755859,29.000977
5187,-10304.483398,-10307.264648,2.781250
5188,-12397.962891,-12456.698242,58.735352
5189,-11462.728516,-11350.753906,111.974609
5190,-9999.959961,-9992.245117,7.714844
5191,-10987.017578,-10875.506836,111.510742
5192,-10974.487305,-11001.788086,27.300781
5193,-11980.693359,-11948.796875,31.896484
5194,-9166.875000,-8487.303711,679.571289
5195,-10537.958984,-10532.791992,5.166992
5196,-11574.041992,-11475.693359,98.348633
5197,-12417.793945,-12487.304688,69.510742
5198,-9779.714844,-9868.137695,88.422852
5199,-10986.449219,-10937.045898,49.403320
5200,-8973.165039,-9556.104492,582.939453
5201,-9280.654297,-9554.044922,273.390625
5202,-12988.236328,-12926.964844,61.271484
5203,-10554.028320,-10465.624023,88.404297
5204,-10955.916016,-10970.891602,14.975586
5205,-10039.404297,-10428.112305,388.708008
5206,-10712.004883,-10598.151367,113.853516
5207,-10040.585938,-9901.311523,139.274414
5208,-12019.558594,-11948.645508,70.913086
5209,-12027.920898,-11945.362305,82.558594
5210,-9548.503906,-9398.365234,150.138672
5211,-9239.899414,-9487.907227,248.007812
5212,-12839.253906,-12790.945312,48.308594
5213,-11484.265625,-11477.562500,6.703125
5214,-10526.805664,-10468.833984,57.971680
5215,-9439.135742,-9925.201172,486.065430
5216,-10647.974609,-10566.605469,81.369141
5217,-11518.469727,-11510.995117,7.474609
5218,-10843.848633,-10743.431641,100.416992
5219,-10416.171875,-10395.845703,20.326172
5220,-10929.541016,-10935.617188,6.076172
5221,-8523.918945,-8427.405273,96.513672
5222,-11300.604492,-11308.778320,8.173828
5223,-12407.403320,-12617.747070,210.343750
5224,-11594.538086,-11543.735352,50.802734
5225,-11406.075195,-11510.047852,103.972656
5226,-6660.368164,-6314.031250,346.336914
5227,-10514.861328,-10533.403320,18.541992
5228,-10956.936523,-11001.676758,44.740234
5229,-10537.442383,-10371.995117,165.447266
5230,-9753.812500,-9899.442383,145.629883
5231,-10057.785156,-9900.258789,157.526367
5232,-11893.398438,-11979.731445,86.333008
5233,-10681.886719,-10371.410156,310.476562
5234,-10961.375000,-10902.833984,58.541016
5235,-11510.336914,-11478.083984,32.252930
5236,-11100.284180,-11003.640625,96.643555
5237,-10941.803711,-11000.369141,58.565430
5238,-12867.957031,-12925.031250,57.074219
5239,-12858.473633,-12926.714844,68.241211
5240,-10225.319336,-10364.175781,138.856445
5241,-11514.601562,-11510.934570,3.666992
5242,-12514.716797,-12520.775391,6.058594
5243,-11615.476562,-11542.721680,72.754883
5244,-11847.206055,-11780.003906,67.202148
5245,-13176.546875,-13330.383789,153.836914
5246,-12436.403320,-12487.742188,51.338867
5247,-12133.569336,-11891.575195,241.994141
5248,-13165.000977,-13363.947266,198.946289
5249,-10936.312500,-10967.360352,31.047852
5250,-12285.332031,-12248.729492,36.602539
5251,-9035.215820,-9653.911133,618.695312
5252,-11293.036133,-11374.283203,81.247070
5253,-11856.895508,-11980.790039,123.894531
5254,-11346.087891,-11371.577148,25.489258
5255,-10962.961914,-10935.050781,27.911133
5256,-10860.255859,-11001.401367,141.145508
5257,-12462.605469,-12488.045898,25.440430
5258,-12327.510742,-12385.986328,58.475586
5259,-10534.625000,-10532.246094,2.378906
5260,-9757.729492,-9496.761719,260.967773
5261,-9236.436523,-8485.263672,751.172852
5262,-11683.083984,-11608.861328,74.222656
5263,-9986.072266,-9992.344727,6.272461
5264,-12626.000977,-12757.251953,131.250977
5265,-12443.578125,-12489.206055,45.627930
5266,-12286.409180,-12216.737305,69.671875
5267,-10937.743164,-10901.077148,36.666016
5268,-9807.844727,-10429.858398,622.013672
5269,-9359.944336,-9587.510742,227.566406
5270,-10279.599609,-10305.508789,25.909180
5271,-9355.387695,-9991.015625,635.627930
5272,-11784.746094,-11779.743164,5.002930
5273,-12414.376953,-12287.254883,127.122070
5274,-10919.945312,-10906.065430,13.879883
5275,-11375.024414,-11342.497070,32.527344
5276,-11487.896484,-11477.804688,10.091797
5277,-12496.583984,-12553.583008,56.999023
5278,-11576.168945,-11509.491211,66.677734
5279,-10600.117188,-10531.927734,68.189453
5280,-11529.648438,-11509.806641,19.841797
5281,-12008.607422,-11947.678711,60.928711
5282,-10877.664062,-10934.837891,57.173828
5283,-11516.407227,-11510.423828,5.983398
5284,-11507.485352,-11577.157227,69.671875
5285,-11021.571289,-10971.513672,50.057617
5286,-9922.087891,-9990.644531,68.556641
5287,-10980.343750,-10970.286133,10.057617
5288,-12857.515625,-12926.881836,69.366211
5289,-11920.253906,-11947.211914,26.958008
5290,-8901.941406,-8459.888672,442.052734
5291,-10400.097656,-10440.480469,40.382812
5292,-9911.033203,-9960.525391,49.492188
5293,-10564.013672,-10566.202148,2.188477
5294,-9780.046875,-9958.538086,178.491211
5295,-10276.380859,-10439.928711,163.547852
5296,-11825.374023,-11878.401367,53.027344
5297,-10141.073242,-10338.587891,197.514648
5298,-12799.646484,-12790.140625,9.505859
5299,-10539.957031,-10497.859375,42.097656
5300,-10978.819336,-10968.996094,9.823242
5301,-7023.432617,-7918.998047,895.565430
5302,-9358.738281,-9463.589844,104.851562
5303,-9469.688477,-9302.746094,166.942383
5304,-12931.761719,-12822.591797,109.169922
5305,-11351.448242,-11407.625000,56.176758
5306,-11924.801758,-11946.557617,21.755859
5307,-11049.898438,-10878.723633,171.174805
5308,-10982.414062,-10970.449219,11.964844
5309,-11343.687500,-11444.421875,100.734375
5310,-10555.460938,-10532.904297,22.556641
5311,-12826.853516,-12822.119141,4.734375
5312,-12460.053711,-12486.845703,26.791992
5313,-12146.208008,-12384.623047,238.415039
5314,-11766.460938,-11811.160156,44.699219
5315,-9939.992188,-8887.340820,1052.651367
5316,-11548.150391,-11541.968750,6.181641
5317,-9858.211914,-9867.967773,9.755859
5318,-9180.443359,-8519.398438,661.044922
5319,-11444.911133,-11510.570312,65.659180
5320,-12327.601562,-12354.374023,26.772461
5321,-11994.883789,-11948.212891,46.670898
5322,-11271.068359,-11405.960938,134.892578
5323,-9960.355469,-8923.596680,1036.758789
5324,-10988.668945,-10967.295898,21.373047
5325,-11489.213867,-11478.718750,10.495117
5326,-11046.910156,-11002.937500,43.972656
5327,-12394.792969,-12351.788086,43.004883
5328,-12497.467773,-12490.602539,6.865234
5329,-11363.850586,-11374.420898,10.570312
5330,-11784.663086,-11947.568359,162.905273
5331,-11360.920898,-11375.532227,14.611328
5332,-12747.048828,-12924.391602,177.342773
5333,-11739.292969,-11844.708008,105.415039
5334,-11339.262695,-11374.916016,35.653320
5335,-12422.176758,-12488.633789,66.457031
5336,-11907.040039,-11914.945312,7.905273
5337,-10973.824219,-10968.749023,5.075195
5338,-15771.664062,-15493.771484,277.892578
5339,-11861.510742,-11917.375977,55.865234
5340,-11083.469727,-10878.996094,204.473633
5341,-9680.841797,-9927.730469,246.888672
5342,-12569.757812,-12553.333984,16.423828
5343,-9829.615234,-10362.983398,533.368164
5344,-11956.532227,-11915.044922,41.487305
5345,-10972.016602,-11004.642578,32.625977
5346,-9460.988281,-8486.145508,974.842773
5347,-10435.199219,-10406.872070,28.327148
5348,-11344.523438,-11404.832031,60.308594
5349,-11571.765625,-11544.350586,27.415039
5350,-10861.624023,-11238.913086,377.289062
5351,-10583.748047,-10565.261719,18.486328
5352,-11821.142578,-11845.417969,24.275391
5353,-9687.873047,-9959.709961,271.836914
5354,-11902.058594,-11913.630859,11.572266
5355,-11959.288086,-11949.029297,10.258789
5356,-10570.966797,-10532.361328,38.605469
5357,-10621.252930,-10565.130859,56.122070
5358,-11882.330078,-11916.878906,34.548828
5359,-11729.710938,-11846.048828,116.337891
5360,-13731.736328,-13878.572266,146.835938
5361,-11404.165039,-11477.768555,73.603516
5362,-11383.386719,-11374.416992,8.969727
5363,-11374.407227,-11376.689453,2.282227
5364,-12428.741211,-12490.032227,61.291016
5365,-11257.377930,-11408.621094,151.243164
5366,-12435.232422,-12385.793945,49.438477
5367,-11491.155273,-11544.020508,52.865234
5368,-11856.794922,-11915.465820,58.670898
5369,-11909.959961,-11947.193359,37.233398
5370,-11602.084961,-11542.960938,59.124023
5371,-9690.820312,-9959.583984,268.763672
5372,-9825.211914,-9902.195312,76.983398
5373,-10894.901367,-10904.749023,9.847656
5374,-11422.939453,-11407.052734,15.886719
5375,-11049.378906,-10911.725586,137.653320
5376,-11948.656250,-11947.712891,0.943359
5377,-11463.026367,-11474.054688,11.028320
5378,-11935.086914,-11948.268555,13.181641
5379,-11097.141602,-10971.607422,125.534180
5380,-12475.923828,-12386.647461,89.276367
5381,-10937.573242,-10937.339844,0.233398
5382,-10966.352539,-11004.066406,37.713867
5383,-11966.720703,-11945.924805,20.795898
5384,-10142.653320,-10363.010742,220.357422
5385,-11358.744141,-11374.741211,15.997070
5386,-9374.083008,-9462.696289,88.613281
5387,-10556.103516,-10507.976562,48.126953
5388,-12559.027344,-12685.130859,126.103516
5389,-11033.468750,-11003.892578,29.576172
5390,-11975.723633,-11914.316406,61.407227
5391,-10654.123047,-10802.309570,148.186523
5392,-10918.932617,-10878.750000,40.182617
5393,-11064.516602,-10937.698242,126.818359
5394,-12429.601562,-12353.148438,76.453125
5395,-12375.081055,-12353.482422,21.598633
5396,-11924.422852,-11917.389648,7.033203
5397,-10793.750977,-10912.351562,118.600586
5398,-9993.685547,-9357.533203,636.152344
5399,-10579.581055,-10533.191406,46.389648
5400,-10909.764648,-10968.636719,58.872070
5401,-13614.415039,-13764.675781,150.260742
5402,-9457.794922,-9956.892578,499.097656
5403,-11925.367188,-11947.251953,21.884766
5404,-10209.096680,-10304.064453,94.967773
5405,-11789.531250,-11915.689453,126.158203
5406,-11428.570312,-11510.564453,81.994141
5407,-10525.337891,-10532.288086,6.950195
5408,-9822.867188,-9894.105469,71.238281
5409,-10883.341797,-11238.699219,355.357422
5410,-11422.168945,-11510.389648,88.220703
5411,-11993.559570,-11946.195312,47.364258
5412,-10728.207031,-10631.683594,96.523438
5413,-10987.599609,-10970.364258,17.235352
5414,-10260.178711,-10398.261719,138.083008
5415,-11989.768555,-12013.329102,23.560547
5416,-10969.135742,-11002.578125,33.442383
5417,-9599.677734,-9464.130859,135.546875
5418,-10466.052734,-10469.331055,3.278320
5419,-11374.715820,-11474.139648,99.423828
5420,-12417.882812,-12488.366211,70.483398
5421,-10968.557617,-11002.297852,33.740234
5422,-11534.871094,-11543.333008,8.461914
5423,-12400.302734,-12521.718750,121.416016
5424,-10603.293945,-10834.122070,230.828125
5425,-11564.242188,-11509.398438,54.843750
5426,-10617.010742,-10834.088867,217.078125
5427,-11540.622070,-11511.339844,29.282227
5428,-12095.991211,-11883.317383,212.673828
5429,-11447.274414,-11477.163086,29.888672
5430,-11439.502930,-11479.673828,40.170898
5431,-11855.748047,-11813.249023,42.499023
5432,-11557.220703,-11544.501953,12.718750
5433,-9892.381836,-10201.670898,309.289062
5434,-11975.557617,-12014.403320,38.845703
5435,-10986.952148,-10967.775391,19.176758
5436,-12883.583984,-12895.743164,12.159180
5437,-10952.456055,-10936.146484,16.309570
5438,-9904.318359,-9990.217773,85.899414
5439,-11573.581055,-11511.822266,61.758789
5440,-9373.589844,-9488.855469,115.265625
5441,-11587.897461,-11509.760742,78.136719
5442,-10964.879883,-10934.012695,30.867188
5443,-9504.464844,-9462.432617,42.032227
5444,-11954.582031,-11947.803711,6.778320
5445,-10577.493164,-10800.571289,223.078125
5446,-12373.223633,-12319.544922,53.678711
5447,-11758.655273,-11949.145508,190.490234
5448,-12461.929688,-12519.871094,57.941406
5449,-11451.904297,-11475.200195,23.295898
5450,-12323.404297,-12215.736328,107.667969
5451,-9477.713867,-9497.499023,19.785156
5452,-11294.918945,-11309.045898,14.126953
5453,-10484.766602,-10272.891602,211.875000
5454,-12002.346680,-11948.590820,53.755859
5455,-11524.688477,-11477.262695,47.425781
5456,-11589.107422,-11575.746094,13.361328
5457,-11394.762695,-11479.764648,85.001953
5458,-9857.833008,-9957.316406,99.483398
5459,-9116.273438,-7450.650879,1665.622559
5460,-10080.806641,-10364.319336,283.512695
5461,-12396.730469,-12520.318359,123.587891
5462,-12415.426758,-12489.199219,73.772461
5463,-10566.059570,-10532.171875,33.887695
5464,-10945.284180,-10903.699219,41.584961
5465,-11027.246094,-10912.322266,114.923828
5466,-10283.309570,-10330.581055,47.271484
5467,-12023.268555,-11981.837891,41.430664
5468,-10565.246094,-10533.015625,32.230469
5469,-9573.191406,-9465.342773,107.848633
5470,-11553.392578,-11543.564453,9.828125
5471,-9326.007812,-9522.193359,196.185547
5472,-11006.982422,-10969.682617,37.299805
5473,-10379.981445,-10473.969727,93.988281
5474,-12422.605469,-12354.520508,68.084961
5475,-9199.250000,-9520.233398,320.983398
5476,-9522.917969,-9924.424805,401.506836
5477,-10984.538086,-10970.890625,13.647461
5478,-12826.183594,-12721.651367,104.532227
5479,-12440.941406,-12455.861328,14.919922
5480,-11627.799805,-11542.959961,84.839844
5481,-11534.823242,-11511.983398,22.839844
5482,-11437.611328,-11477.245117,39.633789
5483,-10529.548828,-10500.069336,29.479492
5484,-11565.794922,-11510.644531,55.150391
5485,-12005.724609,-11891.261719,114.462891
5486,-11612.860352,-11542.607422,70.252930
5487,-11587.917969,-11543.250000,44.667969
5488,-11842.630859,-11882.881836,40.250977
5489,-10956.632812,-10870.422852,86.209961
5490,-11586.030273,-11509.689453,76.340820
5491,-10516.785156,-10467.823242,48.961914
5492,-8969.537109,-8865.042969,104.494141
5493,-11388.365234,-11407.990234,19.625000
5494,-11835.414062,-11946.994141,111.580078
5495,-10545.958984,-10496.457031,49.501953
5496,-10585.133789,-10499.674805,85.458984
5497,-12529.791016,-12352.788086,177.002930
5498,-12421.452148,-12488.339844,66.887695
5499,-9486.704102,-9489.468750,2.764648
5500,-11446.610352,-11407.813477,38.796875
5501,-11007.335938,-11002.080078,5.255859
5502,-10772.480469,-10506.623047,265.857422
5503,-11928.167969,-11912.475586,15.692383
5504,-10523.807617,-10532.625977,8.818359
5505,-11535.364258,-11575.830078,40.465820
5506,-10274.607422,-10396.653320,122.045898
5507,-9875.178711,-9925.333008,50.154297
5508,-10137.858398,-10364.410156,226.551758
5509,-11365.237305,-11406.916016,41.678711
5510,-9351.202148,-8258.594727,1092.607422
5511,-10049.258789,-10396.979492,347.720703
5512,-11034.121094,-10969.245117,64.875977
5513,-10327.179688,-10396.023438,68.843750
5514,-9979.515625,-11576.515625,1597.000000
5515,-11691.420898,-11609.126953,82.293945
5516,-9424.688477,-9586.699219,162.010742
5517,-11337.386719,-11406.728516,69.341797
5518,-11509.006836,-11511.081055,2.074219
5519,-11960.604492,-11948.278320,12.326172
5520,-10971.583984,-10938.031250,33.552734
5521,-11376.449219,-11374.562500,1.886719
5522,-10523.112305,-10499.384766,23.727539
5523,-10561.434570,-10507.856445,53.578125
5524,-12429.333984,-12553.528320,124.194336
5525,-11943.659180,-11914.327148,29.332031
5526,-12618.607422,-12620.086914,1.479492
5527,-10011.907227,-10298.109375,286.202148
5528,-10548.210938,-10532.555664,15.655273
5529,-12337.966797,-12385.731445,47.764648
5530,-11473.713867,-11374.750000,98.963867
5531,-10973.033203,-10935.253906,37.779297
5532,-11859.631836,-12012.429688,152.797852
5533,-12825.417969,-12960.729492,135.311523
5534,-10630.978516,-10566.161133,64.817383
5535,-10524.761719,-10466.642578,58.119141
5536,-12773.509766,-12894.784180,121.274414
5537,-9641.384766,-9429.569336,211.815430
5538,-12865.975586,-12922.902344,56.926758
5539,-9845.001953,-9957.788086,112.786133
5540,-10518.300781,-10531.705078,13.404297
5541,-10576.214844,-10500.155273,76.059570
5542,-11558.866211,-11510.208008,48.658203
5543,-10582.879883,-10532.762695,50.117188
5544,-9618.834961,-9562.519531,56.315430
5545,-13308.076172,-13363.461914,55.385742
5546,-11939.127930,-11858.807617,80.320312
5547,-10655.750000,-10599.359375,56.390625
5548,-11413.768555,-11510.750977,96.982422
5549,-12007.046875,-11979.051758,27.995117
5550,-9472.208008,-9520.329102,48.121094
5551,-11424.878906,-11343.452148,81.426758
5552,-12293.572266,-12247.642578,45.929688
5553,-11450.424805,-11375.257812,75.166992
5554,-12480.161133,-12520.193359,40.032227
5555,-9107.494141,-9555.285156,447.791016
5556,-11810.528320,-11949.275391,138.747070
5557,-11772.797852,-11812.295898,39.498047
5558,-9154.356445,-8485.391602,668.964844
5559,-11914.644531,-11915.645508,1.000977
5560,-11904.693359,-11948.838867,44.145508
5561,-12072.864258,-11947.452148,125.412109
5562,-10700.591797,-10775.070312,74.478516
5563,-12518.134766,-12386.054688,132.080078
5564,-12465.399414,-12386.144531,79.254883
5565,-9418.984375,-9562.274414,143.290039
5566,-9880.237305,-9834.320312,45.916992
5567,-11563.558594,-11543.076172,20.482422
5568,-9745.473633,-8853.774414,891.699219
5569,-11490.479492,-11317.228516,173.250977
5570,-11781.718750,-11779.676758,2.041992
5571,-11967.694336,-11947.793945,19.900391
5572,-11606.601562,-11452.934570,153.666992
5573,-12061.716797,-12012.544922,49.171875
5574,-11035.649414,-11236.597656,200.948242
5575,-9574.068359,-9327.775391,246.292969
5576,-10526.763672,-10532.468750,5.705078
5577,-10549.102539,-10566.810547,17.708008
5578,-11153.651367,-11238.816406,85.165039
5579,-11624.513672,-11576.171875,48.341797
5580,-12371.629883,-12418.967773,47.337891
5581,-10992.432617,-10971.906250,20.526367
5582,-10650.516602,-10564.918945,85.597656
5583,-10986.921875,-10905.064453,81.857422
5584,-12440.610352,-12488.933594,48.323242
5585,-11924.884766,-11917.123047,7.761719
5586,-12561.630859,-12354.770508,206.860352
5587,-10731.446289,-10800.826172,69.379883
5588,-12436.414062,-12354.279297,82.134766
5589,-11236.715820,-11341.864258,105.148438
5590,-9360.769531,-9360.860352,0.090820
5591,-10982.980469,-10905.154297,77.826172
5592,-11639.826172,-11544.432617,95.393555
5593,-12397.723633,-12454.937500,57.213867
5594,-10989.181641,-11003.398438,14.216797
5595,-10631.760742,-10533.272461,98.488281
5596,-11461.919922,-11509.489258,47.569336
5597,-11583.085938,-11542.933594,40.152344
5598,-10491.312500,-10475.762695,15.549805
5599,-10554.359375,-10497.930664,56.428711
5600,-11470.010742,-11509.922852,39.912109
5601,-14237.041992,-13873.469727,363.572266
5602,-11836.148438,-11812.674805,23.473633
5603,-11890.431641,-11913.646484,23.214844
5604,-10865.883789,-10936.719727,70.835938
5605,-8340.910156,-8428.208984,87.298828
5606,-9803.071289,-9957.675781,154.604492
5607,-11822.407227,-11719.721680,102.685547
5608,-11423.525391,-11441.575195,18.049805
5609,-10905.982422,-10936.308594,30.326172
5610,-10685.814453,-10598.425781,87.388672
5611,-11928.267578,-11914.225586,14.041992
5612,-9730.528320,-9958.768555,228.240234
5613,-11893.722656,-12012.453125,118.730469
5614,-11032.642578,-10970.605469,62.037109
5615,-10972.777344,-11001.686523,28.909180
5616,-10963.884766,-10900.680664,63.204102
5617,-11844.382812,-11811.790039,32.592773
5618,-11807.779297,-11844.330078,36.550781
5619,-11370.169922,-11439.496094,69.326172
5620,-11515.458008,-11477.388672,38.069336
5621,-10100.662109,-9327.017578,773.644531
5622,-10884.539062,-10936.367188,51.828125
5623,-9898.918945,-9988.654297,89.735352
5624,-10205.332031,-10473.862305,268.530273
5625,-10827.678711,-10904.422852,76.744141
5626,-10932.388672,-10904.578125,27.810547
5627,-11024.246094,-11004.136719,20.109375
5628,-11416.919922,-11478.933594,62.013672
5629,-11587.199219,-11510.557617,76.641602
5630,-11033.546875,-10968.427734,65.119141
5631,-9904.843750,-9867.050781,37.792969
5632,-11371.556641,-11282.952148,88.604492
5633,-12802.625977,-12837.196289,34.570312
5634,-12539.079102,-12386.377930,152.701172
5635,-11969.806641,-11948.297852,21.508789
5636,-11340.176758,-11309.107422,31.069336
5637,-12052.012695,-11946.160156,105.852539
5638,-12380.427734,-12353.036133,27.391602
5639,-11017.685547,-11238.934570,221.249023
5640,-11352.900391,-11317.707031,35.193359
5641,-12315.921875,-12385.409180,69.487305
5642,-9040.995117,-9556.255859,515.260742
5643,-11303.816406,-10911.607422,392.208984
5644,-12850.980469,-12894.182617,43.202148
5645,-9320.153320,-8518.667969,801.485352
5646,-11738.855469,-11845.031250,106.175781
5647,-9373.935547,-9860.214844,486.279297
5648,-12476.625977,-12489.380859,12.754883
5649,-11495.900391,-11317.817383,178.083008
5650,-7314.956543,-7301.028809,13.927734
5651,-10307.456055,-10398.640625,91.184570
5652,-9809.813477,-9866.945312,57.131836
5653,-12387.797852,-12385.434570,2.363281
5654,-10437.323242,-10474.549805,37.226562
5655,-10474.623047,-10465.607422,9.015625
5656,-12452.002930,-12456.560547,4.557617
5657,-10615.884766,-10799.502930,183.618164
5658,-12268.506836,-12280.722656,12.215820
5659,-12890.312500,-12823.321289,66.991211
5660,-11378.472656,-11475.727539,97.254883
5661,-17187.472656,-16439.890625,747.582031
5662,-12461.486328,-12489.221680,27.735352
5663,-10587.734375,-10531.988281,55.746094
5664,-10979.468750,-10903.619141,75.849609
5665,-11039.792969,-10938.169922,101.623047
5666,-11795.033203,-11780.409180,14.624023
5667,-11286.710938,-11476.836914,190.125977
5668,-11339.801758,-11373.916016,34.114258
5669,-12758.219727,-12791.189453,32.969727
5670,-12407.763672,-12353.263672,54.500000
5671,-10944.275391,-10934.857422,9.417969
5672,-11571.972656,-11480.239258,91.733398
5673,-12351.681641,-12353.721680,2.040039
5674,-11324.142578,-11341.786133,17.643555
5675,-9492.042969,-9587.661133,95.618164
5676,-10510.216797,-10532.625000,22.408203
5677,-12775.110352,-12791.543945,16.433594
5678,-9836.129883,-9924.583008,88.453125
5679,-10462.020508,-10466.573242,4.552734
5680,-12045.022461,-11946.973633,98.048828
5681,-11958.706055,-11948.623047,10.083008
5682,-12148.589844,-12248.625000,100.035156
5683,-11934.564453,-11843.418945,91.145508
5684,-10535.400391,-10499.950195,35.450195
5685,-12417.587891,-12554.870117,137.282227
5686,-12764.016602,-12823.520508,59.503906
5687,-11422.849609,-11407.880859,14.968750
5688,-10978.826172,-10934.110352,44.715820
5689,-12146.623047,-12217.196289,70.573242
5690,-10936.752930,-10934.343750,2.409180
5691,-11952.771484,-11915.567383,37.204102
5692,-10457.124023,-10442.519531,14.604492
5693,-10992.774414,-10903.984375,88.790039
5694,-11605.367188,-11593.389648,11.977539
5695,-12787.670898,-12926.573242,138.902344
5696,-10522.264648,-10465.531250,56.733398
5697,-10927.551758,-10969.097656,41.545898
5698,-11583.714844,-11542.793945,40.920898
5699,-11320.483398,-11440.567383,120.083984
5700,-12851.921875,-12789.983398,61.938477
5701,-11385.591797,-11343.041016,42.550781
5702,-11380.674805,-11306.925781,73.749023
5703,-10996.080078,-11001.525391,5.445312
5704,-10958.333008,-10937.274414,21.058594
5705,-11179.632812,-11303.460938,123.828125
5706,-10593.899414,-10531.811523,62.087891
5707,-11101.266602,-10938.183594,163.083008
5708,-12522.745117,-12353.884766,168.860352
5709,-11034.852539,-11003.828125,31.024414
5710,-11508.989258,-11479.256836,29.732422
5711,-13318.949219,-13331.616211,12.666992
5712,-11006.962891,-10967.470703,39.492188
5713,-10024.639648,-9360.641602,663.998047
5714,-11565.955078,-11543.902344,22.052734
5715,-10343.080078,-10142.477539,200.602539
5716,-11957.832031,-11947.137695,10.694336
5717,-10540.230469,-10533.487305,6.743164
5718,-11997.243164,-11915.766602,81.476562
5719,-11812.294922,-11843.719727,31.424805
5720,-9353.034180,-9521.005859,167.971680
5721,-11743.095703,-11979.268555,236.172852
5722,-10592.311523,-10566.152344,26.159180
5723,-11037.709961,-10970.456055,67.253906
5724,-11462.392578,-11445.475586,16.916992
5725,-10322.776367,-10339.774414,16.998047
5726,-11006.283203,-10971.579102,34.704102
5727,-9472.612305,-9437.549805,35.062500
5728,-12855.566406,-12923.602539,68.036133
5729,-11052.876953,-10970.136719,82.740234
5730,-11501.864258,-11511.336914,9.472656
5731,-11598.833984,-11576.124023,22.709961
5732,-11802.871094,-11914.500977,111.629883
5733,-13395.728516,-13501.046875,105.318359
5734,-9822.973633,-9867.698242,44.724609
5735,-12799.999023,-12926.660156,126.661133
5736,-11482.340820,-11374.246094,108.094727
5737,-11915.598633,-11880.796875,34.801758
5738,-10661.555664,-10565.745117,95.810547
5739,-11592.104492,-11510.365234,81.739258
5740,-10726.435547,-10970.169922,243.734375
5741,-10956.007812,-10970.121094,14.113281
5742,-11930.241211,-11914.776367,15.464844
5743,-9550.225586,-9766.344727,216.119141
5744,-12491.758789,-12521.213867,29.455078
5745,-11271.660156,-11308.990234,37.330078
5746,-12859.914062,-12926.364258,66.450195
5747,-11396.970703,-11376.203125,20.767578
5748,-11563.339844,-11543.562500,19.777344
5749,-10564.023438,-10496.953125,67.070312
5750,-10981.035156,-10936.601562,44.433594
5751,-10917.296875,-11002.220703,84.923828
5752,-12379.790039,-12352.295898,27.494141
5753,-11626.905273,-11576.008789,50.896484
5754,-8602.455078,-8394.562500,207.892578
5755,-9790.018555,-9927.754883,137.736328
5756,-10783.847656,-10775.750000,8.097656
5757,-11134.040039,-10880.230469,253.809570
5758,-12476.250977,-12490.443359,14.192383
5759,-12260.770508,-12216.042969,44.727539
5760,-11009.026367,-10905.505859,103.520508
5761,-9326.834961,-9490.385742,163.550781
5762,-11884.933594,-11845.827148,39.106445
5763,-10530.038086,-10474.053711,55.984375
5764,-13965.783203,-14097.280273,131.497070
5765,-12460.812500,-12521.447266,60.634766
5766,-9731.226562,-9529.150391,202.076172
5767,-11384.718750,-11374.193359,10.525391
5768,-11303.450195,-11375.454102,72.003906
5769,-9188.398438,-9554.487305,366.088867
5770,-11525.431641,-11740.292969,214.861328
5771,-10544.092773,-10599.301758,55.208984
5772,-11694.455078,-11811.582031,117.126953
5773,-9820.767578,-9923.384766,102.617188
5774,-11300.461914,-11476.291016,175.829102
5775,-11364.297852,-11443.794922,79.497070
5776,-12500.965820,-12489.283203,11.682617
5777,-11910.096680,-11947.491211,37.394531
5778,-11028.817383,-10971.169922,57.647461
5779,-11007.244141,-10968.527344,38.716797
5780,-11655.955078,-11575.872070,80.083008
5781,-11321.198242,-11406.706055,85.507812
5782,-11377.141602,-11407.556641,30.415039
5783,-9771.723633,-9890.210938,118.487305
5784,-10412.320312,-10440.376953,28.056641
5785,-12467.482422,-12385.635742,81.846680
5786,-12821.247070,-12755.492188,65.754883
5787,-12422.396484,-12521.729492,99.333008
5788,-13440.390625,-13498.894531,58.503906
5789,-11889.270508,-11979.206055,89.935547
5790,-9883.722656,-9990.829102,107.106445
5791,-10331.018555,-10429.377930,98.359375
5792,-11995.447266,-11981.443359,14.003906
5793,-12853.556641,-12821.070312,32.486328
5794,-11577.328125,-11509.349609,67.978516
5795,-10473.974609,-10474.846680,0.872070
5796,-12532.419922,-12571.304688,38.884766
5797,-11976.677734,-11949.756836,26.920898
5798,-10990.868164,-10967.663086,23.205078
5799,-12458.475586,-12521.171875,62.696289
5800,-9741.861328,-9374.653320,367.208008
5801,-10911.570312,-10967.143555,55.573242
5802,-12429.790039,-12522.076172,92.286133
5803,-10988.549805,-10936.450195,52.099609
5804,-11520.969727,-11509.859375,11.110352
5805,-12673.929688,-12821.746094,147.816406
5806,-12857.801758,-12926.199219,68.397461
5807,-10983.375000,-11001.939453,18.564453
5808,-12047.869141,-11979.768555,68.100586
5809,-11481.833008,-11476.268555,5.564453
5810,-9278.193359,-9523.158203,244.964844
5811,-12531.236328,-12520.775391,10.460938
5812,-13154.588867,-13328.922852,174.333984
5813,-12113.465820,-11979.709961,133.755859
5814,-10997.664062,-10969.191406,28.472656
5815,-10328.240234,-10338.750977,10.510742
5816,-12964.207031,-12956.853516,7.353516
5817,-11591.375977,-11544.694336,46.681641
5818,-11542.317383,-11510.385742,31.931641
5819,-11341.083984,-11406.475586,65.391602
5820,-12457.208008,-12520.801758,63.593750
5821,-10954.612305,-10969.740234,15.127930
5822,-13018.750000,-12959.172852,59.577148
5823,-11976.696289,-11980.397461,3.701172
5824,-9359.468750,-9958.136719,598.667969
5825,-11932.480469,-11813.411133,119.069336
5826,-12498.570312,-12521.558594,22.988281
5827,-10006.346680,-9934.405273,71.941406
5828,-12414.998047,-12489.061523,74.063477
5829,-12378.679688,-12385.116211,6.436523
5830,-12217.189453,-12384.620117,167.430664
5831,-11552.639648,-11543.734375,8.905273
5832,-9322.807617,-8954.818359,367.989258
5833,-11002.377930,-10938.261719,64.116211
5834,-10403.133789,-10473.556641,70.422852
5835,-10789.434570,-10879.721680,90.287109
5836,-11557.447266,-11575.978516,18.531250
5837,-9703.354492,-9926.132812,222.778320
5838,-12447.181641,-12385.521484,61.660156
5839,-11405.360352,-11477.062500,71.702148
5840,-9166.806641,-9621.557617,454.750977
5841,-9931.904297,-9989.940430,58.036133
5842,-10119.541992,-10396.259766,276.717773
5843,-11963.288086,-11946.193359,17.094727
5844,-11475.181641,-11509.393555,34.211914
5845,-11960.050781,-11948.911133,11.139648
5846,-12010.574219,-11949.022461,61.551758
5847,-11911.701172,-11950.724609,39.023438
5848,-11946.069336,-11946.491211,0.421875
5849,-10729.196289,-10442.477539,286.718750
5850,-11974.066406,-11949.213867,24.852539
5851,-9616.412109,-9530.190430,86.221680
5852,-10579.390625,-10566.066406,13.324219
5853,-11014.306641,-10939.151367,75.155273
5854,-11424.563477,-11445.114258,20.550781
5855,-11684.533203,-11577.098633,107.434570
5856,-10656.567383,-10598.147461,58.419922
5857,-10193.710938,-10364.501953,170.791016
5858,-13793.958008,-13500.050781,293.907227
5859,-11948.824219,-11980.334961,31.510742
5860,-11559.579102,-11479.199219,80.379883
5861,-10286.384766,-10474.526367,188.141602
5862,-12031.498047,-11947.753906,83.744141
5863,-9776.680664,-9810.281250,33.600586
5864,-11583.638672,-11576.087891,7.550781
5865,-9017.162109,-9521.905273,504.743164
5866,-9375.925781,-9429.610352,53.684570
5867,-10507.879883,-10566.663086,58.783203
5868,-10536.947266,-10532.033203,4.914062
5869,-10733.508789,-10631.843750,101.665039
5870,-10560.695312,-10531.773438,28.921875
5871,-9770.583984,-9927.078125,156.494141
5872,-11481.017578,-11510.100586,29.083008
5873,-11662.089844,-11542.934570,119.155273
5874,-10565.373047,-10500.020508,65.352539
5875,-12302.085938,-12248.220703,53.865234
5876,-10598.504883,-10531.098633,67.406250
5877,-8680.771484,-8729.176758,48.405273
5878,-11272.366211,-11372.655273,100.289062
5879,-9853.161133,-9990.682617,137.521484
5880,-10550.092773,-10466.082031,84.010742
5881,-9581.616211,-9404.656250,176.959961
5882,-12039.921875,-12012.246094,27.675781
5883,-10202.250977,-10362.646484,160.395508
5884,-10573.062500,-10531.753906,41.308594
5885,-11558.327148,-11706.521484,148.194336
5886,-10292.925781,-10305.974609,13.048828
5887,-11837.408203,-11812.985352,24.422852
5888,-10683.733398,-10598.489258,85.244141
5889,-8163.076660,-8664.283203,501.206543
5890,-12446.829102,-12352.425781,94.403320
5891,-11483.238281,-11576.097656,92.859375
5892,-10924.723633,-10775.949219,148.774414
5893,-10020.780273,-9934.534180,86.246094
5894,-10948.821289,-10878.288086,70.533203
5895,-12383.400391,-12521.813477,138.413086
5896,-12231.953125,-12216.744141,15.208984
5897,-10341.682617,-10442.722656,101.040039
5898,-11556.984375,-11477.451172,79.533203
5899,-9533.295898,-9497.366211,35.929688
5900,-9791.411133,-9901.991211,110.580078
5901,-10677.092773,-10631.359375,45.733398
5902,-11107.409180,-11270.229492,162.820312
5903,-10088.203125,-9965.916016,122.287109
5904,-11779.483398,-11881.420898,101.937500
5905,-9873.185547,-9901.152344,27.966797
5906,-10608.407227,-10533.044922,75.362305
5907,-12041.797852,-11981.188477,60.609375
5908,-10588.051758,-10533.068359,54.983398
5909,-11478.043945,-11477.600586,0.443359
5910,-12195.682617,-12249.246094,53.563477
5911,-11980.845703,-11964.909180,15.936523
5912,-12244.516602,-12248.265625,3.749023
5913,-11105.668945,-11406.547852,300.878906
5914,-10981.277344,-10969.380859,11.896484
5915,-13295.894531,-13500.586914,204.692383
5916,-12343.531250,-12523.014648,179.483398
5917,-11547.560547,-11511.507812,36.052734
5918,-9686.739258,-9562.396484,124.342773
5919,-12538.166016,-12417.799805,120.366211
5920,-10957.657227,-10912.817383,44.839844
5921,-10559.092773,-10565.320312,6.227539
5922,-12793.438477,-12894.085938,100.647461
5923,-10509.145508,-10441.807617,67.337891
5924,-12214.514648,-12214.738281,0.223633
5925,-11286.938477,-11406.501953,119.563477
5926,-11504.277344,-11510.951172,6.673828
5927,-9359.407227,-9587.537109,228.129883
5928,-10954.998047,-10969.414062,14.416016
5929,-12133.930664,-11980.686523,153.244141
5930,-13368.976562,-13429.193359,60.216797
5931,-12916.500000,-12926.682617,10.182617
5932,-12259.367188,-12321.565430,62.198242
5933,-11447.770508,-11509.577148,61.806641
5934,-11350.721680,-11373.061523,22.339844
5935,-10915.939453,-10967.081055,51.141602
5936,-10916.385742,-10968.638672,52.252930
5937,-11015.506836,-11002.320312,13.186523
5938,-11243.909180,-11370.783203,126.874023
5939,-10599.848633,-10532.849609,66.999023
5940,-11613.978516,-11576.807617,37.170898
5941,-11959.512695,-11912.541992,46.970703
5942,-10611.844727,-10565.140625,46.704102
5943,-10647.252930,-10565.761719,81.491211
5944,-9822.765625,-9867.065430,44.299805
5945,-10590.922852,-10532.884766,58.038086
5946,-12987.995117,-12823.495117,164.500000
5947,-10910.360352,-11001.342773,90.982422
5948,-10363.991211,-10202.283203,161.708008
5949,-10290.615234,-10362.560547,71.945312
5950,-10544.654297,-10532.542969,12.111328
5951,-11328.556641,-11477.939453,149.382812
5952,-12851.817383,-12925.880859,74.063477
5953,-11436.815430,-11343.662109,93.153320
5954,-10601.710938,-10466.139648,135.571289
5955,-11482.914062,-11510.494141,27.580078
5956,-10981.405273,-10969.352539,12.052734
5957,-11334.034180,-11407.659180,73.625000
5958,-11546.194336,-11542.829102,3.365234
5959,-7992.904297,-7705.714355,287.189941
5960,-8886.147461,-7417.840332,1468.307129
5961,-11323.867188,-11405.173828,81.306641
5962,-11233.226562,-11269.890625,36.664062
5963,-10107.667969,-10427.034180,319.366211
5964,-10965.173828,-10970.471680,5.297852
5965,-11707.139648,-11542.678711,164.460938
5966,-11026.584961,-10937.065430,89.519531
5967,-10881.518555,-10969.996094,88.477539
5968,-12275.491211,-12385.294922,109.803711
5969,-11587.706055,-11543.678711,44.027344
5970,-11473.419922,-11477.889648,4.469727
5971,-10846.698242,-10935.035156,88.336914
5972,-11848.966797,-11915.772461,66.805664
5973,-11863.410156,-11777.057617,86.352539
5974,-10843.904297,-10847.817383,3.913086
5975,-13350.976562,-13467.208008,116.231445
5976,-12452.542969,-12423.417969,29.125000
5977,-10580.704102,-10466.397461,114.306641
5978,-10276.463867,-10441.070312,164.606445
5979,-9841.538086,-9957.754883,116.216797
5980,-10025.250977,-9927.888672,97.362305
5981,-11487.241211,-11508.899414,21.658203
5982,-9616.960938,-9893.173828,276.212891
5983,-10962.403320,-11003.878906,41.475586
5984,-10637.843750,-10565.184570,72.659180
5985,-10896.289062,-10906.777344,10.488281
5986,-11014.722656,-10970.378906,44.343750
5987,-10937.802734,-10945.191406,7.388672
5988,-11803.444336,-11813.404297,9.959961
5989,-10579.058594,-10533.487305,45.571289
5990,-10592.918945,-10533.208984,59.709961
5991,-10771.729492,-10742.902344,28.827148
5992,-12959.674805,-12975.005859,15.331055
5993,-9817.927734,-9900.692383,82.764648
5994,-8694.571289,-9421.955078,727.383789
5995,-9022.901367,-8955.800781,67.100586
5996,-11981.178711,-11948.901367,32.277344
5997,-11931.957031,-11916.182617,15.774414
5998,-11549.592773,-11542.619141,6.973633
5999,-11080.868164,-11408.479492,327.611328
6000,-12376.796875,-12489.029297,112.232422
6001,-10588.456055,-10534.251953,54.204102
6002,-10919.810547,-11002.454102,82.643555
6003,-11410.942383,-11477.057617,66.115234
6004,-11217.423828,-11302.988281,85.564453
6005,-10751.665039,-10879.950195,128.285156
6006,-11349.847656,-11370.720703,20.873047
6007,-9829.259766,-9958.897461,129.637695
6008,-11495.714844,-11509.330078,13.615234
6009,-11063.073242,-10936.962891,126.110352
6010,-11410.400391,-11370.547852,39.852539
6011,-10321.545898,-10307.290039,14.255859
6012,-11950.400391,-11912.441406,37.958984
6013,-11479.596680,-11452.060547,27.536133
6014,-10900.262695,-10937.089844,36.827148
6015,-11954.416992,-11843.937500,110.479492
6016,-9361.336914,-9429.690430,68.353516
6017,-11465.683594,-11542.786133,77.102539
6018,-11938.266602,-11882.014648,56.251953
6019,-9918.981445,-9900.135742,18.845703
6020,-11619.896484,-11576.243164,43.653320
6021,-11465.653320,-11478.773438,13.120117
6022,-10998.097656,-10970.014648,28.083008
6023,-11749.477539,-11844.636719,95.159180
6024,-10246.786133,-10362.381836,115.595703
6025,-11877.776367,-11915.171875,37.395508
6026,-9620.993164,-9437.680664,183.312500
6027,-11334.678711,-11373.262695,38.583984
6028,-12042.143555,-11947.747070,94.396484
6029,-12350.416992,-12385.735352,35.318359
6030,-10554.966797,-10534.105469,20.861328
6031,-11985.515625,-11948.583008,36.932617
6032,-10845.093750,-10912.221680,67.127930
6033,-10912.785156,-10935.297852,22.512695
6034,-12096.537109,-11946.133789,150.403320
6035,-12222.638672,-12215.238281,7.400391
6036,-11492.326172,-11510.933594,18.607422
6037,-11470.328125,-11576.652344,106.324219
6038,-10927.767578,-10938.129883,10.362305
6039,-11109.748047,-10937.294922,172.453125
6040,-10913.597656,-10969.304688,55.707031
6041,-10964.377930,-10904.185547,60.192383
6042,-10984.406250,-11002.484375,18.078125
6043,-10950.471680,-10970.513672,20.041992
6044,-8894.216797,-9522.640625,628.423828
6045,-10630.460938,-10566.148438,64.312500
6046,-11251.546875,-11308.634766,57.087891
6047,-11025.102539,-11238.512695,213.410156
6048,-12337.285156,-12488.767578,151.482422
6049,-10597.962891,-10533.381836,64.581055
6050,-12804.734375,-12892.317383,87.583008
6051,-11426.316406,-11510.434570,84.118164
6052,-11355.250000,-11484.461914,129.211914
6053,-12407.430664,-12456.115234,48.684570
6054,-10536.257812,-10531.722656,4.535156
6055,-9949.967773,-9901.094727,48.873047
6056,-12386.049805,-12467.563477,81.513672
6057,-12555.321289,-12522.480469,32.840820
6058,-10529.330078,-10499.504883,29.825195
6059,-12745.791016,-12259.187500,486.603516
6060,-12776.458984,-12960.307617,183.848633
6061,-11020.327148,-10938.041992,82.285156
6062,-10960.673828,-10935.704102,24.969727
6063,-11760.571289,-11780.760742,20.189453
6064,-11477.035156,-11510.391602,33.356445
6065,-10935.154297,-10937.059570,1.905273
6066,-11043.811523,-11371.731445,327.919922
6067,-12252.470703,-12249.180664,3.290039
6068,-10577.995117,-10303.719727,274.275391
6069,-9469.945312,-9463.680664,6.264648
6070,-10986.299805,-10969.326172,16.973633
6071,-9953.396484,-8954.830078,998.566406
6072,-12375.161133,-12352.443359,22.717773
6073,-8986.894531,-9555.807617,568.913086
6074,-10559.239258,-10565.985352,6.746094
6075,-10507.741211,-10533.790039,26.048828
6076,-9347.893555,-9269.077148,78.816406
6077,-12107.646484,-12014.423828,93.222656
6078,-10613.283203,-10566.439453,46.843750
6079,-9270.816406,-9555.850586,285.034180
6080,-10568.505859,-10500.498047,68.007812
6081,-10371.784180,-10440.390625,68.606445
6082,-10270.137695,-10396.551758,126.414062
6083,-10580.166016,-10500.884766,79.281250
6084,-11145.606445,-10847.871094,297.735352
6085,-12455.510742,-12488.779297,33.268555
6086,-9583.083984,-9404.120117,178.963867
6087,-10557.462891,-10565.530273,8.067383
6088,-12495.153320,-12386.267578,108.885742
6089,-10531.394531,-10500.716797,30.677734
6090,-13524.280273,-13532.169922,7.889648
6091,-13309.367188,-13364.461914,55.094727
6092,-10236.419922,-10396.807617,160.387695
6093,-12602.017578,-12385.821289,216.196289
6094,-10892.248047,-10968.716797,76.468750
6095,-11488.398438,-11477.828125,10.570312
6096,-10880.175781,-10901.682617,21.506836
6097,-11011.335938,-11002.774414,8.561523
6098,-9536.341797,-9335.587891,200.753906
6099,-11529.202148,-11374.445312,154.756836
6100,-10965.742188,-11002.137695,36.395508
6101,-8857.810547,-8798.662109,59.148438
6102,-11852.433594,-11777.512695,74.920898
6103,-10954.090820,-10968.984375,14.893555
6104,-13660.413086,-13466.763672,193.649414
6105,-12703.291992,-12753.837891,50.545898
6106,-9798.602539,-9925.995117,127.392578
6107,-12414.239258,-12456.543945,42.304688
6108,-11589.449219,-10637.228516,952.220703
6109,-9393.788086,-9553.991211,160.203125
6110,-10710.079102,-10865.761719,155.682617
6111,-10340.617188,-10371.690430,31.073242
6112,-8545.037109,-8460.232422,84.804688
6113,-10584.386719,-10532.671875,51.714844
6114,-11979.724609,-11947.002930,32.721680
6115,-9281.917969,-8954.927734,326.990234
6116,-11835.705078,-11778.174805,57.530273
6117,-12307.224609,-12353.871094,46.646484
6118,-11977.534180,-11915.417969,62.116211
6119,-11522.634766,-11511.928711,10.706055
6120,-11610.046875,-11575.780273,34.266602
6121,-13047.683594,-13365.168945,317.485352
6122,-12669.174805,-12790.611328,121.436523
6123,-10651.861328,-10565.227539,86.633789
6124,-11982.223633,-11946.076172,36.147461
6125,-11484.402344,-11542.412109,58.009766
6126,-12843.711914,-12823.603516,20.108398
6127,-12081.582031,-11980.710938,100.871094
6128,-12314.976562,-12522.559570,207.583008
6129,-10611.860352,-10565.275391,46.584961
6130,-11747.700195,-11844.947266,97.247070
6131,-8201.717773,-10429.929688,2228.211914
6132,-10935.012695,-10809.020508,125.992188
6133,-10961.019531,-10936.672852,24.346680
6134,-11874.214844,-11946.540039,72.325195
6135,-12280.223633,-12352.928711,72.705078
6136,-11598.482422,-11509.619141,88.863281
6137,-12538.906250,-12488.530273,50.375977
6138,-10564.322266,-10766.149414,201.827148
6139,-11407.111328,-11275.863281,131.248047
6140,-10951.293945,-10970.639648,19.345703
6141,-11428.892578,-11409.173828,19.718750
6142,-10581.156250,-10566.595703,14.560547
6143,-10786.661133,-10866.167969,79.506836
6144,-10911.012695,-10969.209961,58.197266
6145,-12830.357422,-12790.657227,39.700195
6146,-11082.172852,-11206.416992,124.244141
6147,-9222.078125,-8921.472656,300.605469
6148,-10581.517578,-10566.432617,15.084961
6149,-13236.954102,-13192.618164,44.335938
6150,-12446.076172,-12487.752930,41.676758
6151,-9117.351562,-9341.446289,224.094727
6152,-11892.075195,-11914.621094,22.545898
6153,-10604.291016,-10565.140625,39.150391
6154,-11807.938477,-11812.437500,4.499023
6155,-10636.916992,-10533.441406,103.475586
6156,-13619.988281,-13467.667969,152.320312
6157,-11496.982422,-11476.775391,20.207031
6158,-11963.542969,-11980.948242,17.405273
6159,-10987.850586,-10970.636719,17.213867
6160,-11001.217773,-10971.367188,29.850586
6161,-10471.020508,-10304.129883,166.890625
6162,-11999.231445,-11981.758789,17.472656
6163,-12068.662109,-11914.250000,154.412109
6164,-10527.416016,-10499.924805,27.491211
6165,2500.262695,-5377.770020,7878.032715
6166,-12736.336914,-12960.115234,223.778320
6167,-11940.700195,-11948.136719,7.436523
6168,-10986.951172,-10935.658203,51.292969
6169,-10308.084961,-10365.722656,57.637695
6170,-12037.266602,-11948.838867,88.427734
6171,-9415.981445,-9462.991211,47.009766
6172,-10991.838867,-10936.349609,55.489258
6173,-11394.370117,-11376.375000,17.995117
6174,-10272.461914,-10328.431641,55.969727
6175,-9507.155273,-8888.481445,618.673828
6176,-11759.927734,-11844.511719,84.583984
6177,-12888.369141,-12788.192383,100.176758
6178,-10612.177734,-10533.240234,78.937500
6179,-10957.323242,-10903.683594,53.639648
6180,-11325.692383,-11315.060547,10.631836
6181,-9538.566406,-9463.708984,74.857422
6182,-11112.177734,-11272.755859,160.578125
6183,-12826.062500,-12855.903320,29.840820
6184,-12471.240234,-12554.442383,83.202148
6185,-11437.069336,-11674.330078,237.260742
6186,-11619.509766,-11543.055664,76.454102
6187,-11047.956055,-10937.850586,110.105469
6188,-8111.374023,-8292.240234,180.866211
6189,-10625.567383,-10565.171875,60.395508
6190,-10457.057617,-10507.858398,50.800781
6191,-10528.870117,-10532.060547,3.190430
6192,-11392.448242,-11372.408203,20.040039
6193,-12354.827148,-12488.810547,133.983398
6194,-11071.062500,-10971.846680,99.215820
6195,-10921.452148,-10934.083984,12.631836
6196,-10704.103516,-10800.139648,96.036133
6197,-11816.916016,-11883.955078,67.039062
6198,-9940.937500,-9990.605469,49.667969
6199,-10961.263672,-10936.054688,25.208984
6200,-11998.274414,-11752.042969,246.231445
6201,-11433.222656,-11511.403320,78.180664
6202,-10504.960938,-10465.687500,39.273438
6203,-9478.701172,-9464.421875,14.279297
6204,-11054.281250,-10934.930664,119.350586
6205,-10525.831055,-10507.027344,18.803711
6206,-11875.778320,-11882.811523,7.033203
6207,-11762.288086,-11544.360352,217.927734
6208,-11456.605469,-11512.415039,55.809570
6209,-7829.130371,-9621.770508,1792.640137
6210,-10991.810547,-10936.509766,55.300781
6211,-11570.814453,-11479.785156,91.029297
6212,-11390.756836,-11475.661133,84.904297
6213,-11814.639648,-11948.456055,133.816406
6214,-9734.120117,-9496.557617,237.562500
6215,-11036.613281,-10903.786133,132.827148
6216,-11934.558594,-11948.911133,14.352539
6217,-12878.356445,-12894.662109,16.305664
6218,-10890.051758,-10775.021484,115.030273
6219,-10343.692383,-10440.341797,96.649414
6220,-12097.315430,-12012.625977,84.689453
6221,-11326.964844,-11407.892578,80.927734
6222,-10680.138672,-10565.334961,114.803711
6223,-9875.296875,-9867.155273,8.141602
6224,-12519.220703,-12520.381836,1.161133
6225,-9221.347656,-9456.361328,235.013672
6226,-10237.105469,-10333.644531,96.539062
6227,-10062.882812,-10427.645508,364.762695
6228,-12040.456055,-11948.212891,92.243164
6229,-9378.011719,-9489.686523,111.674805
6230,-11790.763672,-11544.799805,245.963867
6231,-9546.956055,-9429.666992,117.289062
6232,-10575.208984,-10565.934570,9.274414
6233,-10848.317383,-10878.510742,30.193359
6234,-12017.352539,-11916.218750,101.133789
6235,-10532.308594,-10440.463867,91.844727
6236,-15058.516602,-14919.444336,139.072266
6237,-11523.503906,-11542.885742,19.381836
6238,-12471.562500,-12521.058594,49.496094
6239,-10623.324219,-10566.624023,56.700195
6240,-8305.917969,-7482.818848,823.099121
6241,-11004.259766,-11000.407227,3.852539
6242,-10991.034180,-10936.951172,54.083008
6243,-12508.306641,-12521.361328,13.054688
6244,-9793.890625,-9958.678711,164.788086
6245,-11970.682617,-11947.196289,23.486328
6246,-11370.331055,-11375.629883,5.298828
6247,-10965.719727,-10935.071289,30.648438
6248,-10917.558594,-10937.586914,20.028320
6249,-10568.148438,-10500.685547,67.462891
6250,-11606.706055,-11575.932617,30.773438
6251,-11003.325195,-10937.043945,66.281250
6252,-11745.887695,-11778.479492,32.591797
6253,-12896.824219,-12925.860352,29.036133
6254,-11386.318359,-11376.359375,9.958984
6255,-11954.795898,-11981.125977,26.330078
6256,-12292.958984,-12353.724609,60.765625
6257,-12351.123047,-12455.959961,104.836914
6258,-9134.082031,-9700.911133,566.829102
6259,-10979.254883,-10904.110352,75.144531
6260,-11001.657227,-10905.850586,95.806641
6261,-12372.016602,-12351.849609,20.166992
6262,-12499.506836,-12521.620117,22.113281
6263,-10915.164062,-10913.379883,1.784180
6264,-11990.399414,-12547.538086,557.138672
6265,-10521.258789,-10599.202148,77.943359
6266,-10414.125977,-10770.435547,356.309570
6267,-9439.478516,-9555.217773,115.739258
6268,-11748.333984,-11844.366211,96.032227
6269,-10629.169922,-10532.931641,96.238281
6270,-11103.884766,-11003.449219,100.435547
6271,-11778.681641,-11543.920898,234.760742
6272,-9517.779297,-9464.071289,53.708008
6273,-12048.979492,-11979.277344,69.702148
6274,-11934.791016,-11948.605469,13.814453
6275,-11910.351562,-11946.947266,36.595703
6276,-9537.814453,-9462.250977,75.563477
6277,-10458.780273,-10501.223633,42.443359
6278,-10575.155273,-10531.978516,43.176758
6279,-10911.338867,-10968.284180,56.945312
6280,-12822.811523,-12894.860352,72.048828
6281,-10700.010742,-10770.224609,70.213867
6282,-10800.958984,-10598.136719,202.822266
6283,-10489.111328,-10501.081055,11.969727
6284,-10267.813477,-10395.937500,128.124023
6285,-11801.685547,-11812.349609,10.664062
6286,-9576.735352,-9463.718750,113.016602
6287,-13412.786133,-13467.027344,54.241211
6288,-11637.130859,-11452.790039,184.340820
6289,-11659.351562,-11575.646484,83.705078
6290,-11426.206055,-11375.367188,50.838867
6291,-10539.202148,-10497.339844,41.862305
6292,-10676.485352,-10801.038086,124.552734
6293,-9459.291992,-9462.699219,3.407227
6294,-12646.703125,-12684.954102,38.250977
6295,-9631.199219,-9463.763672,167.435547
6296,-11009.658203,-10937.933594,71.724609
6297,-9884.677734,-9933.347656,48.669922
6298,-11419.338867,-11374.814453,44.524414
6299,-11261.172852,-11376.949219,115.776367
6300,-11773.412109,-11746.861328,26.550781
6301,-10977.142578,-10935.325195,41.817383
6302,-9302.891602,-9957.830078,654.938477
6303,-9877.222656,-9900.231445,23.008789
6304,-11475.943359,-11445.609375,30.333984
6305,-9631.730469,-9926.439453,294.708984
6306,-10572.055664,-10832.476562,260.420898
6307,-10531.345703,-10474.677734,56.667969
6308,-12007.149414,-11946.180664,60.968750
6309,-10670.541992,-10833.856445,163.314453
6310,-10563.982422,-10565.085938,1.103516
6311,-10881.389648,-10846.225586,35.164062
6312,-11028.441406,-10935.525391,92.916016
6313,-11453.048828,-11510.147461,57.098633
6314,-10735.666992,-10598.187500,137.479492
6315,-13355.802734,-13331.017578,24.785156
6316,-11391.274414,-11374.160156,17.114258
6317,-11572.029297,-11543.142578,28.886719
6318,-11534.322266,-11510.717773,23.604492
6319,-12020.027344,-11981.158203,38.869141
6320,-11872.707031,-11947.007812,74.300781
6321,-11924.436523,-11948.187500,23.750977
6322,-11987.549805,-11811.952148,175.597656
6323,-9500.737305,-9464.154297,36.583008
6324,-12404.336914,-12352.457031,51.879883
6325,-11908.136719,-12012.301758,104.165039
6326,-12380.997070,-12422.865234,41.868164
6327,-9940.335938,-9868.408203,71.927734
6328,-11492.460938,-11512.030273,19.569336
6329,-10261.461914,-10338.574219,77.112305
6330,-10641.441406,-10531.251953,110.189453
6331,-12128.803711,-11981.266602,147.537109
6332,-12454.310547,-12489.069336,34.758789
6333,-11951.054688,-11948.494141,2.560547
6334,-11571.869141,-11512.517578,59.351562
6335,-12807.327148,-12894.058594,86.731445
6336,-10942.639648,-10969.615234,26.975586
6337,-9613.951172,-9360.319336,253.631836
6338,-9803.008789,-9898.428711,95.419922
6339,-11971.836914,-11914.474609,57.362305
6340,-11337.221680,-11408.162109,70.940430
6341,-10972.412109,-10877.237305,95.174805
6342,-10256.487305,-10395.997070,139.509766
6343,-9670.388672,-9927.988281,257.599609
6344,-11389.646484,-11474.636719,84.990234
6345,-11489.803711,-11543.029297,53.225586
6346,-10980.273438,-10879.013672,101.259766
6347,-10916.365234,-10969.248047,52.882812
6348,-11440.458984,-11316.333984,124.125000
6349,-10005.611328,-9932.275391,73.335938
6350,-11543.289062,-11543.156250,0.132812
6351,-12580.785156,-12386.563477,194.221680
6352,-10958.802734,-10899.889648,58.913086
6353,-11438.403320,-11510.255859,71.852539
6354,-11490.142578,-11478.362305,11.780273
6355,-11615.397461,-11542.799805,72.597656
6356,-9717.285156,-9990.944336,273.659180
6357,-11470.254883,-11509.520508,39.265625
6358,-11566.007812,-11511.707031,54.300781
6359,-11255.812500,-11307.742188,51.929688
6360,-10968.640625,-10936.998047,31.642578
6361,-11471.225586,-11509.796875,38.571289
6362,-10990.764648,-10937.905273,52.859375
6363,-10579.936523,-10532.910156,47.026367
6364,-10993.942383,-10936.413086,57.529297
6365,-12888.750000,-12894.595703,5.845703
6366,-12770.041016,-12927.335938,157.294922
6367,-11988.122070,-11915.028320,73.093750
6368,-12562.108398,-12521.180664,40.927734
6369,-10529.097656,-10598.570312,69.472656
6370,-11765.932617,-11948.520508,182.587891
6371,-10060.174805,-9705.731445,354.443359
6372,-11403.735352,-11307.857422,95.877930
6373,-11448.419922,-11317.273438,131.146484
6374,-12448.265625,-12488.051758,39.786133
6375,-10627.296875,-10532.860352,94.436523
6376,-10981.802734,-10936.205078,45.597656
6377,-11332.167969,-11407.763672,75.595703
6378,-11515.670898,-11508.641602,7.029297
6379,-11693.375000,-11609.514648,83.860352
6380,-10182.386719,-10362.475586,180.088867
6381,-12503.766602,-12520.986328,17.219727
6382,-11538.735352,-11510.742188,27.993164
6383,-10627.017578,-10529.913086,97.104492
6384,-11958.089844,-11981.704102,23.614258
6385,-11929.534180,-11980.180664,50.646484
6386,-11961.170898,-11981.183594,20.012695
6387,-12719.338867,-12790.095703,70.756836
6388,-12521.230469,-12522.397461,1.166992
6389,-11077.399414,-10937.999023,139.400391
6390,-10616.012695,-10532.491211,83.521484
6391,-8969.208984,-7851.728516,1117.480469
6392,-11561.896484,-11542.890625,19.005859
6393,-11009.117188,-10937.510742,71.606445
6394,-11317.039062,-11408.416992,91.377930
6395,-10942.757812,-10904.225586,38.532227
6396,-11015.057617,-10937.527344,77.530273
6397,-11533.477539,-11509.393555,24.083984
6398,-12466.726562,-12456.214844,10.511719
6399,-9370.935547,-9404.697266,33.761719
6400,-10636.019531,-10598.293945,37.725586
6401,-9898.960938,-9901.551758,2.590820
6402,-12382.595703,-12487.649414,105.053711
6403,-12729.003906,-13008.165039,279.161133
6404,-9372.952148,-8487.020508,885.931641
6405,-11662.251953,-11543.875977,118.375977
6406,-10590.968750,-10532.032227,58.936523
6407,-13023.945312,-13007.541992,16.403320
6408,-13641.835938,-13763.859375,122.023438
6409,-12209.092773,-12352.653320,143.560547
6410,-11415.427734,-11374.122070,41.305664
6411,-10559.294922,-10500.298828,58.996094
6412,-10616.522461,-10565.914062,50.608398
6413,-8504.766602,-8428.314453,76.452148
6414,-10647.800781,-10599.030273,48.770508
6415,-11014.951172,-10968.126953,46.824219
6416,-10346.959961,-10430.720703,83.760742
6417,-8827.700195,-8832.421875,4.721680
6418,-10604.770508,-10531.728516,73.041992
6419,-12686.159180,-12686.356445,0.197266
6420,-11984.072266,-11949.087891,34.984375
6421,-9235.131836,-9960.348633,725.216797
6422,-9457.259766,-9496.948242,39.688477
6423,-10434.241211,-10465.332031,31.090820
6424,-12314.169922,-12386.970703,72.800781
6425,-10962.214844,-10938.887695,23.327148
6426,-12454.320312,-12522.909180,68.588867
6427,-11033.739258,-10971.184570,62.554688
6428,-11825.599609,-11882.328125,56.728516
6429,-11592.150391,-11542.382812,49.767578
6430,-10929.515625,-10968.926758,39.411133
6431,-12015.213867,-11946.458008,68.755859
6432,-9103.489258,-9521.355469,417.866211
6433,-10912.262695,-10937.861328,25.598633
6434,-9881.285156,-10362.312500,481.027344
6435,-10419.554688,-10307.152344,112.402344
6436,-10337.799805,-10305.485352,32.314453
6437,-12485.470703,-12417.501953,67.968750
6438,-9780.546875,-9991.794922,211.248047
6439,-10968.763672,-10912.362305,56.401367
6440,-10292.445312,-10362.679688,70.234375
6441,-11420.910156,-11372.613281,48.296875
6442,-12004.347656,-11946.962891,57.384766
6443,-10949.547852,-11002.601562,53.053711
6444,-11351.442383,-11343.025391,8.416992
6445,-9991.307617,-9967.184570,24.123047
6446,-12452.568359,-12521.763672,69.195312
6447,-9918.164062,-9990.000977,71.836914
6448,-10975.596680,-10937.978516,37.618164
6449,-10180.875977,-10430.442383,249.566406
6450,-7345.167969,-7357.669434,12.501465
6451,-12219.210938,-12014.994141,204.216797
6452,-9637.592773,-9495.891602,141.701172
6453,-9802.980469,-9990.221680,187.241211
6454,-11365.707031,-11375.358398,9.651367
6455,-11800.348633,-11810.471680,10.123047
6456,-10919.366211,-10937.912109,18.545898
6457,-10301.626953,-10441.705078,140.078125
6458,-11912.126953,-11914.058594,1.931641
6459,-11027.243164,-10970.208984,57.034180
6460,-12802.056641,-12892.472656,90.416016
6461,-10569.391602,-10498.848633,70.542969
6462,-11536.571289,-11707.958984,171.387695
6463,-13006.655273,-13193.564453,186.909180
6464,-11118.855469,-11206.444336,87.588867
6465,-11979.057617,-11914.106445,64.951172
6466,-11117.714844,-11271.194336,153.479492
6467,-10873.116211,-10845.550781,27.565430
6468,-10527.238281,-10499.207031,28.031250
6469,-10450.019531,-10473.474609,23.455078
6470,-11680.998047,-11575.768555,105.229492
6471,-11362.501953,-11375.027344,12.525391
6472,-12545.615234,-12418.947266,126.667969
6473,-11434.156250,-11476.148438,41.992188
6474,-10969.894531,-10969.426758,0.467773
6475,-12015.773438,-11981.442383,34.331055
6476,-11882.562500,-11948.339844,65.777344
6477,-11505.460938,-11542.722656,37.261719
6478,-12884.801758,-12925.924805,41.123047
6479,-10388.126953,-10441.251953,53.125000
6480,-11953.364258,-11947.135742,6.228516
6481,-10343.567383,-10441.303711,97.736328
6482,-11384.857422,-11386.546875,1.689453
6483,-9110.906250,-8865.152344,245.753906
6484,-12310.966797,-12353.202148,42.235352
6485,-11581.976562,-11543.372070,38.604492
6486,-10460.957031,-10598.274414,137.317383
6487,-12438.951172,-12487.866211,48.915039
6488,-11763.017578,-11779.964844,16.947266
6489,-11396.830078,-11408.416016,11.585938
6490,-11779.006836,-11779.511719,0.504883
6491,-10986.843750,-10971.464844,15.378906
6492,-11397.642578,-11475.713867,78.071289
6493,-11511.896484,-11543.994141,32.097656
6494,-10593.223633,-10499.750000,93.473633
6495,-8448.999023,-8360.398438,88.600586
6496,-10296.711914,-10442.428711,145.716797
6497,-11877.250000,-11779.994141,97.255859
6498,-12614.143555,-10382.130859,2232.012695
6499,-8299.447266,-8369.841797,70.394531
6500,-11888.418945,-11880.468750,7.950195
6501,-12811.477539,-12959.048828,147.571289
6502,-12250.379883,-12385.121094,134.741211
6503,-8948.008789,-8832.158203,115.850586
6504,-11511.027344,-11542.461914,31.434570
6505,-10780.101562,-10866.919922,86.818359
6506,-10599.113281,-10532.033203,67.080078
6507,-10565.712891,-10565.028320,0.684570
6508,-10077.421875,-10396.862305,319.440430
6509,-10986.543945,-10968.483398,18.060547
6510,-9449.458008,-7450.736328,1998.721680
6511,-11974.552734,-11911.302734,63.250000
6512,-10839.609375,-10280.909180,558.700195
6513,-11080.382812,-10935.758789,144.624023
6514,-12574.738281,-12520.964844,53.773438
6515,-9586.964844,-9588.957031,1.992188
6516,-11868.145508,-11812.482422,55.663086
6517,-9888.355469,-9928.409180,40.053711
6518,-9588.431641,-9463.348633,125.083008
6519,-10955.452148,-10969.319336,13.867188
6520,-11005.298828,-10971.381836,33.916992
6521,-11479.519531,-11342.081055,137.438477
6522,-10969.066406,-10904.826172,64.240234
6523,-12007.262695,-11947.588867,59.673828
6524,-11539.532227,-11509.509766,30.022461
6525,-10620.148438,-10565.573242,54.575195
6526,-11604.214844,-11542.657227,61.557617
6527,-11586.215820,-11544.461914,41.753906
6528,-10390.762695,-10472.827148,82.064453
6529,-10796.307617,-10969.171875,172.864258
6530,-10490.986328,-10598.323242,107.336914
6531,-10539.750977,-10533.204102,6.546875
6532,-9289.416992,-8487.090820,802.326172
6533,-12478.899414,-12488.403320,9.503906
6534,-10635.354492,-10598.347656,37.006836
6535,-12377.192383,-12520.347656,143.155273
6536,-11376.321289,-11341.550781,34.770508
6537,-10741.415039,-10878.234375,136.819336
6538,-8528.288086,-8461.069336,67.218750
6539,-9799.556641,-9926.146484,126.589844
6540,-10607.819336,-10565.138672,42.680664
6541,-10985.713867,-11003.778320,18.064453
6542,-11531.042969,-11510.385742,20.657227
6543,-12517.783203,-12520.262695,2.479492
6544,-12398.207031,-12386.197266,12.009766
6545,-11002.457031,-10935.923828,66.533203
6546,-12397.290039,-12250.009766,147.280273
6547,-10511.107422,-10532.914062,21.806641
6548,-9879.784180,-10297.892578,418.108398
6549,-11160.365234,-10879.382812,280.982422
6550,-11980.487305,-11946.602539,33.884766
6551,-9279.679688,-9555.177734,275.498047
6552,-12068.087891,-11947.775391,120.312500
6553,-10981.106445,-10938.161133,42.945312
6554,-12320.517578,-12353.657227,33.139648
6555,-10106.802734,-9810.442383,296.360352
6556,-11335.475586,-11341.369141,5.893555
6557,-12280.587891,-12354.201172,73.613281
6558,-9868.217773,-9993.829102,125.611328
6559,-11528.875000,-11510.591797,18.283203
6560,-10934.375000,-10906.291992,28.083008
6561,-10647.512695,-10531.816406,115.696289
6562,-10942.124023,-10970.180664,28.056641
6563,-13136.240234,-13466.535156,330.294922
6564,-12499.475586,-12353.563477,145.912109
6565,-10596.410156,-10467.541992,128.868164
6566,-9770.535156,-9900.017578,129.482422
6567,-11302.768555,-11376.757812,73.989258
6568,-10965.237305,-11034.606445,69.369141
6569,-11991.926758,-11948.728516,43.198242
6570,-10927.383789,-10935.972656,8.588867
6571,-11521.927734,-11510.364258,11.563477
6572,-10569.459961,-10532.663086,36.796875
6573,-9568.570312,-9462.975586,105.594727
6574,-11502.055664,-11543.112305,41.056641
6575,-10922.002930,-10968.105469,46.102539
6576,-10988.634766,-10969.100586,19.534180
6577,-9239.617188,-9588.366211,348.749023
6578,-13186.174805,-13468.444336,282.269531
6579,-10580.706055,-10533.015625,47.690430
6580,-9880.117188,-9991.471680,111.354492
6581,-11676.149414,-11575.973633,100.175781
6582,-10957.708984,-10900.742188,56.966797
6583,-10665.053711,-10832.536133,167.482422
6584,-9469.643555,-9404.273438,65.370117
6585,-11540.411133,-11478.386719,62.024414
6586,-11893.896484,-11979.778320,85.881836
6587,-10248.519531,-10397.607422,149.087891
6588,-11567.194336,-11511.010742,56.183594
6589,-12960.583984,-12975.416992,14.833008
6590,-11712.517578,-11575.732422,136.785156
6591,-10385.913086,-10430.135742,44.222656
6592,-11848.592773,-11917.383789,68.791016
6593,-11806.472656,-11844.425781,37.953125
6594,-11431.402344,-11440.979492,9.577148
6595,-11520.653320,-11543.536133,22.882812
6596,-9622.490234,-9530.043945,92.446289
6597,-9942.343750,-9934.678711,7.665039
6598,-11126.895508,-11238.744141,111.848633
6599,-9183.291992,-9522.630859,339.338867
6600,-11372.353516,-11443.496094,71.142578
6601,-11416.847656,-11577.100586,160.252930
6602,-11774.395508,-11910.515625,136.120117
6603,-12307.980469,-12248.736328,59.244141
6604,-12745.063477,-12925.985352,180.921875
6605,-12013.038086,-11945.730469,67.307617
6606,-12445.774414,-12488.894531,43.120117
6607,-11485.675781,-11510.966797,25.291016
6608,-12402.583984,-12487.548828,84.964844
6609,-12694.082031,-12959.468750,265.386719
6610,-9867.444336,-9899.987305,32.542969
6611,-10581.694336,-10533.459961,48.234375
6612,-11848.687500,-11950.552734,101.865234
6613,-11852.429688,-11811.904297,40.525391
6614,-12924.223633,-12958.558594,34.334961
6615,-10966.754883,-10971.572266,4.817383
6616,-10660.337891,-10566.495117,93.842773
6617,-11936.698242,-11851.520508,85.177734
6618,-8996.094727,-9455.417969,459.323242
6619,-9570.062500,-9496.337891,73.724609
6620,-9585.825195,-9428.976562,156.848633
6621,-11294.296875,-11340.534180,46.237305
6622,-9552.869141,-9496.867188,56.001953
6623,-9535.639648,-9554.996094,19.356445
6624,-10530.371094,-10500.686523,29.684570
6625,-10073.586914,-9405.393555,668.193359
6626,-10947.447266,-10968.287109,20.839844
6627,-10118.152344,-9868.366211,249.786133
6628,-10890.957031,-10904.522461,13.565430
6629,-11807.737305,-11883.293945,75.556641
6630,-12850.669922,-12789.957031,60.712891
6631,-10221.932617,-10362.391602,140.458984
6632,-12299.343750,-12384.948242,85.604492
6633,-9275.453125,-7449.321777,1826.131348
6634,-11434.839844,-11477.954102,43.114258
6635,-11625.358398,-11544.065430,81.292969
6636,-7768.650391,-7759.618164,9.032227
6637,-12024.688477,-11981.191406,43.497070
6638,-10182.060547,-9876.720703,305.339844
6639,-10902.015625,-10938.380859,36.365234
6640,-9464.673828,-9406.640625,58.033203
6641,-9903.194336,-10833.599609,930.405273
6642,-8978.376953,-8864.882812,113.494141
6643,-12381.095703,-12455.226562,74.130859
6644,-10383.371094,-10363.786133,19.584961
6645,-10923.353516,-10901.345703,22.007812
6646,-10621.527344,-10534.022461,87.504883
6647,-10885.807617,-10935.964844,50.157227
6648,-12472.726562,-12521.274414,48.547852
6649,-12840.166016,-12927.013672,86.847656
6650,-10971.612305,-10877.741211,93.871094
6651,-11612.458008,-11485.257812,127.200195
6652,-11982.880859,-11946.397461,36.483398
6653,-10630.995117,-10499.855469,131.139648
6654,-11974.700195,-11948.119141,26.581055
6655,-11931.384766,-11915.372070,16.012695
6656,-8441.780273,-8359.513672,82.266602
6657,-11401.547852,-11475.498047,73.950195
6658,-9307.150391,-9455.446289,148.295898
6659,-11922.402344,-11915.995117,6.407227
6660,-10964.511719,-10968.748047,4.236328
6661,-11645.537109,-11576.008789,69.528320
6662,-11079.540039,-10937.155273,142.384766
6663,-10548.714844,-10566.336914,17.622070
6664,-10532.178711,-10533.889648,1.710938
6665,-12029.860352,-11981.595703,48.264648
6666,-12463.554688,-12350.899414,112.655273
6667,-11782.231445,-11420.953125,361.278320
6668,-8451.376953,-8199.676758,251.700195
6669,-11004.081055,-10970.687500,33.393555
6670,-10421.166016,-11205.355469,784.189453
6671,-10259.506836,-10430.242188,170.735352
6672,-10616.226562,-10532.362305,83.864258
6673,-11693.751953,-11478.315430,215.436523
6674,-12482.970703,-12553.429688,70.458984
6675,-10927.349609,-10967.556641,40.207031
6676,-9253.572266,-8451.443359,802.128906
6677,-10601.852539,-10530.098633,71.753906
6678,-12115.261719,-12014.387695,100.874023
6679,-10920.432617,-10968.466797,48.034180
6680,-12744.621094,-12925.835938,181.214844
6681,-12762.517578,-12384.209961,378.307617
6682,-12318.576172,-12384.289062,65.712891
6683,-10924.868164,-10969.686523,44.818359
6684,-11330.163086,-11372.363281,42.200195
6685,-10927.013672,-10937.698242,10.684570
6686,-9076.703125,-8897.663086,179.040039
6687,-12783.933594,-12926.035156,142.101562
6688,-12388.208984,-12456.406250,68.197266
6689,-12807.665039,-12791.375000,16.290039
6690,-10783.148438,-10801.087891,17.939453
6691,-12388.966797,-12488.156250,99.189453
6692,-9935.603516,-9931.874023,3.729492
6693,-11375.418945,-11373.067383,2.351562
6694,-11921.047852,-11719.922852,201.125000
6695,-11603.676758,-11544.750977,58.925781
6696,-10281.504883,-10339.474609,57.969727
6697,-12478.926758,-12520.551758,41.625000
6698,-10535.189453,-10499.073242,36.116211
6699,-11477.924805,-11511.259766,33.334961
6700,-10606.242188,-10531.166016,75.076172
6701,-15729.703125,-15617.058594,112.644531
6702,-11870.073242,-11914.876953,44.803711
6703,-12832.736328,-12894.142578,61.406250
6704,-11576.956055,-11543.175781,33.780273
6705,-11521.988281,-11543.420898,21.432617
6706,-10973.839844,-11270.888672,297.048828
6707,-8887.132812,-10462.556641,1575.423828
6708,-12719.875000,-12478.056641,241.818359
6709,-8895.678711,-8517.593750,378.084961
6710,-11638.296875,-11542.445312,95.851562
6711,-12255.429688,-12248.939453,6.490234
6712,-12411.321289,-12386.500977,24.820312
6713,-11515.322266,-11510.304688,5.017578
6714,789.006836,-8552.216797,9341.223633
6715,-12851.713867,-12925.038086,73.324219
6716,-12034.842773,-11980.103516,54.739258
6717,-12474.340820,-12521.382812,47.041992
6718,-12401.100586,-12418.824219,17.723633
6719,-11565.896484,-11308.459961,257.436523
6720,-10941.226562,-10968.372070,27.145508
6721,-14977.541992,-14919.193359,58.348633
6722,-12465.258789,-12423.381836,41.876953
6723,-12789.443359,-12756.564453,32.878906
6724,-10357.503906,-9798.224609,559.279297
6725,-11290.110352,-11407.102539,116.992188
6726,-10555.250977,-10534.447266,20.803711
6727,-11430.902344,-11374.688477,56.213867
6728,-11039.188477,-10970.327148,68.861328
6729,-10925.895508,-10880.304688,45.590820
6730,-11484.875000,-11543.630859,58.755859
6731,-10305.004883,-10365.396484,60.391602
6732,-11475.652344,-11479.885742,4.233398
6733,-10549.536133,-10532.721680,16.814453
6734,-11530.369141,-11510.920898,19.448242
6735,-9907.883789,-9933.482422,25.598633
6736,-10553.528320,-10532.160156,21.368164
6737,-12438.223633,-12522.443359,84.219727
6738,-11998.831055,-11945.715820,53.115234
6739,-10528.863281,-10499.939453,28.923828
6740,-12482.808594,-12521.777344,38.968750
6741,-12073.485352,-11946.972656,126.512695
6742,-7988.041992,-9620.909180,1632.867188
6743,-10461.497070,-10834.299805,372.802734
6744,-10926.412109,-10937.739258,11.327148
6745,-12819.457031,-12617.473633,201.983398
6746,-12926.228516,-12411.206055,515.022461
6747,-9354.424805,-8921.691406,432.733398
6748,-10625.930664,-10565.456055,60.474609
6749,-10608.151367,-10532.026367,76.125000
6750,-7489.835938,-7357.893555,131.942383
6751,-10615.111328,-10533.166992,81.944336
6752,-10917.141602,-10968.233398,51.091797
6753,-10488.036133,-10430.479492,57.556641
6754,-10538.726562,-10501.299805,37.426758
6755,-11519.624023,-11542.505859,22.881836
6756,-10245.245117,-10440.128906,194.883789
6757,-11351.981445,-11373.184570,21.203125
6758,-12026.338867,-11948.306641,78.032227
6759,-14043.862305,-14202.479492,158.617188
6760,-9418.339844,-9431.113281,12.773438
6761,-11627.566406,-11576.083008,51.483398
6762,-11496.269531,-11510.501953,14.232422
6763,-12801.965820,-12790.029297,11.936523
6764,-10576.288086,-10566.023438,10.264648
6765,-9510.186523,-9454.777344,55.409180
6766,-11408.033203,-11406.812500,1.220703
6767,-10825.830078,-10935.182617,109.352539
6768,-9448.314453,-9486.203125,37.888672
6769,-11510.668945,-11543.260742,32.591797
6770,-13209.296875,-13331.712891,122.416016
6771,-13692.457031,-13767.662109,75.205078
6772,-12408.203125,-12454.460938,46.257812
6773,-11885.816406,-11914.759766,28.943359
6774,-9455.470703,-9522.250977,66.780273
6775,-10932.261719,-10970.203125,37.941406
6776,-11030.541992,-10880.273438,150.268555
6777,-12433.747070,-12354.241211,79.505859
6778,-11379.226562,-11407.594727,28.368164
6779,-11369.060547,-11477.750000,108.689453
6780,-9138.448242,-8518.549805,619.898438
6781,-10951.961914,-10904.487305,47.474609
6782,-10986.615234,-10934.583008,52.032227
6783,-11882.051758,-11810.633789,71.417969
6784,-10740.398438,-10497.324219,243.074219
6785,-11019.254883,-10935.904297,83.350586
6786,-11873.335938,-11914.836914,41.500977
6787,-11934.295898,-12029.431641,95.135742
6788,-12420.869141,-12489.417969,68.548828
6789,-13491.788086,-13445.164062,46.624023
6790,-10427.983398,-10475.251953,47.268555
6791,-8847.870117,-9588.694336,740.824219
6792,-9493.953125,-8519.834961,974.118164
6793,-12008.345703,-11980.708984,27.636719
6794,-10983.174805,-10969.499023,13.675781
6795,-12464.277344,-12521.533203,57.255859
6796,-12809.094727,-12892.530273,83.435547
6797,-12509.350586,-12522.438477,13.087891
6798,-11996.289062,-11484.406250,511.882812
6799,-10433.487305,-10506.882812,73.395508
6800,-11589.823242,-11543.892578,45.930664
6801,-10587.973633,-10534.295898,53.677734
6802,-12504.226562,-12521.058594,16.832031
6803,-10695.029297,-10565.112305,129.916992
6804,-10472.139648,-10498.730469,26.590820
6805,-11336.104492,-11441.054688,104.950195
6806,-11421.950195,-11375.143555,46.806641
6807,-11320.145508,-11341.801758,21.656250
6808,-11486.888672,-11543.681641,56.792969
6809,-12840.926758,-12926.704102,85.777344
6810,-9003.016602,-8452.208984,550.807617
6811,-12096.579102,-11947.986328,148.592773
6812,-12343.778320,-12318.202148,25.576172
6813,-11909.240234,-11914.926758,5.686523
6814,-10583.657227,-10533.073242,50.583984
6815,-11927.593750,-11948.590820,20.997070
6816,-9962.880859,-9866.116211,96.764648
6817,-10604.581055,-10566.173828,38.407227
6818,-11420.564453,-11407.983398,12.581055
6819,-10842.810547,-10968.267578,125.457031
6820,-10577.522461,-10534.549805,42.972656
6821,-9934.017578,-9932.522461,1.495117
6822,-11532.225586,-11510.685547,21.540039
6823,-9759.658203,-9867.212891,107.554688
6824,-12914.263672,-12926.276367,12.012695
6825,-9173.243164,-9588.641602,415.398438
6826,-11481.348633,-11510.497070,29.148438
6827,-10549.275391,-10530.409180,18.866211
6828,-10689.349609,-10846.048828,156.699219
6829,-10938.639648,-10968.322266,29.682617
6830,-9841.040039,-9957.538086,116.498047
6831,-12355.313477,-12453.955078,98.641602
6832,-9712.311523,-9959.441406,247.129883
6833,-10595.640625,-10498.639648,97.000977
6834,-10632.723633,-10497.677734,135.045898
6835,-11945.469727,-11917.233398,28.236328
6836,-12875.952148,-12959.224609,83.272461
6837,-11506.719727,-11510.406250,3.686523
6838,-10892.901367,-10902.467773,9.566406
6839,-10500.613281,-10499.417969,1.195312
6840,-11345.338867,-11406.910156,61.571289
6841,-10920.249023,-11001.863281,81.614258
6842,-11636.903320,-11510.563477,126.339844
6843,-11949.502930,-11916.190430,33.312500
6844,-11876.789062,-11812.769531,64.019531
6845,-11318.472656,-10911.800781,406.671875
6846,-12726.153320,-12958.405273,232.251953
6847,-10679.786133,-10507.823242,171.962891
6848,-10925.462891,-10936.325195,10.862305
6849,-9978.218750,-9960.082031,18.136719
6850,-11470.711914,-11510.536133,39.824219
6851,-11554.972656,-11575.979492,21.006836
6852,-10340.572266,-10338.853516,1.718750
6853,-12402.651367,-12384.692383,17.958984
6854,-11632.128906,-11526.724609,105.404297
6855,-11707.670898,-11478.109375,229.561523
6856,-10511.492188,-10566.567383,55.075195
6857,-13565.791992,-13468.065430,97.726562
6858,-11303.871094,-11406.353516,102.482422
6859,-10218.164062,-9934.524414,283.639648
6860,-9743.395508,-9933.437500,190.041992
6861,-10951.454102,-10937.909180,13.544922
6862,-10862.281250,-11000.751953,138.470703
6863,-8637.192383,-8460.329102,176.863281
6864,-12114.228516,-11980.586914,133.641602
6865,-10874.693359,-10903.001953,28.308594
6866,-9187.646484,-9588.487305,400.840820
6867,-10601.710938,-10566.584961,35.125977
6868,-9748.334961,-11577.155273,1828.820312
6869,-10592.820312,-10532.479492,60.340820
6870,-11347.524414,-11476.382812,128.858398
6871,-11520.756836,-11510.726562,10.030273
6872,-11543.879883,-11512.888672,30.991211
6873,-10504.881836,-10935.134766,430.252930
6874,-10886.916016,-10936.585938,49.669922
6875,-9254.338867,-9522.531250,268.192383
6876,-11028.120117,-10969.610352,58.509766
6877,-10982.378906,-10936.771484,45.607422
6878,-11784.570312,-11882.380859,97.810547
6879,-11941.889648,-11917.491211,24.398438
6880,-10935.496094,-11034.800781,99.304688
6881,-10983.833008,-10935.855469,47.977539
6882,-11489.842773,-11478.846680,10.996094
6883,-11545.051758,-11512.209961,32.841797
6884,-9529.440430,-9462.855469,66.584961
6885,-11959.181641,-11947.082031,12.099609
6886,-10781.586914,-10371.855469,409.731445
6887,-11938.160156,-11914.510742,23.649414
6888,-11888.840820,-11849.799805,39.041016
6889,-11009.371094,-11002.238281,7.132812
6890,-11877.719727,-11981.728516,104.008789
6891,-10146.629883,-9327.948242,818.681641
6892,-9509.816406,-9554.448242,44.631836
6893,-11579.447266,-11543.679688,35.767578
6894,-10404.619141,-10439.903320,35.284180
6895,-9458.773438,-9462.855469,4.082031
6896,-10030.491211,-9843.089844,187.401367
6897,-11672.673828,-11608.864258,63.809570
6898,-9779.737305,-9991.866211,212.128906
6899,-12536.558594,-12386.342773,150.215820
6900,-11498.634766,-11509.261719,10.626953
6901,-9443.186523,-9957.588867,514.402344
6902,-8154.503906,-7818.456055,336.047852
6903,-10965.133789,-10968.817383,3.683594
6904,-9407.248047,-9924.066406,516.818359
6905,-11643.148438,-11575.604492,67.543945
6906,-10339.716797,-10830.813477,491.096680
6907,-11425.328125,-11476.364258,51.036133
6908,-13505.777344,-13499.536133,6.241211
6909,-12555.880859,-12521.642578,34.238281
6910,-10932.625000,-10934.373047,1.748047
6911,-10910.142578,-10844.423828,65.718750
6912,-11864.359375,-11844.737305,19.622070
6913,-12980.099609,-12820.309570,159.790039
6914,-9793.748047,-9870.248047,76.500000
6915,-11973.757812,-11949.204102,24.553711
6916,-11945.301758,-11914.534180,30.767578
6917,-10677.484375,-10865.748047,188.263672
6918,-12755.574219,-12790.551758,34.977539
6919,-11389.134766,-11408.824219,19.689453
6920,-10819.332031,-10234.933594,584.398438
6921,-11724.056641,-11544.493164,179.563477
6922,-13795.135742,-13767.568359,27.567383
6923,-9232.376953,-9587.791016,355.414062
6924,-12069.120117,-11947.967773,121.152344
6925,-10646.691406,-10532.242188,114.449219
6926,-10464.696289,-10800.925781,336.229492
6927,-10945.624023,-10936.186523,9.437500
6928,-10559.708984,-10534.646484,25.062500
6929,-11329.225586,-11407.082031,77.856445
6930,-11767.997070,-11609.182617,158.814453
6931,-10997.738281,-10936.448242,61.290039
6932,-10580.029297,-10532.389648,47.639648
6933,-9655.430664,-9960.380859,304.950195
6934,-10574.054688,-10532.847656,41.207031
6935,-11435.629883,-11407.913086,27.716797
6936,-12901.749023,-12789.364258,112.384766
6937,-10601.657227,-10564.213867,37.443359
6938,-11539.014648,-11543.376953,4.362305
6939,-10761.273438,-8662.491211,2098.782227
6940,-9334.034180,-8384.400391,949.633789
6941,-12076.824219,-11913.811523,163.012695
6942,-10955.455078,-10937.834961,17.620117
6943,-11870.578125,-11882.838867,12.260742
6944,-8470.154297,-8361.791016,108.363281
6945,-10529.236328,-10499.233398,30.002930
6946,-11714.459961,-11812.940430,98.480469
6947,-10906.738281,-10879.577148,27.161133
6948,-11606.986328,-11543.823242,63.163086
6949,-12262.625000,-11939.213867,323.411133
6950,-10988.153320,-10937.295898,50.857422
6951,-11852.085938,-11880.864258,28.778320
6952,-10262.078125,-10302.250977,40.172852
6953,-11006.332031,-11003.786133,2.545898
6954,-10351.470703,-10474.096680,122.625977
6955,-10655.660156,-10532.967773,122.692383
6956,-11489.105469,-11542.794922,53.689453
6957,-13677.457031,-13970.163086,292.706055
6958,-12483.153320,-12521.245117,38.091797
6959,-10549.634766,-10497.884766,51.750000
6960,-10955.685547,-10970.066406,14.380859
6961,-10979.656250,-10971.430664,8.225586
6962,-9299.032227,-8551.748047,747.284180
6963,-12444.166016,-12486.414062,42.248047
6964,-10960.983398,-10169.602539,791.380859
6965,-13375.712891,-13435.523438,59.810547
6966,-10952.829102,-11003.438477,50.609375
6967,-10872.710938,-10846.518555,26.192383
6968,-12452.457031,-12522.723633,70.266602
6969,-10994.362305,-10969.756836,24.605469
6970,-10332.874023,-10272.531250,60.342773
6971,-12440.235352,-12385.783203,54.452148
6972,-10987.883789,-10968.430664,19.453125
6973,-12418.867188,-12489.789062,70.921875
6974,-10632.690430,-10533.230469,99.459961
6975,-11017.484375,-10936.358398,81.125977
6976,-10953.810547,-11003.875000,50.064453
6977,-12082.250000,-11916.965820,165.284180
6978,-11312.697266,-11342.459961,29.762695
6979,-10982.681641,-10903.810547,78.871094
6980,-11551.507812,-11543.300781,8.207031
6981,-10935.968750,-11002.445312,66.476562
6982,-10969.565430,-10912.911133,56.654297
6983,-11596.289062,-11575.905273,20.383789
6984,-10604.543945,-10532.693359,71.850586
6985,-12010.769531,-11947.623047,63.146484
6986,-11963.612305,-11948.189453,15.422852
6987,-11879.610352,-11811.419922,68.190430
6988,-11044.105469,-10937.362305,106.743164
6989,-11515.208984,-11510.270508,4.938477
6990,-9767.853516,-9958.460938,190.607422
6991,-13933.375000,-13766.791016,166.583984
6992,-13715.451172,-13500.018555,215.432617
6993,-11912.137695,-11915.894531,3.756836
6994,-10913.583984,-10938.398438,24.814453
6995,-9781.550781,-9957.361328,175.810547
6996,-12489.156250,-12521.458984,32.302734
6997,-11963.020508,-11981.279297,18.258789
6998,-10236.427734,-10362.557617,126.129883
6999,-13381.506836,-13364.407227,17.099609
7000,-12760.500000,-12894.174805,133.674805
7001,-11415.032227,-11341.171875,73.860352
7002,-10625.084961,-10566.064453,59.020508
7003,-11483.343750,-11477.246094,6.097656
7004,-10241.210938,-10363.738281,122.527344
7005,-10629.562500,-10564.308594,65.253906
7006,-10373.908203,-10306.373047,67.535156
7007,-9642.603516,-9429.583008,213.020508
7008,-11382.973633,-11340.429688,42.543945
7009,-9820.210938,-9923.244141,103.033203
7010,-11460.764648,-11511.545898,50.781250
7011,-10967.877930,-10933.950195,33.927734
7012,-12918.632812,-12823.076172,95.556641
7013,-11969.194336,-11979.144531,9.950195
7014,-12240.654297,-11822.715820,417.938477
7015,-11571.071289,-11510.286133,60.785156
7016,-10922.603516,-10903.839844,18.763672
7017,-11452.742188,-11376.113281,76.628906
7018,-10573.758789,-10500.246094,73.512695
7019,-9368.130859,-9465.223633,97.092773
7020,-10778.746094,-10878.942383,100.196289
7021,-11578.491211,-11510.371094,68.120117
7022,-12558.333984,-12554.370117,3.963867
7023,-11365.582031,-11407.562500,41.980469
7024,-10618.999023,-10598.481445,20.517578
7025,-10610.453125,-10564.941406,45.511719
7026,-10585.106445,-10531.967773,53.138672
7027,-9957.062500,-10428.393555,471.331055
7028,-11974.695312,-11980.118164,5.422852
7029,-10510.995117,-10440.258789,70.736328
7030,-11194.357422,-11270.139648,75.782227
7031,-11611.484375,-11575.648438,35.835938
7032,-10611.653320,-10565.897461,45.755859
7033,-10603.234375,-10565.310547,37.923828
7034,-12427.378906,-12384.718750,42.660156
7035,-9282.394531,-9521.103516,238.708984
7036,-11570.960938,-11542.598633,28.362305
7037,-12652.909180,-12790.391602,137.482422
7038,-11459.179688,-11509.478516,50.298828
7039,-10556.666992,-10533.520508,23.146484
7040,-10971.253906,-10903.084961,68.168945
7041,-10529.429688,-10638.740234,109.310547
7042,-9736.546875,-9810.491211,73.944336
7043,-12950.241211,-12892.458984,57.782227
7044,-9423.998047,-9555.028320,131.030273
7045,-10534.418945,-10498.805664,35.613281
7046,-11837.906250,-11745.954102,91.952148
7047,-9401.122070,-9489.327148,88.205078
7048,-11506.578125,-11509.911133,3.333008
7049,-10562.134766,-10498.956055,63.178711
7050,-12941.610352,-12927.636719,13.973633
7051,-11447.535156,-11478.304688,30.769531
7052,-11379.461914,-11310.521484,68.940430
7053,-11340.345703,-11342.264648,1.918945
7054,-7542.500977,-8260.103516,717.602539
7055,-10592.216797,-10565.410156,26.806641
7056,-11126.895508,-11003.504883,123.390625
7057,-12482.348633,-12490.428711,8.080078
7058,-9853.572266,-10213.200195,359.627930
7059,-10802.459961,-10880.540039,78.080078
7060,-11105.325195,-11003.253906,102.071289
7061,-10134.610352,-10396.549805,261.939453
7062,-11944.853516,-11945.848633,0.995117
7063,-11576.922852,-11576.809570,0.113281
7064,-10974.984375,-10935.487305,39.497070
7065,-10887.461914,-10201.409180,686.052734
7066,-11592.054688,-11544.198242,47.856445
7067,-11895.610352,-11914.995117,19.384766
7068,-15913.189453,-15460.345703,452.843750
7069,-9248.047852,-9555.864258,307.816406
7070,-9293.996094,-9588.518555,294.522461
7071,-11786.217773,-11812.669922,26.452148
7072,-11922.331055,-11978.869141,56.538086
7073,-11504.497070,-11476.194336,28.302734
7074,-11977.392578,-11948.340820,29.051758
7075,-11965.480469,-11947.649414,17.831055
7076,-9453.188477,-9463.165039,9.976562
7077,-10592.212891,-10564.769531,27.443359
7078,-10486.161133,-10533.726562,47.565430
7079,-12873.118164,-12959.653320,86.535156
7080,-9521.916016,-9437.755859,84.160156
7081,-9970.770508,-10395.908203,425.137695
7082,-10474.724609,-10507.783203,33.058594
7083,-12492.394531,-12522.983398,30.588867
7084,-12961.463867,-12926.038086,35.425781
7085,-11024.404297,-10934.939453,89.464844
7086,-10640.310547,-10566.672852,73.637695
7087,-12381.590820,-12352.571289,29.019531
7088,-12394.700195,-12454.588867,59.888672
7089,-12001.594727,-11980.054688,21.540039
7090,-10172.108398,-10393.882812,221.774414
7091,-10567.440430,-10566.179688,1.260742
7092,-10634.484375,-10631.764648,2.719727
7093,-10779.122070,-10879.399414,100.277344
7094,-10826.065430,-10743.397461,82.667969
7095,-10969.043945,-10968.003906,1.040039
7096,-12091.504883,-11982.457031,109.047852
7097,-12221.850586,-12282.621094,60.770508
7098,-11263.296875,-10912.555664,350.741211
7099,-11378.460938,-11443.965820,65.504883
7100,-11442.524414,-11476.191406,33.666992
7101,-11474.626953,-11408.755859,65.871094
7102,-10615.337891,-10565.400391,49.937500
7103,-12402.231445,-12422.411133,20.179688
7104,-10603.796875,-10531.528320,72.268555
7105,-12517.833008,-12553.812500,35.979492
7106,-12877.954102,-12925.166992,47.212891
7107,-11427.438477,-11376.400391,51.038086
7108,-10582.117188,-10566.062500,16.054688
7109,-9499.854492,-9465.740234,34.114258
7110,-10567.174805,-10566.344727,0.830078
7111,-9595.058594,-9495.333984,99.724609
7112,-10985.959961,-10971.364258,14.595703
7113,-11640.410156,-11575.978516,64.431641
7114,-10612.698242,-10564.914062,47.784180
7115,-11025.914062,-10938.539062,87.375000
7116,-12811.441406,-12789.524414,21.916992
7117,-11316.255859,-11408.112305,91.856445
7118,-11609.654297,-11609.014648,0.639648
7119,-10912.840820,-10969.747070,56.906250
7120,-10533.521484,-10466.703125,66.818359
7121,-12937.499023,-12755.805664,181.693359
7122,-10072.662109,-10363.041016,290.378906
7123,-10895.859375,-10743.774414,152.084961
7124,-10604.455078,-10898.968750,294.513672
7125,-10993.872070,-10939.270508,54.601562
7126,-9099.068359,-9587.701172,488.632812
7127,-11356.456055,-11406.244141,49.788086
7128,-11465.446289,-11511.455078,46.008789
7129,-8585.828125,-9454.551758,868.723633
7130,-11817.016602,-11844.988281,27.971680
7131,-10572.056641,-10466.113281,105.943359
7132,-11471.856445,-11317.404297,154.452148
7133,-14212.265625,-14202.453125,9.812500
7134,-12007.757812,-11981.035156,26.722656
7135,-11506.318359,-11511.077148,4.758789
7136,-11359.375000,-11340.665039,18.709961
7137,-11922.274414,-11948.608398,26.333984
7138,-9239.066406,-9555.403320,316.336914
7139,-9639.682617,-9495.861328,143.821289
7140,-11955.514648,-11980.917969,25.403320
7141,-10058.394531,-9866.736328,191.658203
7142,-11805.755859,-12454.870117,649.114258
7143,-12545.372070,-12586.976562,41.604492
7144,-10930.965820,-10912.389648,18.576172
7145,-12946.564453,-12926.377930,20.186523
7146,-10988.097656,-10967.782227,20.315430
7147,-12820.423828,-12927.020508,106.596680
7148,-10840.533203,-11238.743164,398.209961
7149,-10598.129883,-10534.066406,64.063477
7150,-11559.000977,-11543.659180,15.341797
7151,-11082.921875,-11003.754883,79.166992
7152,-12659.909180,-12554.814453,105.094727
7153,-13534.052734,-13548.731445,14.678711
7154,-11851.621094,-11980.151367,128.530273
7155,-10569.605469,-10499.465820,70.139648
7156,-12459.603516,-12521.225586,61.622070
7157,-10921.557617,-10968.164062,46.606445
7158,-11975.934570,-11916.076172,59.858398
7159,-11430.739258,-11510.741211,80.001953
7160,-11592.596680,-11543.537109,49.059570
7161,-9513.802734,-9587.640625,73.837891
7162,-14100.874023,-14200.706055,99.832031
7163,-9050.738281,-8865.180664,185.557617
7164,-10876.432617,-10846.799805,29.632812
7165,-12808.113281,-12925.477539,117.364258
7166,-11913.899414,-11948.101562,34.202148
7167,-9187.853516,-8486.045898,701.807617
7168,-9639.161133,-9463.220703,175.940430
7169,-11019.770508,-10970.375977,49.394531
7170,-11756.925781,-11844.892578,87.966797
7171,-12538.720703,-12386.627930,152.092773
7172,-12913.654297,-12892.198242,21.456055
7173,-12611.152344,-12723.787109,112.634766
7174,-8229.287109,-8401.510742,172.223633
7175,-8471.776367,-9165.639648,693.863281
7176,-11542.099609,-11609.156250,67.056641
7177,-10651.184570,-10531.785156,119.399414
7178,-12051.420898,-11980.731445,70.689453
7179,-10547.860352,-10532.099609,15.760742
7180,-11394.212891,-11408.246094,14.033203
7181,-12268.756836,-12216.605469,52.151367
7182,-11042.601562,-10971.231445,71.370117
7183,-12031.170898,-11948.101562,83.069336
7184,-10326.867188,-10307.046875,19.820312
7185,-10687.908203,-10566.375977,121.532227
7186,-12869.332031,-10384.834961,2484.497070
7187,-13389.643555,-10448.352539,2941.291016
7188,-9556.233398,-9270.633789,285.599609
7189,-13093.796875,-13396.405273,302.608398
7190,-11400.208984,-11408.320312,8.111328
7191,-11610.596680,-11544.873047,65.723633
7192,-11559.635742,-11543.649414,15.986328
7193,-10791.875977,-10802.840820,10.964844
7194,-11957.021484,-11945.960938,11.060547
7195,-9896.736328,-9990.784180,94.047852
7196,-11541.883789,-11508.793945,33.089844
7197,-11472.486328,-11510.756836,38.270508
7198,-11007.681641,-10937.893555,69.788086
7199,-10944.889648,-10935.826172,9.063477
7200,-11359.772461,-11375.405273,15.632812
7201,-10961.300781,-10969.126953,7.826172
7202,-12400.622070,-12351.088867,49.533203
7203,-11373.641602,-11372.338867,1.302734
7204,-11418.000977,-11284.797852,133.203125
7205,-10560.208984,-10532.312500,27.896484
7206,-11701.177734,-11849.485352,148.307617
7207,-10534.122070,-10735.812500,201.690430
7208,-9718.741211,-9891.030273,172.289062
7209,-11456.019531,-11477.163086,21.143555
7210,-11544.274414,-11510.569336,33.705078
7211,-10227.962891,-10398.749023,170.786133
7212,-9648.462891,-9927.711914,279.249023
7213,-10574.462891,-10304.703125,269.759766
7214,-11035.457031,-11034.780273,0.676758
7215,-12472.410156,-12523.052734,50.642578
7216,-10512.092773,-10531.992188,19.899414
7217,-9505.434570,-9463.594727,41.839844
7218,-11325.519531,-11407.956055,82.436523
7219,-10912.745117,-10935.169922,22.424805
7220,-11434.806641,-11510.102539,75.295898
7221,-9354.719727,-9487.634766,132.915039
7222,-9985.869141,-9899.044922,86.824219
7223,-10047.951172,-10396.255859,348.304688
7224,-13692.826172,-13467.950195,224.875977
7225,-12399.209961,-12457.696289,58.486328
7226,-11498.502930,-11510.669922,12.166992
7227,-11891.522461,-11543.916016,347.606445
7228,-10524.352539,-10531.749023,7.396484
7229,-11406.639648,-11510.650391,104.010742
7230,-11867.622070,-11845.738281,21.883789
7231,-11880.851562,-11947.785156,66.933594
7232,-7065.248047,-9391.339844,2326.091797
7233,-9047.414062,-8518.507812,528.906250
7234,-11622.731445,-11576.807617,45.923828
7235,-11496.068359,-11508.468750,12.400391
7236,-11866.959961,-11845.122070,21.837891
7237,-11484.334961,-11477.445312,6.889648
7238,-11573.966797,-11543.768555,30.198242
7239,-12368.744141,-12417.788086,49.043945
7240,-11928.303711,-11882.758789,45.544922
7241,-8867.580078,-8920.612305,53.032227
7242,-10810.537109,-10776.348633,34.188477
7243,-10929.912109,-10845.797852,84.114258
7244,-12337.625977,-12385.183594,47.557617
7245,-11957.681641,-11948.308594,9.373047
7246,-12779.155273,-12927.061523,147.906250
7247,-6959.361328,-8956.872070,1997.510742
7248,-9526.112305,-8519.785156,1006.327148
7249,-10938.354492,-10934.772461,3.582031
7250,-12540.574219,-12522.658203,17.916016
7251,-7330.290527,-7383.273438,52.982910
7252,-11188.924805,-11303.205078,114.280273
7253,-11498.272461,-11510.497070,12.224609
7254,-10128.355469,-10362.707031,234.351562
7255,-10551.922852,-10499.240234,52.682617
7256,-10581.967773,-10533.000000,48.967773
7257,-12768.086914,-12925.092773,157.005859
7258,-10562.257812,-10764.799805,202.541992
7259,-11948.939453,-11911.707031,37.232422
7260,-11033.488281,-10937.556641,95.931641
7261,-11468.989258,-11510.565430,41.576172
7262,-10866.124023,-10936.854492,70.730469
7263,-10057.531250,-9933.976562,123.554688
7264,-11510.849609,-11509.811523,1.038086
7265,-9251.323242,-9554.289062,302.965820
7266,-12538.182617,-12521.742188,16.440430
7267,-12437.702148,-12520.380859,82.678711
7268,-10596.535156,-10530.812500,65.722656
7269,-12449.420898,-12419.139648,30.281250
7270,-10775.227539,-10736.516602,38.710938
7271,-10587.041016,-10532.798828,54.242188
7272,-10549.282227,-10500.755859,48.526367
7273,-11329.770508,-11341.049805,11.279297
7274,-11971.545898,-11914.094727,57.451172
7275,-11994.460938,-11981.897461,12.563477
7276,-10942.484375,-10969.925781,27.441406
7277,-11951.059570,-11949.072266,1.987305
7278,-11893.339844,-11914.385742,21.045898
7279,-10627.935547,-10532.762695,95.172852
7280,-11587.180664,-11544.477539,42.703125
7281,-10760.310547,-10835.526367,75.215820
7282,-10483.013672,-10832.533203,349.519531
7283,-11678.069336,-11745.596680,67.527344
7284,-9457.529297,-9522.199219,64.669922
7285,-11002.959961,-10937.869141,65.090820
7286,-12752.814453,-12859.637695,106.823242
7287,-12408.434570,-12351.854492,56.580078
7288,-12438.968750,-12418.256836,20.711914
7289,-11500.286133,-11478.130859,22.155273
7290,-9475.447266,-9588.507812,113.060547
7291,-11955.746094,-11947.241211,8.504883
7292,-12634.282227,-12757.245117,122.962891
7293,-12859.072266,-12958.514648,99.442383
7294,-10920.529297,-10971.543945,51.014648
7295,-9597.203125,-9462.677734,134.525391
7296,-10589.941406,-10370.533203,219.408203
7297,-9275.692383,-9521.782227,246.089844
7298,-11074.588867,-10904.561523,170.027344
7299,-11517.643555,-11543.854492,26.210938
7300,-12341.976562,-12281.089844,60.886719
7301,-10633.550781,-10631.565430,1.985352
7302,-12331.104492,-12453.208984,122.104492
7303,-11763.309570,-11811.525391,48.215820
7304,-10144.939453,-10364.085938,219.146484
7305,-11903.890625,-11979.871094,75.980469
7306,-10042.695312,-9956.511719,86.183594
7307,-10288.569336,-10394.792969,106.223633
7308,-11960.716797,-11979.393555,18.676758
7309,-11289.935547,-11406.648438,116.712891
7310,-12479.726562,-12351.996094,127.730469
7311,-11950.449219,-11947.713867,2.735352
7312,-11920.021484,-11948.842773,28.821289
7313,-11376.300781,-11375.935547,0.365234
7314,-9428.614258,-9521.602539,92.988281
7315,-11888.059570,-11915.234375,27.174805
7316,-10569.647461,-10566.595703,3.051758
7317,-11395.740234,-11544.593750,148.853516
7318,-10563.080078,-10531.962891,31.117188
7319,-11978.740234,-11947.790039,30.950195
7320,-10716.830078,-10833.329102,116.499023
7321,-10951.747070,-10938.309570,13.437500
7322,-10935.656250,-10936.601562,0.945312
7323,-12375.419922,-12456.041016,80.621094
7324,-10633.597656,-10532.483398,101.114258
7325,-7727.659668,-6321.996094,1405.663574
7326,-11928.481445,-11979.057617,50.576172
7327,-11563.057617,-11675.842773,112.785156
7328,-12433.294922,-12522.965820,89.670898
7329,-8285.553711,-8427.908203,142.354492
7330,-11464.032227,-11374.210938,89.821289
7331,-12824.906250,-12893.017578,68.111328
7332,-9417.488281,-9464.580078,47.091797
7333,-12981.250000,-13111.979492,130.729492
7334,-10117.615234,-9328.023438,789.591797
7335,-11507.843750,-11451.750000,56.093750
7336,-9782.345703,-9329.006836,453.338867
7337,-9577.597656,-9463.692383,113.905273
7338,-10223.263672,-10338.855469,115.591797
7339,-11986.582031,-11980.848633,5.733398
7340,-10599.831055,-10498.760742,101.070312
7341,-12857.305664,-12926.172852,68.867188
7342,-11380.368164,-11510.105469,129.737305
7343,-11021.375977,-10970.776367,50.599609
7344,-12510.991211,-12553.308594,42.317383
7345,-11452.957031,-11510.492188,57.535156
7346,-11924.458984,-11914.909180,9.549805
7347,-10554.677734,-10565.108398,10.430664
7348,-11373.877930,-11374.480469,0.602539
7349,-10559.301758,-10442.239258,117.062500
7350,-11884.194336,-11914.561523,30.367188
7351,-11363.892578,-11341.403320,22.489258
7352,-10213.697266,-10396.264648,182.567383
7353,-11533.686523,-11542.863281,9.176758
7354,-9748.858398,-9962.106445,213.248047
7355,-12044.243164,-11912.553711,131.689453
7356,-11495.857422,-11512.223633,16.366211
7357,-10994.885742,-10937.320312,57.565430
7358,-12409.416016,-12487.412109,77.996094
7359,-10981.266602,-10969.532227,11.734375
7360,-10103.545898,-10430.104492,326.558594
7361,-11010.148438,-10936.991211,73.157227
7362,-11807.166992,-11844.128906,36.961914
7363,-12359.822266,-12490.507812,130.685547
7364,-11991.875000,-11946.902344,44.972656
7365,-11573.190430,-11509.856445,63.333984
7366,-12710.255859,-12860.273438,150.017578
7367,-11381.111328,-11445.100586,63.989258
7368,-10953.052734,-10935.949219,17.103516
7369,-10236.286133,-10362.878906,126.592773
7370,-10558.078125,-10499.739258,58.338867
7371,-10512.929688,-10465.894531,47.035156
7372,-12328.428711,-12353.790039,25.361328
7373,-10978.341797,-10880.292969,98.048828
7374,-12797.690430,-12755.770508,41.919922
7375,-12480.292969,-12522.740234,42.447266
7376,-12881.900391,-12860.271484,21.628906
7377,-9476.140625,-9957.563477,481.422852
7378,-10411.413086,-10372.945312,38.467773
7379,-9903.997070,-9932.380859,28.383789
7380,-11857.627930,-11813.224609,44.403320
7381,-9834.604492,-9902.209961,67.605469
7382,-9447.134766,-9437.961914,9.172852
7383,-11764.881836,-11484.227539,280.654297
7384,-10564.473633,-10498.983398,65.490234
7385,-11381.310547,-11476.413086,95.102539
7386,-9186.454102,-9523.783203,337.329102
7387,-12015.860352,-11980.884766,34.975586
7388,-9203.542969,-9555.755859,352.212891
7389,-9289.975586,-9555.734375,265.758789
7390,-11819.827148,-11915.883789,96.056641
7391,-10895.903320,-10904.736328,8.833008
7392,-11496.006836,-11510.286133,14.279297
7393,-11520.994141,-11510.857422,10.136719
7394,-11912.726562,-11948.944336,36.217773
7395,-11574.594727,-11544.960938,29.633789
7396,-11599.070312,-11510.720703,88.349609
7397,-9897.727539,-9902.430664,4.703125
7398,-11413.675781,-11440.665039,26.989258
7399,-9199.125977,-9555.513672,356.387695
7400,-9946.781250,-9835.763672,111.017578
7401,-10008.294922,-10395.825195,387.530273
7402,-11446.240234,-11476.029297,29.789062
7403,-9706.620117,-9430.148438,276.471680
7404,-10603.278320,-10532.443359,70.834961
7405,-10437.300781,-10396.104492,41.196289
7406,-11360.159180,-11376.699219,16.540039
7407,-9211.926758,-9554.593750,342.666992
7408,-10512.033203,-10532.505859,20.472656
7409,-13183.392578,-13225.996094,42.603516
7410,-10850.869141,-10912.500000,61.630859
7411,-10581.615234,-10565.305664,16.309570
7412,-12843.539062,-12923.404297,79.865234
7413,-12489.696289,-12520.620117,30.923828
7414,-11980.342773,-11917.329102,63.013672
7415,-11555.876953,-11542.280273,13.596680
7416,-11911.187500,-11947.668945,36.481445
7417,-10110.951172,-10363.206055,252.254883
7418,-11863.894531,-11912.985352,49.090820
7419,-10540.697266,-10566.385742,25.688477
7420,-10911.323242,-10969.243164,57.919922
7421,-10980.853516,-10903.178711,77.674805
7422,-10586.200195,-10532.449219,53.750977
7423,-11925.800781,-11947.975586,22.174805
7424,-10458.863281,-10474.674805,15.811523
7425,-11749.141602,-11316.051758,433.089844
7426,-11097.918945,-11003.510742,94.408203
7427,-10938.781250,-10776.501953,162.279297
7428,-10987.986328,-10934.221680,53.764648
7429,-10936.825195,-10879.660156,57.165039
7430,-9902.098633,-9932.236328,30.137695
7431,-11415.136719,-11478.875000,63.738281
7432,-11989.798828,-11947.930664,41.868164
7433,-12891.304688,-12786.902344,104.402344
7434,-10938.941406,-10969.646484,30.705078
7435,-10329.005859,-10441.650391,112.644531
7436,-11834.354492,-11747.016602,87.337891
7437,-11582.391602,-11576.000000,6.391602
7438,-11384.328125,-11372.315430,12.012695
7439,-10467.281250,-10274.273438,193.007812
7440,-11846.670898,-11915.655273,68.984375
7441,-12524.400391,-12485.942383,38.458008
7442,-10634.753906,-10565.432617,69.321289
7443,-10410.874023,-10430.291992,19.417969
7444,-10927.234375,-10970.549805,43.315430
7445,-9846.105469,-9990.847656,144.742188
7446,-9960.763672,-9292.542969,668.220703
7447,-10563.468750,-10566.461914,2.993164
7448,-11574.779297,-11510.591797,64.187500
7449,-9352.713867,-8486.605469,866.108398
7450,-11379.717773,-11406.522461,26.804688
7451,-11936.859375,-11947.860352,11.000977
7452,-10938.271484,-11003.667969,65.396484
7453,-9439.177734,-9496.952148,57.774414
7454,-10615.968750,-10565.379883,50.588867
7455,-12466.323242,-12520.075195,53.751953
7456,-12452.197266,-12487.037109,34.839844
7457,-10566.771484,-10533.464844,33.306641
7458,-11559.910156,-11511.450195,48.459961
7459,-8930.447266,-8896.791992,33.655273
7460,-12362.470703,-12353.559570,8.911133
7461,-10948.039062,-10878.974609,69.064453
7462,-11123.727539,-11270.194336,146.466797
7463,-11433.791992,-11509.292969,75.500977
7464,-11456.550781,-11373.695312,82.855469
7465,-10530.819336,-10498.890625,31.928711
7466,-11398.521484,-11408.646484,10.125000
7467,-9553.157227,-8291.084961,1262.072266
7468,-10629.459961,-10564.286133,65.173828
7469,-10967.555664,-11002.425781,34.870117
7470,-11630.518555,-11420.678711,209.839844
7471,-9724.769531,-9797.552734,72.783203
7472,-11255.449219,-11304.567383,49.118164
7473,-10487.754883,-10406.918945,80.835938
7474,-10438.971680,-10867.047852,428.076172
7475,-10902.482422,-10904.290039,1.807617
7476,-12801.190430,-12891.851562,90.661133
7477,-10512.276367,-10500.135742,12.140625
7478,-11566.895508,-11542.446289,24.449219
7479,-12453.798828,-12419.125000,34.673828
7480,-11490.539062,-11407.673828,82.865234
7481,-10591.766602,-10468.017578,123.749023
7482,-10563.053711,-10499.582031,63.471680
7483,-10589.307617,-10500.445312,88.862305
7484,-11570.332031,-11543.075195,27.256836
7485,-10789.228516,-10775.217773,14.010742
7486,-9762.992188,-9867.168945,104.176758
7487,-10801.554688,-10878.335938,76.781250
7488,-9611.916016,-9496.698242,115.217773
7489,-10566.774414,-10533.109375,33.665039
7490,-10604.373047,-10565.849609,38.523438
7491,-11419.211914,-11372.497070,46.714844
7492,-11207.292969,-11237.850586,30.557617
7493,-11466.704102,-11479.696289,12.992188
7494,-11957.868164,-11915.763672,42.104492
7495,-11930.894531,-11914.833984,16.060547
7496,-11391.352539,-11543.606445,152.253906
7497,-10938.450195,-11001.857422,63.407227
7498,-11356.265625,-11373.788086,17.522461
7499,-10951.492188,-10970.052734,18.560547
7500,-12289.231445,-12354.140625,64.909180
7501,-11241.982422,-10911.616211,330.366211
7502,-8311.791016,-6782.645508,1529.145508
7503,-11585.240234,-11509.272461,75.967773
7504,-10572.133789,-10499.664062,72.469727
7505,-11019.248047,-10968.668945,50.579102
7506,-8076.187500,-10363.789062,2287.601562
7507,-11356.139648,-11372.774414,16.634766
7508,-12487.097656,-12488.455078,1.357422
7509,-10657.119141,-10531.906250,125.212891
7510,-11893.433594,-11948.152344,54.718750
7511,-9900.631836,-9959.415039,58.783203
7512,-11013.845703,-10971.297852,42.547852
7513,-10411.684570,-10337.803711,73.880859
7514,-11363.977539,-11406.855469,42.877930
7515,-11525.954102,-11543.828125,17.874023
7516,-12028.822266,-11947.634766,81.187500
7517,-10595.221680,-10498.020508,97.201172
7518,-11920.738281,-11947.414062,26.675781
7519,-11063.327148,-10969.467773,93.859375
7520,-9475.143555,-9620.731445,145.587891
7521,-10580.948242,-10565.832031,15.116211
7522,-11049.035156,-10936.340820,112.694336
7523,-10619.900391,-10501.186523,118.713867
7524,-11902.357422,-11946.675781,44.318359
7525,-9122.493164,-8919.013672,203.479492
7526,-12025.085938,-11948.296875,76.789062
7527,-10616.461914,-10531.952148,84.509766
7528,-11982.086914,-11914.541016,67.545898
7529,-11445.578125,-11443.967773,1.610352
7530,-10542.142578,-10531.757812,10.384766
7531,-11456.359375,-11478.412109,22.052734
7532,-9241.876953,-9488.775391,246.898438
7533,-10014.655273,-9901.628906,113.026367
7534,-10916.936523,-10971.004883,54.068359
7535,-11935.692383,-11914.397461,21.294922
7536,-11516.512695,-11543.353516,26.840820
7537,-9334.786133,-9522.159180,187.373047
7538,-9167.946289,-9555.304688,387.358398
7539,-12374.645508,-12353.256836,21.388672
7540,-11884.465820,-11882.638672,1.827148
7541,-10539.885742,-10531.962891,7.922852
7542,-12023.795898,-11915.255859,108.540039
7543,-9620.621094,-9463.286133,157.334961
7544,-11555.576172,-11575.863281,20.287109
7545,-12265.864258,-12286.731445,20.867188
7546,-10877.520508,-10901.915039,24.394531
7547,-9659.523438,-9463.623047,195.900391
7548,-9875.853516,-9899.389648,23.536133
7549,-11947.480469,-11947.907227,0.426758
7550,-10260.562500,-10409.219727,148.657227
7551,-11980.094727,-11915.566406,64.528320
7552,-9212.879883,-9587.705078,374.825195
7553,-11444.485352,-11373.412109,71.073242
7554,-8896.441406,-8866.448242,29.993164
7555,-12621.456055,-12650.896484,29.440430
7556,-11044.672852,-10969.503906,75.168945
7557,-12486.445312,-12488.780273,2.334961
7558,-11086.291016,-10970.068359,116.222656
7559,-11521.478516,-11512.156250,9.322266
7560,-11530.199219,-11512.190430,18.008789
7561,-10570.867188,-10463.688477,107.178711
7562,-9745.652344,-9958.341797,212.689453
7563,-11965.891602,-12013.816406,47.924805
7564,-9777.887695,-10398.311523,620.423828
7565,-11291.649414,-11374.239258,82.589844
7566,-11826.749023,-11776.876953,49.872070
7567,-11862.473633,-11915.909180,53.435547
7568,-12362.145508,-12247.072266,115.073242
7569,-11967.541992,-11912.973633,54.568359
7570,-9440.898438,-9429.284180,11.614258
7571,-12448.470703,-12489.392578,40.921875
7572,-9628.164062,-9957.440430,329.276367
7573,-10024.373047,-9901.259766,123.113281
7574,-9760.884766,-9360.193359,400.691406
7575,-11967.765625,-11948.579102,19.186523
7576,-9935.969727,-10831.264648,895.294922
7577,-9292.944336,-8518.769531,774.174805
7578,-11559.911133,-11543.652344,16.258789
7579,-11296.598633,-11374.736328,78.137695
7580,-11526.016602,-11543.606445,17.589844
7581,-12401.189453,-12386.252930,14.936523
7582,-12329.546875,-12318.890625,10.656250
7583,-11412.793945,-11510.663086,97.869141
7584,-11795.487305,-11811.777344,16.290039
7585,-11477.198242,-11439.687500,37.510742
7586,-10506.448242,-10533.083984,26.635742
7587,-10563.694336,-10532.915039,30.779297
7588,-8895.867188,-8831.256836,64.610352
7589,-11442.359375,-11212.774414,229.584961
7590,-10693.661133,-10567.033203,126.627930
7591,-11688.907227,-11778.758789,89.851562
7592,-10998.885742,-10971.126953,27.758789
7593,-12032.870117,-11980.737305,52.132812
7594,-13270.591797,-13329.679688,59.087891
7595,-10969.864258,-10873.484375,96.379883
7596,-10270.607422,-10362.596680,91.989258
7597,-13314.954102,-13227.416992,87.537109
7598,-10044.307617,-10429.438477,385.130859
7599,-11967.148438,-11947.307617,19.840820
7600,-8950.797852,-8519.343750,431.454102
7601,-8879.098633,-8831.151367,47.947266
7602,-8895.055664,-9554.514648,659.458984
7603,-12827.107422,-12822.345703,4.761719
7604,-11950.691406,-11844.531250,106.160156
7605,-10691.628906,-10766.827148,75.198242
7606,-11671.754883,-11542.922852,128.832031
7607,-12775.428711,-12893.747070,118.318359
7608,-10936.217773,-11002.883789,66.666016
7609,-10260.444336,-10362.402344,101.958008
7610,-11519.891602,-11406.367188,113.524414
7611,-11649.148438,-11576.831055,72.317383
7612,-10535.341797,-10499.382812,35.958984
7613,-11627.569336,-11511.639648,115.929688
7614,-12424.028320,-12351.938477,72.089844
7615,-10039.083008,-9868.223633,170.859375
7616,-11998.625977,-11979.895508,18.730469
7617,-11880.947266,-11810.987305,69.959961
7618,-12455.729492,-12488.869141,33.139648
7619,-9237.968750,-9554.531250,316.562500
7620,-13013.726562,-12447.320312,566.406250
7621,-11812.250000,-11844.394531,32.144531
7622,-9164.456055,-9556.003906,391.547852
7623,-10871.795898,-10867.417969,4.377930
7624,-12558.186523,-12522.289062,35.897461
7625,-12887.845703,-12959.153320,71.307617
7626,-9375.835938,-9586.904297,211.068359
7627,-11529.864258,-11475.741211,54.123047
7628,-10541.654297,-10539.728516,1.925781
7629,-11557.306641,-11543.739258,13.567383
7630,-12418.865234,-12386.291016,32.574219
7631,-10598.500000,-10566.706055,31.793945
7632,-10401.539062,-10337.784180,63.754883
7633,-9856.265625,-10430.084961,573.819336
7634,-12440.864258,-12488.765625,47.901367
7635,-9798.500977,-9933.501953,135.000977
7636,-10559.516602,-10465.392578,94.124023
7637,-10001.387695,-9326.817383,674.570312
7638,-11316.609375,-11340.780273,24.170898
7639,-11539.893555,-11543.679688,3.786133
7640,-9516.795898,-8857.102539,659.693359
7641,-9608.698242,-9497.517578,111.180664
7642,-9804.025391,-9923.866211,119.840820
7643,-11778.687500,-11740.055664,38.631836
7644,-10689.148438,-10832.345703,143.197266
7645,-10962.518555,-10970.976562,8.458008
7646,-12498.911133,-12555.381836,56.470703
7647,-12860.155273,-12893.216797,33.061523
7648,-10015.044922,-9933.848633,81.196289
7649,-11363.609375,-11479.632812,116.023438
7650,-10193.680664,-10339.032227,145.351562
7651,-11325.098633,-11406.955078,81.856445
7652,-11351.884766,-11370.756836,18.872070
7653,-9771.975586,-9360.794922,411.180664
7654,-12182.890625,-12013.377930,169.512695
7655,-9276.210938,-9555.119141,278.908203
7656,-12392.285156,-12457.519531,65.234375
7657,-9553.302734,-9529.395508,23.907227
7658,-11391.599609,-11340.668945,50.930664
7659,-11388.173828,-11509.791992,121.618164
7660,-11391.287109,-11407.491211,16.204102
7661,-9926.403320,-10394.820312,468.416992
7662,-11318.870117,-11372.943359,54.073242
7663,-9243.476562,-8452.239258,791.237305
7664,-12924.106445,-12958.406250,34.299805
7665,-9768.871094,-9957.771484,188.900391
7666,-9370.138672,-9588.326172,218.187500
7667,-11766.153320,-11845.205078,79.051758
7668,-11803.810547,-11844.267578,40.457031
7669,-11373.513672,-11512.207031,138.693359
7670,-11886.231445,-11915.376953,29.145508
7671,-10942.111328,-10936.377930,5.733398
7672,-10676.235352,-10770.345703,94.110352
7673,-11477.986328,-11510.317383,32.331055
7674,-11001.796875,-10937.254883,64.541992
7675,-11025.381836,-10968.112305,57.269531
7676,-12048.921875,-11979.705078,69.216797
7677,-12505.277344,-12385.817383,119.459961
7678,-8937.089844,-8832.000977,105.088867
7679,-11850.516602,-11809.190430,41.326172
7680,-10906.152344,-10903.149414,3.002930
7681,-10433.236328,-10433.729492,0.493164
7682,-10964.206055,-10968.953125,4.747070
7683,-12459.546875,-12386.454102,73.092773
7684,-10104.315430,-9704.921875,399.393555
7685,-10824.479492,-10879.676758,55.197266
7686,-10681.300781,-10507.280273,174.020508
7687,-11403.966797,-11373.895508,30.071289
7688,-11909.988281,-11948.033203,38.044922
7689,-8926.321289,-8452.296875,474.024414
7690,-11845.768555,-11453.522461,392.246094
7691,-12971.064453,-12992.455078,21.390625
7692,-10958.424805,-10969.019531,10.594727
7693,-10994.478516,-10969.092773,25.385742
7694,-10996.722656,-10935.331055,61.391602
7695,-11854.890625,-11913.408203,58.517578
7696,-11633.919922,-11577.408203,56.511719
7697,-11172.218750,-10970.180664,202.038086
7698,-10977.416992,-10937.755859,39.661133
7699,-11451.913086,-11509.654297,57.741211
7700,-9911.750977,-9870.023438,41.727539
7701,-10528.611328,-10498.730469,29.880859
7702,-10569.604492,-10865.845703,296.241211
7703,-10093.064453,-10396.015625,302.951172
7704,-11861.990234,-11810.785156,51.205078
7705,-11460.247070,-11476.155273,15.908203
7706,-9691.001953,-9990.274414,299.272461
7707,-9476.181641,-9463.858398,12.323242
7708,-10610.889648,-10500.941406,109.948242
7709,-10930.949219,-10968.596680,37.647461
7710,-10630.222656,-10534.316406,95.906250
7711,-10525.365234,-10532.357422,6.992188
7712,-14003.799805,-14099.226562,95.426758
7713,-11436.250977,-11511.413086,75.162109
7714,-10519.989258,-10497.034180,22.955078
7715,-10600.439453,-10566.270508,34.168945
7716,-12455.960938,-12519.899414,63.938477
7717,-10045.909180,-9809.067383,236.841797
7718,-7391.655273,-8728.898438,1337.243164
7719,-12059.883789,-11982.611328,77.272461
7720,-10495.985352,-10499.275391,3.290039
7721,-13161.056641,-13464.844727,303.788086
7722,-9561.660156,-9406.458984,155.201172
7723,-11373.147461,-11376.287109,3.139648
7724,-12408.942383,-12451.434570,42.492188
7725,-11822.329102,-11746.609375,75.719727
7726,-9638.927734,-8854.314453,784.613281
7727,-9779.579102,-10426.373047,646.793945
7728,-10547.529297,-10499.552734,47.976562
7729,-11918.474609,-11915.359375,3.115234
7730,-9121.318359,-9489.509766,368.191406
7731,-11899.832031,-11811.466797,88.365234
7732,-10296.152344,-10800.962891,504.810547
7733,-12808.366211,-12926.373047,118.006836
7734,-9791.274414,-9959.837891,168.563477
7735,-11407.395508,-11405.753906,1.641602
7736,-11920.257812,-11915.472656,4.785156
7737,-11581.483398,-11544.007812,37.475586
7738,-9775.313477,-9992.880859,217.567383
7739,-10982.910156,-10968.995117,13.915039
7740,-10965.273438,-10967.875000,2.601562
7741,-11833.932617,-11947.093750,113.161133
7742,-11069.601562,-11002.289062,67.312500
7743,-11318.786133,-11374.685547,55.899414
7744,-9898.482422,-9867.505859,30.976562
7745,-10531.204102,-10501.180664,30.023438
7746,-12717.529297,-12683.096680,34.432617
7747,-10410.110352,-10443.201172,33.090820
7748,-9843.610352,-9899.274414,55.664062
7749,-12867.539062,-12992.118164,124.579102
7750,-11787.625977,-11485.575195,302.050781
7751,-11358.849609,-11373.173828,14.324219
7752,-10603.184570,-10531.909180,71.275391
7753,-12335.836914,-12247.493164,88.343750
7754,-10282.302734,-10429.188477,146.885742
7755,-10949.832031,-10934.772461,15.059570
7756,-10954.277344,-10969.642578,15.365234
7757,-12126.124023,-12014.733398,111.390625
7758,-12777.134766,-12926.019531,148.884766
7759,-9525.843750,-9589.056641,63.212891
7760,-11933.422852,-11947.162109,13.739258
7761,-11890.957031,-11945.883789,54.926758
7762,-11533.146484,-11543.628906,10.482422
7763,-10896.215820,-10903.576172,7.360352
7764,-10792.436523,-10743.168945,49.267578
7765,-10235.124023,-9841.058594,394.065430
7766,-10273.803711,-10361.757812,87.954102
7767,-11364.273438,-11317.090820,47.182617
7768,-11394.195312,-11407.758789,13.563477
7769,-9285.087891,-9522.402344,237.314453
7770,-10423.084961,-10337.754883,85.330078
7771,-11873.638672,-11948.263672,74.625000
7772,-12283.664062,-12281.046875,2.617188
7773,-11337.330078,-11440.181641,102.851562
7774,-9535.217773,-9497.382812,37.834961
7775,-12356.274414,-12384.822266,28.547852
7776,-10973.900391,-10937.082031,36.818359
7777,-9847.175781,-9900.655273,53.479492
7778,-11054.631836,-10937.739258,116.892578
7779,-12933.125977,-12959.065430,25.939453
7780,-11198.544922,-11405.534180,206.989258
7781,-10664.015625,-10631.679688,32.335938
7782,-11787.296875,-11811.050781,23.753906
7783,-10284.225586,-10395.942383,111.716797
7784,-9828.257812,-10365.140625,536.882812
7785,-10165.380859,-9326.602539,838.778320
7786,-12009.139648,-11948.412109,60.727539
7787,-11053.520508,-10969.220703,84.299805
7788,-10563.829102,-10566.394531,2.565430
7789,-10905.681641,-11001.588867,95.907227
7790,-12346.412109,-12384.961914,38.549805
7791,-11397.484375,-11511.327148,113.842773
7792,-12406.079102,-12486.531250,80.452148
7793,-11429.912109,-11674.878906,244.966797
7794,-11940.045898,-11949.096680,9.050781
7795,-9490.108398,-9462.895508,27.212891
7796,-8640.637695,-9329.444336,688.806641
7797,-11021.182617,-10969.212891,51.969727
7798,-10956.690430,-10905.365234,51.325195
7799,-10969.492188,-10939.355469,30.136719
7800,-12955.190430,-12958.963867,3.773438
7801,-10985.069336,-11003.229492,18.160156
7802,-10043.052734,-10364.641602,321.588867
7803,-10845.114258,-10879.581055,34.466797
7804,-10528.773438,-10533.223633,4.450195
7805,-12428.207031,-12520.770508,92.563477
7806,-11678.693359,-11484.351562,194.341797
7807,-10559.311523,-10565.229492,5.917969
7808,-9546.400391,-9529.208984,17.191406
7809,-11582.766602,-11509.212891,73.553711
7810,-10284.166992,-10396.815430,112.648438
7811,-11394.870117,-11408.054688,13.184570
7812,-12239.241211,-12352.259766,113.018555
7813,-11506.429688,-11510.053711,3.624023
7814,-11550.487305,-11543.610352,6.876953
7815,-11952.244141,-11948.607422,3.636719
7816,-9653.459961,-9890.935547,237.475586
7817,-10635.879883,-10406.822266,229.057617
7818,-12099.024414,-11753.283203,345.741211
7819,-10101.246094,-9797.462891,303.783203
7820,-11727.390625,-11810.768555,83.377930
7821,-11000.465820,-10936.792969,63.672852
7822,-9514.485352,-9555.883789,41.398438
7823,-10319.785156,-10328.233398,8.448242
7824,-9450.301758,-9991.273438,540.971680
7825,-10999.046875,-10969.102539,29.944336
7826,-11008.860352,-10937.661133,71.199219
7827,-11524.419922,-11544.868164,20.448242
7828,-10334.497070,-10474.750000,140.252930
7829,-10357.971680,-10598.267578,240.295898
7830,-11502.727539,-11512.309570,9.582031
7831,-10514.108398,-10532.077148,17.968750
7832,-11974.800781,-11915.641602,59.159180
7833,-9462.247070,-9587.545898,125.298828
7834,-10568.444336,-10531.998047,36.446289
7835,-11005.873047,-11001.246094,4.626953
7836,-10639.035156,-10533.133789,105.901367
7837,-10918.517578,-10970.621094,52.103516
7838,-9834.636719,-9959.829102,125.192383
7839,-10286.800781,-10371.019531,84.218750
7840,-12043.868164,-11947.122070,96.746094
7841,-10934.691406,-10971.370117,36.678711
7842,-9940.111328,-9990.677734,50.566406
7843,-11389.772461,-11406.534180,16.761719
7844,-13699.430664,-13904.753906,205.323242
7845,-11491.905273,-11708.314453,216.409180
7846,-11938.329102,-11917.109375,21.219727
7847,-11570.412109,-11543.757812,26.654297
7848,-10655.455078,-10834.211914,178.756836
7849,-12949.695312,-12925.964844,23.730469
7850,-11464.677734,-11477.049805,12.372070
7851,-9000.540039,-8452.470703,548.069336
7852,-11485.333008,-11509.050781,23.717773
7853,-12367.378906,-12456.231445,88.852539
7854,-10990.685547,-10902.678711,88.006836
7855,-12269.462891,-12385.614258,116.151367
7856,-12329.910156,-12351.893555,21.983398
7857,-10576.889648,-10443.033203,133.856445
7858,-11941.790039,-11946.933594,5.143555
7859,-12697.346680,-12894.296875,196.950195
7860,-11788.423828,-11947.950195,159.526367
7861,-11866.769531,-11844.233398,22.536133
7862,-11053.746094,-11203.771484,150.025391
7863,-12818.627930,-12925.328125,106.700195
7864,-10908.314453,-10969.648438,61.333984
7865,-12059.112305,-12030.156250,28.956055
7866,-9794.192383,-9133.012695,661.179688
7867,-11983.177734,-10350.494141,1632.683594
7868,-10397.388672,-10473.452148,76.063477
7869,-11516.564453,-11510.455078,6.109375
7870,-9068.912109,-9958.475586,889.563477
7871,-10782.275391,-9764.810547,1017.464844
7872,-11989.489258,-11913.541016,75.948242
7873,-12207.878906,-12248.867188,40.988281
7874,-11392.663086,-11341.921875,50.741211
7875,-9373.170898,-9521.299805,148.128906
7876,-10213.726562,-10430.272461,216.545898
7877,-10855.519531,-10937.760742,82.241211
7878,-9828.381836,-9496.333008,332.048828
7879,-10868.642578,-10934.958984,66.316406
7880,-12456.332031,-12419.370117,36.961914
7881,-12728.444336,-12861.662109,133.217773
7882,-12023.457031,-11980.154297,43.302734
7883,-11857.529297,-11948.869141,91.339844
7884,-11570.185547,-11510.872070,59.313477
7885,-10565.109375,-10499.449219,65.660156
7886,-12046.867188,-11915.296875,131.570312
7887,-11016.126953,-11001.387695,14.739258
7888,-12467.317383,-12486.330078,19.012695
7889,-12822.255859,-12926.109375,103.853516
7890,-10838.770508,-11174.404297,335.633789
7891,-12724.365234,-12926.463867,202.098633
7892,-10078.240234,-10361.757812,283.517578
7893,-10701.929688,-10531.090820,170.838867
7894,-12846.824219,-12959.488281,112.664062
7895,-9505.425781,-9589.139648,83.713867
7896,-11596.308594,-11576.232422,20.076172
7897,-10224.826172,-10430.394531,205.568359
7898,-11956.370117,-11980.308594,23.938477
7899,-12006.043945,-11980.703125,25.340820
7900,-9017.398438,-8988.257812,29.140625
7901,-12344.489258,-12423.873047,79.383789
7902,-10561.444336,-10498.165039,63.279297
7903,-12004.916992,-11979.537109,25.379883
7904,-10897.568359,-10878.970703,18.597656
7905,-15354.949219,-15180.596680,174.352539
7906,-10977.749023,-10935.540039,42.208984
7907,-12288.916992,-12353.083008,64.166016
7908,-10556.059570,-10533.081055,22.978516
7909,-11490.646484,-11510.214844,19.568359
7910,-11537.887695,-11543.331055,5.443359
7911,-11336.552734,-11342.291992,5.739258
7912,-10999.780273,-10936.868164,62.912109
7913,-9990.384766,-10360.482422,370.097656
7914,-11273.935547,-11337.230469,63.294922
7915,-12444.777344,-12487.158203,42.380859
7916,-11021.529297,-10970.471680,51.057617
7917,-11226.890625,-11179.983398,46.907227
7918,-11381.035156,-11373.256836,7.778320
7919,-11897.296875,-11916.083008,18.786133
7920,-10966.849609,-10969.346680,2.497070
7921,-11492.693359,-11408.478516,84.214844
7922,-9855.396484,-9864.899414,9.502930
7923,-12424.818359,-12384.617188,40.201172
7924,-11397.641602,-11341.924805,55.716797
7925,-11019.233398,-10904.997070,114.236328
7926,-9767.514648,-9990.999023,223.484375
7927,-10963.125977,-10937.048828,26.077148
7928,-12474.289062,-12349.112305,125.176758
7929,-11366.348633,-11407.734375,41.385742
7930,-9531.387695,-9620.973633,89.585938
7931,-10947.209961,-10904.858398,42.351562
7932,789.006836,-4275.330078,5064.336914
7933,-10541.516602,-10531.826172,9.690430
7934,-11352.183594,-11374.305664,22.122070
7935,-8963.696289,-8485.769531,477.926758
7936,-10955.093750,-10900.392578,54.701172
7937,-10728.211914,-10631.726562,96.485352
7938,-11423.464844,-11476.495117,53.030273
7939,-12535.209961,-12417.500000,117.709961
7940,-11353.103516,-11372.847656,19.744141
7941,-11888.368164,-11913.832031,25.463867
7942,-10944.843750,-10903.543945,41.299805
7943,-11353.514648,-11374.083984,20.569336
7944,-16017.900391,-15963.445312,54.455078
7945,-11398.307617,-11476.524414,78.216797
7946,-9411.358398,-9269.210938,142.147461
7947,-11933.922852,-11947.088867,13.166016
7948,-9884.370117,-9834.062500,50.307617
7949,-11416.941406,-11373.432617,43.508789
7950,-11780.625000,-11777.528320,3.096680
7951,-10577.045898,-10599.165039,22.119141
7952,-12799.367188,-12957.554688,158.187500
7953,-11918.677734,-11946.191406,27.513672
7954,-10622.339844,-10532.244141,90.095703
7955,-12794.372070,-12924.649414,130.277344
7956,-9333.426758,-9488.275391,154.848633
7957,-16615.863281,-16369.160156,246.703125
7958,-11525.978516,-11477.621094,48.357422
7959,-12439.243164,-12454.802734,15.559570
7960,-10797.595703,-10879.363281,81.767578
7961,-11954.164062,-11945.954102,8.209961
7962,-12381.523438,-12418.056641,36.533203
7963,-11387.231445,-11374.071289,13.160156
7964,-10985.617188,-11003.607422,17.990234
7965,-11519.537109,-11510.168945,9.368164
7966,-11711.544922,-11812.919922,101.375000
7967,-11663.438477,-11544.965820,118.472656
7968,-11384.273438,-11476.741211,92.467773
7969,-12024.320312,-11948.177734,76.142578
7970,-13388.760742,-13466.492188,77.731445
7971,-11955.167969,-11979.394531,24.226562
7972,-10977.490234,-11002.438477,24.948242
7973,-10600.538086,-10565.371094,35.166992
7974,-12477.500000,-12418.359375,59.140625
7975,-10994.693359,-10971.906250,22.787109
7976,-11987.052734,-11915.590820,71.461914
7977,-11904.318359,-11948.773438,44.455078
7978,-11511.445312,-11675.198242,163.752930
7979,-10484.225586,-10533.103516,48.877930
7980,-10299.043945,-10342.485352,43.441406
7981,-10671.882812,-10599.227539,72.655273
7982,-12622.519531,-12523.035156,99.484375
7983,-10945.648438,-10969.003906,23.355469
7984,-10931.098633,-11001.451172,70.352539
7985,-9475.433594,-9488.623047,13.189453
7986,-11914.372070,-11911.058594,3.313477
7987,-11978.173828,-11949.850586,28.323242
7988,-10895.230469,-10903.944336,8.713867
7989,-10513.441406,-10395.785156,117.656250
7990,-11840.804688,-11947.767578,106.962891
7991,-11493.002930,-11477.036133,15.966797
7992,-12690.247070,-12893.774414,203.527344
7993,-12385.257812,-12385.471680,0.213867
7994,-11104.362305,-10938.386719,165.975586
7995,-10814.781250,-10800.425781,14.355469
7996,-11551.156250,-11542.815430,8.340820
7997,-13844.455078,-13764.550781,79.904297
7998,-9913.360352,-10023.939453,110.579102
7999,-11020.010742,-10937.006836,83.003906
8000,-12031.183594,-11946.947266,84.236328
8001,-12800.689453,-12893.049805,92.360352
8002,-11385.611328,-11373.769531,11.841797
8003,-10566.663086,-10532.513672,34.149414
8004,-11381.453125,-11309.894531,71.558594
8005,-10219.795898,-9327.000000,892.795898
8006,-11865.093750,-11316.864258,548.229492
8007,-11721.614258,-11509.702148,211.912109
8008,-12600.611328,-12522.410156,78.201172
8009,-11362.099609,-11375.131836,13.032227
8010,-10601.140625,-10564.607422,36.533203
8011,-10574.158203,-10497.972656,76.185547
8012,-11369.318359,-11374.643555,5.325195
8013,-11081.278320,-11270.872070,189.593750
8014,-10990.170898,-10905.351562,84.819336
8015,-12454.294922,-12454.899414,0.604492
8016,-10924.192383,-10933.516602,9.324219
8017,-10906.850586,-10970.124023,63.273438
8018,-12416.826172,-12384.666016,32.160156
8019,-12459.451172,-12386.451172,73.000000
8020,-11869.321289,-11778.805664,90.515625
8021,-11970.620117,-11945.230469,25.389648
8022,-10945.565430,-10968.721680,23.156250
8023,-11700.446289,-11485.948242,214.498047
8024,-10997.629883,-10938.255859,59.374023
8025,-10987.108398,-10969.154297,17.954102
8026,-11349.791016,-11442.019531,92.228516
8027,-9693.142578,-8923.262695,769.879883
8028,-11641.799805,-11510.452148,131.347656
8029,-9901.436523,-9900.571289,0.865234
8030,-12897.651367,-12925.853516,28.202148
8031,-11501.079102,-11341.791016,159.288086
8032,-12791.469727,-12838.544922,47.075195
8033,-11381.443359,-11476.951172,95.507812
8034,-10820.110352,-11270.784180,450.673828
8035,-11302.220703,-11373.336914,71.116211
8036,-8711.849609,-8637.125977,74.723633
8037,-11799.199219,-11812.508789,13.309570
8038,-9414.842773,-9993.632812,578.790039
8039,-11013.592773,-11001.426758,12.166016
8040,-10490.300781,-10371.105469,119.195312
8041,-11573.545898,-11509.113281,64.432617
8042,-11833.450195,-11843.723633,10.273438
8043,-9728.161133,-9530.578125,197.583008
8044,-13391.531250,-13363.847656,27.683594
8045,-11524.718750,-11543.099609,18.380859
8046,-11979.677734,-11965.132812,14.544922
8047,-11525.381836,-11543.988281,18.606445
8048,-11506.863281,-11543.453125,36.589844
8049,-11403.749023,-11406.597656,2.848633
8050,-10575.821289,-10500.290039,75.531250
8051,-11885.901367,-11979.144531,93.243164
8052,-11650.837891,-11543.345703,107.492188
8053,-11333.222656,-11446.265625,113.042969
8054,-11217.172852,-11269.895508,52.722656
8055,-11604.313477,-11576.195312,28.118164
8056,-11520.094727,-11476.887695,43.207031
8057,-11765.814453,-11915.072266,149.257812
8058,-11980.498047,-11754.088867,226.409180
8059,-10407.744141,-10475.185547,67.441406
8060,-11898.915039,-11915.304688,16.389648
8061,-9831.488281,-9529.258789,302.229492
8062,-12501.086914,-12554.673828,53.586914
8063,-9990.683594,-9992.707031,2.023438
8064,-12004.838867,-11947.875977,56.962891
8065,-12412.845703,-12521.896484,109.050781
8066,-11613.171875,-11576.463867,36.708008
8067,-9986.489258,-9956.734375,29.754883
8068,-9358.123047,-9925.177734,567.054688
8069,-10974.429688,-10873.305664,101.124023
8070,-10566.406250,-10531.902344,34.503906
8071,-11065.571289,-10968.449219,97.122070
8072,-11116.376953,-10971.414062,144.962891
8073,-11772.897461,-11778.749023,5.851562
8074,-10567.306641,-10499.607422,67.699219
8075,-10929.480469,-10969.764648,40.284180
8076,-11738.874023,-11452.553711,286.320312
8077,-12427.839844,-12489.032227,61.192383
8078,-11409.808594,-11510.309570,100.500977
8079,-9838.898438,-9901.586914,62.688477
8080,-11936.495117,-11946.829102,10.333984
8081,-12472.078125,-12486.942383,14.864258
8082,-11984.984375,-11948.916992,36.067383
8083,-9982.177734,-9327.441406,654.736328
8084,-4921.115234,-8518.519531,3597.404297
8085,-12389.915039,-12488.827148,98.912109
8086,-11857.206055,-11882.486328,25.280273
8087,-10325.445312,-10306.469727,18.975586
8088,-11602.476562,-11543.806641,58.669922
8089,-9530.853516,-9925.170898,394.317383
8090,-10926.284180,-10936.565430,10.281250
8091,-11864.658203,-11914.269531,49.611328
8092,-10612.448242,-10533.139648,79.308594
8093,-9080.355469,-9488.111328,407.755859
8094,-11466.478516,-11593.578125,127.099609
8095,-12679.014648,-12823.968750,144.954102
8096,-10603.097656,-10533.327148,69.770508
8097,-11641.579102,-11484.319336,157.259766
8098,-10566.867188,-10532.090820,34.776367
8099,-12035.888672,-11915.052734,120.835938
8100,-11387.045898,-11376.165039,10.880859
8101,-10986.324219,-10933.596680,52.727539
8102,-11972.554688,-12014.126953,41.572266
8103,-12547.039062,-12489.031250,58.007812
8104,-11979.137695,-11948.427734,30.709961
8105,-10922.878906,-10935.600586,12.721680
8106,-10518.832031,-10246.154297,272.677734
8107,-10203.911133,-10395.031250,191.120117
8108,-10184.989258,-10305.062500,120.073242
8109,-12359.164062,-12353.535156,5.628906
8110,-12180.189453,-11946.813477,233.375977
8111,-11975.139648,-11980.066406,4.926758
8112,-10586.461914,-10834.238281,247.776367
8113,-10322.570312,-10440.491211,117.920898
8114,-12523.386719,-12683.526367,160.139648
8115,-10893.195312,-10911.797852,18.602539
8116,-11509.731445,-11478.127930,31.603516
8117,-10582.382812,-10565.170898,17.211914
8118,-9904.698242,-9867.911133,36.787109
8119,-11836.132812,-11849.356445,13.223633
8120,-12046.015625,-12012.621094,33.394531
8121,-11946.514648,-11752.839844,193.674805
8122,-11604.853516,-11543.643555,61.209961
8123,-12009.823242,-11980.953125,28.870117
8124,-9176.232422,-9555.684570,379.452148
8125,-10901.562500,-10879.732422,21.830078
8126,-11504.000977,-11509.726562,5.725586
8127,-10556.283203,-10530.195312,26.087891
8128,-11596.234375,-11543.099609,53.134766
8129,-12493.533203,-12487.674805,5.858398
8130,-12417.353516,-12488.652344,71.298828
8131,-12620.970703,-12456.073242,164.897461
8132,-10619.661133,-10565.941406,53.719727
8133,-11619.968750,-11544.621094,75.347656
8134,-11037.217773,-10903.895508,133.322266
8135,-10377.277344,-10473.493164,96.215820
8136,-9310.708984,-8452.049805,858.659180
8137,-11434.076172,-11339.960938,94.115234
8138,-10562.547852,-10531.115234,31.432617
8139,-11384.649414,-11408.412109,23.762695
8140,-10977.516602,-10937.253906,40.262695
8141,-10068.619141,-9901.131836,167.487305
8142,-11134.212891,-11270.067383,135.854492
8143,-9937.390625,-10395.914062,458.523438
8144,-11065.512695,-10971.490234,94.022461
8145,-10967.597656,-10970.791992,3.194336
8146,-10972.740234,-10970.568359,2.171875
8147,-11114.950195,-11407.214844,292.264648
8148,-12063.344727,-11719.041992,344.302734
8149,-11765.352539,-11916.067383,150.714844
8150,-11532.163086,-11508.912109,23.250977
8151,-10991.697266,-10879.550781,112.146484
8152,-11203.419922,-11406.597656,203.177734
8153,-12860.738281,-12958.988281,98.250000
8154,-11993.122070,-11916.220703,76.901367
8155,-9583.597656,-9462.976562,120.621094
8156,-10550.154297,-10799.546875,249.392578
8157,-11513.076172,-11544.047852,30.971680
8158,-11550.939453,-11510.360352,40.579102
8159,-16214.470703,-16368.759766,154.289062
8160,-10901.584961,-10870.327148,31.257812
8161,-11985.082031,-11947.803711,37.278320
8162,-10478.998047,-10506.586914,27.588867
8163,-11366.018555,-11311.091797,54.926758
8164,-13064.439453,-12822.287109,242.152344
8165,-9099.256836,-9555.283203,456.026367
8166,-11099.824219,-11003.590820,96.233398
8167,-11954.315430,-12029.978516,75.663086
8168,-12351.098633,-12419.816406,68.717773
8169,-11544.181641,-11511.357422,32.824219
8170,-11012.416992,-11003.571289,8.845703
8171,-12488.937500,-12385.279297,103.658203
8172,-11702.314453,-11577.239258,125.075195
8173,-9335.872070,-9520.688477,184.816406
8174,-11466.368164,-11476.005859,9.637695
8175,-12908.512695,-12958.719727,50.207031
8176,-10300.732422,-10473.925781,173.193359
8177,-10137.944336,-10307.547852,169.603516
8178,-12087.663086,-11949.545898,138.117188
8179,-9453.161133,-8921.861328,531.299805
8180,-12884.708984,-12855.892578,28.816406
8181,-11040.947266,-11452.157227,411.209961
8182,-12003.976562,-11980.102539,23.874023
8183,-9586.830078,-9461.702148,125.127930
8184,-11892.210938,-11916.986328,24.775391
8185,-12392.676758,-12354.203125,38.473633
8186,-12717.656250,-12822.958984,105.302734
8187,-10218.788086,-10427.134766,208.346680
8188,-11940.293945,-11915.618164,24.675781
8189,-9424.451172,-9269.893555,154.557617
8190,-10960.566406,-10904.903320,55.663086
8191,-11612.473633,-11576.192383,36.281250
8192,-10932.607422,-10905.579102,27.028320
8193,-11018.141602,-10938.066406,80.075195
8194,-11648.207031,-11576.923828,71.283203
8195,-11362.674805,-11339.080078,23.594727
8196,-11959.698242,-11948.061523,11.636719
8197,-11578.033203,-11511.943359,66.089844
8198,-9421.020508,-9588.404297,167.383789
8199,-10516.990234,-10499.988281,17.001953
8200,-12080.153320,-11979.389648,100.763672
8201,-12790.324219,-12894.118164,103.793945
8202,-11959.363281,-11980.144531,20.781250
8203,-10746.305664,-10879.359375,133.053711
8204,-11883.489258,-11947.541016,64.051758
8205,-11332.355469,-11408.146484,75.791016
8206,-11157.696289,-10938.357422,219.338867
8207,-11823.072266,-11946.799805,123.727539
8208,-10127.870117,-10396.397461,268.527344
8209,-11456.098633,-11510.656250,54.557617
8210,-11956.238281,-11946.765625,9.472656
8211,-9191.853516,-9959.460938,767.607422
8212,-12424.947266,-12384.511719,40.435547
8213,-10710.084961,-10802.681641,92.596680
8214,-11806.041992,-11776.461914,29.580078
8215,-11387.813477,-11408.278320,20.464844
8216,-13573.263672,-13549.341797,23.921875
8217,-11956.940430,-11981.430664,24.490234
8218,-12075.902344,-11949.496094,126.406250
8219,-12055.887695,-11949.866211,106.021484
8220,-9986.736328,-9932.647461,54.088867
8221,-10409.985352,-10307.327148,102.658203
8222,-10523.934570,-10531.444336,7.509766
8223,-11469.121094,-11453.901367,15.219727
8224,-12048.772461,-11075.479492,973.292969
8225,-10884.013672,-10846.286133,37.727539
8226,-10318.836914,-10428.974609,110.137695
8227,-11566.253906,-11576.320312,10.066406
8228,-11484.754883,-11542.534180,57.779297
8229,-11944.878906,-11916.867188,28.011719
8230,-11615.539062,-11444.271484,171.267578
8231,-11865.056641,-11914.566406,49.509766
8232,-11008.853516,-10968.243164,40.610352
8233,-11605.452148,-11575.967773,29.484375
8234,-11526.615234,-11343.551758,183.063477
8235,-11344.510742,-11283.834961,60.675781
8236,-9081.186523,-9554.385742,473.199219
8237,-11521.303711,-11543.832031,22.528320
8238,-10943.888672,-11002.985352,59.096680
8239,-11485.819336,-11511.683594,25.864258
8240,-12802.247070,-12926.620117,124.373047
8241,-10979.108398,-10937.459961,41.648438
8242,-10590.565430,-10500.919922,89.645508
8243,-12496.401367,-12385.283203,111.118164
8244,-10585.494141,-10533.201172,52.292969
8245,-11493.043945,-11511.535156,18.491211
8246,-11346.240234,-11374.213867,27.973633
8247,-11436.941406,-11337.082031,99.859375
8248,-11479.375000,-11510.818359,31.443359
8249,-9699.509766,-9462.515625,236.994141
8250,-11925.807617,-11981.164062,55.356445
8251,-10581.719727,-10565.951172,15.768555
8252,-11867.190430,-11947.751953,80.561523
8253,-10997.155273,-10937.125000,60.030273
8254,-12073.756836,-11720.063477,353.693359
8255,-11471.340820,-11510.860352,39.519531
8256,-10876.845703,-10879.080078,2.234375
8257,-11502.560547,-11511.302734,8.742188
8258,-11420.969727,-11509.112305,88.142578
8259,-9921.336914,-9956.495117,35.158203
8260,-11936.588867,-11915.229492,21.359375
8261,-12013.330078,-11981.403320,31.926758
8262,-11002.299805,-10938.643555,63.656250
8263,-11839.671875,-11947.972656,108.300781
8264,-10996.653320,-10971.045898,25.607422
8265,-9235.564453,-8485.367188,750.197266
8266,-12372.694336,-12385.735352,13.041016
8267,-11014.323242,-10775.784180,238.539062
8268,-10853.733398,-10912.201172,58.467773
8269,-10554.284180,-10532.877930,21.406250
8270,-10914.293945,-10936.525391,22.231445
8271,-10195.192383,-10365.491211,170.298828
8272,-9620.463867,-9529.401367,91.062500
8273,-10013.287109,-9901.856445,111.430664
8274,-11883.727539,-11914.705078,30.977539
8275,-10458.115234,-10473.336914,15.221680
8276,-10568.849609,-10534.388672,34.460938
8277,-12368.714844,-12384.144531,15.429688
8278,-18398.769531,-13356.212891,5042.556641
8279,-12526.121094,-12385.248047,140.873047
8280,-11958.378906,-11914.525391,43.853516
8281,-12512.771484,-12520.583984,7.812500
8282,-10308.554688,-10340.067383,31.512695
8283,-11588.966797,-11545.424805,43.541992
8284,-11783.490234,-11811.435547,27.945312
8285,-11031.298828,-10938.004883,93.293945
8286,-11498.599609,-11511.555664,12.956055
8287,-10019.750000,-9965.859375,53.890625
8288,-11390.646484,-11509.495117,118.848633
8289,-11578.458984,-11542.680664,35.778320
8290,-11483.286133,-11441.546875,41.739258
8291,-10610.209961,-10566.027344,44.182617
8292,-16078.291016,-15761.713867,316.577148
8293,-11123.084961,-11270.760742,147.675781
8294,-11779.707031,-11914.383789,134.676758
8295,-12356.557617,-12386.044922,29.487305
8296,-11943.169922,-11950.592773,7.422852
8297,-9953.720703,-9869.872070,83.848633
8298,-11940.624023,-11947.150391,6.526367
8299,-10629.671875,-10498.797852,130.874023
8300,-9698.066406,-9890.994141,192.927734
8301,-11936.579102,-11980.631836,44.052734
8302,-12693.421875,-12555.007812,138.414062
8303,-10107.295898,-9809.658203,297.637695
8304,-9671.859375,-9562.645508,109.213867
8305,-9824.408203,-8921.448242,902.959961
8306,-9756.987305,-9927.094727,170.107422
8307,-10258.938477,-10362.972656,104.034180
8308,-10623.974609,-10566.472656,57.501953
8309,-11828.634766,-11744.338867,84.295898
8310,-12796.514648,-12926.215820,129.701172
8311,-12485.652344,-12489.172852,3.520508
8312,-10950.802734,-11003.777344,52.974609
8313,-12891.762695,-12894.256836,2.494141
8314,-11795.916016,-11913.519531,117.603516
8315,-12889.609375,-12925.439453,35.830078
8316,-9169.879883,-9554.107422,384.227539
8317,-12892.982422,-13007.465820,114.483398
8318,-13311.002930,-13228.670898,82.332031
8319,-9179.595703,-9554.481445,374.885742
8320,-10364.976562,-10533.125000,168.148438
8321,-14488.544922,-14516.166016,27.621094
8322,-11442.484375,-11407.305664,35.178711
8323,-10492.400391,-10465.333984,27.066406
8324,-8883.187500,-9521.197266,638.009766
8325,-9935.043945,-9903.081055,31.962891
8326,-11610.248047,-11510.023438,100.224609
8327,-11471.729492,-11476.754883,5.025391
8328,-10994.914062,-10905.436523,89.477539
8329,-10905.389648,-10969.088867,63.699219
8330,-10361.287109,-10372.579102,11.291992
8331,-10976.394531,-10970.851562,5.542969
8332,-12508.464844,-12351.716797,156.748047
8333,-11519.525391,-11509.879883,9.645508
8334,-11627.141602,-11349.339844,277.801758
8335,-9473.236328,-9429.752930,43.483398
8336,-10380.640625,-10336.437500,44.203125
8337,-11405.085938,-11179.326172,225.759766
8338,-12455.569336,-12521.187500,65.618164
8339,-13231.835938,-13499.000977,267.165039
8340,-9726.046875,-9924.243164,198.196289
8341,-11295.164062,-11707.341797,412.177734
8342,-10535.536133,-10466.426758,69.109375
8343,-11799.969727,-11876.542969,76.573242
8344,-12470.899414,-12521.201172,50.301758
8345,-10607.189453,-10834.032227,226.842773
8346,-10967.925781,-11001.890625,33.964844
8347,-10922.364258,-10911.299805,11.064453
8348,-12046.863281,-11981.163086,65.700195
8349,-8585.744141,-9164.949219,579.205078
8350,-12813.379883,-12926.217773,112.837891
8351,-12443.146484,-12488.236328,45.089844
8352,-12432.498047,-12287.675781,144.822266
8353,-12382.691406,-12385.682617,2.991211
8354,-11528.234375,-11511.751953,16.482422
8355,-12713.052734,-12787.571289,74.518555
8356,-12273.658203,-12250.229492,23.428711
8357,-10836.037109,-10877.754883,41.717773
8358,-10563.984375,-10499.044922,64.939453
8359,-9352.337891,-7821.665527,1530.672363
8360,-11903.157227,-11946.026367,42.869141
8361,-7850.544922,-7762.767578,87.777344
8362,-11083.451172,-10938.336914,145.114258
8363,-11499.371094,-11440.538086,58.833008
8364,-11910.239258,-11948.291016,38.051758
8365,-10984.963867,-10938.838867,46.125000
8366,-11562.028320,-11509.429688,52.598633
8367,-12444.485352,-12487.923828,43.438477
8368,-10561.265625,-10532.980469,28.285156
8369,-12422.110352,-12521.503906,99.393555
8370,-13286.371094,-13364.192383,77.821289
8371,-9775.955078,-9900.378906,124.423828
8372,-10960.801758,-10969.859375,9.057617
8373,-11817.228516,-11848.789062,31.560547
8374,-11911.958008,-11882.185547,29.772461
8375,-10942.654297,-10968.705078,26.050781
8376,-10600.499023,-10531.947266,68.551758
8377,-11582.610352,-11543.732422,38.877930
8378,-10581.973633,-10566.438477,15.535156
8379,-11460.286133,-11442.953125,17.333008
8380,-9267.389648,-7854.524902,1412.864746
8381,-10995.745117,-11001.972656,6.227539
8382,-11393.841797,-11374.237305,19.604492
8383,-9389.077148,-9429.281250,40.204102
8384,-10551.767578,-10532.277344,19.490234
8385,-11055.005859,-11034.958984,20.046875
8386,-11005.817383,-10938.409180,67.408203
8387,-10475.027344,-10532.416016,57.388672
8388,-10974.294922,-10969.805664,4.489258
8389,-11734.004883,-11812.076172,78.071289
8390,-10622.411133,-10565.155273,57.255859
8391,-11581.386719,-11485.055664,96.331055
8392,-11481.272461,-11439.975586,41.296875
8393,-9775.444336,-9471.196289,304.248047
8394,-9688.302734,-9924.906250,236.603516
8395,-10678.026367,-10598.409180,79.617188
8396,-12136.698242,-11980.265625,156.432617
8397,-12179.183594,-11981.025391,198.158203
8398,-11988.369141,-11949.470703,38.898438
8399,-11995.590820,-11982.287109,13.303711
8400,-10710.361328,-10870.234375,159.873047
8401,-9218.482422,-8452.250000,766.232422
8402,-10634.845703,-10533.005859,101.839844
8403,-10948.883789,-10968.293945,19.410156
8404,-11940.028320,-11946.147461,6.119141
8405,-9310.943359,-9554.276367,243.333008
8406,-12871.250000,-12992.013672,120.763672
8407,-11914.349609,-11916.061523,1.711914
8408,-11523.051758,-11477.500000,45.551758
8409,-11516.583984,-11510.585938,5.998047
8410,-10119.566406,-10234.262695,114.696289
8411,-11505.781250,-11512.306641,6.525391
8412,-12395.738281,-12383.916016,11.822266
8413,-12044.399414,-11916.666016,127.733398
8414,-10948.165039,-10970.473633,22.308594
8415,-11457.732422,-11372.250000,85.482422
8416,-10594.373047,-10565.076172,29.296875
8417,-10920.160156,-10872.935547,47.224609
8418,-10465.742188,-10801.514648,335.772461
8419,-10462.439453,-10774.982422,312.542969
8420,-9067.304688,-8921.731445,145.573242
8421,-12001.086914,-11979.548828,21.538086
8422,-11346.157227,-11310.315430,35.841797
8423,-11558.043945,-11510.909180,47.134766
8424,-12439.495117,-12520.916016,81.420898
8425,-9967.005859,-10296.545898,329.540039
8426,-11436.904297,-11408.026367,28.877930
8427,-9819.602539,-8857.503906,962.098633
8428,-9324.871094,-9602.207031,277.335938
8429,-12455.324219,-12489.842773,34.518555
8430,-10623.164062,-10566.150391,57.013672
8431,-9658.250977,-9991.628906,333.377930
8432,-12453.733398,-12554.648438,100.915039
8433,-11939.207031,-11948.123047,8.916016
8434,-11067.774414,-11004.018555,63.755859
8435,-10358.214844,-10473.653320,115.438477
8436,-12034.651367,-12030.245117,4.406250
8437,-10669.889648,-10565.487305,104.402344
8438,-9440.966797,-9554.703125,113.736328
8439,-11972.620117,-11913.087891,59.532227
8440,-10547.757812,-10598.279297,50.521484
8441,-10023.015625,-9965.542969,57.472656
8442,-10549.061523,-10532.069336,16.992188
8443,-10646.515625,-10500.180664,146.334961
8444,-10709.149414,-10829.459961,120.310547
8445,-11078.056641,-10936.997070,141.059570
8446,-12455.955078,-12487.523438,31.568359
8447,-11918.220703,-11912.948242,5.272461
8448,-10271.680664,-10834.302734,562.622070
8449,-11687.478516,-11510.859375,176.619141
8450,-12027.917969,-12013.068359,14.849609
8451,-10547.079102,-10500.298828,46.780273
8452,-10528.493164,-10499.939453,28.553711
8453,-12468.642578,-12466.475586,2.166992
8454,-9841.282227,-9869.030273,27.748047
8455,-12402.892578,-12352.100586,50.791992
8456,-11872.792969,-11914.337891,41.544922
8457,-12443.493164,-12454.754883,11.261719
8458,-11828.619141,-11779.117188,49.501953
8459,-11968.733398,-11915.464844,53.268555
8460,-9655.900391,-8890.411133,765.489258
8461,-10566.076172,-10566.562500,0.486328
8462,-10134.708008,-9901.343750,233.364258
8463,-12444.779297,-12384.160156,60.619141
8464,-10957.492188,-10969.778320,12.286133
8465,-13505.811523,-13499.157227,6.654297
8466,-12004.541016,-12014.458984,9.917969
8467,-10913.728516,-10970.488281,56.759766
8468,-9778.546875,-9296.715820,481.831055
8469,-12423.859375,-12352.800781,71.058594
8470,-9621.300781,-8888.641602,732.659180
8471,-11927.416992,-11915.578125,11.838867
8472,-12059.661133,-11949.432617,110.228516
8473,-12414.062500,-12487.916992,73.854492
8474,-12721.564453,-12925.600586,204.036133
8475,-8539.337891,-8393.903320,145.434570
8476,-10330.319336,-9733.494141,596.825195
8477,-10601.056641,-10497.434570,103.622070
8478,-11271.597656,-11406.553711,134.956055
8479,-9850.638672,-9957.276367,106.637695
8480,-12427.009766,-12385.198242,41.811523
8481,-12429.873047,-12486.831055,56.958008
8482,-11367.833008,-11374.061523,6.228516
8483,-10965.213867,-10905.251953,59.961914
8484,-10426.560547,-10440.953125,14.392578
8485,-10688.472656,-10598.446289,90.026367
8486,-12498.534180,-12353.335938,145.198242
8487,-12534.907227,-12418.000977,116.906250
8488,-10943.920898,-10936.107422,7.813477
8489,-10983.170898,-11004.042969,20.872070
8490,-8966.858398,-8833.528320,133.330078
8491,-10788.278320,-10969.434570,181.156250
8492,-12479.888672,-12488.633789,8.745117
8493,-9837.969727,-9957.892578,119.922852
8494,-11274.062500,-11439.617188,165.554688
8495,-12018.853516,-12013.617188,5.236328
8496,-11152.979492,-10878.214844,274.764648
8497,-9607.121094,-9495.230469,111.890625
8498,-13218.724609,-13332.369141,113.644531
8499,-9774.515625,-9496.280273,278.235352
8500,-10345.119141,-10339.352539,5.766602
8501,-11806.673828,-11844.325195,37.651367
8502,-11697.497070,-11544.291016,153.206055
8503,-11564.463867,-11576.187500,11.723633
8504,-8447.412109,-8227.469727,219.942383
8505,-11387.521484,-11479.034180,91.512695
8506,-10978.788086,-10937.462891,41.325195
8507,-11476.142578,-11478.710938,2.568359
8508,-10588.304688,-10533.954102,54.350586
8509,-12858.721680,-13007.605469,148.883789
8510,-10612.895508,-10532.846680,80.048828
8511,-11930.128906,-11947.977539,17.848633
8512,-12424.959961,-12352.760742,72.199219
8513,-9915.370117,-9866.823242,48.546875
8514,-9845.286133,-9934.596680,89.310547
8515,-12233.729492,-12247.918945,14.189453
8516,-10329.144531,-10599.694336,270.549805
8517,-10325.155273,-9719.137695,606.017578
8518,-11760.260742,-11884.449219,124.188477
8519,-11575.037109,-11543.796875,31.240234
8520,-10368.718750,-10397.961914,29.243164
8521,-11425.201172,-11478.187500,52.986328
8522,-9122.289062,-8485.487305,636.801758
8523,-10611.094727,-10532.838867,78.255859
8524,-9241.733398,-9555.040039,313.306641
8525,-10020.187500,-9530.220703,489.966797
8526,-9784.451172,-9959.721680,175.270508
8527,-11546.226562,-11544.768555,1.458008
8528,-12943.694336,-12958.580078,14.885742
8529,-12507.577148,-12521.403320,13.826172
8530,-11016.315430,-10838.738281,177.577148
8531,-12377.748047,-12385.388672,7.640625
8532,-10977.348633,-10937.733398,39.615234
8533,-11932.566406,-11947.519531,14.953125
8534,-11310.510742,-11375.473633,64.962891
8535,-12479.134766,-12520.523438,41.388672
8536,-11802.958008,-11780.094727,22.863281
8537,-9315.459961,-9555.766602,240.306641
8538,-11387.552734,-11406.658203,19.105469
8539,-10625.806641,-10565.625000,60.181641
8540,-11550.510742,-11509.219727,41.291016
8541,-11630.267578,-11844.240234,213.972656
8542,-11006.005859,-10901.466797,104.539062
8543,-10543.868164,-10499.508789,44.359375
8544,-11391.089844,-11373.628906,17.460938
8545,-10943.549805,-10936.999023,6.550781
8546,-9872.956055,-9957.489258,84.533203
8547,-10594.778320,-10533.341797,61.436523
8548,-10593.919922,-10531.628906,62.291016
8549,-11438.487305,-11444.866211,6.378906
8550,-11716.951172,-11517.924805,199.026367
8551,-10419.480469,-10462.364258,42.883789
8552,-10539.046875,-10566.059570,27.012695
8553,-11773.776367,-11811.310547,37.534180
8554,-12949.606445,-12895.764648,53.841797
8555,-11039.277344,-10935.807617,103.469727
8556,-11505.945312,-11509.707031,3.761719
8557,-10787.500977,-10837.615234,50.114258
8558,-11454.811523,-11479.875000,25.063477
8559,-11456.025391,-11477.663086,21.637695
8560,-11899.326172,-11980.982422,81.656250
8561,-10586.917969,-10532.072266,54.845703
8562,-12881.857422,-12959.793945,77.936523
8563,-10603.256836,-10498.961914,104.294922
8564,-12437.731445,-12320.375977,117.355469
8565,-10796.375977,-10880.181641,83.805664
8566,-10843.603516,-10936.276367,92.672852
8567,-10408.634766,-10396.121094,12.513672
8568,-11369.050781,-11340.993164,28.057617
8569,-9436.953125,-9429.762695,7.190430
8570,-10496.749023,-10498.636719,1.887695
8571,-10954.941406,-11034.909180,79.967773
8572,-11464.102539,-11675.818359,211.715820
8573,-12882.330078,-12958.086914,75.756836
8574,-11017.184570,-10933.671875,83.512695
8575,-10647.886719,-10771.002930,123.116211
8576,-10634.778320,-10473.377930,161.400391
8577,-12516.520508,-12522.282227,5.761719
8578,-10566.960938,-10532.297852,34.663086
8579,-11045.136719,-10969.497070,75.639648
8580,-11467.441406,-11479.281250,11.839844
8581,-12474.416016,-12384.318359,90.097656
8582,-9907.438477,-9990.862305,83.423828
8583,-12439.592773,-12485.049805,45.457031
8584,-12455.032227,-12553.740234,98.708008
8585,-10011.042969,-10430.084961,419.041992
8586,-10624.779297,-10498.270508,126.508789
8587,-12492.056641,-12520.486328,28.429688
8588,-10610.015625,-10533.420898,76.594727
8589,-11834.541992,-11812.955078,21.586914
8590,-10610.346680,-10533.148438,77.198242
8591,-10965.090820,-10937.730469,27.360352
8592,-10614.965820,-10534.379883,80.585938
8593,-10696.080078,-10497.548828,198.531250
8594,-10766.457031,-10800.753906,34.296875
8595,-11817.533203,-11881.948242,64.415039
8596,-10910.898438,-10969.283203,58.384766
8597,-9410.336914,-9958.077148,547.740234
8598,-12448.323242,-12521.924805,73.601562
8599,-10536.939453,-10304.196289,232.743164
8600,-12584.624023,-12489.766602,94.857422
8601,-11366.114258,-11407.853516,41.739258
8602,-10876.348633,-10878.578125,2.229492
8603,-12547.836914,-12520.842773,26.994141
8604,-12506.307617,-12519.816406,13.508789
8605,-9589.165039,-9959.660156,370.495117
8606,-12928.180664,-12925.625000,2.555664
8607,-10608.245117,-10565.747070,42.498047
8608,-10578.684570,-10534.001953,44.682617
8609,-11541.068359,-11542.773438,1.705078
8610,-11936.830078,-11948.607422,11.777344
8611,-12843.657227,-12926.518555,82.861328
8612,-10992.874023,-10969.089844,23.784180
8613,-12350.726562,-12553.958008,203.231445
8614,-12456.485352,-12385.704102,70.781250
8615,-12559.958008,-12570.707031,10.749023
8616,-9310.857422,-9587.632812,276.775391
8617,-9492.584961,-9430.014648,62.570312
8618,-10233.357422,-9733.314453,500.042969
8619,-12407.059570,-12489.737305,82.677734
8620,-11647.460938,-11510.909180,136.551758
8621,-10820.802734,-10968.843750,148.041016
8622,-11436.313477,-11407.905273,28.408203
8623,-10565.673828,-10532.771484,32.902344
8624,-13577.888672,-13468.294922,109.593750
8625,-11542.995117,-11510.164062,32.831055
8626,-12875.625000,-12894.212891,18.587891
8627,-10864.587891,-10868.502930,3.915039
8628,-10381.166016,-10598.442383,217.276367
8629,-12112.144531,-11915.700195,196.444336
8630,-11915.120117,-11946.541992,31.421875
8631,-11302.954102,-11376.051758,73.097656
8632,-10944.759766,-11001.690430,56.930664
8633,-11044.901367,-10933.848633,111.052734
8634,-11380.968750,-11342.352539,38.616211
8635,-11927.823242,-11948.639648,20.816406
8636,-8967.994141,-8897.344727,70.649414
8637,-10697.153320,-10564.485352,132.667969
8638,-12438.831055,-12419.101562,19.729492
8639,-11446.091797,-11477.949219,31.857422
8640,-10936.535156,-10968.003906,31.468750
8641,-10901.491211,-10775.334961,126.156250
8642,-12223.824219,-12319.179688,95.355469
8643,-10365.454102,-10800.923828,435.469727
8644,-11834.806641,-11844.144531,9.337891
8645,-12341.246094,-12318.747070,22.499023
8646,-11498.777344,-11510.424805,11.647461
8647,-10967.361328,-10970.026367,2.665039
8648,-11746.077148,-11778.188477,32.111328
8649,-11104.262695,-10848.038086,256.224609
8650,-12879.142578,-12823.229492,55.913086
8651,-7475.919434,-8452.017578,976.098145
8652,-11400.028320,-11510.586914,110.558594
8653,-10259.433594,-10832.045898,572.612305
8654,-10473.860352,-10533.454102,59.593750
8655,-12881.294922,-12927.335938,46.041016
8656,-10743.708008,-10768.458008,24.750000
8657,-9764.681641,-9957.760742,193.079102
8658,-10426.932617,-10472.763672,45.831055
8659,-10644.739258,-10532.920898,111.818359
8660,-11042.456055,-10933.777344,108.678711
8661,-12246.470703,-12487.662109,241.191406
8662,-11524.493164,-11511.259766,13.233398
8663,-10943.634766,-10903.555664,40.079102
8664,-11011.770508,-10906.688477,105.082031
8665,-8604.267578,-8394.903320,209.364258
8666,-10940.531250,-10905.337891,35.193359
8667,-11541.205078,-11452.236328,88.968750
8668,-9968.740234,-9371.776367,596.963867
8669,-11922.260742,-11915.526367,6.734375
8670,-10630.619141,-9731.169922,899.449219
8671,-11934.883789,-11947.909180,13.025391
8672,-10577.825195,-10507.411133,70.414062
8673,-11265.610352,-11406.569336,140.958984
8674,-10638.334961,-10566.397461,71.937500
8675,-11589.907227,-11511.395508,78.511719
8676,-10665.623047,-10879.759766,214.136719
8677,-11621.854492,-11543.310547,78.543945
8678,-11457.242188,-11478.736328,21.494141
8679,-11493.676758,-11316.525391,177.151367
8680,-10959.808594,-11036.345703,76.537109
8681,-10555.291992,-10533.751953,21.540039
8682,-10930.047852,-10903.500000,26.547852
8683,-9691.111328,-9956.568359,265.457031
8684,-10563.538086,-10370.953125,192.584961
8685,-10987.585938,-10902.262695,85.323242
8686,-10608.539062,-10532.947266,75.591797
8687,-11498.712891,-11510.298828,11.585938
8688,-11120.849609,-10170.488281,950.361328
8689,-13227.506836,-13363.984375,136.477539
8690,-12062.479492,-11980.181641,82.297852
8691,-11354.888672,-11339.430664,15.458008
8692,-9183.719727,-9521.251953,337.532227
8693,-11729.748047,-11843.971680,114.223633
8694,-11383.683594,-11342.929688,40.753906
8695,-10570.533203,-10533.527344,37.005859
8696,-11882.016602,-11948.365234,66.348633
8697,-10388.801758,-10506.920898,118.119141
8698,-10903.416016,-10936.649414,33.233398
8699,-11355.532227,-11372.997070,17.464844
8700,-9600.489258,-9497.106445,103.382812
8701,-10572.844727,-10533.621094,39.223633
8702,-8471.135742,-9588.704102,1117.568359
8703,-10329.039062,-10396.121094,67.082031
8704,-11016.408203,-11001.721680,14.686523
8705,-11660.618164,-11810.318359,149.700195
8706,-10551.359375,-10565.951172,14.591797
8707,-11960.199219,-11945.987305,14.211914
8708,-9379.333984,-9520.109375,140.775391
8709,-10916.651367,-11003.522461,86.871094
8710,-11339.921875,-11444.895508,104.973633
8711,-9451.142578,-9529.950195,78.807617
8712,-11445.320312,-11510.751953,65.431641
8713,-11571.569336,-11543.158203,28.411133
8714,-11897.344727,-11779.384766,117.959961
8715,-12283.199219,-11754.028320,529.170898
8716,-11370.219727,-11374.231445,4.011719
8717,-12047.873047,-11948.618164,99.254883
8718,-10951.026367,-11001.713867,50.687500
8719,-9581.266602,-9497.291992,83.974609
8720,-11540.152344,-11542.546875,2.394531
8721,-11393.889648,-11342.606445,51.283203
8722,-9784.335938,-9967.926758,183.590820
8723,-9590.564453,-10025.921875,435.357422
8724,-12025.564453,-11979.439453,46.125000
8725,-9868.570312,-9900.551758,31.981445
8726,-12386.047852,-12454.708008,68.660156
8727,-10909.217773,-10969.769531,60.551758
8728,-12327.871094,-12288.933594,38.937500
8729,-9521.789062,-9529.041992,7.252930
8730,-10841.070312,-10904.660156,63.589844
8731,-10527.353516,-10500.116211,27.237305
8732,-11907.238281,-11812.146484,95.091797
8733,-12021.733398,-12012.872070,8.861328
8734,-11867.625977,-11949.080078,81.454102
8735,-13017.458984,-12975.266602,42.192383
8736,-11429.446289,-11375.238281,54.208008
8737,-9585.105469,-8856.572266,728.533203
8738,-12111.524414,-11947.570312,163.954102
8739,-10647.318359,-10566.671875,80.646484
8740,-11565.081055,-11544.403320,20.677734
8741,-5745.365723,-8552.835938,2807.470215
8742,-12884.056641,-12926.159180,42.102539
8743,-11563.107422,-11543.052734,20.054688
8744,-12785.723633,-12925.244141,139.520508
8745,-10971.581055,-10970.620117,0.960938
8746,-10608.936523,-10802.438477,193.501953
8747,-11632.049805,-11609.333984,22.715820
8748,-11966.280273,-11946.321289,19.958984
8749,-11848.602539,-11978.778320,130.175781
8750,-11614.913086,-11544.133789,70.779297
8751,-9456.619141,-9463.979492,7.360352
8752,-11945.094727,-11981.578125,36.483398
8753,-10620.355469,-10565.423828,54.931641
8754,-9564.957031,-7854.758301,1710.198730
8755,-10620.535156,-10497.979492,122.555664
8756,-12589.171875,-12490.010742,99.161133
8757,-12894.277344,-12895.294922,1.017578
8758,-10562.830078,-10497.730469,65.099609
8759,-11646.708008,-11575.729492,70.978516
8760,-15371.343750,-15357.625000,13.718750
8761,-10678.650391,-10833.349609,154.699219
8762,-10620.339844,-10565.993164,54.346680
8763,-9463.944336,-9956.721680,492.777344
8764,-12456.783203,-12386.600586,70.182617
8765,-10658.698242,-10866.117188,207.418945
8766,-12178.656250,-11936.508789,242.147461
8767,-10542.954102,-10533.682617,9.271484
8768,-12358.399414,-12319.556641,38.842773
8769,-10640.281250,-10533.576172,106.705078
8770,-12380.100586,-12385.082031,4.981445
8771,-9966.607422,-10364.271484,397.664062
8772,-10934.394531,-10934.181641,0.212891
8773,-12425.824219,-12488.550781,62.726562
8774,-11967.302734,-11915.588867,51.713867
8775,-11439.875977,-11343.684570,96.191406
8776,-11097.600586,-10881.604492,215.996094
8777,-10892.050781,-10936.611328,44.560547
8778,-10569.124023,-10535.067383,34.056641
8779,-10553.971680,-10433.507812,120.463867
8780,-12816.609375,-12893.718750,77.109375
8781,-10512.394531,-10506.417969,5.976562
8782,-10861.757812,-10637.716797,224.041016
8783,-10952.241211,-10936.172852,16.068359
8784,-12970.682617,-12914.573242,56.109375
8785,-11960.674805,-11945.876953,14.797852
8786,-11834.662109,-11915.108398,80.446289
8787,-11478.800781,-11508.569336,29.768555
8788,-10255.872070,-10328.539062,72.666992
8789,-12465.218750,-12520.292969,55.074219
8790,-11544.904297,-11575.819336,30.915039
8791,-11152.280273,-10911.875000,240.405273
8792,-11856.884766,-11913.396484,56.511719
8793,-11882.077148,-11844.191406,37.885742
8794,-11161.870117,-11205.154297,43.284180
8795,-10460.473633,-10475.706055,15.232422
8796,-11956.546875,-11914.550781,41.996094
8797,-9748.263672,-9868.747070,120.483398
8798,-9454.685547,-9553.476562,98.791016
8799,-11906.747070,-11947.671875,40.924805
8800,-11556.661133,-11479.066406,77.594727
8801,-11552.079102,-11543.185547,8.893555
8802,-11864.353516,-11915.226562,50.873047
8803,-11296.663086,-11443.129883,146.466797
8804,-11048.118164,-10969.542969,78.575195
8805,-12311.003906,-12247.647461,63.356445
8806,-10497.461914,-10465.489258,31.972656
8807,-10224.237305,-10362.847656,138.610352
8808,-11397.691406,-11373.250977,24.440430
8809,-12353.025391,-12354.867188,1.841797
8810,-10975.712891,-10938.224609,37.488281
8811,-10398.438477,-10274.405273,124.033203
8812,-12352.011719,-12385.052734,33.041016
8813,-10927.557617,-10938.699219,11.141602
8814,-11468.854492,-11511.492188,42.637695
8815,-10559.344727,-10531.423828,27.920898
8816,-10590.880859,-10532.964844,57.916016
8817,-10374.196289,-10801.390625,427.194336
8818,-10922.464844,-10968.526367,46.061523
8819,-10554.328125,-10533.441406,20.886719
8820,-11553.470703,-11510.217773,43.252930
8821,-11406.373047,-11406.102539,0.270508
8822,-9934.815430,-9933.267578,1.547852
8823,-10311.445312,-10395.058594,83.613281
8824,-9646.489258,-9926.404297,279.915039
8825,-11345.170898,-11376.858398,31.687500
8826,-12784.389648,-12791.385742,6.996094
8827,-11444.784180,-11405.492188,39.291992
8828,-11499.657227,-11408.383789,91.273438
8829,-11878.194336,-11879.996094,1.801758
8830,-10591.744141,-10533.118164,58.625977
8831,-10581.697266,-10533.459961,48.237305
8832,-11950.752930,-11980.129883,29.376953
8833,-12437.393555,-12522.895508,85.501953
8834,-12009.108398,-11915.617188,93.491211
8835,-10264.485352,-10440.649414,176.164062
8836,-9479.739258,-9497.228516,17.489258
8837,-12398.291992,-12488.925781,90.633789
8838,-10199.910156,-10395.108398,195.198242
8839,-4233.451660,-8954.733398,4721.281738
8840,-11560.759766,-11542.945312,17.814453
8841,-10404.752930,-10798.690430,393.937500
8842,-9844.103516,-9923.987305,79.883789
8843,-12331.197266,-12417.460938,86.263672
8844,-10352.878906,-10474.514648,121.635742
8845,-11523.974609,-11543.732422,19.757812
8846,-12886.470703,-12893.747070,7.276367
8847,-11602.571289,-11511.239258,91.332031
8848,-9905.582031,-9901.312500,4.269531
8849,-11462.393555,-11511.168945,48.775391
8850,-10222.166992,-10441.020508,218.853516
8851,-11592.742188,-11576.917969,15.824219
8852,-10427.648438,-10564.245117,136.596680
8853,-11739.491211,-11810.278320,70.787109
8854,-11015.824219,-10938.871094,76.953125
8855,-11407.706055,-11373.548828,34.157227
8856,-10574.288086,-10531.838867,42.449219
8857,-10984.020508,-10936.554688,47.465820
8858,-10570.983398,-10533.028320,37.955078
8859,-10015.749023,-9992.274414,23.474609
8860,-12460.637695,-12522.224609,61.586914
8861,-11938.789062,-12145.327148,206.538086
8862,-9853.341797,-9933.681641,80.339844
8863,-10372.013672,-10333.572266,38.441406
8864,-9540.938477,-9529.339844,11.598633
8865,-12882.021484,-12894.834961,12.813477
8866,-11641.666992,-11543.684570,97.982422
8867,-10958.768555,-10969.735352,10.966797
8868,-11837.268555,-11811.700195,25.568359
8869,-11558.278320,-11543.502930,14.775391
8870,-9667.146484,-9529.241211,137.905273
8871,-10565.662109,-10532.620117,33.041992
8872,-10374.109375,-10800.671875,426.562500
8873,-10916.976562,-11000.702148,83.725586
8874,-10984.934570,-10944.329102,40.605469
8875,-11576.527344,-11542.190430,34.336914
8876,-11377.192383,-11374.857422,2.334961
8877,-11574.874023,-11452.661133,122.212891
8878,-10989.380859,-10936.489258,52.891602
8879,-10981.408203,-10969.787109,11.621094
8880,-11982.311523,-11948.563477,33.748047
8881,-10685.207031,-10598.463867,86.743164
8882,-11704.872070,-11746.616211,41.744141
8883,-11866.683594,-11883.688477,17.004883
8884,-11597.153320,-11543.598633,53.554688
8885,-11542.570312,-11542.756836,0.186523
8886,-10896.106445,-10968.273438,72.166992
8887,-10513.786133,-10466.646484,47.139648
8888,-12551.220703,-12522.413086,28.807617
8889,-11403.678711,-11408.118164,4.439453
8890,-9651.805664,-9463.107422,188.698242
8891,-11878.773438,-11979.438477,100.665039
8892,-12427.608398,-12456.413086,28.804688
8893,-12997.867188,-12926.188477,71.678711
8894,-11529.583984,-11543.611328,14.027344
8895,-11582.695312,-11575.710938,6.984375
8896,-10563.773438,-10531.830078,31.943359
8897,-10578.543945,-10565.190430,13.353516
8898,-11121.842773,-10838.690430,283.152344
8899,-9456.609375,-8921.822266,534.787109
8900,-12422.690430,-12385.223633,37.466797
8901,-10589.108398,-10500.222656,88.885742
8902,-11435.104492,-11477.591797,42.487305
8903,-4647.644531,-10057.085938,5409.441406
8904,-11373.284180,-11371.181641,2.102539
8905,-11638.675781,-11576.024414,62.651367
8906,-11874.991211,-11812.508789,62.482422
8907,-10691.182617,-10539.562500,151.620117
8908,-10969.180664,-10969.591797,0.411133
8909,-9472.298828,-9525.242188,52.943359
8910,-11501.218750,-11509.609375,8.390625
8911,-11977.699219,-11912.569336,65.129883
8912,-11552.466797,-11452.553711,99.913086
8913,-11919.857422,-11981.994141,62.136719
8914,-10549.246094,-10466.711914,82.534180
8915,-11903.141602,-11947.954102,44.812500
8916,-11338.212891,-11341.377930,3.165039
8917,-12310.972656,-12417.247070,106.274414
8918,-10840.385742,-10775.523438,64.862305
8919,-11910.605469,-11948.320312,37.714844
8920,-10560.974609,-10532.552734,28.421875
8921,-10573.933594,-10565.303711,8.629883
8922,-9426.240234,-9496.399414,70.159180
8923,-10615.490234,-10534.509766,80.980469
8924,-13251.205078,-13397.246094,146.041016
8925,-10985.936523,-10970.282227,15.654297
8926,-11913.103516,-11948.772461,35.668945
8927,-11912.829102,-11913.417969,0.588867
8928,-10970.898438,-10970.752930,0.145508
8929,-12597.680664,-12351.310547,246.370117
8930,-10178.500000,-10338.117188,159.617188
8931,-10609.931641,-10533.748047,76.183594
8932,-10513.904297,-10631.271484,117.367188
8933,-9316.784180,-8453.235352,863.548828
8934,-10620.543945,-10638.763672,18.219727
8935,-10566.201172,-10565.362305,0.838867
8936,-12364.234375,-12418.384766,54.150391
8937,-9330.534180,-9588.590820,258.056641
8938,-9530.438477,-9588.961914,58.523438
8939,-11893.725586,-11915.276367,21.550781
8940,-14889.388672,-14952.400391,63.011719
8941,-11565.620117,-11508.755859,56.864258
8942,-9960.284180,-9867.995117,92.289062
8943,-9692.967773,-9496.378906,196.588867
8944,-10461.654297,-10441.040039,20.614258
8945,-12900.771484,-12959.679688,58.908203
8946,-11535.928711,-11576.978516,41.049805
8947,-12487.565430,-12520.478516,32.913086
8948,-10255.105469,-10339.774414,84.668945
8949,-12455.890625,-12384.294922,71.595703
8950,-9869.937500,-9925.424805,55.487305
8951,-10622.225586,-10566.150391,56.075195
8952,-11562.927734,-11543.554688,19.373047
8953,-12390.490234,-12457.786133,67.295898
8954,-9697.372070,-9958.376953,261.004883
8955,-9990.332031,-9868.202148,122.129883
8956,-11946.560547,-11945.930664,0.629883
8957,-11366.197266,-11343.096680,23.100586
8958,-11608.015625,-11517.940430,90.075195
8959,-9479.899414,-9497.093750,17.194336
8960,-11792.239258,-11811.406250,19.166992
8961,-9470.766602,-9924.595703,453.829102
8962,-10486.662109,-10799.436523,312.774414
8963,-10660.720703,-10770.354492,109.633789
8964,-11323.918945,-11408.297852,84.378906
8965,-10197.611328,-10332.303711,134.692383
8966,-9914.278320,-9989.993164,75.714844
8967,-10996.356445,-10934.661133,61.695312
8968,-12940.499023,-12958.817383,18.318359
8969,-10626.985352,-10533.189453,93.795898
8970,-11446.469727,-11375.344727,71.125000
8971,-12133.705078,-11948.397461,185.307617
8972,-12507.546875,-12384.281250,123.265625
8973,-12221.954102,-11823.611328,398.342773
8974,-11529.090820,-11476.931641,52.159180
8975,-12878.185547,-12822.629883,55.555664
8976,-12406.201172,-12353.004883,53.196289
8977,-15981.904297,-15325.723633,656.180664
8978,-12316.971680,-12353.000000,36.028320
8979,-9281.144531,-9522.482422,241.337891
8980,-8971.909180,-7449.546875,1522.362305
8981,-11557.988281,-11543.070312,14.917969
8982,-11769.710938,-11779.688477,9.977539
8983,-12361.101562,-12385.964844,24.863281
8984,-10702.126953,-10743.276367,41.149414
8985,-12319.640625,-12319.908203,0.267578
8986,-11768.955078,-11810.274414,41.319336
8987,-11356.532227,-11373.712891,17.180664
8988,-10097.598633,-10395.955078,298.356445
8989,-11896.043945,-11947.681641,51.637695
8990,-11077.067383,-10970.513672,106.553711
8991,-12382.897461,-12351.305664,31.591797
8992,-10564.841797,-10501.008789,63.833008
8993,-12385.767578,-12386.514648,0.747070
8994,-10674.521484,-10598.391602,76.129883
8995,-10438.400391,-10474.532227,36.131836
8996,-11976.377930,-11948.067383,28.310547
8997,-10905.115234,-10900.587891,4.527344
8998,-9934.327148,-9956.546875,22.219727
8999,-10191.025391,-10427.308594,236.283203
9000,-10113.156250,-10396.339844,283.183594
9001,-10590.106445,-10566.231445,23.875000
9002,-9640.169922,-9927.051758,286.881836
9003,-13178.501953,-13396.829102,218.327148
9004,-10252.315430,-10473.670898,221.355469
9005,-11438.192383,-11543.804688,105.612305
9006,-10942.215820,-11001.579102,59.363281
9007,-12327.563477,-12354.282227,26.718750
9008,-9460.566406,-9497.388672,36.822266
9009,-11428.178711,-11408.141602,20.037109
9010,-11662.830078,-11542.983398,119.846680
9011,-11562.619141,-11477.456055,85.163086
9012,-10850.992188,-11002.313477,151.321289
9013,-9875.518555,-9900.506836,24.988281
9014,-12401.718750,-12520.320312,118.601562
9015,-10981.522461,-10905.204102,76.318359
9016,-10323.286133,-10274.370117,48.916016
9017,-11361.756836,-11374.405273,12.648438
9018,-11888.337891,-11812.275391,76.062500
9019,-9182.895508,-9361.083008,178.187500
9020,-10601.497070,-10533.464844,68.032227
9021,-10545.814453,-10442.048828,103.765625
9022,-10547.008789,-10530.532227,16.476562
9023,-12521.601562,-12522.600586,0.999023
9024,-11017.218750,-11002.823242,14.395508
9025,-13511.641602,-13433.373047,78.268555
9026,-12513.963867,-12417.613281,96.350586
9027,-9618.840820,-9399.195312,219.645508
9028,-11507.578125,-11509.752930,2.174805
9029,-12969.447266,-12958.334961,11.112305
9030,-12869.097656,-12894.992188,25.894531
9031,-9806.662109,-8891.263672,915.398438
9032,-11194.689453,-11284.554688,89.865234
9033,-11937.994141,-11948.407227,10.413086
9034,-12735.587891,-12893.375977,157.788086
9035,-11523.137695,-11544.344727,21.207031
9036,-10662.455078,-10564.650391,97.804688
9037,-15589.261719,-11766.250977,3823.010742
9038,-10858.790039,-10873.887695,15.097656
9039,-10284.798828,-10429.031250,144.232422
9040,-11663.272461,-11913.104492,249.832031
9041,-11857.127930,-11948.439453,91.311523
9042,-11835.466797,-11812.125977,23.340820
9043,-10242.521484,-10307.063477,64.541992
9044,-11375.170898,-11342.441406,32.729492
9045,-12369.015625,-12352.839844,16.175781
9046,-9923.467773,-9990.190430,66.722656
9047,-10406.843750,-10338.369141,68.474609
9048,-11908.362305,-11844.631836,63.730469
9049,-12001.479492,-11947.833008,53.646484
9050,-10551.720703,-10531.238281,20.482422
9051,-13036.791016,-12958.703125,78.087891
9052,-12903.489258,-12927.160156,23.670898
9053,-11835.644531,-11948.645508,113.000977
9054,-11900.300781,-11980.972656,80.671875
9055,-12415.666016,-12386.092773,29.573242
9056,-11394.682617,-11444.216797,49.534180
9057,-11477.236328,-11477.315430,0.079102
9058,-9952.278320,-10365.974609,413.696289
9059,-10958.418945,-10969.927734,11.508789
9060,-10406.436523,-10440.103516,33.666992
9061,-12858.467773,-12959.970703,101.502930
9062,-7541.501953,-7659.487793,117.985840
9063,-10088.089844,-10393.956055,305.866211
9064,-10390.692383,-10507.573242,116.880859
9065,-11022.303711,-10971.435547,50.868164
9066,-12819.280273,-12893.590820,74.310547
9067,-12464.657227,-12521.368164,56.710938
9068,-10965.853516,-10969.118164,3.264648
9069,-9454.930664,-7821.477051,1633.453613
9070,-11892.620117,-11916.229492,23.609375
9071,-11993.404297,-11947.756836,45.647461
9072,-10937.958008,-10935.739258,2.218750
9073,-11566.654297,-11544.004883,22.649414
9074,-10963.061523,-10969.836914,6.775391
9075,-10536.259766,-10599.368164,63.108398
9076,-11506.546875,-11508.050781,1.503906
9077,-10221.624023,-10429.206055,207.582031
9078,-11525.939453,-11509.737305,16.202148
9079,-11582.741211,-11542.710938,40.030273
9080,-10564.946289,-10833.830078,268.883789
9081,-10535.890625,-10566.245117,30.354492
9082,-11027.197266,-10878.740234,148.457031
9083,-10909.223633,-10938.144531,28.920898
9084,-11617.053711,-11543.328125,73.725586
9085,-10900.453125,-10904.906250,4.453125
9086,-9675.748047,-9992.688477,316.940430
9087,-11489.138672,-11511.500000,22.361328
9088,-9896.375000,-9866.867188,29.507812
9089,-13663.670898,-13500.394531,163.276367
9090,-10437.151367,-10442.633789,5.482422
9091,-11588.826172,-11542.422852,46.403320
9092,-11438.263672,-11446.975586,8.711914
9093,-10990.115234,-10937.183594,52.931641
9094,-11061.824219,-10876.886719,184.937500
9095,-11335.284180,-11341.302734,6.018555
9096,-11869.938477,-11915.000000,45.061523
9097,-11399.023438,-11338.966797,60.056641
9098,-12049.371094,-12013.967773,35.403320
9099,-9449.573242,-9464.179688,14.606445
9100,-10479.978516,-10247.833984,232.144531
9101,-12981.082031,-12822.770508,158.311523
9102,-9372.561523,-9554.438477,181.876953
9103,-9476.795898,-9431.656250,45.139648
9104,-9358.632812,-9488.353516,129.720703
9105,-9858.899414,-9899.079102,40.179688
9106,-11945.237305,-11913.870117,31.367188
9107,-12012.779297,-11981.266602,31.512695
9108,-9125.860352,-9555.787109,429.926758
9109,-11507.107422,-11542.591797,35.484375
9110,-10947.311523,-10905.325195,41.986328
9111,-10546.978516,-10866.791016,319.812500
9112,-10612.994141,-10566.389648,46.604492
9113,-11443.884766,-11477.938477,34.053711
9114,-13312.929688,-13332.297852,19.368164
9115,-8477.451172,-8360.134766,117.316406
9116,-7962.697266,-7795.169922,167.527344
9117,-10301.264648,-10442.073242,140.808594
9118,-9806.569336,-9867.287109,60.717773
9119,-8911.357422,-8832.130859,79.226562
9120,-11538.351562,-11543.483398,5.131836
9121,-11466.196289,-11707.398438,241.202148
9122,-10509.298828,-10498.624023,10.674805
9123,-9321.869141,-9521.336914,199.467773
9124,-10657.798828,-10834.591797,176.792969
9125,-11393.961914,-11343.573242,50.388672
9126,-10979.994141,-10937.859375,42.134766
9127,-11618.416992,-11544.101562,74.315430
9128,-10834.965820,-10878.002930,43.037109
9129,-11881.783203,-11844.733398,37.049805
9130,-10687.113281,-10532.817383,154.295898
9131,-10482.526367,-10499.492188,16.965820
9132,-10556.947266,-10507.530273,49.416992
9133,-11023.966797,-11003.441406,20.525391
9134,-11484.714844,-11407.836914,76.877930
9135,-11995.321289,-11915.911133,79.410156
9136,-11374.140625,-11375.754883,1.614258
9137,-10590.863281,-10500.230469,90.632812
9138,-11309.841797,-11408.075195,98.233398
9139,-13451.762695,-13499.300781,47.538086
9140,-11032.947266,-10970.331055,62.616211
9141,-11965.285156,-11947.730469,17.554688
9142,-11614.966797,-11543.416992,71.549805
9143,-10572.320312,-10498.916992,73.403320
9144,-12251.423828,-12249.957031,1.466797
9145,-11847.002930,-11980.687500,133.684570
9146,-9271.855469,-8518.490234,753.365234
9147,-12080.388672,-11981.186523,99.202148
9148,-11011.618164,-10968.868164,42.750000
9149,-10900.654297,-10878.373047,22.281250
9150,-12394.787109,-12387.230469,7.556641
9151,-10889.440430,-10968.794922,79.354492
9152,-11427.591797,-11374.886719,52.705078
9153,-13017.060547,-13008.306641,8.753906
9154,-11936.160156,-11981.454102,45.293945
9155,-10240.157227,-10441.211914,201.054688
9156,-11887.728516,-11915.132812,27.404297
9157,-10612.549805,-10631.521484,18.971680
9158,-11955.755859,-11980.626953,24.871094
9159,-11448.221680,-11542.017578,93.795898
9160,-11063.685547,-10938.709961,124.975586
9161,-11071.858398,-10970.212891,101.645508
9162,-10542.214844,-10566.591797,24.376953
9163,-11945.010742,-11949.858398,4.847656
9164,-10597.225586,-10499.942383,97.283203
9165,-9903.155273,-9932.581055,29.425781
9166,-11521.488281,-11542.879883,21.391602
9167,-9876.594727,-9892.036133,15.441406
9168,-8815.903320,-9165.021484,349.118164
9169,-10493.041016,-10566.552734,73.511719
9170,-13792.319336,-13499.613281,292.706055
9171,-11948.508789,-11946.926758,1.582031
9172,-10957.269531,-10935.142578,22.126953
9173,-10980.949219,-10938.091797,42.857422
9174,-11389.379883,-11342.510742,46.869141
9175,-10987.743164,-11003.077148,15.333984
9176,-10926.282227,-10970.352539,44.070312
9177,-11952.127930,-11981.222656,29.094727
9178,-12089.266602,-11979.658203,109.608398
9179,-10924.016602,-10937.331055,13.314453
9180,-9998.798828,-9867.633789,131.165039
9181,-11327.423828,-11373.621094,46.197266
9182,-10553.207031,-10465.544922,87.662109
9183,-11536.884766,-11543.327148,6.442383
9184,-9447.607422,-9439.169922,8.437500
9185,-11776.826172,-11878.262695,101.436523
9186,-12386.268555,-12353.391602,32.876953
9187,-9470.151367,-9430.884766,39.266602
9188,-11035.041992,-11035.838867,0.796875
9189,-11860.047852,-11813.031250,47.016602
9190,-9927.805664,-9867.984375,59.821289
9191,-11404.753906,-11340.221680,64.532227
9192,-9459.230469,-9462.294922,3.064453
9193,-10626.912109,-10799.742188,172.830078
9194,-10524.891602,-10499.281250,25.610352
9195,-9518.534180,-9961.098633,442.564453
9196,-9627.705078,-9496.076172,131.628906
9197,-9891.671875,-10331.589844,439.917969
9198,-11784.998047,-11780.328125,4.669922
9199,-11890.747070,-11915.871094,25.124023
9200,-10613.235352,-10802.188477,188.953125
9201,-11873.280273,-11913.526367,40.246094
9202,-9829.559570,-9901.414062,71.854492
9203,-12435.574219,-12520.022461,84.448242
9204,-7398.288086,-7416.234375,17.946289
9205,-11505.204102,-11510.371094,5.166992
9206,-9567.921875,-9300.713867,267.208008
9207,-10954.612305,-10905.599609,49.012695
9208,-10558.528320,-10532.788086,25.740234
9209,-11904.603516,-11947.599609,42.996094
9210,-11778.510742,-11780.418945,1.908203
9211,-9777.192383,-9900.625000,123.432617
9212,-13424.707031,-13467.096680,42.389648
9213,-11894.230469,-11947.392578,53.162109
9214,-10877.692383,-10902.731445,25.039062
9215,-10938.159180,-10938.111328,0.047852
9216,-9947.916992,-9869.026367,78.890625
9217,-12404.916016,-12419.989258,15.073242
9218,-9772.225586,-9809.129883,36.904297
9219,-10858.050781,-11002.660156,144.609375
9220,-10611.580078,-10598.620117,12.959961
9221,-12481.000977,-12416.997070,64.003906
9222,-12408.816406,-12488.258789,79.442383
9223,-10960.558594,-10935.234375,25.324219
9224,-10530.402344,-10565.113281,34.710938
9225,-8414.831055,-8921.463867,506.632812
9226,-14251.589844,-14202.436523,49.153320
9227,-10967.869141,-10971.251953,3.382812
9228,-10001.304688,-9991.251953,10.052734
9229,-10966.641602,-10970.019531,3.377930
9230,-11548.895508,-11511.024414,37.871094
9231,-11777.758789,-11776.465820,1.292969
9232,-10356.019531,-10440.231445,84.211914
9233,-11622.242188,-11575.927734,46.314453
9234,-10603.619141,-10564.997070,38.622070
9235,-9508.835938,-9470.412109,38.423828
9236,-12437.646484,-12457.296875,19.650391
9237,-10465.743164,-6322.178223,4143.564941
9238,-10563.058594,-10532.638672,30.419922
9239,-12538.962891,-12385.403320,153.559570
9240,-10993.860352,-10937.275391,56.584961
9241,-11497.693359,-11509.867188,12.173828
9242,-11884.181641,-12014.246094,130.064453
9243,-11907.729492,-11915.068359,7.338867
9244,-9802.501953,-9894.000000,91.498047
9245,-9682.940430,-9991.735352,308.794922
9246,-10422.144531,-10304.770508,117.374023
9247,-11569.163086,-11575.926758,6.763672
9248,-11536.781250,-11509.443359,27.337891
9249,-12016.729492,-11945.335938,71.393555
9250,-10866.640625,-10935.647461,69.006836
9251,-12921.691406,-12789.283203,132.408203
9252,-9925.980469,-9868.284180,57.696289
9253,-9705.899414,-9924.224609,218.325195
9254,-8037.118164,-7796.599121,240.519043
9255,-11086.043945,-10971.079102,114.964844
9256,-10960.252930,-10234.970703,725.282227
9257,-10548.884766,-10531.916992,16.967773
9258,-12940.415039,-13008.456055,68.041016
9259,-11962.619141,-11947.080078,15.539062
9260,-10210.638672,-10271.209961,60.571289
9261,-10666.448242,-10598.388672,68.059570
9262,-11887.624023,-11948.707031,61.083008
9263,-8622.539062,-8427.137695,195.401367
9264,-10970.612305,-10903.991211,66.621094
9265,-10937.353516,-10969.224609,31.871094
9266,-9755.475586,-9867.300781,111.825195
9267,-10666.645508,-10742.463867,75.818359
9268,-11442.859375,-11510.678711,67.819336
9269,-13613.936523,-13768.168945,154.232422
9270,-12413.501953,-12489.652344,76.150391
9271,-10339.338867,-10364.041016,24.702148
9272,-10586.406250,-10531.956055,54.450195
9273,-10896.150391,-10971.221680,75.071289
9274,-11877.158203,-11914.471680,37.313477
9275,-11331.190430,-11438.877930,107.687500
9276,-10985.656250,-10937.118164,48.538086
9277,-12497.349609,-12352.348633,145.000977
9278,-11525.929688,-11510.857422,15.072266
9279,-10490.615234,-10534.528320,43.913086
9280,-11159.715820,-11372.409180,212.693359
9281,-15564.556641,-15527.025391,37.531250
9282,-11119.242188,-10944.004883,175.237305
9283,-9700.578125,-9923.517578,222.939453
9284,-13238.786133,-13363.488281,124.702148
9285,-11430.886719,-11509.966797,79.080078
9286,-11570.348633,-11543.368164,26.980469
9287,-11860.375977,-11811.871094,48.504883
9288,-11524.942383,-11542.184570,17.242188
9289,-10606.782227,-10501.116211,105.666016
9290,-7573.358887,-7222.949707,350.409180
9291,-10588.446289,-10532.821289,55.625000
9292,-11881.434570,-11914.162109,32.727539
9293,-10634.302734,-10564.490234,69.812500
9294,-12412.192383,-12488.556641,76.364258
9295,-12371.003906,-12352.321289,18.682617
9296,-10611.523438,-10565.934570,45.588867
9297,-9606.402344,-9924.268555,317.866211
9298,-10237.216797,-10337.007812,99.791016
9299,-9655.375977,-9371.334961,284.041016
9300,-11381.045898,-11406.396484,25.350586
9301,-12872.708984,-12790.926758,81.782227
9302,-10796.735352,-10969.291016,172.555664
9303,-11957.104492,-11980.123047,23.018555
9304,-11826.757812,-11776.890625,49.867188
9305,-12525.696289,-12353.199219,172.497070
9306,-10543.938477,-10500.715820,43.222656
9307,-11740.591797,-11812.814453,72.222656
9308,-11600.550781,-11512.594727,87.956055
9309,-11861.435547,-11947.730469,86.294922
9310,-12011.768555,-11948.540039,63.228516
9311,-11018.941406,-10903.894531,115.046875
9312,-8871.307617,-8896.524414,25.216797
9313,-11413.242188,-11349.949219,63.292969
9314,-12835.070312,-12902.938477,67.868164
9315,-9903.039062,-9864.780273,38.258789
9316,-10926.475586,-10970.394531,43.918945
9317,-10569.800781,-10532.626953,37.173828
9318,-10338.092773,-10338.797852,0.705078
9319,-13726.342773,-13436.041992,290.300781
9320,-9716.891602,-9925.177734,208.286133
9321,-12808.321289,-12926.446289,118.125000
9322,-11038.899414,-10968.142578,70.756836
9323,-11899.498047,-11915.866211,16.368164
9324,-9889.434570,-9898.436523,9.001953
9325,-12450.231445,-12520.895508,70.664062
9326,-10960.916992,-10936.280273,24.636719
9327,-10410.773438,-10474.852539,64.079102
9328,-12367.212891,-12353.807617,13.405273
9329,-11920.183594,-11914.413086,5.770508
9330,-11544.133789,-11511.947266,32.186523
9331,-11711.937500,-11946.391602,234.454102
9332,-9487.393555,-9495.701172,8.307617
9333,-12090.033203,-11948.101562,141.931641
9334,-13370.253906,-13531.097656,160.843750
9335,-12584.974609,-12861.062500,276.087891
9336,-11239.237305,-11311.365234,72.127930
9337,-11447.486328,-11477.776367,30.290039
9338,-10600.704102,-10408.111328,192.592773
9339,-11490.467773,-11674.820312,184.352539
9340,-11506.403320,-11542.334961,35.931641
9341,-9841.275391,-9530.609375,310.666016
9342,-11966.997070,-11916.072266,50.924805
9343,-12375.294922,-12386.756836,11.461914
9344,-10946.122070,-10969.615234,23.493164
9345,-11634.968750,-11542.317383,92.651367
9346,-9760.854492,-9992.130859,231.276367
9347,-9784.644531,-9869.919922,85.275391
9348,-10836.300781,-10911.171875,74.871094
9349,-10062.809570,-9900.101562,162.708008
9350,-10478.918945,-10474.718750,4.200195
9351,-12367.260742,-12382.236328,14.975586
9352,-10563.604492,-10533.019531,30.584961
9353,-10345.642578,-10397.776367,52.133789
9354,-12244.218750,-12216.278320,27.940430
9355,-11987.309570,-11948.278320,39.031250
9356,-11953.032227,-11917.509766,35.522461
9357,-11424.755859,-11477.410156,52.654297
9358,-11398.791992,-11374.202148,24.589844
9359,-11408.228516,-11477.500977,69.272461
9360,-11852.889648,-11844.312500,8.577148
9361,-12254.860352,-12319.432617,64.572266
9362,-10647.985352,-10532.024414,115.960938
9363,-12018.309570,-11980.001953,38.307617
9364,-11616.936523,-11419.057617,197.878906
9365,-12410.591797,-12489.793945,79.202148
9366,-9244.731445,-9620.884766,376.153320
9367,-12494.758789,-12521.633789,26.875000
9368,-11049.486328,-11003.074219,46.412109
9369,-10570.443359,-10532.087891,38.355469
9370,-11596.583984,-11543.181641,53.402344
9371,-10491.494141,-10429.226562,62.267578
9372,-11015.401367,-11002.345703,13.055664
9373,-11382.736328,-11376.153320,6.583008
9374,-11818.289062,-11813.284180,5.004883
9375,-10575.914062,-10499.936523,75.977539
9376,-12368.552734,-12385.271484,16.718750
9377,-10187.968750,-10407.586914,219.618164
9378,-11892.537109,-11845.305664,47.231445
9379,-10440.390625,-10441.525391,1.134766
9380,-10738.730469,-10800.082031,61.351562
9381,-9127.887695,-9555.450195,427.562500
9382,-10982.581055,-11236.583008,254.001953
9383,-12435.410156,-12487.887695,52.477539
9384,-10908.460938,-10971.861328,63.400391
9385,-12432.152344,-12399.117188,33.035156
9386,-10963.759766,-10904.543945,59.215820
9387,-10581.592773,-10566.805664,14.787109
9388,-12456.430664,-12353.651367,102.779297
9389,-10993.388672,-10938.377930,55.010742
9390,-11854.087891,-11881.209961,27.122070
9391,-12907.167969,-12991.765625,84.597656
9392,-11534.073242,-11511.251953,22.821289
9393,-11709.079102,-11778.788086,69.708984
9394,-10655.144531,-10565.734375,89.410156
9395,-10975.574219,-10970.943359,4.630859
9396,-10957.707031,-10938.809570,18.897461
9397,-12003.340820,-11946.990234,56.350586
9398,-11458.000977,-11510.291016,52.290039
9399,-9460.274414,-9463.006836,2.732422
9400,-9701.220703,-9777.833008,76.612305
9401,-11369.639648,-11406.552734,36.913086
9402,-10631.513672,-10530.994141,100.519531
9403,-10555.967773,-10532.170898,23.796875
9404,-10948.003906,-10969.481445,21.477539
9405,-10632.536133,-10598.786133,33.750000
9406,-10926.249023,-10937.434570,11.185547
9407,-10860.571289,-10910.945312,50.374023
9408,-12383.510742,-12384.574219,1.063477
9409,-9748.083984,-9924.434570,176.350586
9410,-10507.430664,-10432.296875,75.133789
9411,-12005.298828,-11914.979492,90.319336
9412,-11641.332031,-11419.976562,221.355469
9413,-11365.940430,-11375.279297,9.338867
9414,-11005.213867,-10936.190430,69.023438
9415,-9509.953125,-9464.333008,45.620117
9416,-12438.639648,-12455.685547,17.045898
9417,-11044.342773,-10970.241211,74.101562
9418,-10977.752930,-10970.558594,7.194336
9419,-11938.231445,-11947.348633,9.117188
9420,-10556.380859,-10466.165039,90.215820
9421,-9654.264648,-9924.178711,269.914062
9422,-11663.540039,-11576.182617,87.357422
9423,-8670.304688,-7885.701660,784.603027
9424,-10743.135742,-10565.267578,177.868164
9425,-11289.495117,-11341.381836,51.886719
9426,-11377.342773,-11544.139648,166.796875
9427,-11772.267578,-11809.927734,37.660156
9428,-12007.331055,-12013.352539,6.021484
9429,-11860.841797,-11813.800781,47.041016
9430,-10570.633789,-10566.502930,4.130859
9431,-10568.797852,-10533.796875,35.000977
9432,-10190.324219,-10364.053711,173.729492
9433,-11602.206055,-11543.474609,58.731445
9434,-12458.024414,-12487.266602,29.242188
9435,-10943.081055,-10934.810547,8.270508
9436,-11818.715820,-11844.225586,25.509766
9437,-11549.051758,-11510.462891,38.588867
9438,-12428.669922,-12385.637695,43.032227
9439,-11374.322266,-11340.707031,33.615234
9440,-13467.634766,-13500.710938,33.076172
9441,-9910.134766,-9927.695312,17.560547
9442,-10965.536133,-11002.630859,37.094727
9443,-11512.462891,-11509.150391,3.312500
9444,-11021.596680,-10970.295898,51.300781
9445,-10996.348633,-10878.115234,118.233398
9446,-10659.149414,-10598.195312,60.954102
9447,-10568.742188,-10598.542969,29.800781
9448,-10954.308594,-10968.049805,13.741211
9449,-12428.820312,-12521.643555,92.823242
9450,-10836.473633,-10838.922852,2.449219
9451,-11783.802734,-11812.516602,28.713867
9452,-9535.326172,-9588.918945,53.592773
9453,-11449.083008,-11315.304688,133.778320
9454,-12794.671875,-12895.125000,100.453125
9455,-12797.048828,-12957.475586,160.426758
9456,-11781.412109,-11778.555664,2.856445
9457,-10903.907227,-11270.847656,366.940430
9458,-12489.800781,-12487.109375,2.691406
9459,-10590.291016,-10533.419922,56.871094
9460,-12957.338867,-12790.094727,167.244141
9461,-9763.160156,-9892.064453,128.904297
9462,-12090.377930,-11980.051758,110.326172
9463,-10724.694336,-10912.293945,187.599609
9464,-11341.892578,-11408.097656,66.205078
9465,-13313.422852,-13564.519531,251.096680
9466,-11979.940430,-11947.963867,31.976562
9467,-11060.519531,-11437.990234,377.470703
9468,-12331.611328,-12417.470703,85.859375
9469,-10582.607422,-10532.013672,50.593750
9470,-9321.469727,-9370.978516,49.508789
9471,-10483.032227,-10338.137695,144.894531
9472,-11759.714844,-11813.462891,53.748047
9473,-11670.356445,-11576.199219,94.157227
9474,-10667.791016,-10832.490234,164.699219
9475,-12460.011719,-12386.570312,73.441406
9476,-10942.878906,-10938.036133,4.842773
9477,-11794.147461,-11813.297852,19.150391
9478,-12275.357422,-12282.301758,6.944336
9479,-11326.261719,-11477.264648,151.002930
9480,-11469.599609,-11477.428711,7.829102
9481,-11429.362305,-11373.856445,55.505859
9482,-9131.943359,-9488.239258,356.295898
9483,-10907.340820,-10937.753906,30.413086
9484,-10075.823242,-10360.091797,284.268555
9485,-11497.253906,-11542.834961,45.581055
9486,-11425.681641,-11373.564453,52.117188
9487,-12499.156250,-12454.168945,44.987305
9488,-11397.833984,-11406.941406,9.107422
9489,-9496.830078,-9497.618164,0.788086
9490,-10612.467773,-10500.315430,112.152344
9491,-11461.289062,-11443.900391,17.388672
9492,-11557.815430,-11543.221680,14.593750
9493,-10499.087891,-10532.704102,33.616211
9494,-11421.343750,-11408.445312,12.898438
9495,-9229.377930,-9522.767578,293.389648
9496,-11256.757812,-11382.310547,125.552734
9497,-9350.573242,-9555.780273,205.207031
9498,-11806.944336,-11812.238281,5.293945
9499,-13694.863281,-13500.204102,194.659180
9500,-11884.782227,-11915.193359,30.411133
9501,-10662.377930,-10769.424805,107.046875
9502,-9911.171875,-9867.305664,43.866211
9503,-10949.437500,-10967.961914,18.524414
9504,-9814.899414,-9900.741211,85.841797
9505,-12031.099609,-11948.774414,82.325195
9506,-11477.518555,-11479.636719,2.118164
9507,-12394.643555,-12454.801758,60.158203
9508,-7404.830078,-7358.809082,46.020996
9509,-11594.219727,-11544.651367,49.568359
9510,-8356.527344,-9554.635742,1198.108398
9511,-10974.373047,-10971.116211,3.256836
9512,-11367.492188,-11375.621094,8.128906
9513,-11046.712891,-10945.296875,101.416016
9514,-11617.431641,-11575.374023,42.057617
9515,-12349.055664,-12386.158203,37.102539
9516,-10560.279297,-10534.286133,25.993164
9517,-11126.375000,-11236.575195,110.200195
9518,-10577.338867,-10501.647461,75.691406
9519,-11505.886719,-11543.754883,37.868164
9520,-11930.980469,-11913.766602,17.213867
9521,-10954.181641,-11237.297852,283.116211
9522,-10256.080078,-10363.456055,107.375977
9523,-13391.625000,-13331.088867,60.536133
9524,-8459.312500,-8426.005859,33.306641
9525,-9811.575195,-9933.515625,121.940430
9526,-10524.049805,-10441.690430,82.359375
9527,-10999.604492,-10935.908203,63.696289
9528,-10731.171875,-10880.047852,148.875977
9529,-10925.847656,-10969.349609,43.501953
9530,-11871.222656,-11917.001953,45.779297
9531,-10160.518555,-9835.689453,324.829102
9532,-12257.670898,-12280.565430,22.894531
9533,-10659.503906,-10936.360352,276.856445
9534,-12385.376953,-12352.833008,32.543945
9535,-11413.016602,-11375.336914,37.679688
9536,-12031.669922,-12030.326172,1.343750
9537,-10136.892578,-9776.983398,359.909180
9538,-12497.962891,-12522.762695,24.799805
9539,-10611.334961,-10499.261719,112.073242
9540,-11883.414062,-11946.901367,63.487305
9541,-11880.579102,-11877.774414,2.804688
9542,-11660.329102,-11745.774414,85.445312
9543,-11360.578125,-11445.529297,84.951172
9544,-11515.820312,-11509.623047,6.197266
9545,-12308.546875,-12353.213867,44.666992
9546,-11474.936523,-11543.560547,68.624023
9547,-9734.427734,-10025.010742,290.583008
9548,-11017.850586,-10873.029297,144.821289
9549,-10737.950195,-10865.818359,127.868164
9550,-11465.145508,-11447.131836,18.013672
9551,-11345.660156,-11375.021484,29.361328
9552,-12648.141602,-12553.230469,94.911133
9553,-12386.963867,-12456.703125,69.739258
9554,-10568.004883,-10531.971680,36.033203
9555,-11531.344727,-11479.816406,51.528320
9556,-10680.962891,-10832.591797,151.628906
9557,-11968.189453,-11947.595703,20.593750
9558,-10882.500977,-10869.764648,12.736328
9559,-11409.648438,-11374.470703,35.177734
9560,-11515.937500,-11511.191406,4.746094
9561,-9395.613281,-9587.114258,191.500977
9562,-10993.544922,-11003.649414,10.104492
9563,-10517.620117,-10465.675781,51.944336
9564,-11917.384766,-11882.017578,35.367188
9565,-10417.693359,-10338.617188,79.076172
9566,-12440.110352,-12352.028320,88.082031
9567,-11851.257812,-11812.470703,38.787109
9568,-12190.510742,-12015.080078,175.430664
9569,-11964.371094,-11949.614258,14.756836
9570,-10603.428711,-10534.099609,69.329102
9571,-10864.150391,-11034.537109,170.386719
9572,-11602.563477,-11444.698242,157.865234
9573,-12041.323242,-11980.557617,60.765625
9574,-12878.515625,-12926.454102,47.938477
9575,-8985.036133,-8519.231445,465.804688
9576,-11420.187500,-11509.311523,89.124023
9577,-12941.545898,-12791.766602,149.779297
9578,-10563.945312,-10466.950195,96.995117
9579,-9517.950195,-9361.904297,156.045898
9580,-11353.722656,-11444.821289,91.098633
9581,-11535.308594,-11510.785156,24.523438
9582,-10525.685547,-10499.140625,26.544922
9583,-10908.002930,-11002.611328,94.608398
9584,-12845.070312,-12956.832031,111.761719
9585,-12468.593750,-12454.679688,13.914062
9586,-11518.659180,-11510.209961,8.449219
9587,-11008.401367,-11003.779297,4.622070
9588,-9277.767578,-9555.782227,278.014648
9589,-11321.234375,-11375.688477,54.454102
9590,-11041.591797,-10943.066406,98.525391
9591,-11795.576172,-11845.290039,49.713867
9592,-10162.160156,-10362.425781,200.265625
9593,-11343.872070,-11349.013672,5.141602
9594,-9625.990234,-9529.189453,96.800781
9595,-12917.340820,-12789.735352,127.605469
9596,-11854.760742,-11843.862305,10.898438
9597,-11997.987305,-11948.573242,49.414062
9598,-10909.979492,-11001.749023,91.769531
9599,-9836.196289,-9869.212891,33.016602
9600,-10225.002930,-10363.865234,138.862305
9601,-11987.397461,-11981.013672,6.383789
9602,-10466.879883,-10832.862305,365.982422
9603,-10549.780273,-10500.197266,49.583008
9604,-11638.736328,-11575.630859,63.105469
9605,-11100.758789,-10904.350586,196.408203
9606,-10964.471680,-11002.263672,37.791992
9607,-11486.248047,-11477.105469,9.142578
9608,-11925.301758,-11916.385742,8.916016
9609,-11768.458008,-11946.242188,177.784180
9610,-11668.458984,-11575.888672,92.570312
9611,-11534.183594,-11512.206055,21.977539
9612,-11560.438477,-11511.025391,49.413086
9613,-12394.281250,-12354.024414,40.256836
9614,-9186.573242,-9588.395508,401.822266
9615,-11396.480469,-11372.998047,23.482422
9616,-9481.718750,-9587.575195,105.856445
9617,-10959.132812,-10971.296875,12.164062
9618,-10154.813477,-9391.386719,763.426758
9619,-12930.501953,-13008.006836,77.504883
9620,-11975.556641,-11982.155273,6.598633
9621,-11369.079102,-11406.702148,37.623047
9622,-11721.799805,-11812.201172,90.401367
9623,-10579.503906,-10533.478516,46.025391
9624,-12080.949219,-11982.428711,98.520508
9625,-11453.094727,-11478.579102,25.484375
9626,-11458.113281,-11476.743164,18.629883
9627,-8676.500977,-7819.998047,856.502930
9628,-9413.244141,-9521.655273,108.411133
9629,-12460.259766,-12386.124023,74.135742
9630,-11638.778320,-11576.933594,61.844727
9631,-8169.125000,-6785.535156,1383.589844
9632,-11511.443359,-11543.577148,32.133789
9633,-12529.468750,-12553.166992,23.698242
9634,-12561.254883,-12553.933594,7.321289
9635,-11629.589844,-11544.075195,85.514648
9636,-10181.030273,-10329.737305,148.707031
9637,-10050.291992,-10109.157227,58.865234
9638,-11424.997070,-11341.897461,83.099609
9639,-11458.460938,-11510.336914,51.875977
9640,-12533.185547,-12553.195312,20.009766
9641,-11454.079102,-11479.611328,25.532227
9642,-11320.703125,-11374.943359,54.240234
9643,-12490.852539,-12521.320312,30.467773
9644,-10374.383789,-10338.378906,36.004883
9645,-10516.423828,-10531.879883,15.456055
9646,-11551.301758,-11542.715820,8.585938
9647,-11652.592773,-11575.668945,76.923828
9648,-12024.781250,-11882.886719,141.894531
9649,-10462.985352,-10304.455078,158.530273
9650,-12451.746094,-12522.086914,70.340820
9651,-11346.043945,-11340.419922,5.624023
9652,-9522.865234,-9496.335938,26.529297
9653,-11024.920898,-11003.419922,21.500977
9654,-9835.428711,-9932.683594,97.254883
9655,-11395.268555,-11374.125977,21.142578
9656,-11532.547852,-11484.851562,47.696289
9657,-11536.814453,-11477.855469,58.958984
9658,-11446.198242,-11477.678711,31.480469
9659,-10548.615234,-10499.140625,49.474609
9660,-10604.267578,-10532.014648,72.252930
9661,-11768.871094,-11843.591797,74.720703
9662,-12361.168945,-12417.814453,56.645508
9663,-11488.340820,-11543.645508,55.304688
9664,-11618.927734,-11316.481445,302.446289
9665,-11361.554688,-11341.043945,20.510742
9666,-9115.708984,-9296.025391,180.316406
9667,-13353.360352,-13531.975586,178.615234
9668,-11442.467773,-11439.951172,2.516602
9669,-12036.145508,-11914.860352,121.285156
9670,-11565.316406,-11477.313477,88.002930
9671,-6168.270996,-6783.609375,615.338379
9672,-9201.689453,-9489.184570,287.495117
9673,-10566.032227,-10531.700195,34.332031
9674,-10592.182617,-10532.500000,59.682617
9675,-11353.071289,-11373.620117,20.548828
9676,-11537.009766,-11509.537109,27.472656
9677,-11652.616211,-11811.632812,159.016602
9678,-9298.730469,-9521.941406,223.210938
9679,-9898.401367,-9924.620117,26.218750
9680,-10931.189453,-10934.909180,3.719727
9681,-9703.678711,-9990.663086,286.984375
9682,-11942.515625,-11979.812500,37.296875
9683,-11052.627930,-10937.156250,115.471680
9684,-9477.531250,-9429.471680,48.059570
9685,-10959.772461,-10970.032227,10.259766
9686,-11004.504883,-10967.852539,36.652344
9687,-11521.070312,-11477.594727,43.475586
9688,-8372.654297,-8708.456055,335.801758
9689,-9614.640625,-9496.651367,117.989258
9690,-10552.614258,-10566.666016,14.051758
9691,-9853.570312,-9898.040039,44.469727
9692,-11484.208984,-11373.893555,110.315430
9693,-11074.690430,-11239.767578,165.077148
9694,-10302.630859,-10363.888672,61.257812
9695,-11350.295898,-11479.345703,129.049805
9696,-11015.012695,-10911.385742,103.626953
9697,-12713.091797,-12894.736328,181.644531
9698,-10503.286133,-10499.195312,4.090820
9699,-11528.834961,-11511.590820,17.244141
9700,-9647.000000,-9529.184570,117.815430
9701,-11944.839844,-11981.350586,36.510742
9702,-10198.065430,-10396.589844,198.524414
9703,-11526.265625,-11510.264648,16.000977
9704,-12498.082031,-12522.144531,24.062500
9705,-10202.381836,-10396.238281,193.856445
9706,-11299.150391,-11407.491211,108.340820
9707,-10613.920898,-10801.145508,187.224609
9708,-12713.526367,-12789.539062,76.012695
9709,-10016.050781,-10833.377930,817.327148
9710,-10877.645508,-10743.579102,134.066406
9711,-12425.759766,-12554.553711,128.793945
9712,-9518.553711,-9554.937500,36.383789
9713,-9037.232422,-8833.507812,203.724609
9714,-11482.118164,-11509.430664,27.312500
9715,-9336.269531,-9495.949219,159.679688
9716,-10959.333984,-10969.127930,9.793945
9717,-10652.974609,-10565.261719,87.712891
9718,-11411.207031,-11510.473633,99.266602
9719,-10245.030273,-10336.732422,91.702148
9720,-11876.210938,-11947.446289,71.235352
9721,-10661.635742,-10565.871094,95.764648
9722,-10481.582031,-10465.952148,15.629883
9723,-12021.924805,-11981.203125,40.721680
9724,-11004.229492,-10967.427734,36.801758
9725,-12372.025391,-12386.388672,14.363281
9726,-11428.915039,-11477.969727,49.054688
9727,-12874.587891,-12791.507812,83.080078
9728,-10973.149414,-10969.690430,3.458984
9729,-11323.107422,-11406.393555,83.286133
9730,-10999.799805,-10970.668945,29.130859
9731,-10589.113281,-10565.821289,23.291992
9732,-10210.772461,-10397.338867,186.566406
9733,-9784.413086,-8887.648438,896.764648
9734,-10173.455078,-10429.397461,255.942383
9735,-9566.917969,-9991.471680,424.553711
9736,-12368.470703,-12523.122070,154.651367
9737,-11039.116211,-10969.573242,69.542969
9738,-10556.167969,-10498.712891,57.455078
9739,-8929.173828,-9620.882812,691.708984
9740,-10568.219727,-10565.209961,3.009766
9741,-9497.028320,-9520.221680,23.193359
9742,-11418.213867,-11509.739258,91.525391
9743,-11469.865234,-11510.200195,40.334961
9744,-10973.216797,-10970.232422,2.984375
9745,-10238.221680,-10396.352539,158.130859
9746,-9703.959961,-9927.194336,223.234375
9747,-12061.351562,-11980.650391,80.701172
9748,-12403.687500,-12555.217773,151.530273
9749,-12327.272461,-12354.789062,27.516602
9750,-9228.996094,-9926.009766,697.013672
9751,-11930.698242,-11948.012695,17.314453
9752,-9789.889648,-9927.495117,137.605469
9753,-12021.884766,-11948.867188,73.017578
9754,-10426.980469,-10473.832031,46.851562
9755,-9593.791016,-9554.636719,39.154297
9756,-11445.229492,-11948.517578,503.288086
9757,-9456.140625,-9555.819336,99.678711
9758,-12860.041992,-12894.759766,34.717773
9759,-12441.474609,-12384.561523,56.913086
9760,-12588.625000,-12523.139648,65.485352
9761,-10183.962891,-10430.246094,246.283203
9762,-11507.610352,-11510.544922,2.934570
9763,-10937.993164,-10967.336914,29.343750
9764,-12783.583984,-12926.750000,143.166016
9765,-11512.546875,-11476.948242,35.598633
9766,-10539.141602,-10498.593750,40.547852
9767,-12445.970703,-12489.033203,43.062500
9768,-11411.895508,-11479.492188,67.596680
9769,-9866.534180,-10397.116211,530.582031
9770,-11534.812500,-11508.953125,25.859375
9771,-13209.320312,-13328.607422,119.287109
9772,-10535.810547,-10465.554688,70.255859
9773,-10627.698242,-10532.591797,95.106445
9774,-12059.878906,-12029.694336,30.184570
9775,-10945.606445,-10936.107422,9.499023
9776,-12062.696289,-11980.785156,81.911133
9777,-10571.989258,-10565.334961,6.654297
9778,-13308.583984,-13441.637695,133.053711
9779,-11538.424805,-11543.407227,4.982422
9780,-10594.820312,-10533.618164,61.202148
9781,-12022.793945,-12012.341797,10.452148
9782,-11022.772461,-10969.559570,53.212891
9783,-10984.698242,-10935.141602,49.556641
9784,-12853.493164,-12892.837891,39.344727
9785,-10596.308594,-10531.707031,64.601562
9786,-11985.323242,-11947.565430,37.757812
9787,-11336.914062,-11375.249023,38.334961
9788,-11925.655273,-11981.239258,55.583984
9789,-12472.852539,-12488.769531,15.916992
9790,-11525.010742,-11509.754883,15.255859
9791,-11864.305664,-11844.401367,19.904297
9792,-9876.890625,-9923.591797,46.701172
9793,-3148.712891,-5311.302246,2162.589355
9794,-10065.769531,-9842.638672,223.130859
9795,-12077.901367,-11982.275391,95.625977
9796,-10984.957031,-10936.662109,48.294922
9797,-11518.027344,-11510.897461,7.129883
9798,-11299.913086,-11180.566406,119.346680
9799,-11172.131836,-11239.256836,67.125000
9800,-11052.004883,-11238.699219,186.694336
9801,-10946.720703,-11003.856445,57.135742
9802,-11614.196289,-11543.541016,70.655273
9803,-11473.250000,-11511.951172,38.701172
9804,-12122.575195,-11981.702148,140.873047
9805,-11048.024414,-11238.544922,190.520508
9806,-11354.012695,-11407.930664,53.917969
9807,-11959.676758,-11915.553711,44.123047
9808,-6385.940430,-6786.448242,400.507812
9809,-11965.114258,-11981.402344,16.288086
9810,-10671.366211,-10770.010742,98.644531
9811,-12487.776367,-12489.092773,1.316406
9812,-10148.506836,-10395.789062,247.282227
9813,-11447.513672,-11543.755859,96.242188
9814,-11913.441406,-11915.304688,1.863281
9815,-10576.855469,-10531.995117,44.860352
9816,-10328.916016,-10396.231445,67.315430
9817,-10935.671875,-10968.592773,32.920898
9818,-9531.881836,-9589.017578,57.135742
9819,-10826.843750,-10970.291992,143.448242
9820,-9395.715820,-9520.834961,125.119141
9821,-12403.110352,-12352.204102,50.906250
9822,-11398.703125,-11447.483398,48.780273
9823,-11243.672852,-11238.765625,4.907227
9824,-10637.278320,-10533.110352,104.167969
9825,-9814.530273,-10023.216797,208.686523
9826,-10157.677734,-10393.116211,235.438477
9827,-12327.718750,-12351.568359,23.849609
9828,-14939.193359,-14742.636719,196.556641
9829,-10254.494141,-10397.054688,142.560547
9830,-11995.737305,-11915.216797,80.520508
9831,-11739.618164,-11609.258789,130.359375
9832,-10559.638672,-10532.614258,27.024414
9833,-9886.722656,-9897.000000,10.277344
9834,-10872.157227,-10203.326172,668.831055
9835,-10492.955078,-10467.645508,25.309570
9836,-11021.773438,-11002.342773,19.430664
9837,-9887.903320,-10024.096680,136.193359
9838,-11037.473633,-10970.859375,66.614258
9839,-11912.445312,-11914.241211,1.795898
9840,-10843.736328,-10877.824219,34.087891
9841,-9372.960938,-9405.492188,32.531250
9842,-6706.182617,-7855.410156,1149.227539
9843,-10943.497070,-10934.832031,8.665039
9844,-10963.872070,-10905.001953,58.870117
9845,-10889.766602,-10968.541992,78.775391
9846,-10957.511719,-11001.692383,44.180664
9847,-10245.609375,-10377.409180,131.799805
9848,-9866.441406,-9990.018555,123.577148
9849,-11548.000000,-11510.894531,37.105469
9850,-12130.914062,-11981.001953,149.912109
9851,-11947.610352,-11980.733398,33.123047
9852,-12682.537109,-12822.707031,140.169922
9853,-11015.672852,-11035.672852,20.000000
9854,-9895.554688,-9934.579102,39.024414
9855,-12021.881836,-11981.239258,40.642578
9856,-10222.702148,-10361.613281,138.911133
9857,-11004.752930,-10936.659180,68.093750
9858,-10919.857422,-10969.153320,49.295898
9859,-11013.542969,-10969.618164,43.924805
9860,-12269.514648,-11889.869141,379.645508
9861,-10574.950195,-10475.554688,99.395508
9862,-10944.307617,-10900.803711,43.503906
9863,-10669.729492,-10867.076172,197.346680
9864,-11806.517578,-11844.395508,37.877930
9865,-11611.449219,-11349.805664,261.643555
9866,-9421.744141,-9486.835938,65.091797
9867,-11923.205078,-11915.239258,7.965820
9868,-12383.940430,-12521.955078,138.014648
9869,-11883.388672,-11914.033203,30.644531
9870,-9793.676758,-9706.983398,86.693359
9871,-9984.944336,-9990.190430,5.246094
9872,-12531.862305,-12383.646484,148.215820
9873,-11651.244141,-11452.235352,199.008789
9874,-10968.619141,-11238.577148,269.958008
9875,-10294.459961,-10362.033203,67.573242
9876,-10560.166016,-10800.717773,240.551758
9877,-10286.685547,-10409.390625,122.705078
9878,-10904.533203,-10935.375977,30.842773
9879,-12832.924805,-12926.980469,94.055664
9880,-11563.801758,-11511.374023,52.427734
9881,-10267.566406,-10409.282227,141.715820
9882,-12477.252930,-12384.964844,92.288086
9883,-11619.006836,-11510.210938,108.795898
9884,-12403.853516,-12352.467773,51.385742
9885,-12042.709961,-11945.760742,96.949219
9886,-9877.092773,-9901.117188,24.024414
9887,-9146.976562,-9555.156250,408.179688
9888,-11432.416992,-11374.583008,57.833984
9889,-11176.208008,-11270.804688,94.596680
9890,-9797.002930,-9437.762695,359.240234
9891,-9474.237305,-9406.673828,67.563477
9892,-10986.901367,-10969.162109,17.739258
9893,-11648.291016,-11420.528320,227.762695
9894,-10618.833984,-10532.062500,86.771484
9895,-9688.459961,-9902.164062,213.704102
9896,-11874.632812,-11980.958984,106.326172
9897,-12503.265625,-12354.196289,149.069336
9898,-11586.051758,-11544.125977,41.925781
9899,-11765.266602,-11845.863281,80.596680
9900,-11366.268555,-11406.176758,39.908203
9901,-11800.444336,-11811.019531,10.575195
9902,-10581.930664,-10532.394531,49.536133
9903,-10379.675781,-10337.955078,41.720703
9904,-11456.760742,-11509.443359,52.682617
9905,-10649.869141,-10567.265625,82.603516
9906,-12333.213867,-12382.469727,49.255859
9907,-11525.716797,-11543.083008,17.366211
9908,-10538.066406,-10499.848633,38.217773
9909,-10594.772461,-10564.212891,30.559570
9910,-10966.178711,-10741.968750,224.209961
9911,-12423.293945,-12489.819336,66.525391
9912,-12404.886719,-12489.294922,84.408203
9913,-11097.280273,-10971.216797,126.063477
9914,-12697.321289,-12892.965820,195.644531
9915,-11799.983398,-11812.352539,12.369141
9916,-11395.020508,-11340.667969,54.352539
9917,-10638.019531,-10631.541016,6.478516
9918,-11020.548828,-10936.833984,83.714844
9919,-11012.928711,-10969.365234,43.563477
9920,-11973.499023,-11982.408203,8.909180
9921,-11734.520508,-11177.096680,557.423828
9922,-12757.355469,-12926.099609,168.744141
9923,-11958.138672,-11914.936523,43.202148
9924,-11454.999023,-11706.666992,251.667969
9925,-11541.595703,-11508.209961,33.385742
9926,-10560.614258,-10500.180664,60.433594
9927,-9970.760742,-9934.386719,36.374023
9928,-10046.443359,-9934.311523,112.131836
9929,-12969.681641,-12927.398438,42.283203
9930,-10836.794922,-10847.349609,10.554688
9931,-11477.216797,-11510.668945,33.452148
9932,-11775.179688,-11452.273438,322.906250
9933,-12445.389648,-12521.251953,75.862305
9934,-12809.082031,-12925.631836,116.549805
9935,-9825.724609,-10024.189453,198.464844
9936,-13889.938477,-13446.982422,442.956055
9937,-10110.163086,-10396.086914,285.923828
9938,-16619.792969,-16504.414062,115.378906
9939,-10536.183594,-10533.800781,2.382812
9940,-10330.759766,-10364.093750,33.333984
9941,-12476.625000,-12521.672852,45.047852
9942,-10931.418945,-10935.685547,4.266602
9943,-11790.211914,-11609.093750,181.118164
9944,-10960.918945,-10936.341797,24.577148
9945,-12043.025391,-11948.009766,95.015625
9946,-10584.515625,-10498.939453,85.576172
9947,-6354.633301,-7223.017578,868.384277
9948,-9405.391602,-9620.896484,215.504883
9949,-10855.764648,-10846.279297,9.485352
9950,-11361.108398,-11407.270508,46.162109
9951,-11048.449219,-10968.932617,79.516602
9952,-12310.065430,-12352.535156,42.469727
9953,-12372.537109,-12354.295898,18.241211
9954,-12841.855469,-12958.676758,116.821289
9955,-12416.852539,-12520.215820,103.363281
9956,-11329.257812,-11375.020508,45.762695
9957,-11722.089844,-11779.791992,57.702148
9958,-12465.318359,-12318.093750,147.224609
9959,-11478.022461,-11510.415039,32.392578
9960,-11150.387695,-11239.084961,88.697266
9961,-11479.249023,-11510.541992,31.292969
9962,-11381.455078,-11407.842773,26.387695
9963,-11343.713867,-11407.803711,64.089844
9964,-10545.988281,-10533.371094,12.617188
9965,-12235.641602,-12249.817383,14.175781
9966,-10366.692383,-10441.434570,74.742188
9967,-9435.244141,-9521.118164,85.874023
9968,-10909.677734,-10740.436523,169.241211
9969,-12728.744141,-12789.948242,61.204102
9970,-11945.883789,-11915.829102,30.054688
9971,-11950.143555,-11981.056641,30.913086
9972,-12970.745117,-12959.135742,11.609375
9973,-12657.124023,-12862.077148,204.953125
9974,-10491.110352,-10474.990234,16.120117
9975,-10583.993164,-10566.028320,17.964844
9976,-10366.103516,-10306.513672,59.589844
9977,-10570.242188,-10534.474609,35.767578
9978,-12417.464844,-12318.874023,98.590820
9979,-9430.808594,-9397.745117,33.063477
9980,-11456.968750,-11413.902344,43.066406
9981,-9755.953125,-9923.578125,167.625000
9982,-9332.612305,-10329.404297,996.791992
9983,-10498.230469,-10565.113281,66.882812
9984,-11804.993164,-11843.666992,38.673828
9985,-11352.297852,-11375.229492,22.931641
9986,-11838.339844,-11948.891602,110.551758
9987,-10941.833008,-10969.889648,28.056641
9988,-10279.594727,-10499.469727,219.875000
9989,-10992.949219,-10971.114258,21.834961
9990,-11656.434570,-11575.791016,80.643555
9991,-11806.720703,-11915.809570,109.088867
9992,-9680.183594,-9927.635742,247.452148
9993,-9427.648438,-9620.857422,193.208984
9994,-11621.965820,-11510.787109,111.178711
9995,-9246.150391,-9490.382812,244.232422
9996,-12216.632812,-12181.678711,34.954102
9997,-11344.900391,-11371.492188,26.591797
9998,-12852.754883,-12925.821289,73.066406
9999,-9013.547852,-9523.380859,509.833008
10000,-11049.477539,-10970.260742,79.216797
10001,-12005.525391,-11980.153320,25.372070
10002,-9701.219727,-9923.563477,222.343750
10003,-10637.425781,-10565.367188,72.058594
10004,-11084.504883,-10937.085938,147.418945
10005,-12775.850586,-12892.115234,116.264648
10006,-12741.313477,-12853.639648,112.326172
10007,-11503.702148,-11510.680664,6.978516
10008,-10175.811523,-10395.918945,220.107422
10009,-11091.758789,-11239.283203,147.524414
10010,-11533.943359,-11480.122070,53.821289
10011,-10542.922852,-10499.480469,43.442383
10012,-11743.674805,-11452.132812,291.541992
10013,-11639.641602,-11576.536133,63.105469
10014,-10590.514648,-10200.699219,389.815430
10015,-11322.634766,-11307.932617,14.702148
10016,-12260.683594,-12354.243164,93.559570
10017,-11758.806641,-11811.854492,53.047852
10018,-12018.327148,-11948.417969,69.909180
10019,-10840.340820,-10911.843750,71.502930
10020,-10922.038086,-10968.788086,46.750000
10021,-16022.862305,-15898.055664,124.806641
10022,-12504.380859,-12455.234375,49.146484
10023,-10500.496094,-10465.896484,34.599609
10024,-10889.378906,-10968.205078,78.826172
10025,-9750.651367,-8921.228516,829.422852
10026,-9714.688477,-8921.498047,793.190430
10027,-11971.438477,-11948.846680,22.591797
10028,-11417.665039,-11342.455078,75.209961
10029,-11971.192383,-12522.327148,551.134766
10030,-9478.824219,-9404.483398,74.340820
10031,-8915.451172,-8864.100586,51.350586
10032,-10305.755859,-10410.938477,105.182617
10033,-10922.235352,-10968.930664,46.695312
10034,-11522.718750,-11510.215820,12.502930
10035,-11873.391602,-11780.213867,93.177734
10036,-11572.310547,-11542.691406,29.619141
10037,-9947.541992,-9835.723633,111.818359
10038,-12344.785156,-12385.677734,40.892578
10039,-10617.679688,-10566.783203,50.896484
10040,-8608.180664,-8393.832031,214.348633
10041,-10974.482422,-10901.479492,73.002930
10042,-11495.326172,-11741.316406,245.990234
10043,-11388.087891,-11373.054688,15.033203
10044,-12337.918945,-12352.825195,14.906250
10045,-10843.253906,-10911.850586,68.596680
10046,-9517.842773,-9496.091797,21.750977
10047,-9219.751953,-9521.800781,302.048828
10048,-10997.944336,-10900.928711,97.015625
10049,-10544.084961,-10500.997070,43.087891
10050,-9444.302734,-9554.401367,110.098633
10051,-10190.372070,-10361.794922,171.422852
10052,-11970.979492,-11914.851562,56.127930
10053,-11950.127930,-11947.810547,2.317383
10054,-12381.798828,-12488.558594,106.759766
10055,-9540.992188,-9960.340820,419.348633
10056,-10514.787109,-10466.761719,48.025391
10057,-12449.500977,-12490.001953,40.500977
10058,-10540.827148,-10464.756836,76.070312
10059,-9710.942383,-9958.505859,247.563477
10060,-10507.422852,-10465.074219,42.348633
10061,-10560.900391,-10532.381836,28.518555
10062,-11982.471680,-11946.980469,35.491211
10063,-12330.941406,-12488.736328,157.794922
10064,-11396.355469,-11406.489258,10.133789
10065,-11951.503906,-11949.362305,2.141602
10066,-11975.290039,-11913.510742,61.779297
10067,-11616.071289,-11509.890625,106.180664
10068,-11461.619141,-11511.026367,49.407227
10069,-11612.116211,-11543.420898,68.695312
10070,-10581.708008,-10501.734375,79.973633
10071,-9442.015625,-8921.637695,520.377930
10072,-12103.816406,-11982.542969,121.273438
10073,-12346.306641,-12419.442383,73.135742
10074,-12048.180664,-11978.901367,69.279297
10075,-11477.196289,-11511.376953,34.180664
10076,-11562.062500,-11408.528320,153.534180
10077,-10557.453125,-10598.253906,40.800781
10078,-10412.619141,-10474.537109,61.917969
10079,-11176.978516,-11303.607422,126.628906
10080,-10501.969727,-10532.887695,30.917969
10081,-10565.008789,-10532.181641,32.827148
10082,-10422.954102,-10441.708984,18.754883
10083,-10605.447266,-10202.147461,403.299805
10084,-9606.766602,-9497.643555,109.123047
10085,-9590.768555,-9496.077148,94.691406
10086,-12069.272461,-11915.528320,153.744141
10087,-10025.542969,-10328.447266,302.904297
10088,-10294.262695,-10333.693359,39.430664
10089,-11620.100586,-11576.778320,43.322266
10090,-9824.052734,-9866.754883,42.702148
10091,-12316.083008,-12554.412109,238.329102
10092,-9212.495117,-8451.590820,760.904297
10093,-9449.446289,-9463.570312,14.124023
10094,-10192.178711,-10362.837891,170.659180
10095,-8971.372070,-9588.783203,617.411133
10096,-10614.615234,-10566.136719,48.478516
10097,-10559.759766,-10534.394531,25.365234
10098,-12228.111328,-12321.292969,93.181641
10099,-11585.114258,-11575.619141,9.495117
10100,-11567.742188,-11543.721680,24.020508
10101,-12501.147461,-12321.855469,179.291992
10102,-11598.096680,-11543.826172,54.270508
10103,-12442.630859,-12353.643555,88.987305
10104,-12083.365234,-11948.877930,134.487305
10105,-9277.051758,-9589.121094,312.069336
10106,-10989.695312,-11036.875977,47.180664
10107,-13621.406250,-13432.067383,189.338867
10108,-9151.116211,-7383.828613,1767.287598
10109,-13785.437500,-13905.365234,119.927734
10110,-11735.904297,-11846.031250,110.126953
10111,-11488.201172,-11475.924805,12.276367
10112,-11982.578125,-11979.196289,3.381836
10113,-12349.839844,-12489.553711,139.713867
10114,-10367.036133,-10337.725586,29.310547
10115,-11056.876953,-10936.896484,119.980469
10116,-9665.597656,-9562.615234,102.982422
10117,-11994.966797,-11949.382812,45.583984
10118,-10925.471680,-10968.644531,43.172852
10119,-9948.723633,-9798.073242,150.650391
10120,-11408.017578,-11477.911133,69.893555
10121,-11448.812500,-11577.306641,128.494141
10122,-12374.030273,-12487.555664,113.525391
10123,-10991.785156,-10904.055664,87.729492
10124,-11007.215820,-11237.844727,230.628906
10125,-10950.355469,-10905.165039,45.190430
10126,-12914.533203,-12960.072266,45.539062
10127,-11478.574219,-11445.621094,32.953125
10128,-12548.600586,-12555.352539,6.751953
10129,-9924.166992,-9931.878906,7.711914
10130,-11623.831055,-11543.821289,80.009766
10131,-11627.277344,-11485.238281,142.039062
10132,-10054.357422,-10395.773438,341.416016
10133,-11014.524414,-11001.521484,13.002930
10134,-10905.126953,-10969.429688,64.302734
10135,-10209.986328,-10429.964844,219.978516
10136,-11971.366211,-11948.263672,23.102539
10137,-10514.625000,-10432.789062,81.835938
10138,-9442.962891,-9523.602539,80.639648
10139,-10299.208008,-10442.930664,143.722656
10140,-12077.200195,-12014.263672,62.936523
10141,-11452.927734,-11408.017578,44.910156
10142,-11368.978516,-11309.928711,59.049805
10143,-12347.584961,-12453.489258,105.904297
10144,-12817.688477,-12959.350586,141.662109
10145,-12000.671875,-11982.241211,18.430664
10146,-11885.201172,-11811.379883,73.821289
10147,-10603.803711,-10566.160156,37.643555
10148,-9958.261719,-9869.226562,89.035156
10149,-11668.719727,-11576.918945,91.800781
10150,-10963.911133,-10968.871094,4.959961
10151,-10655.643555,-10533.598633,122.044922
10152,-12851.500977,-12821.313477,30.187500
10153,-11090.693359,-10903.669922,187.023438
10154,-9818.357422,-9965.556641,147.199219
10155,-11831.982422,-11812.062500,19.919922
10156,-8932.760742,-8369.313477,563.447266
10157,-10994.938477,-10971.116211,23.822266
10158,-12031.019531,-12014.568359,16.451172
10159,-9920.147461,-9866.832031,53.315430
10160,-12139.518555,-11980.521484,158.997070
10161,-9145.157227,-9797.435547,652.278320
10162,-10955.396484,-10970.520508,15.124023
10163,-11562.047852,-11543.708984,18.338867
10164,-11624.787109,-11576.217773,48.569336
10165,-11964.965820,-11981.248047,16.282227
10166,-10035.611328,-9935.449219,100.162109
10167,-9358.966797,-10397.728516,1038.761719
10168,-12032.469727,-11980.599609,51.870117
10169,-10996.174805,-10971.168945,25.005859
10170,-10569.719727,-10532.071289,37.648438
10171,-11991.078125,-11948.808594,42.269531
10172,-11507.431641,-11510.749023,3.317383
10173,-10951.211914,-11003.938477,52.726562
10174,-12640.638672,-12521.842773,118.795898
10175,-9772.356445,-9893.271484,120.915039
10176,-11899.785156,-11949.015625,49.230469
10177,-11999.150391,-11914.954102,84.196289
10178,-11351.656250,-11375.483398,23.827148
10179,-10591.203125,-10533.243164,57.959961
10180,-10998.064453,-10934.649414,63.415039
10181,-12365.455078,-12320.428711,45.026367
10182,-11433.609375,-11375.322266,58.287109
10183,-9805.958984,-10364.552734,558.593750
10184,-10611.720703,-10564.974609,46.746094
10185,-11468.300781,-11479.875977,11.575195
10186,-11415.498047,-11342.036133,73.461914
10187,-11320.608398,-11307.945312,12.663086
10188,-11391.424805,-11343.777344,47.647461
10189,-10662.135742,-10833.739258,171.603516
10190,-9396.268555,-8486.777344,909.491211
10191,-11443.489258,-11452.340820,8.851562
10192,-11947.376953,-11947.235352,0.141602
10193,-11591.245117,-11544.971680,46.273438
10194,-11356.372070,-11476.890625,120.518555
10195,-9542.694336,-9555.675781,12.981445
10196,-10976.193359,-10936.116211,40.077148
10197,-12330.870117,-12386.066406,55.196289
10198,-11401.122070,-11478.585938,77.463867
10199,-9420.991211,-9588.941406,167.950195
10200,-10663.910156,-10534.117188,129.792969
10201,-10551.500977,-10498.659180,52.841797
10202,-13160.144531,-13396.286133,236.141602
10203,-12644.791016,-12892.924805,248.133789
10204,-10830.971680,-10937.362305,106.390625
10205,-10188.246094,-10395.991211,207.745117
10206,-12387.915039,-12354.107422,33.807617
10207,-10684.658203,-10832.660156,148.001953
10208,-12781.199219,-12926.268555,145.069336
10209,-11567.093750,-11509.833008,57.260742
10210,-10928.768555,-10912.155273,16.613281
10211,-9705.937500,-9268.516602,437.420898
10212,-12484.625000,-12521.862305,37.237305
10213,-10499.741211,-10566.237305,66.496094
10214,-9578.644531,-9797.704102,219.059570
10215,-10881.446289,-10969.349609,87.903320
10216,-10011.640625,-10362.977539,351.336914
10217,-10579.711914,-10500.699219,79.012695
10218,-11340.890625,-11373.596680,32.706055
10219,-11898.139648,-11748.082031,150.057617
10220,-9552.421875,-10023.676758,471.254883
10221,-11030.311523,-11002.364258,27.947266
10222,-9306.837891,-9554.428711,247.590820
10223,-11548.800781,-11543.689453,5.111328
10224,-10988.801758,-10935.948242,52.853516
10225,-11398.075195,-11476.265625,78.190430
10226,-9979.668945,-9932.605469,47.063477
10227,-12479.134766,-12384.911133,94.223633
10228,-10602.767578,-10598.424805,4.342773
10229,-9802.162109,-9898.569336,96.407227
10230,-9857.493164,-9958.973633,101.480469
10231,-11417.043945,-11439.830078,22.786133
10232,-9977.221680,-9293.033203,684.188477
10233,-12791.727539,-12991.736328,200.008789
10234,-11256.426758,-11375.016602,118.589844
10235,-11997.208984,-11946.343750,50.865234
10236,-10520.900391,-10498.863281,22.037109
10237,-11460.401367,-11444.715820,15.685547
10238,-9931.007812,-9902.748047,28.259766
10239,-11610.119141,-11543.646484,66.472656
10240,-10537.707031,-10565.519531,27.812500
10241,-9844.839844,-9495.958984,348.880859
10242,-10598.315430,-10566.222656,32.092773
10243,-11490.587891,-11509.607422,19.019531
10244,-10541.462891,-10500.343750,41.119141
10245,-10554.393555,-10833.668945,279.275391
10246,-11597.612305,-11477.674805,119.937500
10247,-12015.207031,-11982.551758,32.655273
10248,-9383.889648,-9587.547852,203.658203
10249,-11012.882812,-11001.780273,11.102539
10250,-11489.885742,-11510.378906,20.493164
10251,-11363.318359,-11336.967773,26.350586
10252,-10950.249023,-10971.314453,21.065430
10253,-9903.263672,-9932.443359,29.179688
10254,-11891.291016,-11948.376953,57.085938
10255,-9215.085938,-9488.522461,273.436523
10256,-11043.486328,-10937.643555,105.842773
10257,-11421.966797,-11478.414062,56.447266
10258,-11553.211914,-11543.656250,9.555664
10259,-12287.833008,-12247.765625,40.067383
10260,-11021.370117,-11034.475586,13.105469
10261,-11592.695312,-11510.604492,82.090820
10262,-13483.102539,-13499.264648,16.162109
10263,-11188.803711,-11304.311523,115.507812
10264,-11637.154297,-11576.961914,60.192383
10265,-11718.905273,-11388.118164,330.787109
10266,-9244.570312,-8892.746094,351.824219
10267,-10515.909180,-10441.693359,74.215820
10268,-11035.982422,-10968.171875,67.810547
10269,-10661.450195,-10564.785156,96.665039
10270,-12886.861328,-12958.473633,71.612305
10271,-12405.613281,-12385.905273,19.708008
10272,-12469.716797,-12385.511719,84.205078
10273,-8593.385742,-8426.239258,167.146484
10274,-11592.296875,-11576.086914,16.209961
10275,-11002.950195,-10904.744141,98.206055
10276,-10644.438477,-10769.551758,125.113281
10277,-10377.168945,-10474.407227,97.238281
10278,-11558.780273,-11593.588867,34.808594
10279,-11024.453125,-10936.135742,88.317383
10280,-10987.108398,-10441.591797,545.516602
10281,-13339.291992,-13443.417969,104.125977
10282,-11865.679688,-11947.874023,82.194336
10283,-10390.432617,-10533.533203,143.100586
10284,-10436.670898,-10465.898438,29.227539
10285,-13293.111328,-13225.990234,67.121094
10286,-10130.005859,-10430.113281,300.107422
10287,-9761.391602,-9990.901367,229.509766
10288,-12026.000977,-11948.917969,77.083008
10289,-11972.758789,-11946.268555,26.490234
10290,-10981.961914,-10937.700195,44.261719
10291,-11455.320312,-11439.885742,15.434570
10292,-10966.780273,-11001.912109,35.131836
10293,-12831.298828,-12926.984375,95.685547
10294,-8802.091797,-8830.930664,28.838867
10295,-13530.826172,-13549.156250,18.330078
10296,-10896.928711,-10945.442383,48.513672
10297,-11110.258789,-10845.681641,264.577148
10298,-11966.895508,-11949.436523,17.458984
10299,-10988.654297,-11271.623047,282.968750
10300,-11383.095703,-11374.665039,8.430664
10301,-10947.323242,-11001.291016,53.967773
10302,-12255.653320,-12216.561523,39.091797
10303,-11673.723633,-11511.898438,161.825195
10304,-11409.536133,-11407.837891,1.698242
10305,-10959.054688,-10903.042969,56.011719
10306,-13305.621094,-13227.756836,77.864258
10307,-11990.832031,-11949.015625,41.816406
10308,-10994.028320,-10936.991211,57.037109
10309,-9538.125000,-9462.783203,75.341797
10310,-11459.251953,-11509.453125,50.201172
10311,-10630.199219,-10533.041016,97.158203
10312,-10951.425781,-11001.978516,50.552734
10313,-11243.590820,-11317.120117,73.529297
10314,-10527.902344,-10501.075195,26.827148
10315,-11911.312500,-11943.925781,32.613281
10316,-10534.752930,-10497.629883,37.123047
10317,-12421.041016,-12554.408203,133.367188
10318,-13457.776367,-13468.000977,10.224609
10319,-9687.511719,-8888.897461,798.614258
10320,-10229.928711,-10409.791016,179.862305
10321,-12493.035156,-12553.729492,60.694336
10322,-9555.137695,-9463.004883,92.132812
10323,-10949.129883,-10935.922852,13.207031
10324,-11357.176758,-11407.093750,49.916992
10325,-10911.101562,-10880.860352,30.241211
10326,-11601.022461,-11543.637695,57.384766
10327,-12498.617188,-12554.311523,55.694336
10328,-11666.738281,-11576.913086,89.825195
10329,-11830.630859,-11833.987305,3.356445
10330,-11371.216797,-11342.085938,29.130859
10331,-12442.288086,-12487.580078,45.291992
10332,-11845.009766,-11914.708008,69.698242
10333,-11907.775391,-11914.400391,6.625000
10334,-10611.135742,-10533.743164,77.392578
10335,-11773.434570,-11608.845703,164.588867
10336,-12698.298828,-12554.239258,144.059570
10337,-11548.677734,-11509.539062,39.138672
10338,-11409.972656,-11341.793945,68.178711
10339,-11818.060547,-11746.897461,71.163086
10340,-9995.264648,-9867.407227,127.857422
10341,-10600.218750,-10533.371094,66.847656
10342,-11416.581055,-11511.917969,95.336914
10343,-11531.411133,-11511.836914,19.574219
10344,-9754.997070,-9925.518555,170.521484
10345,-12044.713867,-11947.893555,96.820312
10346,-10660.091797,-10531.181641,128.910156
10347,-12527.210938,-12571.589844,44.378906
10348,-10515.841797,-10834.458984,318.617188
10349,-11052.043945,-10904.039062,148.004883
10350,-10514.018555,-10599.681641,85.663086
10351,-10989.586914,-10938.637695,50.949219
10352,-10603.449219,-10532.169922,71.279297
10353,-12428.540039,-12352.973633,75.566406
10354,-2331.716797,-10026.011719,7694.294922
10355,-10811.249023,-10936.432617,125.183594
10356,-11130.769531,-10971.734375,159.035156
10357,-12383.734375,-12319.814453,63.919922
10358,-11398.120117,-11407.502930,9.382812
10359,-11509.565430,-11340.247070,169.318359
10360,-10937.034180,-10905.154297,31.879883
10361,-11520.560547,-11475.826172,44.734375
10362,-10984.409180,-10969.439453,14.969727
10363,-12266.988281,-12521.419922,254.431641
10364,-12551.334961,-10415.205078,2136.129883
10365,-11400.884766,-11509.559570,108.674805
10366,-11862.395508,-11914.691406,52.295898
10367,-9335.190430,-9522.873047,187.682617
10368,-10940.334961,-10937.846680,2.488281
10369,-10971.842773,-10869.615234,102.227539
10370,-10381.458008,-10565.383789,183.925781
10371,-11957.267578,-11980.600586,23.333008
10372,-12837.791016,-12892.503906,54.712891
10373,-12442.229492,-12553.916016,111.686523
10374,-12441.895508,-12521.489258,79.593750
10375,-11407.578125,-11476.018555,68.440430
10376,-9592.253906,-9589.095703,3.158203
10377,-12475.560547,-12522.990234,47.429688
10378,-11060.793945,-11237.793945,177.000000
10379,-12011.136719,-11916.024414,95.112305
10380,-11335.067383,-11343.405273,8.337891
10381,-11922.121094,-11881.748047,40.373047
10382,-10920.258789,-10846.750000,73.508789
10383,-9594.966797,-7854.683594,1740.283203
10384,-11022.677734,-10911.685547,110.992188
10385,-12799.333984,-12958.813477,159.479492
10386,-12408.131836,-12523.003906,114.872070
10387,-9811.842773,-9901.455078,89.612305
10388,-12499.266602,-12520.425781,21.159180
10389,-11586.727539,-11512.868164,73.859375
10390,-10589.392578,-10476.595703,112.796875
10391,-11918.148438,-11949.656250,31.507812
10392,-11624.139648,-11544.030273,80.109375
10393,-10590.542969,-10534.632812,55.910156
10394,-11982.839844,-11981.146484,1.693359
10395,-10610.880859,-10532.838867,78.041992
10396,-8864.988281,-8896.770508,31.782227
10397,-11112.081055,-10911.389648,200.691406
10398,-9771.541992,-9261.865234,509.676758
10399,-11543.996094,-11509.878906,34.117188
10400,-12010.767578,-11947.335938,63.431641
10401,-10352.328125,-10408.322266,55.994141
10402,-11446.329102,-11374.569336,71.759766
10403,-11986.327148,-11982.076172,4.250977
10404,-11476.069336,-11510.952148,34.882812
10405,-11889.818359,-11747.865234,141.953125
10406,-10833.195312,-10877.138672,43.943359
10407,-9520.391602,-9554.394531,34.002930
10408,-11438.245117,-11373.475586,64.769531
10409,-10223.604492,-10442.195312,218.590820
10410,-11489.248047,-11542.677734,53.429688
10411,-10540.935547,-10499.638672,41.296875
10412,-11046.343750,-10937.193359,109.150391
10413,-12424.917969,-12488.666992,63.749023
10414,-12471.582031,-12554.476562,82.894531
10415,-11045.143555,-10971.166016,73.977539
10416,-12812.610352,-12894.514648,81.904297
10417,-11948.623047,-11949.097656,0.474609
10418,-11256.976562,-10944.282227,312.694336
10419,-11422.276367,-11408.748047,13.528320
10420,-11373.200195,-11373.972656,0.772461
10421,-11847.899414,-11914.028320,66.128906
10422,-10580.388672,-10464.805664,115.583008
10423,-9588.603516,-9429.712891,158.890625
10424,-10571.077148,-10499.686523,71.390625
10425,-12432.078125,-12417.597656,14.480469
10426,-11912.631836,-11947.677734,35.045898
10427,-9522.655273,-9268.471680,254.183594
10428,-9243.212891,-9489.056641,245.843750
10429,-11083.458984,-11003.402344,80.056641
10430,-9874.628906,-9898.792969,24.164062
10431,-11362.852539,-11374.612305,11.759766
10432,-8011.584473,-7795.696777,215.887695
10433,-10904.113281,-10912.916992,8.803711
10434,-9185.695312,-9521.926758,336.231445
10435,-11516.585938,-11509.688477,6.897461
10436,-10936.575195,-10968.195312,31.620117
10437,-10288.773438,-10441.197266,152.423828
10438,-13261.907227,-13330.695312,68.788086
10439,-10888.953125,-10877.157227,11.795898
10440,-9607.818359,-9404.603516,203.214844
10441,-12503.694336,-12520.544922,16.850586
10442,-9171.194336,-9489.164062,317.969727
10443,-10982.722656,-10969.122070,13.600586
10444,-10683.729492,-10775.204102,91.474609
10445,-12023.816406,-11945.708984,78.107422
10446,-12026.763672,-11916.230469,110.533203
10447,-11063.235352,-10971.127930,92.107422
10448,-12076.880859,-11949.583008,127.297852
10449,-11928.464844,-11948.092773,19.627930
10450,-11494.906250,-11477.314453,17.591797
10451,-10530.219727,-10499.649414,30.570312
10452,-11371.506836,-11340.498047,31.008789
10453,-11841.003906,-11883.600586,42.596680
10454,-10595.210938,-10500.283203,94.927734
10455,-12048.620117,-11754.306641,294.313477
10456,-11045.076172,-11002.716797,42.359375
10457,-12465.267578,-12386.133789,79.133789
10458,-10586.095703,-10532.459961,53.635742
10459,-10680.197266,-10565.209961,114.987305
10460,-8608.300781,-8460.439453,147.861328
10461,-12652.961914,-12554.912109,98.049805
10462,-10957.502930,-10937.253906,20.249023
10463,-11784.015625,-11882.373047,98.357422
10464,-9552.248047,-9464.414062,87.833984
10465,-10853.437500,-10968.696289,115.258789
10466,-10989.230469,-10968.894531,20.335938
10467,-11406.677734,-11374.581055,32.096680
10468,-14522.605469,-14640.038086,117.432617
10469,-11890.472656,-11844.686523,45.786133
10470,-11374.680664,-11439.699219,65.018555
10471,-12293.244141,-12249.957031,43.287109
10472,-11739.553711,-11811.835938,72.282227
10473,-11303.977539,-11405.041992,101.064453
10474,-11627.871094,-11478.618164,149.252930
10475,-9921.122070,-9934.570312,13.448242
10476,-9051.972656,-7382.581543,1669.391113
10477,-10986.865234,-10969.592773,17.272461
10478,-10047.707031,-9834.702148,213.004883
10479,-11561.893555,-11544.214844,17.678711
10480,-11948.611328,-11947.819336,0.791992
10481,-12439.921875,-12456.007812,16.085938
10482,-11950.581055,-11948.473633,2.107422
10483,-12251.828125,-12281.683594,29.855469
10484,-10598.707031,-10565.955078,32.751953
10485,-10271.956055,-10364.126953,92.170898
10486,-10550.597656,-10474.312500,76.285156
10487,-11859.538086,-11915.809570,56.271484
10488,-9721.908203,-9957.397461,235.489258
10489,-11854.758789,-11810.405273,44.353516
10490,-10580.626953,-10565.228516,15.398438
10491,-12307.298828,-12456.004883,148.706055
10492,-10948.722656,-11002.985352,54.262695
10493,-12821.958984,-12791.423828,30.535156
10494,-9325.161133,-9520.879883,195.718750
10495,-11575.386719,-11543.350586,32.036133
10496,-10265.647461,-10429.011719,163.364258
10497,-11623.124023,-11542.595703,80.528320
10498,-10627.376953,-10533.265625,94.111328
10499,-8933.486328,-8418.801758,514.684570
10500,-10984.351562,-10937.672852,46.678711
10501,-11004.725586,-10970.885742,33.839844
10502,-11068.277344,-10970.054688,98.222656
10503,-11557.893555,-11576.759766,18.866211
10504,-11310.926758,-11372.842773,61.916016
10505,-10867.460938,-10903.875977,36.415039
10506,-8015.278809,-7828.643066,186.635742
10507,-12248.442383,-12249.101562,0.659180
10508,-11616.709961,-11544.541992,72.167969
10509,-12015.103516,-11914.479492,100.624023
10510,-12494.456055,-12521.391602,26.935547
10511,-7542.770508,-9587.699219,2044.928711
10512,-11317.547852,-11372.471680,54.923828
10513,-9461.218750,-8291.151367,1170.067383
10514,-10040.740234,-10329.299805,288.559570
10515,-12487.125977,-12554.243164,67.117188
10516,-12128.723633,-11720.478516,408.245117
10517,-10695.528320,-10866.899414,171.371094
10518,-10549.366211,-10500.721680,48.644531
10519,-10951.800781,-10969.737305,17.936523
10520,-10770.380859,-9764.324219,1006.056641
10521,-9245.855469,-9959.218750,713.363281
10522,-10906.190430,-10902.349609,3.840820
10523,-11473.195312,-11476.052734,2.857422
10524,-12319.504883,-12418.953125,99.448242
10525,-9421.643555,-9555.990234,134.346680
10526,-11864.989258,-11813.731445,51.257812
10527,-11958.412109,-11915.304688,43.107422
10528,-9508.537109,-9958.349609,449.812500
10529,-11542.440430,-11544.443359,2.002930
10530,-13281.531250,-12411.254883,870.276367
10531,-11908.074219,-11915.449219,7.375000
10532,-10550.322266,-10533.291992,17.030273
10533,-11564.123047,-11542.796875,21.326172
10534,-10541.675781,-10338.393555,203.282227
10535,-10998.826172,-10878.315430,120.510742
10536,-10613.567383,-10598.426758,15.140625
10537,-10664.886719,-10531.900391,132.986328
10538,-11568.257812,-11510.180664,58.077148
10539,-10554.612305,-10598.388672,43.776367
10540,-10966.767578,-10970.153320,3.385742
10541,-9742.831055,-9496.433594,246.397461
10542,-11004.962891,-10937.440430,67.522461
10543,-12543.304688,-12554.065430,10.760742
10544,-12397.359375,-12353.729492,43.629883
10545,-12426.029297,-12456.691406,30.662109
10546,-11803.934570,-11722.726562,81.208008
10547,-10975.849609,-10902.941406,72.908203
10548,-9143.791016,-8864.656250,279.134766
10549,-11978.647461,-11949.108398,29.539062
10550,-8992.409180,-9522.877930,530.468750
10551,-10605.374023,-10564.754883,40.619141
10552,-9408.531250,-9554.759766,146.228516
10553,-11824.723633,-11780.133789,44.589844
10554,-10544.995117,-10497.032227,47.962891
10555,-11478.387695,-11476.574219,1.813477
10556,-9461.696289,-8520.072266,941.624023
10557,-11447.987305,-11509.772461,61.785156
10558,-11988.783203,-11979.434570,9.348633
10559,-9524.327148,-9562.290039,37.962891
10560,-6764.807617,-7450.830078,686.022461
10561,-12430.506836,-12455.894531,25.387695
10562,-10434.800781,-10501.173828,66.373047
10563,-7924.052734,-8729.226562,805.173828
10564,-10551.988281,-10532.277344,19.710938
10565,-12764.232422,-12479.372070,284.860352
10566,-11960.468750,-11948.274414,12.194336
10567,-5303.072266,-8552.536133,3249.463867
10568,-12497.356445,-12521.625000,24.268555
10569,-11951.130859,-11981.564453,30.433594
10570,-10954.685547,-10935.385742,19.299805
10571,-11655.257812,-11812.044922,156.787109
10572,-12512.105469,-12521.813477,9.708008
10573,-9186.510742,-9488.556641,302.045898
10574,-9263.562500,-9520.414062,256.851562
10575,-10995.931641,-10970.200195,25.731445
10576,-9485.775391,-9587.727539,101.952148
10577,-12354.894531,-12451.109375,96.214844
10578,-11508.157227,-11478.574219,29.583008
10579,-12019.508789,-11915.782227,103.726562
10580,-12493.187500,-12488.807617,4.379883
10581,-9049.333008,-9960.616211,911.283203
10582,-11399.255859,-11374.011719,25.244141
10583,-10556.798828,-10532.361328,24.437500
10584,-11329.853516,-11373.749023,43.895508
10585,-11035.768555,-11238.913086,203.144531
10586,-11456.833984,-11476.222656,19.388672
10587,-11554.239258,-11541.418945,12.820312
10588,-11898.497070,-11913.794922,15.297852
10589,-11522.250977,-11543.730469,21.479492
10590,-9690.666016,-9957.541992,266.875977
10591,-10566.612305,-10533.549805,33.062500
10592,-10942.852539,-10903.947266,38.905273
10593,-10464.844727,-10507.019531,42.174805
10594,-11364.564453,-11477.198242,112.633789
10595,-11744.330078,-11844.058594,99.728516
10596,-12192.166992,-11889.750977,302.416016
10597,-10987.486328,-10936.045898,51.440430
10598,-8343.994141,-10023.862305,1679.868164
10599,-12289.786133,-12249.624023,40.162109
10600,-9757.913086,-9859.752930,101.839844
10601,-12561.653320,-12522.357422,39.295898
10602,-11434.783203,-11376.347656,58.435547
10603,-9757.197266,-9957.873047,200.675781
10604,-11037.759766,-10905.017578,132.742188
10605,-10014.762695,-9934.832031,79.930664
10606,-11475.176758,-11543.587891,68.411133
10607,-9432.440430,-9405.266602,27.173828
10608,-12813.300781,-12756.633789,56.666992
10609,-12728.426758,-12926.751953,198.325195
10610,-12604.681641,-12522.453125,82.228516
10611,-11378.809570,-11308.604492,70.205078
10612,-10934.591797,-10936.454102,1.862305
10613,-11647.150391,-11477.610352,169.540039
10614,-8568.062500,-8460.257812,107.804688
10615,-12368.249023,-12352.591797,15.657227
10616,-10721.699219,-10802.229492,80.530273
10617,-12559.339844,-12386.829102,172.510742
10618,-9898.044922,-9960.895508,62.850586
10619,-10973.914062,-10902.727539,71.186523
10620,-10910.173828,-10903.872070,6.301758
10621,-11295.600586,-11374.855469,79.254883
10622,-9868.041992,-9935.426758,67.384766
10623,-11388.040039,-11374.541992,13.498047
10624,-10031.559570,-10427.252930,395.693359
10625,-11528.518555,-11484.604492,43.914062
10626,-11047.518555,-10939.301758,108.216797
10627,-11548.046875,-11479.320312,68.726562
10628,-9715.773438,-9866.061523,150.288086
10629,-11534.763672,-11509.826172,24.937500
10630,-11514.353516,-11509.577148,4.776367
10631,-10681.205078,-10599.291016,81.914062
10632,-11525.827148,-11510.922852,14.904297
10633,-9652.128906,-9924.231445,272.102539
10634,-8736.974609,-9328.552734,591.578125
10635,-12933.775391,-13500.494141,566.718750
10636,-11969.668945,-11946.875000,22.793945
10637,-9427.827148,-9463.818359,35.991211
10638,-11329.644531,-11408.313477,78.668945
10639,-12355.035156,-12353.721680,1.313477
10640,-9496.886719,-9522.643555,25.756836
10641,-10658.474609,-10935.457031,276.982422
10642,-11915.905273,-11948.400391,32.495117
10643,-12017.089844,-11948.846680,68.243164
10644,-11326.133789,-11342.265625,16.131836
10645,-12424.957031,-12418.753906,6.203125
10646,-11602.672852,-11542.743164,59.929688
10647,-10602.998047,-10566.566406,36.431641
10648,-9748.880859,-9437.515625,311.365234
10649,-11499.986328,-11478.179688,21.806641
10650,-10593.350586,-10531.828125,61.522461
10651,-12401.277344,-12351.608398,49.668945
10652,-11910.770508,-12554.155273,643.384766
10653,-10512.348633,-10466.783203,45.565430
10654,-11499.722656,-11509.540039,9.817383
10655,-10626.975586,-10566.165039,60.810547
10656,-9476.376953,-9588.088867,111.711914
10657,-10574.916016,-10499.600586,75.315430
10658,-10975.375977,-10937.782227,37.593750
10659,-10967.899414,-10937.224609,30.674805
10660,-12909.396484,-12960.288086,50.891602
10661,-12949.699219,-12956.534180,6.834961
10662,-9687.445312,-10430.081055,742.635742
10663,-12395.570312,-12520.909180,125.338867
10664,-13557.019531,-13500.138672,56.880859
10665,-11592.556641,-11542.932617,49.624023
10666,-10985.625977,-10937.395508,48.230469
10667,-10972.481445,-10937.163086,35.318359
10668,-11782.612305,-11811.431641,28.819336
10669,-10604.755859,-10532.272461,72.483398
10670,-12831.546875,-12959.145508,127.598633
10671,-12431.242188,-12757.426758,326.184570
10672,-10582.622070,-10534.599609,48.022461
10673,-11432.028320,-11510.190430,78.162109
10674,-11962.757812,-11915.894531,46.863281
10675,-11534.582031,-11509.778320,24.803711
10676,-9269.018555,-8486.846680,782.171875
10677,-9498.175781,-9957.375000,459.199219
10678,-11328.453125,-11375.335938,46.882812
10679,-10625.003906,-10567.267578,57.736328
10680,-9336.325195,-9556.082031,219.756836
10681,-10200.451172,-10398.244141,197.792969
10682,-12484.175781,-12489.407227,5.231445
10683,-11001.926758,-10939.632812,62.293945
10684,-10947.385742,-10969.843750,22.458008
10685,-12011.523438,-12012.454102,0.930664
10686,-11327.916992,-11375.554688,47.637695
10687,-10408.278320,-10306.495117,101.783203
10688,-10245.660156,-10364.334961,118.674805
10689,-11484.041016,-11477.613281,6.427734
10690,-12015.481445,-11948.161133,67.320312
10691,-10321.480469,-10364.399414,42.918945
10692,-11638.482422,-11575.718750,62.763672
10693,-11431.810547,-11407.704102,24.106445
10694,-10896.634766,-10877.889648,18.745117
10695,-10654.876953,-10532.390625,122.486328
10696,-10508.210938,-10533.103516,24.892578
10697,-11469.280273,-11507.529297,38.249023
10698,-4840.851074,-9653.914062,4813.062988
10699,-10653.477539,-10565.912109,87.565430
10700,-9553.753906,-9589.051758,35.297852
10701,-10537.948242,-10498.826172,39.122070
10702,-12282.177734,-12249.992188,32.185547
10703,-12001.287109,-11978.081055,23.206055
10704,-12131.041016,-11947.119141,183.921875
10705,-9320.914062,-8518.624023,802.290039
10706,-10605.120117,-10565.127930,39.992188
10707,-9965.945312,-9989.869141,23.923828
10708,-13958.361328,-13447.014648,511.346680
10709,-9843.406250,-10330.336914,486.930664
10710,-10591.746094,-10531.643555,60.102539
10711,-9725.981445,-9957.811523,231.830078
10712,-11064.774414,-10970.408203,94.366211
10713,-10964.441406,-10971.860352,7.418945
10714,-12480.762695,-12522.094727,41.332031
10715,-9747.285156,-9926.499023,179.213867
10716,-12042.025391,-11948.663086,93.362305
10717,-12732.925781,-12860.322266,127.396484
10718,-10212.337891,-10337.257812,124.919922
10719,-10567.743164,-10533.255859,34.487305
10720,-11470.027344,-11509.350586,39.323242
10721,-11970.450195,-11915.634766,54.815430
10722,-9198.142578,-9554.712891,356.570312
10723,-10982.653320,-10936.989258,45.664062
10724,-9490.105469,-9431.920898,58.184570
10725,-11648.974609,-11576.695312,72.279297
10726,-13315.662109,-13444.219727,128.557617
10727,-9270.599609,-8486.002930,784.596680
10728,-12978.024414,-12155.478516,822.545898
10729,-12365.652344,-12215.811523,149.840820
10730,-9495.254883,-9462.910156,32.344727
10731,-11870.177734,-11813.686523,56.491211
10732,-10508.353516,-10468.809570,39.543945
10733,-9211.231445,-8451.982422,759.249023
10734,-11037.212891,-10939.191406,98.021484
10735,-9749.538086,-9529.389648,220.148438
10736,-10960.389648,-10742.187500,218.202148
10737,-10179.331055,-10396.708008,217.376953
10738,-11468.833008,-11453.284180,15.548828
10739,-11331.821289,-11373.287109,41.465820
10740,-11680.544922,-11576.584961,103.959961
10741,-10960.954102,-11003.686523,42.732422
10742,-12495.075195,-12385.157227,109.917969
10743,-13365.104492,-13467.064453,101.959961
10744,-10143.599609,-10365.254883,221.655273
10745,-9778.595703,-9960.754883,182.159180
10746,-11440.032227,-11444.115234,4.083008
10747,-11687.780273,-11543.115234,144.665039
10748,-10951.678711,-10969.436523,17.757812
10749,-12391.521484,-12454.734375,63.212891
10750,-10945.045898,-11001.541016,56.495117
10751,-11930.951172,-11947.008789,16.057617
10752,-12426.987305,-12489.754883,62.767578
10753,-17009.238281,-16471.908203,537.330078
10754,-10723.807617,-10532.120117,191.687500
10755,-11031.162109,-11002.381836,28.780273
10756,-12496.250977,-12489.645508,6.605469
10757,-11334.831055,-11307.813477,27.017578
10758,-11857.994141,-11948.332031,90.337891
10759,-9468.838867,-9430.953125,37.885742
10760,-10664.224609,-10833.486328,169.261719
10761,-11447.318359,-11511.641602,64.323242
10762,-11468.155273,-11443.847656,24.307617
10763,-10583.115234,-10532.846680,50.268555
10764,-12456.713867,-12288.597656,168.116211
10765,-10551.407227,-10533.581055,17.826172
10766,-10716.061523,-10369.066406,346.995117
10767,-10509.842773,-10475.159180,34.683594
10768,-11409.097656,-11478.218750,69.121094
10769,-12002.324219,-11949.125977,53.198242
10770,-10456.753906,-10834.166016,377.412109
10771,-12357.734375,-12417.944336,60.209961
10772,-11947.382812,-11914.790039,32.592773
10773,-10656.353516,-10565.350586,91.002930
10774,-8847.169922,-8452.115234,395.054688
10775,-11048.692383,-11003.417969,45.274414
10776,-9509.501953,-9429.341797,80.160156
10777,-11389.013672,-11445.026367,56.012695
10778,-10961.402344,-10970.825195,9.422852
10779,-10361.275391,-10365.373047,4.097656
10780,-11861.334961,-11844.975586,16.359375
10781,-10976.440430,-10935.910156,40.530273
10782,-11884.201172,-11453.498047,430.703125
10783,-11021.434570,-10935.923828,85.510742
10784,-11373.630859,-11343.452148,30.178711
10785,-12579.285156,-12685.914062,106.628906
10786,-12136.197266,-11937.458008,198.739258
10787,-10610.375977,-10566.366211,44.009766
10788,-11470.312500,-11479.020508,8.708008
10789,-16503.875000,-16471.070312,32.804688
10790,-12001.402344,-11948.029297,53.373047
10791,-10853.120117,-10905.806641,52.686523
10792,-11850.394531,-11811.322266,39.072266
10793,-12244.877930,-12214.929688,29.948242
10794,-11520.172852,-11511.785156,8.387695
10795,-12643.242188,-12892.671875,249.429688
10796,-10583.258789,-10532.460938,50.797852
10797,-10830.365234,-11034.919922,204.554688
10798,-10592.806641,-10598.332031,5.525391
10799,-12396.379883,-12522.251953,125.872070
10800,-9518.600586,-9462.064453,56.536133
10801,-11967.608398,-11916.574219,51.034180
10802,-11980.001953,-11980.489258,0.487305
10803,-10953.677734,-10968.670898,14.993164
10804,-11389.105469,-11404.698242,15.592773
10805,-12413.897461,-12455.759766,41.862305
10806,-10608.216797,-10533.832031,74.384766
10807,-11601.365234,-11542.925781,58.439453
10808,-12805.759766,-12892.942383,87.182617
10809,-11365.537109,-11407.986328,42.449219
10810,-9469.375977,-9463.511719,5.864258
10811,-10590.453125,-10532.827148,57.625977
10812,-12235.134766,-11890.601562,344.533203
10813,-11401.605469,-11342.046875,59.558594
10814,-9538.507812,-9495.697266,42.810547
10815,-12667.708984,-12790.139648,122.430664
10816,-11554.974609,-11511.551758,43.422852
10817,-11959.703125,-11915.987305,43.715820
10818,-10979.878906,-10933.805664,46.073242
10819,-12930.680664,-13007.396484,76.715820
10820,-11067.042969,-11034.764648,32.278320
10821,-9127.218750,-8485.316406,641.902344
10822,-9515.541992,-9463.016602,52.525391
10823,-11791.734375,-11810.304688,18.570312
10824,-10954.099609,-10839.882812,114.216797
10825,-9186.042969,-9991.087891,805.044922
10826,-10549.479492,-10533.107422,16.372070
10827,-11954.165039,-11878.176758,75.988281
10828,-11732.111328,-11811.758789,79.647461
10829,-11020.818359,-11034.709961,13.891602
10830,-12151.100586,-12014.712891,136.387695
10831,-10986.585938,-10970.313477,16.272461
10832,-10583.927734,-10565.612305,18.315430
10833,-9963.826172,-9357.549805,606.276367
10834,-10571.167969,-10499.864258,71.303711
10835,-10984.857422,-10970.356445,14.500977
10836,-12439.463867,-12456.191406,16.727539
10837,-10617.812500,-10599.066406,18.746094
10838,-11437.389648,-11439.610352,2.220703
10839,-11968.563477,-11883.355469,85.208008
10840,-11428.511719,-11374.188477,54.323242
10841,-12815.868164,-12789.830078,26.038086
10842,-11975.409180,-11948.978516,26.430664
10843,-11019.187500,-10937.148438,82.039062
10844,-12340.049805,-12488.158203,148.108398
10845,-13318.771484,-13332.350586,13.579102
10846,-12283.474609,-12321.391602,37.916992
10847,-9914.012695,-9902.782227,11.230469
10848,-11778.551758,-11949.339844,170.788086
10849,-11900.722656,-11916.241211,15.518555
10850,-11425.270508,-11405.785156,19.485352
10851,-11325.696289,-11375.408203,49.711914
10852,-10605.599609,-10566.612305,38.987305
10853,-11950.227539,-11884.559570,65.667969
10854,-9752.034180,-9899.943359,147.909180
10855,-10495.125977,-10473.792969,21.333008
10856,-9819.897461,-9933.166016,113.268555
10857,-12001.434570,-11915.583008,85.851562
10858,-9512.567383,-9496.822266,15.745117
10859,-11769.740234,-11844.695312,74.955078
10860,-12410.014648,-12418.190430,8.175781
10861,-12767.404297,-12895.113281,127.708984
10862,-11378.130859,-11477.069336,98.938477
10863,-9088.095703,-8865.208984,222.886719
10864,-11534.311523,-11707.866211,173.554688
10865,-12401.574219,-12456.887695,55.313477
10866,-11885.040039,-11317.166016,567.874023
10867,-10696.192383,-10776.213867,80.021484
10868,-12400.544922,-12385.866211,14.678711
10869,-11309.286133,-11341.363281,32.077148
10870,-11994.826172,-11316.415039,678.411133
10871,-8749.048828,-9957.228516,1208.179688
10872,-12042.664062,-11981.396484,61.267578
10873,-9624.046875,-9529.424805,94.622070
10874,-11712.909180,-11575.779297,137.129883
10875,-8953.937500,-8864.957031,88.980469
10876,-9850.910156,-9870.495117,19.584961
10877,-11986.360352,-11913.538086,72.822266
10878,-12491.747070,-12554.979492,63.232422
10879,-11007.138672,-10969.188477,37.950195
10880,-9915.087891,-9992.371094,77.283203
10881,-10956.999023,-10969.366211,12.367188
10882,-9604.625977,-10362.531250,757.905273
10883,-11442.245117,-11444.399414,2.154297
10884,-11153.990234,-10671.065430,482.924805
10885,-11732.617188,-11419.833984,312.783203
10886,-9160.533203,-9489.584961,329.051758
10887,-10628.922852,-10533.117188,95.805664
10888,-11845.179688,-11779.993164,65.186523
10889,-11938.647461,-11947.918945,9.271484
10890,-11378.519531,-11374.079102,4.440430
10891,-12780.359375,-12924.962891,144.603516
10892,-9703.349609,-9991.559570,288.209961
10893,-12059.652344,-11914.465820,145.186523
10894,-11457.003906,-11509.356445,52.352539
10895,-11995.627930,-11979.979492,15.648438
10896,-9515.595703,-8519.884766,995.710938
10897,-11108.371094,-11034.755859,73.615234
10898,-12577.218750,-12522.810547,54.408203
10899,-10012.615234,-9901.352539,111.262695
10900,-11524.216797,-11542.680664,18.463867
10901,-11022.284180,-10968.425781,53.858398
10902,-12735.576172,-12926.256836,190.680664
10903,-10545.032227,-10533.131836,11.900391
10904,-10946.815430,-10967.979492,21.164062
10905,-10884.897461,-10880.581055,4.316406
10906,-12535.091797,-12373.382812,161.708984
10907,-10633.277344,-10565.126953,68.150391
10908,-9880.283203,-9834.985352,45.297852
10909,-11542.227539,-11509.048828,33.178711
10910,-9050.260742,-9555.197266,504.936523
10911,-10344.639648,-10397.112305,52.472656
10912,-10978.046875,-10938.194336,39.852539
10913,-9814.617188,-8921.652344,892.964844
10914,-9132.882812,-9555.658203,422.775391
10915,-11574.334961,-11509.957031,64.377930
10916,-11923.647461,-11980.549805,56.902344
10917,-12839.557617,-12925.849609,86.291992
10918,-10669.069336,-10565.202148,103.867188
10919,-11518.022461,-11509.093750,8.928711
10920,-11516.679688,-11542.747070,26.067383
10921,-11545.772461,-11511.934570,33.837891
10922,-11592.915039,-11542.652344,50.262695
10923,-11948.968750,-11949.067383,0.098633
10924,-12423.323242,-12554.370117,131.046875
10925,-10368.563477,-10440.380859,71.817383
10926,-9706.836914,-9809.486328,102.649414
10927,-11279.332031,-11375.611328,96.279297
10928,-11067.913086,-10938.166992,129.746094
10929,-10624.904297,-10566.571289,58.333008
10930,-11594.834961,-11512.544922,82.290039
10931,-11409.401367,-11406.818359,2.583008
10932,-12382.793945,-12384.677734,1.883789
10933,-11862.790039,-11882.253906,19.463867
10934,-11395.166016,-11439.498047,44.332031
10935,-13160.223633,-13363.089844,202.866211
10936,-11498.016602,-11509.249023,11.232422
10937,-11960.421875,-11915.299805,45.122070
10938,-7836.155273,-7762.806641,73.348633
10939,-10348.481445,-10440.169922,91.688477
10940,-10992.884766,-10937.212891,55.671875
10941,-10940.614258,-10901.413086,39.201172
10942,-13026.045898,-12958.801758,67.244141
10943,-9800.790039,-9959.647461,158.857422
10944,-9620.916016,-9429.633789,191.282227
10945,-9984.471680,-9934.280273,50.191406
10946,-10451.773438,-10234.518555,217.254883
10947,-10225.438477,-10428.837891,203.399414
10948,-8493.405273,-8426.744141,66.661133
10949,-10579.886719,-10566.095703,13.791016
10950,-11957.462891,-11948.212891,9.250000
10951,-11009.292969,-10969.936523,39.356445
10952,-12551.095703,-12417.463867,133.631836
10953,-11608.651367,-11511.809570,96.841797
10954,-11818.716797,-11882.936523,64.219727
10955,-11760.705078,-11844.272461,83.567383
10956,-11108.779297,-10937.963867,170.815430
10957,-11506.033203,-11576.014648,69.981445
10958,-11553.594727,-11511.509766,42.084961
10959,-11419.001953,-11508.245117,89.243164
10960,-9843.347656,-9327.639648,515.708008
10961,-11351.646484,-11406.362305,54.715820
10962,-10720.093750,-10866.963867,146.870117
10963,-12382.130859,-12488.044922,105.914062
10964,-11430.151367,-11511.168945,81.017578
10965,-12312.420898,-12554.465820,242.044922
10966,-11360.430664,-11341.040039,19.390625
10967,-10957.340820,-10969.514648,12.173828
10968,-9908.525391,-9901.397461,7.127930
10969,-11457.606445,-11410.557617,47.048828
10970,-9491.145508,-9497.310547,6.165039
10971,-9117.243164,-9489.413086,372.169922
10972,-11830.568359,-11880.822266,50.253906
10973,-10297.481445,-10395.801758,98.320312
10974,-11851.927734,-12012.728516,160.800781
10975,-10555.835938,-10498.161133,57.674805
10976,-11500.916016,-11543.004883,42.088867
10977,-11949.982422,-11948.662109,1.320312
10978,-11618.458008,-11543.721680,74.736328
10979,-9314.416016,-8452.342773,862.073242
10980,-11494.019531,-11478.259766,15.759766
10981,-10535.422852,-10565.114258,29.691406
10982,-11391.884766,-11373.292969,18.591797
10983,-11490.908203,-11374.704102,116.204102
10984,-11747.211914,-11914.336914,167.125000
10985,-10644.245117,-10599.140625,45.104492
10986,-10221.669922,-10397.474609,175.804688
10987,-9640.975586,-9891.791016,250.815430
10988,-11598.975586,-11543.858398,55.117188
10989,-11323.193359,-11476.549805,153.356445
10990,-13022.919922,-13008.584961,14.334961
10991,-10965.822266,-10878.682617,87.139648
10992,-10598.534180,-10533.752930,64.781250
10993,-11494.535156,-11510.964844,16.429688
10994,-12504.898438,-12553.200195,48.301758
10995,-10609.685547,-10833.949219,224.263672
10996,-11342.264648,-11375.799805,33.535156
10997,-11540.942383,-11544.209961,3.267578
10998,-11665.182617,-11510.855469,154.327148
10999,-10682.990234,-10598.200195,84.790039
11000,-12050.682617,-11949.041992,101.640625
11001,-12849.496094,-12927.669922,78.173828
11002,-12926.076172,-12822.034180,104.041992
11003,-12499.431641,-12521.008789,21.577148
11004,-10120.444336,-9326.879883,793.564453
11005,-10388.868164,-10474.413086,85.544922
11006,-10260.180664,-10397.332031,137.151367
11007,-10634.696289,-10533.185547,101.510742
11008,-9523.930664,-9463.887695,60.042969
11009,-10355.708008,-10473.510742,117.802734
11010,-10964.849609,-10938.152344,26.697266
11011,-10575.450195,-10565.063477,10.386719
11012,-12456.219727,-12487.935547,31.715820
11013,-12574.499023,-12553.821289,20.677734
11014,-11508.493164,-11511.918945,3.425781
11015,-11641.189453,-11576.291992,64.897461
11016,-12342.589844,-12384.686523,42.096680
11017,-10616.104492,-10533.931641,82.172852
11018,-12850.870117,-12791.264648,59.605469
11019,-10361.403320,-10439.648438,78.245117
11020,-9935.969727,-7218.741211,2717.228516
11021,-11834.855469,-11778.999023,55.856445
11022,-11941.384766,-11947.723633,6.338867
11023,-11015.840820,-10938.265625,77.575195
11024,-10942.189453,-10969.431641,27.242188
11025,-10942.419922,-11002.002930,59.583008
11026,-13718.773438,-13764.689453,45.916016
11027,-9347.114258,-9621.729492,274.615234
11028,-10568.833984,-10500.493164,68.340820
11029,-11978.263672,-11917.540039,60.723633
11030,-10681.954102,-10566.205078,115.749023
11031,-11497.216797,-11507.998047,10.781250
11032,-11003.978516,-10937.431641,66.546875
11033,-10065.594727,-9833.166016,232.428711
11034,-11357.679688,-11305.610352,52.069336
11035,-10698.486328,-10533.668945,164.817383
11036,-11420.434570,-11477.555664,57.121094
11037,-9331.992188,-9522.570312,190.578125
11038,-11415.847656,-11477.318359,61.470703
11039,-9340.929688,-9458.721680,117.791992
11040,-12396.722656,-12418.383789,21.661133
11041,-10936.961914,-11205.933594,268.971680
11042,-10929.609375,-11001.356445,71.747070
11043,-12411.341797,-12319.563477,91.778320
11044,-11892.370117,-11949.056641,56.686523
11045,-10377.047852,-10770.175781,393.127930
11046,-9573.965820,-8923.709961,650.255859
11047,-11559.785156,-11508.744141,51.041016
11048,-11387.590820,-11477.468750,89.877930
11049,-10525.436523,-10500.738281,24.698242
11050,-9969.392578,-9900.945312,68.447266
11051,-12868.767578,-12789.125977,79.641602
11052,-10701.311523,-10531.850586,169.460938
11053,-11440.653320,-11374.373047,66.280273
11054,-11463.806641,-11507.706055,43.899414
11055,-10728.170898,-10799.363281,71.192383
11056,-12836.133789,-12958.025391,121.891602
11057,-11020.063477,-10937.611328,82.452148
11058,-13286.882812,-13332.416016,45.533203
11059,-11928.604492,-11915.948242,12.656250
11060,-11272.666016,-11376.104492,103.438477
11061,-11396.967773,-11407.024414,10.056641
11062,-10520.921875,-10500.432617,20.489258
11063,-9614.442383,-9496.878906,117.563477
11064,-10688.458984,-10775.934570,87.475586
11065,-10948.134766,-10969.682617,21.547852
11066,-10976.598633,-11003.358398,26.759766
11067,-10645.425781,-10532.221680,113.204102
11068,-9931.215820,-9837.384766,93.831055
11069,-9789.666992,-10397.568359,607.901367
11070,-12796.722656,-12789.249023,7.473633
11071,-9971.835938,-10362.601562,390.765625
11072,-11313.093750,-11437.897461,124.803711
11073,-10546.702148,-10598.456055,51.753906
11074,-11990.746094,-11947.977539,42.768555
11075,-10469.439453,-10468.228516,1.210938
11076,-10348.866211,-10307.174805,41.691406
11077,-11785.014648,-11542.760742,242.253906
11078,-10532.183594,-10532.518555,0.334961
11079,-9356.452148,-9620.958008,264.505859
11080,-11894.583984,-11851.512695,43.071289
11081,-11059.606445,-11239.009766,179.403320
11082,-11420.955078,-11510.890625,89.935547
11083,-13393.905273,-13297.908203,95.997070
11084,-10534.006836,-10531.846680,2.160156
11085,-12875.711914,-12927.261719,51.549805
11086,-11401.371094,-11475.884766,74.513672
11087,-10952.214844,-10970.495117,18.280273
11088,-11976.094727,-11948.313477,27.781250
11089,-11663.767578,-11544.172852,119.594727
11090,-10674.834961,-10845.271484,170.436523
11091,-11368.202148,-11342.105469,26.096680
11092,-10947.666016,-10936.953125,10.712891
11093,-12856.419922,-12894.500000,38.080078
11094,-11389.426758,-11440.353516,50.926758
11095,-9916.201172,-9866.952148,49.249023
11096,-12407.405273,-12521.590820,114.185547
11097,-10658.397461,-10835.083008,176.685547
11098,-9421.408203,-9587.597656,166.189453
11099,-12517.057617,-12386.187500,130.870117
11100,-11348.866211,-11318.628906,30.237305
11101,-10485.174805,-10498.546875,13.372070
11102,-11012.458984,-10936.816406,75.642578
11103,-11392.983398,-11341.883789,51.099609
11104,-11505.483398,-11510.524414,5.041016
11105,-12058.847656,-11914.795898,144.051758
11106,-12449.368164,-12385.857422,63.510742
11107,-8953.556641,-8862.739258,90.817383
11108,-11534.058594,-11511.907227,22.151367
11109,-12409.846680,-12384.367188,25.479492
11110,-11925.191406,-11912.466797,12.724609
11111,-10527.542969,-10534.136719,6.593750
11112,-12502.243164,-12354.078125,148.165039
11113,-9497.426758,-7853.980957,1643.445801
11114,-10487.883789,-10507.814453,19.930664
11115,-11532.622070,-11543.734375,11.112305
11116,-10912.861328,-10936.951172,24.089844
11117,-11981.305664,-11948.623047,32.682617
11118,-11869.698242,-11884.113281,14.415039
11119,-14476.521484,-15292.879883,816.358398
11120,-10618.972656,-10565.396484,53.576172
11121,-13020.784180,-13007.275391,13.508789
11122,-10960.635742,-11002.591797,41.956055
11123,-11542.376953,-11542.843750,0.466797
11124,-12131.944336,-12013.821289,118.123047
11125,-11995.843750,-11948.450195,47.393555
11126,-10839.888672,-11036.599609,196.710938
11127,-12007.845703,-12013.315430,5.469727
11128,-11921.093750,-11947.931641,26.837891
11129,-11535.054688,-11543.168945,8.114258
11130,-11469.390625,-11476.096680,6.706055
11131,-11349.741211,-11374.305664,24.564453
11132,-11914.791016,-11947.390625,32.599609
11133,-11985.185547,-11948.652344,36.533203
11134,-10983.971680,-10903.194336,80.777344
11135,-11615.833008,-11543.796875,72.036133
11136,-9178.589844,-9959.811523,781.221680
11137,-11365.360352,-11474.180664,108.820312
11138,-12014.420898,-12014.111328,0.309570
11139,-12456.275391,-12386.357422,69.917969
11140,-9899.036133,-9957.033203,57.997070
11141,-11652.600586,-11543.509766,109.090820
11142,-11825.812500,-11814.070312,11.742188
11143,-10626.381836,-10565.365234,61.016602
11144,-11590.438477,-11543.849609,46.588867
11145,-10645.179688,-10599.296875,45.882812
11146,-11927.588867,-11913.028320,14.560547
11147,-11276.759766,-11408.794922,132.035156
11148,-12154.299805,-12353.386719,199.086914
11149,-10399.189453,-11271.004883,871.815430
11150,-11023.198242,-10938.569336,84.628906
11151,-13771.334961,-13985.388672,214.053711
11152,-12601.465820,-12478.051758,123.414062
11153,-11423.839844,-11374.328125,49.511719
11154,-11521.261719,-11543.930664,22.668945
11155,-9844.564453,-9959.151367,114.586914
11156,-11045.051758,-11206.149414,161.097656
11157,-10623.845703,-10566.557617,57.288086
11158,-11107.062500,-10874.745117,232.317383
11159,-10998.396484,-10933.984375,64.412109
11160,-11992.387695,-11949.877930,42.509766
11161,-10969.436523,-10971.107422,1.670898
11162,-10945.143555,-10968.150391,23.006836
11163,-11567.593750,-11544.564453,23.029297
11164,-12732.089844,-12757.321289,25.231445
11165,-9929.234375,-9834.042969,95.191406
11166,-11880.690430,-11915.268555,34.578125
11167,-9877.091797,-9866.330078,10.761719
11168,-11491.430664,-11510.607422,19.176758
11169,-11407.990234,-11408.325195,0.334961
11170,-11322.526367,-11374.036133,51.509766
11171,-10279.839844,-10363.592773,83.752930
11172,-12729.167969,-12821.705078,92.537109
11173,-12430.052734,-12454.748047,24.695312
11174,-9775.174805,-9924.458984,149.284180
11175,-12466.972656,-12586.973633,120.000977
11176,-12829.889648,-12926.330078,96.440430
11177,-10976.559570,-10906.441406,70.118164
11178,-10949.224609,-10936.955078,12.269531
11179,-12416.630859,-12417.520508,0.889648
11180,-10586.293945,-10532.478516,53.815430
11181,-11332.768555,-11340.035156,7.266602
11182,-12091.223633,-11857.370117,233.853516
11183,-10991.791992,-10968.494141,23.297852
11184,-11654.384766,-11575.968750,78.416016
11185,-11765.379883,-11844.373047,78.993164
11186,-11985.662109,-11949.384766,36.277344
11187,-10569.478516,-10532.316406,37.162109
11188,-10762.038086,-10844.904297,82.866211
11189,-9864.691406,-9957.868164,93.176758
11190,-12502.322266,-12520.214844,17.892578
11191,-10602.486328,-10500.807617,101.678711
11192,-11960.515625,-11979.333984,18.818359
11193,-11331.811523,-11373.625977,41.814453
11194,-11075.989258,-11271.660156,195.670898
11195,-12886.573242,-12788.847656,97.725586
11196,-11366.709961,-10788.506836,578.203125
11197,-11432.565430,-11374.393555,58.171875
11198,-10609.754883,-10834.500977,224.746094
11199,-11644.799805,-11576.820312,67.979492
11200,-9963.064453,-9868.115234,94.949219
11201,-10993.083984,-11001.347656,8.263672
11202,-10922.763672,-11003.961914,81.198242
11203,-11542.599609,-11543.599609,1.000000
11204,-10944.092773,-10970.049805,25.957031
11205,-10982.243164,-10943.320312,38.922852
11206,-11419.091797,-11406.564453,12.527344
11207,-10971.750000,-10935.993164,35.756836
11208,-11985.580078,-11980.872070,4.708008
11209,-11322.611328,-11307.875000,14.736328
11210,-7524.238770,-7391.153809,133.084961
11211,-11555.741211,-11543.768555,11.972656
11212,-11496.782227,-11373.728516,123.053711
11213,-11598.916992,-11544.196289,54.720703
11214,-11461.953125,-11476.718750,14.765625
11215,-12218.269531,-12287.316406,69.046875
11216,-10922.279297,-10968.816406,46.537109
11217,-11905.396484,-11946.802734,41.406250
11218,-10984.136719,-11003.952148,19.815430
11219,-12458.984375,-12385.723633,73.260742
11220,-12544.992188,-12521.525391,23.466797
11221,-12478.103516,-12521.756836,43.653320
11222,-11548.515625,-11526.666992,21.848633
11223,-11601.179688,-11543.819336,57.360352
11224,-9983.277344,-9292.661133,690.616211
11225,-11907.084961,-11947.783203,40.698242
11226,-9280.311523,-9555.662109,275.350586
11227,-11001.748047,-10970.517578,31.230469
11228,-10714.610352,-10539.981445,174.628906
11229,-12416.441406,-12521.335938,104.894531
11230,-11411.035156,-11408.073242,2.961914
11231,-11039.800781,-10903.053711,136.747070
11232,-11505.855469,-11478.738281,27.117188
11233,-12787.848633,-12957.533203,169.684570
11234,-9249.364258,-8485.381836,763.982422
11235,-9203.958008,-10395.169922,1191.211914
11236,-10831.926758,-10743.523438,88.403320
11237,-11810.275391,-11813.164062,2.888672
11238,-10970.484375,-10971.426758,0.942383
11239,-12466.939453,-12489.105469,22.166016
11240,-12952.280273,-12990.287109,38.006836
11241,-10594.080078,-10565.977539,28.102539
11242,-10845.876953,-10936.076172,90.199219
11243,-12618.691406,-12651.794922,33.103516
11244,-11484.065430,-11509.238281,25.172852
11245,-10211.156250,-10441.091797,229.935547
11246,-9256.200195,-9490.507812,234.307617
11247,-10466.717773,-10441.366211,25.351562
11248,-10624.263672,-10832.362305,208.098633
11249,-11364.316406,-11406.536133,42.219727
11250,-11843.626953,-11979.341797,135.714844
11251,-11655.279297,-11575.891602,79.387695
11252,-9037.957031,-8833.031250,204.925781
11253,-11456.257812,-11478.756836,22.499023
11254,-11386.772461,-10821.072266,565.700195
11255,-11410.831055,-11440.822266,29.991211
11256,-11711.954102,-11947.624023,235.669922
11257,-9566.564453,-9495.863281,70.701172
11258,-11683.669922,-11510.452148,173.217773
11259,-10951.496094,-11002.892578,51.396484
11260,-11569.418945,-11511.684570,57.734375
11261,-10936.523438,-10936.004883,0.518555
11262,-11965.878906,-11913.467773,52.411133
11263,-11759.498047,-11844.463867,84.965820
11264,-11980.215820,-11978.926758,1.289062
11265,-10291.604492,-10364.909180,73.304688
11266,-12178.448242,-12281.178711,102.730469
11267,-10542.323242,-10532.863281,9.459961
11268,-10593.812500,-10532.250977,61.561523
11269,-11542.871094,-11510.181641,32.689453
11270,-10554.200195,-10531.804688,22.395508
11271,-13363.693359,-13332.410156,31.283203
11272,-11842.859375,-11812.359375,30.500000
11273,-10923.470703,-10936.647461,13.176758
11274,-1028.023438,-6186.184082,5158.160645
11275,-5897.833496,-5657.703613,240.129883
11276,-9483.208984,-9463.237305,19.971680
11277,-12484.179688,-12490.294922,6.115234
11278,-10362.019531,-10376.899414,14.879883
11279,-10929.753906,-10878.427734,51.326172
11280,-10056.932617,-9327.822266,729.110352
11281,-10963.541016,-10904.970703,58.570312
11282,-10955.370117,-10936.085938,19.284180
11283,-12481.481445,-12554.713867,73.232422
11284,-12197.340820,-11754.008789,443.332031
11285,-12435.970703,-12352.921875,83.048828
11286,-11577.827148,-11543.740234,34.086914
11287,-11011.802734,-10971.702148,40.100586
11288,-10660.835938,-10565.326172,95.509766
11289,-11978.139648,-11979.830078,1.690430
11290,-11784.697266,-11845.461914,60.764648
11291,-11593.153320,-11542.476562,50.676758
11292,-11002.369141,-10967.893555,34.475586
11293,-11565.545898,-11676.706055,111.160156
11294,-11375.479492,-11342.935547,32.543945
11295,-11270.956055,-11443.447266,172.491211
11296,-11416.880859,-11375.116211,41.764648
11297,-11053.373047,-10937.671875,115.701172
11298,-9715.758789,-9829.847656,114.088867
11299,-10475.128906,-10497.320312,22.191406
11300,-11402.898438,-11476.166992,73.268555
11301,-10956.226562,-10937.679688,18.546875
11302,-10144.646484,-10398.352539,253.706055
11303,-12339.492188,-12352.598633,13.106445
11304,-9164.068359,-7416.478516,1747.589844
11305,-12538.680664,-12488.372070,50.308594
11306,-9813.041016,-9928.425781,115.384766
11307,-11861.405273,-11779.720703,81.684570
11308,-11623.322266,-11575.658203,47.664062
11309,-10577.460938,-10499.020508,78.440430
11310,-11615.690430,-11543.355469,72.334961
11311,-10913.384766,-10936.336914,22.952148
11312,-9745.282227,-9958.981445,213.699219
11313,-11983.746094,-11948.162109,35.583984
11314,-14426.804688,-13917.038086,509.766602
11315,-10950.512695,-10971.791016,21.278320
11316,-8833.024414,-9293.514648,460.490234
11317,-9865.682617,-9797.665039,68.017578
11318,-8720.679688,-8801.190430,80.510742
11319,-11979.931641,-11947.973633,31.958008
11320,-12807.740234,-12925.727539,117.987305
11321,-11703.722656,-11576.719727,127.002930
11322,-12906.140625,-12821.647461,84.493164
11323,-9723.460938,-9957.607422,234.146484
11324,-12021.854492,-11945.069336,76.785156
11325,-10592.277344,-10531.724609,60.552734
11326,-10453.128906,-10475.231445,22.102539
11327,-11907.149414,-11915.988281,8.838867
11328,-10512.724609,-10500.542969,12.181641
11329,-11360.389648,-11408.612305,48.222656
11330,-12461.741211,-12520.331055,58.589844
11331,-10958.469727,-10969.835938,11.366211
11332,-12411.208984,-12458.097656,46.888672
11333,-12856.495117,-12894.843750,38.348633
11334,-12433.238281,-12489.216797,55.978516
11335,-12355.916016,-12319.546875,36.369141
11336,-12497.031250,-12351.809570,145.221680
11337,-11841.218750,-11777.774414,63.444336
11338,-11390.453125,-11408.097656,17.644531
11339,-9709.462891,-9562.362305,147.100586
11340,-11511.018555,-11510.837891,0.180664
11341,-11514.958008,-11510.134766,4.823242
11342,-12511.763672,-12386.537109,125.226562
11343,-12241.476562,-12250.883789,9.407227
11344,-11912.967773,-11916.653320,3.685547
11345,-12694.605469,-12926.154297,231.548828
11346,-12393.694336,-12457.458008,63.763672
11347,-11341.012695,-11340.663086,0.349609
11348,-11804.608398,-11914.454102,109.845703
11349,-11465.538086,-11510.193359,44.655273
11350,-13673.926758,-13532.564453,141.362305
11351,-12545.945312,-12553.269531,7.324219
11352,-11838.381836,-11913.522461,75.140625
11353,-10844.837891,-10969.497070,124.659180
11354,-11270.707031,-11341.748047,71.041016
11355,-11299.820312,-11340.565430,40.745117
11356,-10317.306641,-10833.293945,515.987305
11357,-10543.052734,-10599.267578,56.214844
11358,-11500.862305,-11510.359375,9.497070
11359,-12018.557617,-11917.280273,101.277344
11360,-11543.616211,-11544.203125,0.586914
11361,-12424.005859,-12418.446289,5.559570
11362,-10599.114258,-10533.672852,65.441406
11363,-11810.431641,-11947.423828,136.992188
11364,-10242.484375,-10340.020508,97.536133
11365,-11399.907227,-11406.715820,6.808594
11366,-9578.026367,-9464.322266,113.704102
11367,-10968.612305,-10970.388672,1.776367
11368,-9807.901367,-9925.799805,117.898438
11369,-12449.824219,-12489.960938,40.136719
11370,-7996.729492,-8728.833008,732.103516
11371,-13176.565430,-13363.977539,187.412109
11372,-10905.723633,-10902.299805,3.423828
11373,-11926.390625,-11947.113281,20.722656
11374,-10275.529297,-9798.023438,477.505859
11375,-11515.398438,-11511.579102,3.819336
11376,-11543.614258,-11544.704102,1.089844
11377,-11104.108398,-10169.650391,934.458008
11378,-11471.884766,-11511.524414,39.639648
11379,-10467.467773,-10598.079102,130.611328
11380,-11998.916016,-11947.653320,51.262695
11381,-11858.080078,-11812.099609,45.980469
11382,-12132.371094,-11947.246094,185.125000
11383,-10651.290039,-10565.330078,85.959961
11384,-12457.949219,-12488.865234,30.916016
11385,-9852.264648,-9957.613281,105.348633
11386,-10894.147461,-10710.282227,183.865234
11387,-11579.799805,-11512.108398,67.691406
11388,-10556.055664,-10532.152344,23.903320
11389,-10551.698242,-10531.085938,20.612305
11390,-11351.068359,-11440.172852,89.104492
11391,-11622.273438,-11509.713867,112.559570
11392,-11824.641602,-11883.264648,58.623047
11393,-11473.012695,-11478.995117,5.982422
11394,-9923.272461,-9901.451172,21.821289
11395,-10970.501953,-10969.410156,1.091797
11396,-10205.685547,-10362.493164,156.807617
11397,-11480.653320,-11674.958984,194.305664
11398,-11863.856445,-11882.339844,18.483398
11399,-10119.823242,-10201.158203,81.334961
11400,-9529.859375,-9465.722656,64.136719
11401,-9634.712891,-9437.842773,196.870117
11402,-10998.538086,-10969.761719,28.776367
11403,-10875.262695,-10936.143555,60.880859
11404,-10620.303711,-10832.230469,211.926758
11405,-11062.887695,-10905.752930,157.134766
11406,-9735.260742,-9957.032227,221.771484
11407,-10801.781250,-10879.294922,77.513672
11408,-10901.166016,-10937.306641,36.140625
11409,-7074.764648,-8096.875488,1022.110840
11410,-11504.560547,-11512.842773,8.282227
11411,-10920.852539,-10970.555664,49.703125
11412,-11432.104492,-11318.035156,114.069336
11413,-9833.064453,-9372.539062,460.525391
11414,-11652.174805,-11575.607422,76.567383
11415,-10758.914062,-10911.530273,152.616211
11416,-10487.516602,-10466.726562,20.790039
11417,-11968.208984,-11948.279297,19.929688
11418,-11989.641602,-11947.201172,42.440430
11419,-10465.966797,-10598.296875,132.330078
11420,-10992.833984,-10969.986328,22.847656
11421,-9886.509766,-9902.333984,15.824219
11422,-11934.178711,-11948.468750,14.290039
11423,-10794.502930,-10846.799805,52.296875
11424,-10606.805664,-10565.494141,41.311523
11425,-11900.375977,-11946.935547,46.559570
11426,-12967.377930,-12756.298828,211.079102
11427,-9494.818359,-9463.825195,30.993164
11428,-12032.967773,-11981.147461,51.820312
11429,-11487.863281,-11544.254883,56.391602
11430,-10038.420898,-9371.183594,667.237305
11431,-11462.112305,-11181.912109,280.200195
11432,-10535.500000,-10500.518555,34.981445
11433,-9271.384766,-9554.426758,283.041992
11434,-10997.100586,-11002.265625,5.165039
11435,-12923.292969,-12925.268555,1.975586
11436,-9308.571289,-9620.833008,312.261719
11437,-11827.644531,-11852.022461,24.377930
11438,-12513.932617,-12522.496094,8.563477
11439,-10584.988281,-10531.867188,53.121094
11440,-10397.263672,-9732.040039,665.223633
11441,-12826.172852,-12861.496094,35.323242
11442,-11572.654297,-11510.305664,62.348633
11443,-10923.526367,-10936.396484,12.870117
11444,-11598.064453,-11511.618164,86.446289
11445,-12393.777344,-12455.536133,61.758789
11446,-11916.111328,-11915.041016,1.070312
11447,-9999.858398,-9901.344727,98.513672
11448,-9521.185547,-9497.298828,23.886719
11449,-11450.622070,-11512.021484,61.399414
11450,-9494.230469,-9464.064453,30.166016
11451,-11919.036133,-11979.420898,60.384766
11452,-12030.048828,-11913.309570,116.739258
11453,-11585.006836,-11544.296875,40.709961
11454,-11520.487305,-11510.547852,9.939453
11455,-10967.101562,-10902.995117,64.106445
11456,-11500.266602,-11508.622070,8.355469
11457,-10188.465820,-10430.782227,242.316406
11458,-11745.712891,-11811.704102,65.991211
11459,-11997.996094,-11981.062500,16.933594
11460,-10975.688477,-10970.530273,5.158203
11461,-12866.612305,-12893.643555,27.031250
11462,-11853.120117,-12012.612305,159.492188
11463,-10652.790039,-10769.374023,116.583984
11464,-12372.537109,-12386.445312,13.908203
11465,-10957.175781,-10968.763672,11.587891
11466,-11305.728516,-11340.083008,34.354492
11467,-12040.492188,-11945.928711,94.563477
11468,-11877.354492,-11779.411133,97.943359
11469,-11493.602539,-11509.202148,15.599609
11470,-11847.838867,-11948.725586,100.886719
11471,-11663.893555,-11577.064453,86.829102
11472,-12459.192383,-12486.893555,27.701172
11473,-9715.359375,-9924.603516,209.244141
11474,-11577.162109,-11541.763672,35.398438
11475,-11809.375000,-11948.175781,138.800781
11476,-10678.851562,-10474.795898,204.055664
11477,-10558.606445,-10435.036133,123.570312
11478,-10787.998047,-10911.659180,123.661133
11479,-12546.448242,-12383.720703,162.727539
11480,-11070.714844,-10970.194336,100.520508
11481,-12847.443359,-12790.383789,57.059570
11482,-11068.500977,-10938.341797,130.159180
11483,-9837.652344,-8289.783203,1547.869141
11484,-10910.717773,-10905.802734,4.915039
11485,-11896.214844,-11915.430664,19.215820
11486,-11889.681641,-11811.139648,78.541992
11487,-12350.172852,-12319.814453,30.358398
11488,-10936.090820,-11001.655273,65.564453
11489,-9814.741211,-9925.702148,110.960938
11490,-11457.353516,-11512.407227,55.053711
11491,-11446.377930,-11407.443359,38.934570
11492,-9586.257812,-9960.859375,374.601562
11493,-9697.140625,-9294.740234,402.400391
11494,-8623.518555,-9165.410156,541.891602
11495,-10582.948242,-10565.479492,17.468750
11496,-12515.183594,-12522.102539,6.918945
11497,-10580.278320,-10532.557617,47.720703
11498,-11040.339844,-10937.893555,102.446289
11499,-11973.303711,-11882.222656,91.081055
11500,-12472.111328,-12554.446289,82.334961
11501,-9291.176758,-9991.160156,699.983398
11502,-10195.458984,-10330.131836,134.672852
11503,-12896.165039,-12957.363281,61.198242
11504,-11364.964844,-11342.164062,22.800781
11505,-10986.203125,-10968.859375,17.343750
11506,-4354.160156,-8551.744141,4197.583984
11507,-12849.208008,-12823.972656,25.235352
11508,-10606.089844,-10565.565430,40.524414
11509,-11347.166016,-11510.047852,162.881836
11510,-9578.087891,-9496.800781,81.287109
11511,-11599.792969,-11478.144531,121.648438
11512,-9414.161133,-9463.347656,49.186523
11513,-11492.340820,-11542.966797,50.625977
11514,-10922.339844,-10968.887695,46.547852
11515,-11599.117188,-11511.791016,87.326172
11516,-11987.484375,-11946.732422,40.751953
11517,-12905.726562,-12926.009766,20.283203
11518,-10554.076172,-10598.360352,44.284180
11519,-10568.987305,-10533.881836,35.105469
11520,-10848.789062,-10938.471680,89.682617
11521,-11411.772461,-11476.304688,64.532227
11522,-10555.067383,-10532.540039,22.527344
11523,-10588.641602,-10498.621094,90.020508
11524,-11955.256836,-11945.300781,9.956055
11525,-10983.073242,-10936.094727,46.978516
11526,-11652.169922,-11543.998047,108.171875
11527,-11234.647461,-11437.783203,203.135742
11528,-10940.503906,-10903.716797,36.787109
11529,-8586.393555,-8493.503906,92.889648
11530,-9810.303711,-10023.952148,213.648438
11531,-12445.904297,-12457.040039,11.135742
11532,-11779.965820,-11313.196289,466.769531
11533,-9527.543945,-9438.633789,88.910156
11534,-10660.386719,-10533.098633,127.288086
11535,-10584.145508,-10565.423828,18.721680
11536,-11376.476562,-11407.717773,31.241211
11537,-12060.125000,-11947.852539,112.272461
11538,-10696.557617,-10832.666992,136.109375
11539,-11850.527344,-11883.615234,33.087891
11540,-12337.148438,-12489.849609,152.701172
11541,-12265.746094,-12217.035156,48.710938
11542,-10548.269531,-10533.025391,15.244141
11543,-11375.942383,-11373.654297,2.288086
11544,-12344.557617,-12355.072266,10.514648
11545,-12560.765625,-12553.375000,7.390625
11546,-10983.118164,-10901.801758,81.316406
11547,-11807.004883,-11509.584961,297.419922
11548,-9743.146484,-10394.625977,651.479492
11549,-12239.765625,-12214.744141,25.021484
11550,-9101.350586,-9522.763672,421.413086
11551,-9970.091797,-9966.091797,4.000000
11552,-11747.647461,-11812.979492,65.332031
11553,-12460.979492,-12554.302734,93.323242
11554,-9346.390625,-7853.957520,1492.433105
11555,-10297.437500,-10363.278320,65.840820
11556,-10631.266602,-10507.136719,124.129883
11557,-12473.205078,-12417.190430,56.014648
11558,-9385.616211,-9463.964844,78.348633
11559,-11026.552734,-10970.621094,55.931641
11560,-10437.296875,-10338.015625,99.281250
11561,-12770.839844,-12650.637695,120.202148
11562,-11372.906250,-11407.787109,34.880859
11563,-7808.341797,-7300.342773,507.999023
11564,-14066.311523,-13905.083008,161.228516
11565,-9944.886719,-10393.895508,449.008789
11566,-11503.216797,-11542.547852,39.331055
11567,-11539.343750,-11544.226562,4.882812
11568,-11289.171875,-11373.219727,84.047852
11569,-12850.745117,-12893.643555,42.898438
11570,-10578.833984,-10498.803711,80.030273
11571,-10363.085938,-10442.240234,79.154297
11572,-9869.765625,-9926.657227,56.891602
11573,-11486.055664,-11445.215820,40.839844
11574,-11273.550781,-11373.651367,100.100586
11575,-11550.054688,-11478.416016,71.638672
11576,-11977.833008,-11948.012695,29.820312
11577,-11936.258789,-11913.112305,23.146484
11578,-10934.551758,-10936.000977,1.449219
11579,-11475.239258,-11509.621094,34.381836
11580,-11440.237305,-11478.003906,37.766602
11581,-11569.868164,-11511.316406,58.551758
11582,-11483.237305,-11408.409180,74.828125
11583,-12977.255859,-12958.263672,18.992188
11584,-10908.842773,-10969.241211,60.398438
11585,-8922.924805,-8864.625000,58.299805
11586,-11605.634766,-11544.493164,61.141602
11587,-11762.754883,-11754.071289,8.683594
11588,-12096.254883,-11949.201172,147.053711
11589,-11454.694336,-11407.143555,47.550781
11590,-12011.444336,-11949.871094,61.573242
11591,-12378.588867,-12353.485352,25.103516
11592,-12081.469727,-11947.501953,133.967773
11593,-9698.181641,-9899.001953,200.820312
11594,-11323.343750,-11375.233398,51.889648
11595,-10557.566406,-10533.508789,24.057617
11596,-12808.300781,-12894.051758,85.750977
11597,-8527.682617,-8551.909180,24.226562
11598,-10952.912109,-10971.301758,18.389648
11599,-11426.666992,-11407.465820,19.201172
11600,-11453.279297,-11510.210938,56.931641
11601,-11990.391602,-11946.625000,43.766602
11602,-10568.597656,-10533.024414,35.573242
11603,-7275.673828,-7325.831055,50.157227
11604,-11595.529297,-11543.765625,51.763672
11605,-11514.880859,-11543.218750,28.337891
11606,-11822.295898,-11884.197266,61.901367
11607,-11379.443359,-11373.701172,5.742188
11608,-10366.204102,-10338.436523,27.767578
11609,-10540.189453,-10404.737305,135.452148
11610,-9226.968750,-9589.001953,362.033203
11611,-11464.488281,-11446.611328,17.876953
11612,-11523.105469,-11477.845703,45.259766
11613,-12407.860352,-12522.137695,114.277344
11614,-12422.364258,-12385.117188,37.247070
11615,-11799.867188,-11811.626953,11.759766
11616,-10541.573242,-10529.786133,11.787109
11617,-9363.841797,-9556.360352,192.518555
11618,-10862.677734,-10879.586914,16.909180
11619,-10522.758789,-10498.860352,23.898438
11620,-13323.230469,-13225.307617,97.922852
11621,-11011.054688,-10938.023438,73.031250
11622,-11431.331055,-11407.277344,24.053711
11623,-9260.947266,-9521.810547,260.863281
11624,-10986.484375,-11001.608398,15.124023
11625,-11623.118164,-11478.754883,144.363281
11626,-10959.020508,-10969.217773,10.197266
11627,-11522.562500,-11542.904297,20.341797
11628,-9403.210938,-9430.439453,27.228516
11629,-12080.140625,-11980.433594,99.707031
11630,-11369.598633,-11406.879883,37.281250
11631,-10983.222656,-11003.410156,20.187500
11632,-10178.097656,-10398.000977,219.903320
11633,-9375.082031,-9554.639648,179.557617
11634,-11668.490234,-11542.761719,125.728516
11635,-11962.099609,-11913.832031,48.267578
11636,-11364.817383,-11407.648438,42.831055
11637,-10547.073242,-10498.755859,48.317383
11638,-12368.812500,-12489.638672,120.826172
11639,-10078.437500,-10392.699219,314.261719
11640,-11505.823242,-11708.939453,203.116211
11641,-10822.623047,-10911.096680,88.473633
11642,-11498.584961,-11543.382812,44.797852
11643,-10260.334961,-9360.134766,900.200195
11644,-11400.087891,-11340.518555,59.569336
11645,-12425.174805,-12353.938477,71.236328
11646,-11365.223633,-11441.041992,75.818359
11647,-11559.047852,-11509.205078,49.842773
11648,-10939.504883,-10879.188477,60.316406
11649,-9789.284180,-9958.743164,169.458984
11650,-10883.358398,-10934.912109,51.553711
11651,-10939.201172,-11002.069336,62.868164
11652,-9220.867188,-9521.470703,300.603516
11653,-10955.879883,-10938.426758,17.453125
11654,-11265.236328,-11342.991211,77.754883
11655,-11459.651367,-11575.773438,116.122070
11656,-11853.916992,-11882.460938,28.543945
11657,-12868.128906,-12757.434570,110.694336
11658,-11489.746094,-11511.011719,21.265625
11659,-11019.671875,-11001.977539,17.694336
11660,-11859.334961,-11811.746094,47.588867
11661,-12209.725586,-12249.502930,39.777344
11662,-12005.499023,-11913.312500,92.186523
11663,-10796.799805,-11270.666016,473.866211
11664,-10137.990234,-10866.913086,728.922852
11665,-11000.009766,-10937.768555,62.241211
11666,-11939.548828,-11947.580078,8.031250
11667,-11571.494141,-11478.459961,93.034180
11668,-10441.204102,-10507.804688,66.600586
11669,-11346.583008,-11477.734375,131.151367
11670,-10697.648438,-10833.260742,135.612305
11671,-9504.369141,-8890.784180,613.584961
11672,-11502.125977,-11544.371094,42.245117
11673,-10916.299805,-10870.154297,46.145508
11674,-12017.845703,-11912.645508,105.200195
11675,-8954.587891,-8924.729492,29.858398
11676,-12409.940430,-12489.859375,79.918945
11677,-11711.328125,-11778.814453,67.486328
11678,-12460.303711,-12488.112305,27.808594
11679,-11923.828125,-11947.667969,23.839844
11680,-12489.232422,-12521.100586,31.868164
11681,-11712.271484,-11608.943359,103.328125
11682,-10876.519531,-10969.082031,92.562500
11683,-10918.767578,-10970.421875,51.654297
11684,-10587.858398,-10500.372070,87.486328
11685,-11525.457031,-11477.685547,47.771484
11686,-7619.694824,-7659.875488,40.180664
11687,-11928.928711,-11946.325195,17.396484
11688,-11985.600586,-11979.187500,6.413086
11689,-11135.739258,-10937.277344,198.461914
11690,-11907.969727,-11980.972656,73.002930
11691,-9808.234375,-9924.440430,116.206055
11692,-12105.635742,-11963.433594,142.202148
11693,-11796.165039,-11813.456055,17.291016
11694,-10974.930664,-10936.468750,38.461914
11695,-10559.159180,-10565.813477,6.654297
11696,-10945.681641,-10969.680664,23.999023
11697,-11355.717773,-11406.993164,51.275391
11698,-11589.806641,-11542.872070,46.934570
11699,-10549.027344,-10499.952148,49.075195
11700,-15427.414062,-15178.532227,248.881836
11701,-10355.837891,-9766.656250,589.181641
11702,-10988.182617,-10905.365234,82.817383
11703,-12212.599609,-12353.753906,141.154297
11704,-9851.094727,-9833.916992,17.177734
11705,-12131.810547,-11978.851562,152.958984
11706,-12020.964844,-11948.108398,72.856445
11707,-12066.113281,-11979.076172,87.037109
11708,-9948.886719,-9706.739258,242.147461
11709,-11919.975586,-11948.566406,28.590820
11710,-12502.616211,-12554.557617,51.941406
11711,-9199.089844,-9554.491211,355.401367
11712,-12394.734375,-12454.565430,59.831055
11713,-10973.324219,-10970.182617,3.141602
11714,-11728.973633,-11844.883789,115.910156
11715,-11467.054688,-11475.910156,8.855469
11716,-12943.953125,-12991.669922,47.716797
11717,-11038.119141,-10936.607422,101.511719
11718,-10473.492188,-10409.042969,64.449219
11719,-11789.633789,-11517.431641,272.202148
11720,-10379.787109,-10474.348633,94.561523
11721,-7384.998047,-8292.055664,907.057617
11722,-10959.980469,-10970.546875,10.566406
11723,-12488.474609,-12488.119141,0.355469
11724,-10544.174805,-10501.095703,43.079102
11725,-10808.790039,-10879.816406,71.026367
11726,-11560.245117,-11510.539062,49.706055
11727,-12278.187500,-12216.411133,61.776367
11728,-11611.662109,-11575.964844,35.697266
11729,-10475.822266,-10466.719727,9.102539
11730,-10977.289062,-10968.262695,9.026367
11731,-12045.788086,-11981.197266,64.590820
11732,-11499.974609,-11510.351562,10.376953
11733,-10536.191406,-10566.361328,30.169922
11734,-12598.936523,-12716.744141,117.807617
11735,-10960.101562,-10937.146484,22.955078
11736,-12153.326172,-12248.263672,94.937500
11737,-11491.575195,-11478.769531,12.805664
11738,-11883.848633,-11881.628906,2.219727
11739,-12280.634766,-12249.994141,30.640625
11740,-8415.769531,-8486.393555,70.624023
11741,-10578.924805,-10501.334961,77.589844
11742,-11891.189453,-11844.530273,46.659180
11743,-10564.831055,-10531.944336,32.886719
11744,-11556.461914,-11510.309570,46.152344
11745,-10630.765625,-10534.336914,96.428711
11746,-11578.680664,-11543.713867,34.966797
11747,-10917.073242,-10969.289062,52.215820
11748,-12436.722656,-12490.509766,53.787109
11749,-11009.528320,-10970.471680,39.056641
11750,-12425.383789,-12488.691406,63.307617
11751,-11620.987305,-11479.662109,141.325195
11752,-9371.298828,-9990.756836,619.458008
11753,-11436.161133,-11476.647461,40.486328
11754,-11396.557617,-11376.770508,19.787109
11755,-11430.413086,-11407.481445,22.931641
11756,-12944.470703,-13007.973633,63.502930
11757,-11358.380859,-11372.533203,14.152344
11758,-11547.314453,-11543.538086,3.776367
11759,-12226.632812,-11981.203125,245.429688
11760,-12870.416992,-12926.392578,55.975586
11761,-9862.802734,-9992.384766,129.582031
11762,-9911.179688,-10363.423828,452.244141
11763,-11066.275391,-10967.237305,99.038086
11764,-9956.927734,-9901.526367,55.401367
11765,-11174.915039,-10945.501953,229.413086
11766,-10654.441406,-10539.913086,114.528320
11767,-12376.427734,-12455.116211,78.688477
11768,-11551.597656,-11544.580078,7.017578
11769,-10608.356445,-10498.965820,109.390625
11770,-11923.773438,-11913.742188,10.031250
11771,-10930.386719,-10970.830078,40.443359
11772,-11316.131836,-11407.084961,90.953125
11773,-5450.821777,-9621.826172,4171.004395
11774,-10533.374023,-10532.996094,0.377930
11775,-10294.318359,-10566.108398,271.790039
11776,-11538.983398,-11509.448242,29.535156
11777,-11897.826172,-11916.635742,18.809570
11778,-12037.114258,-11916.169922,120.944336
11779,-9977.557617,-10363.206055,385.648438
11780,-11573.137695,-11511.032227,62.105469
11781,-11760.677734,-11576.308594,184.369141
11782,-10837.484375,-10801.848633,35.635742
11783,-12489.865234,-12487.753906,2.111328
11784,-11932.919922,-11912.447266,20.472656
11785,-11972.621094,-11949.738281,22.882812
11786,-11954.380859,-11917.322266,37.058594
11787,-9837.015625,-9992.055664,155.040039
11788,-11483.428711,-11316.160156,167.268555
11789,-9335.615234,-9554.766602,219.151367
11790,-10596.920898,-10533.685547,63.235352
11791,-10471.599609,-10442.597656,29.001953
11792,-11922.181641,-11912.677734,9.503906
11793,-10465.909180,-10539.919922,74.010742
11794,-13911.918945,-13881.218750,30.700195
11795,-12783.250000,-12927.506836,144.256836
11796,-11382.557617,-11477.303711,94.746094
11797,-10658.774414,-10564.555664,94.218750
11798,-11352.416992,-11510.106445,157.689453
11799,-9937.412109,-9990.684570,53.272461
11800,-9986.579102,-9496.316406,490.262695
11801,-12241.864258,-12353.945312,112.081055
11802,-11949.490234,-11949.090820,0.399414
11803,-10488.879883,-10300.803711,188.076172
11804,-11297.007812,-11308.535156,11.527344
11805,-10614.277344,-10465.486328,148.791016
11806,-12837.956055,-12960.210938,122.254883
11807,-10509.102539,-10498.342773,10.759766
11808,-12258.770508,-12281.152344,22.381836
11809,-9957.007812,-9932.446289,24.561523
11810,-11956.547852,-11947.972656,8.575195
11811,-11282.357422,-11575.747070,293.389648
11812,-9241.111328,-9523.155273,282.043945
11813,-10655.499023,-10801.092773,145.593750
11814,-10559.611328,-10466.606445,93.004883
11815,-10401.771484,-10429.223633,27.452148
11816,-10688.587891,-10339.802734,348.785156
11817,-12006.401367,-11980.541016,25.860352
11818,-12878.110352,-12927.797852,49.687500
11819,-11029.432617,-10936.669922,92.762695
11820,-12895.669922,-12788.978516,106.691406
11821,-10969.685547,-10934.378906,35.306641
11822,-9280.986328,-9554.659180,273.672852
11823,-11631.490234,-11575.705078,55.785156
11824,-10542.059570,-10534.102539,7.957031
11825,-12811.429688,-12959.333984,147.904297
11826,-13377.773438,-13442.721680,64.948242
11827,-11441.930664,-11407.574219,34.356445
11828,-10946.425781,-10969.588867,23.163086
11829,-12451.150391,-12487.399414,36.249023
11830,-11908.376953,-11916.570312,8.193359
11831,-10582.059570,-10530.901367,51.158203
11832,-12840.386719,-12822.235352,18.151367
11833,-11447.843750,-11511.038086,63.194336
11834,-9822.390625,-9901.612305,79.221680
11835,-11992.749023,-11849.817383,142.931641
11836,-10594.759766,-10532.667969,62.091797
11837,-10633.031250,-10499.622070,133.409180
11838,-10646.767578,-10831.615234,184.847656
11839,-11372.072266,-11375.059570,2.987305
11840,-12408.352539,-12353.076172,55.276367
11841,-11775.709961,-11914.960938,139.250977
11842,-9540.164062,-9462.016602,78.147461
11843,-10217.757812,-10362.899414,145.141602
11844,-11613.250977,-11543.372070,69.878906
11845,-10193.375977,-10397.414062,204.038086
11846,-12068.386719,-11979.123047,89.263672
11847,-9270.061523,-9522.363281,252.301758
11848,-13652.254883,-13766.458008,114.203125
11849,-11309.791016,-11340.213867,30.422852
11850,-11562.421875,-11315.010742,247.411133
11851,-11497.660156,-11510.108398,12.448242
11852,-12305.830078,-12421.625977,115.795898
11853,-11045.051758,-11206.149414,161.097656
11854,-11881.882812,-11881.062500,0.820312
11855,-11494.736328,-11544.015625,49.279297
11856,-9909.242188,-9956.952148,47.709961
11857,-12458.921875,-12523.030273,64.108398
11858,-10929.564453,-10935.493164,5.928711
11859,-10555.562500,-10533.107422,22.455078
11860,-12751.052734,-12788.540039,37.487305
11861,-11381.242188,-11373.467773,7.774414
11862,-10996.488281,-11003.622070,7.133789
11863,-10327.585938,-10427.452148,99.866211
11864,-10530.801758,-10531.928711,1.126953
11865,-12814.189453,-12927.080078,112.890625
11866,-9577.255859,-9461.861328,115.394531
11867,-10565.426758,-10565.903320,0.476562
11868,-11405.091797,-11341.060547,64.031250
11869,-9538.906250,-9464.022461,74.883789
11870,-10534.217773,-10499.555664,34.662109
11871,-10991.717773,-10968.143555,23.574219
11872,-11524.864258,-11511.287109,13.577148
11873,-11998.061523,-11947.941406,50.120117
11874,-12481.780273,-12354.529297,127.250977
11875,-13238.841797,-13330.237305,91.395508
11876,-12345.062500,-12385.563477,40.500977
11877,-11840.247070,-11915.402344,75.155273
11878,-13306.062500,-13498.857422,192.794922
11879,-12154.361328,-11947.551758,206.809570
11880,-11518.603516,-11477.227539,41.375977
11881,-11334.774414,-11342.196289,7.421875
11882,-9965.358398,-9900.588867,64.769531
11883,-12485.308594,-12386.071289,99.237305
11884,-9782.532227,-8923.208984,859.323242
11885,-10575.821289,-10832.419922,256.598633
11886,-10811.428711,-10876.847656,65.418945
11887,-11608.211914,-11543.566406,64.645508
11888,-11532.895508,-11509.321289,23.574219
11889,-10435.076172,-10462.355469,27.279297
11890,-12460.671875,-12520.433594,59.761719
11891,-9229.089844,-9620.732422,391.642578
11892,-11327.996094,-11341.515625,13.519531
11893,-11365.765625,-11375.538086,9.772461
11894,-11852.457031,-11882.220703,29.763672
11895,-12258.287109,-12319.835938,61.548828
11896,-10520.228516,-10498.416992,21.811523
11897,940.085938,-5377.769531,6317.855469
11898,-12858.669922,-12925.006836,66.336914
11899,-11383.339844,-11408.032227,24.692383
11900,-10611.370117,-10532.170898,79.199219
11901,-11598.546875,-11511.064453,87.482422
11902,-9243.921875,-9521.334961,277.413086
11903,-10583.552734,-10565.340820,18.211914
11904,-12875.181641,-12893.298828,18.117188
11905,-10580.934570,-10499.347656,81.586914
11906,-11941.455078,-11913.947266,27.507812
11907,-12460.285156,-12520.293945,60.008789
11908,-9348.402344,-8517.821289,830.581055
11909,-5046.433105,-8322.085938,3275.652832
11910,-12397.286133,-12386.453125,10.833008
11911,-11818.084961,-11812.189453,5.895508
11912,-12013.269531,-11947.506836,65.762695
11913,-11633.971680,-11543.966797,90.004883
11914,-9144.172852,-9166.031250,21.858398
11915,-11513.578125,-11511.538086,2.040039
11916,-9464.150391,-9496.440430,32.290039
11917,-10571.589844,-10532.366211,39.223633
11918,-12009.937500,-11944.900391,65.037109
11919,-9649.122070,-9462.841797,186.280273
11920,-11862.535156,-11914.979492,52.444336
11921,-11471.340820,-11477.516602,6.175781
11922,-11297.583984,-11309.892578,12.308594
11923,-11862.217773,-11948.021484,85.803711
11924,-11657.987305,-11543.889648,114.097656
11925,-11799.136719,-11779.142578,19.994141
11926,-10508.410156,-10631.619141,123.208984
11927,-11510.859375,-11510.623047,0.236328
11928,-11586.396484,-11511.494141,74.902344
11929,-10640.549805,-10866.737305,226.187500
11930,-10350.444336,-10335.699219,14.745117
11931,-11516.943359,-11543.740234,26.796875
11932,-10430.968750,-10441.750000,10.781250
11933,-10547.513672,-10565.074219,17.560547
11934,-11533.617188,-11509.012695,24.604492
11935,-11804.320312,-11844.494141,40.173828
11936,-10583.138672,-10532.176758,50.961914
11937,-11853.725586,-11780.319336,73.406250
11938,-11863.427734,-11948.048828,84.621094
11939,-9871.899414,-9810.604492,61.294922
11940,-11593.842773,-11508.521484,85.321289
11941,-10029.064453,-10429.193359,400.128906
11942,-11467.325195,-11509.365234,42.040039
11943,-12355.966797,-12386.319336,30.352539
11944,-11798.297852,-11780.501953,17.795898
11945,-11375.982422,-11340.668945,35.313477
11946,-9494.585938,-9556.087891,61.501953
11947,-13338.116211,-13532.092773,193.976562
11948,-11241.706055,-11235.425781,6.280273
11949,-11491.686523,-11509.592773,17.906250
11950,-11144.734375,-10971.411133,173.323242
11951,-11005.121094,-10937.441406,67.679688
11952,-13575.931641,-13468.194336,107.737305
11953,-8454.866211,-8395.179688,59.686523
11954,-10321.216797,-10439.444336,118.227539
11955,-8532.413086,-8923.675781,391.262695
11956,-9893.173828,-9991.382812,98.208984
11957,-9819.506836,-9958.960938,139.454102
11958,-10187.550781,-10430.526367,242.975586
11959,-11252.550781,-11443.372070,190.821289
11960,-10992.880859,-10869.705078,123.175781
11961,-10527.744141,-10500.883789,26.860352
11962,-9181.881836,-9588.644531,406.762695
11963,-11978.220703,-11947.421875,30.798828
11964,-11507.447266,-11544.387695,36.940430
11965,-10319.793945,-10441.807617,122.013672
11966,-10587.428711,-10498.625977,88.802734
11967,-11900.205078,-11980.393555,80.188477
11968,-11502.373047,-11511.039062,8.666016
11969,-12451.446289,-12521.151367,69.705078
11970,-10776.750977,-10879.672852,102.921875
11971,-12831.041992,-12822.817383,8.224609
11972,-12427.170898,-12387.839844,39.331055
11973,-11923.891602,-11914.089844,9.801758
11974,-11555.701172,-11475.914062,79.787109
11975,-9906.161133,-9958.532227,52.371094
11976,-10392.215820,-10397.167969,4.952148
11977,-10597.426758,-10534.791992,62.634766
11978,-9780.471680,-9933.741211,153.269531
11979,-11917.007812,-11916.049805,0.958008
11980,-9701.070312,-9529.482422,171.587891
11981,-10953.368164,-10936.958984,16.409180
11982,-12308.749023,-12215.900391,92.848633
11983,-12583.685547,-12260.411133,323.274414
11984,-11500.096680,-11509.945312,9.848633
11985,-10936.574219,-10968.655273,32.081055
11986,-9983.646484,-10364.311523,380.665039
11987,-9407.454102,-9555.462891,148.008789
11988,-10985.883789,-10970.140625,15.743164
11989,-11972.702148,-11948.043945,24.658203
11990,-9685.939453,-9462.936523,223.002930
11991,-12517.561523,-12385.433594,132.127930
11992,-10945.075195,-11002.599609,57.524414
11993,-12431.933594,-12385.135742,46.797852
11994,-11927.234375,-11923.351562,3.882812
11995,-11919.893555,-11916.507812,3.385742
11996,-10592.268555,-10566.371094,25.897461
11997,-10870.546875,-10834.458984,36.087891
11998,-10463.412109,-10338.271484,125.140625
11999,-8507.146484,-9360.518555,853.372070
12000,-11008.161133,-10971.627930,36.533203
12001,-10712.356445,-10799.043945,86.687500
12002,-10662.879883,-10566.074219,96.805664
12003,-11004.586914,-10970.386719,34.200195
12004,-11862.324219,-11947.975586,85.651367
12005,-12942.027344,-12925.832031,16.195312
12006,-17015.703125,-12286.728516,4728.974609
12007,-9917.947266,-9868.818359,49.128906
12008,-10976.308594,-11035.824219,59.515625
12009,-11375.549805,-11371.791992,3.757812
12010,-11594.931641,-10415.883789,1179.047852
12011,-11371.609375,-11375.976562,4.367188
12012,-10612.716797,-10564.793945,47.922852
12013,-11593.009766,-11543.561523,49.448242
12014,-10582.084961,-10531.724609,50.360352
12015,-12038.319336,-11948.493164,89.826172
12016,-9554.872070,-9496.975586,57.896484
12017,-11601.945312,-11543.391602,58.553711
12018,-11625.400391,-11511.828125,113.572266
12019,-11451.514648,-11451.672852,0.158203
12020,-10535.223633,-10532.741211,2.482422
12021,-11589.689453,-11513.061523,76.627930
12022,-10864.707031,-10937.351562,72.644531
12023,-10642.770508,-10532.748047,110.022461
12024,-11465.594727,-11511.389648,45.794922
12025,-13203.754883,-13363.389648,159.634766
12026,-10344.413086,-10429.109375,84.696289
12027,-10661.039062,-10565.215820,95.823242
12028,-10599.143555,-10501.007812,98.135742
12029,-9662.575195,-9301.929688,360.645508
12030,-10585.410156,-10500.135742,85.274414
12031,-9716.947266,-9562.669922,154.277344
12032,-11299.056641,-11372.868164,73.811523
12033,-10972.149414,-10969.625000,2.524414
12034,-11278.416992,-11342.734375,64.317383
12035,-11444.976562,-11478.386719,33.410156
12036,-11023.250977,-10967.420898,55.830078
12037,-12496.099609,-12417.774414,78.325195
12038,-10516.031250,-10531.986328,15.955078
12039,-10548.746094,-10499.859375,48.886719
12040,-11020.869141,-11002.541016,18.328125
12041,-12554.669922,-12554.254883,0.415039
12042,-11727.843750,-11812.536133,84.692383
12043,-12477.977539,-12455.337891,22.639648
12044,-9800.557617,-9926.305664,125.748047
12045,-11861.654297,-11912.979492,51.325195
12046,-9767.126953,-9889.974609,122.847656
12047,-10957.135742,-10968.153320,11.017578
12048,-11490.046875,-11511.324219,21.277344
12049,-9677.686523,-9956.500977,278.814453
12050,-10599.012695,-10533.287109,65.725586
12051,-11686.189453,-11576.047852,110.141602
12052,-9917.846680,-9325.749023,592.097656
12053,-11551.491211,-11543.657227,7.833984
12054,-12947.163086,-12791.848633,155.314453
12055,-10979.691406,-10936.402344,43.289062
12056,-9726.132812,-9990.863281,264.730469
12057,-11289.302734,-11419.777344,130.474609
12058,-10591.732422,-10501.027344,90.705078
12059,-11407.414062,-11477.099609,69.685547
12060,-11600.016602,-11543.283203,56.733398
12061,-10941.031250,-10934.160156,6.871094
12062,-9400.000000,-9495.842773,95.842773
12063,-10293.271484,-10362.895508,69.624023
12064,-10985.296875,-11001.943359,16.646484
12065,-10610.814453,-10565.379883,45.434570
12066,-11813.255859,-11844.108398,30.852539
12067,-11846.127930,-11946.321289,100.193359
12068,-11335.599609,-11407.567383,71.967773
12069,-9724.750000,-9924.195312,199.445312
12070,-11643.432617,-11510.975586,132.457031
12071,-10976.082031,-10969.079102,7.002930
12072,-9958.976562,-9902.301758,56.674805
12073,-11475.087891,-11542.664062,67.576172
12074,-12131.832031,-11946.875000,184.957031
12075,-9228.732422,-8921.657227,307.075195
12076,-12391.362305,-12555.160156,163.797852
12077,-10567.799805,-10501.585938,66.213867
12078,-10338.968750,-10305.306641,33.662109
12079,-12033.498047,-11914.943359,118.554688
12080,-11736.343750,-11916.783203,180.439453
12081,-11040.742188,-10938.039062,102.703125
12082,-8304.087891,-8585.040039,280.952148
12083,-13159.201172,-13332.839844,173.638672
12084,-9939.027344,-9961.256836,22.229492
12085,-9789.786133,-9868.907227,79.121094
12086,-11511.830078,-11543.691406,31.861328
12087,-12421.930664,-12352.953125,68.977539
12088,-10745.139648,-10970.111328,224.971680
12089,-13280.556641,-13364.224609,83.667969
12090,-11018.406250,-10968.824219,49.582031
12091,-11423.871094,-11446.186523,22.315430
12092,-4938.943359,-8695.692383,3756.749023
12093,-10653.489258,-10566.725586,86.763672
12094,-12074.973633,-11937.886719,137.086914
12095,-6844.896484,-7383.439453,538.542969
12096,-9204.978516,-9522.218750,317.240234
12097,-10921.490234,-10936.403320,14.913086
12098,-11849.282227,-11913.423828,64.141602
12099,-9769.329102,-9957.968750,188.639648
12100,-10994.155273,-10937.362305,56.792969
12101,-11055.971680,-10870.254883,185.716797
12102,-11944.052734,-11945.358398,1.305664
12103,-11922.452148,-11883.898438,38.553711
12104,-11823.990234,-11777.142578,46.847656
12105,-11498.085938,-11577.117188,79.031250
12106,-11812.415039,-11778.905273,33.509766
12107,-9724.674805,-9925.774414,201.099609
12108,-12271.267578,-12217.826172,53.441406
12109,-12824.283203,-12992.534180,168.250977
12110,-10985.802734,-10938.557617,47.245117
12111,-11902.596680,-11915.089844,12.493164
12112,-11461.642578,-11509.768555,48.125977
12113,-11549.128906,-11543.524414,5.604492
12114,-11977.512695,-11948.920898,28.591797
12115,-11007.044922,-10872.882812,134.162109
12116,-11866.490234,-11913.355469,46.865234
12117,-11376.019531,-11444.810547,68.791016
12118,-9475.867188,-8854.463867,621.403320
12119,-11915.432617,-11914.541992,0.890625
12120,-10309.331055,-10394.815430,85.484375
12121,-11504.001953,-11510.620117,6.618164
12122,-11599.825195,-11511.878906,87.946289
12123,-12376.512695,-12386.170898,9.658203
12124,-11533.888672,-11510.165039,23.723633
12125,-11012.008789,-10969.215820,42.792969
12126,-10233.373047,-10363.792969,130.419922
12127,-11436.300781,-11441.008789,4.708008
12128,-7372.046875,-6381.631348,990.415527
12129,-9830.417969,-9868.389648,37.971680
12130,-10854.327148,-10937.440430,83.113281
12131,-12793.160156,-12990.039062,196.878906
12132,-11545.201172,-11543.537109,1.664062
12133,-10083.397461,-10898.783203,815.385742
12134,-12453.471680,-12521.645508,68.173828
12135,-11560.228516,-11509.259766,50.968750
12136,-10992.626953,-10936.504883,56.122070
12137,-11511.333984,-11509.686523,1.647461
12138,-10999.053711,-10938.443359,60.610352
12139,-9728.723633,-9957.558594,228.834961
12140,-12966.400391,-12789.631836,176.768555
12141,-11309.856445,-11342.224609,32.368164
12142,-10919.358398,-10821.750977,97.607422
12143,-10533.301758,-10533.207031,0.094727
12144,-10567.121094,-10533.148438,33.972656
12145,-11601.821289,-11450.957031,150.864258
12146,-9336.156250,-9555.958008,219.801758
12147,-11659.725586,-12554.629883,894.904297
12148,-9207.884766,-9488.345703,280.460938
12149,-11010.597656,-10970.406250,40.191406
12150,-12448.714844,-12465.509766,16.794922
12151,-11471.030273,-11544.213867,73.183594
12152,-10169.795898,-9867.686523,302.109375
12153,-11894.301758,-11948.788086,54.486328
12154,-10515.658203,-10498.950195,16.708008
12155,-9518.878906,-9589.203125,70.324219
12156,-12571.502930,-12538.320312,33.182617
12157,-10349.628906,-10361.820312,12.191406
12158,-9636.251953,-9924.271484,288.019531
12159,-11888.669922,-11947.903320,59.233398
12160,-11497.145508,-11511.740234,14.594727
12161,-8882.205078,-8519.652344,362.552734
12162,-10516.731445,-10499.029297,17.702148
12163,-8744.187500,-8831.593750,87.406250
12164,-10993.298828,-10903.615234,89.683594
12165,-11650.836914,-11845.018555,194.181641
12166,-11644.762695,-11512.378906,132.383789
12167,-10997.853516,-10937.553711,60.299805
12168,-12473.505859,-12487.874023,14.368164
12169,-11581.024414,-11512.185547,68.838867
12170,-11009.244141,-10969.005859,40.238281
12171,-10651.102539,-10565.979492,85.123047
12172,-12384.952148,-12418.731445,33.779297
12173,-10667.437500,-10565.971680,101.465820
12174,-11497.004883,-11451.702148,45.302734
12175,-12451.563477,-12522.518555,70.955078
12176,-10963.585938,-10969.009766,5.423828
12177,-10839.259766,-10880.896484,41.636719
12178,-8495.698242,-8427.137695,68.560547
12179,-10554.438477,-10501.418945,53.019531
12180,-12418.917969,-12351.647461,67.270508
12181,-10840.869141,-10443.676758,397.192383
12182,-9636.295898,-9562.537109,73.758789
12183,-9915.463867,-9869.110352,46.353516
12184,-11691.659180,-11979.871094,288.211914
12185,-10957.118164,-10905.679688,51.438477
12186,-11506.693359,-11543.580078,36.886719
12187,-10953.200195,-10970.602539,17.402344
12188,-10652.809570,-10566.403320,86.406250
12189,-9607.804688,-9925.245117,317.440430
12190,-10968.544922,-10907.139648,61.405273
12191,-11925.879883,-11947.797852,21.917969
12192,-11413.554688,-11542.853516,129.298828
12193,-10018.808594,-10365.331055,346.522461
12194,-10330.552734,-10306.576172,23.976562
12195,-9643.950195,-9326.989258,316.960938
12196,-12374.743164,-12385.807617,11.064453
12197,-10106.637695,-8224.344727,1882.292969
12198,-11610.415039,-11210.719727,399.695312
12199,-10640.879883,-10775.470703,134.590820
12200,-10948.078125,-10905.796875,42.281250
12201,-9480.109375,-8855.535156,624.574219
12202,-11489.163086,-11476.340820,12.822266
12203,-10620.607422,-10566.517578,54.089844
12204,-11461.161133,-11283.379883,177.781250
12205,-9817.800781,-9866.964844,49.164062
12206,-9053.752930,-8831.786133,221.966797
12207,-11544.750000,-11511.826172,32.923828
12208,-8759.517578,-9621.593750,862.076172
12209,-12383.066406,-12489.107422,106.041016
12210,-11032.795898,-10970.968750,61.827148
12211,-10986.657227,-10971.160156,15.497070
12212,-11898.590820,-11946.928711,48.337891
12213,-11033.668945,-11001.728516,31.940430
12214,-10631.469727,-10565.314453,66.155273
12215,-9432.621094,-9555.926758,123.305664
12216,-9371.138672,-9520.900391,149.761719
12217,-12137.060547,-12488.267578,351.207031
12218,-11447.590820,-11376.414062,71.176758
12219,-10707.980469,-10832.748047,124.767578
12220,-9361.544922,-9522.792969,161.248047
12221,-11375.003906,-11375.898438,0.894531
12222,-10951.169922,-10938.284180,12.885742
12223,-10126.889648,-9842.831055,284.058594
12224,-12951.439453,-12958.631836,7.192383
12225,-12080.746094,-11948.494141,132.251953
12226,-11746.251953,-11845.505859,99.253906
12227,-9003.429688,-6726.686523,2276.743164
12228,-11488.050781,-11509.458984,21.408203
12229,-12934.842773,-12790.232422,144.610352
12230,-11668.285156,-11484.568359,183.716797
12231,-13586.580078,-13468.075195,118.504883
12232,-10997.968750,-10937.352539,60.616211
12233,-10630.126953,-10532.299805,97.827148
12234,-12315.393555,-12487.328125,171.934570
12235,-12533.175781,-12552.922852,19.747070
12236,-12130.512695,-11948.337891,182.174805
12237,-12618.491211,-12686.173828,67.682617
12238,-12014.126953,-11979.493164,34.633789
12239,-12899.017578,-12788.109375,110.908203
12240,-9170.501953,-8484.529297,685.972656
12241,-12774.644531,-12925.813477,151.168945
12242,-10971.695312,-10906.330078,65.365234
12243,-12090.973633,-12142.253906,51.280273
12244,-11385.684570,-11375.086914,10.597656
12245,-12627.166992,-12350.865234,276.301758
12246,-12456.643555,-12353.662109,102.981445
12247,-13489.640625,-13467.598633,22.041992
12248,-12387.120117,-12384.998047,2.122070
12249,-11521.007812,-11509.355469,11.652344
12250,-12469.320312,-12488.821289,19.500977
12251,-11567.875977,-11541.908203,25.967773
12252,-7614.356445,-7796.536133,182.179688
12253,-9965.642578,-9934.059570,31.583008
12254,-11944.048828,-11916.478516,27.570312
12255,-12020.542969,-11948.502930,72.040039
12256,-12223.383789,-12385.011719,161.627930
12257,-10610.756836,-10767.436523,156.679688
12258,-11440.857422,-11445.287109,4.429688
12259,-11430.833984,-11444.647461,13.813477
12260,-10933.571289,-10904.783203,28.788086
12261,-12440.399414,-12401.580078,38.819336
12262,-11485.523438,-11452.029297,33.494141
12263,-10589.072266,-10501.178711,87.893555
12264,-11480.339844,-11510.474609,30.134766
12265,-10548.134766,-10499.534180,48.600586
12266,-12813.237305,-12927.075195,113.837891
12267,-11554.566406,-10671.709961,882.856445
12268,-11413.430664,-11374.250977,39.179688
12269,-11029.150391,-10969.775391,59.375000
12270,-11015.929688,-10936.307617,79.622070
12271,-11213.677734,-11283.548828,69.871094
12272,-11274.763672,-11342.685547,67.921875
12273,-10698.098633,-10598.592773,99.505859
12274,-9664.317383,-8887.724609,776.592773
12275,-10888.245117,-10911.947266,23.702148
12276,-10985.255859,-10938.453125,46.802734
12277,-11594.125977,-11512.050781,82.075195
12278,-10536.747070,-10464.731445,72.015625
12279,-11940.754883,-11948.040039,7.285156
12280,-11627.852539,-11545.197266,82.655273
12281,-11628.715820,-11575.915039,52.800781
12282,-12402.049805,-12490.449219,88.399414
12283,-12312.513672,-12418.568359,106.054688
12284,-12444.089844,-12353.957031,90.132812
12285,-9410.403320,-9487.285156,76.881836
12286,-9463.359375,-9555.757812,92.398438
12287,-11791.892578,-11810.682617,18.790039
12288,-12820.175781,-12892.878906,72.703125
12289,-11627.503906,-11576.670898,50.833008
12290,-10585.631836,-10534.090820,51.541016
12291,-10985.650391,-10938.218750,47.431641
12292,-11435.559570,-11476.446289,40.886719
12293,-12351.369141,-12489.096680,137.727539
12294,-10621.890625,-10566.285156,55.605469
12295,-10552.935547,-10498.952148,53.983398
12296,-11415.186523,-11510.447266,95.260742
12297,-12025.595703,-11857.721680,167.874023
12298,-10876.643555,-10638.911133,237.732422
12299,-10528.434570,-10440.970703,87.463867
12300,-10560.576172,-10466.426758,94.149414
12301,-6271.745605,-7659.477051,1387.731445
12302,-12849.251953,-12821.803711,27.448242
12303,-9565.541992,-9295.132812,270.409180
12304,-10519.297852,-10800.167969,280.870117
12305,-10896.923828,-10876.482422,20.441406
12306,-12330.604492,-12214.909180,115.695312
12307,-11538.499023,-11511.856445,26.642578
12308,-11428.593750,-11371.657227,56.936523
12309,-10879.263672,-10935.672852,56.409180
12310,-11622.408203,-11350.060547,272.347656
12311,-10956.840820,-10935.648438,21.192383
12312,-12488.752930,-12353.635742,135.117188
12313,-10556.053711,-10832.868164,276.814453
12314,-12765.399414,-12991.909180,226.509766
12315,-11507.911133,-11477.710938,30.200195
12316,-10503.182617,-10499.632812,3.549805
12317,-10670.340820,-10833.434570,163.093750
12318,-9609.012695,-9530.136719,78.875977
12319,-10960.030273,-10936.075195,23.955078
12320,-12291.140625,-12350.774414,59.633789
12321,-12106.570312,-12247.668945,141.098633
12322,-12839.973633,-12697.243164,142.730469
12323,-12085.018555,-12013.096680,71.921875
12324,-9162.341797,-8486.542969,675.798828
12325,-10184.080078,-10429.233398,245.153320
12326,-11835.996094,-11948.964844,112.968750
12327,-10267.888672,-10303.595703,35.707031
12328,-11417.867188,-11343.536133,74.331055
12329,-11809.503906,-11877.977539,68.473633
12330,-12323.958984,-12384.972656,61.013672
12331,-10434.238281,-10475.108398,40.870117
12332,-10731.466797,-10802.212891,70.746094
12333,-10940.596680,-10969.312500,28.715820
12334,-8839.867188,-7382.909668,1456.957520
12335,-11492.235352,-11507.931641,15.696289
12336,-12013.609375,-11948.967773,64.641602
12337,-12400.832031,-12487.824219,86.992188
12338,-11538.695312,-11477.658203,61.037109
12339,-11218.692383,-11270.548828,51.856445
12340,-11452.438477,-11407.225586,45.212891
12341,-8556.734375,-8426.655273,130.079102
12342,-10733.391602,-10598.983398,134.408203
12343,-12032.205078,-11947.862305,84.342773
12344,-10588.537109,-10598.463867,9.926758
12345,-11344.984375,-11374.971680,29.987305
12346,-10910.713867,-10934.703125,23.989258
12347,-12857.554688,-12894.855469,37.300781
12348,-10530.790039,-10532.817383,2.027344
12349,-11508.186523,-11511.251953,3.065430
12350,-10962.269531,-11002.527344,40.257812
12351,-10457.227539,-10337.485352,119.742188
12352,-12949.471680,-12959.718750,10.247070
12353,-11741.183594,-11811.780273,70.596680
12354,-10976.469727,-11205.866211,229.396484
12355,-12050.892578,-11979.900391,70.992188
12356,-10537.194336,-10833.939453,296.745117
12357,-11432.747070,-11506.904297,74.157227
12358,-11645.444336,-11543.623047,101.821289
12359,-10336.333984,-10441.311523,104.977539
12360,-10467.443359,-10473.149414,5.706055
12361,-10144.383789,-10440.894531,296.510742
12362,-11871.070312,-11880.155273,9.084961
12363,-10958.580078,-10938.527344,20.052734
12364,-12797.191406,-12959.767578,162.576172
12365,-11965.259766,-11947.367188,17.892578
12366,-12578.558594,-12553.592773,24.965820
12367,-11349.969727,-11375.942383,25.972656
12368,-11011.473633,-10971.208008,40.265625
12369,-12459.117188,-12386.887695,72.229492
12370,-12479.492188,-12487.712891,8.220703
12371,-11783.419922,-11813.233398,29.813477
12372,-10358.129883,-10363.275391,5.145508
12373,-10289.555664,-10362.317383,72.761719
12374,-11516.166992,-11374.436523,141.730469
12375,-12480.977539,-12554.103516,73.125977
12376,-11503.375977,-11510.914062,7.538086
12377,-9800.611328,-9990.687500,190.076172
12378,-12392.439453,-12385.781250,6.658203
12379,-10653.318359,-10867.144531,213.826172
12380,-12491.445312,-12489.932617,1.512695
12381,-10980.614258,-10939.156250,41.458008
12382,-10583.166016,-10532.429688,50.736328
12383,-12143.141602,-11948.960938,194.180664
12384,-15632.286133,-15493.582031,138.704102
12385,-10581.845703,-10531.791016,50.054688
12386,-10575.450195,-10532.267578,43.182617
12387,-10558.181641,-10500.027344,58.154297
12388,-10533.946289,-10531.606445,2.339844
12389,-11279.507812,-11343.482422,63.974609
12390,-12477.236328,-12488.796875,11.560547
12391,-10589.881836,-10564.516602,25.365234
12392,-12492.551758,-12553.500977,60.949219
12393,-11330.534180,-11373.356445,42.822266
12394,-11956.068359,-11948.206055,7.862305
12395,-10036.015625,-10298.045898,262.030273
12396,-12183.382812,-11914.936523,268.446289
12397,-9358.463867,-9555.211914,196.748047
12398,-8696.291016,-7852.758301,843.532715
12399,-10490.764648,-10566.458984,75.694336
12400,-10957.315430,-10967.410156,10.094727
12401,-10926.581055,-10934.353516,7.772461
12402,-10984.212891,-10937.431641,46.781250
12403,-10147.601562,-10395.473633,247.872070
12404,-10931.227539,-10968.731445,37.503906
12405,-9995.986328,-10396.269531,400.283203
12406,-12411.546875,-12351.821289,59.725586
12407,-11381.776367,-11374.628906,7.147461
12408,-9030.359375,-9554.616211,524.256836
12409,-10583.500000,-10474.910156,108.589844
12410,-10931.195312,-10933.088867,1.893555
12411,-12359.830078,-12352.416992,7.413086
12412,-10963.081055,-10904.797852,58.283203
12413,-10981.253906,-10937.010742,44.243164
12414,-9629.857422,-9463.112305,166.745117
12415,-10654.435547,-10464.328125,190.107422
12416,-12211.110352,-12555.421875,344.311523
12417,-10576.316406,-10531.822266,44.494141
12418,-11450.982422,-11477.810547,26.828125
12419,-9040.049805,-8892.064453,147.985352
12420,-11441.620117,-11476.378906,34.758789
12421,-10316.286133,-10302.645508,13.640625
12422,-9616.309570,-9463.025391,153.284180
12423,-10507.484375,-10498.764648,8.719727
12424,-10993.405273,-11002.570312,9.165039
12425,-12850.839844,-12789.476562,61.363281
12426,-11918.878906,-11947.522461,28.643555
12427,-9351.375977,-9522.598633,171.222656
12428,-10952.122070,-10969.326172,17.204102
12429,-11010.083984,-10971.406250,38.677734
12430,-11475.944336,-11373.421875,102.522461
12431,-11400.276367,-11408.570312,8.293945
12432,-13610.102539,-13547.093750,63.008789
12433,-11508.164062,-11511.049805,2.885742
12434,-10932.475586,-10970.468750,37.993164
12435,-11283.819336,-11375.171875,91.352539
12436,-12510.070312,-12490.399414,19.670898
12437,-11891.205078,-11915.454102,24.249023
12438,-13221.012695,-12957.228516,263.784180
12439,-9499.000000,-9430.093750,68.906250
12440,-11866.026367,-11914.632812,48.606445
12441,-11910.662109,-11981.793945,71.131836
12442,-11568.229492,-11543.256836,24.972656
12443,-9990.635742,-10023.947266,33.311523
12444,-10310.927734,-10474.625977,163.698242
12445,-12576.844727,-12553.352539,23.492188
12446,-12309.343750,-12321.809570,12.465820
12447,-11485.844727,-11501.708008,15.863281
12448,-10953.906250,-11002.413086,48.506836
12449,-10493.417969,-10507.179688,13.761719
12450,-11058.865234,-10911.967773,146.897461
12451,-11865.196289,-11948.794922,83.598633
12452,-11990.256836,-11947.969727,42.287109
12453,-9510.024414,-9926.422852,416.398438
12454,-10181.020508,-10801.679688,620.659180
12455,-11460.715820,-11443.900391,16.815430
12456,-11843.206055,-11916.315430,73.109375
12457,-11489.722656,-11407.635742,82.086914
12458,-10175.249023,-10395.275391,220.026367
12459,-11349.036133,-11374.417969,25.381836
12460,-12424.196289,-12454.621094,30.424805
12461,-12511.606445,-12384.245117,127.361328
12462,-11543.263672,-11510.370117,32.893555
12463,-12349.021484,-12353.867188,4.845703
12464,-11939.855469,-11948.108398,8.252930
12465,-10213.912109,-10305.565430,91.653320
12466,-11357.821289,-11407.496094,49.674805
12467,-11811.848633,-11812.854492,1.005859
12468,-11098.227539,-10939.647461,158.580078
12469,-10969.162109,-11003.531250,34.369141
12470,-11977.500977,-11948.515625,28.985352
12471,-11373.019531,-11479.091797,106.072266
12472,-11021.221680,-10937.833984,83.387695
12473,-11957.812500,-11914.772461,43.040039
12474,-10968.194336,-10970.595703,2.401367
12475,-8824.626953,-8493.396484,331.230469
12476,-9217.443359,-9523.562500,306.119141
12477,-10573.143555,-10800.915039,227.771484
12478,-9200.076172,-8419.189453,780.886719
12479,-11218.672852,-10440.637695,778.035156
12480,-12394.775391,-12488.458984,93.683594
12481,-12896.593750,-12926.360352,29.766602
12482,-11009.229492,-11034.903320,25.673828
12483,-9364.449219,-9341.574219,22.875000
12484,-12914.727539,-12789.833984,124.893555
12485,-10450.093750,-10270.809570,179.284180
12486,-10580.457031,-10500.395508,80.061523
12487,-10502.529297,-10598.387695,95.858398
12488,-11988.045898,-11947.937500,40.108398
12489,-11932.425781,-12014.369141,81.943359
12490,-10936.436523,-10901.960938,34.475586
12491,-12871.063477,-12958.717773,87.654297
12492,-12852.600586,-12925.736328,73.135742
12493,-12499.686523,-12520.117188,20.430664
12494,-12039.064453,-11916.593750,122.470703
12495,-9884.810547,-9900.012695,15.202148
12496,-11369.780273,-11374.791992,5.011719
12497,-9722.521484,-9894.431641,171.910156
12498,-9760.701172,-9496.255859,264.445312
12499,-12410.313477,-12385.538086,24.775391
12500,-11574.542969,-11511.901367,62.641602
12501,-11864.174805,-11916.521484,52.346680
12502,-9212.785156,-9522.009766,309.224609
12503,-11665.893555,-11511.726562,154.166992
12504,-10988.756836,-11576.265625,587.508789
12505,-11989.248047,-11947.481445,41.766602
12506,-10828.730469,-10833.066406,4.335938
12507,-10325.135742,-10426.614258,101.478516
12508,-11529.561523,-11509.285156,20.276367
12509,-10951.160156,-10937.142578,14.017578
12510,-10505.769531,-10470.156250,35.613281
12511,-12008.030273,-11914.144531,93.885742
12512,-10613.079102,-10599.164062,13.915039
12513,-11332.334961,-11340.574219,8.239258
12514,-12440.314453,-12521.971680,81.657227
12515,-9437.063477,-9464.014648,26.951172
12516,-11008.519531,-10936.075195,72.444336
12517,-10522.339844,-10440.720703,81.619141
12518,-12393.775391,-12488.222656,94.447266
12519,-11473.598633,-11674.624023,201.025391
12520,-11709.639648,-11915.987305,206.347656
12521,-11528.641602,-11476.218750,52.422852
12522,-10564.016602,-10566.010742,1.994141
12523,-10561.276367,-10501.217773,60.058594
12524,-11419.932617,-11339.150391,80.782227
12525,-10918.013672,-10968.721680,50.708008
12526,-11350.681641,-11407.046875,56.365234
12527,-11615.793945,-11542.819336,72.974609
12528,-10588.717773,-10532.772461,55.945312
12529,-11444.764648,-11180.385742,264.378906
12530,-11930.576172,-11948.872070,18.295898
12531,-11425.128906,-11341.495117,83.633789
12532,-12881.186523,-12823.544922,57.641602
12533,-10159.063477,-10866.632812,707.569336
12534,-9626.812500,-9562.621094,64.191406
12535,-10582.105469,-10499.909180,82.196289
12536,-8955.373047,-8863.546875,91.826172
12537,-10952.650391,-10933.795898,18.854492
12538,-10000.349609,-9899.166016,101.183594
12539,-11030.650391,-10969.308594,61.341797
12540,-12070.221680,-12249.253906,179.032227
12541,-11341.822266,-11374.999023,33.176758
12542,-8622.966797,-8361.823242,261.143555
12543,-12019.075195,-11981.636719,37.438477
12544,-12629.527344,-12553.167969,76.359375
12545,-11829.619141,-11915.774414,86.155273
12546,-11057.016602,-11003.811523,53.205078
12547,-13604.316406,-13765.492188,161.175781
12548,-10046.020508,-9899.351562,146.668945
12549,-11560.238281,-11544.157227,16.081055
12550,-10571.317383,-10532.548828,38.768555
12551,-12029.379883,-11946.094727,83.285156
12552,-11594.667969,-11543.978516,50.689453
12553,-10037.856445,-10362.700195,324.843750
12554,-9822.131836,-9900.305664,78.173828
12555,-11961.760742,-11948.155273,13.605469
12556,-12493.748047,-12319.646484,174.101562
12557,-10633.463867,-10565.218750,68.245117
12558,-10511.306641,-10499.853516,11.453125
12559,-11565.519531,-11543.129883,22.389648
12560,-9374.009766,-9829.613281,455.603516
12561,-10861.063477,-10866.884766,5.821289
12562,-11551.858398,-11510.065430,41.792969
12563,-11444.762695,-11477.975586,33.212891
12564,-10542.866211,-10533.441406,9.424805
12565,-11475.978516,-11341.320312,134.658203
12566,-11373.434570,-11440.092773,66.658203
12567,-9244.637695,-9521.895508,277.257812
12568,-6254.775391,-6355.107422,100.332031
12569,-11457.462891,-11375.203125,82.259766
12570,-12496.686523,-12521.398438,24.711914
12571,-11837.661133,-11780.089844,57.571289
12572,-11321.423828,-11373.123047,51.699219
12573,-10591.973633,-10770.233398,178.259766
12574,-10929.950195,-10904.189453,25.760742
12575,-12037.356445,-11979.556641,57.799805
12576,-11249.907227,-11239.189453,10.717773
12577,-9864.028320,-9924.580078,60.551758
12578,-10599.925781,-10836.136719,236.210938
12579,-11949.964844,-11948.609375,1.355469
12580,-9357.531250,-9489.573242,132.041992
12581,-11815.031250,-11811.947266,3.083984
12582,-10932.886719,-10970.554688,37.667969
12583,-10731.066406,-10802.052734,70.986328
12584,-10484.270508,-10534.007812,49.737305
12585,-10968.648438,-10967.800781,0.847656
12586,-10995.777344,-10938.289062,57.488281
12587,-11563.205078,-11544.190430,19.014648
12588,-10989.828125,-10904.676758,85.151367
12589,-12176.110352,-12246.477539,70.367188
12590,-9960.192383,-9898.403320,61.789062
12591,-10953.930664,-10968.815430,14.884766
12592,-12365.698242,-12521.866211,156.167969
12593,-11304.661133,-11283.859375,20.801758
12594,-12027.630859,-12014.482422,13.148438
12595,-11101.504883,-11234.831055,133.326172
12596,-11865.684570,-11779.787109,85.897461
12597,-9249.193359,-9521.950195,272.756836
12598,-11368.752930,-11339.755859,28.997070
12599,-12831.372070,-12956.753906,125.381836
12600,-11984.521484,-11949.198242,35.323242
12601,-10015.730469,-9965.387695,50.342773
12602,-11463.010742,-11476.025391,13.014648
12603,-11621.745117,-11577.029297,44.715820
12604,-11917.022461,-11843.122070,73.900391
12605,-11734.913086,-11511.248047,223.665039
12606,-11500.006836,-11509.602539,9.595703
12607,-9313.139648,-9555.620117,242.480469
12608,-12049.627930,-11978.836914,70.791016
12609,-9422.899414,-9461.733398,38.833984
12610,-12730.729492,-12959.935547,229.206055
12611,-11777.120117,-11041.415039,735.705078
12612,-10591.801758,-10499.047852,92.753906
12613,-11256.339844,-11405.506836,149.166992
12614,-13068.630859,-13364.164062,295.533203
12615,-10571.909180,-10464.302734,107.606445
12616,-12375.790039,-12321.402344,54.387695
12617,-10645.800781,-10441.871094,203.929688
12618,-9893.916016,-10428.684570,534.768555
12619,-10171.772461,-10396.472656,224.700195
12620,-11821.296875,-11813.163086,8.133789
12621,-10577.898438,-10499.475586,78.422852
12622,-10575.746094,-10501.367188,74.378906
12623,-12447.388672,-12487.960938,40.572266
12624,-11941.107422,-11948.104492,6.997070
12625,-9662.733398,-9530.271484,132.461914
12626,-9906.375000,-9900.424805,5.950195
12627,-10520.836914,-10441.725586,79.111328
12628,-12429.186523,-12319.612305,109.574219
12629,-10692.453125,-10870.879883,178.426758
12630,-11892.752930,-11982.090820,89.337891
12631,-10612.799805,-10532.986328,79.813477
12632,-11506.711914,-11478.751953,27.959961
12633,-9518.771484,-9496.527344,22.244141
12634,-11281.247070,-11407.490234,126.243164
12635,-11403.604492,-11374.064453,29.540039
12636,-11829.541992,-11980.765625,151.223633
12637,-10998.458008,-11004.542969,6.084961
12638,-11492.816406,-11479.126953,13.689453
12639,-12104.477539,-11947.790039,156.687500
12640,-11824.214844,-11916.263672,92.048828
12641,-11859.104492,-12013.071289,153.966797
12642,-10602.524414,-10565.500000,37.024414
12643,-11420.391602,-11511.471680,91.080078
12644,-11913.254883,-11813.346680,99.908203
12645,-11949.774414,-11980.699219,30.924805
12646,-11507.958008,-11739.523438,231.565430
12647,-11339.871094,-11375.391602,35.520508
12648,-11384.105469,-11510.246094,126.140625
12649,-12904.732422,-12788.123047,116.609375
12650,-12315.092773,-12279.908203,35.184570
12651,-11464.720703,-11476.718750,11.998047
12652,-10603.409180,-10565.458984,37.950195
12653,-9548.064453,-9269.337891,278.726562
12654,-13770.486328,-13468.152344,302.333984
12655,-11058.104492,-10970.143555,87.960938
12656,-10243.411133,-10362.235352,118.824219
12657,-10573.016602,-10501.647461,71.369141
12658,-12019.665039,-11980.708984,38.956055
12659,-10167.430664,-10329.351562,161.920898
12660,-12816.337891,-12959.517578,143.179688
12661,-10553.136719,-10143.499023,409.637695
12662,-10548.208008,-10532.112305,16.095703
12663,-9531.150391,-9554.590820,23.440430
12664,-10988.639648,-10935.409180,53.230469
12665,-12380.656250,-12249.369141,131.287109
12666,-12406.475586,-12384.323242,22.152344
12667,-12309.081055,-12321.892578,12.811523
12668,-11451.579102,-11444.824219,6.754883
12669,-9206.221680,-9555.213867,348.992188
12670,-9393.826172,-9523.236328,129.410156
12671,-10524.741211,-10533.560547,8.819336
12672,-9437.830078,-9371.129883,66.700195
12673,-12411.771484,-12455.167969,43.396484
12674,-11678.578125,-11576.645508,101.932617
12675,-10962.169922,-10969.223633,7.053711
12676,-10503.018555,-10531.841797,28.823242
12677,-11762.166992,-11845.225586,83.058594
12678,-12006.327148,-11981.469727,24.857422
12679,-11556.300781,-11510.615234,45.685547
12680,-11555.053711,-11511.251953,43.801758
12681,-10620.525391,-10498.400391,122.125000
12682,-9349.221680,-9521.704102,172.482422
12683,-7839.487793,-6380.693848,1458.793945
12684,-11547.780273,-11511.133789,36.646484
12685,-11530.304688,-11544.431641,14.126953
12686,-12008.218750,-11947.368164,60.850586
12687,-11395.983398,-11406.686523,10.703125
12688,-12024.832031,-11948.007812,76.824219
12689,-12395.656250,-12418.224609,22.568359
12690,-10627.585938,-10501.249023,126.336914
12691,-11378.770508,-11510.480469,131.709961
12692,-11788.949219,-11778.380859,10.568359
12693,-9980.201172,-10363.706055,383.504883
12694,-11266.214844,-11210.805664,55.409180
12695,-10746.369141,-10866.003906,119.634766
12696,-10213.117188,-10338.722656,125.605469
12697,-10631.677734,-10564.735352,66.942383
12698,-10587.141602,-10532.683594,54.458008
12699,-9845.514648,-9957.275391,111.760742
12700,-10995.911133,-11001.412109,5.500977
12701,-9183.677734,-8454.168945,729.508789
12702,-11870.233398,-11914.417969,44.184570
12703,-11457.311523,-11375.385742,81.925781
12704,-13602.814453,-13499.834961,102.979492
12705,-11895.528320,-11912.114258,16.585938
12706,-11027.042969,-11271.714844,244.671875
12707,-10249.096680,-10426.263672,177.166992
12708,-11561.589844,-11543.557617,18.032227
12709,-11929.026367,-11946.951172,17.924805
12710,-9900.060547,-9932.666016,32.605469
12711,-8657.142578,-7449.546875,1207.595703
12712,-10471.011719,-10506.754883,35.743164
12713,-11490.774414,-11340.382812,150.391602
12714,-10937.337891,-10936.512695,0.825195
12715,-10963.072266,-10934.828125,28.244141
12716,-10969.504883,-10970.741211,1.236328
12717,-11454.355469,-11476.935547,22.580078
12718,-9203.500000,-8519.211914,684.288086
12719,-11392.252930,-11407.667969,15.415039
12720,-12034.882812,-11980.911133,53.971680
12721,-12422.555664,-12418.400391,4.155273
12722,-10839.617188,-11303.634766,464.017578
12723,-10614.612305,-10532.761719,81.850586
12724,-10303.462891,-9842.421875,461.041016
12725,-12080.813477,-11914.561523,166.251953
12726,-10563.708984,-10499.406250,64.302734
12727,-11510.526367,-11476.042969,34.483398
12728,-10931.842773,-10935.714844,3.872070
12729,-11379.626953,-11250.238281,129.388672
12730,-11454.789062,-11473.616211,18.827148
12731,-11879.982422,-11880.055664,0.073242
12732,-9516.670898,-9404.147461,112.523438
12733,-10297.306641,-10363.968750,66.662109
12734,-12393.505859,-12385.899414,7.606445
12735,-12063.837891,-11980.881836,82.956055
12736,-11797.808594,-11844.687500,46.878906
12737,-11388.492188,-11475.253906,86.761719
12738,-10525.179688,-10500.915039,24.264648
12739,-12731.942383,-12927.548828,195.606445
12740,-11022.486328,-11002.833008,19.653320
12741,-11050.257812,-10970.757812,79.500000
12742,-9989.125977,-9325.693359,663.432617
12743,-12371.309570,-12489.416992,118.107422
12744,-10971.192383,-10843.494141,127.698242
12745,-11586.488281,-11543.351562,43.136719
12746,-12288.755859,-12353.199219,64.443359
12747,-9295.090820,-9270.209961,24.880859
12748,-10977.681641,-10970.781250,6.900391
12749,-12834.097656,-12958.553711,124.456055
12750,-11443.055664,-11477.515625,34.459961
12751,-9431.715820,-9521.694336,89.978516
12752,-9194.349609,-9555.265625,360.916016
12753,-12823.555664,-12893.646484,70.090820
12754,-11390.031250,-11375.304688,14.726562
12755,-11286.328125,-11374.606445,88.278320
12756,-12478.739258,-12521.180664,42.441406
12757,-11956.961914,-12280.961914,324.000000
12758,-12392.287109,-12415.837891,23.550781
12759,-11707.332031,-11509.611328,197.720703
12760,-10626.397461,-10598.575195,27.822266
12761,-10589.161133,-10531.703125,57.458008
12762,-9277.906250,-9554.901367,276.995117
12763,-9569.864258,-10429.026367,859.162109
12764,-8632.064453,-8428.424805,203.639648
12765,-9212.707031,-9361.129883,148.422852
12766,-11422.874023,-11341.893555,80.980469
12767,-11248.042969,-11212.741211,35.301758
12768,-11325.750000,-11374.423828,48.673828
12769,-13157.580078,-13330.849609,173.269531
12770,-11039.684570,-10939.516602,100.167969
12771,-11914.218750,-11947.870117,33.651367
12772,-10945.534180,-10937.312500,8.221680
12773,-11811.553711,-11844.406250,32.852539
12774,-9948.411133,-9901.457031,46.954102
12775,-11555.652344,-11542.857422,12.794922
12776,-9812.834961,-9959.641602,146.806641
12777,-11431.289062,-11509.311523,78.022461
12778,-9763.104492,-9990.978516,227.874023
12779,-11572.006836,-11511.806641,60.200195
12780,-12419.178711,-12456.764648,37.585938
12781,-10428.267578,-10362.848633,65.418945
12782,-11972.844727,-12248.320312,275.475586
12783,-12318.084961,-12352.131836,34.046875
12784,-9518.302734,-9270.680664,247.622070
12785,-10677.861328,-10800.097656,122.236328
12786,-11549.942383,-11543.573242,6.369141
12787,-10936.963867,-10903.615234,33.348633
12788,-10917.228516,-10905.029297,12.199219
12789,-10553.883789,-10498.595703,55.288086
12790,-11363.913086,-11372.970703,9.057617
12791,-11540.228516,-11544.598633,4.370117
12792,-11453.976562,-11407.518555,46.458008
12793,-9662.073242,-9924.334961,262.261719
12794,-11942.858398,-11947.916992,5.058594
12795,-10550.209961,-10531.957031,18.252930
12796,-11335.582031,-11406.940430,71.358398
12797,-11969.588867,-11947.745117,21.843750
12798,-9759.959961,-9923.049805,163.089844
12799,-11935.784180,-11949.501953,13.717773
12800,-11942.469727,-11948.973633,6.503906
12801,-12830.346680,-12926.461914,96.115234
12802,-10600.935547,-10499.083008,101.852539
12803,-12756.483398,-12958.012695,201.529297
12804,-11768.653320,-11844.654297,76.000977
12805,-11420.096680,-11509.109375,89.012695
12806,-9611.235352,-9925.280273,314.044922
12807,-11362.311523,-11373.427734,11.116211
12808,-10976.770508,-10938.088867,38.681641
12809,-9799.799805,-9326.949219,472.850586
12810,-10257.440430,-9359.820312,897.620117
12811,-12869.455078,-12430.940430,438.514648
12812,-11380.618164,-11476.818359,96.200195
12813,-12761.929688,-12791.195312,29.265625
12814,-10997.958984,-11001.887695,3.928711
12815,-10939.849609,-10912.044922,27.804688
12816,-12460.503906,-12552.779297,92.275391
12817,-10964.004883,-10971.540039,7.535156
12818,-11576.286133,-11543.476562,32.809570
12819,-11312.487305,-11376.508789,64.021484
12820,-11840.831055,-11779.185547,61.645508
12821,-11874.152344,-11914.668945,40.516602
12822,-10887.239258,-10741.787109,145.452148
12823,-12044.449219,-11963.769531,80.679688
12824,-11984.614258,-11947.243164,37.371094
12825,-10787.802734,-10799.151367,11.348633
12826,-11962.838867,-11946.972656,15.866211
12827,-10922.488281,-10935.648438,13.160156
12828,-11494.748047,-11707.963867,213.215820
12829,-12843.611328,-12958.829102,115.217773
12830,-11497.414062,-11511.695312,14.281250
12831,-11991.601562,-11980.515625,11.085938
12832,-10798.120117,-11001.357422,203.237305
12833,-10425.202148,-10370.819336,54.382812
12834,-12059.393555,-11948.022461,111.371094
12835,-11948.755859,-11945.940430,2.815430
12836,-10922.588867,-10971.607422,49.018555
12837,-11411.906250,-11502.146484,90.240234
12838,-13508.353516,-13435.074219,73.279297
12839,-9538.613281,-8921.692383,616.920898
12840,-11320.451172,-11406.397461,85.946289
12841,-12411.087891,-12382.668945,28.418945
12842,-11673.723633,-11706.435547,32.711914
12843,-12030.281250,-11980.899414,49.381836
12844,-11502.685547,-11543.953125,41.267578
12845,-10542.369141,-10532.117188,10.251953
12846,-11451.926758,-11374.990234,76.936523
12847,-11906.088867,-11914.860352,8.771484
12848,-11297.968750,-11407.929688,109.960938
12849,-11778.955078,-11881.176758,102.221680
12850,-10527.963867,-10566.333008,38.369141
12851,-11912.960938,-11913.811523,0.850586
12852,-12158.760742,-12014.028320,144.732422
12853,-10230.599609,-10362.756836,132.157227
12854,-11474.500977,-11375.057617,99.443359
12855,-12023.942383,-11914.519531,109.422852
12856,-9853.688477,-9934.452148,80.763672
12857,-12033.497070,-11978.944336,54.552734
12858,-10717.838867,-10834.854492,117.015625
12859,-9872.830078,-9989.855469,117.025391
12860,-11855.870117,-11776.107422,79.762695
12861,-10202.646484,-10305.332031,102.685547
12862,-12503.790039,-12554.355469,50.565430
12863,-11833.135742,-11878.159180,45.023438
12864,-11476.099609,-11512.056641,35.957031
12865,-10621.150391,-10566.093750,55.056641
12866,-10072.388672,-9900.869141,171.519531
12867,-11485.161133,-11477.392578,7.768555
12868,-12879.576172,-12893.120117,13.543945
12869,-11002.898438,-10970.719727,32.178711
12870,-12733.419922,-12893.336914,159.916992
12871,-11473.887695,-11373.394531,100.493164
12872,-12365.734375,-12385.306641,19.572266
12873,-9323.131836,-8551.770508,771.361328
12874,-10501.356445,-10442.917969,58.438477
12875,-9239.681641,-8890.523438,349.158203
12876,-12893.515625,-12893.662109,0.146484
12877,-12230.203125,-12216.614258,13.588867
12878,-8598.471680,-9993.742188,1395.270508
12879,-8833.977539,-8829.469727,4.507812
12880,-11465.858398,-11509.494141,43.635742
12881,-12141.186523,-8338.072266,3803.114258
12882,-11491.662109,-11544.247070,52.584961
12883,-12273.577148,-12456.574219,182.997070
12884,-12492.802734,-12352.546875,140.255859
12885,-11356.861328,-11339.280273,17.581055
12886,-11480.921875,-11509.873047,28.951172
12887,-11447.883789,-11511.592773,63.708984
12888,-10001.982422,-8290.950195,1711.032227
12889,-10764.873047,-10910.680664,145.807617
12890,-12936.135742,-12791.806641,144.329102
12891,-10568.713867,-10565.020508,3.693359
12892,-10582.090820,-10532.886719,49.204102
12893,-9631.295898,-9530.097656,101.198242
12894,-10560.663086,-10499.478516,61.184570
12895,-11507.758789,-11739.423828,231.665039
12896,-11456.413086,-11509.453125,53.040039
12897,-10979.126953,-10937.045898,42.081055
12898,-11414.315430,-11476.949219,62.633789
12899,-11962.916016,-11981.427734,18.511719
12900,-10932.455078,-10970.042969,37.587891
12901,-9447.632812,-9404.787109,42.845703
12902,-10528.361328,-10565.569336,37.208008
12903,-13638.016602,-13764.790039,126.773438
12904,-10076.091797,-9901.303711,174.788086
12905,-11460.997070,-11408.356445,52.640625
12906,-12518.467773,-12520.955078,2.487305
12907,-11688.798828,-11846.155273,157.356445
12908,-10591.267578,-10531.556641,59.710938
12909,-10960.150391,-10934.802734,25.347656
12910,-13275.826172,-13466.201172,190.375000
12911,-10487.569336,-10465.161133,22.408203
12912,-14085.159180,-13905.134766,180.024414
12913,-11472.293945,-11510.343750,38.049805
12914,-11434.906250,-11317.772461,117.133789
12915,-12914.884766,-12927.575195,12.690430
12916,-10200.445312,-10336.771484,136.326172
12917,-11846.224609,-11916.141602,69.916992
12918,-10584.404297,-10500.568359,83.835938
12919,-12469.646484,-12553.484375,83.837891
12920,-11436.167969,-11509.510742,73.342773
12921,-11895.457031,-11947.312500,51.855469
12922,-11491.404297,-11343.362305,148.041992
12923,-12435.326172,-12353.505859,81.820312
12924,-10514.270508,-10498.621094,15.649414
12925,-11626.395508,-11544.221680,82.173828
12926,-11513.937500,-11477.666992,36.270508
12927,-11461.296875,-11475.576172,14.279297
12928,-12647.255859,-12686.488281,39.232422
12929,-10606.825195,-10532.394531,74.430664
12930,-11544.854492,-11543.707031,1.147461
12931,-9764.147461,-9925.411133,161.263672
12932,-11967.487305,-11946.031250,21.456055
12933,-11879.449219,-11914.553711,35.104492
12934,-11644.403320,-11511.350586,133.052734
12935,-12483.430664,-12553.949219,70.518555
12936,-10580.571289,-10533.427734,47.143555
12937,-12042.578125,-11980.922852,61.655273
12938,-12439.354492,-12457.585938,18.231445
12939,-11419.756836,-11511.246094,91.489258
12940,-11024.879883,-10969.281250,55.598633
12941,-10599.622070,-10532.953125,66.668945
12942,-11349.717773,-11342.557617,7.160156
12943,-11435.680664,-11509.919922,74.239258
12944,-13174.015625,-13331.972656,157.957031
12945,-11566.379883,-11511.567383,54.812500
12946,-12624.310547,-12521.563477,102.747070
12947,-10693.541992,-10532.961914,160.580078
12948,-10926.975586,-10970.722656,43.747070
12949,-10935.412109,-11001.666992,66.254883
12950,-10048.272461,-10397.073242,348.800781
12951,-9402.628906,-9496.921875,94.292969
12952,-10634.367188,-10531.789062,102.578125
12953,-9215.405273,-9555.197266,339.791992
12954,-10489.330078,-9764.876953,724.453125
12955,-10956.139648,-11001.354492,45.214844
12956,-12420.090820,-12454.825195,34.734375
12957,-11905.120117,-11915.854492,10.734375
12958,-10638.688477,-10877.966797,239.278320
12959,-9251.077148,-9555.291992,304.214844
12960,-10510.698242,-10463.023438,47.674805
12961,-9458.622070,-10462.195312,1003.573242
12962,-11079.222656,-10937.202148,142.020508
12963,-11421.792969,-11408.617188,13.175781
12964,-9950.503906,-10362.732422,412.228516
12965,-11798.491211,-11575.924805,222.566406
12966,-11335.069336,-11373.701172,38.631836
12967,-11645.548828,-11543.581055,101.967773
12968,-8401.931641,-8426.867188,24.935547
12969,-10984.115234,-10901.958008,82.157227
12970,-10966.679688,-11002.035156,35.355469
12971,-11029.600586,-11003.473633,26.126953
12972,-10609.263672,-10564.579102,44.684570
12973,-11071.468750,-11238.050781,166.582031
12974,-11432.356445,-11407.253906,25.102539
12975,-10926.521484,-10970.316406,43.794922
12976,-10660.820312,-10565.866211,94.954102
12977,-15668.279297,-15526.656250,141.623047
12978,-12327.166992,-12248.325195,78.841797
12979,-11431.309570,-11407.933594,23.375977
12980,-11428.825195,-11375.915039,52.910156
12981,-10938.469727,-10903.432617,35.037109
12982,-11443.305664,-11271.001953,172.303711
12983,-11011.658203,-10903.561523,108.096680
12984,-11980.448242,-11856.921875,123.526367
12985,-11491.899414,-11510.745117,18.845703
12986,-12349.640625,-12386.197266,36.556641
12987,-9326.010742,-9405.535156,79.524414
12988,-10289.249023,-10395.785156,106.536133
12989,-11007.650391,-11270.011719,262.361328
12990,-11499.271484,-11477.229492,22.041992
12991,-11022.077148,-10970.147461,51.929688
12992,-9185.460938,-9555.968750,370.507812
12993,-11393.662109,-11371.983398,21.678711
12994,-11942.719727,-11779.584961,163.134766
12995,-11934.122070,-11981.629883,47.507812
12996,-10563.707031,-10533.221680,30.485352
12997,-11867.837891,-11915.408203,47.570312
12998,-12836.768555,-12991.893555,155.125000
12999,-10917.479492,-10936.830078,19.350586
13000,-10154.208984,-9797.974609,356.234375
13001,-11837.760742,-11882.709961,44.949219
13002,-12539.355469,-12418.663086,120.692383
13003,-11545.230469,-11509.679688,35.550781
13004,-10711.122070,-10866.798828,155.676758
13005,-9309.573242,-9522.142578,212.569336
13006,-11881.913086,-11913.803711,31.890625
13007,-12413.389648,-12455.790039,42.400391
13008,-11404.479492,-11440.613281,36.133789
13009,-12036.487305,-11980.713867,55.773438
13010,-9794.238281,-9958.972656,164.734375
13011,-9371.611328,-9487.815430,116.204102
13012,-12074.292969,-11947.927734,126.365234
13013,-11460.011719,-11476.716797,16.705078
13014,-12425.984375,-12387.143555,38.840820
13015,-12339.918945,-12352.968750,13.049805
13016,-11952.340820,-11947.363281,4.977539
13017,-10018.400391,-9960.156250,58.244141
13018,-10609.826172,-10532.912109,76.914062
13019,-10551.812500,-10565.178711,13.366211
13020,-12165.025391,-11948.949219,216.076172
13021,-12345.660156,-12353.820312,8.160156
13022,-10116.851562,-9293.516602,823.334961
13023,-11000.842773,-10903.961914,96.880859
13024,-9895.925781,-9959.723633,63.797852
13025,-9084.902344,-8453.228516,631.673828
13026,-12809.843750,-12790.113281,19.730469
13027,-12582.756836,-12553.445312,29.311523
13028,-12099.045898,-12030.115234,68.930664
13029,-11332.322266,-11443.735352,111.413086
13030,-11400.087891,-11375.909180,24.178711
13031,-12379.930664,-12422.302734,42.372070
13032,-10940.804688,-11001.527344,60.722656
13033,-10828.880859,-10631.492188,197.388672
13034,-11426.785156,-11510.451172,83.666016
13035,-9493.677734,-9497.161133,3.483398
13036,-11623.001953,-11486.001953,137.000000
13037,-10634.440430,-10497.578125,136.862305
13038,-9194.252930,-9521.825195,327.572266
13039,-11525.456055,-11543.316406,17.860352
13040,-11043.874023,-10969.259766,74.614258
13041,-9279.054688,-8486.760742,792.293945
13042,-11987.557617,-11981.430664,6.126953
13043,-9251.513672,-7788.002930,1463.510742
13044,-12472.047852,-12353.041992,119.005859
13045,-12908.382812,-12925.911133,17.528320
13046,-12846.173828,-12926.256836,80.083008
13047,-11377.882812,-11510.825195,132.942383
13048,-12451.439453,-12521.956055,70.516602
13049,-10622.062500,-10742.497070,120.434570
13050,-11905.381836,-11913.061523,7.679688
13051,-10563.310547,-10566.557617,3.247070
13052,-10088.378906,-9867.574219,220.804688
13053,-12411.070312,-11752.667969,658.402344
13054,-9281.009766,-9555.755859,274.746094
13055,-10616.161133,-10532.430664,83.730469
13056,-12355.253906,-12489.758789,134.504883
13057,-10876.809570,-10902.074219,25.264648
13058,-10977.905273,-10903.460938,74.444336
13059,-12803.476562,-12923.382812,119.906250
13060,-11410.317383,-11544.735352,134.417969
13061,-11431.043945,-11407.684570,23.359375
13062,-11364.107422,-11341.897461,22.209961
13063,-10543.596680,-10500.583984,43.012695
13064,-9638.056641,-9957.478516,319.421875
13065,-9674.457031,-9891.528320,217.071289
13066,-10562.433594,-10599.372070,36.938477
13067,-9902.335938,-9705.817383,196.518555
13068,-11450.897461,-11478.538086,27.640625
13069,-10620.914062,-10598.532227,22.381836
13070,-11499.622070,-11510.123047,10.500977
13071,-12808.698242,-10351.247070,2457.451172
13072,-9587.511719,-9462.720703,124.791016
13073,-11972.722656,-11917.122070,55.600586
13074,-11309.108398,-11373.504883,64.396484
13075,-13214.410156,-8774.152344,4440.257812
13076,-11922.141602,-12012.493164,90.351562
13077,-12451.538086,-12489.473633,37.935547
13078,-11014.546875,-10903.744141,110.802734
13079,-10556.685547,-10500.243164,56.442383
13080,-11450.656250,-10879.722656,570.933594
13081,-12306.734375,-12384.467773,77.733398
13082,-12977.063477,-13007.571289,30.507812
13083,-11424.490234,-11476.497070,52.006836
